loc,lastmodified,added_date
https://glod-studios.itch.io/the-adventures-of-five-nights-in-anime-a-new-beginning-season-1/devlog/517293/five-nights-in-anime-a-new-beginning-update-007,,2026-09-28
https://glod-studios.itch.io/the-adventures-of-five-nights-in-anime-a-new-beginning-season-1/devlog/536049/five-nights-in-anime-a-new-beginning-update-008,,2026-09-28
https://glod-studios.itch.io/the-adventures-of-five-nights-in-anime-a-new-beginning-season-1/devlog/536492/android-version-is-out,,2026-09-28
https://glod-studios.itch.io/the-adventures-of-five-nights-in-anime-a-new-beginning-season-1/devlog/539484/new-itchio-game-page-redesign,,2026-09-28
https://glod-studios.itch.io/the-adventures-of-five-nights-in-anime-a-new-beginning-season-1/devlog/545546/the-novel-name-change,,2026-09-28
https://glod-studios.itch.io/the-adventures-of-five-nights-in-anime-a-new-beginning-season-1/devlog/549730/my-discord-is-upgrading,,2026-09-28
https://glod-studios.itch.io/the-adventures-of-five-nights-in-anime-a-new-beginning-season-1/devlog/550733/version-009-is-out-now-android-is-delayed,,2026-09-28
https://glod-studios.itch.io/the-adventures-of-five-nights-in-anime-a-new-beginning-season-1/devlog/551419/android-version-009-out-now,,2026-09-28
https://sodaraptor.itch.io/hypnagogia2-boundless-dreams/devlog/553247/official-hypnagogia-boundless-dreams-ost-out-now-on-spotify,,2026-09-28
https://glod-studios.itch.io/the-adventures-of-five-nights-in-anime-a-new-beginning-season-1/devlog/559615/im-starting-a-progress-log,,2026-09-28
https://glod-studios.itch.io/the-adventures-of-five-nights-in-anime-a-new-beginning-season-1/devlog/560072/progress-log-1-many-changes-are-coming-in-the-future,,2026-09-28
https://glod-studios.itch.io/the-adventures-of-five-nights-in-anime-a-new-beginning-season-1/devlog/560164/progress-log-2-the-extra-menu-is-coming,,2026-09-28
https://glod-studios.itch.io/the-adventures-of-five-nights-in-anime-a-new-beginning-season-1/devlog/560443/progress-log-3-elizabeth-afton-is-coming,,2026-09-28
https://glod-studios.itch.io/the-adventures-of-five-nights-in-anime-a-new-beginning-season-1/devlog/564780/five-nights-in-anime-a-new-beginning-update-010,,2026-09-28
https://glod-studios.itch.io/the-adventures-of-five-nights-in-anime-a-new-beginning-season-1/devlog/565222/error-found-,,2026-09-28
https://glod-studios.itch.io/the-adventures-of-five-nights-in-anime-a-new-beginning-season-1/devlog/573142/progress-log-4-extras-menu-remastered,,2026-09-28
https://glod-studios.itch.io/the-adventures-of-five-nights-in-anime-a-new-beginning-season-1/devlog/574959/the-adventures-of-five-nights-in-anime-a-new-beginning-020-released,,2026-09-28
https://glod-studios.itch.io/the-adventures-of-five-nights-in-anime-a-new-beginning-season-1/devlog/579080/100k-views,,2026-09-28
https://expert-boy-of-soy.itch.io/cooped-up/devlog/581086/initial-build,,2026-09-28
https://expert-boy-of-soy.itch.io/cooped-up/devlog/581602/save-update,,2026-09-28
https://expert-boy-of-soy.itch.io/cooped-up/devlog/582058/polished-physical-prototype,,2026-09-28
https://expert-boy-of-soy.itch.io/cooped-up/devlog/583056/final-prototype,,2026-09-28
https://glod-studios.itch.io/the-adventures-of-five-nights-in-anime-a-new-beginning-season-1/devlog/611871/the-adventures-of-five-nights-in-anime-a-new-beginning-030-released,,2026-09-28
https://lc3ccat.itch.io/buddymankick/devlog/626503/a-lost-buddyman-kick-archive,,2026-09-28
https://glod-studios.itch.io/the-adventures-of-five-nights-in-anime-a-new-beginning-season-1/devlog/633128/the-adventures-of-five-nights-in-anime-a-new-beginning-031-released,,2026-09-28
https://ishanroyc.itch.io/john-brown-rpg/devlog/668552/v005,,2026-09-28
https://glod-studios.itch.io/the-adventures-of-five-nights-in-anime-a-new-beginning-season-1/devlog/671671/female-voice-actors-wanted,,2026-09-28
https://glod-studios.itch.io/the-adventures-of-five-nights-in-anime-a-new-beginning-season-1/devlog/672080/the-adventures-of-fnia-update-032,,2026-09-28
https://ishanroyc.itch.io/john-brown-rpg/devlog/672258/v006,,2026-09-28
https://ishanroyc.itch.io/john-brown-rpg/devlog/675757/v007,,2026-09-28
https://ishanroyc.itch.io/john-brown-rpg/devlog/680156/v008,,2026-09-28
https://ishanroyc.itch.io/john-brown-rpg/devlog/696645/v009,,2026-09-28
https://glod-studios.itch.io/the-adventures-of-five-nights-in-anime-a-new-beginning-season-1/devlog/704610/the-adventures-of-five-nights-in-anime-season-1-a-new-beginning-update-033,,2026-09-28
https://brunitolimpus.itch.io/infernulia/devlog/708078/old-a-new-dimension-,,2026-09-28
https://furiousdrop425.itch.io/dreadcorners/devlog/712914/dreadcorners,,2026-09-28
https://brunitolimpus.itch.io/infernulia/devlog/716175/old-new-teaser,,2026-09-28
https://greatearlofhell.itch.io/catalog/devlog/719396/2024-catalog-has-landed,,2026-09-28
https://derruhige.itch.io/acarderacing/devlog/719764/update-version-03,,2026-09-28
https://peppersqueak.itch.io/neutralize/devlog/719891/version-11-is-out,,2026-09-28
https://brunitolimpus.itch.io/infernulia/devlog/732677/old-i-forgot-to-publish-this-teaser-sorry-haha-n-n,,2026-09-28
https://brunitolimpus.itch.io/infernulia/devlog/732679/old-a-gift-for-the-21-downloads-on-gamejolt-,,2026-09-28
https://brunitolimpus.itch.io/infernulia/devlog/733091/infernulia-v13-full-album-deluxe-now-available,,2026-09-28
https://brunitolimpus.itch.io/infernulia/devlog/735289/post,,2026-09-28
https://brunitolimpus.itch.io/infernulia/devlog/736046/infernulia-v20-devlog-1,,2026-09-28
https://brunitolimpus.itch.io/infernulia/devlog/739413/infernulia-v20-devlog-2,,2026-09-28
https://brunitolimpus.itch.io/infernulia/devlog/744909/haunted-clay-world-v20-devlog-3,,2026-09-28
https://brunitolimpus.itch.io/infernulia/devlog/746637/infernulia-v20-devlog-4,,2026-09-28
https://brunitolimpus.itch.io/infernulia/devlog/753049/old-infernulia-v14-android-and-pc-release,,2026-09-28
https://brunitolimpus.itch.io/infernulia/devlog/759885/old-infernulia-v14-minimal-changes-and-final-fixes,,2026-09-28
https://brunitolimpus.itch.io/infernulia/devlog/760621/infernulia-v20-devlog-5,,2026-09-28
https://f0rg3t-m3-n0t.itch.io/pastgame/devlog/781005/first-looks-at-past,,2026-09-28
https://brunitolimpus.itch.io/infernulia/devlog/803185/infernulia-current-status-22-sep-2024,,2026-09-28
https://brunitolimpus.itch.io/infernulia/devlog/805176/infer-news-25-september-2024-,,2026-09-28
https://platoban.itch.io/platobanlegacy/devlog/811099/011-update,,2026-09-28
https://brunitolimpus.itch.io/infernulia/devlog/813140/old-infernulia-classic-full-album-deluxe-now-available-wooo,,2026-09-28
https://lc3ccat.itch.io/buddyman-kickfree/devlog/814801/buddyman-is-lost-media,,2026-09-28
https://brunitolimpus.itch.io/infernulia/devlog/829199/infernulia-devlog-5-,,2026-09-28
https://peppersqueak.itch.io/dimension-hop/devlog/836765/version-115-is-out,,2026-09-28
https://glod-studios.itch.io/the-adventures-of-five-nights-in-anime-a-new-beginning-season-1/devlog/837474/the-adventures-of-five-nights-in-anime-season-1-a-new-beginning-040-released,,2026-09-28
https://peppersqueak.itch.io/dimension-hop/devlog/838470/version-12-release,,2026-09-28
https://sodaraptor.itch.io/hypnagogia1/devlog/839961/happy-4th-anniversary-to-hypnagogia,,2026-09-28
https://derruhige.itch.io/acarderacing/devlog/840262/patch-v031,,2026-09-28
https://glod-studios.itch.io/flappy-nights-in-anime/devlog/857258/new-game-flappy-nights-in-anime,,2026-09-28
https://brunitolimpus.itch.io/infernulia/devlog/858899/anuncio-importante-es,,2026-09-28
https://brunitolimpus.itch.io/infernulia/devlog/858901/important-announcement-en,,2026-09-28
https://brunitolimpus.itch.io/infernulia/devlog/859788/bienvenidoswelcome-,,2026-09-28
https://brunitolimpus.itch.io/infernulia/devlog/859815/post-final-para-esta-pgina-infer-classic,,2026-09-28
https://brunitolimpus.itch.io/infernulia/devlog/859816/final-post-for-this-page-infer-classic,,2026-09-28
https://brunitolimpus.itch.io/infernulia/devlog/859886/walkthrough-for-infernulia-try2,,2026-09-28
https://brunitolimpus.itch.io/infernulia/devlog/861531/es-nuevo-lbum-y-muchas-cositas-,,2026-09-28
https://brunitolimpus.itch.io/infernulia/devlog/861543/en-new-album-and-lots-of-stuff-,,2026-09-28
https://sarlow.itch.io/wallshmallow/devlog/861884/achievements-update,,2026-09-28
https://brunitolimpus.itch.io/infernulia/devlog/862744/empezandostarting-on-gdscript,,2026-09-28
https://glod-studios.itch.io/the-adventures-of-five-nights-in-anime-a-new-beginning-season-1/devlog/871298/discord-reminder,,2026-09-28
https://brunitolimpus.itch.io/infernulia/devlog/888513/a-little-appearance-hehe-,,2026-09-28
https://glod-studios.itch.io/the-adventures-of-five-nights-in-anime-a-new-beginning-season-1/devlog/893164/the-adventures-of-five-nights-in-anime-season-1-a-new-beginning-041-update-released,,2026-09-28
https://brunitolimpus.itch.io/infernulia/devlog/905157/ou-yeah-beggining-of-infernulia-1st-anniversary-,,2026-09-28
https://brunitolimpus.itch.io/infernulia/devlog/922915/concluding-post-for-infernulia-1st-anniversary-,,2026-09-28
https://cdh-games.itch.io/budget-guardian-health-realm/devlog/969208/nearly-there,,2026-09-28
https://expert-boy-of-soy.itch.io/areyoubugginkiddingme/devlog/973288/post-jam-plans,,2026-09-28
https://glod-studios.itch.io/the-adventures-of-five-nights-in-anime-a-new-beginning-season-1/devlog/980649/link-issue-with-discord,,2026-09-28
https://greatearlofhell.itch.io/catalog/devlog/988535/2025-catalog-is-here,,2026-09-28
https://brunitolimpus.itch.io/infernulia/devlog/1029673/infernulia-classic-price-reduced-to-3-usd-,,2026-09-28
https://brunitolimpus.itch.io/infernulia/devlog/1039611/back-to-work-,,2026-09-28
https://brunitolimpus.itch.io/infernulia/devlog/1040127/infernulia-devlog-v-fremake-11,,2026-09-28
https://glod-studios.itch.io/five-nights-in-anime-rebuilt/devlog/1067437/five-nights-in-anime-rebuilt-demo-is-finally-released,,2026-09-28
https://brunitolimpus.itch.io/infernulia/devlog/1069883/infernulia-devlog-v-fremake-12,,2026-09-28
https://brunitolimpus.itch.io/infernulia/devlog/1083427/infernulia-devlog-v-fremake-13,,2026-09-28
https://brunitolimpus.itch.io/infernulia/devlog/1093652/new-ost-and-quick-news,,2026-09-28
https://pcsg-wonko.itch.io/buscot-park/devlog/1094764/rivers-roads,,2026-09-28
https://bentcube.itch.io/empty-gauge/devlog/1097382/demo-release-empty-gauge-the-night-with-no-way-out-begins,,2026-09-28
https://brunitolimpus.itch.io/infernulia/devlog/1097725/infernulia-devlog-v-fremake-20,,2026-09-28
https://murzik-chernyshowdobrey.itch.io/guessinggame/devlog/1114221/guessing-game-is-published,,2026-09-28
https://murzik-chernyshowdobrey.itch.io/guessinggame/devlog/1114486/bugfixes-1935,,2026-09-28
https://murzik-chernyshowdobrey.itch.io/guessinggame/devlog/1115191/guessing-game-full-19-version-195,,2026-09-28
https://bentcube.itch.io/empty-gauge/devlog/1118069/empty-gauge-demo-v022-update-notice,,2026-09-28
https://glod-studios.itch.io/flappy-nights-in-anime/devlog/1120930/flappy-nights-in-anime-demo-released,,2026-09-28
https://lc3ccat.itch.io/buddymankick/devlog/1127083/ios-version,,2026-09-28
https://bentcube.itch.io/empty-gauge/devlog/1128309/game-demo-final-update-smoother-sharper-more-immersive,,2026-09-28
https://glod-studios.itch.io/five-nights-in-anime-redux/devlog/1189284/fnia-25-demo-is-finally-released,,2026-09-28
https://brunitolimpus.itch.io/infernulia/devlog/1309780/infernulia-v-10-released,,2026-09-28
https://brunitolimpus.itch.io/infernulia/devlog/1310370/infernulia-v-111-important-bug-fixes,,2026-09-28
https://greatearlofhell.itch.io/catalog/devlog/1310435/2026-catalog-time,,2026-09-28
https://greatearlofhell.itch.io/big-zine-bundle/devlog/1312486/two-new-zines,,2026-09-28
https://abduznik.itch.io/reel-debt/devlog/1315434/new-cosmetic-redesign,,2026-09-28
https://abduznik.itch.io/reel-debt/devlog/1315755/thumbnails-and-screenshots,,2026-09-28
https://greatearlofhell.itch.io/big-zine-bundle/devlog/1340013/new-zines,,2026-09-28
https://pig-studios.itch.io/monkehs/devlog/1353136/launch-update,,2026-09-28
https://wizorge.itch.io/wender/devlog/1359533/public-release,,2026-09-28
https://wizorge.itch.io/wender/devlog/1362533/minor-post-release-update,,2026-09-28
https://greatearlofhell.itch.io/big-zine-bundle/devlog/1362917/new-zines,,2026-09-28
https://axelolin.itch.io/the-box/devlog/1375974/small-update,,2026-09-28
https://axelolin.itch.io/the-box/devlog/1376052/quick-bug-fix,,2026-09-28
https://wizorge.itch.io/wender/devlog/1382868/v03-release-qol-juice-and-made-areas-more-distinct,,2026-09-28
https://axelolin.itch.io/the-box/devlog/1383565/small-update,,2026-09-28
https://wizorge.itch.io/wender/devlog/1389326/v04-release-good-gravy-thats-a-lot-of-qol,,2026-09-28
https://bentcube.itch.io/empty-gauge/devlog/1399427/empty-gauge-demo-v040-patch-notes-full-ui-overhaul-scarier-atmosphere,,2026-09-28
https://murzik-chernyshowdobrey.itch.io/guessinggame/devlog/1416333/completion-of-development,,2026-09-28
https://wizorge.itch.io/wender/devlog/1433332/next-update-sneak-peek,,2026-09-28
https://chenooplayz.itch.io/cityofmystery/devlog/1450149/city-of-mystery,,2026-09-28
https://brunitolimpus.itch.io/infernulia/devlog/1458770/retaking-reanudacin,,2026-09-28
https://wizorge.itch.io/wender/devlog/1460613/v05-release-you-liked-the-old-monochrome-ui-too-bad,,2026-09-28
https://ula-studio.itch.io/project-pill-run/devlog/1464343/first-publication-on-itch,,2026-09-28
https://murzik-chernyshowdobrey.itch.io/guessinggame/devlog/1467039/old-powerpoint,,2026-09-28
https://fmar13.itch.io/chaos-rpg/devlog/1467069/launching-my-idleincremental-adventure-game,,2026-09-28
https://975-productions.itch.io/miracles/devlog/1469688/devlog-41-its-back-again-and-this-time-better-than-ever,,2026-09-28
https://jaxslab.itch.io/a-white-dot/devlog/1475428/menu-screen-finished,,2026-09-28
https://wizorge.itch.io/wender/devlog/1487370/big-thanks-to-everyone-who-gave-out-of-light-a-try,,2026-09-28
https://sodaraptor.itch.io/hypnagogia1/devlog/1490640/new-prequel-and-steam-page-announcement,,2026-09-28
https://brunitolimpus.itch.io/infernulia/devlog/1496302/infernulia-v-20-quick-teasers-and-misc,,2026-09-28
https://asciiforager.itch.io/tenebrarium/devlog/1498942/tenebrarium-devlog-v020,,2026-09-28
https://asciiforager.itch.io/tenebrarium/devlog/1502669/tenebrarium-devlog-v021,,2026-09-28
https://greatearlofhell.itch.io/big-zine-bundle/devlog/1506115/3-new-zines,,2026-09-28
https://brunitolimpus.itch.io/infernulia/devlog/1507003/algo-se-prepara-para-florecer-something-prepares-to-bloom,,2026-09-28
https://redahoy.itch.io/ye-vs-aldi/devlog/1508570/about-android-beta,,2026-09-28
https://asciiforager.itch.io/tenebrarium/devlog/1514977/tenebrarium-devlog-v022a,,2026-09-28
https://madpurplehatgames.itch.io/deadballs/devlog/1516183/dead-zone-devlog-1-core-gameplay-first-survival-build,,2026-09-28
https://rosari0.itch.io/16the-tower/devlog/1520496/the-start-of-16the-tower,,2026-09-28
https://asciiforager.itch.io/tenebrarium/devlog/1521649/tenebrarium-devlog-v022b,,2026-09-28
https://ageekwyd.itch.io/aristocratgirls-13a/devlog/1524242/luckbychance-v12,,2026-09-28
https://blonddev.itch.io/dead-zone-last-stand/devlog/1525036/dead-zone-last-stand-v06,,2026-09-28
https://pcsg-wonko.itch.io/buscot-park/devlog/1526233/progress-update-17052026,,2026-09-28
https://asciiforager.itch.io/tenebrarium/devlog/1528161/tenebrarium-devlog-v022c,,2026-09-28
https://wizorge.itch.io/wender/devlog/1534948/v06-release-plucking-skill-bunch-of-sound-and-visual-stuff,,2026-09-28
https://wizorge.itch.io/wender/devlog/1535765/v06-hotfix,,2026-09-28
https://warbriel.itch.io/aa-intrigas-palatinas/devlog/1537019/new-booklet-the-hero-of-the-people,,2026-09-28
https://wizorge.itch.io/wender/devlog/1538068/v06-mini-update,,2026-09-28
https://wizorge.itch.io/wender/devlog/1538553/v06-another-hotfix-unbroke-spooky-stuff,,2026-09-28
https://wizorge.itch.io/wender/devlog/1539644/v06-another-hotfix-for-a-crash,,2026-09-28
https://asciiforager.itch.io/tenebrarium/devlog/1541008/tenebrarium-devlog-v023,,2026-09-28
https://murzik-chernyshowdobrey.itch.io/guessinggame/devlog/1545255/finally-last-update,,2026-09-28
https://asciiforager.itch.io/tenebrarium/devlog/1547683/tenebrarium-devlog-v030,,2026-09-28
https://veytrix-games.itch.io/happyharvestbata/devlog/1548770/we-will-be-releasing-full-versions-soon-so-dont-hesitate-to-try-out-early-access-before-the-full-game-comes-out-and-see-what-its-like,,2026-09-28
https://veytrix-games.itch.io/happyharvestbata/devlog/1549167/planned-launch-date-2026-happy-harvest,,2026-09-28
https://veytrix-games.itch.io/happyharvestbata/devlog/1549342/level-sytom-is-coming-to-the-game-soon,,2026-09-28
https://lav3000.itch.io/null-charge/devlog/1549642/003-out-now,,2026-09-28
https://veytrix-games.itch.io/happyharvestbata/devlog/1549954/unfortunately-we-have-some-bad-news-happy-harvest-will-be-delayed,,2026-09-28
https://veytrix-games.itch.io/theoldtwondemo/devlog/1550156/are-new-game-the-old-twon-is-out-in-demo,,2026-09-28
https://veytrix-games.itch.io/theoldtwondemo/devlog/1550962/you-can-leave-a-request-for-what-you-would-like-to-see-in-the-game-before-we-release-the-full-game,,2026-09-28
https://veytrix-games.itch.io/thetown/devlog/1552946/are-game-the-town-is-out-now,,2026-09-28
https://veytrix-games.itch.io/thetown/devlog/1552991/the-first-four-people-who-follow-me-here-and-like-the-post-on-the-game-and-share-it-with-six-friends-and-make-more-people-come-in-and-watch-will-win-a-free-copy-of-the-game-the-town,,2026-09-28
https://veytrix-games.itch.io/thetown/devlog/1554721/now-are-game-is-on-100-intil-end-of-juni,,2026-09-28
https://asciiforager.itch.io/tenebrarium/devlog/1563459/tenebrarium-devlog-v040,,2026-09-28
https://asciiforager.itch.io/tenebrarium/devlog/1563488/tenebrarium-devlog-v041,,2026-09-28
https://occulta-studio.itch.io/pptremake/devlog/1567200/our-first-gameplay-trailer-is-out-now,,2026-09-28
https://the-books.itch.io/the-eremous-hotel/devlog/1571039/the-eremous-hotel-demo,,2026-09-28
https://ageekwyd.itch.io/aristocratgirls-13a/devlog/1575379/july-2026-updates,,2026-09-28
https://peppersqueak.itch.io/neogaia/devlog/1595956/neogaia-hotfix-patch,,2026-09-28
https://brunitolimpus.itch.io/infernulia/devlog/1600821/infernulia-v20-devlog-1-video,,2026-09-28
https://canes-cup.itch.io/logobox-v1-logos-ocs/devlog/1601772/phone-fucks-bambi,,2026-09-28
https://teradev1.itch.io/dead-mile/devlog/1605536/dead-mile,,2026-09-28
https://jestingtank.itch.io/five-nights-at-rpg-boys/devlog/1606832/fall-2026-fnarb,,2026-09-28
https://asciiforager.itch.io/tenebrarium/devlog/1607909/tenebrarium-devlog-v042,,2026-09-28
https://arcuserfd.itch.io/between-time/devlog/1608775/between-timegame-about-the-gigant-impact-of-theia,,2026-09-28
https://itch.io/blog/1610268/trigwa-11-physical-pre-order-campaign-page-is-up,,2026-09-28
https://fififafi.itch.io/janky-robbery/devlog/1619259/janky-robbery-contentfunctionality-update,,2026-09-28
https://fififafi.itch.io/janky-robbery/devlog/1623574/progression-and-save-system,,2026-09-28
https://domesz09.itch.io/502-waygate/devlog/1631888/modules,,2026-09-28
https://fififafi.itch.io/janky-robbery/devlog/1632889/wip-features,,2026-09-28
https://wizorge.itch.io/wender/devlog/1633908/tiny-teaseroni-for-upcoming-v07,,2026-09-28
https://yeahwhited.itch.io/ab-deluxe/devlog/1639232/v10-beta-is-tomorrow-to-releasing-soon,,2026-09-28
https://ferplex12.itch.io/bullettellet/devlog/1641089/our-experience-with-vertical-game-shooter,,2026-09-28
https://yeahwhited.itch.io/ab-deluxe/devlog/1643645/v10-beta-is-almost-finished-yet,,2026-09-28
https://grow-up.itch.io/while-its-light/devlog/1643821/synchronizing-storage-contents,,2026-09-28
https://itsblubrry.itch.io/all-keyboard-controller-glyphs/devlog/1645056/new-all-keyboard-controller-glyphs,,2026-09-28
https://protector113.itch.io/guardians-of-the-cosmos-top-down-space-sandbox/devlog/1646392/guardianes-del-cosmos,,2026-09-28
https://protector113.itch.io/guardians-versus-zombies-tactical-survival-simulator/devlog/1646401/guardianes-vs-zombies,,2026-09-28
https://pluhinc.itch.io/maximal-bastion/devlog/1646808/v010,,2026-09-28
https://fmar13.itch.io/chaos-rpg/devlog/1646945/saves-are-now-available,,2026-09-28
https://fififafi.itch.io/janky-robbery/devlog/1647445/version-10,,2026-09-28
https://emaceart.itch.io/stylized-procedural-sky-godot-skybox-shader/devlog/1648490/stylized-procedural-sky-11-for-godot,,2026-09-28
https://heads3t-guy.itch.io/outer-world-simulation/devlog/1649654/first-update,,2026-09-28
https://fififafi.itch.io/janky-robbery/devlog/1650054/version-11,,2026-09-28
https://ferplex12.itch.io/bullettellet/devlog/1650620/bullettellet-cadete-ferplex-flota-k1-ao-2142-la-seal-viene-del-vaco,,2026-09-28
https://fififafi.itch.io/janky-robbery/devlog/1651153/game-jam-version,,2026-09-28
https://jpk-vns.itch.io/the-missing-part/devlog/1653074/chapter-6-progress-update-7,,2026-09-28
https://yeahwhited.itch.io/ab-deluxe/devlog/1653078/100-is-will-be-drop-very-soon-some-day,,2026-09-28
https://grow-up.itch.io/while-its-light/devlog/1653792/update-02,,2026-09-28
https://ula-studio.itch.io/project-pill-run/devlog/1654220/v042-out-now,,2026-09-28
https://sudna08.itch.io/leadsim-public-early-access-01-1/devlog/1654983/update-011,,2026-09-28
https://pewien-programista.itch.io/stackaria/devlog/1656987/stackaria-is-here-,,2026-09-28
https://yeahwhited.itch.io/ab-deluxe/devlog/1657786/characters-redesigned-sneak-peek,,2026-09-28
https://pewien-programista.itch.io/stackaria/devlog/1660550/stackaria-v101-sound-update-,,2026-09-28
https://arcuserfd.itch.io/between-time/devlog/1660710/between-timenew-demo-update,,2026-09-28
https://leefromasia.itch.io/ghost-vector-protocol/devlog/1660746/major-update-new-sectors-dramatic-warps-space-abominations,,2026-09-28
https://pewien-programista.itch.io/stackaria/devlog/1661203/stackaria-v102-progression-update-,,2026-09-28
https://arcuserfd.itch.io/between-time/devlog/1663034/between-time-demo-,,2026-09-28
https://arcuserfd.itch.io/between-time/devlog/1663048/between-timefuture-demo-updates,,2026-09-28
https://yeahwhited.itch.io/ab-deluxe/devlog/1663639/10-beta-release-oct-10th-delayed-again,,2026-09-28
https://shyr.itch.io/potions-pack/devlog/1663820/new-tables-added,,2026-09-28
https://zerrfeit.itch.io/strata/devlog/1664190/strata-09-polis-dev11-strata-urbis,,2026-09-28
https://shyr.itch.io/arac/devlog/1665613/arac-reworked,,2026-09-28
https://shyr.itch.io/base-character/devlog/1665616/new-rigging,,2026-09-28
https://zurrydoescodingyt.itch.io/vacraldi-tubhouse-remake-page-wip/devlog/1665695/hey-what-happened-to-the-downloa-12-soon,,2026-09-28
https://zerrfeit.itch.io/strata/devlog/1665843/strata-09-polis-dev122-visual-reforging-iii,,2026-09-28
https://pewien-programista.itch.io/gravitydust/devlog/1666010/introducing-my-new-project-gravity-dust-,,2026-09-28
https://emakks.itch.io/immersive/devlog/1666352/define-part-1-genre-setting-art,,2026-09-28
https://pewien-programista.itch.io/gravitydust/devlog/1666470/gravity-dust-v101-general-update-,,2026-09-28
https://modcore.itch.io/modcore-extension-manager/devlog/1666777/modcore-extension-manager-247-release,,2026-09-28
https://pewien-programista.itch.io/gravitydust/devlog/1667561/gravity-dust-v110-coins-and-chests-system-,,2026-09-28
https://emakks.itch.io/immersive/devlog/1668296/define-part-2-essential-game-design-and-tech,,2026-09-28
https://asciiforager.itch.io/tenebrarium/devlog/1668588/tenebrarium-devlog-v043,,2026-09-28
https://dsavioni.itch.io/lighttreefm/devlog/1669825/new-autumn-release-out-now-,,2026-09-28
https://rule-34-fnf-3.itch.io/porn-comics/devlog/1669850/waaaaaaaaaaaaaaaaaaaaaaaaaaaaaaaaaaaaa,,2026-09-28
https://yeahwhited.itch.io/ab-deluxe/devlog/1670442/bendy-three-redesigned,,2026-09-28
https://theredradio.itch.io/lightningfastfood/devlog/1671053/looking-for-a-cashier-lightningfastfood-poster,,2026-09-28
https://anshu213.itch.io/skyinvasions/devlog/1671186/sky-invasion-v11-improved-dogfight-controls-wave-balancing,,2026-09-28
https://itsblubrry.itch.io/all-keyboard-controller-glyphs/devlog/1671318/keyboard-controller-glyphs-new-mice,,2026-09-28
https://zerrfeit.itch.io/siith/devlog/1671438/someone-is-in-the-house-v12-heavy-graphics-update,,2026-09-28
https://moshimoru.itch.io/balloon-pump-simulator/devlog/1671498/update-v05,,2026-09-28
https://itch.io/blog/1672016/my-new-game-to-feel-a-pleasing-thing,,2026-09-28
https://rodelpacheco.itch.io/20-trials-to-heaven/devlog/1672198/i-shipped-20-trials-to-heaven-heres-what-id-change,,2026-09-28
https://angytoast.itch.io/verylongnight/devlog/1672500/v050-open-for-business,,2026-09-28
https://modcore.itch.io/modcore-extension-manager/devlog/1672813/modcore-extension-manager-248-beta-release,,2026-09-28
https://jinroibak.itch.io/outer-air/devlog/1673132/outer-air-carrier-defense-v040,,2026-09-28
https://metajelani.itch.io/filehomechronosu-c0f0fc0be6b11790e4e914fb0de215d723d2cf7emyfilesdownload/devlog/1673295/100,,2026-09-28
https://ronna-lab.itch.io/punch/devlog/1674162/ganbare-punch-kun,,2026-09-28
https://revyre.itch.io/blackthorn/devlog/1674199/narrative-design-layout-cutscene,,2026-09-28
https://zero422.itch.io/ascia/devlog/1674747/prototype-milestone-01-loot-equipment-basic-loop,,2026-09-28
https://sodaraptor.itch.io/hypnagogia1/devlog/1674791/hypnagogia-steam-page-now-live,,2026-09-28
https://canoliogames.itch.io/mocked/devlog/1675053/mocked-demo-is-now-available,,2026-09-28
https://leefromasia.itch.io/ghost-vector-protocol/devlog/1675397/ghost-vector-protocol-just-got-a-new-look-and-the-rift-is-bigger-than-ever,,2026-09-28
https://voxostudio.itch.io/nexa-chat/devlog/1675560/new-release-update-date-27-september,,2026-09-28
https://404foundwawa.itch.io/four-petal-sun/devlog/1675756/added-more-versions,,2026-09-28
https://ophanimkei.itch.io/meat-girl/devlog/1675761/community-copies,,2026-09-28
https://venus-dev.itch.io/venus-university/devlog/1675843/v020-custom-outfits-rewind-manual-saves-more,,2026-09-28
https://dev-niewolny.itch.io/jacks-last-house/devlog/1676067/first-prototype-out,,2026-09-28
https://story-chemistry.itch.io/debt-invaders/devlog/1676579/new-age-of-gaming-the-rise-of-the-independent-creatives,,2026-09-28
https://wowpin.itch.io/project-athen/devlog/1676671/devlog-5-i-want-to-wear-that-jacket,,2026-09-28
https://jonasz-o.itch.io/voxel-construct3/devlog/1676747/v-1011,,2026-09-28
https://sfertig.itch.io/tearful-tilling/devlog/1676795/devlog-7-pause,,2026-09-28
https://kevx36.itch.io/forest-defense/devlog/1676939/devlog-forestdefense,,2026-09-28
https://dicemasters.itch.io/rusty-howl/devlog/1676974/v001-,,2026-09-28
https://waqar-ashraf.itch.io/click-speed-test-hit-the-button/devlog/1677069/designing-a-click-speed-test-that-produces-consistent-results,,2026-09-28
https://drago0520.itch.io/siegesevenempires/devlog/1677097/devlog-2,,2026-09-28
https://freerange-horse.itch.io/dealdoughtale/devlog/1677121/dealdoughtale-v120,,2026-09-28
https://balledra-games.itch.io/agent-feminine/devlog/1677126/0926-update,,2026-09-28
https://lav3000.itch.io/null-charge/devlog/1677157/030-out-now,,2026-09-28
https://willsams.itch.io/center-ice-hockey/devlog/1677295/version-120-on-sunday-instant-replay-feature,,2026-09-28
https://mr-t0m.itch.io/tmsv02/devlog/1677467/first-launchhh,,2026-09-28
https://venom443.itch.io/revenge-of-the-ducks/devlog/1677469/version-4-rotd-release,,2026-09-28
https://darkfairyrune.itch.io/x-yze/devlog/1677499/major-update-1-year-anni-boss-rush-more,,2026-09-28
https://wuhan419.itch.io/path-to-power/devlog/1677500/how-i-built-a-political-sim-with-zero-dependencies-and-why,,2026-09-28
https://huskybabble.itch.io/midnightmoviebingo/devlog/1677506/a-spreadsheet-got-out-of-hand,,2026-09-28
https://noulo-games.itch.io/roadtrip/devlog/1677617/roadtrip-teaser-trailer-1-released-dystopian-psychological-horror,,2026-09-28
https://checksumstudio.itch.io/kigu/devlog/1677629/120-changelog,,2026-09-28
https://checksumstudio.itch.io/part-spout/devlog/1677706/part-spout-010,,2026-09-28
https://itch.io/blog/1677725/the-duel-test-drive-2-vs-the-need-for-speed-one-team-two-franchises,,2026-09-28
https://halfbar.itch.io/cat-bulgar/devlog/1677731/cat-burglar-postmortem,,2026-09-28
https://nearq.itch.io/chaotic-pets/devlog/1677788/chaotic-pets-v061,,2026-09-28
https://emaceart.itch.io/cemetery-statues/devlog/1677822/cemetery-statues-pack-closes-out-ultimate-godot-bundle-vol-1,,2026-09-28
https://papalongames.itch.io/drmurph/devlog/1677840/-dr-murph-v10-final-version-is-here-,,2026-09-28
https://metamaxct.itch.io/operacion-vibora/devlog/1677854/new-level,,2026-09-28
https://puddingsmasher.itch.io/woolyouloveme/devlog/1677871/wool-you-love-me-patreon-release-update-version-020,,2026-09-28
https://pixelartmaterial.itch.io/cb01-cs01cs10-bundle-pack-80-backgrounds-2-sizes-160-pngs/devlog/1677873/cb01-released-80-fantasy-dark-fantasy-backgrounds-in-one-bundle,,2026-09-28
https://yomenagames.itch.io/the-kettler-initiative/devlog/1677874/version-031,,2026-09-28
https://tremablue.itch.io/the-bloom-initiative/devlog/1677875/shockwave-and-bloom-effects,,2026-09-28
https://aresartemius.itch.io/wargul/devlog/1677888/farax-levels-up-combat-crystals-and-comic-outlines,,2026-09-28
https://team-sbo.itch.io/checkmate-prototype-wip/devlog/1677926/combat-development-complete-and-more-updoots,,2026-09-28
https://wuhan419.itch.io/path-to-power/devlog/1677927/path-to-power-v0121-leaner-cards-fairer-difficulty-same-saves,,2026-09-28
https://ronci.itch.io/shunya/devlog/1677928/minor-update-major-optimization-improvements,,2026-09-28
https://bubbabba.itch.io/pirate-cove/devlog/1677929/pirate-cove-is-out-1042-side-scroller-pirate-pixel-art-assets-67-off-for-launch,,2026-09-28
https://doctorspacebar.itch.io/ruphand-an-apothecarys-adventure/devlog/1677930/screenshot-saturday-040-preview-4,,2026-09-28
https://babygirlbabygirlfriend.itch.io/traveler/devlog/1677931/traveler-inn-tales-v099a-by-star-tree-games,,2026-09-28
https://icecube-tr.itch.io/kwadrant/devlog/1677932/version-1143-beta,,2026-09-28
https://babygirlbabygirlfriend.itch.io/ntr-tales/devlog/1677933/ntr-tales-the-elf-next-stream-v03-beta-by-naughty-arcade-studio,,2026-09-28
https://babygirlbabygirlfriend.itch.io/lust-harem/devlog/1677934/lust-harem-v0850d-by-xiongmao,,2026-09-28
https://zeroglabs.itch.io/lemans-2/devlog/1677935/-le-mans-2-v10-is-officially-out,,2026-09-28
https://sakurablossomgames.itch.io/fairwood-retreat-87/devlog/1677937/autumn-equinox-3x-pinups-status-update-new-camper-,,2026-09-28
https://kkg-fap-studio.itch.io/pullhouse/devlog/1677938/pullhouse-v100-release,,2026-09-28
https://d1c3z.itch.io/slime-demo/devlog/1677939/devlog-3-rebalancing,,2026-09-28
https://noircitynovels.itch.io/the-paper-noose-demo/devlog/1677940/-detectives-log-field-entry-001,,2026-09-28
https://ohaaland.itch.io/bunker-breach/devlog/1677941/gamepads-touch-controls-a-debug-menu-for-everyone-and-a-new-title-theme,,2026-09-28
https://altrandomguy1.itch.io/verity-baldi-mod/devlog/1677942/tung-sahur-triple-t-hack,,2026-09-28
https://sezl.itch.io/idle-freelance/devlog/1677943/0117-skilling-in-the-arena,,2026-09-28
https://babygirlbabygirlfriend.itch.io/the-manual/devlog/1677944/the-manual-of-flesh-v014-a-by-tentalime,,2026-09-28
https://enarkz.itch.io/the-texture-agency/devlog/1677945/hotfixes,,2026-09-28
https://itch.io/blog/1677946/about-echo-architect,,2026-09-28
https://babygirlbabygirlfriend.itch.io/mind/devlog/1677947/mind-over-morals-v01-by-vice,,2026-09-28
https://sparky-studio.itch.io/kidnappedplus/devlog/1677948/kidnapped-v114-is-released,,2026-09-28
https://iris-game.itch.io/tavern-girl-mira-animated-pixel-character-portraits-32-expressions-3-outfits-2/devlog/1677949/mira-v11-she-dances-now-3-full-body-tavern-dances-free-update,,2026-09-28
https://metajelani.itch.io/filehomechronosu-c0f0fc0be6b11790e4e914fb0de215d723d2cf7emyfilesdownload/devlog/1677950/110,,2026-09-28
https://cookiesdrivers.itch.io/cosmic-puck/devlog/1677951/cosmic-puck-pre-alpha-012,,2026-09-28
https://plasticrosegames.itch.io/the-swing-of-the-dead/devlog/1677952/devlog-5-version-03,,2026-09-28
https://yeckim.itch.io/showtime/devlog/1677953/full-game-release,,2026-09-28
https://ar2bold.itch.io/sunk-cost/devlog/1677954/020-the-yard-and-four-people-who-finish-their-sentences,,2026-09-28
https://koplay.itch.io/cozy-card-game/devlog/1677955/card-game-v12-hard-mode-ability-cards-more,,2026-09-28
https://itch.io/blog/1677956/-vice-spin-for-android-in-development-,,2026-09-28
https://nexavisuals.itch.io/abyssal-forge-ui-kit/devlog/1677957/abyssal-forge-10-dark-fantasy-ui-kit-for-unity-is-now-available,,2026-09-28
https://itch.io/blog/1677959/project-rift,,2026-09-28
https://babygirlbabygirlfriend.itch.io/lady-knight/devlog/1677960/lady-knight-the-succubus-labyrinth-v10-by-iolite,,2026-09-28
https://babygirlbabygirlfriend.itch.io/time-rape/devlog/1677961/time-rape-hero-v121-by-mememe-ranch,,2026-09-28
https://christopherlongden.itch.io/farshore/devlog/1677962/the-first-days-of-the-playtest-what-you-found-and-what-changed,,2026-09-28
https://na-games-studios.itch.io/cosmic-blaster/devlog/1677964/cosmic-blaster-3d-launch,,2026-09-28
https://babygirlbabygirlfriend.itch.io/chronoromancer/devlog/1677965/chronoromancer-v098-by-chronoromancer-studio,,2026-09-28
https://psme.itch.io/psme-demo/devlog/1677967/two-occasions-two-puzzles-what-changed-in-the-psme-demo,,2026-09-28
https://tinyhatlogan.itch.io/mawn-lower/devlog/1677968/0-0-4,,2026-09-28
https://babygirlbabygirlfriend.itch.io/corpse-city/devlog/1677969/corpse-city-v03-rebuild-by-silkspice,,2026-09-28
https://spike2026.itch.io/hocus/devlog/1677970/v10-launch-the-little-wizard-returns-fixed-map,,2026-09-28
https://babygirlbabygirlfriend.itch.io/university/devlog/1677971/university-days-s2-ep11-by-greebo,,2026-09-28
https://babygirlbabygirlfriend.itch.io/the-way/devlog/1677972/the-way-love-goes-ch40-by-naughty-skunk-games,,2026-09-28
https://babygirlbabygirlfriend.itch.io/fractured-fantasies/devlog/1677973/fractured-fantasies-v0111-by-nota-bao,,2026-09-28
https://novelide.itch.io/centerpiece-jigsaw-puzzles/devlog/1677974/v020,,2026-09-28
https://dee-3.itch.io/cut-up/devlog/1677975/uniqueness-fix,,2026-09-28
https://itch.io/blog/1677976/paid-english-dutch-game-localization-subtitling-native-dutch-speaker,,2026-09-28
https://elushis.itch.io/cielchan-desktop-ai-companion/devlog/1677977/v190-released-webcam-presence-better-conversations-connection-improvements,,2026-09-28
https://yakutavocaloid.itch.io/artist-syndrome/devlog/1677978/ver-002-and-other-stuff,,2026-09-28
https://elushis.itch.io/cielchan-desktop-ai-companion-free/devlog/1677979/v190-released-webcam-presence-better-conversations-connection-improvements,,2026-09-28
https://zorguk.itch.io/star-vortex/devlog/1677980/running-on-empty-v083,,2026-09-28
https://marcelixon12.itch.io/space-salvage/devlog/1677981/space-salvage-devlog2,,2026-09-28
https://mattcontent.itch.io/cyberpunk-city-top-down-pixel-art-asset-pack/devlog/1677982/cyberpunk-city-v10-new-showcase-free-demo-bundle-sale,,2026-09-28
https://oynak.itch.io/kelin/devlog/1677983/-our-own-kazakh-ornament-font,,2026-09-28
https://epigramps.itch.io/elephantine-idol/devlog/1677984/fixed-the-layout,,2026-09-28
https://sonegeon.itch.io/closecall/devlog/1677985/close-call-is-now-available,,2026-09-28
https://ayeshasaim.itch.io/dear/devlog/1677986/dear-ep1-v02-by-psyker7,,2026-09-28
https://hanzaki93dev.itch.io/kakomi-hunt/devlog/1677987/kakomi-hunt-is-out,,2026-09-28
https://ayeshasaim.itch.io/a-perfect/devlog/1677989/a-perfect-marriage-v076-by-mr-palmer,,2026-09-28
https://moneywithjjcom.itch.io/complete-collection/devlog/1677990/now-also-on-etsy,,2026-09-28
https://ayeshasaim.itch.io/foxy-football/devlog/1677991/foxy-football-manager-v004a-by-trombocyte-games,,2026-09-28
https://baaah-studios.itch.io/anqara/devlog/1677992/tutorial,,2026-09-28
https://ayeshasaim.itch.io/fuck-or-fucked/devlog/1677993/fuck-or-fucked-against-the-futa-2026-09-07-enh-by-sneakysnakedev,,2026-09-28
https://dmzemo.itch.io/somnia/devlog/1677994/v-280-v-300,,2026-09-28
https://jeremycouillard.itch.io/soul-injector-commando/devlog/1677995/sic-update-1,,2026-09-28
https://jeremycouillard.itch.io/soul-injector-commando/devlog/1677996/sic-update-1,,2026-09-28
https://ditoness.itch.io/dummy-bricks-npcs-in-brickbattles/devlog/1677997/small-patch-upd-1,,2026-09-28
https://yuzukigamestudio.itch.io/feastfall/devlog/1677998/-feastfall-hotfix-219-growth-fixed,,2026-09-28
https://papalon.itch.io/drmurph/devlog/1677999/-dr-murph-v10-final-version-is-here-,,2026-09-28
https://ayeshasaim.itch.io/sinful-valley/devlog/1678000/sinful-valley-v043-by-rumigames,,2026-09-28
https://timezonitch.itch.io/bush-cutter-simulator/devlog/1678001/rumor-bush-cutter-remastered-in-the-making,,2026-09-28
https://ayeshasaim.itch.io/justice-is-black/devlog/1678002/justice-is-black-v13-by-timjrebel,,2026-09-28
https://itch.io/blog/1678003/updating,,2026-09-28
https://g-and-t.itch.io/retro-electronics-lab/devlog/1678004/now-with-a-quick-demo-free-sfx-mini-pack,,2026-09-28
https://iannaz1228.itch.io/pathforgegame/devlog/1678005/pathforge-game-soft-lauch,,2026-09-28
https://dionous.itch.io/deep-siren/devlog/1678006/bugfix-update,,2026-09-28
https://weirdowl.itch.io/space-beads-the-spincher/devlog/1678007/levelmaker-open-your-levels-can-ship-in-the-next-build,,2026-09-28
https://rrads-games.itch.io/reconquest/devlog/1678008/catching-up-to-webgl,,2026-09-28
https://ayeshasaim.itch.io/pvz-sex/devlog/1678009/pvz-sex-lawn-v101-demo-by-slv-rbz,,2026-09-28
https://oddengine.itch.io/battlebottactics/devlog/1678010/big-update-new-garage-new-arena-new-look,,2026-09-28
https://samequik.itch.io/terminal-five/devlog/1678011/meet-the-pig-k-terminal-fives-new-killer,,2026-09-28
https://ayeshasaim.itch.io/pecker-pi/devlog/1678012/pecker-pi-v06-by-mrpocketrocket,,2026-09-28
https://100vell.itch.io/lylisbang/devlog/1678013/lylisbang,,2026-09-28
https://ayeshasaim.itch.io/the-last-embrace/devlog/1678014/the-last-embrace-v061-ch5-by-nox-productions,,2026-09-28
https://ayeshasaim.itch.io/debtloop/devlog/1678015/debtloop-v05-by-yellowarachnid,,2026-09-28
https://g-and-t.itch.io/celestial-cafe-set/devlog/1678016/meet-the-celestial-cafe-set-three-little-cups-three-moods,,2026-09-28
https://g-and-t.itch.io/coffee-corner/devlog/1678017/meet-coffee-corner-a-small-cafe-setup-in-three-palettes,,2026-09-28
https://g-and-t.itch.io/ghost-in-the-log/devlog/1678018/meet-ghost-in-the-log-five-songs-from-a-fracturing-ai,,2026-09-28
https://g-and-t.itch.io/kons-first-ship/devlog/1678019/set-sail-with-kons-first-ship-five-retro-rpg-themes,,2026-09-28
https://g-and-t.itch.io/retro-electronics-lab-free-sfx/devlog/1678020/six-free-retro-electronic-sounds-for-your-next-project,,2026-09-28
https://alternalo.itch.io/alterworld/devlog/1678021/masterworking-crit-builds-weapons-and-other-changes,,2026-09-28
https://lemon64k.itch.io/the-chirping-of-the-birdsil-cinguettio-degli-uccelli/devlog/1678022/trailer-delay,,2026-09-28
https://ayeshasaim.itch.io/typing/devlog/1678023/typing-v10-early-by-nh-studios,,2026-09-28
https://projekt-mueller.itch.io/exclusion-zone-eg-71/devlog/1678024/v03-out-now,,2026-09-28
https://boo64.itch.io/ailurophile/devlog/1678025/i-made-a-horror-game-in-space-where-something-can-hear-you-breathe,,2026-09-28
https://kiro-ramy-entertainments.itch.io/barney-error-1-remastered/devlog/1678026/1500-downloads-appreciation,,2026-09-28
https://madeit.itch.io/late-credit-behind-closed-doors/devlog/1678027/new-update-is-live-visual-upgrades-new-outfits-audio-overhaul,,2026-09-28
https://dervistuncay.itch.io/powers-arena/devlog/1678028/we-are-on,,2026-09-28
https://melonsodagames.itch.io/five-card-showdown/devlog/1678029/five-card-showdown-verison-02-alpha,,2026-09-28
https://gaborkepes.itch.io/deodatos-dilemma/devlog/1678030/surprise-minigame-for-swtpc-cannibal-holocaust,,2026-09-28
https://yummypotato99.itch.io/doodle-towers/devlog/1678031/v051-to-v053-patch-notes,,2026-09-28
https://boo64.itch.io/red-forest/devlog/1678032/developer-blog-red-forest-a-new-direction,,2026-09-28
https://ryanpond.itch.io/detour/devlog/1678033/day-6-how-i-balanced-fuel-and-difficulty-without-adding-more-features,,2026-09-28
https://natovchanin.itch.io/talebreak/devlog/1678034/readiness-update,,2026-09-28
https://daf1.itch.io/asiden/devlog/1678035/your-companion-your-controls-customisation-editable-memory,,2026-09-28
https://oreiluiz.itch.io/crop-guardian/devlog/1678037/novos-inimigos-novas-plantas-monstruosas-e-o-caminho-para-o-deserto-,,2026-09-28
https://maccawtpi.itch.io/overtime/devlog/1678038/v102-release-notes,,2026-09-28
https://saqirmdevx.itch.io/kingdom-of-pixels/devlog/1678039/update-v1211-balance-changes-and-bugfixes,,2026-09-28
https://king100ton.itch.io/sweet-home-neogeo/devlog/1678040/enemy-sprites-0926,,2026-09-28
https://richardkramen.itch.io/kshv/devlog/1678041/kaoshive-is-alive-just-an-announcement,,2026-09-28
https://nerdofalltrades505.itch.io/the-headless-horseman-wants-a-date/devlog/1678042/devlog-5-14,,2026-09-28
https://pavlya.itch.io/zombie-td/devlog/1678043/game-updates-260926,,2026-09-28
https://nicadevs.itch.io/ghost-villa-demo/devlog/1678044/ghost-villa-demo-now-on-itchio,,2026-09-28
https://fabianbubozaur3.itch.io/baldisultimateremaster/devlog/1678045/2-year-anniversary-of-the-game,,2026-09-28
https://no-return.itch.io/ex-oblivione/devlog/1678046/ex-oblivione-lovecrafts-1921-text-dreamed-six-ways,,2026-09-28
https://nicadevs.itch.io/arctico/devlog/1678047/ghost-villa-demo-now-on-itchio,,2026-09-28
https://mrbobnew.itch.io/trick-or-treat/devlog/1678048/trick-or-treat-demo-v003,,2026-09-28
https://migueldenorte.itch.io/danzaemania/devlog/1678049/update-news,,2026-09-28
https://emakks.itch.io/immersive/devlog/1678050/focus-character-movement,,2026-09-28
https://fjordfallgame.itch.io/fjordfall/devlog/1678051/the-weather-is-shared,,2026-09-28
https://sebastianscaini.itch.io/the-junkyard/devlog/1678052/corner-raid-online,,2026-09-28
https://sebastianscaini.itch.io/the-junkyard/devlog/1678053/launcher-111,,2026-09-28
https://itch.io/blog/1678054/from-unity-to-capacitor-building-an-inventory-roguelike-with-open-web-tech,,2026-09-28
https://cricketvicgames.itch.io/the-cricket-agent/devlog/1678055/v60-update,,2026-09-28
https://bosdersexe.itch.io/splonker/devlog/1678057/splonker-gabboredsom,,2026-09-28
https://deafrocket.itch.io/hello-world/devlog/1678058/hello-world-devlog-092626,,2026-09-28
https://tekitaudio.itch.io/eqp8/devlog/1678059/windows-installer-version-201-released,,2026-09-28
https://hemito.itch.io/was-wasnt/devlog/1678060/september-26-update-windows-rooftops-and-town-residents,,2026-09-28
https://negentropy-ko.itch.io/the-shadows/devlog/1678061/the-shadows-alpha-032-is-out-play-chapter-1-free-032-,,2026-09-28
https://mikhjj824-dot.itch.io/a-mafia-with-catgirl-heroes-a-village-of-eared-creatures/devlog/1678062/bug-fix,,2026-09-28
https://werewolfke.itch.io/the-corrupted-forest/devlog/1678063/the-corrupted-forest-godot-build-010,,2026-09-28
https://rigeladmin.itch.io/through-the-unknown/devlog/1678064/pause-menu-and-music-track-930,,2026-09-28
https://rhettdev.itch.io/shock-harnesser/devlog/1678065/mobile-version-in-review,,2026-09-28
https://bot-debil.itch.io/iv-visual-novel/devlog/1678066/iv-elfka,,2026-09-28
https://lav3000.itch.io/null-charge/devlog/1678067/031-out-now,,2026-09-28
https://vnikudal.itch.io/the-curse-of-agatha/devlog/1678068/updates-come-through-the-itchio-app-and-im-working-on-ep-3,,2026-09-28
https://doomed316.itch.io/retrobuilderultra/devlog/1678069/things-are-looking-better,,2026-09-28
https://punishedfelix.itch.io/chaos-theory-tech-demo/devlog/1678071/true-screenreader-support,,2026-09-28
https://acidnt31.itch.io/ps3sweeper-plus/devlog/1678072/version-04-update,,2026-09-28
https://innygr.itch.io/escape-the-forsaken/devlog/1678073/a-remake-of-escape-the-forsaken-realm-1-2-is-coming,,2026-09-28
https://mroishikay.itch.io/dream-of-px9/devlog/1678074/update-v109,,2026-09-28
https://itch.io/blog/1678075/magic-mayhem-futas-,,2026-09-28
https://lclverse.itch.io/lclverse/devlog/1678076/10-turns-free-no-account-the-front-door-is-open,,2026-09-28
https://bound-to-defend.itch.io/bound-to-defend/devlog/1678077/updater-v121-archer-got-some-love,,2026-09-28
https://moonbunsgames.itch.io/seabun/devlog/1678078/patch-0854-web-fixes-better-stats-screen,,2026-09-28
https://dev-tyler.itch.io/floppa-quest/devlog/1678079/added-wasd-support,,2026-09-28
https://2d-creator.itch.io/prison-architect-tycoon-san-quentin-20/devlog/1678080/games,,2026-09-28
https://hotgamedev.itch.io/fierypassions/devlog/1678081/fiery-passions-043-beta-release,,2026-09-28
https://scaredtiger-studios.itch.io/blackout-bloodlust/devlog/1678082/page-update,,2026-09-28
https://arturman.itch.io/pongclash/devlog/1678083/i-asked-ai-for-two-table-tennis-players-actually-playing-it-gave-me-a-picture-devlog-1,,2026-09-28
https://kisune-works.itch.io/death-between-time/devlog/1678084/death-between-time-alpha-006,,2026-09-28
https://the-books.itch.io/the-eremous-hotel/devlog/1678085/the-eremous-hotel,,2026-09-28
https://viatrufka.itch.io/sgpr/devlog/1678087/v0511,,2026-09-28
https://osvidyapan.itch.io/tsv1/devlog/1678088/18-gncellemesi,,2026-09-28
https://claudxerxes.itch.io/the-flagellant/devlog/1678090/the-flagellant-v14,,2026-09-28
https://ritsukabee.itch.io/ritsukas-thinking-aloud-corner/devlog/1678091/september-updates,,2026-09-28
https://primitivesurvival.itch.io/primitive/devlog/1678092/151-update,,2026-09-28
https://dazed-creations.itch.io/rated-19/devlog/1678093/im-back,,2026-09-28
https://trobbins1.itch.io/the-unbroken-line/devlog/1678094/week-01-the-prototype-rebuilt,,2026-09-28
https://csastudios.itch.io/csa/devlog/1678095/crooked-streets-of-anarchy-version-0010-update-released,,2026-09-28
https://spoiledsweet.itch.io/the-second-sight-book-2-the-devil-and-the-wheel/devlog/1678096/chapter-4-public-launch,,2026-09-28
https://north4124.itch.io/wall-street-tycoon/devlog/1678097/wall-street-tycoon-is-live-bid-your-cards-bluff-your-rivals-build-an-empire,,2026-09-28
https://mr-nickname.itch.io/flex-appeal/devlog/1678098/03-dinner-tier-release,,2026-09-28
https://gentleman-33.itch.io/sunken-bell/devlog/1678099/sunken-bell-sinking-papers-bugs,,2026-09-28
https://jonnysoft.itch.io/houses-of-veyra/devlog/1678100/houses-of-veyra-update-6-walk-the-streets-bend-the-knee,,2026-09-28
https://metx.itch.io/savunulan-reaktr2/devlog/1678101/yeni-gncelleme-srm-001746,,2026-09-28
https://fabrizioradica.itch.io/amigasounddesign/devlog/1678102/amigasounddesign-is-evolving-automation-drum-machine-midi-native-audio,,2026-09-28
https://simondalvai.itch.io/99managers-futsal-edition/devlog/1678103/v091-competitions-bugs-fixed,,2026-09-28
https://ivopixl.itch.io/turbo-horizon-run/devlog/1678104/-franois-turbo-horizon-run-v1013-is-out,,2026-09-28
https://tinysecretgames.itch.io/naughty-nightmares/devlog/1678105/snapshot-naughty-nightmares-mobile-release-for-supporters,,2026-09-28
https://hipolame.itch.io/nightmare-hospital/devlog/1678106/new-update,,2026-09-28
https://davidbethancourt.itch.io/labyrinth-the-descent/devlog/1678107/a-town-grew-around-the-hole,,2026-09-28
https://ishiharaworks.itch.io/shorts-retention-ui-kit/devlog/1678108/new-12-retention-focused-overlays-for-shorts-and-youtube,,2026-09-28
https://golden-yokais.itch.io/tanuki-graffiti/devlog/1678109/beta-launch,,2026-09-28
https://icetraigh.itch.io/pitwall-f1-racer/devlog/1678111/build-102-injuries-a-bench,,2026-09-28
https://didomacero.itch.io/court-nights/devlog/1678112/court-nights-is-live-a-free-90-second-basketball-game-now-with-english-ui,,2026-09-28
https://emeraldmoonx.itch.io/dungeon-disposal-co/devlog/1678113/modelmovement-redone,,2026-09-28
https://moonbat847.itch.io/fork-road-forest/devlog/1678114/update-040-a-pause,,2026-09-28
https://vyre-studio.itch.io/out-of-focus/devlog/1678115/devlog-1-welcome-to-out-of-focus,,2026-09-28
https://kuryart.itch.io/outsider-bob/devlog/1678116/first-post,,2026-09-28
https://itch.io/blog/1678117/choose-your-next-step,,2026-09-28
https://impopzzz.itch.io/tattletail-after-hours/devlog/1678118/-tattletail-after-hours-33-the-summer-update-,,2026-09-28
https://oniku1234.itch.io/minus-three-model-but-better/devlog/1678119/whoops,,2026-09-28
https://areckb.itch.io/futaquest/devlog/1678120/title-futaquest-v01-first-public-demo,,2026-09-28
https://axilirate.itch.io/umipen/devlog/1678121/umipen-0111,,2026-09-28
https://pataplouf75.itch.io/ancient-fronts/devlog/1678122/update-021,,2026-09-28
https://virtualbirdug.itch.io/f-paper-demo/devlog/1678123/added-a-linux-build,,2026-09-28
https://hyperlynx01.itch.io/dungeon-break/devlog/1678124/dungeon-break-is-now-available,,2026-09-28
https://antzery.itch.io/box-math/devlog/1678125/beta-3-released,,2026-09-28
https://wookiebookie.itch.io/block-reveal-18/devlog/1678126/update-12-47-pictures-gallery-and-jelly-reveals,,2026-09-28
https://apotheosis-project.itch.io/apotheosis/devlog/1678127/version-03,,2026-09-28
https://claudxerxes.itch.io/the-flagellant/devlog/1678128/the-flagellant-v15,,2026-09-28
https://moonwave-studios.itch.io/keybeat/devlog/1678129/update-141,,2026-09-28
https://moshimoru.itch.io/balloon-pump-simulator/devlog/1678130/update-v08,,2026-09-28
https://404foundwawa.itch.io/four-petal-sun/devlog/1678131/fixed-mobile-bug,,2026-09-28
https://coffelius.itch.io/the-fourth-act/devlog/1678132/the-fourth-act-is-out-now-pc-mac-browser-android-,,2026-09-28
https://segocago.itch.io/mimic2-idle-mmorpg/devlog/1678133/we-just-reached-100-million-mimic-kills,,2026-09-28
https://itzanoopy.itch.io/vux-engine/devlog/1678134/vux-studio,,2026-09-28
https://t0m-ok.itch.io/account-recovery-one-final-check/devlog/1678135/account-recovery-one-final-check-is-out-now,,2026-09-28
https://tiphyloid.itch.io/travellingknights1/devlog/1678136/travelling-knights-know-your-vip-department-members,,2026-09-28
https://nrzgames.itch.io/chronicles/devlog/1678137/day-33-staying-on-track,,2026-09-28
https://lordzeroi.itch.io/turbo-toys/devlog/1678138/turbo-toys-the-big-update,,2026-09-28
https://rittermod.itch.io/fs25-realistic-livestock-ritter-version/devlog/1678139/v1400-diseases-rebuilt,,2026-09-28
https://arturman.itch.io/pongclash/devlog/1678140/cant-you-put-the-racket-properly-in-the-characters-hand-devlog-2,,2026-09-28
https://keespeed.itch.io/world-masterpieces-pixel-wall-art/devlog/1678141/twenty-renoir-paintings-for-your-game-walls,,2026-09-28
https://thecubicmaster.itch.io/space-ladder-ost/devlog/1678142/space-ladder-ost-qui,,2026-09-28
https://southscribblecompany.itch.io/typing-tiny-stories/devlog/1678143/running-local-llama-3-in-the-browser-the-tech-behind-typing-tiny-stories,,2026-09-28
https://ueber.itch.io/pinball-pang-pang/devlog/1678144/v003-webgl-startup-fix,,2026-09-28
https://pandagamesstudio.itch.io/hardware-constructor/devlog/1678145/project-revival-sound-design-new-interface,,2026-09-28
https://niema5.itch.io/yayinci-simulatoru/devlog/1678147/yaync-simlatr-yaynda-cenkbey-ve-chipsin-dnyasna-ho-geldiniz,,2026-09-28
https://regularbird.itch.io/the-majors/devlog/1678149/update-1-breaking-bad,,2026-09-28
https://gddevelopers.itch.io/gd-proyect/devlog/1678150/gd-project-devlog-068-idlesmicelaneos,,2026-09-28
https://ohptie.itch.io/doorte/devlog/1678153/doorte-v098,,2026-09-28
https://cprince10.itch.io/speed-nfl/devlog/1678154/update-september-2026,,2026-09-28
https://hermana-astral.itch.io/nanako/devlog/1678155/chapter-1-2-and-3-are-now-available-new-updates,,2026-09-28
https://duelist1234.itch.io/moving-forward/devlog/1678156/final-update,,2026-09-28
https://northsidegames01.itch.io/realistic-football-showcase/devlog/1678157/realistic-football-showcase-will-be-first-uploaded-as-windows-game-app,,2026-09-28
https://sn-studios.itch.io/tochi-owlglass/devlog/1678158/new-screenshots-info,,2026-09-28
https://serjioblack.itch.io/neon-pulse-cyberpunk-collection-vol-1/devlog/1678160/neon-pulse-cyberpunk-collection-vol-1-is-out-now,,2026-09-28
https://drew-valentine.itch.io/elevation/devlog/1678161/elevation-is-out-three-hangars-of-dogfights-at-dusk,,2026-09-28
https://hikaru702.itch.io/holoalt-tcg/devlog/1678162/online-version-20260926a-changelogs,,2026-09-28
https://giordani-lino.itch.io/capsule-beyond/devlog/1678163/executvel-windows-lanado,,2026-09-28
https://zahar-studios.itch.io/ourboros/devlog/1678164/now-available-for-mac,,2026-09-28
https://welyo.itch.io/sex-horde-survivors/devlog/1678165/sex-horde-survivors-04-unity-leyley-vesper-ravens-library,,2026-09-28
https://welyo.itch.io/sex-horde-survivors-cheat-edition/devlog/1678166/sex-horde-survivors-04-cheat-edition-update,,2026-09-28
https://funpl.itch.io/nova-siege/devlog/1678167/update-14-is-here,,2026-09-28
https://ndtm.itch.io/pips-and-places/devlog/1678168/021,,2026-09-28
https://isuzuhinode.itch.io/woy-r/devlog/1678169/-0022-has-been-released-39-new-chapters-31-illustrations-and-seydhys-past-revealed,,2026-09-28
https://typeit.itch.io/no-fixed-star/devlog/1678170/game-launch-no-fixed-star,,2026-09-28
https://polytricity.itch.io/the-c64-dev-machine/devlog/1678171/tutorial,,2026-09-28
https://pozac.itch.io/platformer-asset/devlog/1678172/5-years-later-why-pixel-platformer-asset-still-holds-up,,2026-09-28
https://mortedara.itch.io/the-manbreaker-femdom-visual-novel/devlog/1678173/the-manbreaker-september-update,,2026-09-28
https://coller89.itch.io/tapik/devlog/1678175/update-26092026,,2026-09-28
https://redwolf-fenrir.itch.io/wolfworld/devlog/1678176/122-123,,2026-09-28
https://zaxmaur.itch.io/closer-to-the-pin/devlog/1678177/closer-to-the-pin-update-fresh-polish-fixes-and-whats-next,,2026-09-28
https://d9-game-design.itch.io/agravel-an-ancient-and-broken-world/devlog/1678179/d9-game-design,,2026-09-28
https://derindev.itch.io/texture-gen/devlog/1678181/v12-is-here-,,2026-09-28
https://itch.io/blog/1678182/sloth,,2026-09-28
https://leocanton2012-rgb.itch.io/the-mad-tower/devlog/1678183/the-mad-tower,,2026-09-28
https://1337misterzero.itch.io/1337-netrunners/devlog/1678185/about-game,,2026-09-28
https://oleonze.itch.io/birb/devlog/1678186/patch-notes-september-26-2026-content-update,,2026-09-28
https://thereddestwizard.itch.io/aether-vanguard/devlog/1678187/your-first-sixth-sigil-match-choose-two-lanes-to-win,,2026-09-28
https://itch.io/blog/1678189/fablephobia-the-lost-wolf-is-now-available,,2026-09-28
https://really-dodeca.itch.io/spingus-bingus/devlog/1678190/spingus-quest-version-zero-point-two,,2026-09-28
https://thusilimedia.itch.io/fourthmarches-rpg-core-rulebook/devlog/1678191/revision-2026-09-26,,2026-09-28
https://alltinker.itch.io/wcat/devlog/1678192/wc1-birthday-100-released-with-a-surprise,,2026-09-28
https://glitchiso-6.itch.io/independent-space-company/devlog/1678193/compete-against-other-players-to-build-your-own-independent-space-company,,2026-09-28
https://naop.itch.io/bubblejack/devlog/1678194/bubblejack-en-steam-bubblejack-on-steam,,2026-09-28
https://craftkobo.itch.io/senaris/devlog/1678195/nameless-but-not-replaceable,,2026-09-28
https://haroldo-ok.itch.io/out-of-this-world-cutscene-viewer-sms/devlog/1678196/v001-out-of-this-world-cutscene-viewer-for-sega-master-system-implement-using-arena,,2026-09-28
https://revyre.itch.io/blackthorn/devlog/1678197/game-progression-flowchart,,2026-09-28
https://jimochigames.itch.io/jimochi-ghoul-hunters/devlog/1678198/now-temos-languages,,2026-09-28
https://davesoft.itch.io/approximant/devlog/1678199/creature-vision-and-better-fighting,,2026-09-28
https://brazilmugenteam.itch.io/pocket-dimensional-clash-2/devlog/1678200/wildfire-dc-comics,,2026-09-28
https://itch.io/blog/1678201/how-to-build-a-retro-inspired-outfit-around-a-fringe-leather-jacket,,2026-09-28
https://spicyvoyager.itch.io/helminth/devlog/1678202/small-update,,2026-09-28
https://krampact.itch.io/green-knight/devlog/1678203/-green-knight-06-first-playable-year,,2026-09-28
https://roadkillcandy.itch.io/alberta-dino/devlog/1678204/game-jam-prototype,,2026-09-28
https://vnstudioelan.itch.io/my-vtuber-rival-is-actually-cute/devlog/1678205/kickstarter-design-contest,,2026-09-28
https://penguin-night.itch.io/penguin-kart-racer/devlog/1678206/custom-content-enabled,,2026-09-28
https://scratchnooby88.itch.io/civilization-simulator-2/devlog/1678207/improved-soldier-logic,,2026-09-28
https://haroldo-ok.itch.io/skyhaul-sms/devlog/1678208/v001-skyhaul-for-sega-master-system-port-using-arena,,2026-09-28
https://cocoaboom.itch.io/the-purple-house/devlog/1678209/the-purple-house-v012-is-now-available,,2026-09-28
https://rjfoto.itch.io/scum-helper-v1-2/devlog/1678210/scum-helper-v125-new-gui-and-other-fixes,,2026-09-28
https://roadkillcandy.itch.io/alberta-dino/devlog/1678211/turtles-with-dino,,2026-09-28
https://unyasable.itch.io/endangermon/devlog/1678212/pitch-update,,2026-09-28
https://krevaasya.itch.io/spiders-foot-hotel/devlog/1678213/postponement-of-the-games-release,,2026-09-28
https://tjggames.itch.io/musical-minibots-into-the-primeline/devlog/1678214/v100-food-wave-release,,2026-09-28
https://ricmasterpro.itch.io/beyondballlimit/devlog/1678215/la-nostra-prima-game-jam,,2026-09-28
https://tinsoldier.itch.io/under-pressure/devlog/1678216/update-12-speed-and-tweaks,,2026-09-28
https://brickdevintl.itch.io/it-support/devlog/1678217/we-will-be-uploading-a-wi-dows-version-latert-today,,2026-09-28
https://rule-34-fnf-3.itch.io/porn-comics/devlog/1678218/comics-of-porn,,2026-09-28
https://thatmuchachoguy.itch.io/dungeon-game-reborn/devlog/1678220/patchnotes-09,,2026-09-28
https://wizorge.itch.io/wender/devlog/1678221/v07-release-processing-cards-exploring-and-much-more-wow,,2026-09-28
https://itch.io/blog/1678222/4-finished-c-learning,,2026-09-28
https://roadkillcandy.itch.io/alberta-dino/devlog/1678223/3-levels,,2026-09-28
https://branko-van-tendeloo.itch.io/pong-1p/devlog/1678224/my-first-unity-game,,2026-09-28
https://ipikas.itch.io/slavic-legends/devlog/1678225/the-second-boss-arrives-ice-magic-better-controls-more,,2026-09-28
https://mr-t0m.itch.io/tmsv02/devlog/1678226/v02,,2026-09-28
https://waldiris.itch.io/bro-forge/devlog/1678227/hero-attributes-smoother-progression-better-boss-rewards,,2026-09-28
https://floatwoozy.itch.io/reactomino/devlog/1678228/020-rethinking-survival-building-and-exploration,,2026-09-28
https://yurukusa.itch.io/luminacube/devlog/1678229/devlog-1-build-the-way-she-fights,,2026-09-28
https://roadkillcandy.itch.io/alberta-dino/devlog/1678230/cover-art,,2026-09-28
https://fuffythebear.itch.io/the-sleepless-subject/devlog/1678231/new-update,,2026-09-28
https://gaziduc.itch.io/blokoding/devlog/1678232/blokoding-113-level-preview,,2026-09-28
https://iseage.itch.io/pixelstoids/devlog/1678234/08a-the-rift,,2026-09-28
https://goonhaveanotherdonut.itch.io/the-way-love-handles-you/devlog/1678235/version-35,,2026-09-28
https://agustinmalandra.itch.io/am-tcg/devlog/1678236/version-190-disponible,,2026-09-28
https://itsashn.itch.io/anvil/devlog/1678237/anvil-0100-hunting-foraging-daily-quests-and-a-closer-look-at-the-world,,2026-09-28
https://wangzhi-forge.itch.io/fireball/devlog/1678239/v060-,,2026-09-28
https://maxime-nourry.itch.io/64x64-pixel-knight/devlog/1678240/support-knight-add-on,,2026-09-28
https://itch.io/blog/1678242/alpha-55-fly-the-landing-yourself-and-an-economy-that-reacts-to-where-you-land,,2026-09-28
https://turian01.itch.io/ntrs-chat/devlog/1678243/one-month-of-ntrs-chat,,2026-09-28
https://kiyopawn.itch.io/the-shudderfly-archive/devlog/1678244/weekly-update-125-tileset-showcase-w-video,,2026-09-28
https://project-zero-g.itch.io/zero-g/devlog/1678245/alpha-55-fly-the-landing-yourself-and-an-economy-that-reacts-to-where-you-land,,2026-09-28
https://hermana-astral.itch.io/nanako/devlog/1678246/chapter-4-and-5-are-now-available-new-updates,,2026-09-28
https://cronuxstudios.itch.io/cronux-manifestation-invasion-lythoros/devlog/1678247/prototype-14-is-now-live,,2026-09-28
https://claudxerxes.itch.io/the-flagellant/devlog/1678248/the-flagellant-v16,,2026-09-28
https://ivopixl.itch.io/turbo-horizon-run/devlog/1678249/franois-turbo-horizon-run-v1014-is-out,,2026-09-28
https://hermana-astral.itch.io/nanako/devlog/1678250/chapter-6-7-and-8-are-now-available-new-updates,,2026-09-28
https://smiling-astro.itch.io/better-null-decompile-base/devlog/1678251/very-insane-update,,2026-09-28
https://itch.io/blog/1678252/072096,,2026-09-28
https://capitanloxso-git.itch.io/paja-corp-entreprise-zombercooked/devlog/1678253/devlog-2,,2026-09-28
https://hermana-astral.itch.io/nanako/devlog/1678254/chapter-9-and-10-are-now-available-new-updates,,2026-09-28
https://flynn974.itch.io/god-of-the-sun/devlog/1678255/public-release-of-chapter-3,,2026-09-28
https://ember-sprout.itch.io/apothecary-village/devlog/1678256/apothecary-village-is-out-cozy-pixel-town-in-summer-winter,,2026-09-28
https://z3er1n.itch.io/ui-forge/devlog/1678257/v15-the-packed-atlases-now-carry-v14s-fix,,2026-09-28
https://roadkillcandy.itch.io/endless-fly-with-mr-skull/devlog/1678258/new-cover-art,,2026-09-28
https://cosmic-hat-games.itch.io/duels-of-fortune/devlog/1678259/new-fighter-cain-the-punisher-version-0150-is-live,,2026-09-28
https://kaikaipro.itch.io/survive-to-sostenibilidad/devlog/1678260/final-update-10,,2026-09-28
https://kishimaxd.itch.io/witchbane/devlog/1678261/witchbane-is-now-on-itchio,,2026-09-28
https://derindev.itch.io/texture-gen/devlog/1678262/free-tool-paid-source-,,2026-09-28
https://nirametales.itch.io/first-game-test/devlog/1678263/the-lady,,2026-09-28
https://itch.io/blog/1678264/super-zsnes-v0310-released,,2026-09-28
https://ldoren.itch.io/greenfire/devlog/1678265/v124-more-room-for-the-chain-reactions,,2026-09-28
https://adhastudio.itch.io/cubestra/devlog/1678266/major-update-rank-system-daily-login-15-achievements,,2026-09-28
https://thebluemon.itch.io/digibara/devlog/1678267/new-version-083,,2026-09-28
https://smz1.itch.io/silent-clock/devlog/1678268/silent-clock-now-for-free,,2026-09-28
https://dokkodolabs.itch.io/neo-forge/devlog/1678270/neo-forge-mtg-is-now-on-android-play-commander-vs-ai-on-your-phone-free-and-offline,,2026-09-28
https://itch.io/blog/1678271/new-project-coming-soon-after-closing,,2026-09-28
https://pyrio.itch.io/ironbloom/devlog/1678272/ironbloom-01229-spell-sounds-and-a-faster-standard-bot,,2026-09-28
https://shmoky.itch.io/furhouse-pilot/devlog/1678273/episode-4-finally-out,,2026-09-28
https://kdebczynski.itch.io/pirates-and-the-undead-treasure/devlog/1678274/enemies-hazards-and-traps,,2026-09-28
https://lyeeedar.itch.io/ascend-from-nine-mountains/devlog/1678275/0714-sect-system-part-1,,2026-09-28
https://natesabelhaus.itch.io/tile-check/devlog/1678276/v004-92628,,2026-09-28
https://blushingmelon.itch.io/deepfall/devlog/1678277/power-grid-fixes-an-aimed-headlamp-and-clearer-instructions,,2026-09-28
https://itch.io/blog/1678278/robot-pack-finally-out,,2026-09-28
https://itch.io/blog/1678279/devlog-1-delivery-dash-first-real-game-loop-done,,2026-09-28
https://countermarch.itch.io/siegetide/devlog/1678280/new-gameplay-video-and-demo-0517-save-resume-twelve-warlords,,2026-09-28
https://jonwalter.itch.io/frith-and-fell/devlog/1678281/build-5-the-tree-falls,,2026-09-28
https://cre8tivemediavault.itch.io/ryukage-run-rebirth/devlog/1678282/ryukage-run-rebirth-development-update-,,2026-09-28
https://yniviar.itch.io/scp-continued-path/devlog/1678283/1030-day-of-the-deer-god-update,,2026-09-28
https://kalamaya.itch.io/wingit/devlog/1678284/demo-started,,2026-09-28
https://ldoren.itch.io/greenfire/devlog/1678285/v125-target-zoom-fix-and-stable-terrain-sides,,2026-09-28
https://timorjack.itch.io/zunnu/devlog/1678286/version-060-clean-bucket-chains-hard-mode-change,,2026-09-28
https://samfrog95-dev.itch.io/the-pond/devlog/1678287/the-pond-demo-coming-hopefully-very-soon,,2026-09-28
https://timezonitch.itch.io/bush-cutter-simulator-remastered/devlog/1678288/bush-cutter-launch,,2026-09-28
https://tsnl.itch.io/the-bloom-wars-amaranth-reachdemo/devlog/1678289/demo-updated-a-prologue-the-stuff-i-promised-last-post-and-text-boxes-that-stay-put,,2026-09-28
https://modcore.itch.io/modcore-extension-manager/devlog/1678290/modcore-extension-manager-248-beta-release-2,,2026-09-28
https://copium48.itch.io/finding-blue/devlog/1678291/finding-blue-has-been-ported-to-pc-in-9262026,,2026-09-28
https://1337misterzero.itch.io/1337-netrunners/devlog/1678293/dlcs,,2026-09-28
https://flyformstudio.itch.io/halloween-coupon-book-kids/devlog/1678294/halloween-coupon-book-for-kids-now-available,,2026-09-28
https://darkscriptstudiogames.itch.io/fractured-mind/devlog/1678295/i-finally-got-footsteps-working,,2026-09-28
https://broken-future-games.itch.io/novo-the-colony-demo/devlog/1678296/novo-the-colony-demo-looking-for-feedback,,2026-09-28
https://dev-niewolny.itch.io/jacks-last-house/devlog/1678297/ver-11-and-updates,,2026-09-28
https://sebastian050809.itch.io/hamster-simulator/devlog/1678298/a-update-and-a-free-dlc,,2026-09-28
https://dacdagger.itch.io/lets-tidy-up-toys/devlog/1678299/developing-a-ps1-style-tidy-up-game-with-5000-objects,,2026-09-28
https://melinda2424.itch.io/melindas-life-2/devlog/1678300/melindas-life-2-the-great-feast-of-evil-is-now-on-sale,,2026-09-28
https://dacdagger.itch.io/lets-tidy-up-toys/devlog/1678301/graphic-progress-optimizing-5000-objects,,2026-09-28
https://lxcan-studios.itch.io/old-ways/devlog/1678302/bad-news-about-update-v-101-for-old-ways,,2026-09-28
https://applechr.itch.io/meshfall/devlog/1678303/251-sappers-split-up-the-work-and-the-tutorial-starts-with-how-to-give-orders,,2026-09-28
https://mroishikay.itch.io/dream-of-px9/devlog/1678304/updae-v1012,,2026-09-28
https://zortanis.itch.io/pocket-dynasty/devlog/1678305/ratings-matter-on-every-snap-matchday-gameplay-update,,2026-09-28
https://team-northern-lights.itch.io/trustinthestarsbeta/devlog/1678306/beta-goes-green,,2026-09-28
https://savageafperformance.itch.io/squarebody-chevy/devlog/1678308/savageafsquare,,2026-09-28
https://akanke.itch.io/cmh-clt/devlog/1678309/devlog-uhcomposerlog,,2026-09-28
https://zstarczali.itch.io/tricy-tetris/devlog/1678310/tricky-tetris-11-is-out,,2026-09-28
https://dispatches.itch.io/dispatches-1940/devlog/1678311/devlog-11-battle-mode,,2026-09-28
https://gnarledmonster.itch.io/beyond-the-borderlands-1/devlog/1678312/from-the-wicked-valley-to-the-brazenwood,,2026-09-28
https://koktel-studio.itch.io/ferma-man/devlog/1678313/pre-alpha-012,,2026-09-28
https://lacunae-o.itch.io/perpetura/devlog/1678314/v1125-the-edit-and-every-path-through-it,,2026-09-28
https://syntaxflow.itch.io/brainloot-clicker/devlog/1678315/version-272-is-out-heres-what-changed,,2026-09-28
https://retrogames12.itch.io/test-racer/devlog/1678316/test-racer,,2026-09-28
https://ldoren.itch.io/greenfire/devlog/1678318/v126-choose-your-view-wide-or-action-camera,,2026-09-28
https://cprince10.itch.io/speed-nfl/devlog/1678319/update-september-2026-2,,2026-09-28
https://amazeing.itch.io/dungeon-mazes-honour-of-sprites/devlog/1678320/older-devices-can-now-run-the-game,,2026-09-28
https://datexai.itch.io/api-ai-v11-nexus-intelligence-advanced-ai-tool-for-developers/devlog/1678321/how-i-got-412-ctr-v11-nexus-update,,2026-09-28
https://josephbradfordpresents.itch.io/heic-photo-fixer/devlog/1678322/making-app-free,,2026-09-28
https://kddragon.itch.io/kds-vore-roguelike/devlog/1678324/version-201,,2026-09-28
https://glasstear.itch.io/heroes-appeal/devlog/1678325/new-character,,2026-09-28
https://2klabz.itch.io/thensl42nd/devlog/1678326/-the-nsl-42nd-edition-update-30-,,2026-09-28
https://nibazi.itch.io/occult-shop-clicker/devlog/1678327/occult-shop-clicker-released,,2026-09-28
https://gl4dr3x.itch.io/board-game-tycoon/devlog/1678328/0411-the-catch-up-build-everything-since-044,,2026-09-28
https://conito-16.itch.io/h-v-juego/devlog/1678329/correccin-de-texturas,,2026-09-28
https://arturman.itch.io/pongclash/devlog/1678330/the-grip-is-fixed-now-for-the-movements-devlog-3,,2026-09-28
https://josephbradfordpresents.itch.io/velocity-speedometer/devlog/1678331/making-app-free,,2026-09-28
https://noprururu.itch.io/himarimeimeivssuccubus/devlog/1678332/bug-fix-updates-ver-107-released,,2026-09-28
https://night-game-lab.itch.io/heroes-of-ander-city/devlog/1678334/release-of-the-web-version-of-the-game-heroes-of-andercity,,2026-09-28
https://risanf-llc.itch.io/final-fantasy-platformer/devlog/1678336/final-fantasy-platformer-v300-ultros-and-king-slime,,2026-09-28
https://gamedev2132432.itch.io/httpsclassroomcommandcentrebase44app/devlog/1678337/warnings,,2026-09-28
https://dpmaker.itch.io/the-fallen-princess/devlog/1678339/added-shop,,2026-09-28
https://dream-lantern.itch.io/insert-coin/devlog/1678340/insert-coin-v13,,2026-09-28
https://banana-gun-games.itch.io/banana-bash-regrown/devlog/1678341/beta-v100,,2026-09-28
https://mnp-sorn.itch.io/mise-en-place/devlog/1678342/from-omelette-to-tasting-menu-8-new-dishes,,2026-09-28
https://lycheeluc.itch.io/stay-with-me/devlog/1678343/demo-out,,2026-09-28
https://williamfburk.itch.io/brave-quest-emerald-sword/devlog/1678344/brave-quest-emerald-sword-launches-on-930,,2026-09-28
https://odinsongamesgmailcom.itch.io/witches-of-the-wenderweald-core-rules/devlog/1678345/fixed-bleed-on-page-32,,2026-09-28
https://datexai.itch.io/ai-v12-architect-omega/devlog/1678346/v13-dev-mode-is-coming-soon-10x-stronger-than-v12-100x-stronger-than-v11-,,2026-09-28
https://finnder.itch.io/dice-knight/devlog/1678347/the-gambling-update-d,,2026-09-28
https://theneuronaut.itch.io/the-army-of-justice-nsfw/devlog/1678348/army-of-justice-1-nsfw-is-live,,2026-09-28
https://christianvadillo.itch.io/caso-abierto/devlog/1678349/106-the-answers-arent-in-the-files-anymore,,2026-09-28
https://itch.io/blog/1678350/pre-brick-1-checkpoint-2026-09-26,,2026-09-28
https://itch.io/blog/1678351/third-person-shooter-sale-62-off,,2026-09-28
https://chris-tutorials.itch.io/grid-placement-godot/devlog/1678352/612-bug-fixes,,2026-09-28
https://xenon-dev.itch.io/carbon-line/devlog/1678353/half-of-what-i-described-last-time-was-not-actually-happening,,2026-09-28
https://zero422.itch.io/ascia/devlog/1678354/ascia-prototype-september-26-2026,,2026-09-28
https://ducktor-cid.itch.io/platypet/devlog/1678355/a-lot-of-emotions-actually-only-one,,2026-09-28
https://herodota.itch.io/legendarium/devlog/1678356/beta-3,,2026-09-28
https://slybalto.itch.io/hyperboard-extreme/devlog/1678357/hyperboard-extreme-v10-is-here,,2026-09-28
https://planarian.itch.io/mettle-core/devlog/1678358/mettle-core-v-190-update,,2026-09-28
https://planarian.itch.io/mutananny-playtest/devlog/1678359/mutananny-playtest-version-21,,2026-09-28
https://pammy-works.itch.io/sonic-ids-quest/devlog/1678360/patreon-release-v021,,2026-09-28
https://cx99industry.itch.io/bomberonlinewc/devlog/1678361/rebuilding-the-engine-while-the-arena-keeps-running,,2026-09-28
https://ldoren.itch.io/greenfire/devlog/1678362/v127-closer-to-the-chaos-steadier-camera,,2026-09-28
https://littlecodingfox.itch.io/fairtravelbattle/devlog/1678363/post-launch-update-3,,2026-09-28
https://zirk-studios.itch.io/street-racer-underground-3d/devlog/1678364/ha-llegaod-la-v180,,2026-09-28
https://ringside.itch.io/ringside/devlog/1678365/alpha-3-open-alpha-is-now-here-free-to-play,,2026-09-28
https://twoforgames.itch.io/horde-sweepers/devlog/1678366/just-a-regular-pistol-,,2026-09-28
https://sheetterror.itch.io/nation-towers/devlog/1678367/how-it-is-built-one-character-per-brick,,2026-09-28
https://tsmwdevelopment.itch.io/damn-zombies-the-corporate-undead/devlog/1678368/beta-40-clearer-combat-feedback,,2026-09-28
https://itch.io/blog/1678370/my-low-poly-animation-pack-in-unity-assets-store,,2026-09-28
https://zirk-studios.itch.io/street-racer-underground-3d/devlog/1678371/actualizacion-de-precio,,2026-09-28
https://ravs-rambles.itch.io/flowers-and-devotion/devlog/1678372/chapter-10-release,,2026-09-28
https://gtsdev.itch.io/giantess-survival-game/devlog/1678373/-devlog-1-surviving-a-giant-world-at-one-centimeter-tall,,2026-09-28
https://roghunks.itch.io/luis-freddy-chapter-3/devlog/1678374/new-update-posted-on-patreon-coming-here-soon,,2026-09-28
https://tilleby.itch.io/logic-system/devlog/1678375/logic-system-beta-01-another-day-another-update,,2026-09-28
https://adhastudio.itch.io/cubestra/devlog/1678376/changelog-all-fixes-improvements-since-launch,,2026-09-28
https://echtrae.itch.io/dorus-menman/devlog/1678377/v102,,2026-09-28
https://eithancrea.itch.io/cube-adventure/devlog/1678378/cube-adventure-the-lost-shards-v065,,2026-09-28
https://pressedelephant.itch.io/elfie-a-sand-plan/devlog/1678380/elfie-a-sand-plan-demo-web-version,,2026-09-28
https://foxcuukinho.itch.io/polytes/devlog/1678381/status-gameplay-video,,2026-09-28
https://longusername.itch.io/bloxkly-world/devlog/1678382/update-130,,2026-09-28
https://iconicxpgames.itch.io/hearth-and-fortune/devlog/1678384/choosing-a-trade-the-first-workshop,,2026-09-28
https://itch.io/blog/1678385/92726,,2026-09-28
https://nikohog.itch.io/prj-cquads/devlog/1678386/devlog-7-062,,2026-09-28
https://sneder.itch.io/la-famiglia/devlog/1678387/la-famiglia-bta-v051-familles-communications-quipements,,2026-09-28
https://hyper2101.itch.io/mewtations-dogma-demo/devlog/1678388/the-mewtations-dogma-demo-is-live,,2026-09-28
https://slesanduyt.itch.io/slime-quest-begin/devlog/1678389/slime-quest-begin-begin-,,2026-09-28
https://vannys.itch.io/massacre-among-the-trees/devlog/1678390/alert-,,2026-09-28
https://jgesq.itch.io/magick-shadows-ii-third-reich-babelsberg/devlog/1678391/one-night-at-babelsberg,,2026-09-28
https://strafespey.itch.io/warlock/devlog/1678392/steam-version-coming-october-27th,,2026-09-28
https://atcsimandmagic.itch.io/atccleared-for-takeoff-budapest-airport-06/devlog/1678393/atc-cleared-for-takeoff-queen-of-the-skies,,2026-09-28
https://nalimw.itch.io/maze/devlog/1678394/a-walk-through-the-ship-module-2-mars-and-whats-next,,2026-09-28
https://gamesbyleifj.itch.io/astro-kick/devlog/1678395/about-the-game,,2026-09-28
https://json-dev.itch.io/hollow-knight-together/devlog/1678396/full-game-releases-november-18,,2026-09-28
https://xetrovqq.itch.io/drones-vs-drunks-2/devlog/1678397/update-17-17,,2026-09-28
https://galaxcito.itch.io/pit-wall-24/devlog/1678398/update-110-career-mode-4-new-circuits-6-languages,,2026-09-28
https://gc-studios.itch.io/gothcuck/devlog/1678399/gothcuck-015-massive-update,,2026-09-28
https://manstudio.itch.io/man-studio/devlog/1678401/on-december-30-mnc-and-sia,,2026-09-28
https://nateharmsfpv.itch.io/base-matter/devlog/1678402/base-matter-032-guided-tutorial-linux-support,,2026-09-28
https://itch.io/blog/1678403/the-homeowners-essential-guide-to-mattress-hygiene-and-deep-fiber-care,,2026-09-28
https://gamezeternal.itch.io/project-chromata/devlog/1678404/patch-notes-222,,2026-09-28
https://lewdlore.itch.io/isekai-fantasy/devlog/1678405/public-release-isekai-fantasy-patch-025,,2026-09-28
https://atlinov.itch.io/ballseek/devlog/1678406/ballseek-102,,2026-09-28
https://robofoundry.itch.io/polonova/devlog/1678407/improved-game-description-and-instructions,,2026-09-28
https://aikidobonheiden.itch.io/dojo-scene/devlog/1678408/devlog-v90-auto-dojo-with-etiquette-observer,,2026-09-28
https://ieatpizzaforl0lz.itch.io/wip/devlog/1678409/ver-075,,2026-09-28
https://hinotsuba.itch.io/tsubaki-tts-engine/devlog/1678410/tsubaki-tts-engine-v108-webgpu-and-vulkan-support,,2026-09-28
https://atlinov.itch.io/ballseek/devlog/1678411/ballseek-102,,2026-09-28
https://jkl008.itch.io/all-nighters-at-noriaki-high/devlog/1678412/update-v13,,2026-09-28
https://ralphnemesis.itch.io/bio-submariner-dx/devlog/1678413/bio-submariner-dx-demo-v4-update,,2026-09-28
https://vortexassetstudio.itch.io/cyberpunk-gothic-rpg-items-gear-77-icons/devlog/1678414/devlog-expand-your-inventory-cyberpunk-gothic-rpg-items-77-icons-is-live,,2026-09-28
https://albroz-studio.itch.io/terminal-express/devlog/1678415/lfs-this-game-needs-a-unity-developer-volunteer,,2026-09-28
https://pinec.itch.io/korafo/devlog/1678416/showdown-update-,,2026-09-28
https://samsaaam.itch.io/bato-bato/devlog/1678417/post-jam-patch,,2026-09-28
https://bdaseawolf2.itch.io/lendore-iv-painted-tactics/devlog/1678419/updates,,2026-09-28
https://gusmediaworks.itch.io/fallmatch/devlog/1678421/124-the-proof-on-screen,,2026-09-28
https://ball-man-pt.itch.io/ball-man-saves-his-devs/devlog/1678422/lets-check-up-on-this-a-bit,,2026-09-28
https://littlenapoleon.itch.io/changelingtale/devlog/1678423/android-demo-update,,2026-09-28
https://toucantsam.itch.io/heads-tails-tooth-scale/devlog/1678424/v101,,2026-09-28
https://littlenapoleon.itch.io/changelingtalealpha/devlog/1678426/191r-updated-android-build,,2026-09-28
https://timezonitch.itch.io/somehow-alive/devlog/1678427/explicit-warning,,2026-09-28
https://bitcalibergames.itch.io/picodateplaydate/devlog/1678428/picodate-015-full-screen-game-specific-optimizations,,2026-09-28
https://3005jin.itch.io/sweet-instincts/devlog/1678429/spooktober-entry,,2026-09-28
https://olimakesgamez.itch.io/my-first-platforming-game/devlog/1678430/i-will-start-making-games-now,,2026-09-28
https://moselysoftware.itch.io/rebel-sector/devlog/1678431/java-corner-java-and-the-1000000000-mistake,,2026-09-28
https://moab6323.itch.io/arcbattle/devlog/1678432/arcbattle-development-update-17,,2026-09-28
https://gd-souppp.itch.io/the-integration-protocol/devlog/1678433/11-release,,2026-09-28
https://overworked-peon.itch.io/raider-trainer/devlog/1678434/raider-trainer-v007-is-now-out-for-overseers,,2026-09-28
https://dmzemo.itch.io/somnia/devlog/1678435/v-301-302,,2026-09-28
https://ktos9802.itch.io/lost-in-concrete/devlog/1678436/release-071,,2026-09-28
https://itch.io/blog/1678437/new-way-to-get-to-know-me-,,2026-09-28
https://gustav-in.itch.io/parcel-protocol-dispatch/devlog/1678438/parcel-protocol-dispatch-v12-clearer-first-shift-no-guesswork,,2026-09-28
https://moglitch.itch.io/call-thiefter/devlog/1678439/call-thiefter-mobile-26,,2026-09-28
https://jt-games-studios.itch.io/undertale-echoes-of-determination/devlog/1678440/undertale-echoes-of-determination-j-tem-verso-pra-pc,,2026-09-28
https://fateindustries.itch.io/tds-v013/devlog/1678441/huge-update-for-cbanimeditor-released,,2026-09-28
https://hntr-studios.itch.io/food-empire-simulator/devlog/1678442/041,,2026-09-28
https://goldenunicorn.itch.io/boys-in-the-dark/devlog/1678443/its-finally-here,,2026-09-28
https://storedraumen-games.itch.io/stdr-1/devlog/1678444/new-in-14-and-13,,2026-09-28
https://sihlem.itch.io/mobilemmasim-full/devlog/1678445/title-mobile-mma-sim-v21803-full-web-version-now-downloadable,,2026-09-28
https://wilcb.itch.io/pixel-art-potion-pack-1616/devlog/1678446/update-101-individual-png-files-license,,2026-09-28
https://metajelani.itch.io/filehomechronosu-c0f0fc0be6b11790e4e914fb0de215d723d2cf7emyfilesdownload/devlog/1678447/111,,2026-09-28
https://snapmods.itch.io/monster-cock-attack-naughty-nightmares-community-pack/devlog/1678448/naughty-nightmares-horror-pack,,2026-09-28
https://gill066.itch.io/force-majeure/devlog/1678449/mission-update,,2026-09-28
https://theprofiler.itch.io/el-perfilador-caso-01-sin-prisa/devlog/1678450/nuevo-caso-00-diez-minutos-de-formacin-antes-de-este-expediente,,2026-09-28
https://daylanc89.itch.io/lighting-taggers/devlog/1678451/new-update,,2026-09-28
https://chuongcc.itch.io/cows-heart/devlog/1678452/demo-update-the-big-boss-buffalo-learned-more-than-headbutts,,2026-09-28
https://ohhigames.itch.io/carnifeks/devlog/1678453/update-21,,2026-09-28
https://voigtcarsten4-rgb.itch.io/wave-bite-water-patrol/devlog/1678454/dein-erster-einsatz-browser-demo-und-mobile-versionen-von-water-patrol,,2026-09-28
https://mastercoding101.itch.io/cube-wars-reborn/devlog/1678455/cube-wars-reborn-patch-notes-reborn-101,,2026-09-28
https://lucabicono.itch.io/entangled-game/devlog/1678456/devlog-092626,,2026-09-28
https://0xkot.itch.io/the-cradle-episode-01/devlog/1678457/the-cradle-episode-1-is-out,,2026-09-28
https://v-alorie.itch.io/rapere/devlog/1678458/the-gang-writes-a-summer-update,,2026-09-28
https://alltinker.itch.io/wcat/devlog/1678459/hotfix-for-100,,2026-09-28
https://mrmgames.itch.io/voxel-ocean-animals-pack-2/devlog/1678460/released-voxel-ocean-animals-pack-2,,2026-09-28
https://notsospecialgames.itch.io/the-additional-dimension/devlog/1678461/localization-update,,2026-09-28
https://aranclanos.itch.io/maid-cafe-coop/devlog/1678462/weekly-update-emotes,,2026-09-28
https://lettorixx.itch.io/the-coin-for-milady/devlog/1678463/next-update-announcement,,2026-09-28
https://jjkittyy.itch.io/deities-and-demons-tiles-16x16/devlog/1678464/deities-demons-tiles-is-out-heaven-hell-196-pieces-,,2026-09-28
https://snowman64.itch.io/frostx-jam/devlog/1678465/now-on-sonic-fan-games-hq,,2026-09-28
https://checkmate101.itch.io/brackeys-2026-2/devlog/1678466/v020-first-post-jam-update,,2026-09-28
https://robfab85.itch.io/mistar/devlog/1678467/beta-0911-clearer-battles-3d-explosions-and-improved-defenses,,2026-09-28
https://team-northern-lights.itch.io/trustinthestarsbeta/devlog/1678468/beta-build-1-patch-1,,2026-09-28
https://derrickmoore.itch.io/not-halo/devlog/1678469/something-gandalf-said,,2026-09-28
https://00kereru.itch.io/thirteenth-goddess/devlog/1678470/v014-public-release,,2026-09-28
https://fififafi.itch.io/janky-robbery/devlog/1678471/version-20,,2026-09-28
https://matyjofre.itch.io/shade-mansion/devlog/1678472/devlog-2-encendiendo-el-lente-cromtico-y-organizacin-del-equipo,,2026-09-28
https://fraternitygames.itch.io/sanctuary-engine/devlog/1678473/-sanctuary-engine-v1003-astro-miner-pre-beta-update,,2026-09-28
https://retrogames12.itch.io/test-racer-ii/devlog/1678474/test-racer-ii,,2026-09-28
https://wirelessjava.itch.io/everrealm/devlog/1678475/gutter-reach,,2026-09-28
https://tortikc.itch.io/midnight-stream-guard/devlog/1678476/midnight-stream-guard-is-live-on-itchio,,2026-09-28
https://vellium-studios.itch.io/hollow-petals/devlog/1678477/hollow-petals-is-finally-out-now,,2026-09-28
https://n1kozor.itch.io/cotton-city-alpha-demo/devlog/1678478/cotton-city-alpha-004,,2026-09-28
https://aetherfall-game.itch.io/aetherfall/devlog/1678479/update-3-three-new-blackstar-heroes-animated-heroes-and-camera-zoom,,2026-09-28
https://da-cating.itch.io/cao-studio-launcher/devlog/1678480/cao-studio-launcher-is-now-available,,2026-09-28
https://devichix.itch.io/vanguards-descent/devlog/1678481/version-030-combat-redesign-and-dungeon-branching,,2026-09-28
https://ns-studio.itch.io/cknight-episode-1/devlog/1678482/chthonic-knight-launch,,2026-09-28
https://storedraumen-games.itch.io/impact-sweetener-designer-sfx/devlog/1678483/new-in-111,,2026-09-28
https://linkakami.itch.io/field-mouse/devlog/1678484/raffle-selection,,2026-09-28
https://hqr123.itch.io/in-a-parallel-universe/devlog/1678485/v13-asteria-919-patreon-release,,2026-09-28
https://uchtoshi.itch.io/shinobi-jutsu-training/devlog/1678486/v4,,2026-09-28
https://hitbox-games.itch.io/rabbit-in-autumn/devlog/1678487/unity-66-migration-and-improvements,,2026-09-28
https://yoz75.itch.io/genial/devlog/1678488/genial-110-update-for-genial,,2026-09-28
https://ladylucyxx.itch.io/lopf/devlog/1678489/tiny-update,,2026-09-28
https://theerogueone.itch.io/that-new-teacher/devlog/1678490/010-progress-report-5,,2026-09-28
https://tortikc.itch.io/cyber-grave-night-shift/devlog/1678491/cyber-grave-night-shift-is-live-on-itchio,,2026-09-28
https://jt-games-studios.itch.io/undertale-echoes-of-determination/devlog/1678492/update-1-interface-renovada,,2026-09-28
https://young-and-naughty.itch.io/academy34/devlog/1678493/free-zahera-part-4-public-release,,2026-09-28
https://tortikc.itch.io/echo-letters/devlog/1678494/echo-letters-is-live-every-message-changes-what-survives,,2026-09-28
https://snow-g.itch.io/wheeeee/devlog/1678495/wheeeee-major-update,,2026-09-28
https://xzgur.itch.io/circle13/devlog/1678496/update-the-order-die-a-hotter-gun-and-a-fist-on-the-table,,2026-09-28
https://cnava.itch.io/dungeonsweeper/devlog/1678497/v194-notes,,2026-09-28
https://cringebear.itch.io/outlined-by-a-scythe/devlog/1678498/12-patch-notes,,2026-09-28
https://maxwolffurry.itch.io/tales-of-the-mystery-guild/devlog/1678499/tales-of-the-mystery-guild,,2026-09-28
https://jeff3659.itch.io/inflation-streamer-simulator/devlog/1678500/bugfix-101-92626,,2026-09-28
https://heyheythere.itch.io/scene-transitions/devlog/1678501/one-shader-32-scene-transitions-every-style-is-a-threshold-map,,2026-09-28
https://josephbradfordpresents.itch.io/ashfall-demo/devlog/1678502/demo-up-and-running-correctly-now,,2026-09-28
https://chronotope.itch.io/grids/devlog/1678503/releasing-early-version,,2026-09-28
https://voxostudio.itch.io/nexa-chat/devlog/1678504/update-v11,,2026-09-28
https://hankkkk2.itch.io/cat-vs-boxes/devlog/1678505/big-update-coming-soon,,2026-09-28
https://afewroads.itch.io/a-few-roads-v04/devlog/1678506/a-few-roads-v042-release,,2026-09-28
https://estrandvold.itch.io/inner-sanctum-of-the-immortal-scorpion/devlog/1678507/new-version-released,,2026-09-28
https://rwde.itch.io/e-e-e-e/devlog/1678508/v242-released,,2026-09-28
https://juba13.itch.io/pcb-defense/devlog/1678509/-whats-new-v11,,2026-09-28
https://mapleville.itch.io/mapleville/devlog/1678510/mapleville-maintenance-tonight-september-27-12-am6-am-est,,2026-09-28
https://midnight-takoyaki.itch.io/sol-unchained/devlog/1678511/the-free-sol-unchained-demo-is-live,,2026-09-28
https://tiberiuscreator.itch.io/worlds-first-tiberscript-game/devlog/1678512/a-full-tiberscript-11-remake-of-the-worlds-first-tiberscript-game,,2026-09-28
https://via415.itch.io/greater-diplomacy-5/devlog/1678513/v38,,2026-09-28
https://checksumstudio.itch.io/kigu/devlog/1678514/130-changelog,,2026-09-28
https://itch.io/blog/1678515/simple-cars-6464,,2026-09-28
https://mrfoxygames.itch.io/breeding-my-waifu/devlog/1678516/thank-you-seriously,,2026-09-28
https://lowpolysaint.itch.io/just-one-drop/devlog/1678517/invite-friends-for-new-looks-plus-the-first-aura-update-0312,,2026-09-28
https://crookedstonestudios.itch.io/under-the-elm-free-demo/devlog/1678518/under-the-elm-058-gifts-outfits-and-a-gentler-midnight,,2026-09-28
https://theslantedroom.itch.io/mma-tactics/devlog/1678519/the-mma-tactics-demo-is-up-on-itch,,2026-09-28
https://spenteacher.itch.io/reset-404/devlog/1678520/stable-version-released-android-port,,2026-09-28
https://eddy-andrson.itch.io/humanoides-corrompidos/devlog/1678521/fecha-de-publicacin,,2026-09-28
https://wizorge.itch.io/wender/devlog/1678522/v07-hotfix-furnace-doesnt-drain-anymore-when-off,,2026-09-28
https://agloe.itch.io/everchronicle/devlog/1678523/120-a-history-worth-keeping,,2026-09-28
https://mar-de-oro.itch.io/mar-de-oro/devlog/1678524/the-players-handbook-is-now-the-setting-guide,,2026-09-28
https://blueslime32.itch.io/tempo-game/devlog/1678525/its-out-temp-is-real,,2026-09-28
https://gabooae.itch.io/nybble-nibble/devlog/1678526/nybble-nibble-is-out-now-for-the-commodore-64,,2026-09-28
https://cotera.itch.io/star-cube/devlog/1678527/star-cube-update-new-bosses-mechanics-and-optimization,,2026-09-28
https://juiceboxxz.itch.io/ever-dream-this-man/devlog/1678528/major-overhauls,,2026-09-28
https://elizg57922.itch.io/quest-for-the-ring/devlog/1678529/minor-update,,2026-09-28
https://elizg57922.itch.io/harry-potter-quest/devlog/1678530/minor-update,,2026-09-28
https://josephbradfordpresents.itch.io/rpg-sprite-foundry/devlog/1678531/rpg-sprite-foundry-call-to-beta-testers,,2026-09-28
https://simon-megato.itch.io/pcela-zorka/devlog/1678532/good-bee-zorka-devlog-1,,2026-09-28
https://circledude-64.itch.io/ball-race-game/devlog/1678534/166266,,2026-09-28
https://pluhinc.itch.io/maximal-bastion/devlog/1678535/v020,,2026-09-28
https://otaku-argento.itch.io/imo-tsuyo/devlog/1678536/waifus-v033,,2026-09-28
https://checksumstudio.itch.io/part-spout/devlog/1678538/020-changelog,,2026-09-28
https://ractave.itch.io/wormery/devlog/1678539/regarding-the-use-of-ai,,2026-09-28
https://sharkboyboy12345678.itch.io/mech-mercenaries/devlog/1678540/update-0007,,2026-09-28
https://kamaleon70.itch.io/spaceship-atari-2600/devlog/1678541/new-boss-graphics-and-universal-ntscpal60-support,,2026-09-28
https://simon-megato.itch.io/revenge-of-the-good-guy-detective/devlog/1678542/devlog-1-the-beginning-of-the-revenge,,2026-09-28
https://skippy1000.itch.io/the-forgotten-planet/devlog/1678543/the-forgotten-planet-demo-update-1-hotfix,,2026-09-28
https://bird-grylls.itch.io/plume/devlog/1678544/v060-major-update-journal-maps-difficulties-levels,,2026-09-28
https://simon-megato.itch.io/skull-kingdom-the-forgotten-king/devlog/1678545/skull-kingdom-the-forgotten-king-from-concept-to-3d,,2026-09-28
https://skiwgof.itch.io/winnie-a-la-ferme/devlog/1678547/new-update-version-25-and-announcements,,2026-09-28
https://raxdg.itch.io/debasing-grounds/devlog/1678548/v060-release,,2026-09-28
https://pyrio.itch.io/ironbloom/devlog/1678549/ironbloom-01230-the-standard-bot-keeps-fighting-and-a-lighter-simulation,,2026-09-28
https://hurdox-yulo.itch.io/voxora-tts-stream-bot/devlog/1678550/-voxora-tts-stream-bot-integracin-con-minecraft-y-emotes-de-twitch,,2026-09-28
https://quietforgetools.itch.io/rfq-catalogue-matcher-offline-line-item-matching-tool/devlog/1678551/released-offline-rfq-catalogue-matcher-9,,2026-09-28
https://undeathical.itch.io/the-drowned-table-demo/devlog/1678552/02219-a-restless-table-windows-and-android-demos,,2026-09-28
https://thenewhelpmeeeeeehuy.itch.io/sb3-to-html-showcase/devlog/1678553/keyboard-suport-260926,,2026-09-28
https://murch-dev.itch.io/meteor-mash/devlog/1678554/v0236,,2026-09-28
https://r-a-dagran.itch.io/kastlevania-symphony-of-rondo/devlog/1678558/mejora-de-la-letra-r-del-logotipo,,2026-09-28
https://quietforgetools.itch.io/rfq-catalogue-matcher-offline-line-item-matching-tool/devlog/1678560/rfq-catalogue-matcher-is-live-9-offline-matched-ambiguous-unmatched,,2026-09-28
https://drleria.itch.io/riverside-murders/devlog/1678562/riverside-murders-102-a-cleaner-investigation-desk,,2026-09-28
https://sindorb.itch.io/nanokill/devlog/1678563/034,,2026-09-28
https://doggy-styles-studio.itch.io/abyssal-dominion-playtest/devlog/1678564/playtest-05-the-september-update,,2026-09-28
https://zackfrostgames.itch.io/icephone-os-v1-pro-demo/devlog/1678565/icephone-os-v1-demo,,2026-09-28
https://evil-wish995.itch.io/yet-another-simulator/devlog/1678566/version-015-awake,,2026-09-28
https://lguidolin.itch.io/the-last-toll/devlog/1678567/the-last-toll-is-out-the-first-two-nights-are-free-in-your-browser,,2026-09-28
https://itch.io/blog/1678568/eight-free-browser-games-from-tortikc-games,,2026-09-28
https://sallii.itch.io/gamefriend/devlog/1678569/10-release-is-out,,2026-09-28
https://0xkot.itch.io/the-cradle-episode-01/devlog/1678574/episode-1-update-new-voices-and-the-hero-now-speaks-with-my-voice,,2026-09-28
https://pixelprompt.itch.io/null-pointer/devlog/1678575/null-pointer-is-live-100-levels-20-bosses-built-with-ai,,2026-09-28
https://sihlem.itch.io/mobilemmasim/devlog/1678577/mobile-mma-sim-demo-update-in-progress,,2026-09-28
https://ravlo.itch.io/infinitedrive/devlog/1678578/infinite-drive-v121,,2026-09-28
https://itsashn.itch.io/anvil/devlog/1678580/anvil-0110-a-map-a-new-hud-and-gear-that-fits,,2026-09-28
https://novenu.itch.io/rebel/devlog/1678581/update-bosses-that-burp-level-ups-on-the-battlefield-3-new-enemies,,2026-09-28
https://duckbag.itch.io/bilac/devlog/1678582/bilac-v15,,2026-09-28
https://ritomath.itch.io/cloud-garden-post/devlog/1678583/cloud-garden-post-is-out-50-calm-delivery-puzzles-on-floating-islands,,2026-09-28
https://noobyfied.itch.io/nexusbox/devlog/1678584/mobile-sign-in-log-in-fix,,2026-09-28
https://itch.io/blog/1678585/striker-space-fighters-is-avaliable,,2026-09-28
https://vinerie.itch.io/reduxbaldi/devlog/1678587/new-unity-version,,2026-09-28
https://madifold.itch.io/centaur/devlog/1678588/skipskipskip,,2026-09-28
https://warren-peace.itch.io/lunarmancy/devlog/1678589/v02,,2026-09-28
https://thedarkl1ght.itch.io/city-of-secrets/devlog/1678590/city-of-secrets-v01600,,2026-09-28
https://sprunkiminty.itch.io/minus-b-reuploaded/devlog/1678591/download-files,,2026-09-28
https://2am.itch.io/psx-retro-framework-urp/devlog/1678593/psx-retro-framework-urp-launch-first-updates,,2026-09-28
https://vinerie.itch.io/reduxbaldi/devlog/1678594/now-there-is-a-000-launch-game,,2026-09-28
https://paintcangames.itch.io/blimpslimited/devlog/1678595/devlog-v249-shifting-gears-we-shrunk-the-games-installation-size,,2026-09-28
https://itch.io/blog/1678596/the-complete-ndp-gaming-bundle,,2026-09-28
https://hayley-dev.itch.io/ghor-full-game/devlog/1678597/ghor-devlog-4,,2026-09-28
https://metamaxct.itch.io/operacion-cobra/devlog/1678598/looking-for-playtesters-cover-peek-feedback,,2026-09-28
https://gabeenotthatguy.itch.io/kk2dx/devlog/1678599/its-out,,2026-09-28
https://derawer74.itch.io/cyber-shop/devlog/1678600/v022-is-out-patreon-access,,2026-09-28
https://xvcf.itch.io/brewberry/devlog/1678601/general-fixes,,2026-09-28
https://snozdev.itch.io/horde-puncher/devlog/1678603/daily-progress-putting-together-the-new-test-map,,2026-09-28
https://quasterx.itch.io/arcturus/devlog/1678604/arcturus-v001-pre-alpha-version-finally-released,,2026-09-28
https://lucasdoesdnb.itch.io/vs-lunatic-dad-chapter-1-michalec-armada/devlog/1678605/vs-lunatic-dad-chapter-1-michalec-armada-out-now-on-itchio,,2026-09-28
https://flowerwing.itch.io/klein-cut/devlog/1678606/full-demo,,2026-09-28
https://felipemarts.itch.io/krakovia/devlog/1678607/remake,,2026-09-28
https://felipemarts.itch.io/draw-world/devlog/1678608/first-version,,2026-09-28
https://mbrothers.itch.io/world-of-connections/devlog/1678609/dwarves-blood-regent-the-enemies-of-ember-forge,,2026-09-28
https://aiainaine.itch.io/better-on-paper/devlog/1678610/better-on-paper-out-now,,2026-09-28
https://thepavement.itch.io/voyager/devlog/1678611/a-new-place-to-explore,,2026-09-28
https://oggaly.itch.io/shadow-gorilla/devlog/1678612/new-cave-update,,2026-09-28
https://lucasdoesdnb.itch.io/friday-night-funkin-vs-lunatic-dad-chapter-2-michalec-armada/devlog/1678613/vs-lunatic-dad-chapter-2-wonderland-masquerade-out-now-on-itchio,,2026-09-28
https://runkostyaesy-entertaiment.itch.io/e-and-leaf/devlog/1678614/ember-leaf-zip-download-variant,,2026-09-28
https://salmarm.itch.io/la-parodia/devlog/1678615/mobile-devices-can-now-play,,2026-09-28
https://y-huink.itch.io/twig-simulator/devlog/1678616/update-420,,2026-09-28
https://d4rksh4d0w37642.itch.io/physics-bike/devlog/1678617/update-7-past-werent-posted,,2026-09-28
https://moonbit.itch.io/silk/devlog/1678618/giant-enemy-spider-horror,,2026-09-28
https://raxeris.itch.io/please-close-this-tab/devlog/1678619/bit-found-three-new-ways-out-update-3-new-chapters-a-fresh-coat-of-paint,,2026-09-28
https://jpenico.itch.io/citygame/devlog/1678620/v02167-dirt-roads-park-paths-boardwalks-and-a-new-town-hall,,2026-09-28
https://pdkmusic.itch.io/dawprojectpilot/devlog/1678621/041-update,,2026-09-28
https://rennoorgames.itch.io/thecottagesecret/devlog/1678622/the-cottage-secret-is-out,,2026-09-28
https://doorwatchers.itch.io/cycle-of-the-first-dawn/devlog/1678623/beta-123-the-largest-retroactive-update-so-far,,2026-09-28
https://dont-forget-rpg.itch.io/dont-forget-rpg/devlog/1678624/dont-forget-ficha-automtica,,2026-09-28
https://gokuchiro.itch.io/tortol-escape/devlog/1678625/tortol-escape-v15-stage-selector-stage-2-unlocks-mobile-fixes,,2026-09-28
https://nin2ds.itch.io/wait-for-daylight/devlog/1678626/version-004-update,,2026-09-28
https://fernandesrogerio.itch.io/sjg-battle-action-label/devlog/1678627/sjg-battle-action-label-v110-rounded-labels-icons-per-action-colors,,2026-09-28
https://darktower7899.itch.io/linxpaint/devlog/1678628/linux-has-been-updated,,2026-09-28
https://eterror.itch.io/basicfusion/devlog/1678629/255,,2026-09-28
https://neucia.itch.io/flight-attendant/devlog/1678630/a-curvy-flight-attendants-intimate-checkup-is-out-now,,2026-09-28
https://aquabob.itch.io/world-of-bobcraft/devlog/1678631/12-patch-notes,,2026-09-28
https://vinerie.itch.io/reduxbaldi/devlog/1678632/now-there-is-a-001-new-version,,2026-09-28
https://covil-do-lobo-solitario.itch.io/butterfly-in-effect/devlog/1678633/devlog-18-collision-tweaks-and-elemental-mechanics,,2026-09-28
https://cataclicktic-games.itch.io/clickhold/devlog/1678634/clickhold-official-demo-release,,2026-09-28
https://zvenyyy.itch.io/century-strategist/devlog/1678635/industry-20-beyond-update,,2026-09-28
https://fernandesrogerio.itch.io/sjg-battle-action-label/devlog/1678636/sjg-battle-action-label-v120-border-particles-and-more-expressive-combat-feedback,,2026-09-28
https://kylmaenen.itch.io/hyperblood-86/devlog/1678637/a-bunch-of-new-updates,,2026-09-28
https://bubbabba.itch.io/haunted-hollow/devlog/1678638/haunted-hollow-is-out-1476-halloween-top-down-pixel-art-assets-67-off-for-launch,,2026-09-28
https://palladin.itch.io/vantacalc/devlog/1678639/vantacalc-devlog-diving-into-q4-targets-2d-plotting-updates,,2026-09-28
https://francthe3dsnerd.itch.io/rabbidinho-stories-2-revamped/devlog/1678640/release-100,,2026-09-28
https://itch.io/blog/1678641/mobile-friendly-update,,2026-09-28
https://itch.io/blog/1678642/dimod,,2026-09-28
https://neckbyte.itch.io/my-roommate-is-a-femboy/devlog/1678643/version-07-reynas-current-finale-now-available-offline,,2026-09-28
https://loypure.itch.io/silence-of-shadows/devlog/1678644/more-information-about-the-project-what-comes-next,,2026-09-28
https://heyheythere.itch.io/weather-fx/devlog/1678645/full-screen-weather-that-stays-put-in-the-world-while-the-camera-moves,,2026-09-28
https://kitzgth.itch.io/kitzs-midnight-terror/devlog/1678646/initial-release,,2026-09-28
https://madbux.itch.io/overconfident-exorcist-101-early-access-ver/devlog/1678647/overconfident-exorcist-110,,2026-09-28
https://salt-tides.itch.io/salt-tides/devlog/1678648/-salt-tides-alpha-020-patch-notes,,2026-09-28
https://gabooae.itch.io/nybble-nibble/devlog/1678649/try-nybble-nibble-free-5-room-demo,,2026-09-28
https://dragulair.itch.io/tall-ladys-maze/devlog/1678650/the-game-is-complete,,2026-09-28
https://carlosgames.itch.io/zxsound-creator/devlog/1678651/zxsound-creator-liberado,,2026-09-28
https://erophenice.itch.io/dsorient/devlog/1678652/update-technical-improvement-and-hd-visual-overhaul,,2026-09-28
https://duckbag.itch.io/bilac/devlog/1678653/bilac-v151,,2026-09-28
https://jbirch2002.itch.io/roly-poly-roll/devlog/1678654/v111,,2026-09-28
https://m1tu.itch.io/goty-2027/devlog/1678655/devlog-2,,2026-09-28
https://nukeotron.itch.io/robot-maid-p-na-4/devlog/1678656/some-bug-fixes,,2026-09-28
https://salmarm.itch.io/la-parodia/devlog/1678657/anyone-willing-to-take-screenshots-of-my-game,,2026-09-28
https://francthe3dsnerd.itch.io/deathbent/devlog/1678658/chapter-1-demo-release,,2026-09-28
https://legoguy9875.itch.io/genies-and-dragons/devlog/1678659/patch-111,,2026-09-28
https://tarynherbert4gmailcom.itch.io/roomates/devlog/1678660/roomates,,2026-09-28
https://royalblack.itch.io/comic-danger/devlog/1678661/cosmic-danger-update-v21,,2026-09-28
https://064razor.itch.io/redline-riders-alpha/devlog/1678662/race-mode-in-the-works,,2026-09-28
https://polti.itch.io/hondovalle/devlog/1678663/hondovalle-update-pets-wonders-and-the-relic-sanctuary,,2026-09-28
https://katihima.itch.io/trio-loose/devlog/1678664/trio-loose-v017,,2026-09-28
https://ssstand.itch.io/space-aqua-puzzle-game-tbc/devlog/1678665/particles-optimization,,2026-09-28
https://itch.io/blog/1678666/damos-games-news-episode-3,,2026-09-28
https://projectoak.itch.io/to-lala-ru/devlog/1678667/to-lala-ru-033,,2026-09-28
https://matthewfilmsproductions.itch.io/bonnieframework/devlog/1678668/bonnie-framework-v101-released,,2026-09-28
https://poofybunx.itch.io/splash/devlog/1678669/20-update-compatibility-refresh,,2026-09-28
https://metajelani.itch.io/filehomechronosu-c0f0fc0be6b11790e4e914fb0de215d723d2cf7emyfilesdownload/devlog/1678670/112,,2026-09-28
https://carlosgames.itch.io/zxmathquiz-creator/devlog/1678671/zxmathquiz-creator-liberado,,2026-09-28
https://samasgari.itch.io/gjerdingsaeterkvadet/devlog/1678672/the-night-is-dark-and-full-of-terrors,,2026-09-28
https://itch.io/blog/1678673/roll-bar-from-the-voxel-kart-asset-pack,,2026-09-28
https://cosmic-hat-games.itch.io/duels-of-fortune/devlog/1678674/version-0151-is-live-hotfix,,2026-09-28
https://carlosgames.itch.io/zxquiz-creator/devlog/1678676/zxquiz-creator-liberado,,2026-09-28
https://lit-remastered.itch.io/ultrakill-v1-custom-mouse-cursor/devlog/1678677/file-format-change,,2026-09-28
https://carlosgames.itch.io/zxconverted/devlog/1678678/zxconverted-twine-to-basic-liberado,,2026-09-28
https://carlosgames.itch.io/zxebook-creator/devlog/1678679/zxebook-creator-liberado,,2026-09-28
https://hawkeyegames.itch.io/refractionfirstdream/devlog/1678680/refraction-the-first-dream-110-update,,2026-09-28
https://carlosgames.itch.io/zx-nexus/devlog/1678681/zx-nexus-libre-para-todos,,2026-09-28
https://c0nan666.itch.io/depthcrawl/devlog/1678682/patch-notes,,2026-09-28
https://carlosgames.itch.io/html-narrat/devlog/1678683/html-narrat-pro-liberado,,2026-09-28
https://flredragon.itch.io/superpedia-demo/devlog/1678684/quick-performance-update,,2026-09-28
https://janamus-zura.itch.io/funkelregen/devlog/1678685/version-011-public-release,,2026-09-28
https://hexcommand.itch.io/fields-of-valour-normandy/devlog/1678686/field-of-valour-normandy-illustration-updates,,2026-09-28
https://bangoi.itch.io/kaapori/devlog/1678687/lets-go-clubbing,,2026-09-28
https://itch.io/blog/1678688/canvas-kings-tm-beta,,2026-09-28
https://thoughtcrime1984.itch.io/dungeon-of-doom/devlog/1678689/dungeon-of-doom-463,,2026-09-28
https://carlosgames.itch.io/zx-narrat/devlog/1678690/zx-narrat-ahora-es-libre,,2026-09-28
https://retriondev.itch.io/dungeons-of-akalawich/devlog/1678691/dungeons-of-akalawich-version-015,,2026-09-28
https://hankkkk2.itch.io/cat-vs-boxes/devlog/1678692/remake-update,,2026-09-28
https://ataxy73.itch.io/protogaia/devlog/1678693/visual-improvements-and-more,,2026-09-28
https://backporchgames.itch.io/the-chain/devlog/1678695/eighty-five-boards-in-a-hundred-didnt-need-the-prompt-book,,2026-09-28
https://plush-antlers-studio.itch.io/college-gains/devlog/1678697/meet-andrew-,,2026-09-28
https://carlosgames.itch.io/zxsuite-coleccion-retro-libre/devlog/1678698/zx-suite-se-abre-al-mundo-retro,,2026-09-28
https://vibecodedgames.itch.io/pavement/devlog/1678699/build-44-an-emotional-release,,2026-09-28
https://baybladenyte.itch.io/wiskers/devlog/1678700/devlog-1,,2026-09-28
https://fairnode.itch.io/latest/devlog/1678701/01912-lite-client-hotfix,,2026-09-28
https://sleepyjump.itch.io/pill-in-the-pudding/devlog/1678702/were-working-on-it,,2026-09-28
https://quietforgetools.itch.io/csv-excel-ready-offline-encoding-bom-fixer/devlog/1678704/csv-excel-ready-is-live-5-offline-utf-8-bom-fixer-for-excel,,2026-09-28
https://opiumman.itch.io/twilightchronicles/devlog/1678705/twilight-chronicles-worlds-beyond,,2026-09-28
https://antho582.itch.io/pixelaria/devlog/1678706/mares-abisales-ascensin-infernal-rehecha-tipo-de-post-major-update-or-launch,,2026-09-28
https://erilucyxwyn.itch.io/land-of-bael/devlog/1678707/version-03-release,,2026-09-28
https://bluejynz.itch.io/arena-boss-battler/devlog/1678708/arena-boss-battler-v010-initial-mvp-release,,2026-09-28
https://homestuck-is-dead.itch.io/dragon-bunny-happy-birthday-bunbun-boy/devlog/1678709/new-game-9-26,,2026-09-28
https://perkygoblin.itch.io/boobs-a-nsfw-classic-roguelike/devlog/1678710/bbs-a-nsfw-classic-roguelike-v090-beta-launch,,2026-09-28
https://sifagames.itch.io/shuffle-me/devlog/1678711/shuffle-me-v047-regular-update-save-system-sex-change-improved-public-build,,2026-09-28
https://pickpocket-1.itch.io/rift-economy/devlog/1678712/70-and-onwards,,2026-09-28
https://robofoundry.itch.io/polonova/devlog/1678713/improved-tool-dock-and-menu-sizing,,2026-09-28
https://memento-morii1.itch.io/flourish-visual-novel-engine-official-release/devlog/1678714/test-update-push,,2026-09-28
https://emeraldmoonx.itch.io/dungeon-disposal-co/devlog/1678715/v012-ui-overhaul-save-slots-key-hints-better-mop-sound,,2026-09-28
https://glass-seastar.itch.io/tatate-the-game/devlog/1678716/new-game-announcement,,2026-09-28
https://error731.itch.io/errors-icon-pack/devlog/1678717/errors-perks-released-kinda,,2026-09-28
https://itch.io/blog/1678718/the-lost-kingdom-is-now-available-on-itchio,,2026-09-28
https://kidd-vonn.itch.io/sky-jumper/devlog/1678719/sky-jumper-alpha-17-version-patch-notes,,2026-09-28
https://sihlem.itch.io/mobilemmasim-full/devlog/1678720/mobile-mma-sim-v21803-full-edition-now-available-in-multiple-download-formats,,2026-09-28
https://dmzemo.itch.io/somnia/devlog/1678721/v-303,,2026-09-28
https://flowerwing.itch.io/klein-cut/devlog/1678722/fix-bug,,2026-09-28
https://kieransucks.itch.io/platformer-test/devlog/1678723/platformer-test-is-lagging-like-crazy-issue-resolved,,2026-09-28
https://starshop.itch.io/homebound/devlog/1678724/weekly-update-4,,2026-09-28
https://netovoxel.itch.io/midnight-chronicles/devlog/1678725/midnight-chronicles,,2026-09-28
https://dreamtigersworld.itch.io/farm-idle/devlog/1678726/patch-notes-sonnenhof,,2026-09-28
https://subsupreme.itch.io/full-body-alchemist-publc-demo/devlog/1678727/september-update-and-modding-over-on-the-star,,2026-09-28
https://jetpoweredgaming.itch.io/iron-dogs/devlog/1678728/039-demo-early-build,,2026-09-28
https://opiumman.itch.io/title-twilightchroniclesfreedemo/devlog/1678729/v101-music-fix-free-demo-is-up-small-patch-big-difference-in-your-ears-,,2026-09-28
https://dixtuel.itch.io/supermarket-the-night/devlog/1678730/supermarket-the-night-v010-alpha-lk-ak-alpha-yaynda,,2026-09-28
https://opiumman.itch.io/twilightchronicles/devlog/1678731/v101-music-fix-free-demo-is-up-small-patch-big-difference-in-your-ears-,,2026-09-28
https://king100ton.itch.io/sweet-home-neogeo/devlog/1678732/intro-movie-updated-927,,2026-09-28
https://darktower7899.itch.io/linxpaint/devlog/1678733/okay-linux-and-windows-are-up,,2026-09-28
https://deckcaster.itch.io/deckcaster/devlog/1678734/multi-player-for-noone,,2026-09-28
https://maybeks-k-dev.itch.io/mge-mod-by-ks-k-dev/devlog/1678735/mge-mod-post-annunciament,,2026-09-28
https://xshredd.itch.io/dark-bloodlines/devlog/1678736/update-v1029,,2026-09-28
https://final-draft-farm.itch.io/1992-honda-acty/devlog/1678737/1214-hotfix,,2026-09-28
https://codlyo.itch.io/long-way-round/devlog/1678738/new-worlds-update,,2026-09-28
https://feline78.itch.io/commando-heart-of-terror/devlog/1678739/commando-heart-of-terror-v1507e,,2026-09-28
https://gothgirlgames.itch.io/family-trouble/devlog/1678740/family-trouble-0993-itch-and-0996-patreon,,2026-09-28
https://gothgirlgames.itch.io/family-trouble-public/devlog/1678741/family-trouble-0993-itch-and-0996-patreon,,2026-09-28
https://deviousdevelopments.itch.io/hackfest/devlog/1678742/five-ways-to-earn-off-a-box-you-own-torrent-seeder-trades-money-for-reputation-the-adware-kit-is-the-quiet-earner-the,,2026-09-28
https://ystavv.itch.io/mestre-da-masmorra-idle/devlog/1678743/071-2026-09-26-exportarimportar-save,,2026-09-28
https://doorwatchers.itch.io/cycle-of-the-first-dawn/devlog/1678744/temporary-rollback,,2026-09-28
https://breadinc.itch.io/boab/devlog/1678745/version-10-accessibility-log,,2026-09-28
https://itch.io/blog/1678746/i-dont-remember-when-i-started-killing-bugs-again-goty-edition-out-now,,2026-09-28
https://zahar-studios.itch.io/ourboros/devlog/1678747/fixed-quest-update-bug,,2026-09-28
https://crystallon.itch.io/speedimpact/devlog/1678748/beams-are-complicated,,2026-09-28
https://trb3944.itch.io/wolfhour/devlog/1678749/wolfhour-v110-controller-support-and-a-new-ice-opening,,2026-09-28
https://4dlix.itch.io/somali-pirates/devlog/1678750/ports-wildlife-and-music-a-look-at-the-next-build,,2026-09-28
https://doorwatchers.itch.io/cycle-of-the-first-dawn/devlog/1678752/hotfix-older-saves-being-rejected,,2026-09-28
https://qzqstudio.itch.io/gtapt/devlog/1678754/a-week-of-fixes-pause-screen-more-loot-and-daily-runs-that-count,,2026-09-28
https://bubbabba.itch.io/tiny-escape/devlog/1678755/tiny-escape-is-out-a-two-inch-tall-escape-room-for-windows-macos-and-linux,,2026-09-28
https://threadbounddev.itch.io/threadbound/devlog/1678756/devlog-4-from-the-demo-to-now,,2026-09-28
https://bubbabba.itch.io/the-last-exit/devlog/1678757/the-last-exit-now-has-a-macos-build,,2026-09-28
https://pasoiwa.itch.io/suzumin/devlog/1678758/20,,2026-09-28
https://bubbabba.itch.io/hd2d-town-kit/devlog/1678759/hd-2d-town-kit-updated-download-and-new-screenshots,,2026-09-28
https://dixtuel.itch.io/supermarket-the-night/devlog/1678761/v012-alpha-build,,2026-09-28
https://hankkkk2.itch.io/cat-vs-boxes/devlog/1678762/patch-001,,2026-09-28
https://thatmuchachoguy.itch.io/dungeon-game-reborn/devlog/1678763/patchnotes-091,,2026-09-28
https://c10udpng.itch.io/hentai-sticker-business/devlog/1678764/new-order-window-rating-based-orders-optimization,,2026-09-28
https://wubowen97.itch.io/waves-beyond-home/devlog/1678765/chapter-17-18-are-here,,2026-09-28
https://tdgao.itch.io/ps-maker/devlog/1678766/tutorial-on-creating-custom-npcs-and-cutscenes,,2026-09-28
https://s-c-r-i-b-e.itch.io/movie-title-blood-cut-reboot/devlog/1678767/coding-progression-and-story-building,,2026-09-28
https://vinceakatori.itch.io/this-wont-work/devlog/1678768/1000-download-milestone,,2026-09-28
https://tryhalls22.itch.io/tarifa-clara/devlog/1678769/cmo-calcular-una-tarifa-freelance-sostenible-sin-regalar-tu-tiempo,,2026-09-28
https://endermon.itch.io/mythclash-arena/devlog/1678770/version-03-update,,2026-09-28
https://townofmagic.itch.io/town-of-magic/devlog/1678771/build-release-version-076000,,2026-09-28
https://8octokid.itch.io/anotheroompf/devlog/1678772/what-is-this-some-kind-of-aaa-game,,2026-09-28
https://bubbabba.itch.io/graveyard-tileset/devlog/1678773/graveyard-is-out-363-side-scroller-pixel-art-assets-67-off-for-launch,,2026-09-28
https://bubbabba.itch.io/haunted-mansion-tileset/devlog/1678774/haunted-mansion-is-out-350-side-scroller-pixel-art-assets-67-off-for-launch,,2026-09-28
https://bubbabba.itch.io/wild-west-tileset/devlog/1678775/wild-west-is-out-351-side-scroller-pixel-art-assets-67-off-for-launch,,2026-09-28
https://bubbabba.itch.io/neon-city-tileset/devlog/1678776/neon-city-is-out-330-side-scroller-pixel-art-assets-67-off-for-launch,,2026-09-28
https://bubbabba.itch.io/abandoned-hospital-tileset/devlog/1678777/abandoned-hospital-is-out-388-side-scroller-pixel-art-assets-67-off-for-launch,,2026-09-28
https://durpyyt.itch.io/durpys-galaxy/devlog/1678778/14-is-out-and-ready,,2026-09-28
https://bubbabba.itch.io/wasteland-tileset/devlog/1678779/wasteland-is-out-324-side-scroller-pixel-art-assets-67-off-for-launch,,2026-09-28
https://valk03.itch.io/the-little-potion-shop/devlog/1678780/playtest-1-a-potion-shop-where-every-potion-changes-a-village,,2026-09-28
https://bubbabba.itch.io/pirate-cove/devlog/1678781/pirate-cove-update-ship-rigging-fixed-all-downloads-refreshed,,2026-09-28
https://bubbabba.itch.io/ancient-egypt-tileset/devlog/1678783/ancient-egypt-v11-files-are-up,,2026-09-28
https://deebeekeeper.itch.io/news-hooks-on-the-frontier-issue-9/devlog/1678784/updated-thumbnail,,2026-09-28
https://bigblue9988.itch.io/x9-us/devlog/1678785/update,,2026-09-28
https://quack-reactions.itch.io/project-sol/devlog/1678786/belayed-itch-update-log,,2026-09-28
https://axiogon.itch.io/bee-cartography/devlog/1678787/what-is-bee-cartography-a-tutorial,,2026-09-28
https://julio10888.itch.io/last-road-south/devlog/1678788/economy-balance,,2026-09-28
https://raxeris.itch.io/emberleaf/devlog/1678789/emberleaf-the-overhaul-update,,2026-09-28
https://cardeminestudios.itch.io/fishing-days/devlog/1678790/shinjuku-days-beta-06,,2026-09-28
https://kevinseguin.itch.io/meander/devlog/1678791/narrative-building,,2026-09-28
https://acsis.itch.io/pet-the-dog/devlog/1678792/version-100-is-finally-out,,2026-09-28
https://freekyfe.itch.io/boorbash/devlog/1678793/update-10,,2026-09-28
https://himdoy2-2.itch.io/minesweeperplusseconddestionation/devlog/1678794/welp-that-was-a-disastrous-launch,,2026-09-28
https://dixtuel.itch.io/supermarket-the-night/devlog/1678795/supermarket-the-night-v013-alpha-hitbox-harita-hassasiyet-gncellemesi,,2026-09-28
https://salmonholic.itch.io/salmonholic/devlog/1678796/16-cats-24-weapons-real-breeds-big-update-,,2026-09-28
https://savageoperaterii.itch.io/toxic-companion/devlog/1678797/2026927-105,,2026-09-28
https://alexchichi.itch.io/merrilend/devlog/1678798/merrilend-early-access-is-now-available,,2026-09-28
https://itch.io/blog/1678799/announcement,,2026-09-28
https://usasori-data.itch.io/dungeon-mechanisms/devlog/1678800/every-one-shot-ends-on-the-next-loops-first-frame,,2026-09-28
https://redberylftw.itch.io/soulbox-ose/devlog/1678801/a-look-inside,,2026-09-28
https://itzgeorge.itch.io/slippy-ricky/devlog/1678803/major-update-3,,2026-09-28
https://jeremboo.itch.io/infinite-board-game/devlog/1678805/turning-the-experiment-into-a-game-,,2026-09-28
https://yntsoft.itch.io/aquila/devlog/1678806/build-25-the-road,,2026-09-28
https://casper-gaming.itch.io/cgmz-game-over/devlog/1678807/version-150-release-notes,,2026-09-28
https://salmonholic.itch.io/salmonholic/devlog/1678808/021-your-next-goal-on-the-results-screen-smoother-mobile-start,,2026-09-28
https://mortartribe.itch.io/song-creator-pro/devlog/1678809/version-168-update-easily-edit-yue2-scores-and-faster-yue2-generations,,2026-09-28
https://embedding-shapes.itch.io/matineevr/devlog/1678810/006-seeking-and-better-browsing,,2026-09-28
https://centerscorefan.itch.io/centerscore-games/devlog/1678811/smaller-custom-episode-size,,2026-09-28
https://goodie-seller.itch.io/ballooooooooooooooon-gameee/devlog/1678812/new-update-2-bombs,,2026-09-28
https://usagi-lab.itch.io/ai-face-vtuber/devlog/1678813/ai-face-vtuber-is-now-live-free-trial-available,,2026-09-28
https://blanco000.itch.io/doggy-dices/devlog/1678814/doggy-dices-ya-est-disponible-el-juego-para-encender-tu-noche,,2026-09-28
https://nostalgic-gamer.itch.io/rpg-player/devlog/1678818/fight-level-up-die,,2026-09-28
https://jpohlmanwriting.itch.io/protostar-memoirs-of-the-messenger/devlog/1678819/re-publication,,2026-09-28
https://dae-audio.itch.io/streamer-gaming-hype-stinger-trapriddim-impact-sfx/devlog/1678820/streamer-gaming-hype-stinger-free-trapriddim-sfx-now-live,,2026-09-28
https://idlehandsunion.itch.io/farhold/devlog/1678821/planet-expeditions,,2026-09-28
https://winterbitestudios.itch.io/martial-arena-tcg-online/devlog/1678822/martial-arena-setup-0148-performance,,2026-09-28
https://deviousdevelopments.itch.io/dominogue/devlog/1678823/dominogue-is-dominoes-with-a-run-structure-you-draft-a-hand-you-play-it-out-and-you-spend-what-you-earn-before-the-ne,,2026-09-28
https://itch.io/blog/1678824/dominogue-is-dominoes-with-a-run-structure,,2026-09-28
https://lightfire2275.itch.io/healing-game/devlog/1678825/small-update-to-playtest-v012,,2026-09-28
https://b0tifiedgames.itch.io/virtue/devlog/1678826/virtue-mobile-now-available-on-android,,2026-09-28
https://arthurviana.itch.io/space-oddity/devlog/1678827/update-054-space-oddity,,2026-09-28
https://zonkpolle.itch.io/road-trip/devlog/1678828/tatarfamily-road-trip-update-log,,2026-09-28
https://superrobotbear.itch.io/to-hear-the-call/devlog/1678829/art-update,,2026-09-28
https://lclverse.itch.io/lclverse/devlog/1678830/this-week-story-pages-open-straight-into-a-run-and-the-get-credits-button,,2026-09-28
https://architectit.itch.io/rjls-zombie-toss/devlog/1678832/v140-one-backend-many-games,,2026-09-28
https://playful-light.itch.io/your-life-invisible-free-edition/devlog/1678833/141-released,,2026-09-28
https://haldorgamer.itch.io/meteor-blaster/devlog/1678834/many-new-update-on-game-perfomance-and-mobile,,2026-09-28
https://darko-dev.itch.io/runeterra-furry-romance/devlog/1678835/devlog-v023-chapter-2-is-complete,,2026-09-28
https://quietforgetools.itch.io/csv-column-mapper-offline-schema-mapping-tool/devlog/1678836/csv-column-mapper-v100-is-live-offline-csv-schema-mapping,,2026-09-28
https://noiseymcgee.itch.io/february-1st-demo/devlog/1678837/my-plan-for-february-1st,,2026-09-28
https://unity-progress.itch.io/agroboss/devlog/1678838/agroboss-global-polyglot-tycoon,,2026-09-28
https://isekaibrothel.itch.io/isekai-brothel/devlog/1678839/isekai-brothel-v091-new-character-character-pool,,2026-09-28
https://diabetic-devil.itch.io/forest-of-lust/devlog/1678840/devlog-007-hud-visual-improvements-bug-fixesengpt-br,,2026-09-28
https://architectit.itch.io/zombie-dock-fishing/devlog/1678841/v0270,,2026-09-28
https://johnny-redfox.itch.io/press-record/devlog/1678842/press-record-1-a-garage-four-instruments-and-a-song-thats-yours,,2026-09-28
https://digthezig.itch.io/wdme/devlog/1678844/version-11-better-and-wetter,,2026-09-28
https://epicwolfstudio.itch.io/eclipse-island-primal-odyssey-ep-1/devlog/1678845/promo-video-romance-interaction-system,,2026-09-28
https://jav-it.itch.io/jav-it-tool/devlog/1678846/patreon-build-p209-expanded-gui-mode-options-re-enabled-sources-and-more,,2026-09-28
https://nos-buen.itch.io/clculadora/devlog/1678847/clculadora-educativa-20-nueva-actualizacin-y-apk-android,,2026-09-28
https://itch.io/blog/1678849/the-visual-novel-engine-project-is-back,,2026-09-28
https://fureiza.itch.io/apricorn-club/devlog/1678850/a-first-river-memory-and-a-little-note-from-home,,2026-09-28
https://supernova-sprunki-stuff.itch.io/the-manke-games-20-demo/devlog/1678851/lots-of-bug-fixes,,2026-09-28
https://george-rahmanenko.itch.io/callisto/devlog/1678852/release-10,,2026-09-28
https://shervinxxx.itch.io/wintercore/devlog/1678853/major-updates,,2026-09-28
https://random-derpoy.itch.io/doing-things-my-way/devlog/1678855/doing-things-my-way-vers-191-public-release,,2026-09-28
https://shmeda.itch.io/starlife/devlog/1678857/music-update-in-starlife-v030,,2026-09-28
https://dveroz.itch.io/last-trace/devlog/1678858/final-release-100,,2026-09-28
https://goobergt-unity.itch.io/ra1n-taggers-v1/devlog/1678859/ra1n-taggers-v2,,2026-09-28
https://dawnbreakgames.itch.io/last-city-horde/devlog/1678860/last-city-horde-is-out-survive-until-dawn-with-the-squad-you-rescue,,2026-09-28
https://leefromasia.itch.io/ghost-vector-protocol/devlog/1678861/ghost-vector-protocol-build-09,,2026-09-28
https://lbarret.itch.io/the-exiles-of-augurum/devlog/1678862/the-vocations-quickstart-is-back,,2026-09-28
https://dillydallynyan.itch.io/unwanted/devlog/1678863/version-030-is-out-now-,,2026-09-28
https://fareostudio.itch.io/cozy-chronicle/devlog/1678864/update-101-new-trees,,2026-09-28
https://wuhan419.itch.io/path-to-power/devlog/1678865/path-to-power-v0122-the-presidency-now-ends-and-mobile-play-is-rebuilt,,2026-09-28
https://quietforgetools.itch.io/csv-duplicate-finder-offline-duplicate-row-detection/devlog/1678866/csv-duplicate-finder-v100-is-live-find-duplicate-csv-rows-offline,,2026-09-28
https://catkin2633.itch.io/adventure-in-unshaped-land/devlog/1678867/100v02,,2026-09-28
https://itch.io/blog/1678868/making-android-apps,,2026-09-28
https://itch.io/blog/1678869/september-my-current-top-3-ero-games-on-itchio,,2026-09-28
https://deviousdevelopments.itch.io/dominogue/devlog/1678870/the-thing-dominoes-already-had-and-most-games-have-to-invent-is-a-shape-on-the-table-that-you-did-not-choose-half-you,,2026-09-28
https://itch.io/blog/1678871/the-thing-dominoes-already-had-and-most-games-have-to-invent-is-a-shape-on-the-table,,2026-09-28
https://abysstatsu.itch.io/chronicles-of-record/devlog/1678872/possible-future-update,,2026-09-28
https://vbgnt.itch.io/nine-heavens-ascent/devlog/1678873/nine-heavens-ascent-1014-the-heavenly-dao,,2026-09-28
https://justinbritch.itch.io/incremental-prototypes/devlog/1678874/update-21,,2026-09-28
https://greglbg.itch.io/salvager/devlog/1678875/update-16,,2026-09-28
https://ponk81.itch.io/horror-music-room/devlog/1678877/horror-music-room,,2026-09-28
https://lighttriadgames.itch.io/break-the-pinatas/devlog/1678880/break-the-piatas-demo-out,,2026-09-28
https://punvarmint.itch.io/tallframe-godot-ui/devlog/1678882/using-tallframes-free-theme-in-a-clean-godot-scene,,2026-09-28
https://notfunnyperson.itch.io/witchs-race/devlog/1678883/devlog,,2026-09-28
https://samfa12.itch.io/the-last-guard/devlog/1678884/alpha15-reliability-and-accessibility-update,,2026-09-28
https://idlecultivation.itch.io/immortal-sect/devlog/1678885/other-cultivators-cross-your-sky-now,,2026-09-28
https://lurgx.itch.io/ultimate-moon/devlog/1678887/ultimate-moon-v017-new-update-map-eterna,,2026-09-28
https://nohtaeho.itch.io/the-second-copy/devlog/1678888/the-thief-confessed-why-isnt-the-case-closed,,2026-09-28
https://nightfoxy25-animations.itch.io/ballfare/devlog/1678890/patch-103,,2026-09-28
https://itch.io/blog/1678891/do-you-actually-need-pre-configured-hand-slots,,2026-09-28
https://edmarciano.itch.io/echoes-of-destiny/devlog/1678892/echoes-of-destiny-notas-007,,2026-09-28
https://apoloapps19-gif.itch.io/chispa-rhythm-sketch/devlog/1678893/your-first-beat-16-steps-to-a-four-bar-wav-enes,,2026-09-28
https://core-game-studios.itch.io/demon-corp/devlog/1678894/demoncorp-alpha-v0015,,2026-09-28
https://edmarciano.itch.io/echoes-of-destiny/devlog/1678895/echoes-of-destiny-007-notas-de-version-spanish,,2026-09-28
https://zomborob.itch.io/the-worst-fox-you-know-nines-simulator/devlog/1678896/version-update-to-101,,2026-09-28
https://edmarciano.itch.io/echoes-of-destiny/devlog/1678897/echoes-of-destiny-version-007-english,,2026-09-28
https://pickpocket-1.itch.io/rift-economy/devlog/1678898/hotfix,,2026-09-28
https://the-dragulair.itch.io/tall-ladys-labyrinth/devlog/1678899/day-one-update-v11,,2026-09-28
https://mahoshojomika.itch.io/starlight-hearts/devlog/1678900/starlight-hearts-v010-update,,2026-09-28
https://dangerousbanana112.itch.io/angry-jimmy/devlog/1678901/particles,,2026-09-28
https://tunegoro.itch.io/tsuneko-gamereviews/devlog/1678902/tsunekos-itch-gameplay-43-thoughts-meow,,2026-09-28
https://vividdreamz.itch.io/vivid-rayz/devlog/1678903/phase-17-displacement-v0170,,2026-09-28
https://puffychickenlegs.itch.io/loop-loader-demo/devlog/1678904/bugfix-update-v2003,,2026-09-28
https://real-liorn.itch.io/homeless-to-rich-sim-alpha/devlog/1678905/htrs-0052-tester-patch,,2026-09-28
https://designclarity.itch.io/loanlens-mortgage-loan-calculator-single-offline-html-file/devlog/1678906/loanlens-update-mortgage-loan-calculator-in-one-offline-html-file,,2026-09-28
https://designclarity.itch.io/personal-budget-dashboard-interactive-offline-html-planner-debt-savings-charts/devlog/1678907/budget-dashboard-update-interactive-offline-planner-in-one-html-file,,2026-09-28
https://quietforgetools.itch.io/csv-cleanup-toolkit-offline-mapper-duplicate-finder/devlog/1678908/csv-cleanup-toolkit-v100-is-live-two-offline-csv-utilities,,2026-09-28
https://designclarity.itch.io/invoice-generator-offline-html-invoice-maker-for-freelancers-single-file/devlog/1678909/invoice-generator-update-offline-invoice-maker-in-one-html-file,,2026-09-28
https://roll4action.itch.io/tagrumble/devlog/1678910/creating-console-for-rollers,,2026-09-28
https://designclarity.itch.io/link-in-bio-page-template-4-themes-mobile-first-no-code-single-html-file/devlog/1678911/link-in-bio-update-no-code-page-template-in-one-html-file,,2026-09-28
https://drpsyber.itch.io/slamstack/devlog/1678912/slamstack-11-adaptive-soundtrack-and-cleaner-line-clears,,2026-09-28
https://pyrio.itch.io/ironbloom/devlog/1678913/ironbloom-01231-the-standard-bot-casts-its-spells,,2026-09-28
https://ribiyt.itch.io/dit-dah/devlog/1678914/-dit-dah-devlog-2-actualizacin-v125-sobredosis-locura-y-balance-,,2026-09-28
https://gracianogodoy.itch.io/left-for-looting/devlog/1678915/v11-alpha-a-real-tutorial-clearer-upgrades-and-loot-rush,,2026-09-28
https://glimworld.itch.io/glimworld/devlog/1678916/-why-play-glimworld,,2026-09-28
https://dilawar-jan.itch.io/flappy-bird-city/devlog/1678917/flappy-bird-city,,2026-09-28
https://apoloapps19-gif.itch.io/apolo-pixel-fx-free/devlog/1678918/recolor-a-pixel-effect-and-export-its-sprite-sheet-enes,,2026-09-28
https://cricketlover.itch.io/humans-vs-aliens/devlog/1678919/update-added-8-language-translations,,2026-09-28
https://machumu.itch.io/limit-breakers/devlog/1678920/limit-breakers,,2026-09-28
https://inchgaming.itch.io/luapong/devlog/1678921/a-mini-update,,2026-09-28
https://feline78.itch.io/commando-heart-of-terror/devlog/1678922/commando-heart-of-terror-v1507f,,2026-09-28
https://pandapowergames.itch.io/shinkansen-1017/devlog/1678923/writing-in-progress,,2026-09-28
https://gumpys-doodles.itch.io/farm-or-be-farmed/devlog/1678924/devlog1,,2026-09-28
https://pixela7e.itch.io/paracausal-technologies-institution/devlog/1678925/update-042-not-the-orphan,,2026-09-28
https://brainrotgamestudio.itch.io/kick-the-gabby/devlog/1678926/update-v2,,2026-09-28
https://badihaki.itch.io/escape-hell/devlog/1678927/september-27th-2026,,2026-09-28
https://ratilla7131.itch.io/the-silence-the-forest/devlog/1678928/remake-in-development,,2026-09-28
https://limoonch.itch.io/crimson-waters-isle/devlog/1678929/three-years-alone-making-my-own-silent-hill-without-any-game-dev-experience,,2026-09-28
https://sparky-studio.itch.io/kidnappedplus/devlog/1678930/kidnapped-v115-is-released,,2026-09-28
https://flawless16.itch.io/tocker/devlog/1678931/update-incoming,,2026-09-28
https://back-art-game.itch.io/gazz-a-way-out/devlog/1678933/game-atmosphere,,2026-09-28
https://y8999y-ops.itch.io/spirit-battle/devlog/1678934/-101-spirit-continent-demo-out-now,,2026-09-28
https://itch.io/blog/1678935/coming-up-mr-hopps-playhouse-3-2d,,2026-09-28
https://its-just-joe.itch.io/pack-n-race/devlog/1678936/we-crossed-the-finish-line-introducing-pack-n-race-for-bezi-mega-jam-1,,2026-09-28
https://designclarity.itch.io/halloween-wall-art-bundle-15-printable-designs-pastel-pink-moody-minimalist-re/devlog/1678937/15-original-halloween-prints-three-aesthetics-zero-copied-art,,2026-09-28
https://designclarity.itch.io/kids-fall-halloween-activity-mega-bundle-100-printable-pages-coloring-mazes-wo/devlog/1678938/111-pages-every-maze-proven-solvable-by-script,,2026-09-28
https://arturman.itch.io/pongclash/devlog/1678939/free-human-characters-after-all-devlog-4,,2026-09-28
https://itch.io/blog/1678940/the-directors-cut-stops-at-episode-3-for-now,,2026-09-28
https://designclarity.itch.io/halloween-fall-digital-sticker-pack-48-pre-cropped-png-stickers-for-goodnotes/devlog/1678941/48-pre-cropped-stickers-no-cleanup-needed,,2026-09-28
https://itch.io/blog/1678942/this-is-a-serious-message-to-moonbitgames,,2026-09-28
https://mimarelic.itch.io/metroid-planet-r23b/devlog/1678943/full-keyboard-support-update,,2026-09-28
https://dishcandanty.itch.io/oddwort/devlog/1678944/road-to-playable,,2026-09-28
https://quietforgetools.itch.io/url-audit-report-offline-redirect-broken-link-analyzer/devlog/1678945/url-audit-report-v100-is-live-offline-redirect-broken-link-analyzer,,2026-09-28
https://rhythmgamedev.itch.io/2twisted/devlog/1678946/two-handed-rhythia-support,,2026-09-28
https://itch.io/blog/1678948/killing-joke-2-mini-update,,2026-09-28
https://alexfiftysix.itch.io/minez/devlog/1678949/performance-spins,,2026-09-28
https://himm774.itch.io/base64/devlog/1678950/update-101,,2026-09-28
https://qset13.itch.io/first-official-build/devlog/1678951/devlog64-my-goals-future,,2026-09-28
https://yuouew.itch.io/help-me-playtest-my-game/devlog/1678952/webgl-build,,2026-09-28
https://cookiesoft.itch.io/lemmings-for-excel/devlog/1678953/lemmings-fully-updated-64-bit-compatible,,2026-09-28
https://deviousdevelopments.itch.io/dominogue/devlog/1678954/a-domino-has-two-ends-and-you-only-control-one-of-them-that-is-the-whole-tension-of-dominogue-the-board-keeps-making-o,,2026-09-28
https://itch.io/blog/1678955/a-domino-has-two-ends-and-you-only-control-one-of-them,,2026-09-28
https://locksteparcade.itch.io/lockstep-arcade/devlog/1678956/the-satisfaction-of-people-getting-stuck-into-and-completing-hard-levels,,2026-09-28
https://crowjandesigns.itch.io/do-you-like-scary-movies/devlog/1678957/v102,,2026-09-28
https://rayquazanothere.itch.io/pokemon-escaped-emerald/devlog/1678958/last-major-update,,2026-09-28
https://solidbuild.itch.io/night-lake/devlog/1678959/night-lake-v110-fish-together-take-your-progress-anywhere,,2026-09-28
https://cookiesoft.itch.io/resident-evil-excel-survival-adventure/devlog/1678960/resident-evil-fully-updated-64-bit-compatible,,2026-09-28
https://cyningstan.itch.io/star-cadre-team-command/devlog/1678962/star-cadre-team-command-is-out-now,,2026-09-28
https://daleksec.itch.io/windhallow/devlog/1678964/changelog,,2026-09-28
https://juiceboxxz.itch.io/ever-dream-this-man/devlog/1678965/-update-overhauls-are-here,,2026-09-28
https://5923.itch.io/armored-battlefield/devlog/1678966/v061-hotfix-5-badge-layout-improvements-,,2026-09-28
https://itch.io/blog/1678967/new-sonic-add-on-for-bedrock-minecraft,,2026-09-28
https://tempstuff90.itch.io/babysiter/devlog/1678968/another-update-now-it-is-point-and-click-adventure,,2026-09-28
https://croweaver.itch.io/higurashi-gb/devlog/1678969/day-2-is-complete,,2026-09-28
https://creator4.itch.io/baba-new-you/devlog/1678970/update,,2026-09-28
https://kalebashes101.itch.io/accurate-loop-puzzle/devlog/1678971/alp-puzzle-1-solution,,2026-09-28
https://banjam33.itch.io/harborlight/devlog/1678972/first-game-is-out,,2026-09-28
https://mestrike.itch.io/riftline/devlog/1678973/riftline,,2026-09-28
https://fonnesx.itch.io/stbsi/devlog/1678974/v350-part-3-update,,2026-09-28
https://collective-games.itch.io/the-thief-of-the-ancient-city/devlog/1678975/the-thief-of-the-ancient-city,,2026-09-28
https://collective-games.itch.io/sex-slave-2026-adult-game/devlog/1678976/sex-slave-2026-house-of-hostage,,2026-09-28
https://collective-games.itch.io/3d-building-and-city-creator/devlog/1678977/3d-building-and-city-creator,,2026-09-28
https://ueber.itch.io/trex-is-coming/devlog/1678978/v010-t-rex-is-coming,,2026-09-28
https://noxdev.itch.io/milk-ranch/devlog/1678979/0059,,2026-09-28
https://lunardis.itch.io/how-i-became-the-bodyguard-of-the-saintess/devlog/1678980/lets-talk-about-version-10-and-whats-coming-next,,2026-09-28
https://collective-games.itch.io/charlottes-web/devlog/1678981/charlottes-web,,2026-09-28
https://codeseed.itch.io/void-runner/devlog/1678982/looking-for-playtesters-help-tune-void-runner,,2026-09-28
https://neofito-corp.itch.io/deckrooms/devlog/1678983/deckrooms,,2026-09-28
https://collective-games.itch.io/pete/devlog/1678984/pete-the-toys-awaken,,2026-09-28
https://adhastudio.itch.io/cubestra/devlog/1678985/update-kids-mode-fixed-phantom-glow-bug,,2026-09-28
https://aunpyz.itch.io/animal-connect/devlog/1678986/jerry-turns-1,,2026-09-28
https://whatevertr.itch.io/seamless-station/devlog/1678987/the-station-is-open-11-tracks-free,,2026-09-28
https://collective-games.itch.io/lewis-the-fly/devlog/1678988/lewis-the-fly,,2026-09-28
https://takoyakiworks.itch.io/wrestle-manager/devlog/1678989/version-138-auto-rest-line-update-history-display-fixes,,2026-09-28
https://collective-games.itch.io/farmer-georges-apprentice/devlog/1678991/farmer-georges-apprentice,,2026-09-28
https://nandor989.itch.io/styx-diner/devlog/1678992/styx-diner-alpha,,2026-09-28
https://fearnottheclockman.itch.io/hyperkinetic/devlog/1678993/devlog-92726-the-worse-guys,,2026-09-28
https://obsessedxx.itch.io/bisque-clicker-nsfw/devlog/1678994/update-1,,2026-09-28
https://octiwriter.itch.io/studying-in-japan/devlog/1678995/changed-ai-cover,,2026-09-28
https://ramen-enjoyer.itch.io/anya-game-project/devlog/1678996/update-version-003,,2026-09-28
https://humbrol2.itch.io/neon-tower/devlog/1678997/devlog-2-know-whats-coming-v030,,2026-09-28
https://breadinc.itch.io/boab/devlog/1678999/boab-soundtrack-attribution,,2026-09-28
https://adhastudio.itch.io/cubestra/devlog/1679000/update-3d-block-shatter-auto-close-shop-health-reminder,,2026-09-28
https://kaitosi11.itch.io/schoolgame/devlog/1679001/released-0982-version,,2026-09-28
https://blazeworksgames.itch.io/grimspin/devlog/1679002/grimspin-changelog-092626,,2026-09-28
https://mimu2026.itch.io/empty-box/devlog/1679003/empty-box-demo-update-bug-fixes,,2026-09-28
https://voylin.itch.io/gozen/devlog/1679004/version-014-beta,,2026-09-28
https://ventikenny.itch.io/ventikenny/devlog/1679005/new-version-v220,,2026-09-28
https://domontypef.itch.io/chibi-mech-workshop-yard/devlog/1679006/a-quiet-moment-in-the-workshop-10,,2026-09-28
https://manoletegames.itch.io/paconnor-el-tiempolicia/devlog/1679007/version-17,,2026-09-28
https://flashwing-requiem.itch.io/the-king-of-fighters-vs-dnf-requiem/devlog/1679008/update-v-106,,2026-09-28
https://therandompod.itch.io/war-of-the-worlds-build-version/devlog/1679009/major-build-released,,2026-09-28
https://makeyourown.itch.io/i-was-bored/devlog/1679011/i-was-bored-is-out-stack-everyday-things-from-a-5-year-olds-eye-level,,2026-09-28
https://joeclaw.itch.io/katay-gamejam-entry-2026/devlog/1679012/game-patches,,2026-09-28
https://amogman2000.itch.io/pha-onap-retake/devlog/1679013/v20-full-release,,2026-09-28
https://nickshutter.itch.io/apparent-abstractions/devlog/1679014/pieces-05010600-now-available,,2026-09-28
https://luchianno.itch.io/mosh-card-generator/devlog/1679015/v042-changelog-npc-cards,,2026-09-28
https://mjhardisty.itch.io/the-greedy-dwarf/devlog/1679016/the-greedy-dwarf-daad-tutorials-available,,2026-09-28
https://axgin96.itch.io/terraformer-web/devlog/1679017/major-update-version-20-is-live,,2026-09-28
https://z-race.itch.io/zrace/devlog/1679018/-zrace-is-out-free-circuit-racing-in-your-browser,,2026-09-28
https://itch.io/blog/1679019/numberblocks-basics-revised-demo,,2026-09-28
https://solidbuild.itch.io/night-lake/devlog/1679020/night-lake-v111-smoother-co-op-and-signals,,2026-09-28
https://speakisflowercrown.itch.io/little-computer-speakies/devlog/1679021/1021b-minor-fix-for-display-text,,2026-09-28
https://oreumgames.itch.io/bowling-game/devlog/1679022/why-a-straight-shot-at-the-head-pin-stopped-being-a-strike,,2026-09-28
https://513083673.itch.io/yinren/devlog/1679023/fvnv05,,2026-09-28
https://kyrlio.itch.io/another-asteroid-game/devlog/1679024/classic-asteroid-game,,2026-09-28
https://oreumgames.itch.io/foosball/devlog/1679025/we-took-out-every-helper-and-the-rods-got-better,,2026-09-28
https://king100ton.itch.io/sweet-home-neogeo/devlog/1679027/movie-intro-scenes-0927,,2026-09-28
https://oreumgames.itch.io/buy-jeju/devlog/1679028/the-half-price-timer-that-was-too-fair,,2026-09-28
https://fun-game-dev-999.itch.io/sql-defence/devlog/1679029/300-views-no-words,,2026-09-28
https://laska-melvin.itch.io/ash-of-the-last-hearth/devlog/1679031/ash-of-the-last-hearth-is-out,,2026-09-28
https://en-dmiku.itch.io/acn-youtuber-incidents/devlog/1679032/cp-nht-chng-3-hi-1,,2026-09-28
https://egloffstudio.itch.io/export-manifest/devlog/1679033/export-manifest-10-a-pre-delivery-checklist-for-home-recording-handoffs,,2026-09-28
https://egloffstudio.itch.io/quartals-abgleich/devlog/1679034/quartals-abgleich-10-quarterly-reconciliation-for-private-music-teachers,,2026-09-28
https://arthursigmal.itch.io/racing-simulator/devlog/1679035/game-updated,,2026-09-28
https://jangystudio.itch.io/fluidframesrife/devlog/1679036/fluidframes-20264-video-ai-frame-generation-app,,2026-09-28
https://oreumgames.itch.io/300-a-month/devlog/1679037/why-the-same-scene-sells-for-half-the-second-time,,2026-09-28
https://finch-and-fox.itch.io/beat-the-boss/devlog/1679038/update-10,,2026-09-28
https://x-w-x.itch.io/monochrome-retro-horror-dialogue-busts/devlog/1679039/the-doc-is-here,,2026-09-28
https://lumiterra.itch.io/game/devlog/1679040/-lumiterra-dev-log-154-meme-chain-real-friends,,2026-09-28
https://wizorge.itch.io/wender/devlog/1679041/v07-hotfix-unstuck-button-improved,,2026-09-28
https://awake-raven-studio.itch.io/unwaken/devlog/1679042/la-demo-di-unwaken-ora-anche-in-inglese,,2026-09-28
https://weirednerd.itch.io/demons-ledger/devlog/1679043/customed-cursors-added,,2026-09-28
https://zstarczali.itch.io/visual-assembler-commodore-64/devlog/1679044/visual-assembler-248-is-out,,2026-09-28
https://sneder.itch.io/la-famiglia/devlog/1679045/la-famiglia-bta-v052-new-york-1920-,,2026-09-28
https://loludeguy.itch.io/sprunked-butbetterized/devlog/1679046/tox-noooo-updata-3,,2026-09-28
https://build-and-dominate.itch.io/empty-by-morning/devlog/1679047/release-011,,2026-09-28
https://vowsandvices.itch.io/sweet-sin-of-tuscany/devlog/1679048/mias-training-session,,2026-09-28
https://trainimals.itch.io/trainimals/devlog/1679050/watch-the-new-trainimals-trailer-your-next-adventure-starts-with-a-step,,2026-09-28
https://gabooae.itch.io/nybble-nibble/devlog/1679051/new-v11-gameplay-trailer-pixel-crt-views,,2026-09-28
https://olento-productions.itch.io/the-soul-collector-2-idle-game/devlog/1679052/small-fixes-v131,,2026-09-28
https://nknknk3.itch.io/vector-rift/devlog/1679054/updated-puzzle-mode,,2026-09-28
https://itch.io/blog/1679055/bro-my-wifi-is-lagging-like-shit,,2026-09-28
https://cre8tivemediavault.itch.io/ryukage-run-rebirth/devlog/1679056/new-rr-rebirth-devlog-try-to-speed-run-it,,2026-09-28
https://renemen.itch.io/nomad/devlog/1679057/now-there-are-baobabs-shadows-and-wider-shores,,2026-09-28
https://unniex.itch.io/coffee-story/devlog/1679058/coffee-story-20260927-a-king-in-yellow,,2026-09-28
https://laska-melvin.itch.io/ash-of-the-last-hearth/devlog/1679059/update-101-three-new-scenes,,2026-09-28
https://exquisite-studios.itch.io/bewitched/devlog/1679060/bewitched-03fix,,2026-09-28
https://tomgsx1.itch.io/frontier-kingdoms/devlog/1679062/changelog-122,,2026-09-28
https://adolf-reborn-dev.itch.io/nishanus-qwinnis-simulator/devlog/1679063/small-update-like-really-small,,2026-09-28
https://sceaven.itch.io/sceaven/devlog/1679064/act-1-out-now,,2026-09-28
https://cookiesoft.itch.io/artillery-duell/devlog/1679065/artillery-duel-fully-updated-64-bit-compatible,,2026-09-28
https://mtw1man2.itch.io/boss-telegraph-warning-pack-aoe-countdown-danger-ui/devlog/1679066/changelog-v110-target-marker-outlines,,2026-09-28
https://tymon2323.itch.io/projekt-drukarki-3d-symulator/devlog/1679067/projekt-drukarki-3d-symulator-04v,,2026-09-28
https://arturman.itch.io/pongclash/devlog/1679068/i-bought-the-motion-pack-the-grip-is-still-a-problem-devlog-5,,2026-09-28
https://ciorbyn.itch.io/extended-virtual-environment/devlog/1679070/beta-6-wip-possess-mode-player-avatar,,2026-09-28
https://sammy9095.itch.io/bloodswirl/devlog/1679071/new-upcoming-ultrakill-style-vr-game,,2026-09-28
https://roega.itch.io/red-kite/devlog/1679072/full-controller-support-update-1041,,2026-09-28
https://grow-up.itch.io/while-its-light/devlog/1679073/update-03,,2026-09-28
https://wimkamphorstcoaching.itch.io/romaterra/devlog/1679074/10-update,,2026-09-28
https://lockedon.itch.io/nightmare-neighborhood/devlog/1679075/nightmare-neighborhood-released,,2026-09-28
https://adhastudio.itch.io/cubestra/devlog/1679076/update-undo-button-3d-shatter-smoother-ui,,2026-09-28
https://coolpepper.itch.io/the-dr-bad-breakfast-mod-archive/devlog/1679079/new-stuff-added,,2026-09-28
https://pussytrauma-if.itch.io/pussy-trauma/devlog/1679080/continuing-to-squash-those-bugs-gen-improvements,,2026-09-28
https://mtw1man2.itch.io/pixel-dungeon-interactables-destruction/devlog/1679081/changelog-110-27-september-2026,,2026-09-28
https://chaiyawahoo.itch.io/chaitale/devlog/1679082/chaitale-v202609271-is-out-more-settings,,2026-09-28
https://cd-rev.itch.io/trigwa/devlog/1679084/second-physical-pre-order-campaign,,2026-09-28
https://cd-rev.itch.io/trigwa-demo/devlog/1679085/second-physical-pre-order-campaign,,2026-09-28
https://mrtelesebbe23.itch.io/signal-below/devlog/1679087/update-092726,,2026-09-28
https://mtw1man2.itch.io/godot-4-horror-interaction-systems/devlog/1679088/v130-savebridge-demo-for-interactive-props-and-flow-state,,2026-09-28
https://romenjack.itch.io/mass-effect-resurgence/devlog/1679089/mass-effect-chapter-55,,2026-09-28
https://shade-raid.itch.io/resonance/devlog/1679090/devlog-0-a-new-idea,,2026-09-28
https://awake-raven-studio.itch.io/unwaken/devlog/1679091/demo-in-inglese-qualche-correzione-in-pi,,2026-09-28
https://maxbluepanda.itch.io/proto-signal/devlog/1679092/update,,2026-09-28
https://skeletronmk.itch.io/sunset-vector/devlog/1679093/v131-optimization-update,,2026-09-28
https://scottss3.itch.io/xixing-qujingriji/devlog/1679094/v45218-combat-ui-effects-pass-effects-land-on-target-level-select-dressed-up,,2026-09-28
https://shootemall.itch.io/shoot-em-all/devlog/1679095/welcome-to-shoot-em-all,,2026-09-28
https://apexaiassets.itch.io/signal-room-surveillance-hud-kit/devlog/1679096/signal-room-surveillance-hud-assets-for-narrative-game-scenes,,2026-09-28
https://essence317.itch.io/casework/devlog/1679097/casework-is-1-for-the-launch,,2026-09-28
https://maxc-the-sox.itch.io/battle-of-the-gods/devlog/1679098/battle-of-the-gods-is-live-playtesters-wanted-,,2026-09-28
https://apexaiassets.itch.io/mystery-caseboard-interaction-kit/devlog/1679099/mystery-caseboard-editable-evidence-board-ui-assets-for-narrative-games,,2026-09-28
https://lowlightpress.itch.io/dungeon-reader/devlog/1679100/dungeon-reader-is-now-on-desktop-v0512,,2026-09-28
https://dveroz.itch.io/last-trace/devlog/1679101/fixing-bug-001,,2026-09-28
https://tenshistudios.itch.io/hostage-heart/devlog/1679102/voice-acting-is-coming-very-soon,,2026-09-28
https://roblib.itch.io/chuck/devlog/1679103/102-the-stomp-is-a-gamble-spikes-play-fair-and-the-tower-glows,,2026-09-28
https://mikey-game.itch.io/mikeys-basics/devlog/1679104/version-10-is-available-now,,2026-09-28
https://suaj222.itch.io/pandythefoxredux/devlog/1679105/new-dreamwave-ideas,,2026-09-28
https://jonasz-o.itch.io/duckstation-upscaler/devlog/1679106/v-106,,2026-09-28
https://lookedyei2986.itch.io/apex-track-demo/devlog/1679107/alpha02,,2026-09-28
https://feline78.itch.io/commando-heart-of-terror/devlog/1679108/commando-heart-of-terror-v1507g,,2026-09-28
https://itch.io/blog/1679109/my-rpg-characters-power-up-mid-battle-like-an-anime,,2026-09-28
https://miuwang.itch.io/unity-anime-eye-effect-shader20-vrchatbirp/devlog/1679110/new-eyes-added,,2026-09-28
https://derruhige.itch.io/acarderacing/devlog/1679111/fix-04,,2026-09-28
https://ashimo-games.itch.io/slime-merge/devlog/1679112/update-bingo-line-up-5-merged-slimes-of-the-same-tier-to-make-a-golden-slime-2-tiers-up,,2026-09-28
https://somka08.itch.io/witch-hunter/devlog/1679113/changelog-witch-hunter-027ex,,2026-09-28
https://4minutewarning.itch.io/ravager/devlog/1679114/version-602-terror-terroir,,2026-09-28
https://itch.io/blog/1679115/peridot-a-cat-on-the-path-to-power-the-main-game-progress,,2026-09-28
https://floi.itch.io/ultimate-image-dictionary/devlog/1679116/10-1000,,2026-09-28
https://4minutewarning.itch.io/ravager-legacy/devlog/1679117/version-602-terror-terroir,,2026-09-28
https://itch.io/blog/1679118/deception-is-still-alive-a-small-sign-of-life,,2026-09-28
https://expertesche.itch.io/das-haus-gewinnt-immer/devlog/1679119/acht-viertel-ein-koffer-und-das-ordnungsamt,,2026-09-28
https://ashimo-games.itch.io/slime-merge-deluxe/devlog/1679120/update-bingo-line-up-5-merged-slimes-of-the-same-tier-to-make-a-golden-slime-2-tiers-up,,2026-09-28
https://adagam.itch.io/submarine/devlog/1679121/103,,2026-09-28
https://milfsplaza.itch.io/milfs-plaza-2/devlog/1679122/milfs-plaza-2-008g-fix-patch-2,,2026-09-28
https://indigoblack4320.itch.io/no-original-remains/devlog/1679123/v-12,,2026-09-28
https://komatsukikaku.itch.io/gear-loot-battler-full/devlog/1679124/devlog-2-every-weapon-now-sounds-different,,2026-09-28
https://dinaki.itch.io/kunoichi-clicker/devlog/1679125/kunoichi-idle-v13,,2026-09-28
https://fox-centurion.itch.io/rexmazing/devlog/1679126/version-140,,2026-09-28
https://kddragon.itch.io/kds-vore-roguelike/devlog/1679127/version-202,,2026-09-28
https://wookiebookie.itch.io/block-reveal-18/devlog/1679128/strip-blocks-got-a-makeover,,2026-09-28
https://godboyhappy.itch.io/terra-earth-nature-spell-vfx/devlog/1679129/terra-is-out-44-hd-earth-and-nature-spell-effects,,2026-09-28
https://shrimp-studios123.itch.io/shrimpscalc/devlog/1679130/new-version-fixed-known-bugs-ver12,,2026-09-28
https://fleshgrinder.itch.io/fleshgrinder/devlog/1679132/changelog-v0345,,2026-09-28
https://ninja-concept-design-lab.itch.io/ghost-in-time-wip/devlog/1679133/traditional-ushi-oni-to-new-design,,2026-09-28
https://bananastroke.itch.io/rogue-femme/devlog/1679134/rogue-femme-update-use-the-shopgirls,,2026-09-28
https://overdrive-arcade.itch.io/overdrive/devlog/1679135/version-18-is-live-new-graphics-combos-and-heavier-hits,,2026-09-28
https://tortikc.itch.io/echo-letters/devlog/1679136/why-echo-letters-is-told-through-letters,,2026-09-28
https://ndtm.itch.io/pips-and-places/devlog/1679137/031,,2026-09-28
https://tortikc.itch.io/midnight-stream-guard/devlog/1679138/designing-a-night-shift-that-rewards-attention,,2026-09-28
https://tortikc.itch.io/pixel-garden/devlog/1679139/making-a-small-garden-feel-like-progress,,2026-09-28
https://tortikc.itch.io/cyber-grave-night-shift/devlog/1679140/building-a-readable-neon-cemetery,,2026-09-28
https://bgagger.itch.io/bound-to-please-bgaggers-lair/devlog/1679141/first-donation-goal-hit,,2026-09-28
https://meplayergame.itch.io/meplayergame/devlog/1679142/meplayer,,2026-09-28
https://tortikc.itch.io/coin-forge/devlog/1679143/why-coin-forge-stays-calm-local-and-ad-free,,2026-09-28
https://tortikc.itch.io/vesper-bloom/devlog/1679144/designing-a-night-garden-with-a-changing-rhythm,,2026-09-28
https://mrhamam67.itch.io/obliquepath-part2/devlog/1679145/-,,2026-09-28
https://pebblelabs.itch.io/rush-mart/devlog/1679146/new-the-big-spender-shoplifters-and-a-shop-for-your-wages,,2026-09-28
https://barelyplayable.itch.io/beatbaes/devlog/1679147/dev-update-playtest-round-3-starts,,2026-09-28
https://mike-dragon.itch.io/amica/devlog/1679148/basic-systems-implementation,,2026-09-28
https://psme.itch.io/psme-demo/devlog/1679149/a-birthday-game-that-starts-with-an-inside-joke,,2026-09-28
https://psme.itch.io/psme-demo/devlog/1679150/the-office-coffee-joke-as-a-goodbye-quest,,2026-09-28
https://psme.itch.io/psme-demo/devlog/1679151/make-the-proposal-clue-feel-like-a-shared-place,,2026-09-28
https://supracode.itch.io/night-fall/devlog/1679152/nightfall-1200-update-release,,2026-09-28
https://hassanzasss.itch.io/videowmv-demo/devlog/1679153/version-021,,2026-09-28
https://godboyhappy.itch.io/maelstrom-water-tide-spell-vfx/devlog/1679154/maelstrom-is-out-44-hd-water-and-tide-spell-effects,,2026-09-28
https://dixtuel.itch.io/supermarket-the-night/devlog/1679155/v014-alpha-shift-helper-vehicle-overhaul-room-hitbox-polish,,2026-09-28
https://degenesis.itch.io/degenesis/devlog/1679156/degenesis-is-out-ton-against-bitcoin-in-your-browser,,2026-09-28
https://cjoneshevun.itch.io/vegetation-pack-bark-and-trees/devlog/1679158/-free-new-vegetation-pack-bark-and-trees,,2026-09-28
https://j3rzyc41n3.itch.io/commons-latice/devlog/1679159/call-to-commons,,2026-09-28
https://d3vplpl.itch.io/snaggle-haggle-goblin-business/devlog/1679160/hello-from-behind-the-stall,,2026-09-28
https://tap-tap-legend.itch.io/your-young-milf-hentai-puzzle/devlog/1679161/your-young-milf-hentai-puzzle-release,,2026-09-28
https://mattcontent.itch.io/cyberpunk-city-top-down-pixel-art-asset-pack/devlog/1679162/cyberpunk-city-v11-city-builder-update-25-new-assets,,2026-09-28
https://ixiamagic.itch.io/ixiawars/devlog/1679163/ixia-wars-beta-02-release,,2026-09-28
https://jbinary.itch.io/los-bingueros/devlog/1679164/added-browser-playable-version,,2026-09-28
https://haroldo-ok.itch.io/flashback-sms/devlog/1679166/v005-fix-elevators-and-sound-effects,,2026-09-28
https://aceofaces.itch.io/marinas-odyssey/devlog/1679167/d009-update-4-released,,2026-09-28
https://uziosh.itch.io/murder-drones-3072/devlog/1679168/murder-drones-3072-first-public-announcement,,2026-09-28
https://adelie.itch.io/pixelstudio/devlog/1679169/pixelstudio-released,,2026-09-28
https://chatagrag3.itch.io/first-cradle/devlog/1679170/snap-grind-build-update-01968,,2026-09-28
https://natdelnova.itch.io/027-rubiks-runes/devlog/1679171/day-27,,2026-09-28
https://itch.io/blog/1679172/patch-10,,2026-09-28
https://tekitaudio.itch.io/syntik-dr/devlog/1679173/windows-installer-version-152-released,,2026-09-28
https://zepar0504.itch.io/keypet/devlog/1679174/update-2026-09-27-ayuan-dlc-content-complete,,2026-09-28
https://jimmys7777.itch.io/mech-00/devlog/1679175/asset-hub-for-mech-00-expansions,,2026-09-28
https://natdelnova.itch.io/upperhand/devlog/1679176/day-27,,2026-09-28
https://s0per-neko7.itch.io/beyond-leskov/devlog/1679177/beta-006-is-out-now,,2026-09-28
https://hkgamestudio.itch.io/battle-for-palmaia/devlog/1679178/beta-120-released,,2026-09-28
https://natdelnova.itch.io/presence/devlog/1679179/day-27,,2026-09-28
https://natdelnova.itch.io/tonguetied/devlog/1679180/day-27,,2026-09-28
https://rafafer.itch.io/zero-sum-city/devlog/1679181/bienvenidos-a-las-calles-del-cromo,,2026-09-28
https://natdelnova.itch.io/tip-jar/devlog/1679182/day-27,,2026-09-28
https://wimkamphorstcoaching.itch.io/terrastate/devlog/1679184/update-10,,2026-09-28
https://metamaxct.itch.io/poro-a-poro/devlog/1679185/looking-for-playtesters-poro-a-poro,,2026-09-28
https://wimkamphorstcoaching.itch.io/terrastate/devlog/1679186/patch-10,,2026-09-28
https://natdelnova.itch.io/bobber/devlog/1679187/day-27,,2026-09-28
https://helianthus-games.itch.io/pixel-art-planets/devlog/1679188/atmosphere-added,,2026-09-28
https://anothertowel.itch.io/board/devlog/1679189/audio-phase-1,,2026-09-28
https://natdelnova.itch.io/juggle/devlog/1679190/day-25,,2026-09-28
https://natdelnova.itch.io/heist/devlog/1679191/day-25,,2026-09-28
https://samimigamestudio.itch.io/planetary-awakening/devlog/1679192/implementing-gamepad-support-for-menus-planetary-awakening-devlog-2,,2026-09-28
https://gamedev2132432.itch.io/deal-or-no-deal-game-series/devlog/1679194/deal-or-no-deal-france,,2026-09-28
https://natdelnova.itch.io/learn-morse/devlog/1679195/day-25,,2026-09-28
https://humbrol2.itch.io/neon-tower/devlog/1679196/devlog-3-it-makes-noise-now-v042,,2026-09-28
https://zeroglabs.itch.io/lemans-2/devlog/1679197/lemans-2-v11-saved-records-and-visual-improvements,,2026-09-28
https://samasgari.itch.io/gjerdingsaeterkvadet/devlog/1679198/i-nattens-mulm-og-mrke,,2026-09-28
https://poopymastereddie.itch.io/hghgkhkhjkhj/devlog/1679199/owner-stick-working-soon,,2026-09-28
https://really-dodeca.itch.io/spingus-bingus/devlog/1679200/spingus-quest-v03,,2026-09-28
https://natdelnova.itch.io/card-commander/devlog/1679202/day-24,,2026-09-28
https://ffredigames.itch.io/multitasking-madness/devlog/1679203/alpha-3,,2026-09-28
https://jackfull.itch.io/love-letter/devlog/1679204/love-letter-01,,2026-09-28
https://conceptgame.itch.io/tcg-game-template/devlog/1679205/tcg-template-early-access,,2026-09-28
https://gozoho.itch.io/over-the-wall/devlog/1679206/1-one-rope-one-wall,,2026-09-28
https://voiceless026.itch.io/physiball/devlog/1679207/update-11,,2026-09-28
https://antzery.itch.io/box-math/devlog/1679208/beta-4-released,,2026-09-28
https://jameshillten.itch.io/blasphemous-ave-libre/devlog/1679209/blasphemous-ave-libre-screenshots,,2026-09-28
https://pomerstudiogame.itch.io/mastermildwizard/devlog/1679210/mastermildwizardv127-newupdate-runeskill,,2026-09-28
https://rafafer.itch.io/zero-sum-city/devlog/1679212/zero-sum-city-sombras-del-asfalto,,2026-09-28
https://withugame.itch.io/withu/devlog/1679214/w1thu-v012d-update-changed-title-announcement,,2026-09-28
https://abduznik.itch.io/reel-debt/devlog/1679215/slotrogue-is-now-reel-debt-a-gamblers-mistake,,2026-09-28
https://jbinary.itch.io/los-bingueros/devlog/1679216/nmeros-ordenados-y-emulador,,2026-09-28
https://lunabloomgames.itch.io/himekishi/devlog/1679217/spanish-brazilian-portuguese-localization-update,,2026-09-28
https://voiceless026.itch.io/physiball/devlog/1679219/update-12-sneak-peek,,2026-09-28
https://origaminis.itch.io/rpg-in-origami/devlog/1679220/remake-by-godot,,2026-09-28
https://gameabby.itch.io/dark-magik/devlog/1679221/the-ring-was-never-a-ring,,2026-09-28
https://ryoutaso.itch.io/to-the-high/devlog/1679222/version-001,,2026-09-28
https://artemosha.itch.io/echoes-of-rust/devlog/1679223/first-build,,2026-09-28
https://embedding-shapes.itch.io/matineevr/devlog/1679224/007-audio-support,,2026-09-28
https://itch.io/blog/1679225/vlog-01-why-to-hold-the-damn-portals,,2026-09-28
https://itch.io/blog/1679226/va-update-and-trailer,,2026-09-28
https://corota.itch.io/beach/devlog/1679227/v14-sculpt-mode-reshape-the-sand-in-3d-windows-for-now,,2026-09-28
https://ashbound.itch.io/last-breath/devlog/1679229/last-breath-is-announced-first-trailer-is-out,,2026-09-28
https://arturman.itch.io/pongclash/devlog/1679230/the-racket-disappears-and-the-ball-goes-through-the-table-devlog-6,,2026-09-28
https://beautales.itch.io/tcof/devlog/1679231/the-cost-of-freedom-is-here,,2026-09-28
https://sorrowful-shado.itch.io/orbsorber/devlog/1679233/new-game-modes-to-challenge,,2026-09-28
https://venrose-games.itch.io/seas-of-temptation/devlog/1679234/episode-6-v14-public-release-now-available,,2026-09-28
https://lucifer6767.itch.io/wildraft/devlog/1679236/wildraft-the-beginning,,2026-09-28
https://ikarus1000.itch.io/squaredance-vr/devlog/1679237/first-prototype-mainstream-calls-in-2d-and-3d,,2026-09-28
https://fliegeralarm-games.itch.io/battle-of-aldebaran-aga/devlog/1679238/boa-update,,2026-09-28
https://avpekop.itch.io/say-yes/devlog/1679239/development-update-29-episode-3-progress,,2026-09-28
https://awslaughs.itch.io/aisle-7/devlog/1679240/aisle-7-is-out-a-night-shift-horror-game-you-play-in-your-browser,,2026-09-28
https://itch.io/blog/1679241/trox-the-reversal-game-release,,2026-09-28
https://kyjor.itch.io/super-mango-julia/devlog/1679242/super-mango-is-now-multiplatform,,2026-09-28
https://lost-frame-studio.itch.io/42/devlog/1679243/42-the-game-is-out-now,,2026-09-28
https://sodaraptor.itch.io/hypnagogia1/devlog/199702/first-post-jam-update-coming-this-weekend,,2026-09-28
https://sodaraptor.itch.io/hypnagogia1/devlog/200029/hypnagogia-post-jam-update-now-live,,2026-09-28
https://sodaraptor.itch.io/hypnagogia1/devlog/200215/hypnagogia-soundtrack,,2026-09-28
https://sodaraptor.itch.io/hypnagogia1/devlog/201122/hypnagogia-official-game-trailer,,2026-09-28
https://sodaraptor.itch.io/hypnagogia1/devlog/242102/hypnagogia-sequel-announcement,,2026-09-28
https://sodaraptor.itch.io/hypnagogia1/devlog/274688/hypnagogia-2-trailer-and-project-page-now-live,,2026-09-28
https://sodaraptor.itch.io/hypnagogia2-boundless-dreams/devlog/309487/minor-update-version-022,,2026-09-28
https://sodaraptor.itch.io/hypnagogia2-boundless-dreams/devlog/311797/future-updates-and-development,,2026-09-28
https://sodaraptor.itch.io/hypnagogia2-boundless-dreams/devlog/312123/-official-soundtrack-now-available,,2026-09-28
https://sodaraptor.itch.io/hypnagogia2-boundless-dreams/devlog/313162/upcoming-minor-update-version-025,,2026-09-28
https://sodaraptor.itch.io/hypnagogia2-boundless-dreams/devlog/314195/updated-to-version-025-major-patch-news,,2026-09-28
https://sodaraptor.itch.io/hypnagogia2-boundless-dreams/devlog/316726/updated-to-version-026,,2026-09-28
https://sodaraptor.itch.io/hypnagogia2-boundless-dreams/devlog/322834/upcoming-major-content-update,,2026-09-28
https://sodaraptor.itch.io/hypnagogia2-boundless-dreams/devlog/327310/version-03-the-sunken-update-now-live,,2026-09-28
https://sodaraptor.itch.io/hypnagogia2-boundless-dreams/devlog/328219/minor-update-version-033,,2026-09-28
https://dante-morr.itch.io/the-leather-city/devlog/337640/the-pre-release-version-has-been-launched,,2026-09-28
https://dante-morr.itch.io/the-leather-city/devlog/337733/bugfix-1,,2026-09-28
https://dante-morr.itch.io/the-leather-city/devlog/337899/the-leather-city-visual-novel-official-trailer-2022,,2026-09-28
https://dante-morr.itch.io/the-leather-city/devlog/338172/testing-the-build-of-the-game-for-android-and-some-news-devlog-1,,2026-09-28
https://dante-morr.itch.io/the-leather-city/devlog/338259/bugfix-2,,2026-09-28
https://dante-morr.itch.io/the-leather-city/devlog/338933/bugfix-3-version-095,,2026-09-28
https://dante-morr.itch.io/the-leather-city/devlog/339718/10-is-released,,2026-09-28
https://dante-morr.itch.io/the-leather-city/devlog/341516/the-leather-city-is-now-available-in-google-play,,2026-09-28
https://dante-morr.itch.io/the-leather-city/devlog/342654/the-work-continues,,2026-09-28
https://sodaraptor.itch.io/hypnagogia2-boundless-dreams/devlog/354513/upcoming-new-content-update-version-04,,2026-09-28
https://sodaraptor.itch.io/hypnagogia2-boundless-dreams/devlog/361199/hypnagogia-fanart-submissions,,2026-09-28
https://dante-morr.itch.io/the-leather-city/devlog/369973/bugfix-4-language-fix,,2026-09-28
https://dante-morr.itch.io/the-leather-city/devlog/370008/toss-studios-appeal,,2026-09-28
https://dante-morr.itch.io/the-leather-city/devlog/370014/about-the-leather-city-on-android-and-google-play,,2026-09-28
https://dante-morr.itch.io/the-leather-city/devlog/370201/bugfix-5-language-fix-2,,2026-09-28
https://sodaraptor.itch.io/hypnagogia2-boundless-dreams/devlog/370426/short-delay-for-new-upcoming-content-update,,2026-09-28
https://dante-morr.itch.io/the-leather-city/devlog/370555/episode-2-picture-teaser,,2026-09-28
https://dante-morr.itch.io/the-leather-city/devlog/372754/the-work-is-in-full-swing,,2026-09-28
https://sodaraptor.itch.io/hypnagogia2-boundless-dreams/devlog/383192/version-04-the-ancient-update-now-live,,2026-09-28
https://sodaraptor.itch.io/hypnagogia2-boundless-dreams/devlog/394386/updated-to-version-041,,2026-09-28
https://sodaraptor.itch.io/hypnagogia2-boundless-dreams/devlog/397221/hypnagogia-now-on-sale-for-a-limited-20-off,,2026-09-28
https://dante-morr.itch.io/the-leather-city/devlog/400921/the-leather-city-episode-ii-devils-breath-official-trailer,,2026-09-28
https://dante-morr.itch.io/the-leather-city/devlog/404711/version-15-release,,2026-09-28
https://dante-morr.itch.io/the-leather-city/devlog/406232/important-explanation,,2026-09-28
https://dante-morr.itch.io/the-leather-city/devlog/409600/version-16-sound-update,,2026-09-28
https://dante-morr.itch.io/the-leather-city/devlog/410427/version-17-visual-update,,2026-09-28
https://glod-studios.itch.io/the-adventures-of-five-nights-in-anime-a-new-beginning-season-1/devlog/415287/five-nights-in-anime-a-new-beginning-update-002,,2026-09-28
https://glod-studios.itch.io/the-adventures-of-five-nights-in-anime-a-new-beginning-season-1/devlog/415833/fine-nights-in-anime-a-new-beginning-update-003,,2026-09-28
https://slimakbezsi.itch.io/aint-impossible/devlog/417191/v10,,2026-09-28
https://slimakbezsi.itch.io/aint-impossible/devlog/417355/v101-2508,,2026-09-28
https://glod-studios.itch.io/the-adventures-of-five-nights-in-anime-a-new-beginning-season-1/devlog/417749/five-nights-in-anime-a-new-beginning-update-004,,2026-09-28
https://dante-morr.itch.io/the-leather-city/devlog/423075/version-18-minor-fixes,,2026-09-28
https://santisotelo.itch.io/the-cave/devlog/442698/the-cave,,2026-09-28
https://dante-morr.itch.io/the-leather-city/devlog/447816/the-episode-ii-demo-is-here,,2026-09-28
https://dante-morr.itch.io/the-leather-city/devlog/452736/welcome-to-our-new-site,,2026-09-28
https://slimakbezsi.itch.io/aint-impossible/devlog/458848/update,,2026-09-28
https://glod-studios.itch.io/the-adventures-of-five-nights-in-anime-a-new-beginning-season-1/devlog/464801/five-nights-in-anime-a-new-beginning-update-005,,2026-09-28
https://glod-studios.itch.io/the-adventures-of-five-nights-in-anime-a-new-beginning-season-1/devlog/467653/i-got-a-new-discord,,2026-09-28
https://glod-studios.itch.io/the-adventures-of-five-nights-in-anime-a-new-beginning-season-1/devlog/467669/five-nights-in-anime-a-new-beginning-update-006,,2026-09-28
https://glod-studios.itch.io/the-adventures-of-five-nights-in-anime-a-new-beginning-season-1/devlog/469145/i-got-a-website-now,,2026-09-28
https://itch.io/c/129507/hatters-collection,,2026-09-28
https://itch.io/c/249512/burtlomls-collection,,2026-09-28
https://itch.io/c/3445322/coco,,2026-09-28
https://itch.io/c/3507897/demo,,2026-09-28
https://itch.io/c/3557925/potatones-collection,,2026-09-28
https://itch.io/c/3574975/cipherseesyous-collection,,2026-09-28
https://itch.io/c/3680512/vn-collection,,2026-09-28
https://itch.io/c/3687901/sourgummysharkys-collection,,2026-09-28
https://itch.io/c/3775213/papipvps-collection,,2026-09-28
https://itch.io/c/3780623/artek-208s-collection,,2026-09-28
https://itch.io/c/3811555/i-love,,2026-09-28
https://itch.io/c/3910330/vrsidequest,,2026-09-28
https://itch.io/c/3965240/hendrix-rpg-maker-plugins-premium,,2026-09-28
https://itch.io/c/4021124/rayvsthewrlds-collection,,2026-09-28
https://itch.io/c/4060636/yungthundersages-collection,,2026-09-28
https://itch.io/c/4065244/yumyumlychees-collection,,2026-09-28
https://itch.io/c/4199723/game-jam-projects,,2026-09-28
https://itch.io/c/4221923/funhorror,,2026-09-28
https://itch.io/c/4229263/back-purchase,,2026-09-28
https://itch.io/c/4247629/if-i-like-i-pay,,2026-09-28
https://itch.io/c/4326275/chaosshade99s-collection,,2026-09-28
https://itch.io/c/4335717/dragons-favorite-games,,2026-09-28
https://itch.io/c/4402983/htk-semesterproject,,2026-09-28
https://itch.io/c/4443898/mimicmayhems-collection,,2026-09-28
https://itch.io/c/4539024/tom3slicks-collection,,2026-09-28
https://itch.io/c/4543867/solo-game-jam-submission,,2026-09-28
https://itch.io/c/4558617/syvies-collection,,2026-09-28
https://itch.io/c/4577218/omgmyfaces-collection,,2026-09-28
https://itch.io/c/4598873/short-and-cute,,2026-09-28
https://itch.io/c/4628921/synpathys-collection,,2026-09-28
https://itch.io/c/4644037/birdibirdsons-collection,,2026-09-28
https://itch.io/c/4681892/distopian,,2026-09-28
https://itch.io/c/4715089/visual-novels,,2026-09-28
https://itch.io/c/4767701/jmicdizzs-collection,,2026-09-28
https://itch.io/c/4821393/steflegends-collection,,2026-09-28
https://itch.io/c/4990748/theboss9000s-collection,,2026-09-28
https://itch.io/c/5007709/collaborations-credits,,2026-09-28
https://itch.io/c/5032631/chicken,,2026-09-28
https://itch.io/c/5032736/kdogthunders-collection,,2026-09-28
https://itch.io/c/5105182/an-mitsukis-collection,,2026-09-28
https://itch.io/c/5146339/chill-games,,2026-09-28
https://itch.io/c/5148896/coolmechanics,,2026-09-28
https://itch.io/c/5149618/titan1098s-collection,,2026-09-28
https://itch.io/c/5193782/cabanakens-collection,,2026-09-28
https://itch.io/c/5214128/thisbeatslapss-collection,,2026-09-28
https://itch.io/c/5252580/games,,2026-09-28
https://itch.io/c/5283309/pa13107s-gooncollection,,2026-09-28
https://itch.io/c/5286503/xendakas-collection,,2026-09-28
https://itch.io/c/5314440/exaugenss-collection,,2026-09-28
https://itch.io/c/5332219/nsfw,,2026-09-28
https://itch.io/c/5337799/patrickbatemanvs-collection,,2026-09-28
https://itch.io/c/5349313/games-3,,2026-09-28
https://itch.io/c/5352071/favs,,2026-09-28
https://itch.io/c/5393286/jinhyunjos-collection,,2026-09-28
https://itch.io/c/5440088/ssmitexs-collection,,2026-09-28
https://itch.io/c/5481980/fenrir159s-collection,,2026-09-28
https://itch.io/c/5499917,,2026-09-28
https://itch.io/c/5556147/games,,2026-09-28
https://itch.io/c/5566911/naikkusus-collection,,2026-09-28
https://itch.io/c/5570120/gs8x4t1wwxrrd5s2z6a4s1vss-collection,,2026-09-28
https://itch.io/c/5590860/mah-bebes,,2026-09-28
https://itch.io/c/5602737/genshin-initiates-collection,,2026-09-28
https://itch.io/c/5610360/my-furry-games,,2026-09-28
https://itch.io/c/5635043/viholeas-collection,,2026-09-28
https://itch.io/c/5643690/hollowjackels-collection,,2026-09-28
https://itch.io/c/5647637/short-game,,2026-09-28
https://itch.io/c/5651766/game,,2026-09-28
https://itch.io/c/5653452/mikaiscools-collection,,2026-09-28
https://itch.io/c/5694473/rexdogcats-collection,,2026-09-28
https://itch.io/c/5743861/xodemononi99s-collection,,2026-09-28
https://itch.io/c/5760271/dating-sims,,2026-09-28
https://itch.io/c/5816385/pixel-art-nsfw,,2026-09-28
https://itch.io/c/5842539/aozrmkrs-collection,,2026-09-28
https://itch.io/c/5855020/meph1stoph3less-collection,,2026-09-28
https://itch.io/c/5857139/free-browser-game,,2026-09-28
https://itch.io/c/5871432/ttrpg-systems,,2026-09-28
https://itch.io/c/5903408/other-cool-games,,2026-09-28
https://itch.io/c/5904322/games-wantedlll,,2026-09-28
https://itch.io/c/5908003/games,,2026-09-28
https://itch.io/c/5922757/bigbotbs-collection,,2026-09-28
https://itch.io/c/5934066/lucas-yews-collection,,2026-09-28
https://itch.io/c/5990562/nice,,2026-09-28
https://itch.io/c/6032081/games-i-loved,,2026-09-28
https://itch.io/c/6046532/luciana65s-collection,,2026-09-28
https://itch.io/c/6121715/alicesocutes-collection,,2026-09-28
https://itch.io/c/6164956/greekb10s-collection,,2026-09-28
https://itch.io/c/6169218/gaaaame,,2026-09-28
https://itch.io/c/6174495/pendientes,,2026-09-28
https://itch.io/c/6185718/discordzehl37s-collection,,2026-09-28
https://itch.io/c/6188299/visual-novel-nsfw,,2026-09-28
https://itch.io/c/6188314/simulation-nsfw,,2026-09-28
https://itch.io/c/6188327/rpgactionadventuresurvivalstrategy-nsfw,,2026-09-28
https://itch.io/c/6199459/lehsers-collection,,2026-09-28
https://itch.io/c/6205138/jfyne-collection,,2026-09-28
https://itch.io/c/6207689/to-check,,2026-09-28
https://itch.io/c/6207985/ronanthenekos-collection,,2026-09-28
https://itch.io/c/6209845/pixart,,2026-09-28
https://itch.io/c/6214636/isaacmlg9s-collection,,2026-09-28
https://itch.io/c/6245576/juegos,,2026-09-28
https://itch.io/c/6246923/rip,,2026-09-28
https://itch.io/c/6275573/visual-novels,,2026-09-28
https://itch.io/c/6281803/xdrogoxs-collection,,2026-09-28
https://itch.io/c/6333163/como-solo-dev,,2026-09-28
https://itch.io/c/6336461/lancer,,2026-09-28
https://itch.io/c/6355554/blacklight110s-collection,,2026-09-28
https://itch.io/c/6370555/ukfatguys-collection,,2026-09-28
https://itch.io/c/6415043/miperroxd777s-collection,,2026-09-28
https://itch.io/c/6428037/fav,,2026-09-28
https://itch.io/c/6431243/yaay,,2026-09-28
https://itch.io/c/6463185/play-time,,2026-09-28
https://itch.io/c/6468105/tata,,2026-09-28
https://itch.io/c/6474332/jhonitchs-collection,,2026-09-28
https://itch.io/c/6480527/jkfntrs-collection,,2026-09-28
https://itch.io/c/6488728/shimolovers-collection,,2026-09-28
https://itch.io/c/6497590/sinisthiss-collection,,2026-09-28
https://itch.io/c/6523534/big-bearzs-collection,,2026-09-28
https://itch.io/c/6539976/zx-spectrum-next-related-software,,2026-09-28
https://itch.io/c/6546881/cemetery,,2026-09-28
https://itch.io/c/6556584/draws2muchs-collection,,2026-09-28
https://itch.io/c/6608580/lauren0os-collection,,2026-09-28
https://itch.io/c/6613961/mack1nt0sh22s-collection,,2026-09-28
https://itch.io/c/6629131/multiplayer-gamin,,2026-09-28
https://itch.io/c/6632010/ttrpgs,,2026-09-28
https://itch.io/c/6654271/lol-caracol,,2026-09-28
https://itch.io/c/6655562/elm32s-collection,,2026-09-28
https://itch.io/c/6666938/gas-gamin-free,,2026-09-28
https://itch.io/c/6697142/mexmakcs-collection,,2026-09-28
https://itch.io/c/6713103/gnial,,2026-09-28
https://itch.io/c/6719454/stuff,,2026-09-28
https://itch.io/c/6725425/messi8463837373s-collection,,2026-09-28
https://itch.io/c/6727771/novelas-visuales-yadere,,2026-09-28
https://itch.io/c/6731101/fennixthefoxs-collection,,2026-09-28
https://itch.io/c/6739563/korekiyoshinguji01s-collection,,2026-09-28
https://itch.io/c/6747434/solo,,2026-09-28
https://itch.io/c/6750845/e123w3s-collection,,2026-09-28
https://itch.io/c/6763817/eye-catchers,,2026-09-28
https://itch.io/c/6778370/female-muscle-comics,,2026-09-28
https://itch.io/c/6781674,,2026-09-28
https://itch.io/c/6791643/intresting,,2026-09-28
https://itch.io/c/6797961/baconsimp1-creators-collection,,2026-09-28
https://itch.io/c/6843546/carrots12s-collection,,2026-09-28
https://itch.io/c/6853529/my-treasures,,2026-09-28
https://itch.io/c/6853667/gotymetals-collection,,2026-09-28
https://itch.io/c/6857436/shreyashs-collection,,2026-09-28
https://itch.io/c/6878847/mrmadamreds-collection,,2026-09-28
https://itch.io/c/6879413/my-fav-games,,2026-09-28
https://itch.io/c/6886296/denelians-collection,,2026-09-28
https://itch.io/c/6898113/happy,,2026-09-28
https://itch.io/c/6900033/furry-not-my-type-nsfw,,2026-09-28
https://itch.io/c/6900052/interactive-nsfw,,2026-09-28
https://itch.io/c/6903158/boordiuss-collection,,2026-09-28
https://itch.io/c/6904850/role-playing-nsfw,,2026-09-28
https://itch.io/c/6912210/to-try,,2026-09-28
https://itch.io/c/6913330/other-games-i-worked-on,,2026-09-28
https://itch.io/c/6913620/card-nsfw,,2026-09-28
https://itch.io/c/6915921/fun-assets,,2026-09-28
https://itch.io/c/6920885/nonchalanas-collection,,2026-09-28
https://itch.io/c/6948219/idk,,2026-09-28
https://itch.io/c/6966036/randalpepsis-collection,,2026-09-28
https://itch.io/c/6985494/fpennys-collection,,2026-09-28
https://itch.io/c/6986720/kk-averys-collection,,2026-09-28
https://itch.io/c/6987670/skblueroses-collection,,2026-09-28
https://itch.io/c/7000574/caiojc7s-collection,,2026-09-28
https://itch.io/c/7011921/sdirlyazhais-collection,,2026-09-28
https://itch.io/c/7040320/-s-collection,,2026-09-28
https://itch.io/c/7080715/ponciliks-collection,,2026-09-28
https://itch.io/c/7086743/things-i-have-in-box-version,,2026-09-28
https://itch.io/c/7090131/big-ginger-kes-collection,,2026-09-28
https://itch.io/c/7090571/qiguanxigengs-collection,,2026-09-28
https://itch.io/c/679703/unity-dev-assets,,2026-09-28
https://itch.io/c/716529/sheff-the-clowns-collection,,2026-09-28
https://itch.io/c/736453/bai-rui-chens-collection,,2026-09-28
https://itch.io/c/7108641/floatylanneys-collection,,2026-09-28
https://itch.io/c/7112414/hehe,,2026-09-28
https://itch.io/c/7125838/woofels3010s-collection,,2026-09-28
https://itch.io/c/7128175/my-collection,,2026-09-28
https://itch.io/c/7139051/peppzzs-collection,,2026-09-28
https://itch.io/c/7160752/mssoups-collection,,2026-09-28
https://itch.io/c/7167226/ill-play-later,,2026-09-28
https://itch.io/c/7174121/free,,2026-09-28
https://itch.io/c/7207511/braveair1357s-collection,,2026-09-28
https://itch.io/c/7227694/the-lost-collections,,2026-09-28
https://itch.io/c/7232648/demos-that-i-should-follow,,2026-09-28
https://itch.io/c/7239460/klevirytianys-collection,,2026-09-28
https://itch.io/c/7245924/flukeguns-collection,,2026-09-28
https://itch.io/c/7248855/red-godlynns-collection,,2026-09-28
https://itch.io/c/7251324/totally-not-corn-games,,2026-09-28
https://itch.io/c/7274009/tayloregmailcoms-collection,,2026-09-28
https://itch.io/c/7274711/vns,,2026-09-28
https://itch.io/c/7277329/rosi0990s-collection,,2026-09-28
https://itch.io/c/7296161/cag3438s-collection,,2026-09-28
https://itch.io/c/7319711/mieruka11s-collection,,2026-09-28
https://itch.io/c/7326657/mileegeorge14gemilcoms-collection,,2026-09-28
https://itch.io/c/7330867/lilith2107s-collection,,2026-09-28
https://itch.io/c/7343057/games-ive-played,,2026-09-28
https://itch.io/c/7361095/existencial,,2026-09-28
https://itch.io/c/7362493/daydreaming2003s-collection,,2026-09-28
https://itch.io/c/7376476/perca09s-collection,,2026-09-28
https://itch.io/c/7380577/colinziurs-collection,,2026-09-28
https://itch.io/c/7384542/novelas-visuales-que-quiero-jugar,,2026-09-28
https://itch.io/c/7384632/qqnfrs-collection,,2026-09-28
https://itch.io/c/7392402/clicker-nsfw,,2026-09-28
https://itch.io/c/7407421/gaming-fortresss-collection,,2026-09-28
https://itch.io/c/7408814/favorites,,2026-09-28
https://itch.io/c/7411303/idle-nsfw,,2026-09-28
https://itch.io/c/7416230/ellie23s-collection,,2026-09-28
https://itch.io/c/7420126/nsfw,,2026-09-28
https://itch.io/c/7421101/ice-res-collection,,2026-09-28
https://itch.io/c/7435901/aaa34lovers-collection,,2026-09-28
https://itch.io/c/7438643/l1keaboss3s-collection,,2026-09-28
https://itch.io/c/7448575/zines-books-ttrpg,,2026-09-28
https://itch.io/c/7448614/fonts,,2026-09-28
https://itch.io/c/7448685/assets-brushes-tools,,2026-09-28
https://itch.io/c/7454109/rbxr7s-collection,,2026-09-28
https://itch.io/c/7457079/mulch,,2026-09-28
https://itch.io/c/7460676/elrobino422s-collection,,2026-09-28
https://itch.io/c/7464834/interesante,,2026-09-28
https://itch.io/c/7468868/interactive-fictions,,2026-09-28
https://itch.io/c/7474248/eldric-gyomeis-collection,,2026-09-28
https://itch.io/c/7479363/ilbt3s-collection,,2026-09-28
https://itch.io/c/7493976/zombiepickle69s-collection,,2026-09-28
https://itch.io/c/7508813/jirka55s-collection,,2026-09-28
https://itch.io/c/7521834/used-in-thesis,,2026-09-28
https://itch.io/c/7524251/thecreator-source09s-collection,,2026-09-28
https://itch.io/c/7536858/fun-and-spicy-1,,2026-09-28
https://itch.io/c/7540037/soulfox2747s-collection,,2026-09-28
https://itch.io/c/7561083/cook,,2026-09-28
https://itch.io/c/7562170/collection,,2026-09-28
https://itch.io/c/7573625/favs-3,,2026-09-28
https://itch.io/c/7587234/raccoonyellows-collection,,2026-09-28
https://itch.io/c/7591490/grottolos-collection,,2026-09-28
https://itch.io/c/7603881/safelias-collection,,2026-09-28
https://itch.io/c/7610614/diabetic345s-collection,,2026-09-28
https://itch.io/c/7611966/vanilukys-collection,,2026-09-28
https://itch.io/c/7612517/theburningman6294s-collection,,2026-09-28
https://itch.io/c/7615428/raezys-collection,,2026-09-28
https://itch.io/c/7615431/interested,,2026-09-28
https://itch.io/c/7622350/pckelley254s-collection,,2026-09-28
https://itch.io/c/7627058/favs,,2026-09-28
https://itch.io/c/7632766/blossom135s-collection,,2026-09-28
https://itch.io/c/7638264/fan-miaos-collection,,2026-09-28
https://itch.io/c/7640850/want-to-play,,2026-09-28
https://itch.io/c/7648915/steep-country4s-collection,,2026-09-28
https://itch.io/c/7657039/gigi40s-collection,,2026-09-28
https://itch.io/c/7661232/played-on-my-yt,,2026-09-28
https://itch.io/c/7675868/-s-collection,,2026-09-28
https://itch.io/c/7678671/egusss-collection,,2026-09-28
https://itch.io/c/7685741/pcw,,2026-09-28
https://itch.io/c/7686906,,2026-09-28
https://itch.io/c/7689571/lvsouzxss-collection,,2026-09-28
https://itch.io/c/7690426/play-later,,2026-09-28
https://itch.io/c/7694926/i-am-so-sigma-moor,,2026-09-28
https://itch.io/c/7696038/freeky,,2026-09-28
https://itch.io/c/7705432/nonecaps-collection,,2026-09-28
https://itch.io/c/7707996/kyrina0906s-collection,,2026-09-28
https://itch.io/c/7713960/ojduuu232s-collection,,2026-09-28
https://itch.io/c/7717879/the-best-vn,,2026-09-28
https://itch.io/c/7717924/dgyos-collection,,2026-09-28
https://itch.io/c/7720748/0howlmoh0s-collection,,2026-09-28
https://itch.io/c/7722606/monsters,,2026-09-28
https://itch.io/c/7739051/game-assets,,2026-09-28
https://itch.io/c/7760377/peakyanders,,2026-09-28
https://itch.io/c/7760848/itsjeffingoods-collection,,2026-09-28
https://itch.io/c/7766244/sailorsocs-collection,,2026-09-28
https://itch.io/c/7766676/wanna-play,,2026-09-28
https://itch.io/c/7775151/here,,2026-09-28
https://itch.io/c/7776583/calan-o-humildes-collection,,2026-09-28
https://itch.io/c/7784676/pc,,2026-09-28
https://itch.io/c/7786923/undownloadable-games,,2026-09-28
https://itch.io/c/7788451/confined-with-goodness,,2026-09-28
https://itch.io/c/7789381/silenter111s-collection,,2026-09-28
https://itch.io/c/7792731,,2026-09-28
https://itch.io/c/7794397/laddlesons-collection,,2026-09-28
https://itch.io/c/7795437/sebbiits-collection,,2026-09-28
https://itch.io/c/7797810/elia-soss-collection,,2026-09-28
https://itch.io/c/7802099/game-indo,,2026-09-28
https://itch.io/c/7805698/kmehhhhhs-collection,,2026-09-28
https://itch.io/c/7808360/samsae20s-collection,,2026-09-28
https://itch.io/c/7809065/chiste01s-collection,,2026-09-28
https://itch.io/c/7809944/kos-123s-collection,,2026-09-28
https://itch.io/c/7812591/pc-games-collection,,2026-09-28
https://itch.io/c/7813570/zx-suite,,2026-09-28
https://itch.io/c/7819448/funnibunnies-collection,,2026-09-28
https://itch.io/c/7822080/collection,,2026-09-28
https://itch.io/c/7829340/avatars,,2026-09-28
https://itch.io/c/7837184/snb23s-collection,,2026-09-28
https://itch.io/c/7837607/v-kudryashkas-collection,,2026-09-28
https://itch.io/c/7838695,,2026-09-28
https://itch.io/c/7842998/yi-nps-collection-a,,2026-09-28
https://itch.io/c/7844156/conradpc990s-collection,,2026-09-28
https://itch.io/c/7844905/o1269os-collection,,2026-09-28
https://itch.io/c/7847107/dogman1234567s-collection,,2026-09-28
https://itch.io/c/7855266/crazybuntackles-collection,,2026-09-28
https://itch.io/c/7857307/games,,2026-09-28
https://itch.io/c/7861527/zilong195194s-collection,,2026-09-28
https://itch.io/c/7861587/marmirmans-collection,,2026-09-28
https://itch.io/c/7864102/highlighter159s-collection,,2026-09-28
https://itch.io/c/7865057/undertale,,2026-09-28
https://itch.io/c/7874700/alphathots-collection,,2026-09-28
https://itch.io/c/7875933/tylers-library-of-visual-novelsinteractive-fiction,,2026-09-28
https://itch.io/c/7876699/oh9283731s-collection,,2026-09-28
https://itch.io/c/7884760/shaggy439s-collection,,2026-09-28
https://itch.io/c/7885845/3,,2026-09-28
https://itch.io/c/7887549/easton5657s-collection,,2026-09-28
https://itch.io/c/7889991/nzuzs-collection,,2026-09-28
https://itch.io/c/7892670/bleuorchids-collection,,2026-09-28
https://itch.io/c/7901294/thehitman996s-collection,,2026-09-28
https://itch.io/c/7901315/to-buywishlist,,2026-09-28
https://itch.io/c/7904026/woneas-collection,,2026-09-28
https://itch.io/c/7904390/vv1t0rias-collection,,2026-09-28
https://itch.io/c/7909891/new-new,,2026-09-28
https://itch.io/c/7915141/qvals-collection,,2026-09-28
https://itch.io/c/7917029/meus-favoritos,,2026-09-28
https://itch.io/c/7919767/the-big-tmps-collection,,2026-09-28
https://itch.io/c/7933151/hansjebss-collection,,2026-09-28
https://itch.io/c/7933739/casse-dalles-collection,,2026-09-28
https://itch.io/c/7933756/casse-dalles-collection,,2026-09-28
https://itch.io/c/7935048/waiting-on-update,,2026-09-28
https://itch.io/c/7935099/66byds-collection,,2026-09-28
https://itch.io/c/7937004/simsim6367s-collection,,2026-09-28
https://itch.io/c/7938079/mars42001s-collection,,2026-09-28
https://itch.io/c/7939898/khazzzzzzs-collection,,2026-09-28
https://itch.io/c/7939908/adam2437s-collection,,2026-09-28
https://itch.io/c/7942761/magi11223344s-collection,,2026-09-28
https://itch.io/c/7945232/amccos-collection,,2026-09-28
https://itch.io/c/7946736/asckjhsfjlhsf,,2026-09-28
https://itch.io/c/7948262/hanan-bardounis-collection,,2026-09-28
https://itch.io/c/7952047/gojoxgetos-collection,,2026-09-28
https://itch.io/c/7952163/try-these,,2026-09-28
https://itch.io/c/7952484/darkmirror76s-collection,,2026-09-28
https://itch.io/c/7955583/anainks-collection,,2026-09-28
https://itch.io/c/7959320/nosferarthur99s-collection,,2026-09-28
https://itch.io/c/7964651/lschoonmakers-collection,,2026-09-28
https://itch.io/c/7966205/ninniruyxs-collection,,2026-09-28
https://itch.io/c/7967638/games,,2026-09-28
https://itch.io/c/7967818/shinobiss-collection,,2026-09-28
https://itch.io/c/7970795/bysmmuths-collection,,2026-09-28
https://itch.io/c/7974431/chaze84s-collection,,2026-09-28
https://itch.io/c/7976073/favoritos,,2026-09-28
https://itch.io/c/7979859/sockssmellys-collection,,2026-09-28
https://itch.io/c/7982157/normal,,2026-09-28
https://itch.io/c/7983691/idk,,2026-09-28
https://itch.io/c/7986772/fictional-boyfriends,,2026-09-28
https://itch.io/c/7987107/qaz14514s-collection,,2026-09-28
https://itch.io/c/7989069/h74lblooshs-collection,,2026-09-28
https://itch.io/c/7993794/dude,,2026-09-28
https://itch.io/c/7994084/1585536062s-collection,,2026-09-28
https://itch.io/c/7994702/stinkyvats-collection,,2026-09-28
https://itch.io/c/7997855/lastsonofvenuss-collection,,2026-09-28
https://itch.io/c/7998392/torinwolf79s-collection,,2026-09-28
https://itch.io/c/7999292/qw232420s-collection,,2026-09-28
https://itch.io/c/8000854/played,,2026-09-28
https://itch.io/c/8002802/trystyn0869s-collection,,2026-09-28
https://itch.io/c/8004682/sirfuzzzys-collection,,2026-09-28
https://itch.io/c/8004831/dch13fbs-collection,,2026-09-28
https://itch.io/c/8008972/brownbearsugars-collection,,2026-09-28
https://itch.io/c/8012713/games-to-play-when-bored,,2026-09-28
https://itch.io/c/8018035/boredom-be-gone-sauce,,2026-09-28
https://itch.io/c/8025806/potential-leo-games,,2026-09-28
https://itch.io/c/8030208/eeveerubys-collection,,2026-09-28
https://itch.io/c/8030624/blickhimmers-collection,,2026-09-28
https://itch.io/c/8037672/no-return,,2026-09-28
https://itch.io/c/8039400/violence,,2026-09-28
https://itch.io/c/8040249/ghfhjqjhjjjs-collection,,2026-09-28
https://itch.io/c/8041524/sideburn61s-collection,,2026-09-28
https://itch.io/c/8042756/rikkaxcores-collection,,2026-09-28
https://itch.io/c/8046917/bluerenchs-collection,,2026-09-28
https://itch.io/c/8047893/patattack123s-collection,,2026-09-28
https://itch.io/c/8052582/might-buy,,2026-09-28
https://itch.io/c/8054957/monmon1545s-collection,,2026-09-28
https://itch.io/c/8055226/vikowikos-collection,,2026-09-28
https://itch.io/c/8055255/novelas-visuales,,2026-09-28
https://itch.io/c/8056260/twinkiedraculas-collection,,2026-09-28
https://itch.io/c/8062880/geme-poh,,2026-09-28
https://itch.io/c/8063232/likes,,2026-09-28
https://itch.io/c/8064130/otome,,2026-09-28
https://itch.io/c/8068715/c4rnige2468s-collection,,2026-09-28
https://itch.io/c/8072125/h-games,,2026-09-28
https://itch.io/c/8072607/not-horror,,2026-09-28
https://itch.io/c/8072640/if-only-i-wasnt-broke,,2026-09-28
https://itch.io/c/8074123/want-to-play,,2026-09-28
https://itch.io/c/8077883/6-7-7-6s-collection,,2026-09-28
https://itch.io/c/8078307/burgandyhoses-collection,,2026-09-28
https://itch.io/c/8080685/zad344s-collection,,2026-09-28
https://itch.io/c/8082536/in-browser,,2026-09-28
https://itch.io/c/8084298/trianglesquareds-collection,,2026-09-28
https://itch.io/c/8084315/spookyboy19s-collection,,2026-09-28
https://itch.io/c/8085537/novelas-amor,,2026-09-28
https://itch.io/c/8086437/buildings,,2026-09-28
https://itch.io/c/8087985/aqwxszedcs-collection,,2026-09-28
https://itch.io/c/8088342/circleofashess-collection,,2026-09-28
https://itch.io/c/8092295/blender,,2026-09-28
https://itch.io/c/8093671/hn-alicis-collection,,2026-09-28
https://itch.io/c/8095152/mihonamikos-collection,,2026-09-28
https://itch.io/c/8098445/servermlgrangeronly-cybers-collection,,2026-09-28
https://itch.io/c/8099318/cattle,,2026-09-28
https://itch.io/c/8100576,,2026-09-28
https://itch.io/c/8102733/batbot007s-collection,,2026-09-28
https://itch.io/c/8104139/drakkonass-collection,,2026-09-28
https://itch.io/c/8105683/garrafa019s-collection,,2026-09-28
https://itch.io/c/8107490/-,,2026-09-28
https://itch.io/c/8108316/stanford01s-collection,,2026-09-28
https://itch.io/c/8109119/realhorrorgames,,2026-09-28
https://itch.io/c/8110136/want-to-play-these,,2026-09-28
https://itch.io/c/8110897/reddude1114s-collection,,2026-09-28
https://itch.io/c/8111146/codybarnhart12s-collection,,2026-09-28
https://itch.io/c/8111454/quiero-jugarlo-pero-por-x-razon-no-puedo,,2026-09-28
https://itch.io/c/8111666/suepalys-collection,,2026-09-28
https://itch.io/c/8115013/espaol,,2026-09-28
https://itch.io/c/8116467/-s-collection,,2026-09-28
https://itch.io/c/8118064/ale08223s-collection,,2026-09-28
https://itch.io/c/8118554/games,,2026-09-28
https://itch.io/c/8119508/beautiful-vns,,2026-09-28
https://itch.io/c/8121533/fear-monger185s-collection,,2026-09-28
https://itch.io/c/8121676/meltrin96s-collection,,2026-09-28
https://itch.io/c/8122182/prizrak-gods-collection,,2026-09-28
https://itch.io/c/8126847/8nanaaas-collection,,2026-09-28
https://itch.io/c/8127884/b3nlam2s-collection,,2026-09-28
https://itch.io/c/8129944/zerog-labs-collection,,2026-09-28
https://itch.io/c/8130567/fs22mods,,2026-09-28
https://itch.io/c/8131502/6anonimo9s-collection,,2026-09-28
https://itch.io/c/8131617/jeterunoeil,,2026-09-28
https://itch.io/c/8131887/games,,2026-09-28
https://itch.io/c/8132173/glaxon369s-collection,,2026-09-28
https://itch.io/c/8132798/esciems-collection,,2026-09-28
https://itch.io/c/8133792/collection,,2026-09-28
https://itch.io/c/8134291/thetianyuns-collection,,2026-09-28
https://itch.io/c/8138269/kit-lowpoly,,2026-09-28
https://itch.io/c/8139412/svors-collection,,2026-09-28
https://itch.io/c/8140476/shadow-888s-collection,,2026-09-28
https://itch.io/c/8146300/unbeatablesjs-collection,,2026-09-28
https://itch.io/c/8147578/celesteggs-collection,,2026-09-28
https://itch.io/c/8148231/thedarkkingofnights-collection,,2026-09-28
https://itch.io/c/8148312/cojokuns-collection,,2026-09-28
https://itch.io/c/8148349/lonkjs-collection,,2026-09-28
https://itch.io/c/8149533/zsoullls-collection,,2026-09-28
https://itch.io/c/8149753/kaka2322s-collection,,2026-09-28
https://itch.io/c/8149899/fav,,2026-09-28
https://itch.io/c/8151143/bi66hosts-collection,,2026-09-28
https://itch.io/c/8153458/fudahs-collection,,2026-09-28
https://itch.io/c/8153803/silverstreaks-collection,,2026-09-28
https://itch.io/c/8154255/m00nies-1st-collection,,2026-09-28
https://itch.io/c/8156618/game-aaaaaa,,2026-09-28
https://itch.io/c/8156762/jesssds-collection,,2026-09-28
https://itch.io/c/8157253/duskball094s-collection,,2026-09-28
https://itch.io/c/8157767/faust-house-of-spiderss-collection,,2026-09-28
https://itch.io/c/8159238/nastyakais-collection,,2026-09-28
https://itch.io/c/8159249/spikegs-collection,,2026-09-28
https://itch.io/c/8159636/horror-rawr,,2026-09-28
https://itch.io/c/8160723/izanamis-collection,,2026-09-28
https://itch.io/c/8166634/mxreczkos-collection,,2026-09-28
https://itch.io/c/8167114/ar0,,2026-09-28
https://itch.io/c/8168012/erotic,,2026-09-28
https://itch.io/c/8172915/oinle1222s-collection,,2026-09-28
https://itch.io/c/8173242/1,,2026-09-28
https://itch.io/c/8173299/ashenfall,,2026-09-28
https://itch.io/c/8173861/yumi,,2026-09-28
https://itch.io/c/8174155/currently-playing,,2026-09-28
https://itch.io/c/8174355/yurilover4675s-collection,,2026-09-28
https://itch.io/c/8175291/yuri072008s-collection,,2026-09-28
https://itch.io/c/8175573/games,,2026-09-28
https://itch.io/c/8175972/yerbaqs-collection,,2026-09-28
https://itch.io/c/8176420/rmlikewises-collection,,2026-09-28
https://itch.io/c/8176682/psx,,2026-09-28
https://itch.io/c/8178023,,2026-09-28
https://itch.io/c/8178431/fav,,2026-09-28
https://itch.io/c/8179846/nullified25s-collection,,2026-09-28
https://itch.io/c/8181839/jasper355s-collection,,2026-09-28
https://itch.io/c/8182140/visual-novels,,2026-09-28
https://itch.io/c/8182922/things-for-later-cannot-download,,2026-09-28
https://itch.io/c/8183938/yaecitas-collection,,2026-09-28
https://itch.io/c/8184449/dragonsofphariahs-collection,,2026-09-28
https://itch.io/c/8185594/yandere-collection,,2026-09-28
https://itch.io/c/8185808/wish-list,,2026-09-28
https://itch.io/c/8185949/later,,2026-09-28
https://itch.io/c/8186651/xyler-6824s-collection,,2026-09-28
https://itch.io/c/8187209/luckalight,,2026-09-28
https://itch.io/c/8188208/toxic-games,,2026-09-28
https://itch.io/c/8188276/nonametvs-collection,,2026-09-28
https://itch.io/c/8188420/yuannnnnnnns-collection,,2026-09-28
https://itch.io/c/8188569/finished-otome-,,2026-09-28
https://itch.io/c/8188846/nosoknoskovs-collection,,2026-09-28
https://itch.io/c/8189507/wishlist,,2026-09-28
https://itch.io/c/8190123/liiiums-collection,,2026-09-28
https://itch.io/c/8190348/mallen20s-collection,,2026-09-28
https://itch.io/c/8190565/kr4tussys-collection,,2026-09-28
https://itch.io/c/8191039/game-assets,,2026-09-28
https://itch.io/c/8191699/osamu-ds-collection,,2026-09-28
https://itch.io/c/8191759/eee,,2026-09-28
https://itch.io/c/8191830/k1tty-18s-collection,,2026-09-28
https://itch.io/c/8192638/asset-gamejam-srifoton,,2026-09-28
https://itch.io/c/8193270/kuraikodemonfoxs-collection,,2026-09-28
https://itch.io/c/8193897/voidhalo6s-collection,,2026-09-28
https://itch.io/c/8194651/fhjdsljs-collection,,2026-09-28
https://itch.io/c/8196395/joslay123s-collection,,2026-09-28
https://itch.io/c/8196867/delirious-foxxs-collection,,2026-09-28
https://itch.io/c/8197089/played,,2026-09-28
https://itch.io/c/8197512/pink-and-yellow,,2026-09-28
https://itch.io/c/8197634/richjacob69s-collection,,2026-09-28
https://itch.io/c/8197840/luli248s-collection,,2026-09-28
https://itch.io/c/8198227/redneck7788s-collection,,2026-09-28
https://itch.io/c/8198880/cherrydani28s-collection,,2026-09-28
https://itch.io/c/8199402/trans,,2026-09-28
https://itch.io/c/8199651/f,,2026-09-28
https://itch.io/c/8201075/sasazaaaakkkk44rrjjs-collection,,2026-09-28
https://itch.io/c/8201084/demo,,2026-09-28
https://itch.io/c/8201480/terestes-collection,,2026-09-28
https://itch.io/c/8201947/jethwad171-sketchs-collection,,2026-09-28
https://itch.io/c/8202996/tortikc-games,,2026-09-28
https://itch.io/c/8203237/draugsys-collection,,2026-09-28
https://itch.io/c/8203463/nanas-collection,,2026-09-28
https://itch.io/c/8203566/por-jugar,,2026-09-28
https://itch.io/c/8203996/undead4zures-collection,,2026-09-28
https://itch.io/c/8204211/gb-awesome,,2026-09-28
https://itch.io/c/8204264/benzo13s-collection,,2026-09-28
https://itch.io/c/8204474/sprites-textures-for-open-source-projects,,2026-09-28
https://itch.io/c/8204476/models-for-open-source-projects,,2026-09-28
https://itch.io/c/8204493/fonts-for-open-source-projects,,2026-09-28
https://itch.io/c/8204497/music-sound-effects-for-open-source-projects,,2026-09-28
https://itch.io/c/8204536/sfw,,2026-09-28
https://itch.io/c/8204666/kinglunlis-collection,,2026-09-28
https://itch.io/c/8206143/epicfunnynumber6969s-collection,,2026-09-28
https://itch.io/c/8206877/gjgkkhs-collection,,2026-09-28
https://itch.io/c/8207795/1,,2026-09-28
https://itch.io/c/8208229/main,,2026-09-28
https://itch.io/c/8208299/super-sonic1owoe9eiis-collection,,2026-09-28
https://itch.io/c/8208856/gatarfos-collection,,2026-09-28
https://itch.io/c/8209427/doseisan0876gmailcoms-collection,,2026-09-28
https://itch.io/c/8209618/fnaf-shi,,2026-09-28
https://itch.io/c/8210019/vanessa-rubys-collection,,2026-09-28
https://itch.io/c/8210103/tomlee25041984s-collection,,2026-09-28
https://itch.io/c/8210964/resources,,2026-09-28
https://itch.io/c/8211155/szaffinos-collection,,2026-09-28
https://itch.io/c/8211295/bignose240s-collection,,2026-09-28
https://itch.io/c/8211379/will-play-in-the-future,,2026-09-28
https://itch.io/c/8211603/brunotrindade85s-collection,,2026-09-28
https://itch.io/c/8211650/gyaminas-collection,,2026-09-28
https://itch.io/c/8211692/hh,,2026-09-28
https://itch.io/c/8211702/kabooms-collection,,2026-09-28
https://itch.io/c/8211770/mattyaajis-collection,,2026-09-28
https://itch.io/c/8212039/visual-novels,,2026-09-28
https://itch.io/c/8212395/shinigami-uxs-collection,,2026-09-28
https://itch.io/c/8212631/smasher16s-collection,,2026-09-28
https://itch.io/c/8213056/catyofmarilands-collection,,2026-09-28
https://itch.io/c/8213138/paws,,2026-09-28
https://itch.io/c/8213673/auri5790s-collection,,2026-09-28
https://itch.io/c/8213946/lilixliliths-collection,,2026-09-28
https://itch.io/c/8214219/chillsouls-collection,,2026-09-28
https://itch.io/c/8214323/pianoteqs-collection,,2026-09-28
https://itch.io/c/8214369/games-to-get,,2026-09-28
https://itch.io/c/8214615/wendigo012s-collection,,2026-09-28
https://itch.io/c/8214626/ev-rose26s-collection,,2026-09-28
https://itch.io/c/8214628/morimo0ns-collection,,2026-09-28
https://itch.io/c/8214664/furry-visual-novel,,2026-09-28
https://itch.io/c/8215330/vesha-25s-collection,,2026-09-28
https://itch.io/c/8215769/eumoires-collection,,2026-09-28
https://itch.io/c/8215777/visual-novel-backgrounds-a-variety-of-scenes-,,2026-09-28
https://itch.io/c/8216104/games,,2026-09-28
https://itch.io/c/8216165/inferines-collection,,2026-09-28
https://itch.io/c/8216289/332427gsxgxjs-collection,,2026-09-28
https://itch.io/c/8216571/maia2014s-collection,,2026-09-28
https://itch.io/c/8216792/blululuuus-collection,,2026-09-28
https://itch.io/c/8217147/love-ittt,,2026-09-28
https://itch.io/c/8217255/coleccin,,2026-09-28
https://itch.io/c/8217330/hunterm12301outlookcoms-collection,,2026-09-28
https://itch.io/c/8217421/39374582s-collection,,2026-09-28
https://itch.io/c/8217454/astralbrews-collection,,2026-09-28
https://itch.io/c/8217552/froggy2601s-collection,,2026-09-28
https://itch.io/c/8217635/wannapla1s-collection,,2026-09-28
https://itch.io/c/8217991/timrs228s-collection,,2026-09-28
https://itch.io/c/8218137/bobthecarbeeps-collection,,2026-09-28
https://itch.io/c/8218159/visuals,,2026-09-28
https://itch.io/c/8218252/scouthunter667s-collection,,2026-09-28
https://itch.io/c/8218497/juegos,,2026-09-28
https://itch.io/c/8218564/free-games-to-play-in-browser,,2026-09-28
https://itch.io/c/8218658/relaxing,,2026-09-28
https://itch.io/c/8218659/download,,2026-09-28
https://itch.io/c/8218809/dsmp,,2026-09-28
https://itch.io/c/8218921/to-be-played,,2026-09-28
https://itch.io/c/8219143/grimmundos-collection,,2026-09-28
https://itch.io/c/8219163/aljujakus-collection,,2026-09-28
https://itch.io/c/8219373/vn,,2026-09-28
https://itch.io/c/8219427/phucdznhatvutrus-collection,,2026-09-28
https://itch.io/c/8219493/want-to-play,,2026-09-28
https://itch.io/c/8219554/want,,2026-09-28
https://itch.io/c/8219633/dxd,,2026-09-28
https://itch.io/c/8219814/rawry26s-collection,,2026-09-28
https://itch.io/c/8219910/invisdisables-collection,,2026-09-28
https://itch.io/c/8220014/asset,,2026-09-28
https://itch.io/c/8220258/games,,2026-09-28
https://itch.io/c/8220286/35marquitoss-collection,,2026-09-28
https://itch.io/c/8220367/giftedlosers-collection,,2026-09-28
https://itch.io/c/8220469/poobuttchans-collection,,2026-09-28
https://itch.io/c/8220514/zetor-16145-turbos-collection,,2026-09-28
https://itch.io/c/8220564/wanna-play-,,2026-09-28
https://itch.io/c/8220566/straysuplados-collection,,2026-09-28
https://itch.io/c/8220686/gamedev,,2026-09-28
https://itch.io/c/8220829/best-games,,2026-09-28
https://itch.io/c/8221096/hy,,2026-09-28
https://itch.io/c/8221156/lulistarn1s-collection,,2026-09-28
https://itch.io/c/8221254/jodiechungs-collection,,2026-09-28
https://itch.io/c/8221276/hot-and-cold,,2026-09-28
https://itch.io/c/8221304/moon9009hs-collection,,2026-09-28
https://itch.io/c/8221329/fantasy-vn,,2026-09-28
https://itch.io/c/8221333/panzer4501s-collection,,2026-09-28
https://itch.io/c/8221339/sebasteenz194s-collection,,2026-09-28
https://itch.io/c/8221341/dustfr33s-collection,,2026-09-28
https://itch.io/c/8221352/math-warriors-collection,,2026-09-28
https://itch.io/c/8221368/mrganms-collection,,2026-09-28
https://itch.io/c/8221374/favorites,,2026-09-28
https://itch.io/c/8221376/to-play-later,,2026-09-28
https://itch.io/c/8221402/jueguitos-juju,,2026-09-28
https://itch.io/c/8221404/eclipse-3s-collection,,2026-09-28
https://itch.io/c/8221455/r4wrl1as-collection,,2026-09-28
https://itch.io/c/8221476/the-possessed-hero,,2026-09-28
https://itch.io/c/8221523/laozuonovas-collection,,2026-09-28
https://itch.io/c/8221575/laozuonovas-collection,,2026-09-28
https://itch.io/c/8221581/lizziyngs-collection,,2026-09-28
https://itch.io/c/8221582/ncuogs-collection,,2026-09-28
https://itch.io/c/8221602/ncuogs-collection,,2026-09-28
https://itch.io/c/8221631/stargonaut2s-collection,,2026-09-28
https://itch.io/c/8221634/irc1231s-collection,,2026-09-28
https://itch.io/c/8221637/panzer4501s-collection,,2026-09-28
https://itch.io/c/8221639/lcfortess-collection,,2026-09-28
https://itch.io/c/8221667/check-out,,2026-09-28
https://itch.io/c/8221670/birthday-bash,,2026-09-28
https://itch.io/c/8221685/obssidian-ui-hud-packs,,2026-09-28
https://itch.io/c/8221706,,2026-09-28
https://itch.io/c/8221711/t-man94s-collection,,2026-09-28
https://itch.io/c/8221726/games-to-stream,,2026-09-28
https://itch.io/c/8221727/ataaaaawwwws-collection,,2026-09-28
https://itch.io/c/8221762/pepehc2021s-collection,,2026-09-28
https://itch.io/c/8221805/ttrpg-stuff,,2026-09-28
https://itch.io/c/8221820/sence,,2026-09-28
https://itch.io/c/8221831/human,,2026-09-28
https://itch.io/c/8221833/juegos-chulos,,2026-09-28
https://itch.io/c/8221836/horror,,2026-09-28
https://itch.io/c/8221846/monster,,2026-09-28
https://itch.io/c/8221870/spectrek18s-collection,,2026-09-28
https://itch.io/c/8221876/play-later,,2026-09-28
https://itch.io/c/8221887/ddstalkers-collection,,2026-09-28
https://itch.io/c/8221889/closetbear9s-collection,,2026-09-28
https://itch.io/c/8221907/solo,,2026-09-28
https://itch.io/c/8221917/gs8x4t1wwxrrd5s2z6a4s1vss-collection,,2026-09-28
https://itch.io/c/8221921/reading,,2026-09-28
https://itch.io/c/8221938/goons,,2026-09-28
https://itch.io/c/8221941/funny,,2026-09-28
https://itch.io/c/8221956/games,,2026-09-28
https://itch.io/c/8221981/willerrors-collection,,2026-09-28
https://itch.io/c/8221987/wyre3ss-collection,,2026-09-28
https://itch.io/c/8222005/pocketgb,,2026-09-28
https://itch.io/c/8222014/sfpssfpss-collection,,2026-09-28
https://itch.io/c/8222022/nansi0407s-collection,,2026-09-28
https://itch.io/c/8222037/solo-rpgs,,2026-09-28
https://itch.io/c/8222040/underfan101201s-collection,,2026-09-28
https://itch.io/c/8222051/moonsdears-collection,,2026-09-28
https://itch.io/c/8222071,,2026-09-28
https://itch.io/c/8222076/menarik,,2026-09-28
https://itch.io/c/8222086/egor76200s-collection,,2026-09-28
https://itch.io/c/8222107/farming,,2026-09-28
https://itch.io/c/8222109/gangerbangers-collection,,2026-09-28
https://itch.io/c/8222144/thephyss-collection,,2026-09-28
https://itch.io/c/8222147/waiting,,2026-09-28
https://itch.io/c/8222176/yaoi-games,,2026-09-28
https://itch.io/c/8222180/best-adult-games,,2026-09-28
https://itch.io/c/8222184/bjrrrs-collection,,2026-09-28
https://itch.io/c/8222214/horror,,2026-09-28
https://itch.io/c/8222217/bluegiraffe48427s-collection,,2026-09-28
https://itch.io/c/8222231/gmless-multiplayer,,2026-09-28
https://itch.io/c/8222232,,2026-09-28
https://itch.io/c/8222240/xd,,2026-09-28
https://itch.io/c/8222277/pixel-art-adult,,2026-09-28
https://itch.io/c/8222303,,2026-09-28
https://itch.io/c/8222311/kisukeurahara632s-collection,,2026-09-28
https://itch.io/c/8222353/redyearorad,,2026-09-28
https://itch.io/c/8222385/edi1776s-collection,,2026-09-28
https://itch.io/c/8222390/otome-sims,,2026-09-28
https://itch.io/c/8222403/balls,,2026-09-28
https://itch.io/c/8222421/2d,,2026-09-28
https://itch.io/c/8222428/later,,2026-09-28
https://itch.io/c/8222462/kotiroms-collection,,2026-09-28
https://itch.io/c/8222465/wwj-ctrls-collection,,2026-09-28
https://itch.io/c/8222487/lio-pios-collection,,2026-09-28
https://itch.io/c/8222493/cotsmokys-collection,,2026-09-28
https://itch.io/c/8222502/adultsandbox,,2026-09-28
https://itch.io/c/8222520/orolitfunns-collection,,2026-09-28
https://itch.io/c/8222541/lunaowls-collection,,2026-09-28
https://itch.io/c/8222544/mrmsyticmustards-collection,,2026-09-28
https://itch.io/c/8222567/wollnik1977-hubs-collection,,2026-09-28
https://itch.io/c/8222569/lancer,,2026-09-28
https://itch.io/c/8222572/tuff,,2026-09-28
https://itch.io/c/8222574/keroberos-collection,,2026-09-28
https://itch.io/c/8222577/luyckxxs-collection,,2026-09-28
https://itch.io/c/8222583/s22020015s-collection,,2026-09-28
https://itch.io/c/8222585/adultindie,,2026-09-28
https://itch.io/c/8222589/rohith-dornadulas-collection,,2026-09-28
https://itch.io/c/8222592/yuri,,2026-09-28
https://itch.io/c/8222600/racheldrawthis-games,,2026-09-28
https://itch.io/c/8222617,,2026-09-28
https://itch.io/c/8222626/luli248s-collection,,2026-09-28
https://itch.io/c/8222627/favs,,2026-09-28
https://itch.io/c/8222665/anaceciliagomes533-progs-collection,,2026-09-28
https://itch.io/c/8222669/adulsurvival,,2026-09-28
https://itch.io/c/8222697/adrpgmaker,,2026-09-28
https://itch.io/c/8222707/slg-game,,2026-09-28
https://itch.io/c/8222745/obssecion,,2026-09-28
https://itch.io/c/8222760/game-asset,,2026-09-28
https://itch.io/c/8222772/characters,,2026-09-28
https://itch.io/c/8222791/nyahs12s-collection,,2026-09-28
https://itch.io/c/8222806/game,,2026-09-28
https://itch.io/c/8222837/crocell1211s-collection,,2026-09-28
https://itch.io/c/8222838/loveuts-collection,,2026-09-28
https://itch.io/c/8222853/admaleprotag,,2026-09-28
https://itch.io/c/8222863/favorites,,2026-09-28
https://itch.io/c/8222875/coparss-collection,,2026-09-28
https://itch.io/c/8222883/moos4s-collection,,2026-09-28
https://itch.io/c/8222901/ysqys-collection,,2026-09-28
https://itch.io/c/8222902/cases,,2026-09-28
https://itch.io/c/8222909/creepypastas,,2026-09-28
https://itch.io/c/8222914/amormiedo,,2026-09-28
https://itch.io/c/8222921/lewd-games,,2026-09-28
https://itch.io/c/8222932/linhb9778s-collection,,2026-09-28
https://itch.io/c/8222946/wip-agency-game,,2026-09-28
https://itch.io/c/8222953/ronnn123s-collection,,2026-09-28
https://itch.io/c/8222958/tungtung1234s-collection,,2026-09-28
https://itch.io/c/8222974/tartiflutes-collection,,2026-09-28
https://itch.io/c/8222977/wakeupyouidots-collection,,2026-09-28
https://itch.io/c/8222979/badwolf916s-collection,,2026-09-28
https://itch.io/c/8222986/indiehorrorgamelovrs-collection,,2026-09-28
https://itch.io/c/8222992/kingtrumps-collection,,2026-09-28
https://itch.io/c/8222994/131282zzs-collection,,2026-09-28
https://itch.io/c/8223014/games-i-want,,2026-09-28
https://itch.io/c/8223016/adstory,,2026-09-28
https://itch.io/c/8223025/dylancamps-collection,,2026-09-28
https://itch.io/c/8223065/savibois-collection,,2026-09-28
https://itch.io/c/8223068/roguelike-assets,,2026-09-28
https://itch.io/c/8223103/tungtung1234s-collection,,2026-09-28
https://itch.io/c/8223121/sabsubbris-collection,,2026-09-28
https://itch.io/c/8223139/addatingsim,,2026-09-28
https://itch.io/c/8223148/okdok23s-collection,,2026-09-28
https://itch.io/c/8223153/schhvs-collection,,2026-09-28
https://itch.io/c/8223170/emilio201s-collection,,2026-09-28
https://itch.io/c/8223198/gammmeeee,,2026-09-28
https://itch.io/c/8223215/gayfrog83tgmailcoms-collection,,2026-09-28
https://itch.io/c/8223230/schhvs-collection,,2026-09-28
https://itch.io/c/8223262/prnlovees-collection,,2026-09-28
https://itch.io/c/8223302/rochellega2003gmailcoms-collection,,2026-09-28
https://itch.io/c/8223334/sigmaomoris-collection,,2026-09-28
https://itch.io/c/8223340/games-to-play-3,,2026-09-28
https://itch.io/c/8223358/esciems-collection,,2026-09-28
https://itch.io/c/8223406/juegos,,2026-09-28
https://itch.io/c/8223407/26092026,,2026-09-28
https://itch.io/c/8223415/shauneeees-collection,,2026-09-28
https://itch.io/c/8223418/aaa,,2026-09-28
https://itch.io/c/8223421/adult-games,,2026-09-28
https://itch.io/c/8223503/kdeube101s-collection,,2026-09-28
https://itch.io/c/8223507/juta-jutas-collection,,2026-09-28
https://itch.io/c/8223509/horrors-collection,,2026-09-28
https://itch.io/c/8223538/donpolla75s-collection,,2026-09-28
https://itch.io/c/8223552/tigan-92s-collection,,2026-09-28
https://itch.io/c/8223556/ugh,,2026-09-28
https://itch.io/c/8223593/horror,,2026-09-28
https://itch.io/c/8223597/deduction,,2026-09-28
https://itch.io/c/8223601/up-next-not-in-order,,2026-09-28
https://itch.io/c/8223606/ricenugget22s-collection,,2026-09-28
https://itch.io/c/8223636/toreilly317s-collection,,2026-09-28
https://itch.io/c/8223639/dewww141s-collection,,2026-09-28
https://itch.io/c/8223642/mr2millions-collection,,2026-09-28
https://itch.io/c/8223735/ttrpgs-to-check-out,,2026-09-28
https://itch.io/c/8223743/godot-4-shaders-ui-and-game-sounds,,2026-09-28
https://itch.io/c/8223754/the-pig-squad,,2026-09-28
https://itch.io/c/8223763/liqxas-collection,,2026-09-28
https://itch.io/c/8223777/fox-1003s-collection,,2026-09-28
https://itch.io/c/8223790/mailcoms-collection,,2026-09-28
https://itch.io/c/8223807/joshldlds-collection,,2026-09-28
https://itch.io/c/8223870/wishlist,,2026-09-28
https://itch.io/c/8223924/8479165738479s-collection,,2026-09-28
https://itch.io/c/8223965/fs25-karten,,2026-09-28
https://itch.io/c/8223978/random,,2026-09-28
https://itch.io/c/8224000/games-to-try,,2026-09-28
https://itch.io/c/8224003/firedihs-collection,,2026-09-28
https://itch.io/c/8224004/tombloom,,2026-09-28
https://itch.io/c/8224020/fs25-skripte-programme,,2026-09-28
https://itch.io/c/8224038/saved,,2026-09-28
https://itch.io/c/8224042/whatever-man,,2026-09-28
https://itch.io/c/8224051/gasinmyeyess-collection,,2026-09-28
https://itch.io/c/8224059/naughty,,2026-09-28
https://itch.io/c/8224074/tarnished1026s-collection,,2026-09-28
https://itch.io/c/8224076/endless-runner,,2026-09-28
https://itch.io/c/8224137/nyop,,2026-09-28
https://itch.io/c/8224156/yabgu0s-collection,,2026-09-28
https://itch.io/c/8224162/free,,2026-09-28
https://itch.io/c/8224164/aoife-caseyyys-collection,,2026-09-28
https://itch.io/c/8224192/blipblip-pows-collection,,2026-09-28
https://itch.io/c/8224213/gabanlocks-collection,,2026-09-28
https://itch.io/c/8224216/jblosers-collection,,2026-09-28
https://itch.io/c/8224299/pleasestepons-collection,,2026-09-28
https://itch.io/c/8224310/raaaaaaaaaaa,,2026-09-28
https://itch.io/c/8224315/jh-19880119s-collection,,2026-09-28
https://itch.io/c/8224334/teworlds-collection,,2026-09-28
https://itch.io/c/8224363/cookiesandcof33s-collection,,2026-09-28
https://itch.io/c/8224396/ryugi-ants-collection,,2026-09-28
https://itch.io/c/8224422/a-3d-game,,2026-09-28
https://itch.io/c/8224431/masterofsomethingprobablys-collection,,2026-09-28
https://itch.io/c/8224448/goon,,2026-09-28
https://itch.io/c/8224474/vn,,2026-09-28
https://itch.io/c/8224498/vojtechggs-collection,,2026-09-28
https://itch.io/c/8224514/masterskyrockers-collection,,2026-09-28
https://itch.io/c/8224531/metroidbrainias,,2026-09-28
https://itch.io/c/8224542/mod-sto-download,,2026-09-28
https://itch.io/c/8224566/rpg,,2026-09-28
https://itch.io/c/8224567/sexking127s-collection,,2026-09-28
https://itch.io/c/8224579/fulintes-collection,,2026-09-28
https://itch.io/c/8224609/wants,,2026-09-28
https://itch.io/c/8224618/with-friends,,2026-09-28
https://itch.io/c/8224623/cool,,2026-09-28
https://itch.io/c/8224635/bops,,2026-09-28
https://itch.io/c/8224652/paid-games,,2026-09-28
https://itch.io/c/8224660/already-played,,2026-09-28
https://itch.io/c/8224667/hotline-miami-pack,,2026-09-28
https://itch.io/c/8224694/crustydihs-collection,,2026-09-28
https://itch.io/c/8224698/bungusbinguss-collection,,2026-09-28
https://itch.io/c/8224708/sexking127s-collection,,2026-09-28
https://itch.io/c/8224712/kaka2322s-collection,,2026-09-28
https://itch.io/c/8224719/idk,,2026-09-28
https://itch.io/c/8224724/to-play,,2026-09-28
https://itch.io/c/8224751/elise063s-collection,,2026-09-28
https://itch.io/c/8224755/breakpoint,,2026-09-28
https://itch.io/c/8224763/otomes,,2026-09-28
https://itch.io/c/8224766/to-buy,,2026-09-28
https://itch.io/c/8224785/shane-assets,,2026-09-28
https://itch.io/c/8224797/gxdivas-collection,,2026-09-28
https://itch.io/c/8224814/oynayabilinir,,2026-09-28
https://itch.io/c/8224816/peak,,2026-09-28
https://itch.io/c/8224822/small-game-reference,,2026-09-28
https://itch.io/c/8224823/limezu,,2026-09-28
https://itch.io/c/8224851/cute-shit,,2026-09-28
https://itch.io/c/8224862/games-to-try,,2026-09-28
https://itch.io/c/8224873/sfaxxxzs-collection,,2026-09-28
https://itch.io/c/8224882/muda000hahahas-collection,,2026-09-28
https://itch.io/c/8224893/luciana65s-collection,,2026-09-28
https://itch.io/c/8224898/yayaya,,2026-09-28
https://itch.io/c/8224904/horror,,2026-09-28
https://itch.io/c/8224905/micafresas-collection,,2026-09-28
https://itch.io/c/8224913/liyswitch343s-collection,,2026-09-28
https://itch.io/c/8224918/nebularavens-collection,,2026-09-28
https://itch.io/c/8224922/play-later,,2026-09-28
https://itch.io/c/8224935/luiz-ffrrs-collection,,2026-09-28
https://itch.io/c/8224946/my-favorite-games,,2026-09-28
https://itch.io/c/8224955/game,,2026-09-28
https://itch.io/c/8224963/games,,2026-09-28
https://itch.io/c/8224964/deltaruneundertale,,2026-09-28
https://itch.io/c/8224974/kpacublus-collection,,2026-09-28
https://itch.io/c/8224987/moroxitos-collection,,2026-09-28
https://itch.io/c/8224995/atomickitty32s-collection,,2026-09-28
https://itch.io/c/8225011/dust-files,,2026-09-28
https://itch.io/c/8225061/creepypasta,,2026-09-28
https://itch.io/c/8225067/satire-dating-sims,,2026-09-28
https://itch.io/c/8225082/horror-dating-sim,,2026-09-28
https://itch.io/c/8225097/casaresasers-collection,,2026-09-28
https://itch.io/c/8225127/genuine-peak,,2026-09-28
https://itch.io/c/8225147/omw-2-play,,2026-09-28
https://itch.io/c/8225152/psx,,2026-09-28
https://itch.io/c/8225153/charlie-games,,2026-09-28
https://itch.io/c/8225190/jnachi,,2026-09-28
https://itch.io/c/8225209/fabula,,2026-09-28
https://itch.io/c/8225216/s,,2026-09-28
https://itch.io/c/8225218/the-embodiment-of-chaoss-collection,,2026-09-28
https://itch.io/c/8225219/clericbees-collection,,2026-09-28
https://itch.io/c/8225227/horse-games,,2026-09-28
https://itch.io/c/8225239/plan-to-play-dating-sim,,2026-09-28
https://itch.io/c/8225249/ardipapas-collection,,2026-09-28
https://itch.io/c/8225257/my-name-is-wolfs-collection,,2026-09-28
https://itch.io/c/8225275/balalalalauss-collection,,2026-09-28
https://itch.io/c/8225281/ohmii1s-collection,,2026-09-28
https://itch.io/c/8225293/ok190s-collection,,2026-09-28
https://itch.io/c/8225385/numberonefemboylovers-collection,,2026-09-28
https://itch.io/c/8225413/kys-collection,,2026-09-28
https://itch.io/c/8225416/stories,,2026-09-28
https://itch.io/c/8225417/qwehes-collection,,2026-09-28
https://itch.io/c/8225422/1,,2026-09-28
https://itch.io/c/8225432/jj,,2026-09-28
https://itch.io/c/8225441/syvies-collection,,2026-09-28
https://itch.io/c/8225446/medievalfantasy,,2026-09-28
https://itch.io/c/8225460/tg-tf,,2026-09-28
https://itch.io/c/8225461/porn,,2026-09-28
https://itch.io/c/8225469/gameboy-homebrew,,2026-09-28
https://itch.io/c/8225473/sci-fitechnology,,2026-09-28
https://itch.io/c/8225475/didiroses-collection,,2026-09-28
https://itch.io/c/8225506/2,,2026-09-28
https://itch.io/c/8225515/2d,,2026-09-28
https://itch.io/c/8225557/triceratops12344s-collection,,2026-09-28
https://itch.io/c/8225577/ball-tickler87s-collection,,2026-09-28
https://itch.io/c/8225587/3,,2026-09-28
https://itch.io/c/8225609,,2026-09-28
https://itch.io/c/8225678/racing-games,,2026-09-28
https://itch.io/c/8225683/isawamoongussvents-collection,,2026-09-28
https://itch.io/c/8225692/j3lly3217s-collection,,2026-09-28
https://itch.io/c/8225707/fatty-female-weight-gain-and-other-nsfw-games,,2026-09-28
https://itch.io/c/8225729/terrificsephs-collection,,2026-09-28
https://itch.io/c/8225761/annabelle-dufresnes-collection,,2026-09-28
https://itch.io/c/8225773/darkshadowmns-collection,,2026-09-28
https://itch.io/c/8225778/annabelle-dufresnes-collection,,2026-09-28
https://itch.io/c/8225786/g,,2026-09-28
https://itch.io/c/8225788/maybe,,2026-09-28
https://itch.io/c/8225797/fs25,,2026-09-28
https://itch.io/c/8225803/renpy,,2026-09-28
https://itch.io/c/8225828/usernameofnamess-collection,,2026-09-28
https://itch.io/c/8225834/skellyxxs-collection,,2026-09-28
https://itch.io/c/8225841/nyanlisss-collection,,2026-09-28
https://itch.io/c/8225890/114514,,2026-09-28
https://itch.io/c/8225904/vays-collection,,2026-09-28
https://itch.io/c/8225950/hgibbonsrocketmailcoms-collection,,2026-09-28
https://itch.io/c/8225951/pbrainlols-collection,,2026-09-28
https://itch.io/c/8225983/murders-collection,,2026-09-28
https://itch.io/c/8225988/pbrainlols-collection,,2026-09-28
https://itch.io/c/8225991/grrrilbzs-collection,,2026-09-28
https://itch.io/c/8226032/vextras-collectionwishlist,,2026-09-28
https://itch.io/c/8226037/thecreator-source09s-collection,,2026-09-28
https://itch.io/c/8226038/downloaded,,2026-09-28
https://itch.io/c/8226097/lovelyxiiis-collection,,2026-09-28
https://itch.io/c/8226101/cris-gm24s-collection,,2026-09-28
https://itch.io/c/8226120/wingusblonkuss-collection,,2026-09-28
https://itch.io/c/8226148/my-collection,,2026-09-28
https://itch.io/c/8226176/neelu11pros-collection,,2026-09-28
https://itch.io/c/8226205/rawr,,2026-09-28
https://itch.io/c/8226209/my-fav-nsfw,,2026-09-28
https://itch.io/c/8226230/hgame,,2026-09-28
https://itch.io/c/8226260/-,,2026-09-28
https://itch.io/c/8226271/1,,2026-09-28
https://itch.io/c/8226286/angeldustdahspidahs-collection,,2026-09-28
https://itch.io/c/8226294/try,,2026-09-28
https://itch.io/c/8226309/2d-horror,,2026-09-28
https://itch.io/c/8226333/prximamente,,2026-09-28
https://itch.io/c/8226344/akiayang3ls-collection,,2026-09-28
https://itch.io/c/8226349/pc,,2026-09-28
https://itch.io/c/8226351/waiting-on-updates,,2026-09-28
https://itch.io/c/8226390/emojiar123s-collection,,2026-09-28
https://itch.io/c/8226398/utilidades,,2026-09-28
https://itch.io/c/8226428/beesbeesbeesbeesbeess-collection,,2026-09-28
https://itch.io/c/8226440/jim69ggs-collection,,2026-09-28
https://itch.io/c/8226458/trozen007s-collection,,2026-09-28
https://itch.io/c/8226473/borderline-creepys-collection,,2026-09-28
https://itch.io/c/8226492/aba-interesting-games,,2026-09-28
https://itch.io/c/8226494/mellowzzzzs-collection,,2026-09-28
https://itch.io/c/8226498/xamences-collection,,2026-09-28
https://itch.io/c/8226502/visual-novels,,2026-09-28
https://itch.io/c/8226525/musaayk53s-collection,,2026-09-28
https://itch.io/c/8226526/william-twilights-collection,,2026-09-28
https://itch.io/c/8226555/verlosts-collection,,2026-09-28
https://itch.io/c/8226570/hendryred9s-collection,,2026-09-28
https://itch.io/c/8226578/8227650s-collection,,2026-09-28
https://itch.io/c/8226594/1170320206qqcoms-collection,,2026-09-28
https://itch.io/c/8226599/arrow,,2026-09-28
https://itch.io/c/8226601/mimasdks-collection,,2026-09-28
https://itch.io/c/8226606/bingbong2173s-collection,,2026-09-28
https://itch.io/c/8226607/runix0s-collection,,2026-09-28
https://itch.io/c/8226617,,2026-09-28
https://itch.io/c/8226621/loupgars-collection,,2026-09-28
https://itch.io/c/8226622/neuneu,,2026-09-28
https://itch.io/c/8226633/lmhgjhys-collection,,2026-09-28
https://itch.io/c/8226657/jackylamkcs-collection,,2026-09-28
https://itch.io/c/8226659/endtofxs-collection,,2026-09-28
https://itch.io/c/8226664/vanishingdragons-collection,,2026-09-28
https://itch.io/c/8226669/ruddnjsdl012-blips-collection,,2026-09-28
https://itch.io/c/8226689/tranngochien278s-collection,,2026-09-28
https://itch.io/c/8226697/trds,,2026-09-28
https://itch.io/c/8226698/gabeplayss-collection,,2026-09-28
https://itch.io/c/8226703/snow-wishs-collection,,2026-09-28
https://itch.io/c/8226705/mirokais-collection,,2026-09-28
https://itch.io/c/8226706/visual-novel-backround-packs-set-in-1-location-,,2026-09-28
https://itch.io/c/8226736/doctordancers-collection,,2026-09-28
https://itch.io/c/8226745/check,,2026-09-28
https://itch.io/c/8226754/futa-3d,,2026-09-28
https://itch.io/c/8226783/dating-sims-i-think-mostly,,2026-09-28
https://itch.io/c/8226786/visual-novels,,2026-09-28
https://itch.io/c/8226794/sommersemester-26,,2026-09-28
https://itch.io/c/8226831/el-loco-pocos-collection,,2026-09-28
https://itch.io/c/8226921/free,,2026-09-28
https://itch.io/c/8226928/bless542254s-collection,,2026-09-28
https://itch.io/c/8226944/alchemy-jam,,2026-09-28
https://itch.io/c/8226980/babygsoupps-collection,,2026-09-28
https://itch.io/c/8226994/express0e-doodles-collection,,2026-09-28
https://itch.io/c/8226997/jake0520s-collection,,2026-09-28
https://itch.io/c/8227017/rotw,,2026-09-28
https://itch.io/c/8227030/18,,2026-09-28
https://itch.io/c/8227044/fantasy-art,,2026-09-28
https://itch.io/c/8227049/rainjiujius-collection,,2026-09-28
https://itch.io/c/8227053/lifeisgreat0912s-collection,,2026-09-28
https://itch.io/c/8227061/later,,2026-09-28
https://itch.io/c/8227070/terror,,2026-09-28
https://itch.io/c/8227108/all,,2026-09-28
https://itch.io/c/8227129/lifeisgreat0912s-collection,,2026-09-28
https://itch.io/c/8227135/idk,,2026-09-28
https://itch.io/c/8227172/rainjiujius-collection,,2026-09-28
https://itch.io/c/8227224/hi-guys,,2026-09-28
https://itch.io/c/8227241/g0dlyys-collection,,2026-09-28
https://itch.io/c/780641/an-unoriginal-usernames-collection,,2026-09-28
https://itch.io/c/811790/colllection,,2026-09-28
https://itch.io/c/921431/infinitezeros-collection,,2026-09-28
https://itch.io/c/1090970/play-later,,2026-09-28
https://itch.io/c/1103508/thestealthydirks-collection,,2026-09-28
https://itch.io/c/1114799/wishlist,,2026-09-28
https://itch.io/c/1222842/asfks-collection,,2026-09-28
https://itch.io/c/1666688,,2026-09-28
https://itch.io/c/1730160/noobbloxs-collection,,2026-09-28
https://itch.io/c/1768415/maropandas-collection,,2026-09-28
https://itch.io/c/1888681/porn,,2026-09-28
https://itch.io/c/1955887/game-jam-school-projects,,2026-09-28
https://itch.io/c/2050620/visual-novels,,2026-09-28
https://itch.io/c/2308574/to-play,,2026-09-28
https://itch.io/c/2352302/thaniks-collection,,2026-09-28
https://itch.io/c/2412578/oct24s-collection,,2026-09-28
https://itch.io/c/2439051/swordofjustice2007s-collection,,2026-09-28
https://itch.io/c/2581517/tommyshomes-collection,,2026-09-28
https://itch.io/c/2587787/craneoftruths-collection,,2026-09-28
https://itch.io/c/2657391/to-download,,2026-09-28
https://itch.io/c/2673416/dremora13s-collection,,2026-09-28
https://itch.io/c/2772314/jake156s-collection,,2026-09-28
https://itch.io/c/2776565/fermented-sorcerers-collection,,2026-09-28
https://itch.io/c/2912961/qazwsx072334s-collection,,2026-09-28
https://itch.io/c/2931762/zero10ks-collection,,2026-09-28
https://itch.io/c/2947923/jakenagos-collection,,2026-09-28
https://itch.io/c/2965962/angel33las-collection,,2026-09-28
https://itch.io/c/3063566/wishlist,,2026-09-28
https://itch.io/c/3066083,,2026-09-28
https://itch.io/c/3163017/scary,,2026-09-28
https://itch.io/c/3191817/aleskillers-collection,,2026-09-28
https://itch.io/t/6991189/evorin-a-small-multiplayer-3d-sandbox-action-rpg,,2026-09-28
https://itch.io/t/6995344/pixelstoids-08a-the-rift,,2026-09-28
https://itch.io/t/6998114/is-my-game-too-easy-need-feedback-for-added-difficulty,,2026-09-28
https://itch.io/t/7002315/keep-the-beat-one-button-browser-rhythm-game-3-min-is-the-groove-actually-fun,,2026-09-28
https://itch.io/t/7002329/pcb-defense-defend-a-cpu-core-from-electronic-hostiles-browser-free,,2026-09-28
https://itch.io/t/7002332/itchio-youtube-channel-submissions-pipeline-,,2026-09-28
https://itch.io/t/7002351/eurasia-hauler-browser-logistics-tycoon-looking-for-first-impressions,,2026-09-28
https://itch.io/t/7002354/chreeaktor-is-out-a-chain-reaction-puzzle-for-one-finger,,2026-09-28
https://itch.io/t/7002362/my-new-game-to-feel-a-pleasing-thing,,2026-09-28
https://itch.io/t/7002366/hair-bug-launched,,2026-09-28
https://itch.io/t/7002461/assets-abyssal-forge-dark-fantasy-rpg-ui-kit-for-unity,,2026-09-28
https://itch.io/t/7002658/godothobby-make-your-own-game-using-an-existing-character-universe-keep-your-profits,,2026-09-28
https://itch.io/t/7002675/and-is-that-reasonable,,2026-09-28
https://itch.io/t/7002691/somali-pirates-free-early-demo-for-sega-genesis-mega-drive,,2026-09-28
https://itch.io/t/7002743/fitness-on-another-level,,2026-09-28
https://itch.io/t/7002747/pixel-peaks-released,,2026-09-28
https://itch.io/t/7002844/happyclam-jammin-jam-4-is-starting-in-5-days,,2026-09-28
https://itch.io/t/7002855/human-animation-doesnt-look-game-like,,2026-09-28
https://itch.io/t/7003095/no-exploda-a-fast-paced-bomb-defusal-arcade-game-is-now-on-itchio,,2026-09-28
https://itch.io/t/7003108/help-wanted-v-db-collection-edition-p,,2026-09-28
https://itch.io/t/7003203/account-recovery-one-final-check-a-comedy-puzzle-game-about-proving-youre-you,,2026-09-28
https://itch.io/t/7003249/lfs-unpaid-hobby-ue5-looking-for-environment-level-artists-for-kaelun,,2026-09-28
https://itch.io/t/7003268/four-petal-sun,,2026-09-28
https://itch.io/t/7003353/parcel-protocol-dispatch-free-demo-20-launch-sale,,2026-09-28
https://itch.io/t/7003469/pixel-tales-farm-rpg-asset-pack,,2026-09-28
https://itch.io/t/7003482/chubby-orange-cat,,2026-09-28
https://itch.io/t/7003504/blue-impulse-flight-simulator,,2026-09-28
https://itch.io/t/7003611/pentatonica-a-2048-style-puzzle-where-every-tile-is-a-note,,2026-09-28
https://itch.io/t/7003612/lumina-cube-an-auto-battle-arpg-where-you-build-how-she-fights-free-browser,,2026-09-28
https://itch.io/t/7003645/use-your-microphone-to-say-the-correct-spell-and-draw-the-correct-sigil-to-treat-anomalies-in-watch-and-whisper,,2026-09-28
https://itch.io/t/7003653/kitchen-rivals-our-restaurant-management-cooking-game-now-has-a-playable-demo,,2026-09-28
https://itch.io/t/7003654/pixelstoids,,2026-09-28
https://itch.io/t/7003679/the-curse-of-eldermoor-free-browser-rpgdnd-engr-choices-actually-matter,,2026-09-28
https://itch.io/t/7003693/my-first-indie-game-dungeon-break-has-its-demo-available-now,,2026-09-28
https://itch.io/t/7003709/custom-categories-for-game-jams-especially-ai-gen-vs-human-made,,2026-09-28
https://itch.io/t/7003717/idea-for-game-jam-newcomer-jam,,2026-09-28
https://itch.io/t/7003905/solitary-slime-demo-v03,,2026-09-28
https://itch.io/t/7003934/air-manager-alpha-013,,2026-09-28
https://itch.io/t/7003986/oct-7-oct-11-gmi-game-jam-2026-96-hour-online-game-jam,,2026-09-28
https://itch.io/t/7003999/free-two-player-pdf-mystery-the-last-guest-at-blackthorn-hotel-first-playtest,,2026-09-28
https://itch.io/t/7004024/neo-forge-play-magic-the-gathering-vs-ai-free-and-offline-now-on-android-plus-windowsmac,,2026-09-28
https://itch.io/t/7004067/protogaia,,2026-09-28
https://itch.io/t/7004177/novo-the-colony-demo-looking-for-feedback,,2026-09-28
https://itch.io/t/7004188/deepfall-mining-machinery-cave-collapses-free-browser-playtest,,2026-09-28
https://itch.io/t/7004278/force-majeure-a-mission-for-fist-ultra-edition,,2026-09-28
https://itch.io/t/7004365/unitygodotgamemaker-game-designer-brazilian-person-with-free-time-looking-for-a-project-to-work-on,,2026-09-28
https://itch.io/t/7004383/double-mission-msx,,2026-09-28
https://itch.io/t/7004404/polonova-build-a-city-from-a-single-road-to-a-metropolis-free-in-your-browser,,2026-09-28
https://itch.io/t/7004522/research-real-world-location-research-for-your-games-setting-verified-coordinates-real-photos,,2026-09-28
https://itch.io/t/7004570/for-hire-low-poly-3d-artist-game-ready-assets-weapons-5-10,,2026-09-28
https://itch.io/t/7004585/i-just-released-my-first-indie-game-,,2026-09-28
https://itch.io/t/7004665/cyberpunk-gothic-rpg-items-gear-77-icons-ai,,2026-09-28
https://itch.io/t/7004672/igmaclicka-a-ridiculous-clicker-with-way-too-much-lore,,2026-09-28
https://itch.io/t/7004676/hill-action,,2026-09-28
https://itch.io/t/7004697/paid-android-desktop-programmer-app-development-services,,2026-09-28
https://itch.io/t/7004706/2d-art-pack-mutated-lands-four-places-you-probably-shouldnt-camp,,2026-09-28
https://itch.io/t/7004743/localizationvolunteereng-ru,,2026-09-28
https://itch.io/t/7004745/mountain-sea-io-multiplayer-chinese-myth-game,,2026-09-28
https://itch.io/t/7004776/wall-street-tycoon-build-an-idle-empire-then-duel-rivals-in-sealed-bid-card-auctions-free-browser,,2026-09-28
https://itch.io/t/7004837/el-perfilador-caso-00-cajn-14-free-10-minute-detective-training-case-in-spanish,,2026-09-28
https://itch.io/t/7004863/no-fixed-star,,2026-09-28
https://itch.io/t/7004939/game-testerunpaid-i-really-need-some-game-testers-who-have-some-free-time,,2026-09-28
https://itch.io/t/7005101/battlemon-rpg-2-html5,,2026-09-28
https://itch.io/t/7005175/star-cube-update-new-bosses-mechanics-and-optimization,,2026-09-28
https://itch.io/t/7005194/circle13-a-psychological-russian-roulette-game-where-everyone-has-a-gun,,2026-09-28
https://itch.io/t/7005319/depthrix-a-new-3d-tetris,,2026-09-28
https://itch.io/t/7005364/tool-rfq-catalogue-matcher-offline-line-item-matching-9,,2026-09-28
https://itch.io/t/7005493/cloud-garden-post-a-calm-delivery-puzzle-where-you-grow-bridges-out-of-flowers,,2026-09-28
https://itch.io/t/7005556/bruh,,2026-09-28
https://itch.io/t/7005578/gamefriend-a-mental-wellness-application-for-the-game-boy,,2026-09-28
https://itch.io/t/7005583/they-did-what-a-gm-emergency-response-kit-for-when-players-go-off-script,,2026-09-28
https://itch.io/t/7005734/rakit,,2026-09-28
https://itch.io/t/7005742/offering-free-trailer-features-for-indie-devs-indie-signal,,2026-09-28
https://itch.io/t/7005805/home,,2026-09-28
https://itch.io/t/7005815/four-petal-sun-fan-art,,2026-09-28
https://itch.io/t/7005865/-liminal-space-puzzle-horror-free-demo-just-released,,2026-09-28
https://itch.io/t/7005919/release-hardcore-tactical-space-sandbox-games-gzdoom-ai-mod-by-protector113,,2026-09-28
https://itch.io/t/7006040/unpaid-looking-for-writers-and-artists-to-help-with-making-greek-mythology-dating-sims,,2026-09-28
https://itch.io/t/7006065/playtest-feedback-cold-read-of-your-game-where-its-rules-contradict-what-it-tells-the-player-first-2-free,,2026-09-28
https://itch.io/t/7006122/lfp-paid-renpy-programmer-developer-available-for-vn-systems-ui-bug-fixing,,2026-09-28
https://itch.io/t/7006181/arcade-ui-game-feel-sfx-78-royalty-free-sounds-for-menus-pickups-hits-jingles,,2026-09-28
https://itch.io/t/7006186/cozy-farm-16x16-pixel-icons-64-inventory-items-for-farming-life-sim-games,,2026-09-28
https://itch.io/t/7006234/a-new-farming-routine-could-emerge-in-arc-raiders-with-u4n,,2026-09-28
https://itch.io/t/7006236/tracking-aion-2-seasonal-rewards-chuseok-tips-from-u4n,,2026-09-28
https://itch.io/t/7006241/building-a-future-proof-captain-in-madden-27-with-u4n,,2026-09-28
https://itch.io/t/7006299/lfppaid-20htmlcss-one-visual-fix-for-your-game-or-studio-page,,2026-09-28
https://itch.io/t/7006304/tool-9-localize-check-review-translations-after-a-source-text-change,,2026-09-28
https://itch.io/t/7006327/five-days-at-ones-rewritten,,2026-09-28
https://itch.io/t/7006349/free-cc0-retro-cafe-sign-fbx-glb-8332-triangles,,2026-09-28
https://itch.io/t/7006386/chaotic-pets-v061-is-out-my-biggest-update-yet,,2026-09-28
https://itch.io/t/7006390/pet-the-dog-pet-feed-play,,2026-09-28
https://itch.io/t/7006394/12-free-nebula-backgrounds-now-with-a-playable-godot-45-demo,,2026-09-28
https://itch.io/t/7006462/androidunpaidplaytesting-arrows-unfurled-3d-seeking-puzzle-and-touch-control-feedback,,2026-09-28
https://itch.io/t/7006588/300-a-month-sell-your-private-life-to-an-ai-for-a-basic-income-browser-free,,2026-09-28
https://itch.io/t/7006589/big-nugget-cut-4x,,2026-09-28
https://itch.io/t/7006620/basra,,2026-09-28
https://itch.io/t/7006632/introducing-tileslice-aseprite-extension,,2026-09-28
https://itch.io/t/7006643/arrr-doku-sudoku-like-with-pirates,,2026-09-28
https://itch.io/t/7006715/knock-everything-off-free-browser-game-one-mechanic-30-seconds,,2026-09-28
https://itch.io/t/7006732/godot-ui-12-free-sample-tallframe-portrait-themes-in-1-2-and-4,,2026-09-28
https://itch.io/t/7006774/cozy-chronicle-a-calm-town-builder-in-a-small-river-valley,,2026-09-28
https://itch.io/t/7006791/free-browser-drum-sequencer-16-steps-3-voices-wav-export,,2026-09-28
https://itch.io/t/7006867/magic-realm,,2026-09-28
https://itch.io/t/7006901/why-are-recommendations-bugged,,2026-09-28
https://itch.io/t/7007062/which-texture-for-vector-game-world,,2026-09-28
https://itch.io/t/7007080/photo-delivery-check-free-local-pngjpeg-delivery-audit,,2026-09-28
https://itch.io/t/7007085/o-an-quan-offline-edition-still-missing-from-search-browse-ticket-401560,,2026-09-28
https://itch.io/t/7007100/black-marrow,,2026-09-28
https://itch.io/t/7007145/toolengine-room-engine-lightweight-open-source-game-room-server-for-discord-activities-multiplayer-games,,2026-09-28
https://itch.io/t/7007194/call-of-duty-black-ops-ii-game-features-story-multiplayer-guide-2026,,2026-09-28
https://itch.io/t/7007198/the-little-potion-shop-free-playtest-of-a-cozy-potion-shop,,2026-09-28
https://itch.io/t/7007201/tennis-parent-can-you-raise-a-champion-without-losing-your-child,,2026-09-28
https://itch.io/t/7007210/just-released-a-fantasy-shields-pack-and-its-90-off,,2026-09-28
https://itch.io/t/7007231/keyboard-hammy-a-tiny-hamsters-big-computer-adventure,,2026-09-28
https://itch.io/t/7007324/looking-for-playtesters-void-runner-browser-arcade-survival-shooter-prototype,,2026-09-28
https://itch.io/t/7007346/spritegrid-splitter-a-small-portable-windows-tool-for-reorganizing-sprite-sheets-into-animation-grids,,2026-09-28
https://itch.io/t/7007450/helltd-mazing-tower-defense-in-the-warcraft-iii-tradition-free-demo,,2026-09-28
https://itch.io/t/7007531/glyphverse-zero-incremental-idle-sci-fi-game,,2026-09-28
https://itch.io/t/7007556/ultimate-godot-bundle-vol-1-700-low-poly-models-3-shaders-10-complete-godot-4-projects,,2026-09-28
https://itch.io/t/7007588/free-the-girl-who-became-me-psychological-horror-visual-novel,,2026-09-28
https://itch.io/t/7007592/co-founder-equal-split-tactical-rpg-unity-looking-for-an-artist-3d-2d-pixel-style-open,,2026-09-28
https://itch.io/t/7007685/they-only-visit-after-dark-my-new-indie-horror-project,,2026-09-28
https://itch.io/t/7007707/pipesort-complete-mobile-water-sort-puzzle-unity-6-250-levels-admob-shop,,2026-09-28
https://itch.io/t/7007796/unity-developer-looking-for-a-team,,2026-09-28
https://itch.io/t/7007814/spriteviewer-a-centralized-app-for-viewing-your-2d-game-sprites,,2026-09-28
https://itch.io/t/7007829/godot-4-assets-8-shader-ui-and-sound-packs-40-off-for-the-launch,,2026-09-28
https://itch.io/t/7007937/terrastate-update-10,,2026-09-28
https://itch.io/t/7007964/looking-for-a-sprite-artist-multiple-enemies-for-a-wolfenstein-3d-style-game,,2026-09-28
https://itch.io/t/7007970/ninjarps-rock-paper-scissors-turned-into-a-1v1-strategy-board-game-iosandroid-free,,2026-09-28
https://itch.io/t/7008000/the-second-copy-a-short-document-detective-mystery-199,,2026-09-28
https://itch.io/t/7008025/lfp-free-macos-qa-playtesting-slots-help-me-practice-polish-your-game,,2026-09-28
https://itch.io/t/7008096/rush-mart-co-op-convenience-store-chaos-free-in-your-browser-14-players,,2026-09-28
https://itch.io/t/7008122/voicepaid-deep-dragonmonster-character-voice-ai-disclosed-free-sample-line,,2026-09-28
https://itch.io/t/7008186/neon-tower-v040-one-tower-endless-waves-now-with-sound-free-windows-playtest,,2026-09-28
https://itch.io/t/7008254/my-page-is-under-moderation-about-more-then-a-month,,2026-09-28
https://itch.io/t/7008370/prism-surge-is-published,,2026-09-28
https://itch.io/t/7008373/leafman-free-5-level-pixel-art-action-platformer-demo,,2026-09-28
https://itch.io/t/7008434/my-first-game-on-itch,,2026-09-28
https://foxfriends.itch.io/white,,2026-09-28
https://ironflux-studio.itch.io/slayer-of-colossal,,2026-09-28
https://ironflux-studio.itch.io/rival-gum,,2026-09-28
https://sodaraptor.itch.io/hypnagogia2-boundless-dreams,,2026-09-28
https://dante-morr.itch.io/the-leather-city,,2026-09-28
https://greatearlofhell.itch.io/prepschool,,2026-09-28
https://greatearlofhell.itch.io/october,,2026-09-28
https://greatearlofhell.itch.io/go-on,,2026-09-28
https://sebastian1240.itch.io/bean-parkour,,2026-09-28
https://sebastian1240.itch.io/fps-game-alpha,,2026-09-28
https://axelolin.itch.io/murk,,2026-09-28
https://expert-boy-of-soy.itch.io/lady-chance,,2026-09-28
https://mflargo.itch.io/genodice,,2026-09-28
https://glod-studios.itch.io/the-adventures-of-five-nights-in-anime-a-new-beginning-season-1,,2026-09-28
https://slimakbezsi.itch.io/aint-impossible,,2026-09-28
https://santisotelo.itch.io/the-cave,,2026-09-28
https://expert-boy-of-soy.itch.io/lights-out,,2026-09-28
https://daniothysoup.itch.io/lollyscary,,2026-09-28
https://greatearlofhell.itch.io/veiledthreats,,2026-09-28
https://manticorumgif.itch.io/one-of-them-dies,,2026-09-28
https://daniothysoup.itch.io/lollytubbiesv2,,2026-09-28
https://daniothysoup.itch.io/onad3,,2026-09-28
https://greatearlofhell.itch.io/wethot,,2026-09-28
https://greatearlofhell.itch.io/nightmarescape,,2026-09-28
https://greatearlofhell.itch.io/cadence,,2026-09-28
https://shaylamouth.itch.io/paper-mario-2,,2026-09-28
https://daniothysoup.itch.io/randos-quest,,2026-09-28
https://greatearlofhell.itch.io/stop-saying-sorry,,2026-09-28
https://greatearlofhell.itch.io/wayla,,2026-09-28
https://shaylamouth.itch.io/pm-eggstraordinary-egg-hunt,,2026-09-28
https://dhelangan.itch.io/emoji-parade,,2026-09-28
https://greatearlofhell.itch.io/future-genre,,2026-09-28
https://dhelangan.itch.io/cat-mower,,2026-09-28
https://greatearlofhell.itch.io/wallpapers,,2026-09-28
https://mflargo.itch.io/the-horrors-of-newell-simon-hall,,2026-09-28
https://mflargo.itch.io/dogwalker,,2026-09-28
https://maxcodez.itch.io/minecraft-recreation,,2026-09-28
https://nickshutter.itch.io/apparent-abstractions,,2026-09-28
https://expert-boy-of-soy.itch.io/cooped-up,,2026-09-28
https://caiabrea.itch.io/whisperwood,,2026-09-28
https://daniothysoup.itch.io/lollytubbies2,,2026-09-28
https://dhelangan.itch.io/living-palisade,,2026-09-28
https://greatearlofhell.itch.io/catalog,,2026-09-28
https://daniothysoup.itch.io/lollytubbies-ll-demo,,2026-09-28
https://lilotech.itch.io/bomberman,,2026-09-28
https://peppersqueak.itch.io/starcrossed,,2026-09-28
https://antonino-cavaleri.itch.io/crazy-carrier,,2026-09-28
https://lilotech.itch.io/fast-paws-saves-music,,2026-09-28
https://greatearlofhell.itch.io/interlude,,2026-09-28
https://weaverdevs.itch.io/mansin-de-los-jarrones,,2026-09-28
https://ishanroyc.itch.io/john-brown-rpg,,2026-09-28
https://greatearlofhell.itch.io/abyss-erasures,,2026-09-28
https://enyasomiki.itch.io/magical-garden,,2026-09-28
https://enyasomiki.itch.io/cottage-in-the-fog,,2026-09-28
https://brunitolimpus.itch.io/infernulia,,2026-09-28
https://lc3ccat.itch.io/baldi,,2026-09-28
https://derruhige.itch.io/acarderacing,,2026-09-28
https://greatearlofhell.itch.io/the-untamed-camera,,2026-09-28
https://dhelangan.itch.io/big-bad-beetle-ball,,2026-09-28
https://lilotech.itch.io/apara,,2026-09-28
https://peppersqueak.itch.io/neutralize,,2026-09-28
https://greatearlofhell.itch.io/rose-sonnets,,2026-09-28
https://lilotech.itch.io/ta-trancao,,2026-09-28
https://shaylamouth.itch.io/gourmet-guys-extravagant-boss-fight-bonanza,,2026-09-28
https://manuskull.itch.io/combadengue,,2026-09-28
https://antonino-cavaleri.itch.io/falling-trolls,,2026-09-28
https://the-doctor-dree.itch.io/hinmk,,2026-09-28
https://antonino-cavaleri.itch.io/byron-bay,,2026-09-28
https://greatearlofhell.itch.io/peaches,,2026-09-28
https://greatearlofhell.itch.io/camera-indomita,,2026-09-28
https://lilotech.itch.io/pong25,,2026-09-28
https://real-chipdude.itch.io/monkemayhem,,2026-09-28
https://antonino-cavaleri.itch.io/lone-survivor-dungeon-generator-edition,,2026-09-28
https://kraz-productions.itch.io/elementsol,,2026-09-28
https://changeometric.itch.io/simply-go-right,,2026-09-28
https://platoban.itch.io/platobanlegacy,,2026-09-28
https://ishanroyc.itch.io/azumanger-clock-app,,2026-09-28
https://peppersqueak.itch.io/boomerang,,2026-09-28
https://lc3ccat.itch.io/monkamosvr,,2026-09-28
https://dhelangan.itch.io/don-don-shooter,,2026-09-28
https://peppersqueak.itch.io/dimension-hop,,2026-09-28
https://cochisedev.itch.io/watchout,,2026-09-28
https://lc3ccat.itch.io/friday-night-funkin-lc-edition-beta,,2026-09-28
https://dev-gamer2013.itch.io/rainbow-platforming,,2026-09-28
https://weaverdevs.itch.io/the-forgotten-tower,,2026-09-28
https://glod-studios.itch.io/flappy-nights-in-anime,,2026-09-28
https://greatearlofhell.itch.io/real-specters,,2026-09-28
https://librakitty.itch.io/grid-navigation-system,,2026-09-28
https://antonino-cavaleri.itch.io/unchilled-jammer,,2026-09-28
https://lilotech.itch.io/labsim-prototype,,2026-09-28
https://antonino-cavaleri.itch.io/sleepy-bee,,2026-09-28
https://lilotech.itch.io/trazadas,,2026-09-28
https://lilotech.itch.io/invisible-jump,,2026-09-28
https://su8art.itch.io/racing-ready,,2026-09-28
https://lilotech.itch.io/russian-roulette,,2026-09-28
https://dhelangan.itch.io/3-days-later,,2026-09-28
https://zn10.itch.io/level5,,2026-09-28
https://vexagongames.itch.io/terramania-demo,,2026-09-28
https://shaylamouth.itch.io/pm-archipelago-adventure,,2026-09-28
https://antonino-cavaleri.itch.io/rhythm-smasher,,2026-09-28
https://shaylamouth.itch.io/anything-can-happen-in-a-shayla-mod,,2026-09-28
https://zn10.itch.io/stickman,,2026-09-28
https://peppersqueak.itch.io/mortem-motors,,2026-09-28
https://mestreurubu.itch.io/only-up-system-with-parkour-project-pack-unity-2020,,2026-09-28
https://antonino-cavaleri.itch.io/cut-out-master,,2026-09-28
https://greatearlofhell.itch.io/preparatory-school-for-the-end-of-the-world-annotated-version,,2026-09-28
https://mrsleeps.itch.io/decisions-matter,,2026-09-28
https://mestreurubu.itch.io/top-down-io-zombie-asset-pack-update-01-unity,,2026-09-28
https://system6302.itch.io/bandersnatch,,2026-09-28
https://rubix-studios.itch.io/through-the-darkness,,2026-09-28
https://mestreurubu.itch.io/lysa-is-toxic,,2026-09-28
https://cdh-games.itch.io/budget-guardian-health-realm,,2026-09-28
https://slatfan.itch.io/projectkaboom,,2026-09-28
https://real-chipdude.itch.io/spook-chimp,,2026-09-28
https://expert-boy-of-soy.itch.io/areyoubugginkiddingme,,2026-09-28
https://greatearlofhell.itch.io/soa,,2026-09-28
https://real-chipdude.itch.io/untitled-autism-game,,2026-09-28
https://cdh-games.itch.io/budget-guardian-health-realm-full-release,,2026-09-28
https://dhelangan.itch.io/pindere,,2026-09-28
https://gonicar.itch.io/ebox-romantically-hued,,2026-09-28
https://mohamed-memes.itch.io/asipp,,2026-09-28
https://shaylamouth.itch.io/pmcc-r-uf,,2026-09-28
https://soulpersona.itch.io/webp-converter,,2026-09-28
https://soulpersona.itch.io/canny-image-converter,,2026-09-28
https://evr-studios.itch.io/saefmm,,2026-09-28
https://greatearlofhell.itch.io/the-path,,2026-09-28
https://glod-studios.itch.io/five-nights-in-anime-redux,,2026-09-28
https://canes-cup.itch.io/sprunki-animation-pack,,2026-09-28
https://greatearlofhell.itch.io/baltizine-dives,,2026-09-28
https://glod-studios.itch.io/five-nights-in-anime-rebuilt,,2026-09-28
https://soulpersona.itch.io/shards-hub-renpy-vn-framework,,2026-09-28
https://soulpersona.itch.io/shards-hub-achievements-module,,2026-09-28
https://soulpersona.itch.io/shards-hub-favorites-module,,2026-09-28
https://soulpersona.itch.io/shards-hub-gallery-module,,2026-09-28
https://soulpersona.itch.io/shards-hub-music-module,,2026-09-28
https://soulpersona.itch.io/shards-hub-guide-documentation,,2026-09-28
https://daniel2-robb.itch.io/fight-em-til-you-cant,,2026-09-28
https://pierrec.itch.io/deep-time,,2026-09-28
https://cooperfree.itch.io/tantalus,,2026-09-28
https://trulywhispper.itch.io/average-sprunk-mod-legacy-version,,2026-09-28
https://bentcube.itch.io/empty-gauge,,2026-09-28
https://whaylu.itch.io/aotd,,2026-09-28
https://bonthron.itch.io/eva,,2026-09-28
https://theidiotman.itch.io/super-coise-mostly-finished,,2026-09-28
https://sheepishdev.itch.io/timeless-tower,,2026-09-28
https://sheepishdev.itch.io/flappy-alex,,2026-09-28
https://murzik-chernyshowdobrey.itch.io/guessinggame,,2026-09-28
https://meavrik.itch.io/terratale,,2026-09-28
https://whaylu.itch.io/lh75,,2026-09-28
https://mflargo.itch.io/zoo-escape,,2026-09-28
https://dhelangan.itch.io/davy-jones-private-beach,,2026-09-28
https://joeyishere.itch.io/colortheory,,2026-09-28
https://canes-cup.itch.io/scratch-bloopers-1,,2026-09-28
https://murzik-chernyshowdobrey.itch.io/guessinggamebeforemath,,2026-09-28
https://dhelangan.itch.io/melodies-of-foreign-soils-sakura,,2026-09-28
https://jim67543.itch.io/millersplanet,,2026-09-28
https://leonard-rudl.itch.io/vr-serious-game,,2026-09-28
https://jonathan52025.itch.io/spherical,,2026-09-28
https://justfordoener.itch.io/book-of-tiles-demo-161225,,2026-09-28
https://golden-yokais.itch.io/tanuki-graffiti,,2026-09-28
https://boxygtag.itch.io/robot-game,,2026-09-28
https://greatearlofhell.itch.io/bubbling,,2026-09-28
https://greatearlofhell.itch.io/the-time-is-ripe,,2026-09-28
https://godofmayo.itch.io/lethologica,,2026-09-28
https://himdoy2-2.itch.io/minesweeperplusseconddestionation,,2026-09-28
https://greatearlofhell.itch.io/big-zine-bundle,,2026-09-28
https://trulywhispper.itch.io/spernky,,2026-09-28
https://greatearlofhell.itch.io/more-soa,,2026-09-28
https://su8art.itch.io/catro,,2026-09-28
https://greatearlofhell.itch.io/timeworn-paramour,,2026-09-28
https://abduznik.itch.io/reel-debt,,2026-09-28
https://sheepishdev.itch.io/tq-129,,2026-09-28
https://greatearlofhell.itch.io/waver-quiver,,2026-09-28
https://greatearlofhell.itch.io/publishing-the-revolution,,2026-09-28
https://jollyranchercgh.itch.io/clouds-gorilla-horror-remake,,2026-09-28
https://wizorge.itch.io/wender,,2026-09-28
https://canes-cup.itch.io/logobox-multiverse-mayhem,,2026-09-28
https://greatearlofhell.itch.io/pool-paintings,,2026-09-28
https://greatearlofhell.itch.io/better-ally,,2026-09-28
https://greatearlofhell.itch.io/remnants-of-a-fighter,,2026-09-28
https://greatearlofhell.itch.io/age-of-aquarius,,2026-09-28
https://leonard-rudl.itch.io/echoes,,2026-09-28
https://trulywhispper.itch.io/funki-sprunki,,2026-09-28
https://greatearlofhell.itch.io/what-is-the-meaning-of-this,,2026-09-28
https://rgrvdotnl.itch.io/regroovelizer-android,,2026-09-28
https://rgrvdotnl.itch.io/r1-piano-logue,,2026-09-28
https://rgrvdotnl.itch.io/rm1-effects-logue,,2026-09-28
https://rgrvdotnl.itch.io/regroove-effects-logue,,2026-09-28
https://rgrvdotnl.itch.io/midipad-controller,,2026-09-28
https://axelolin.itch.io/the-box,,2026-09-28
https://greatearlofhell.itch.io/tallow-candles,,2026-09-28
https://rgrvdotnl.itch.io/regroovelizer-raspi,,2026-09-28
https://whaylu.itch.io/lhw,,2026-09-28
https://rgrvdotnl.itch.io/regroove-android,,2026-09-28
https://rgrvdotnl.itch.io/junglizer-android,,2026-09-28
https://rgrvdotnl.itch.io/meister,,2026-09-28
https://fromjota.itch.io/naranja-lima,,2026-09-28
https://trulywhispper.itch.io/sprunk-a-doodle-doo,,2026-09-28
https://game-official.itch.io/santacruzza,,2026-09-28
https://rgrvdotnl.itch.io/rd404-kaotic,,2026-09-28
https://rgrvdotnl.itch.io/rg909-kaotic,,2026-09-28
https://rgrvdotnl.itch.io/rg909-logue,,2026-09-28
https://rgrvdotnl.itch.io/rg909-drumlogue,,2026-09-28
https://rgrvdotnl.itch.io/regroove-lite-web,,2026-09-28
https://rgrvdotnl.itch.io/junglizer-web,,2026-09-28
https://rgrvdotnl.itch.io/junglizer-daw,,2026-09-28
https://rgrvdotnl.itch.io/regroove-windows,,2026-09-28
https://rgrvdotnl.itch.io/regroove-linux,,2026-09-28
https://rgrvdotnl.itch.io/junglizer-desktop,,2026-09-28
https://luna-000.itch.io/hasta-arriba,,2026-09-28
https://shyr.itch.io/the-skeleton,,2026-09-28
https://rgrvdotnl.itch.io/microaudio-controller,,2026-09-28
https://svanpauli.itch.io/petronella,,2026-09-28
https://kerber0us.itch.io/5p,,2026-09-28
https://lycheeluc.itch.io/stay-with-me,,2026-09-28
https://rgrvdotnl.itch.io/rfxplayer-android,,2026-09-28
https://rgrvdotnl.itch.io/rfxplayer,,2026-09-28
https://rgrvdotnl.itch.io/regroove-lite-android,,2026-09-28
https://aledigrid.itch.io/roguerat,,2026-09-28
https://rgrvdotnl.itch.io/meister-android,,2026-09-28
https://rgrvdotnl.itch.io/midipad-controller-android,,2026-09-28
https://rouli.itch.io/tourbillon,,2026-09-28
https://rgrvdotnl.itch.io/microaudio-controller-android,,2026-09-28
https://rgrvdotnl.itch.io/rfxsynths,,2026-09-28
https://rgrvdotnl.itch.io/rfxsynths-android,,2026-09-28
https://trulywhispper.itch.io/redoodle,,2026-09-28
https://esthefania.itch.io/the-last-shift,,2026-09-28
https://tessie0713.itch.io/the-tree-of-life,,2026-09-28
https://queen-mewmew.itch.io/seth-rogen-kong,,2026-09-28
https://zhxinyue.itch.io/bus-game,,2026-09-28
https://ifanafiy.itch.io/soundscape,,2026-09-28
https://ula-studio.itch.io/project-pill-run,,2026-09-28
https://trulywhispper.itch.io/feeesprunkk,,2026-09-28
https://francthe3dsnerd.itch.io/rabbidinho-stories-2-revamped,,2026-09-28
https://rgrvdotnl.itch.io/syncopath-web,,2026-09-28
https://rgrvdotnl.itch.io/syncopath-android,,2026-09-28
https://zn10.itch.io/wheel-of-fortune,,2026-09-28
https://rgrvdotnl.itch.io/rx7-logue,,2026-09-28
https://canes-cup.itch.io/no-kats-but-logos,,2026-09-28
https://canes-cup.itch.io/incredibox-kats-remastered,,2026-09-28
https://rgrvdotnl.itch.io/rx7-daw,,2026-09-28
https://rgrvdotnl.itch.io/rx7-kaotic,,2026-09-28
https://rgrvdotnl.itch.io/rd404-logue,,2026-09-28
https://trulywhispper.itch.io/avsmv2,,2026-09-28
https://leonard-rudl.itch.io/veggie-delivery,,2026-09-28
https://tomazellagames.itch.io/3rd-day,,2026-09-28
https://madpurplehatgames.itch.io/deadballs,,2026-09-28
https://tunditur-unda.itch.io/rpg35,,2026-09-28
https://rgrvdotnl.itch.io/rgdizi-web,,2026-09-28
https://rgrvdotnl.itch.io/rx7-construct,,2026-09-28
https://rgrvdotnl.itch.io/rfxrecord-web,,2026-09-28
https://rgrvdotnl.itch.io/rfxrecord-android,,2026-09-28
https://rgrvdotnl.itch.io/rs1-construct,,2026-09-28
https://leoleocoach.itch.io/geoshrekone,,2026-09-28
https://rgrvdotnl.itch.io/rs1-logue,,2026-09-28
https://rgrvdotnl.itch.io/rs1-android,,2026-09-28
https://rgrvdotnl.itch.io/rs1-windows,,2026-09-28
https://rgrvdotnl.itch.io/rs1-daw,,2026-09-28
https://rgrvdotnl.itch.io/rx7-android,,2026-09-28
https://rgrvdotnl.itch.io/nt78-logue,,2026-09-28
https://rgrvdotnl.itch.io/nt78-voicecart,,2026-09-28
https://tomazellagames.itch.io/impressions-jam-4,,2026-09-28
https://rgrvdotnl.itch.io/morsen-logue,,2026-09-28
https://rgrvdotnl.itch.io/rs1-voicecart-1,,2026-09-28
https://rgrvdotnl.itch.io/rs1-schwung,,2026-09-28
https://rgrvdotnl.itch.io/rgdizi-schwung,,2026-09-28
https://rgrvdotnl.itch.io/rgdizi-android,,2026-09-28
https://tomazellagames.itch.io/godot-rewind-tutorial,,2026-09-28
https://delicious-games.itch.io/circulos-vs-cuadrados,,2026-09-28
https://asciiforager.itch.io/tenebrarium,,2026-09-28
https://jacons.itch.io/the-knight,,2026-09-28
https://tomazellagames.itch.io/full-release-tutorial,,2026-09-28
https://tomazellagames.itch.io/ye-old-machines,,2026-09-28
https://tomazellagames.itch.io/sound-spinner,,2026-09-28
https://hexmonger.itch.io/castles-in-the-sand,,2026-09-28
https://rgrvdotnl.itch.io/nt78-drumlogue,,2026-09-28
https://rgrvdotnl.itch.io/nt78-microkorg2,,2026-09-28
https://greatearlofhell.itch.io/things-i-learned,,2026-09-28
https://greatearlofhell.itch.io/prompts-for-weird-poets,,2026-09-28
https://rgrvdotnl.itch.io/nt78-nts3drum,,2026-09-28
https://rgrvdotnl.itch.io/morsen-keyer,,2026-09-28
https://silence4.itch.io/project-static,,2026-09-28
https://rgrvdotnl.itch.io/rd1-logue,,2026-09-28
https://rgrvdotnl.itch.io/rs1-patcher,,2026-09-28
https://canes-cup.itch.io/incredibox-scratch-kats,,2026-09-28
https://rgrvdotnl.itch.io/rd1-drumlogue,,2026-09-28
https://rgrvdotnl.itch.io/rs1-microkorg2,,2026-09-28
https://rgrvdotnl.itch.io/logue-pattern-patcher,,2026-09-28
https://rapidgamesstudio.itch.io/chimera-alpha,,2026-09-28
https://rgrvdotnl.itch.io/rd1-kaotic,,2026-09-28
https://rgrvdotnl.itch.io/rs1-kaotic,,2026-09-28
https://cyril-fiesta.itch.io/jdr-bot,,2026-09-28
https://canes-cup.itch.io/kats-v2-new-beginnings,,2026-09-28
https://rgrvdotnl.itch.io/rdahx-logue,,2026-09-28
https://rgrvdotnl.itch.io/rdahx-kaoticfx,,2026-09-28
https://rgrvdotnl.itch.io/rx7-cartridge-tool,,2026-09-28
https://rgrvdotnl.itch.io/rd1-microkorg2,,2026-09-28
https://rgrvdotnl.itch.io/rg909-microkorg2,,2026-09-28
https://canes-cup.itch.io/kats-but-dave-and-bambi-v2-a-parody-of-kats-but-logos-v2,,2026-09-28
https://rgrvdotnl.itch.io/rgdizi-logue,,2026-09-28
https://rgrvdotnl.itch.io/rgdizi-kaotic,,2026-09-28
https://rgrvdotnl.itch.io/rgdizi-microkorg2,,2026-09-28
https://rgrvdotnl.itch.io/rgdizi-drumlogue,,2026-09-28
https://shyr.itch.io/stan-the-golem,,2026-09-28
https://dessertcitadel.itch.io/loudwards-topic-frenzy,,2026-09-28
https://rgrvdotnl.itch.io/r1-piano-kaotic,,2026-09-28
https://rgrvdotnl.itch.io/r1-piano-microkorg2,,2026-09-28
https://rgrvdotnl.itch.io/r1-piano-drumlogue,,2026-09-28
https://luna-000.itch.io/dont-go-up,,2026-09-28
https://tomazellagames.itch.io/beyond-the-last-star,,2026-09-28
https://trulywhispper.itch.io/sbobby-pin,,2026-09-28
https://nangi.itch.io/grodan-boll-i-datorn,,2026-09-28
https://ageekwyd.itch.io/aristocratgirls-13a,,2026-09-28
https://delicious-games.itch.io/blackjack,,2026-09-28
https://terry-caster.itch.io/zener,,2026-09-28
https://tomazellagames.itch.io/8-bit-studio,,2026-09-28
https://rgrvdotnl.itch.io/mixter-android,,2026-09-28
https://tomazellagames.itch.io/jump-sfx-free,,2026-09-28
https://rgrvdotnl.itch.io/rx7-patcher-web,,2026-09-28
https://tomazellagames.itch.io/power-sfx-free,,2026-09-28
https://rgrvdotnl.itch.io/rs1-drumlogue,,2026-09-28
https://team-northern-lights.itch.io/trustinthestarsbeta,,2026-09-28
https://haichensi.itch.io/coast-keeper-3d,,2026-09-28
https://esthefania.itch.io/capicu,,2026-09-28
https://canes-cup.itch.io/incredibox-friendguys,,2026-09-28
https://loudboxlabs.itch.io/cabin-in-the-wood,,2026-09-28
https://canes-cup.itch.io/incredibox-dave-and-bambi-re-animated-final-update,,2026-09-28
https://tomazellagames.itch.io/platformer-free-assets,,2026-09-28
https://canes-cup.itch.io/dnb-purple-infection-au,,2026-09-28
https://nomanic99.itch.io/the-turtles-head,,2026-09-28
https://loudboxlabs.itch.io/lost-cat,,2026-09-28
https://trulywhispper.itch.io/freesprunkv2,,2026-09-28
https://greatearlofhell.itch.io/with-gasoline,,2026-09-28
https://acidnt31.itch.io/ps3sweeper-plus-lite,,2026-09-28
https://dhelangan.itch.io/ragsofracs,,2026-09-28
https://resting-labyrinth-studio.itch.io/the-house-at-shadows-lake,,2026-09-28
https://rgrvdotnl.itch.io/regroove-daw,,2026-09-28
https://diegopena557.itch.io/el-viaje-de-una-idea-acto-2,,2026-09-28
https://pixelius-vita.itch.io/cozy-world-bundle-unity,,2026-09-28
https://theidiotman.itch.io/tag-of-fear-jaxs-remake-archive,,2026-09-28
https://kaivondev.itch.io/pixally,,2026-09-28
https://gi8tto.itch.io/emoh-ruo-si-yresim,,2026-09-28
https://kaivondev.itch.io/chromatic-defuse,,2026-09-28
https://rainiergames.itch.io/arrr-doku,,2026-09-28
https://ralseilala.itch.io/gorillas-abyss,,2026-09-28
https://jackiechan115.itch.io/jackie-vs-peppa-pig,,2026-09-28
https://mochathemochaaa.itch.io/beanertag,,2026-09-28
https://thurraya.itch.io/pixel-paradise-city-exteriors-asset-pack-16x16px,,2026-09-28
https://blueslime32.itch.io/tempo-game,,2026-09-28
https://tomazellagames.itch.io/roguelike,,2026-09-28
https://rgrvdotnl.itch.io/rvkeys-drumlogue,,2026-09-28
https://rgrvdotnl.itch.io/rg101-drumlogue,,2026-09-28
https://rgrvdotnl.itch.io/rvbass-drumlogue,,2026-09-28
https://pikmino.itch.io/lutequest,,2026-09-28
https://ziad-sayed57.itch.io/uncanny-reports-shift-delivery,,2026-09-28
https://ijao-io.itch.io/casity,,2026-09-28
https://taigainteractive.itch.io/prints-of-darkness,,2026-09-28
https://rgrvdotnl.itch.io/regroove-drumlogue,,2026-09-28
https://rgrvdotnl.itch.io/regroove-rack,,2026-09-28
https://rgrvdotnl.itch.io/rfx-rack,,2026-09-28
https://rgrvdotnl.itch.io/rm1-effects-rack,,2026-09-28
https://rgrvdotnl.itch.io/regroove-djdeck-rack,,2026-09-28
https://moremorebelle.itch.io/lethal-ape-genesis,,2026-09-28
https://canes-cup.itch.io/daveandbambi-somniphobia-au,,2026-09-28
https://ralseilala.itch.io/hide,,2026-09-28
https://canes-cup.itch.io/old-endings-db-au,,2026-09-28
https://peppersqueak.itch.io/neogaia,,2026-09-28
https://jamezthegamemaker.itch.io/freescratchrealscratchio,,2026-09-28
https://hollowkn1ght11.itch.io/yoink-rule-supplement-for-quar,,2026-09-28
https://greatearlofhell.itch.io/yss,,2026-09-28
https://canes-cup.itch.io/logobox-v1-logos-ocs,,2026-09-28
https://canes-cup.itch.io/pov-when-bambi-joins-old-endings,,2026-09-28
https://commie-debug.itch.io/beeshana-kalaya-an-alternate-history,,2026-09-28
https://ijao-io.itch.io/clockwork-climber,,2026-09-28
https://fififafi.itch.io/janky-robbery,,2026-09-28
https://canes-cup.itch.io/son-im-crine,,2026-09-28
https://hackoondev.itch.io/souls-for-relics-demo,,2026-09-28
https://kirbster1212.itch.io/quantum-tag,,2026-09-28
https://miraeru.itch.io/02-fantasy-enemy-monster-boss-bundle-vol02,,2026-09-28
https://arcuserfd.itch.io/between-time,,2026-09-28
https://su8art.itch.io/blackout-theatre,,2026-09-28
https://burnt-rope.itch.io/the-stars-were-wrong,,2026-09-28
https://su8art.itch.io/soulcaster,,2026-09-28
https://petitmafia.itch.io/caes-da-padaria,,2026-09-28
https://psevd0nim.itch.io/rock-paper-scissors-online,,2026-09-28
https://tomazellagames.itch.io/mz-expo,,2026-09-28
https://whodeychase.itch.io/mha-tag,,2026-09-28
https://gabeenotthatguy.itch.io/kk2dx,,2026-09-28
https://beefsupremelatteking.itch.io/triggerwright,,2026-09-28
https://azuldoki-games.itch.io/makeyourmod,,2026-09-28
https://ronnafemto.itch.io/recipe-frenzy,,2026-09-28
https://billyanth2000.itch.io/jumping-fury-electro-palace,,2026-09-28
https://nico-64.itch.io/visiophobia-demo,,2026-09-28
https://hotwatercompany.itch.io/thumb-ruler,,2026-09-28
https://onebigparadox.itch.io/blarp,,2026-09-28
https://animanobre.itch.io/overgrown,,2026-09-28
https://lockedon.itch.io/nightmare-neighborhood,,2026-09-28
https://leonard-rudl.itch.io/lord-of-the-flies-mobile-game,,2026-09-28
https://spritegth.itch.io/zomb1e-gorilla-horror,,2026-09-28
https://ns-studio.itch.io/cknight-episode-1,,2026-09-28
https://2x2ygames.itch.io/geohell,,2026-09-28
https://longfatchin.itch.io/late-night-shift-hhehe,,2026-09-28
https://riseofmurpl3.itch.io/sprunke-phase-10-alive-and-malediction,,2026-09-28
https://protector113.itch.io/guardians-of-the-cosmos-top-down-space-sandbox,,2026-09-28
https://rileycat202.itch.io/baldi-is-tired,,2026-09-28
https://riseofmurpl3.itch.io/sprunki-phase-19-new,,2026-09-28
https://pluhinc.itch.io/maximal-bastion,,2026-09-28
https://emaceart.itch.io/stylized-procedural-sky-godot-skybox-shader,,2026-09-28
https://moringa-a.itch.io/fruit-pet-modular-kit,,2026-09-28
https://thurraya.itch.io/haunted-school-rpmmz,,2026-09-28
https://soulpersona.itch.io/godot-html-ui-converter,,2026-09-28
https://rileycat202.itch.io/baldi-is-angry,,2026-09-28
https://protector113.itch.io/guardians-versus-zombies-tactical-survival-simulator,,2026-09-28
https://itsblubrry.itch.io/all-keyboard-controller-glyphs,,2026-09-28
https://uhan.itch.io/flee-the-faculty,,2026-09-28
https://aymen122gd.itch.io/delivery-in-a-loophole-2,,2026-09-28
https://gi8tto.itch.io/verydiseducativegame,,2026-09-28
https://turnstudios.itch.io/virebox,,2026-09-28
https://thefineline.itch.io/httpstethungrythefinelineio,,2026-09-28
https://rileycat202.itch.io/baldis-bunker,,2026-09-28
https://saywordyo.itch.io/knick,,2026-09-28
https://boticlawn.itch.io/core-harvester,,2026-09-28
https://markmehere.itch.io/eliza,,2026-09-28
https://realtsmgreen.itch.io/monkyv4,,2026-09-28
https://beautales.itch.io/tcof,,2026-09-28
https://nanostudio.itch.io/el-angel-caido,,2026-09-28
https://levelupse.itch.io/lawn-pilot-10,,2026-09-28
https://cwelgames.itch.io/server-no0,,2026-09-28
https://ageekwyd.itch.io/aristocratgirls-13,,2026-09-28
https://rgrvdotnl.itch.io/regroovefx-effects-drumlogue,,2026-09-28
https://rgrvdotnl.itch.io/rq4-drumlogue,,2026-09-28
https://rgrvdotnl.itch.io/rghakkuh-drumlogue,,2026-09-28
https://rgrvdotnl.itch.io/rghakkuh-android,,2026-09-28
https://cwelgames.itch.io/yuna-visual-novel-character,,2026-09-28
https://templum.itch.io/pixelrush,,2026-09-28
https://arcadeworld.itch.io/vorago,,2026-09-28
https://shamonsoft.itch.io/shamonsoft-fireworks-studio,,2026-09-28
https://xlaucifer.itch.io/remember,,2026-09-28
https://rileycat202.itch.io/floor-6-fanmade-bb-level-editor,,2026-09-28
https://cyningstan.itch.io/star-cadre-team-command,,2026-09-28
https://ajtoons.itch.io/suzy,,2026-09-28
https://0piat3.itch.io/found,,2026-09-28
https://cosmiclighthousegames.itch.io/solar-voltage,,2026-09-28
https://exosector.itch.io/exosector,,2026-09-28
https://iconic-games-inc.itch.io/the-lost-cat,,2026-09-28
https://jimtae.itch.io/indie-game-playtest-decision-kit,,2026-09-28
https://luquitasdev.itch.io/packsmith,,2026-09-28
https://boxygtag.itch.io/pillow-taggers,,2026-09-28
https://sudna08.itch.io/leadsim-public-early-access-01-1,,2026-09-28
https://hampter473.itch.io/the-interlude,,2026-09-28
https://lolight.itch.io/escape-the-exomoon,,2026-09-28
https://rileycat202.itch.io/baldis-basics-50-years-later,,2026-09-28
https://st-the-maker.itch.io/semi-magical-combat-asset,,2026-09-28
https://cookiefinder23.itch.io/pullpuzz,,2026-09-28
https://lighttriadgames.itch.io/break-the-pinatas,,2026-09-28
https://dervistuncay.itch.io/flying-chessboard,,2026-09-28
https://samikiiiioi.itch.io/allah,,2026-09-28
https://isthiscamy.itch.io/og-flashback,,2026-09-28
https://spritemill.itch.io/spritemill,,2026-09-28
https://dadminz.itch.io/bridgebuilderai,,2026-09-28
https://boticlawn.itch.io/ohm-sweet-ohm,,2026-09-28
https://yukisora313.itch.io/expedition-bonk,,2026-09-28
https://grajopx.itch.io/pixel-tales-fantasy-rpg-and-farm-tileset,,2026-09-28
https://rgrvdotnl.itch.io/rghakkuh-microkorg2,,2026-09-28
https://type-blaze0.itch.io/clipped-wings,,2026-09-28
https://laggth.itch.io/my-gorilla-horror-archive,,2026-09-28
https://librakitty.itch.io/bayview-city,,2026-09-28
https://rgrvdotnl.itch.io/rghakkuh-web,,2026-09-28
https://estyytoo.itch.io/patreon-july-2026,,2026-09-28
https://hiccup444.itch.io/wake-me,,2026-09-28
https://steelfishstudios.itch.io/ice-block-quest,,2026-09-28
https://jimtae.itch.io/crafting-economy-lab,,2026-09-28
https://autocatgames.itch.io/nightfall,,2026-09-28
https://leefromasia.itch.io/ghost-vector-protocol,,2026-09-28
https://jimtae.itch.io/rpg-level-curve-lab,,2026-09-28
https://dc14332.itch.io/visual-novel,,2026-09-28
https://nethoria-games.itch.io/the-rubble-return,,2026-09-28
https://thenewhelpmeeeeeehuy.itch.io/sb3-to-html-showcase,,2026-09-28
https://rgrvdotnl.itch.io/storm-drumlogue,,2026-09-28
https://badgerlabs.itch.io/cowventure-xl,,2026-09-28
https://siirias.itch.io/v-wing,,2026-09-28
https://rgrvdotnl.itch.io/rghhakkuh-kaotic,,2026-09-28
https://rgrvdotnl.itch.io/rghakkuh-logue,,2026-09-28
https://rgrvdotnl.itch.io/storm-logue,,2026-09-28
https://rgrvdotnl.itch.io/storm-kaoss,,2026-09-28
https://monsterenergy959.itch.io/fs25jobboard,,2026-09-28
https://commodore-plus.itch.io/astranstaker,,2026-09-28
https://eagersprout.itch.io/80-pixel-fantasy-survival-16x16-icons,,2026-09-28
https://maverickissocool1.itch.io/raldifreeportboi,,2026-09-28
https://zerrfeit.itch.io/imago,,2026-09-28
https://the-blue-hatted.itch.io/fnaftheflipside,,2026-09-28
https://noyasaf.itch.io/oddly-tier-spike,,2026-09-28
https://anaryx-plugin.itch.io/ag-translator-rpg-maker-mvmz,,2026-09-28
https://alialkhersan93.itch.io/themarbles,,2026-09-28
https://ezroot.itch.io/rat-rapture,,2026-09-28
https://playiqgames.itch.io/routeiq,,2026-09-28
https://stardustq-q.itch.io/crumblewords,,2026-09-28
https://jrm250.itch.io/knife-bro,,2026-09-28
https://rgrvdotnl.itch.io/rgnthost-drumlogue,,2026-09-28
https://rgrvdotnl.itch.io/rgnthost-microkorg2,,2026-09-28
https://freerange-horse.itch.io/dealdoughtale,,2026-09-28
https://defiant-mackerel.itch.io/a-new-resolve,,2026-09-28
https://alysssssssssa.itch.io/area415,,2026-09-28
https://mirsartandstuff.itch.io/inner-verges-dubaku-nergui,,2026-09-28
https://darkdaxterlyn.itch.io/gamba-box,,2026-09-28
https://mistv622.itch.io/tag-of-fear-chapter-1-mistvs-remake,,2026-09-28
https://mojah2929mojaha.itch.io/pixel-palette,,2026-09-28
https://mojah2929mojaha.itch.io/seamless-image-maker,,2026-09-28
https://mojah2929mojaha.itch.io/pixel-nature-maker,,2026-09-28
https://lordude98.itch.io/end-of-nature,,2026-09-28
https://rgrvdotnl.itch.io/fxhost-drumlogue,,2026-09-28
https://rgrvdotnl.itch.io/fxhost-microkorg2,,2026-09-28
https://slesanduyt.itch.io/slime-quest-begin,,2026-09-28
https://quimerus11.itch.io/incredibox-les-meves-azumangues-i-tuuu,,2026-09-28
https://interdimensionallibrary.itch.io/realm-breaker-tcg,,2026-09-28
https://matze1887.itch.io/adfmasteriv,,2026-09-28
https://rgrvdotnl.itch.io/plhost-drumlogue,,2026-09-28
https://saitwo.itch.io/dont-like,,2026-09-28
https://adelie.itch.io/pixelstudio,,2026-09-28
https://rgrvdotnl.itch.io/plhost-microkorg2,,2026-09-28
https://xuxuninja.itch.io/gazelle-run-river-game,,2026-09-28
https://izombie387.itch.io/planet-jam-19,,2026-09-28
https://imremax.itch.io/lfi-runner,,2026-09-28
https://wandcom.itch.io/to-be-real,,2026-09-28
https://digglers-modding.itch.io/outlaw-customs,,2026-09-28
https://leekster882.itch.io/five-days-at-ones-rewritten,,2026-09-28
https://dan-pugsley.itch.io/project-paper,,2026-09-28
https://tomazellagames.itch.io/battle-rows,,2026-09-28
https://ecountry09.itch.io/kinship-and-brutality,,2026-09-28
https://its-just-joe.itch.io/pack-n-race,,2026-09-28
https://poochdad.itch.io/russianaround,,2026-09-28
https://maverickissocool1.itch.io/crazycattle3d,,2026-09-28
https://pixelcamel.itch.io/darkour,,2026-09-28
https://playiqgames.itch.io/wordiq,,2026-09-28
https://ijao-io.itch.io/labymant,,2026-09-28
https://lamsstudio.itch.io/snack-item-16x16-icons,,2026-09-28
https://cinnamongamerxoxo.itch.io/dreamy-bunnii-parkour,,2026-09-28
https://nordestegames.itch.io/panela-cheia,,2026-09-28
https://soriekim.itch.io/petri,,2026-09-28
https://notaninart.itch.io/no-entry,,2026-09-28
https://joltrome.itch.io/0920externalmobile,,2026-09-28
https://michellerakar.itch.io/sir-dude-world,,2026-09-28
https://rikou51.itch.io/space-constellation,,2026-09-28
https://happypird.itch.io/genius-simulator,,2026-09-28
https://kings-xxx.itch.io/oneos,,2026-09-28
https://ifthenelse-interactive.itch.io/dynasty-xie-ting,,2026-09-28
https://ifthenelse-interactive.itch.io/dynasty-xie-ting-portraits,,2026-09-28
https://aksommerville.itch.io/younap,,2026-09-28
https://ratiopoint.itch.io/untitledgtag,,2026-09-28
https://h04x-games.itch.io/the-watcher,,2026-09-28
https://realqzeq.itch.io/skimbaquest,,2026-09-28
https://zerrfeit.itch.io/siith,,2026-09-28
https://ryanpond.itch.io/detour,,2026-09-28
https://playiqgames.itch.io/numberiq,,2026-09-28
https://lazy-ceo-productions.itch.io/cozygamericonpack,,2026-09-28
https://lazy-ceo-productions.itch.io/dungeon-loot-pack,,2026-09-28
https://g3dev.itch.io/to-the-last-pencil,,2026-09-28
https://lazy-ceo-productions.itch.io/scifi-icon-pack,,2026-09-28
https://hyperlynx01.itch.io/dungeon-break,,2026-09-28
https://storysatchel.itch.io/the-high-winter-elves-of-girlville,,2026-09-28
https://metajelani.itch.io/filehomechronosu-c0f0fc0be6b11790e4e914fb0de215d723d2cf7emyfilesdownload,,2026-09-28
https://flibberdev.itch.io/quack-engine,,2026-09-28
https://playiqgames.itch.io/cardiq,,2026-09-28
https://split-peaches.itch.io/beauty-clicker-auroras-dreams-full-version,,2026-09-28
https://joshualeeortner.itch.io/noise,,2026-09-28
https://rgrvdotnl.itch.io/birds-drumlogue,,2026-09-28
https://rgrvdotnl.itch.io/birds-kaoss,,2026-09-28
https://rgrvdotnl.itch.io/birds-logue,,2026-09-28
https://rgrvdotnl.itch.io/birds-microkorg2,,2026-09-28
https://rjgordon.itch.io/any-course-dice-golf-game,,2026-09-28
https://rgrvdotnl.itch.io/birds-prologue,,2026-09-28
https://conceptgame.itch.io/tcg-game-template,,2026-09-28
https://pantherdevs.itch.io/run-corgi-run,,2026-09-28
https://miyazakibar.itch.io/gigaglest-2026,,2026-09-28
https://simplyextras.itch.io/ash-street,,2026-09-28
https://itsamedann.itch.io/mrs-butter-wants-to-fly,,2026-09-28
https://gatozerogames.itch.io/falling-blocks,,2026-09-28
https://sfoorlabs.itch.io/sl-radio-mini,,2026-09-28
https://thatpackercat.itch.io/unity-tutorial-space-shooter,,2026-09-28
https://sfoorlabs.itch.io/sl-tape-pro,,2026-09-28
https://yocchi09.itch.io/cute-chibi-girl-everyday-life-fun-activities-illustration-pack,,2026-09-28
https://dragon-zolee.itch.io/glints-gambit,,2026-09-28
https://jackfull.itch.io/love-letter,,2026-09-28
https://cazache.itch.io/la-velada-del-ano,,2026-09-28
https://simonvonco.itch.io/the-only-road,,2026-09-28
https://pikon.itch.io/spiritbound,,2026-09-28
https://codywulfy.itch.io/cwa-pack-45-april-2026,,2026-09-28
https://codywulfy.itch.io/cwa-pack-46-may-2026,,2026-09-28
https://codywulfy.itch.io/cwa-pack-47-june-2026,,2026-09-28
https://codywulfy.itch.io/cwa-pack-48-july-2026,,2026-09-28
https://codywulfy.itch.io/cwa-pack-49-august-2026,,2026-09-28
https://8octokid.itch.io/anotheroompf,,2026-09-28
https://verseswitcher.itch.io/rise-of-banners,,2026-09-28
https://edgarj-pereira.itch.io/mare-mansa,,2026-09-28
https://wolvezgt.itch.io/gorilla-tag-horror-fallen-kingdom-edition,,2026-09-28
https://gubby0.itch.io/gub-b-ball,,2026-09-28
https://ducktor-cid.itch.io/platypet,,2026-09-28
https://foxstudios55.itch.io/horrortool-fs,,2026-09-28
https://renderdv.itch.io/blast-em-up,,2026-09-28
https://os-farms.itch.io/alloway-hv1222,,2026-09-28
https://mcgeestocks.itch.io/word-sort-rush,,2026-09-28
https://os-farms.itch.io/alloway-1222-fud,,2026-09-28
https://lxmondxmon.itch.io/viral-game,,2026-09-28
https://gippy-dev.itch.io/torque-dirty-to-me,,2026-09-28
https://mckinley-64.itch.io/serpenstellar,,2026-09-28
https://trevinin.itch.io/raise-a-moticube-revival,,2026-09-28
https://stickman69420.itch.io/cats-are-liquid,,2026-09-28
https://kazede.itch.io/lag,,2026-09-28
https://eliceyyy.itch.io/no-air-friction,,2026-09-28
https://seryozha-2005.itch.io/a-nightmore,,2026-09-28
https://zt13r.itch.io/magic-engineering,,2026-09-28
https://mattcontent.itch.io/cyberpunk-city-top-down-pixel-art-asset-pack,,2026-09-28
https://stealthix.itch.io/rocket-back-home,,2026-09-28
https://xubiod.itch.io/nonogravs,,2026-09-28
https://alphros.itch.io/larp,,2026-09-28
https://pedwork.itch.io/evil-cat,,2026-09-28
https://yarkoir.itch.io/idle-mining,,2026-09-28
https://doublemonk.itch.io/agnostic-artifacts-2,,2026-09-28
https://alexkorep.itch.io/i-have-to-leave-this-planet,,2026-09-28
https://ethanhurricanes.itch.io/accurate-typhoon-simulator,,2026-09-28
https://alexandre-linel.itch.io/mind-puzzle,,2026-09-28
https://pietrouble.itch.io/boxes-overload,,2026-09-28
https://nba9001-sys.itch.io/guild-scam-play,,2026-09-28
https://toiu.itch.io/boomscroll,,2026-09-28
https://dottein.itch.io/ealdra,,2026-09-28
https://kafkafoon.itch.io/my-awsome-game,,2026-09-28
https://bowmanvictoria3.itch.io/codename-engine,,2026-09-28
https://arediuspsx.itch.io/psx-music-and-sfx,,2026-09-28
https://rundumel.itch.io/gmd,,2026-09-28
https://im-chema.itch.io/chemabox-fhjrihfifoohxumhfeiuwhxioxhewiomfsmhs083hmfm9hm5m4uh4mxougmfh8,,2026-09-28
https://magarini.itch.io/falling-from-clouds-11,,2026-09-28
https://glitchiso-6.itch.io/independent-space-company,,2026-09-28
https://milesawaygames.itch.io/symbiote,,2026-09-28
https://atalachy.itch.io/phasing-gun,,2026-09-28
https://unyasable.itch.io/endangermon,,2026-09-28
https://beefsen.itch.io/zine-bundle-2026-pdf-edition,,2026-09-28
https://samthecookielord.itch.io/tmam-game,,2026-09-28
https://raphal35.itch.io/search-the-loot,,2026-09-28
https://videk.itch.io/fishing-forever,,2026-09-28
https://clauvinalmeida.itch.io/gem-mayhem,,2026-09-28
https://goblinfactory.itch.io/towero,,2026-09-28
https://themoongoblin.itch.io/the-blood-booth-demo,,2026-09-28
https://basem-ibrahim.itch.io/sania,,2026-09-28
https://awangard-games.itch.io/mobile-tycoon-template-godot-full,,2026-09-28
https://farez45.itch.io/metro-tycoon-kl,,2026-09-28
https://jonyholmes.itch.io/long-nights-at-the-holy-mountain,,2026-09-28
https://omino-os.itch.io/super-duper-easy-platform-game,,2026-09-28
https://dastan-kanar.itch.io/duskfall,,2026-09-28
https://dylan-bee.itch.io/kitty-kitty-3d,,2026-09-28
https://tommydenne.itch.io/chromacube,,2026-09-28
https://mirraos.itch.io/meme-emojis,,2026-09-28
https://ijao-io.itch.io/yummy-bunny,,2026-09-28
https://j-a-tat.itch.io/protodruid,,2026-09-28
https://smilesrfab123.itch.io/jmans-paradise,,2026-09-28
https://enioxyt.itch.io/ay-in-tick-drop-ultimate,,2026-09-28
https://essandarr.itch.io/pixi-roots,,2026-09-28
https://connordev1.itch.io/security-defense,,2026-09-28
https://randstadgames.itch.io/an-archers-fate-reworked,,2026-09-28
https://that-one-kid207.itch.io/raigbait-demo,,2026-09-28
https://camarade-crochet.itch.io/get-me-out-of-here,,2026-09-28
https://dart007w.itch.io/alien-soil,,2026-09-28
https://werast.itch.io/neon-endless,,2026-09-28
https://mythscribe.itch.io/framecraft,,2026-09-28
https://yektasu.itch.io/blue-mans-sky,,2026-09-28
https://lexinathan.itch.io/night-at-the-museum,,2026-09-28
https://rpersona.itch.io/seafarer,,2026-09-28
https://jmdobrien.itch.io/tappy-plane,,2026-09-28
https://devorb.itch.io/the-antediluvian-defy-the-gods-playbook,,2026-09-28
https://lazy-ceo-productions.itch.io/pixel-art-amulet,,2026-09-28
https://nobujapan.itch.io/kunitori,,2026-09-28
https://samaritan-burden.itch.io/869,,2026-09-28
https://rogertherabbit.itch.io/toe-the-line,,2026-09-28
https://yusam-games.itch.io/lets-play-wrong-button-edition,,2026-09-28
https://zex05.itch.io/neon-stride,,2026-09-28
https://megumi-ryu.itch.io/free-relaxing-music-box-loops-music-asset-japanese-doll-music-box-bgm,,2026-09-28
https://megumi-ryu.itch.io/relaxing-music-box-loops-music-asset-set-japanese-doll-music-box-bgm,,2026-09-28
https://batangkayu.itch.io/body-count-shibuya-crossing,,2026-09-28
https://neptuniann.itch.io/the-leaf-game,,2026-09-28
https://deathreef.itch.io/root-beer,,2026-09-28
https://mlouvet.itch.io/super-cpc-tennis,,2026-09-28
https://sushikogy.itch.io/radam,,2026-09-28
https://beanandbits.itch.io/hacksmith,,2026-09-28
https://revisitedgamestudios.itch.io/serpents,,2026-09-28
https://revisitedgamestudios.itch.io/furfleet,,2026-09-28
https://erdenebulganmath.itch.io/snake,,2026-09-28
https://spritegth.itch.io/sprite-gorilla-horror,,2026-09-28
https://timeonthehouse.itch.io/subpixel-tween-aseprite-extension,,2026-09-28
https://openingmove.itch.io/tennis-parent,,2026-09-28
https://hugelton.itch.io/nikolator,,2026-09-28
https://d4l1ir3tr0.itch.io/poker-to-go,,2026-09-28
https://koartistgames.itch.io/2p-arena,,2026-09-28
https://felixintheclouds.itch.io/one-pizza-for-the-detective,,2026-09-28
https://dimasps32.itch.io/once-upon-a-trench,,2026-09-28
https://neucia.itch.io/flight-attendant,,2026-09-28
https://narrative-nomads.itch.io/my-dress-up-disaster,,2026-09-28
https://durdyburd.itch.io/flappy-cunt,,2026-09-28
https://begod24.itch.io/its-our-field,,2026-09-28
https://voidrunner1.itch.io/mirrortour,,2026-09-28
https://errorsandosplayer.itch.io/kiros-basics,,2026-09-28
https://nanogo.itch.io/diamond-junkie,,2026-09-28
https://lazydevg.itch.io/idk,,2026-09-28
https://bastiengounot.itch.io/labyrinthe,,2026-09-28
https://voxnovalys-studio.itch.io/hatchery-of-worlds,,2026-09-28
https://ghost-13.itch.io/warzone-charging-station,,2026-09-28
https://duskrot.itch.io/portalpack,,2026-09-28
https://levi218.itch.io/hanzi-touch,,2026-09-28
https://leostan3d.itch.io/cuzzle,,2026-09-28
https://ciber-turtle.itch.io/nanobots,,2026-09-28
https://bum-bum-bum.itch.io/spaghenotti,,2026-09-28
https://cheddarcheezers.itch.io/snicks-radical-hardoween,,2026-09-28
https://koczkagame.itch.io/lucky-pop,,2026-09-28
https://cenjiyt.itch.io/low-poly-japanese-convenience-store-pack,,2026-09-28
https://taxi-ish.itch.io/urtrash,,2026-09-28
https://spike2026.itch.io/pixel-gp,,2026-09-28
https://joszs.itch.io/lost-art,,2026-09-28
https://sh0tybumbati.itch.io/flapjacks,,2026-09-28
https://halfbar.itch.io/cat-bulgar,,2026-09-28
https://floi.itch.io/a-dreamlight,,2026-09-28
https://huangruizhe.itch.io/space-travelers-little-diary,,2026-09-28
https://maffalapolous.itch.io/the-wyrm-wyrmdragon-sprite,,2026-09-28
https://giadacu.itch.io/dracula-spanish-128k-zx-spectrum-illustrated-edition,,2026-09-28
https://argali.itch.io/rolling,,2026-09-28
https://ruingames.itch.io/perfect-balance,,2026-09-28
https://imnotjahan.itch.io/jress-revitalized,,2026-09-28
https://pikurtv.itch.io/cyberpunk-hacking-terminal-ui-kit,,2026-09-28
https://pixdra.itch.io/bits,,2026-09-28
https://absyo.itch.io/off-nominal,,2026-09-28
https://pikurtv.itch.io/cyberpunk-mission-log-data-files-ui-kit,,2026-09-28
https://mookie4242.itch.io/pasta-cascade,,2026-09-28
https://jinxedbyte.itch.io/picknick-krieg,,2026-09-28
https://noobsgames.itch.io/mrdodgy,,2026-09-28
https://tugluck.itch.io/1996-recriation-tuglucks-take-rebooted,,2026-09-28
https://grusha033.itch.io/std,,2026-09-28
https://tendem.itch.io/orbitbound,,2026-09-28
https://worsteventgames.itch.io/token-maxing,,2026-09-28
https://exp2-studios.itch.io/red-line,,2026-09-28
https://levlox-studio.itch.io/pixel-peaks,,2026-09-28
https://heffleythegreg409.itch.io/jumbo-mario-and-burdie-2016-adventuredemo,,2026-09-28
https://dbolstlp.itch.io/sasha-sylvana-gets-out,,2026-09-28
https://ludew.itch.io/void-strike,,2026-09-28
https://3005jin.itch.io/sweet-instincts,,2026-09-28
https://ayueroichii.itch.io/hellsekai,,2026-09-28
https://creedey.itch.io/32x32-pixel-art-monsters-land-creatures,,2026-09-28
https://fitzmakesgames.itch.io/rust-reliquary,,2026-09-28
https://tzuisbored.itch.io/mountain-sea,,2026-09-28
https://xyroxjk.itch.io/the-rooms-1,,2026-09-28
https://gabriel-iza.itch.io/lies-of-git,,2026-09-28
https://zojim.itch.io/orbitalyc,,2026-09-28
https://crystalstarburst.itch.io/aeons-ago,,2026-09-28
https://exgriffins.itch.io/ex-puffy-suit,,2026-09-28
https://balaperdida.itch.io/clt-runner-gema-run,,2026-09-28
https://civet29.itch.io/robo-screamer,,2026-09-28
https://xxone48.itch.io/seven-limits,,2026-09-28
https://tomorrow-today.itch.io/i-dont-remember-when-i-started-killing-bugs-again-game-of-the-year-edition,,2026-09-28
https://financepro.itch.io/consumer-finance-pro-v075,,2026-09-28
https://iinumae.itch.io/mp1b,,2026-09-28
https://perky.itch.io/nonograph-intelligence-agency,,2026-09-28
https://temublack.itch.io/oainixons-weirdhouse-beta-4,,2026-09-28
https://wikizoid.itch.io/divine-bovine,,2026-09-28
https://playcebo.itch.io/v-nuri,,2026-09-28
https://fernandesrogerio.itch.io/sjg-battle-action-label,,2026-09-28
https://tailsvrgt.itch.io/paradox-apes-new-upd,,2026-09-28
https://short-stack-yt.itch.io/merge-without-looking,,2026-09-28
https://nickymonkey.itch.io/dungeonbreach,,2026-09-28
https://veytrix-games.itch.io/third-person-shooter,,2026-09-28
https://veytrix-games.itch.io/third-person-shooter-demo,,2026-09-28
https://tadatack.itch.io/little-aron,,2026-09-28
https://stalemategp.itch.io/to-be-a-king,,2026-09-28
https://gabriel-flores.itch.io/blockies,,2026-09-28
https://anamorfose.itch.io/kisses-pong,,2026-09-28
https://sleepytreefrog.itch.io/restfulburrow,,2026-09-28
https://wordbytes.itch.io/soloko,,2026-09-28
https://nachodeerproductions.itch.io/vocal-pilot,,2026-09-28
https://kallapapruk.itch.io/neon-pong,,2026-09-28
https://jackjoseph2117.itch.io/sillylittleghost,,2026-09-28
https://br3ak-panc4k3.itch.io/1996remademytakeverybetaversin,,2026-09-28
https://taconotsandwich.itch.io/moment,,2026-09-28
https://usasori-data.itch.io/ashveil-tileset,,2026-09-28
https://obsidian-loop-studio.itch.io/hop-to-the-top,,2026-09-28
https://krazykillerkira.itch.io/the-missing-prince,,2026-09-28
https://haioner.itch.io/boo-goods,,2026-09-28
https://monkeyasaurus.itch.io/space-fruit,,2026-09-28
https://bun0110.itch.io/samurai,,2026-09-28
https://kimo13.itch.io/beebo-and-boxes,,2026-09-28
https://orangelily.itch.io/unknown-passenger-47,,2026-09-28
https://blazethegunner.itch.io/mountain-tiger,,2026-09-28
https://usasori-data.itch.io/sprite-sheet-kit,,2026-09-28
https://bytekeeper.itch.io/dino-dig,,2026-09-28
https://hoshikuzu-kobo.itch.io/iso-unfold,,2026-09-28
https://queenrabbit401.itch.io/champagne-bottle-1-b,,2026-09-28
https://bobather67.itch.io/mario-weird-choose,,2026-09-28
https://queenrabbit401.itch.io/champagne-bottle-3-b,,2026-09-28
https://darkgalaxies.itch.io/apheron,,2026-09-28
https://queenrabbit401.itch.io/champagne-bottle-4,,2026-09-28
https://sunchankweon.itch.io/chainspell-catalyst,,2026-09-28
https://ryanwlow.itch.io/endosymbiont,,2026-09-28
https://cools9.itch.io/leaf-glider,,2026-09-28
https://proandrey-8.itch.io/the-house-of-fallen-beta,,2026-09-28
https://reibanjose.itch.io/exodo-mutante,,2026-09-28
https://sumoadam2022.itch.io/word-pyramid,,2026-09-28
https://evil-wish995.itch.io/yet-another-simulator,,2026-09-28
https://bot-debil.itch.io/iv-visual-novel,,2026-09-28
https://k0t-v-o4kax.itch.io/litle-ktulhu,,2026-09-28
https://carolworks.itch.io/chord-progression-midi-pack,,2026-09-28
https://bugfix-fangame.itch.io/pokmon-steam,,2026-09-28
https://vefects.itch.io/easy-censor-unity-demo,,2026-09-28
https://vibegtag.itch.io/sprunki-5-shifted-redone,,2026-09-28
https://chris-thedev.itch.io/keks-kombat,,2026-09-28
https://vigilsden.itch.io/the-treecreep-ost,,2026-09-28
https://tagosapu.itch.io/gravity-grappler,,2026-09-28
https://oynak.itch.io/kelin,,2026-09-28
https://wikizoid.itch.io/imps-2020,,2026-09-28
https://delon-torhidel.itch.io/x-caliber-early-access,,2026-09-28
https://bugfix-fangame.itch.io/pokmon-steam-2,,2026-09-28
https://thecubox.itch.io/the-hole-craves-carrots,,2026-09-28
https://kgw0513.itch.io/please-buy-my-items,,2026-09-28
https://ymajoros.itch.io/cream-drive,,2026-09-28
https://game365-engine.itch.io/game-room-engine,,2026-09-28
https://gabooae.itch.io/nybble-nibble,,2026-09-28
https://makojii.itch.io/poron-shinkei,,2026-09-28
https://na-min-jea.itch.io/fortress-hand-1636,,2026-09-28
https://donut-studio.itch.io/cookie-crunchers-extreme,,2026-09-28
https://salehandhiimcool.itch.io/fores4-explorer-mod-sdk,,2026-09-28
https://mtw1man2.itch.io/animated-fantasy-enemy-library,,2026-09-28
https://humbrol2.itch.io/neon-tower,,2026-09-28
https://dproductsk.itch.io/fitness-on-another-level,,2026-09-28
https://pukkingdragon123.itch.io/mudkips-garden,,2026-09-28
https://bugfix-fangame.itch.io/pokmon-zro,,2026-09-28
https://premating.itch.io/stuck-in-the-wall-lab-demo,,2026-09-28
https://clevercanvaslabs.itch.io/the-dungeon-delvers-treasury,,2026-09-28
https://premating.itch.io/stuck-in-the-wall-lab,,2026-09-28
https://spike2026.itch.io/hocus,,2026-09-28
https://pixelartmaterial.itch.io/cb01-cs01cs10-bundle-pack-80-backgrounds-2-sizes-160-pngs,,2026-09-28
https://knne22.itch.io/sun-20260927,,2026-09-28
https://brytan297.itch.io/dash-rush,,2026-09-28
https://pebblelabs.itch.io/rush-mart,,2026-09-28
https://nightmare-games-official.itch.io/stare,,2026-09-28
https://queenrabbit401.itch.io/chocolate-liqueur,,2026-09-28
https://haffel.itch.io/buttoned-up,,2026-09-28
https://richard-w.itch.io/oops-i-hatched-a-dragon,,2026-09-28
https://sofa-on-the-stairs.itch.io/overcaffeinated,,2026-09-28
https://queenrabbit401.itch.io/beer-bottle,,2026-09-28
https://hitesh-sharma.itch.io/darru-dhakke-aur-juggad,,2026-09-28
https://jennyx21.itch.io/butterlypse,,2026-09-28
https://mazemodestudio.itch.io/maze-escape,,2026-09-28
https://scaredtiger-studios.itch.io/blackout-bloodlust,,2026-09-28
https://yukidnk.itch.io/heppoko-dojo,,2026-09-28
https://visceral-melon.itch.io/fungi-mutation-forest-biome-asset-pack,,2026-09-28
https://hjcoggan.itch.io/zoomer-gba,,2026-09-28
https://davigamer01.itch.io/verificacao,,2026-09-28
https://chocolatacakey.itch.io/tile-and-error,,2026-09-28
https://hipolame.itch.io/nightmare-hospital,,2026-09-28
https://brick-gamer.itch.io/the-egg-room,,2026-09-28
https://endyyy-3.itch.io/incremental,,2026-09-28
https://deptquiet.itch.io/pitaco,,2026-09-28
https://leo-nardo28.itch.io/going-high,,2026-09-28
https://naqe3b.itch.io/times-out,,2026-09-28
https://smallloopworks.itch.io/supper-guard,,2026-09-28
https://bubbabba.itch.io/pirate-cove,,2026-09-28
https://asktamsen.itch.io/offline-ai-voice-kit,,2026-09-28
https://mof16.itch.io/renegade-break,,2026-09-28
https://j-d-k.itch.io/short-powerful-dramatic-menacing-pipe-organ-intro,,2026-09-28
https://gl4dr3x.itch.io/in-your-absence,,2026-09-28
https://seven777carl.itch.io/valguard-project,,2026-09-28
https://htsdfisy.itch.io/butterfly,,2026-09-28
https://flarp34.itch.io/dungine-playtest-build-v1,,2026-09-28
https://tuxware.itch.io/anarchism,,2026-09-28
https://ytt028.itch.io/firefly-postman-lost-star,,2026-09-28
https://byteworm.itch.io/emberfall,,2026-09-28
https://g-and-t.itch.io/retro-electronics-lab-free-sfx,,2026-09-28
https://aaronc626.itch.io/cookie-crunch,,2026-09-28
https://slight-tea.itch.io/fnal,,2026-09-28
https://nexavisuals.itch.io/abyssal-forge-ui-kit,,2026-09-28
https://aaronc626.itch.io/hint,,2026-09-28
https://assetsdotfun.itch.io/toy-workshop-01,,2026-09-28
https://null-403.itch.io/totally-not-a-restart-bat-file,,2026-09-28
https://lazy-ceo-productions.itch.io/pixel-art-bow,,2026-09-28
https://aaronc626.itch.io/starfall-hollow-tiny-tales,,2026-09-28
https://luqnan.itch.io/basketball,,2026-09-28
https://0x5311f56b.itch.io/gantry,,2026-09-28
https://rama-kal.itch.io/break-bounce,,2026-09-28
https://lotuszen.itch.io/marmite-monstres,,2026-09-28
https://retrogames10000.itch.io/procedural-starfield,,2026-09-28
https://zaxmaur.itch.io/closer-to-the-pin-2-launch-special-199,,2026-09-28
https://slonyx.itch.io/oozing-harmony,,2026-09-28
https://malboyoo.itch.io/fishdle,,2026-09-28
https://armoredfish.itch.io/stock-market-sim,,2026-09-28
https://hsdsz.itch.io/goblin-warrior-2d-animated-fantasy-enemy,,2026-09-28
https://rgrvdotnl.itch.io/ambiancefx-android,,2026-09-28
https://thomas-870.itch.io/succubus-abyss-fusion-codex,,2026-09-28
https://frankeez.itch.io/toilet-sim,,2026-09-28
https://ebios10.itch.io/witch-trial,,2026-09-28
https://oniku1234.itch.io/minus-three-model-but-better,,2026-09-28
https://yume-game-studio.itch.io/neon-grid-duel,,2026-09-28
https://thwodine.itch.io/mole-fight,,2026-09-28
https://maxyorkebrown.itch.io/mesh-engine,,2026-09-28
https://benceburcsi.itch.io/geolist,,2026-09-28
https://aviramganor.itch.io/c0in-eater,,2026-09-28
https://blacksquid24.itch.io/madant,,2026-09-28
https://soyukke.itch.io/maru-kaite-dokan,,2026-09-28
https://tortikc.itch.io/midnight-stream-guard,,2026-09-28
https://darons.itch.io/triptyque-9,,2026-09-28
https://lazy-ceo-productions.itch.io/pixel-art-chest,,2026-09-28
https://hanzaki93dev.itch.io/kakomi-hunt,,2026-09-28
https://lucifer-and-lilith-synd.itch.io/animation-amanda-the-first-executrix,,2026-09-28
https://siriokd.itch.io/bubble-fight-sms,,2026-09-28
https://sonegeon.itch.io/closecall,,2026-09-28
https://haijobe.itch.io/dropline,,2026-09-28
https://aralepixel.itch.io/side-scroller-tank-cartoon-pixel-art,,2026-09-28
https://stpeteishii.itch.io/blue-impulse-flight-simulator,,2026-09-28
https://yutori.itch.io/arcing,,2026-09-28
https://mtw1man2.itch.io/game-ui-font-symbol-family-foundry-ui,,2026-09-28
https://kheneworks.itch.io/japanese-shop-props-01,,2026-09-28
https://luca-walker.itch.io/i-need-a-drink,,2026-09-28
https://mazarelli.itch.io/urban-soundscapes-vol-9-financial-district-glass-towers-15-looped-wavs,,2026-09-28
https://diffinity.itch.io/public-posts,,2026-09-28
https://yanamideadz.itch.io/riftguardian,,2026-09-28
https://nhina.itch.io/plugin-rpg-maker-mz-item-condition,,2026-09-28
https://kick14.itch.io/bhaiya-on-teen-pahiya,,2026-09-28
https://lukeanimations.itch.io/turtlesgofast,,2026-09-28
https://qixya.itch.io/3-seconds-chapter-1c-day-5,,2026-09-28
https://sergiomarquezdev.itch.io/one-bad-wire,,2026-09-28
https://supernova-sprunki-stuff.itch.io/the-manke-games-20-demo,,2026-09-28
https://josiahdev.itch.io/cloudrunner,,2026-09-28
https://distillinkgames.itch.io/planet-guard-earth,,2026-09-28
https://jays-286155.itch.io/basically-minecraft,,2026-09-28
https://indigoblack4320.itch.io/no-original-remains,,2026-09-28
https://hunteraundero.itch.io/limit-less,,2026-09-28
https://lazy-ceo-productions.itch.io/pixel-art-compass,,2026-09-28
https://super-teslakun.itch.io/neon-night-runner,,2026-09-28
https://weirdoonthebus.itch.io/26-26,,2026-09-28
https://upscaledenemy.itch.io/reaper-madness,,2026-09-28
https://hkpdkettle.itch.io/my-real-pet,,2026-09-28
https://aminebelm.itch.io/rakit,,2026-09-28
https://lowenbraudel.itch.io/hat-policy,,2026-09-28
https://estona815.itch.io/vesper-relay,,2026-09-28
https://shadow131331.itch.io/invoice-manager,,2026-09-28
https://oynak.itch.io/kelin-ulger,,2026-09-28
https://orpheusgames.itch.io/rush-train,,2026-09-28
https://lilotech.itch.io/burnt-papers,,2026-09-28
https://annoyed-lory.itch.io/adrenaline-harbour,,2026-09-28
https://onlyqrix-243.itch.io/drive-to-the-limit,,2026-09-28
https://div-sharp.itch.io/barely-a-taxi,,2026-09-28
https://itsangelll.itch.io/project-rain,,2026-09-28
https://kidshideaway.itch.io/candy-land-sprint-timer,,2026-09-28
https://nhairic.itch.io/overlord-alternative,,2026-09-28
https://solroach.itch.io/freeze,,2026-09-28
https://saif-alnahhal.itch.io/shift-pay,,2026-09-28
https://ignacioalonsomurias.itch.io/todi,,2026-09-28
https://estona815.itch.io/the-listening-commons,,2026-09-28
https://bts.itch.io/catbyrinth,,2026-09-28
https://bareth87.itch.io/pick-13-iconic-games,,2026-09-28
https://polygonewild.itch.io/webpdrop,,2026-09-28
https://forsakenmike.itch.io/sovereign-web,,2026-09-28
https://cornozs.itch.io/neko-no-iro,,2026-09-28
https://strivez.itch.io/pressure,,2026-09-28
https://estona815.itch.io/petal-steps,,2026-09-28
https://pizzasoft.itch.io/pizzasofts-flight-simulator,,2026-09-28
https://estona815.itch.io/objection-orchestra,,2026-09-28
https://muhammad-khuzaima-shahzad.itch.io/space-defender-v2,,2026-09-28
https://diegostgm.itch.io/kaiju-attack,,2026-09-28
https://bydrdd.itch.io/dotnet,,2026-09-28
https://estona815.itch.io/ten-years-of-silence,,2026-09-28
https://tripgeo.itch.io/tanklands,,2026-09-28
https://ready64.itch.io/basket-pressure,,2026-09-28
https://cheung102.itch.io/cursed-girl,,2026-09-28
https://luissexto.itch.io/metal-maniax-emulation-attemp,,2026-09-28
https://ssumsar.itch.io/detour,,2026-09-28
https://canan-official.itch.io/limited,,2026-09-28
https://robinkodeon.itch.io/schwarm-tiefsee,,2026-09-28
https://tcwardle.itch.io/thavolan-to-slay-a-dragon-game-book,,2026-09-28
https://vespermorph.itch.io/plaguecrown,,2026-09-28
https://tobichaos.itch.io/terraria-exilerpg,,2026-09-28
https://yasnouss.itch.io/globotime,,2026-09-28
https://spachti.itch.io/alphin,,2026-09-28
https://malak-agust12.itch.io/star-wars,,2026-09-28
https://franciumguy.itch.io/rock-trap,,2026-09-28
https://cribest7890.itch.io/one-step-too-far,,2026-09-28
https://swaj.itch.io/nsfw,,2026-09-28
https://mazarelli.itch.io/urban-soundscapes-vol-10-neon-rooftops-high-rise-slums-15-looped-wavs,,2026-09-28
https://matteopilotto.itch.io/didjey,,2026-09-28
https://mimo-bliss.itch.io/mcced,,2026-09-28
https://gamebro6.itch.io/platfomer,,2026-09-28
https://littlenoseismybro.itch.io/nightburn,,2026-09-28
https://snow-g.itch.io/wheeeee,,2026-09-28
https://estona815.itch.io/the-immortal-cafe,,2026-09-28
https://4kbshort.itch.io/project-good-boy,,2026-09-28
https://mazemodestudio.itch.io/chicken-chase,,2026-09-28
https://ishiharaworks.itch.io/creator-callout-system-free-sampler,,2026-09-28
https://areckb.itch.io/futaquest,,2026-09-28
https://estona815.itch.io/gravekeepers-trunk,,2026-09-28
https://greglbg.itch.io/salvager,,2026-09-28
https://bigblue9988.itch.io/chandler-litter-bed,,2026-09-28
https://lazy-ceo-productions.itch.io/pixel-art-core,,2026-09-28
https://nondinsagouin.itch.io/test,,2026-09-28
https://antigrav-games.itch.io/operacion-nave,,2026-09-28
https://stonefacegames.itch.io/taskbar-angler,,2026-09-28
https://silentdev.itch.io/chain-reaction,,2026-09-28
https://imaginais.itch.io/chilean-guanaco-psx-wildlife,,2026-09-28
https://estona815.itch.io/the-last-aqueduct,,2026-09-28
https://theprofiler.itch.io/el-perfilador-caso-00-cajon-14,,2026-09-28
https://benceburcsi.itch.io/geograph,,2026-09-28
https://juanpuerto.itch.io/3-weeks-in-paradise,,2026-09-28
https://tinypaperquest.itch.io/jar-of-luck,,2026-09-28
https://r3v3r3nd.itch.io/pfarrplan-run,,2026-09-28
https://polygonewild.itch.io/pdf-ebook-page-extractor,,2026-09-28
https://bigblue9988.itch.io/jm-grain-carts,,2026-09-28
https://dauletbb.itch.io/scobetris,,2026-09-28
https://sousmarque.itch.io/help-im-late-and-i-cant-find-my-key,,2026-09-28
https://lazy-ceo-productions.itch.io/pixel-art-cybernetic-eye,,2026-09-28
https://spectreee.itch.io/slendytubbies,,2026-09-28
https://kaminarimon-ai.itch.io/juo-sena,,2026-09-28
https://backporchgames.itch.io/the-chain,,2026-09-28
https://estona815.itch.io/one-more-orbit,,2026-09-28
https://estyytoo.itch.io/patreon-august-2026,,2026-09-28
https://lazy-ceo-productions.itch.io/pixel-art-dagger,,2026-09-28
https://eternaarena.itch.io/limblackhole,,2026-09-28
https://filippo-de-pace.itch.io/trap-loop,,2026-09-28
https://firegamesbh.itch.io/vinganadodorino,,2026-09-28
https://yodaddyboy.itch.io/swat-flies,,2026-09-28
https://fnflover29scratch.itch.io/incredibox-sprunki-disney,,2026-09-28
https://ishiharaworks.itch.io/shorts-retention-ui-kit,,2026-09-28
https://lazy-ceo-productions.itch.io/pixel-art-data-chip,,2026-09-28
https://hampersonwithlegs.itch.io/wegas-challenge-gm2-wegaverse,,2026-09-28
https://clonewards.itch.io/sprite-forge-sheet-generator,,2026-09-28
https://vano1app-pixel.itch.io/hearthlight-ui,,2026-09-28
https://vxrxfn.itch.io/vxrx-clicker,,2026-09-28
https://demonlorddante.itch.io/comm-oc-kp,,2026-09-28
https://bekageo.itch.io/void-crusher,,2026-09-28
https://lazy-ceo-productions.itch.io/pixel-art-drone,,2026-09-28
https://ma-beast.itch.io/naive-basic,,2026-09-28
https://heyitsmeguys.itch.io/anybox,,2026-09-28
https://etan-haha.itch.io/a-gorillas-dream,,2026-09-28
https://pizzacheese96.itch.io/tileslice-2d-autoliler,,2026-09-28
https://kyrlio.itch.io/another-asteroid-game,,2026-09-28
https://serjioblack.itch.io/neon-pulse-cyberpunk-collection-vol-1,,2026-09-28
https://lazy-ceo-productions.itch.io/pixel-art-emp-grenade,,2026-09-28
https://sojood.itch.io/xxuserxx,,2026-09-28
https://lazy-ceo-productions.itch.io/pixel-art-energy-cell,,2026-09-28
https://lucario1337.itch.io/ashbound,,2026-09-28
https://lazy-ceo-productions.itch.io/pixel-art-gauntlet,,2026-09-28
https://drew-valentine.itch.io/elevation,,2026-09-28
https://alexdepasquale2-jpg.itch.io/dewrigged-unfaithful,,2026-09-28
https://exotux.itch.io/chibicode-starbricks,,2026-09-28
https://lazy-ceo-productions.itch.io/pixel-art-hammer,,2026-09-28
https://lazy-ceo-productions.itch.io/pixel-art-helmet,,2026-09-28
https://lazy-ceo-productions.itch.io/pixel-art-key,,2026-09-28
https://kaw-aitech.itch.io/reversi,,2026-09-28
https://bluedolphi.itch.io/unsri-horor,,2026-09-28
https://moneywithjjcom.itch.io/dnd-ambience-pack,,2026-09-28
https://thecubicmaster.itch.io/space-ladder-ost,,2026-09-28
https://yumestudios-2005.itch.io/milla-extra,,2026-09-28
https://joseluartificial-prog.itch.io/minotauro,,2026-09-28
https://x-w-x.itch.io/monochrome-retro-horror-dialogue-busts,,2026-09-28
https://asdrubale10489.itch.io/rage-tester,,2026-09-28
https://yac281.itch.io/jump-well,,2026-09-28
https://assetsdotfun.itch.io/lunar-landing-site-01,,2026-09-28
https://estona815.itch.io/extremely-important-buttons,,2026-09-28
https://8-bit-studioos.itch.io/cluck-knight,,2026-09-28
https://ocaspacca.itch.io/not-enough-limbs-to-dig,,2026-09-28
https://ghostparallax.itch.io/low-tide,,2026-09-28
https://met-73.itch.io/mountain-climber,,2026-09-28
https://estona815.itch.io/the-numb-clockmaker,,2026-09-28
https://rabbit-developer.itch.io/fuji-space-mission,,2026-09-28
https://moneywithjjcom.itch.io/twitch-alert-pack,,2026-09-28
https://estona815.itch.io/midnight-dispatch,,2026-09-28
https://christopher4521.itch.io/unused-supersponge-boss,,2026-09-28
https://truekidskingdom-cmd.itch.io/the-new-baldi-coma,,2026-09-28
https://steel-moth-studios.itch.io/limited-leap,,2026-09-28
https://schmidthapps.itch.io/exit-prototype,,2026-09-28
https://coniglio-obeso.itch.io/the-limits-of-pranks,,2026-09-28
https://playiqgames.itch.io/sudokuiq,,2026-09-28
https://wnannestad.itch.io/gameforge,,2026-09-28
https://alderfold.itch.io/gothic-map-marker-frames,,2026-09-28
https://m1nhcr41g.itch.io/vua-dia-lau,,2026-09-28
https://moneywithjjcom.itch.io/gm-combat-pack,,2026-09-28
https://alderfold.itch.io/rpg-status-condition-ui,,2026-09-28
https://myaumya.itch.io/desert-town,,2026-09-28
https://ayadim.itch.io/kinner-holdings-night-shift,,2026-09-28
https://caciopepegames.itch.io/cyber-surgeon,,2026-09-28
https://moon-tribe.itch.io/fantasy-backgrounds-4,,2026-09-28
https://gegx.itch.io/town-folk-2,,2026-09-28
https://gegx.itch.io/town-folk-2-free,,2026-09-28
https://aiomnibus.itch.io/going-coins,,2026-09-28
https://rodrigosc.itch.io/una-criatura-en-el-lago,,2026-09-28
https://sparespaceaudio.itch.io/calm-groove-2-step-pack,,2026-09-28
https://eljoepo.itch.io/human-cannonball,,2026-09-28
https://aredleaf.itch.io/brew-boss,,2026-09-28
https://scratchnooby88.itch.io/civilization-simulator-2,,2026-09-28
https://pikatan-pika.itch.io/magical-experiment,,2026-09-28
https://vano1app-pixel.itch.io/tide-market-godot-shop-inventory,,2026-09-28
https://estona815.itch.io/the-last-noticeboard,,2026-09-28
https://branko-van-tendeloo.itch.io/pong-1p,,2026-09-28
https://szyromimixer.itch.io/wirtualny-asystent,,2026-09-28
https://sidrickwhite.itch.io/echo-deep,,2026-09-28
https://therealmrjevinboi.itch.io/sprunki-logical-shifted-mrjevinbois-take,,2026-09-28
https://aredleaf.itch.io/merge-brew,,2026-09-28
https://oclockdev.itch.io/beyond-the-veil,,2026-09-28
https://estona815.itch.io/bean-weather,,2026-09-28
https://dannersongames.itch.io/brown-bricks-the-game,,2026-09-28
https://aredleaf.itch.io/sky-stack,,2026-09-28
https://matiasrobles23.itch.io/nightcrawler-xscape,,2026-09-28
https://auragamestudio.itch.io/cute-spooky-halloween-ui-mega-kit,,2026-09-28
https://studio-fiore-about.itch.io/marathon,,2026-09-28
https://giii3-game.itch.io/tscave,,2026-09-28
https://yari2-0.itch.io/dont-spill-out,,2026-09-28
https://eliaxt.itch.io/climbing-robot,,2026-09-28
https://crlbox.itch.io/snail-mountain-hold-my-breath,,2026-09-28
https://poratox78-spec.itch.io/turbopad,,2026-09-28
https://tiritiri-games.itch.io/3d-parking-practice-3d-japan,,2026-09-28
https://golddwing.itch.io/smash-plage,,2026-09-28
https://wamari.itch.io/the-imposter-a-masks-playbook,,2026-09-28
https://youtopia156.itch.io/nobadpdf,,2026-09-28
https://engage-studio.itch.io/road-rage-race,,2026-09-28
https://momo14-3.itch.io/blockcraft,,2026-09-28
https://iyurobeep.itch.io/night-signal,,2026-09-28
https://x-mrmaplesyrup-x.itch.io/vectormods,,2026-09-28
https://xabinotter.itch.io/sfm-km-phage-model,,2026-09-28
https://un-random9634.itch.io/sprunked-neogenesis-recreation,,2026-09-28
https://nint8835.itch.io/terrible-minecraft-clone,,2026-09-28
https://assetsdotfun.itch.io/tropical-island-beach-01,,2026-09-28
https://pandagamesstudios.itch.io/the-amazing-hulkdemo,,2026-09-28
https://last-tick.itch.io/nature,,2026-09-28
https://brendelstudios.itch.io/space-captain,,2026-09-28
https://giii3-game.itch.io/tscaveen,,2026-09-28
https://munkh-orgil.itch.io/3d-tetris,,2026-09-28
https://vic23-01.itch.io/dino-chrome-wants-home,,2026-09-28
https://0xkot.itch.io/the-cradle-episode-01,,2026-09-28
https://walaashouman.itch.io/shtime2play,,2026-09-28
https://cptsmoon.itch.io/lastalibi,,2026-09-28
https://haroldo-ok.itch.io/skyhaul-sms,,2026-09-28
https://roadkillcandy.itch.io/alberta-dino,,2026-09-28
https://embedding-shapes.itch.io/matineevr,,2026-09-28
https://wyeldfire.itch.io/a-stranger-in-your-head,,2026-09-28
https://estona815.itch.io/the-narrow-crossing,,2026-09-28
https://s33b.itch.io/blackmarrow,,2026-09-28
https://moneywithjjcom.itch.io/rpg-npc-bark-pack-2,,2026-09-28
https://metamaxct.itch.io/operacion-cobra,,2026-09-28
https://assetsdotfun.itch.io/spacecraft-pack-01,,2026-09-28
https://lguidolin.itch.io/the-fourth-room-ii,,2026-09-28
https://artefacto.itch.io/realm-of-despair,,2026-09-28
https://dannzi21.itch.io/deepshift,,2026-09-28
https://nibazi.itch.io/occult-shop-clicker,,2026-09-28
https://dasryel.itch.io/mini-game-zone,,2026-09-28
https://coolestoneofthemall.itch.io/feed-the-fire,,2026-09-28
https://play-dashen.itch.io/war-man-the-rage,,2026-09-28
https://therealsplashvryt.itch.io/fire-tag-reborn,,2026-09-28
https://fie-victor.itch.io/echoes-of-the-bloodline,,2026-09-28
https://supertanuki.itch.io/the-mushroom-forest,,2026-09-28
https://mossranicomics.itch.io/pixel-tree-growth,,2026-09-28
https://nagidoomer.itch.io/galacticon-chapter-1-playtest-build,,2026-09-28
https://veiledbluechild.itch.io/smart-phone-assets-m-flip-collection,,2026-09-28
https://dan7826.itch.io/fantasy-bestiary-creature-icons,,2026-09-28
https://euquateq.itch.io/piano-work-for-airport,,2026-09-28
https://jolehuit.itch.io/steal-a-hackathon,,2026-09-28
https://gorlanik.itch.io/leak,,2026-09-28
https://iroslav90k.itch.io/albertovichsroullete,,2026-09-28
https://beelim-solutions.itch.io/3d-models-19th-century-soldiers-and-infantry-guns-american-revolution,,2026-09-28
https://sunkisser1996.itch.io/cloudgirl,,2026-09-28
https://gabrielturista4.itch.io/penguin-chat-rewritten,,2026-09-28
https://phillystudios.itch.io/cavehaulers,,2026-09-28
https://luqnan.itch.io/invest-sim,,2026-09-28
https://swaggyjason.itch.io/time-hunt-demo,,2026-09-28
https://yebin117.itch.io/rifles-runes-demo,,2026-09-28
https://ironflux-studio.itch.io/vacum-vazors-invaders,,2026-09-28
https://jackiechan115.itch.io/jackie-vs-peppa-pig-2,,2026-09-28
https://estona815.itch.io/night-vent,,2026-09-28
https://loay-zaknoun.itch.io/chain-escape,,2026-09-28
https://alexrojasgames.itch.io/flappy-bee,,2026-09-28
https://primevalsistail.itch.io/perla-shop,,2026-09-28
https://misusharky.itch.io/cultivation-simulator,,2026-09-28
https://zekai-wang.itch.io/little-fox-finds-home,,2026-09-28
https://ayadim.itch.io/the-tower-reads-you,,2026-09-28
https://karimelsedfy.itch.io/glint-world-sprint,,2026-09-28
https://assetsdotfun.itch.io/abandoned-nuclear-zone-01,,2026-09-28
https://trueroledreams.itch.io/neon-lightning-force,,2026-09-28
https://nishi0213.itch.io/into-the-sky,,2026-09-28
https://estona815.itch.io/counterweight-archive,,2026-09-28
https://jackiechan115.itch.io/jackie-vs-peppa-pig-3,,2026-09-28
https://drspecial.itch.io/intro-to-godot-finished-workshop-build,,2026-09-28
https://ishiharaworks.itch.io/fps-killfeed-clutch-ui,,2026-09-28
https://charlieocean.itch.io/borrowing-kais-phone,,2026-09-28
https://combedox.itch.io/dance-pong,,2026-09-28
https://suliberati.itch.io/tutorial-puzzle-do-cadeado,,2026-09-28
https://arya-gamer.itch.io/last-night-ferry,,2026-09-28
https://sapphirdev.itch.io/tomatowars,,2026-09-28
https://cylindricalduck.itch.io/chickenfighter,,2026-09-28
https://jackiechan115.itch.io/jackie-vs-peppa-pig-4-demo,,2026-09-28
https://pukkingdragon123.itch.io/xolotl-kobeni,,2026-09-28
https://bubbabba.itch.io/neon-city-tileset,,2026-09-28
https://stoneyplusone.itch.io/swim-there,,2026-09-28
https://erxino.itch.io/ayuso-kong,,2026-09-28
https://moneywithjjcom.itch.io/dice-tabletop-pack,,2026-09-28
https://estona815.itch.io/candy-shift-trijam391,,2026-09-28
https://erxino.itch.io/agua-para-el-caballo,,2026-09-28
https://tmgn-art.itch.io/step-11,,2026-09-28
https://goblinpassword.itch.io/record-of-the-end-of-one-corner-of-the-world,,2026-09-28
https://algumcorrupto.itch.io/meeple-opps,,2026-09-28
https://nathkalantar.itch.io/tangled-paws,,2026-09-28
https://tostowytost.itch.io/battle-with-knight-deltarune,,2026-09-28
https://svvord.itch.io/afg-working-together,,2026-09-28
https://vanveleca.itch.io/mikomoomaa-episode-zero,,2026-09-28
https://ishiharaworks.itch.io/science-explainer-ui,,2026-09-28
https://randomguy72x.itch.io/slendermon,,2026-09-28
https://galaxyshooters.itch.io/galaxy-shooters,,2026-09-28
https://ishiharaworks.itch.io/tech-product-review-ui,,2026-09-28
https://totallynotfz1no.itch.io/iconmakerr,,2026-09-28
https://mssingle.itch.io/solista-on-fight,,2026-09-28
https://mfsch.itch.io/ps2-style-retro-mega-city-low-poly-horror-environment-asset-pack,,2026-09-28
https://ishiharaworks.itch.io/podcast-interview-lower-thirds,,2026-09-28
https://ishiharaworks.itch.io/vtuber-chat-interaction-ui,,2026-09-28
https://az-games-777.itch.io/realistic-chess,,2026-09-28
https://vertexvr-yt.itch.io/vertexbaboon,,2026-09-28
https://coder4321.itch.io/floating-coinland,,2026-09-28
https://hungryhugo.itch.io/washed-up-killmatch-star,,2026-09-28
https://ooleks111.itch.io/drunk-driving-simulator-3d,,2026-09-28
https://marconathan.itch.io/echoes-of-the-lost,,2026-09-28
https://jetv-studio.itch.io/bionic-nature-the-last-remnants,,2026-09-28
https://xander-studios.itch.io/air-manager-alpha-013,,2026-09-28
https://moneywithjjcom.itch.io/boss-stingers-pack,,2026-09-28
https://nexus-v-ent.itch.io/aurelia,,2026-09-28
https://bubbabba.itch.io/wasteland-tileset,,2026-09-28
https://dannysousa.itch.io/danny-sousa-chapter-1-project-tony-montana,,2026-09-28
https://neimeyos.itch.io/rewind-the-mouse,,2026-09-28
https://bigpopa6.itch.io/aloske-fishing,,2026-09-28
https://retrogames12.itch.io/test-racer,,2026-09-28
https://janjoonaa.itch.io/crazy-ball,,2026-09-28
https://estona815.itch.io/last-shift-exit-log,,2026-09-28
https://mojovr.itch.io/monks-playground,,2026-09-28
https://kusakos.itch.io/spriteforge-video-in-sprites-out,,2026-09-28
https://akanke.itch.io/cmh-clt,,2026-09-28
https://zachstera3.itch.io/ribbit-rapids,,2026-09-28
https://grensley.itch.io/kyo,,2026-09-28
https://mor10th.itch.io/mor-10-college,,2026-09-28
https://bio50588.itch.io/pick-me-up-infinite-idle,,2026-09-28
https://mor10th.itch.io/stop-at-the-gas-station,,2026-09-28
https://im-chema.itch.io/papu-war,,2026-09-28
https://kedikatstudios.itch.io/pawstanbul-a-taksim-tail,,2026-09-28
https://anonymous-alex.itch.io/akisame,,2026-09-28
https://derunfug.itch.io/born-from-ash,,2026-09-28
https://assetsdotfun.itch.io/medieval-village-pack-01,,2026-09-28
https://robogart.itch.io/robogarts-flora-pack,,2026-09-28
https://bubbabba.itch.io/wild-west-tileset,,2026-09-28
https://launchwaygames.itch.io/yours-now,,2026-09-28
https://rna1986731.itch.io/ashbound,,2026-09-28
https://banana-gun-games.itch.io/banana-bash-regrown,,2026-09-28
https://sheetterror.itch.io/nation-towers,,2026-09-28
https://rebelaras.itch.io/hushed-rumors,,2026-09-28
https://funbydefault.itch.io/target-lock-demo,,2026-09-28
https://ix-design.itch.io/ix-tileforge-studio,,2026-09-28
https://esquiesnest.itch.io/tims-rpg-maker-mv-minimap-plugin,,2026-09-28
https://kirbuke.itch.io/out-of-time,,2026-09-28
https://launchwaygames.itch.io/five-and-ten,,2026-09-28
https://launchwaygames.itch.io/local-rules,,2026-09-28
https://mhtfa2003.itch.io/sprunki-2-masons-take,,2026-09-28
https://orelbenizhak.itch.io/blue-star-2-israeli-air-force,,2026-09-28
https://estona815.itch.io/the-apricot-letter,,2026-09-28
https://alpayabay.itch.io/sonic-fan-art,,2026-09-28
https://nickname5862.itch.io/forest-four-six,,2026-09-28
https://bondaro.itch.io/sanduhr,,2026-09-28
https://nicedrporkchop.itch.io/flappy-corgi,,2026-09-28
https://0-dc-333.itch.io/vs-dave-and-bambi-31-source-code,,2026-09-28
https://hipolame.itch.io/nexus-clicker,,2026-09-28
https://titiqq.itch.io/candyman-revenge,,2026-09-28
https://josephbradfordpresents.itch.io/ashfall-demo,,2026-09-28
https://nandor989.itch.io/styx-diner,,2026-09-28
https://whodell-ucsc.itch.io/frog-game,,2026-09-28
https://zachstera3.itch.io/tasneem,,2026-09-28
https://estona815.itch.io/six-lights-to-shore,,2026-09-28
https://nexavisuals.itch.io/abyssal-forge-ui-demo,,2026-09-28
https://placemikystudio.itch.io/mini-craft-3d-ultimate,,2026-09-28
https://thecodingdad-tisonk.itch.io/grow-co,,2026-09-28
https://djoxy.itch.io/extreme-bird-cardio-5000,,2026-09-28
https://gaja-studios.itch.io/cute-cats-project,,2026-09-28
https://bubbabba.itch.io/haunted-mansion-tileset,,2026-09-28
https://corpseflame.itch.io/jevater,,2026-09-28
https://swiftuser.itch.io/su-fire-alarm,,2026-09-28
https://303420.itch.io/pickme,,2026-09-28
https://dijonpickle.itch.io/tropical-buttons,,2026-09-28
https://panadda15.itch.io/become-yo-smo,,2026-09-28
https://echagas.itch.io/canastra,,2026-09-28
https://emadham.itch.io/test-game,,2026-09-28
https://julusuario.itch.io/cell-war,,2026-09-28
https://fajik.itch.io/duopix,,2026-09-28
https://unkindpig.itch.io/bomb-runner,,2026-09-28
https://jackdaidai.itch.io/love-subtitled,,2026-09-28
https://dr-evans.itch.io/safety-violation,,2026-09-28
https://mirararon.itch.io/maybe-have-some-burgers,,2026-09-28
https://cloudforge.itch.io/snakes-on-a-train,,2026-09-28
https://zetos81.itch.io/nightfall-patrol,,2026-09-28
https://ruckup.itch.io/war-fall,,2026-09-28
https://stojanovskit.itch.io/human-lab,,2026-09-28
https://el-dee.itch.io/beside-still-waters,,2026-09-28
https://baybladenyte.itch.io/wiskers,,2026-09-28
https://sidequestdev.itch.io/velvet-fury,,2026-09-28
https://showgames-fujii.itch.io/kageawase,,2026-09-28
https://squishdevel.itch.io/bfdir-raid-1,,2026-09-28
https://eslamx131.itch.io/shadowschool,,2026-09-28
https://zachstera3.itch.io/maz,,2026-09-28
https://csarfatigalwaygmailcom.itch.io/the-ultimate-warrior-of-darkness,,2026-09-28
https://jgesq.itch.io/magick-shadows-ii-third-reich-babelsberg,,2026-09-28
https://dexterhero-thegamemaker.itch.io/super-green-guy,,2026-09-28
https://vvostenak.itch.io/azuramoon-dos-demo,,2026-09-28
https://allalonegamez.itch.io/overlay,,2026-09-28
https://fr33d0m206.itch.io/fr33d0ms-farming-cheat-menu,,2026-09-28
https://bubbabba.itch.io/graveyard-tileset,,2026-09-28
https://sharkal.itch.io/throw-a-brick-simulator,,2026-09-28
https://igoryakunin.itch.io/the-borrowed-hour,,2026-09-28
https://ggproebali.itch.io/2d-pixel-weapon-asset-pack,,2026-09-28
https://stoneyplusone.itch.io/the-backrooms,,2026-09-28
https://lttnoah.itch.io/project-fanta,,2026-09-28
https://victorcc.itch.io/free-3d-base-model-rigged,,2026-09-28
https://theophylaktos.itch.io/slurp-em-up,,2026-09-28
https://sandhanarajesh.itch.io/global-student-aerospace-initiative-aerospace-career-education-game,,2026-09-28
https://leonchrome.itch.io/pro2-bridge-133,,2026-09-28
https://rennoorgames.itch.io/thecottagesecret,,2026-09-28
https://ecovoltliving.itch.io/earthsheltered-home-sustainable-living-underground,,2026-09-28
https://dandalion89.itch.io/mythlode-extra-prop-pack,,2026-09-28
https://trd-bobo.itch.io/monkey-horror-vr,,2026-09-28
https://cheeseyprogramming.itch.io/falling-blocks-game-jam-platformer,,2026-09-28
https://tom-pearl-production.itch.io/kukirinhunter,,2026-09-28
https://jackthemundane.itch.io/bone-tithe,,2026-09-28
https://iceglobe-system.itch.io/spirit-tileset,,2026-09-28
https://natix471.itch.io/whispers-of-the-wild,,2026-09-28
https://vhscrowow.itch.io/source-engine-godot,,2026-09-28
https://vagabondraccoonhands.itch.io/untitled-hex-game,,2026-09-28
https://tacomedia.itch.io/miku-summers-end,,2026-09-28
https://evanshmevan.itch.io/tidal-bore,,2026-09-28
https://jerryjerry2013.itch.io/cookie-clickerexe,,2026-09-28
https://raxeris.itch.io/vibe-coding-simulator,,2026-09-28
https://mtw1man2.itch.io/8-bit-quest-journal-dialogue-expansion,,2026-09-28
https://astrokid33.itch.io/adrenaline-rush-drum-and-bass-electronic,,2026-09-28
https://dandalion89.itch.io/mythlode-harbor-prop-pack,,2026-09-28
https://co-dep.itch.io/type-racer,,2026-09-28
https://gegx.itch.io/town-folk-complete,,2026-09-28
https://laska-melvin.itch.io/ash-of-the-last-hearth,,2026-09-28
https://heyheythere.itch.io/pixel-sfx,,2026-09-28
https://cr0ak3r.itch.io/chronoflight,,2026-09-28
https://delicious-games.itch.io/catlamity,,2026-09-28
https://dandalion89.itch.io/mythlode-jungle-prop-pack,,2026-09-28
https://heyheythere.itch.io/pixel-sfx-free,,2026-09-28
https://molsencreative.itch.io/mesh-import-manager,,2026-09-28
https://aerofoil.itch.io/graphs,,2026-09-28
https://heyheythere.itch.io/pixel-ui,,2026-09-28
https://funbydefault.itch.io/map-graph-demo,,2026-09-28
https://heyheythere.itch.io/pixel-ui-free,,2026-09-28
https://jpohlmanwriting.itch.io/protostar-memoirs-of-the-messenger,,2026-09-28
https://retroremaster.itch.io/killer-gorilla-3d,,2026-09-28
https://heyheythere.itch.io/retro-screen-fx,,2026-09-28
https://dandalion89.itch.io/mythlode-medieval-battlefield-prop-pack,,2026-09-28
https://heyheythere.itch.io/scene-transitions,,2026-09-28
https://spritekitchen.itch.io/kiro-axe-animated-pixel-art-warrior-pack-for-2d-games,,2026-09-28
https://heyheythere.itch.io/soft-ui-sfx,,2026-09-28
https://heyheythere.itch.io/soft-ui-sfx-free,,2026-09-28
https://marvinicius.itch.io/pegada-ecolgica,,2026-09-28
https://heyheythere.itch.io/sprite-fx,,2026-09-28
https://dandalion89.itch.io/mythlode-military-camp-prop-pack,,2026-09-28
https://heyheythere.itch.io/vfx-2d,,2026-09-28
https://letovlab.itch.io/storm-tail,,2026-09-28
https://nomadicdelirium.itch.io/the-ephemeris-guide-to-corporations,,2026-09-28
https://heyheythere.itch.io/vfx-2d-free,,2026-09-28
https://prankkotion-studios.itch.io/september-26-2026,,2026-09-28
https://dandalion89.itch.io/mythlode-pirate-ship-prop-pack,,2026-09-28
https://storedraumen-games.itch.io/ib-rum-1,,2026-09-28
https://dandalion89.itch.io/mythlode-river-prop-pack,,2026-09-28
https://chaosengine7.itch.io/zombie-siege,,2026-09-28
https://midnight-takoyaki.itch.io/sol-unchained,,2026-09-28
https://artists-from-maryland.itch.io/forests-in-the-woodpile-by-dara-laine,,2026-09-28
https://that-punk-guy.itch.io/pixel-racer,,2026-09-28
https://lguidolin.itch.io/the-last-toll,,2026-09-28
https://bitmancer-games.itch.io/sheeeeep,,2026-09-28
https://dandalion89.itch.io/mythlode-sky-prop-pack,,2026-09-28
https://cuchillostu.itch.io/legacy-ball-fight,,2026-09-28
https://a-gtag-player.itch.io/gorilla-tag-q1-nitrotherealmathias1p2,,2026-09-28
https://dandalion89.itch.io/mythlode-rigid-weapons,,2026-09-28
https://jaidameida.itch.io/i-remember-you,,2026-09-28
https://haaris670.itch.io/horror-neighbor,,2026-09-28
https://suprgrl1995.itch.io/telephonepole-letters,,2026-09-28
https://raxeris.itch.io/one-more-orbit,,2026-09-28
https://bubbabba.itch.io/abandoned-hospital-tileset,,2026-09-28
https://greatpianist.itch.io/yahtzee,,2026-09-28
https://mrmgames.itch.io/voxel-ocean-animals-pack-2,,2026-09-28
https://jjkittyy.itch.io/deities-and-demons-tiles-16x16,,2026-09-28
https://official-another-dev.itch.io/og-gorilla-tag-horror,,2026-09-28
https://chaseburns.itch.io/scrawling-darkly-font,,2026-09-28
https://dayyo.itch.io/the-d6-thieves,,2026-09-28
https://funner321.itch.io/omegacloser,,2026-09-28
https://pelux-produccions-3.itch.io/lora,,2026-09-28
https://r-px.itch.io/rigidbody2d,,2026-09-28
https://geouug.itch.io/psx-books,,2026-09-28
https://metamaxct.itch.io/asalto-dulce,,2026-09-28
https://kronfeld.itch.io/witchlight,,2026-09-28
https://retrogames12.itch.io/test-racer-ii,,2026-09-28
https://cenjiyt.itch.io/fantasy-staff-wand-pack,,2026-09-28
https://fajik.itch.io/pixel-fruits,,2026-09-28
https://ryryvr.itch.io/paper-snake,,2026-09-28
https://pr1ncejb.itch.io/beat-brawl,,2026-09-28
https://korune9.itch.io/free-blood,,2026-09-28
https://yourgrandad5050.itch.io/frozen-land,,2026-09-28
https://hampton2828.itch.io/overload-fnf-mod,,2026-09-28
https://aspeon.itch.io/my-museum-security-internship,,2026-09-28
https://tekjock.itch.io/depthrix,,2026-09-28
https://yuluc.itch.io/panzerfall,,2026-09-28
https://raxeris.itch.io/spectra,,2026-09-28
https://thebigmigz.itch.io/chapter-2-side-b,,2026-09-28
https://mrklrsn.itch.io/scoo-scoo,,2026-09-28
https://ashdiesalone.itch.io/exkiwator,,2026-09-28
https://kyanw.itch.io/wizard-frog-animation,,2026-09-28
https://aramyx.itch.io/ingrids-special-day,,2026-09-28
https://aramyx.itch.io/lucias-cock-worship,,2026-09-28
https://natdelnova.itch.io/bobber,,2026-09-28
https://knit-of-shadows.itch.io/content-repurposing-roi-planner,,2026-09-28
https://albeciao.itch.io/pallinerotonde,,2026-09-28
https://il-muratore.itch.io/the-president-the-game,,2026-09-28
https://holy-s.itch.io/stickman-runner,,2026-09-28
https://aramyx.itch.io/fire-emblem-hips-thighs-pack-2,,2026-09-28
https://natdelnova.itch.io/tip-jar,,2026-09-28
https://certainity.itch.io/honeybrook-hollow,,2026-09-28
https://mpaul0416.itch.io/the-collector,,2026-09-28
https://mutterpixel-studio.itch.io/rpg-castle-buildings-pixel-art-asset-pack,,2026-09-28
https://natdelnova.itch.io/tonguetied,,2026-09-28
https://fuzzlepun.itch.io/bittertrade,,2026-09-28
https://theslantedroom.itch.io/mma-tactics,,2026-09-28
https://mtw1man2.itch.io/8-bit-crafting-recipes-salvage-ui-pixel-rpg-workshop-expansion,,2026-09-28
https://andreajunes.itch.io/lilitgame,,2026-09-28
https://natdelnova.itch.io/presence,,2026-09-28
https://aramyx.itch.io/peni-parker-after-facefuck,,2026-09-28
https://play-dashen.itch.io/solider-guy-the-blood-walker,,2026-09-28
https://knit-of-shadows.itch.io/digital-product-pricing-calculator,,2026-09-28
https://codermedia.itch.io/culprit-culler,,2026-09-28
https://enchilada-suiza.itch.io/cfsa,,2026-09-28
https://neyxium.itch.io/swingmaster,,2026-09-28
https://awln.itch.io/dossier,,2026-09-28
https://storedraumen-games.itch.io/draumar,,2026-09-28
https://santisotelo.itch.io/mr-squirrel-task,,2026-09-28
https://josephbradfordpresents.itch.io/rpg-sprite-foundry,,2026-09-28
https://dc14332.itch.io/eco-tycoon,,2026-09-28
https://ghost-warlock.itch.io/riftbreakers-2e-exploration-sheets,,2026-09-28
https://fabioprovencherflores.itch.io/ruptured-floor-demo,,2026-09-28
https://endbro57.itch.io/vessel-steak,,2026-09-28
https://eva-taylor.itch.io/the-ai-money-kit,,2026-09-28
https://ritomath.itch.io/cloud-garden-post,,2026-09-28
https://ratenclosure.itch.io/kittyclicker,,2026-09-28
https://neofito-corp.itch.io/deckrooms,,2026-09-28
https://heffleythegreg409.itch.io/rafe-hotel,,2026-09-28
https://micemaus.itch.io/i-love-dating-simulators,,2026-09-28
https://dickkent.itch.io/omega-shift,,2026-09-28
https://mrbobbrick.itch.io/shufflepawn,,2026-09-28
https://maxdesimusgames.itch.io/4-fah-better-than-3-fah,,2026-09-28
https://raxeris.itch.io/itchoh-simulator,,2026-09-28
https://twigcreek.itch.io/cat-randomizer,,2026-09-28
https://mutant-llama1.itch.io/bean-bounce,,2026-09-28
https://fefuxd.itch.io/nebulosa-pinball,,2026-09-28
https://wil10w.itch.io/what-lies-in-the-basement,,2026-09-28
https://santisotelo.itch.io/rpg-shader,,2026-09-28
https://knit-of-shadows.itch.io/creator-revenue-os,,2026-09-28
https://santisotelo.itch.io/top-down-bullet-hell,,2026-09-28
https://raxeris.itch.io/you-have-3-seconds,,2026-09-28
https://lucasandlounge.itch.io/type-dimension,,2026-09-28
https://voiceless026.itch.io/physiball,,2026-09-28
https://mtw1man2.itch.io/crafting-production-bottleneck-analyser,,2026-09-28
https://jrumbolt.itch.io/the-guessing-man,,2026-09-28
https://storedraumen-games.itch.io/b-a-d-d-o-g-s-demo,,2026-09-28
https://l20412.itch.io/dokipenguin,,2026-09-28
https://notapipe.itch.io/photocrapier,,2026-09-28
https://benjafibiger.itch.io/proyect-meaw-beta-1,,2026-09-28
https://dreadnought-douglas.itch.io/huss-of-the-wilds,,2026-09-28
https://playiqgames.itch.io/mineiq,,2026-09-28
https://zackfrostgames.itch.io/icephone-os-v1-pro-demo,,2026-09-28
https://santisotelo.itch.io/after-trace,,2026-09-28
https://badnamesgames.itch.io/die-moon-die,,2026-09-28
https://aredleaf.itch.io/screw-sort,,2026-09-28
https://scarlidev.itch.io/dark-room,,2026-09-28
https://raxeris.itch.io/human-in-the-loop,,2026-09-28
https://b0ssk.itch.io/ack-ack-attack,,2026-09-28
https://underworldia.itch.io/into-madness,,2026-09-28
https://matisix.itch.io/modular-sql-console-for-godot4,,2026-09-28
https://darkdimblue.itch.io/weathergardener,,2026-09-28
https://bicho-games-tm.itch.io/la-cueva-de-la-salamanca,,2026-09-28
https://kevvvvvy.itch.io/the-runaway,,2026-09-28
https://gnocchi2433.itch.io/penguin-dodger-2,,2026-09-28
https://fluzerker.itch.io/feather-post,,2026-09-28
https://carsonthorne.itch.io/rat-albert,,2026-09-28
https://heartstyledev.itch.io/free-siren-girl-sprites,,2026-09-28
https://mynameisgump.itch.io/gump-grenades,,2026-09-28
https://luisgamer110yt.itch.io/pigsakenpap-cerdito-vs-bebe-george-forsaken,,2026-09-28
https://nanostudio.itch.io/lost-forest,,2026-09-28
https://human128.itch.io/book-of-opus,,2026-09-28
https://fluzerker.itch.io/greenhouse-defense,,2026-09-28
https://cenjiyt.itch.io/low-poly-fantasy-crystal-pack,,2026-09-28
https://kitzgth.itch.io/kitzs-midnight-terror,,2026-09-28
https://wanderingconsciousness.itch.io/coherence-braid,,2026-09-28
https://johnny-redfox.itch.io/press-record,,2026-09-28
https://doej25648.itch.io/hex-wars-four-crowns,,2026-09-28
https://level3dork.itch.io/alders-crossing,,2026-09-28
https://fuuki1129.itch.io/beam-slide,,2026-09-28
https://monoidalberry.itch.io/not-enough-fuel,,2026-09-28
https://jbinary.itch.io/los-bingueros,,2026-09-28
https://retrogames10000.itch.io/emberworks,,2026-09-28
https://feherlofia.itch.io/well-be-in-touch,,2026-09-28
https://louddonut.itch.io/datacenter-2d-assets,,2026-09-28
https://papa-shrim.itch.io/fnarl,,2026-09-28
https://taletone.itch.io/window-frames-free,,2026-09-28
https://magardev.itch.io/goalflap,,2026-09-28
https://zeoperdise.itch.io/dragon-rebirth,,2026-09-28
https://soulofblight.itch.io/samsara-reload-signed,,2026-09-28
https://launchwaygames.itch.io/nine-apart,,2026-09-28
https://heyheythere.itch.io/weather-fx,,2026-09-28
https://awslaughs.itch.io/aisle-7,,2026-09-28
https://adrien-schutz-elias.itch.io/mexe-mexe-a-brazilian-variation-of-rummi,,2026-09-28
https://hollikill.itch.io/esc8,,2026-09-28
https://launchwaygames.itch.io/eight-around,,2026-09-28
https://heyheythere.itch.io/weather-fx-free,,2026-09-28
https://pacorro80.itch.io/fs25-astec-stacker-conveyor-fixed,,2026-09-28
https://rjgordon.itch.io/scoops,,2026-09-28
https://tk-yeti.itch.io/alien-sneak,,2026-09-28
https://tomtheforg.itch.io/impressions-jam-season-4-submision,,2026-09-28
https://gamedevbrook.itch.io/tetra,,2026-09-28
https://deebeekeeper.itch.io/news-hooks-on-the-frontier-issue-9,,2026-09-28
https://bubbabba.itch.io/haunted-hollow,,2026-09-28
https://journaldunepause.itch.io/reflet,,2026-09-28
https://bhupendrarocxx.itch.io/arcane-thesis,,2026-09-28
https://seed96.itch.io/riddle-vault,,2026-09-28
https://pixmint.itch.io/fantasy-monster-drops,,2026-09-28
https://tarynherbert4gmailcom.itch.io/roomates,,2026-09-28
https://dingusthedev.itch.io/gubber-the-gubbining,,2026-09-28
https://poratox78-spec.itch.io/miroir-tarot,,2026-09-28
https://yocchi09.itch.io/funny-pug-miner-a-dog-riding-a-mine-cart,,2026-09-28
https://eikpix.itch.io/microegg,,2026-09-28
https://drulax.itch.io/ya-no-quedan-hroes-como-los-de-antes,,2026-09-28
https://bluedragon-space.itch.io/solefire,,2026-09-28
https://dancing-butcher.itch.io/heretical-historian,,2026-09-28
https://michaelpiema.itch.io/broken-kingdom-td,,2026-09-28
https://hoodyu.itch.io/aaa,,2026-09-28
https://impossible-gamez.itch.io/beanu-tag,,2026-09-28
https://acxaonpixelia.itch.io/custom-cursor-32x32pxl,,2026-09-28
https://retrogames10000.itch.io/orbital-dungeon,,2026-09-28
https://reia100.itch.io/lucky-slot,,2026-09-28
https://robkodev.itch.io/retro-league,,2026-09-28
https://maxc-the-sox.itch.io/battle-of-the-gods,,2026-09-28
https://axiogon.itch.io/bee-cartography,,2026-09-28
https://shaunnortonau.itch.io/one-dam-job,,2026-09-28
https://agmy.itch.io/the-doll-and-the-maker,,2026-09-28
https://f5-project.itch.io/f5-project,,2026-09-28
https://smtve59416.itch.io/friction,,2026-09-28
https://valk03.itch.io/the-little-potion-shop,,2026-09-28
https://gtag12343.itch.io/frost-taggers,,2026-09-28
https://perkygoblin.itch.io/boobs-a-nsfw-classic-roguelike,,2026-09-28
https://level3dork.itch.io/outpost-of-the-beastlords-shaman,,2026-09-28
https://jeff1400.itch.io/motherboard,,2026-09-28
https://toxifox.itch.io/mongomery-mole-adventure-in-digging,,2026-09-28
https://novavritch.itch.io/flux-pro,,2026-09-28
https://perrystopguy.itch.io/perry-beats-the-allegations,,2026-09-28
https://jgesq.itch.io/elbows-up,,2026-09-28
https://keyframeit.itch.io/squid-monster-2d-asset-pack,,2026-09-28
https://sergiovr-123.itch.io/themines,,2026-09-28
https://zahgats7.itch.io/burger-blitz,,2026-09-28
https://cheeseburgerman64yt.itch.io/pls,,2026-09-28
https://keldo83.itch.io/smile,,2026-09-28
https://pocket-arcade.itch.io/hexhold,,2026-09-28
https://dingusthedev.itch.io/eat-apples,,2026-09-28
https://death-chips-official.itch.io/the-wall,,2026-09-28
https://pickpocket-1.itch.io/rift-economy,,2026-09-28
https://igoryakunin.itch.io/barnista,,2026-09-28
https://oddloop42.itch.io/game-child-advance,,2026-09-28
https://avicted.itch.io/grund-engine,,2026-09-28
https://spinfoam-games.itch.io/twisty-little-passages,,2026-09-28
https://trueroledreams.itch.io/silver-nights-crusaders,,2026-09-28
https://oddloop42.itch.io/game-child,,2026-09-28
https://duninhax.itch.io/meteoro,,2026-09-28
https://poltrageese.itch.io/safeinyourcircle,,2026-09-28
https://canvas-mobiles.itch.io/canvas-kingstm,,2026-09-28
https://fshashy.itch.io/flock,,2026-09-28
https://mr-luckyvr.itch.io/monkey-runners,,2026-09-28
https://dbrown1157.itch.io/r-ritual-research,,2026-09-28
https://oddloop42.itch.io/relatives-computer-famicom-inspired-console,,2026-09-28
https://heavytuxx.itch.io/tux-tag,,2026-09-28
https://joeauerbach.itch.io/the-stolen-year,,2026-09-28
https://maybeks-k-dev.itch.io/mge-mod-by-ks-k-dev,,2026-09-28
https://retrogames10000.itch.io/tines-music-box,,2026-09-28
https://sullythemaster1000.itch.io/numberblocks-generator,,2026-09-28
https://decycle.itch.io/bluebun-meadow,,2026-09-28
https://synofplay.itch.io/pixel-art-food-icons-modern-cc0,,2026-09-28
https://davidcooper5309.itch.io/before-the-ash,,2026-09-28
https://topisticada.itch.io/isometric-tileset-kids-room,,2026-09-28
https://haruka-apps-games.itch.io/hatchwood-wireframe-fps,,2026-09-28
https://geekybeardev.itch.io/circle-rush,,2026-09-28
https://russianbot.itch.io/bad-ending,,2026-09-28
https://takuya777.itch.io/the-tragedy-at-maicro-house-will-the-detective-girl-find-a-winning-hand-at-doubt,,2026-09-28
https://noktrafn.itch.io/ball-o-maze,,2026-09-28
https://cerisetalis.itch.io/goat-tower,,2026-09-28
https://retrogames10000.itch.io/garden-tea-party,,2026-09-28
https://mongooseden.itch.io/nova-hawk,,2026-09-28
https://obedh.itch.io/peppermint-roll,,2026-09-28
https://twelthfalco.itch.io/il-patto-dei-due,,2026-09-28
https://retrogames10000.itch.io/tines-musical-terminal,,2026-09-28
https://shake-well-puzzles.itch.io/blackout-library,,2026-09-28
https://subdog.itch.io/go-to-x,,2026-09-28
https://opalescent-puzzles.itch.io/the-isles-of-lady-adelaide,,2026-09-28
https://shminkle.itch.io/sheep-in-wolfs-clothing,,2026-09-28
https://christan-games.itch.io/christain-taggerss,,2026-09-28
https://rallygoat.itch.io/mega-tycoon-aventura-2d,,2026-09-28
https://adolf-reborn-dev.itch.io/nishanus-qwinnis-simulator,,2026-09-28
https://zebrastripes.itch.io/gleepers-shpease,,2026-09-28
https://itapita0.itch.io/rootle,,2026-09-28
https://vore-comics12.itch.io/creature-vore-saga-missadventures-of-a-bountyhunter,,2026-09-28
https://denisn3112.itch.io/sokoban-rule-discovery-paper-puzzle,,2026-09-28
https://jamespullen.itch.io/pullenboy-tanks-gameboy-rom,,2026-09-28
https://darwindevd.itch.io/mz-event-workbench-visual-debugger-v09-beta,,2026-09-28
https://carlosgames.itch.io/zxsuite-coleccion-retro-libre,,2026-09-28
https://alexisguzmann.itch.io/game-ball,,2026-09-28
https://azkogeki.itch.io/neon-ante,,2026-09-28
https://randomite.itch.io/isle-claim,,2026-09-28
https://origin-labs.itch.io/stick-math,,2026-09-28
https://haasio.itch.io/des-rocs-fanzine,,2026-09-28
https://slatfan.itch.io/jerrykart,,2026-09-28
https://project-zero-games.itch.io/projectzero,,2026-09-28
https://darestguy.itch.io/the-normal-house-all-three,,2026-09-28
https://mexiier.itch.io/sprunked-legacy-mexiiers-take,,2026-09-28
https://leon-gagin.itch.io/copyright-wars,,2026-09-28
https://rw1234.itch.io/themushroomgame,,2026-09-28
https://snoopy-the-sniper.itch.io/scratch-heroes-2-villains-arise-playtester-build-1,,2026-09-28
https://w1nderlqnd.itch.io/freaky-fruit-fusion,,2026-09-28
https://kadajah.itch.io/kadajahs-visuallore,,2026-09-28
https://sotunu-1741-2.itch.io/shifted-sotunutake-reuploaded,,2026-09-28
https://retrogames10000.itch.io/the-forsaken-hold,,2026-09-28
https://misho-game.itch.io/skybound-commons,,2026-09-28
https://tiphyloid.itch.io/tkdsost,,2026-09-28
https://yosulman.itch.io/sprout,,2026-09-28
https://showgames-fujii.itch.io/drop-cascade,,2026-09-28
https://hugoruiz-mex.itch.io/mind-in-chain,,2026-09-28
https://dong030.itch.io/dance-of-fox-and-wolf,,2026-09-28
https://dae-audio.itch.io/streamer-gaming-hype-stinger-trapriddim-impact-sfx,,2026-09-28
https://dmstwro.itch.io/blackjack-alphabowser,,2026-09-28
https://studiozalktis.itch.io/lejup,,2026-09-28
https://huangchaosuper.itch.io/minesweeper,,2026-09-28
https://raxeris.itch.io/swarm-buster,,2026-09-28
https://lilithsrpgs.itch.io/sleepless-tide,,2026-09-28
https://retrogames10000.itch.io/kepler-orbital-music,,2026-09-28
https://zonkpolle.itch.io/road-trip,,2026-09-28
https://tepttt123oficial.itch.io/fake-three-reupload-safe-ver,,2026-09-28
https://mathiasrah.itch.io/ixion-continente-proibido,,2026-09-28
https://dannysousa.itch.io/danny-sousa-chapter-2-operation-bob-marley,,2026-09-28
https://fjstudio.itch.io/the-ball,,2026-09-28
https://arugulaz.itch.io/nanochess-logo,,2026-09-28
https://lucaso94.itch.io/earth-viwer,,2026-09-28
https://tryhalls22.itch.io/tarifa-clara,,2026-09-28
https://tcegdevelopmentteam.itch.io/tobidatsu1,,2026-09-28
https://shjuno.itch.io/plus-or-minus,,2026-09-28
https://yocchi09.itch.io/funny-gorilla-rowing-a-wooden-boat-on-the-open-sea,,2026-09-28
https://lilithsrpgs.itch.io/bottled-memory,,2026-09-28
https://dulceskull.itch.io/absolute-devotion,,2026-09-28
https://lilithsrpgs.itch.io/orchard-almanac,,2026-09-28
https://muffintinproductions.itch.io/swarm,,2026-09-28
https://jiviteshdjollygamers.itch.io/surreal-times,,2026-09-28
https://huangchaosuper.itch.io/block-stack,,2026-09-28
https://ponk81.itch.io/horror-music-room,,2026-09-28
https://dein-ra.itch.io/falconrycollar,,2026-09-28
https://theturtlebox.itch.io/the-secret-lake-ambient-jam-4,,2026-09-28
https://lakatrazz.itch.io/beyond-the-kingdom-gates,,2026-09-28
https://plutaooon2.itch.io/26-09-27,,2026-09-28
https://danzeroz.itch.io/spinseq,,2026-09-28
https://apoloapps19-gif.itch.io/free-retro-cafe-sign,,2026-09-28
https://onyx-development.itch.io/hallway,,2026-09-28
https://retrogames10000.itch.io/aster-drift,,2026-09-28
https://grupo79.itch.io/roki-y-los-fragmentos-del-verdegal,,2026-09-28
https://ducktran.itch.io/frame-by-frame,,2026-09-28
https://ecovoltliving.itch.io/earthsheltered-home-architecture-sustainable-building-posters,,2026-09-28
https://usasori-data.itch.io/dungeon-mechanisms,,2026-09-28
https://cloudyheavengames.itch.io/international-capital-city-match-game-a-gdevelop-tutorial,,2026-09-28
https://bloodman1941.itch.io/simple-fantasy-ttrpg,,2026-09-28
https://mari-alpes.itch.io/asteroids-ex06,,2026-09-28
https://welyogamesfw.itch.io/horde-survivors-sfw-edition,,2026-09-28
https://starspangledtycoon.itch.io/star-spangled-tycoon,,2026-09-28
https://dannysousa.itch.io/danny-sousa-chapter-3-ho-busters,,2026-09-28
https://bnunu.itch.io/apollobeta,,2026-09-28
https://yukkuridrug.itch.io/micro-pinball,,2026-09-28
https://fefuxd.itch.io/rato-pedreiro,,2026-09-28
https://kukitothecoloredclover.itch.io/menos3-reupload-phases-1-3-android-port,,2026-09-28
https://dario467.itch.io/coreoverload,,2026-09-28
https://turaion.itch.io/hdt-result-image,,2026-09-28
https://thestickman-18.itch.io/incredibox-perfect,,2026-09-28
https://daniothysoup.itch.io/plantsvsjohnnies,,2026-09-28
https://d9-game-design.itch.io/d9-game-design,,2026-09-28
https://eingorz.itch.io/sztoky,,2026-09-28
https://estona815.itch.io/rain-in-a-teacup,,2026-09-28
https://horlaz.itch.io/pantoversum-nulls,,2026-09-28
https://kingmordred.itch.io/polaroid-collection-vol-1,,2026-09-28
https://nedeulers.itch.io/6-cyberpunk-bosses-phase-1,,2026-09-28
https://darthobsidian.itch.io/fall-beats,,2026-09-28
https://summersinger.itch.io/lucy-the-doll,,2026-09-28
https://sisteminho-mexicano.itch.io/yin-birthday-bash-android-port,,2026-09-28
https://estona815.itch.io/the-bell-of-mercy,,2026-09-28
https://roy-g-rw.itch.io/technical-difficulties,,2026-09-28
https://diffinity.itch.io/titan-breaker,,2026-09-28
https://pepolon2.itch.io/win-her-over-with-curry,,2026-09-28
https://hypercube896.itch.io/emoji-infinite-world-2,,2026-09-28
https://djppappngames.itch.io/escape-the-rat-king,,2026-09-28
https://off-by-one.itch.io/mappings,,2026-09-28
https://cooper1223.itch.io/pulsebound-the-expanse,,2026-09-28
https://jasmineymothhack.itch.io/mosquito-scale,,2026-09-28
https://hyogan.itch.io/flickmaze,,2026-09-28
https://woofhicles.itch.io/projectpicturetaggersmoddedbyjoel,,2026-09-28
https://beeferton.itch.io/payload-protocol,,2026-09-28
https://warlord4145.itch.io/warlords-reach,,2026-09-28
https://io-digital-logic.itch.io/io-digital-logic-simulator,,2026-09-28
https://swan-jp.itch.io/5x5-sushi-creator-pack,,2026-09-28
https://jonescg.itch.io/guardiao-da-mata,,2026-09-28
https://rek88k.itch.io/sinclair,,2026-09-28
https://lilithsrpgs.itch.io/a-vow-in-crimson,,2026-09-28
https://lilithsrpgs.itch.io/heist-for-two,,2026-09-28
https://playiqgames.itch.io/slideiq,,2026-09-28
https://voxellized.itch.io/grafflegame,,2026-09-28
https://moddisms.itch.io/leave-it-behind,,2026-09-28
https://fefuxd.itch.io/yetiski,,2026-09-28
https://fureiza.itch.io/apricorn-club,,2026-09-28
https://excitemike.itch.io/spaghetris,,2026-09-28
https://apoloapps19-gif.itch.io/chispa-free-12-wav,,2026-09-28
https://pedrosolares.itch.io/br101,,2026-09-28
https://raxeris.itch.io/ice-simulator,,2026-09-28
https://derkuiz.itch.io/loko-nejo,,2026-09-28
https://milasoft64.itch.io/stargate-commodore-64,,2026-09-28
https://beifngg1030.itch.io/flappy-big-shot,,2026-09-28
https://nedeulers.itch.io/6-cyberpunk-bosses-phase-2,,2026-09-28
https://apoloapps19-gif.itch.io/chispa-rhythm-sketch,,2026-09-28
https://mitchglitchisdabestg.itch.io/root-cafe,,2026-09-28
https://nmrodeiro.itch.io/lola-retro-2026,,2026-09-28
https://dylancamp.itch.io/scared-by-the-bell-mini-visual-novel,,2026-09-28
https://watergodsprunkis.itch.io/sprenkai-classic,,2026-09-28
https://pixelius-vita.itch.io/cozyworldbundle-godot,,2026-09-28
https://brainrotgamestudio.itch.io/kick-the-gabby,,2026-09-28
https://poutineandhaggis-studios.itch.io/trolley,,2026-09-28
https://christiancarrion.itch.io/picross-forever,,2026-09-28
https://hatness05.itch.io/tinksy,,2026-09-28
https://kusanehexaku.itch.io/s07090462-17,,2026-09-28
https://razzart.itch.io/ceifeiro-de-almas,,2026-09-28
https://boxabeans.itch.io/scaryskeleton,,2026-09-28
https://nedeulers.itch.io/6-cyberpunk-bosses-phase-3,,2026-09-28
https://level3dork.itch.io/the-autumns-lands-primer,,2026-09-28
https://rickyderocher.itch.io/maniac-mansion-famicom-english-hack,,2026-09-28
https://thedimreaper.itch.io/ball-parkour-demo,,2026-09-28
https://y8999y-ops.itch.io/spirit-battle,,2026-09-28
https://feleshafish.itch.io/seal-ordeal,,2026-09-28
https://spritsmodding-hub.itch.io/sillytag,,2026-09-28
https://solmare.itch.io/rala-8,,2026-09-28
https://kellan11.itch.io/astralos,,2026-09-28
https://usasori-data.itch.io/tessarune,,2026-09-28
https://tap1999.itch.io/labyrinth-of-the-last-light,,2026-09-28
https://sybaunesco-games.itch.io/skibidi-andr-the-game-2-pooptake-edition,,2026-09-28
https://sokonimo-ai.itch.io/akari-no-meikyu,,2026-09-28
https://nobulin.itch.io/fatum-sunders,,2026-09-28
https://mitori-mimicria.itch.io/mimicria-vol-4,,2026-09-28
https://merino-kobo.itch.io/undersea-castle,,2026-09-28
https://golimites.itch.io/bezel-break,,2026-09-28
https://sevoondiscord.itch.io/bonbox-chromatic-scales,,2026-09-28
https://top-cat-taggers-dev.itch.io/project-vex-tag-v27,,2026-09-28
https://cowby.itch.io/deforest-station,,2026-09-28
https://pozac.itch.io/japanese-village-farming-top-down-2d-pixel-art-asset-pack,,2026-09-28
https://yocchi09.itch.io/funny-orangutan-walking-in-the-rain-with-an-umbrella,,2026-09-28
https://gustrea1685.itch.io/2dvg,,2026-09-28
https://kritchwort.itch.io/tug-of-rockets,,2026-09-28
https://mcmods.itch.io/fs25-ferrari-laferrari-2014,,2026-09-28
https://rubyboat1207.itch.io/shattered-reflections,,2026-09-28
https://josuevian.itch.io/neoclassical-piano-ambient-ondecorte-seamless-loop,,2026-09-28
https://ubgubg.itch.io/far-from-home,,2026-09-28
https://martycat111.itch.io/froken,,2026-09-28
https://madmarquis.itch.io/sundered-stars,,2026-09-28
https://demivee.itch.io/love-grandma,,2026-09-28
https://opal7253.itch.io/dontgetseen,,2026-09-28
https://darkmatter-11.itch.io/only-rotating,,2026-09-28
https://comshadow.itch.io/modern-plantation-topdown-pixel-art-tileset,,2026-09-28
https://3cattailway.itch.io/fractured-oaths,,2026-09-28
https://comshadow.itch.io/modern-airport-topdown-pixel-art-tileset,,2026-09-28
https://apoloapps19-gif.itch.io/apolo-pixel-fx-free,,2026-09-28
https://comshadow.itch.io/ancient-chinese-yamen-topdown-pixel-art-tileset,,2026-09-28
https://gumpys-doodles.itch.io/farm-or-be-farmed,,2026-09-28
https://littlenoseismybro.itch.io/instant-steelcut,,2026-09-28
https://comshadow.itch.io/medieval-dungeon-topdown-pixel-art-tileset-dlc,,2026-09-28
https://comshadow.itch.io/roman-army-topdown-pixel-art-tileset,,2026-09-28
https://rabzody.itch.io/rabzrunrabz,,2026-09-28
https://gegx.itch.io/demons-cultists,,2026-09-28
https://gegx.itch.io/demons-cultists-free,,2026-09-28
https://beefsupremelatteking.itch.io/hop-little-bunny-hop-hop-hop,,2026-09-28
https://nants00.itch.io/exochem,,2026-09-28
https://iggodepaulo.itch.io/capifriday-night,,2026-09-28
https://retronpc-1.itch.io/chill-tag-v1,,2026-09-28
https://apoloapps19-gif.itch.io/chispa-sfx-forge-free,,2026-09-28
https://s4131440.itch.io/soul-leap,,2026-09-28
https://retrogames10000.itch.io/aster-shoot,,2026-09-28
https://namcojr.itch.io/zx-artworks,,2026-09-28
https://parmitousinteractive.itch.io/farlander-ii,,2026-09-28
https://trst3385.itch.io/mylittleknightgame1120,,2026-09-28
https://fued.itch.io/pixtorio,,2026-09-28
https://devygamesnet.itch.io/benet,,2026-09-28
https://balcarosan-games.itch.io/gunguns-funhouse-open-sourse,,2026-09-28
https://nosorryidk.itch.io/loose-pages,,2026-09-28
https://jamespullen.itch.io/zedaria-gameboy-rom,,2026-09-28
https://srzwtokyo.itch.io/balancepair,,2026-09-28
https://petu317.itch.io/the-deep-end,,2026-09-28
https://feivelqutby.itch.io/tumpuak,,2026-09-28
https://maciki-san.itch.io/namelessblade,,2026-09-28
https://omega-3301.itch.io/mondrian-restoration,,2026-09-28
https://mangames99.itch.io/bray-the-game,,2026-09-28
https://mokok0.itch.io/brick-a-brak,,2026-09-28
https://shotokan-111.itch.io/paraliaki-challenge,,2026-09-28
https://thevisorstoop.itch.io/fashionbwitch,,2026-09-28
https://sanzath.itch.io/aethervitalis,,2026-09-28
https://guithemickeymousefan.itch.io/disney-mickey-dancing,,2026-09-28
https://luislaiza.itch.io/luislaiza,,2026-09-28
https://demi-elgato.itch.io/rascals-versus-robots,,2026-09-28
https://vixybutgames.itch.io/beet-root,,2026-09-28
https://victorcc.itch.io/godot-custom-shadow-texture-use-a-texture-as-a-shadow,,2026-09-28
https://zombdg.itch.io/snek,,2026-09-28
https://pirat28hh.itch.io/kegman,,2026-09-28
https://simishcj.itch.io/aquatic-module-impressions-composing-jam-ambience-4,,2026-09-28
https://w1nderlqnd.itch.io/flippity-floppity,,2026-09-28
https://krnicky.itch.io/stupid-tower,,2026-09-28
https://not-without-text.itch.io/crossers,,2026-09-28
https://jardat75seznamcz.itch.io/hussite-wars,,2026-09-28
https://clashionary.itch.io/clashionary,,2026-09-28
https://totallylime.itch.io/understaffed,,2026-09-28
https://sudosadventures.itch.io/sudos-sherlock-holmes-adventure,,2026-09-28
https://visceral-melon.itch.io/fungi-mutation-backgrounds-free,,2026-09-28
https://logigplay.itch.io/dart-die-trinkhalle,,2026-09-28
https://quick-eyed-sky.itch.io/prankster-pool,,2026-09-28
https://durriyah.itch.io/low-poly-game-assets,,2026-09-28
https://stefanxqxkoy123.itch.io/minimalist-fantasy-chests-pack,,2026-09-28
https://cenjiyt.itch.io/low-poly-fantasy-shields-pack,,2026-09-28
https://wrightspark.itch.io/testing,,2026-09-28
https://xx-henry-xx.itch.io/rows-2026,,2026-09-28
https://retrogames10000.itch.io/blooming-dungeon,,2026-09-28
https://randomguy2150.itch.io/turret-siege,,2026-09-28
https://gabrw.itch.io/udah-siap-belum,,2026-09-28
https://ueber.itch.io/trex-is-coming,,2026-09-28
https://cow-licker.itch.io/pop-quiz,,2026-09-28
https://ryan4237.itch.io/dont-panic-defend,,2026-09-28
https://soundatlas2026.itch.io/sound-atlas-classical,,2026-09-28
https://copper-tunic.itch.io/wavemaker,,2026-09-28
https://yourpunk.itch.io/disposeofthem,,2026-09-28
https://layau.itch.io/pixel-agency-survivors-html5-game-source-code,,2026-09-28
https://retrogames10000.itch.io/aster-sphere,,2026-09-28
https://tonkatsu-no-game.itch.io/girigiri-stop,,2026-09-28
https://designdstudio.itch.io/tidewrack,,2026-09-28
https://micah413.itch.io/night-night-67,,2026-09-28
https://durdyburd.itch.io/wheel-of-desire,,2026-09-28
https://azkogeki.itch.io/voidbound,,2026-09-28
https://clamcreator.itch.io/8ball-pool,,2026-09-28
https://marika-schanz.itch.io/a-bards-tale-medieval-tavern-music-100-human-made,,2026-09-28
https://spicyvns1.itch.io/kingdom-of-aethelgard-the-elemental-stones,,2026-09-28
https://pauglin.itch.io/you-need-therapy,,2026-09-28
https://wonye-0204.itch.io/yulru,,2026-09-28
https://visceral-melon.itch.io/flora-flowers-mushrooms-grass-asset-pack-free,,2026-09-28
https://gpeng.itch.io/paulianas-decision,,2026-09-28
https://ferdianrra.itch.io/capyraft,,2026-09-28
https://earbudzgames.itch.io/br0000,,2026-09-28
https://thechayoscat.itch.io/balloonrush,,2026-09-28
https://perico415.itch.io/the-wolf-man-of-the-underground,,2026-09-28
https://jhseo.itch.io/dont-drop-the-car,,2026-09-28
https://devdecentgamedev.itch.io/e-bike-simple,,2026-09-28
https://horseshoes57.itch.io/farm-actions-cozy-sfx-godot,,2026-09-28
https://imjagpul.itch.io/prompt-excavator,,2026-09-28
https://tacoedits2.itch.io/golds-spooky-terror,,2026-09-28
https://brucelift.itch.io/color-step,,2026-09-28
https://reidgillis.itch.io/pieces-of-victoria,,2026-09-28
https://jaboos.itch.io/star-hop-endless-galaxy,,2026-09-28
https://mrblaze754.itch.io/csgo-fanmade,,2026-09-28
https://sleepysupernova.itch.io/in-the-end,,2026-09-28
https://personality-fragments.itch.io/soulless,,2026-09-28
https://vefects.itch.io/anime-star-vfx-unity-demo,,2026-09-28
https://durdyburd.itch.io/cock-block,,2026-09-28
https://arthursigmal.itch.io/racing-simulator,,2026-09-28
https://retrogames10000.itch.io/tines-constellations,,2026-09-28
https://sakshyamsah.itch.io/engarde,,2026-09-28
https://belmirogaming.itch.io/game-jadoel,,2026-09-28
https://jirka-karasek.itch.io/mole-it,,2026-09-28
https://utilityglen.itch.io/chess,,2026-09-28
https://nitrrose.itch.io/los-tarts,,2026-09-28
https://cularo-games.itch.io/wherever-the-wind-blows,,2026-09-28
https://adjorr.itch.io/truffle-snuffers,,2026-09-28
https://jjcausewhynot.itch.io/sir-yellow,,2026-09-28
https://bobather67.itch.io/shaggy-form-scooby-doo,,2026-09-28
https://drnemo.itch.io/stepping-it-up,,2026-09-28
https://paradox-penguin.itch.io/pareidolia,,2026-09-28
https://marika-schanz.itch.io/dark-wild-west-vol-4-music-pack-100-human,,2026-09-28
https://mechnode.itch.io/mechnode,,2026-09-28
https://samorezz.itch.io/wooden-props,,2026-09-28
https://marixmg.itch.io/fruit-friends-academy-2-mascot-horror,,2026-09-28
https://csh0s.itch.io/s-sweeten-the-ride,,2026-09-28
https://hashmemory.itch.io/suhash,,2026-09-28
https://retrogames10000.itch.io/petri-chamber,,2026-09-28
https://mokurou-art.itch.io/trpg-vn-character-sprite-auburn-hair-college-boy-with-glasses,,2026-09-28
https://kartsev.itch.io/rhythm-rush,,2026-09-28
https://worse-ink.itch.io/two-of-stars,,2026-09-28
https://hexacubeext.itch.io/lost-beans,,2026-09-28
https://ethanwynncoolgames.itch.io/numberblocks-basics-revised-demo,,2026-09-28
https://srzwtokyo.itch.io/recallgrid,,2026-09-28
https://factoryhayel.itch.io/nqab,,2026-09-28
https://kitesarefun.itch.io/quarterlies,,2026-09-28
https://urigame432.itch.io/screw-sorterer,,2026-09-28
https://seanpiatt007.itch.io/the-monarch,,2026-09-28
https://designdstudio.itch.io/night-shift,,2026-09-28
https://mols-art.itch.io/the-descent-home,,2026-09-28
https://mooring.itch.io/deepdrive,,2026-09-28
https://merrrish.itch.io/magicat,,2026-09-28
https://gamesforants.itch.io/lttfmg-jamjar2026,,2026-09-28
https://xenorx.itch.io/krivoy-kotel,,2026-09-28
https://galacticvagabondstudio.itch.io/galactic-vagabond-speed,,2026-09-28
https://ycycyc111.itch.io/kitchen-chaos,,2026-09-28
https://sukimastock.itch.io/orbit-silent-reboot,,2026-09-28
https://gegusasogmailcom.itch.io/parce-racing,,2026-09-28
https://tryagaintyler.itch.io/you-are-a-line-cook-in-a-world-where-maths-is-food-and-foods-is-math,,2026-09-28
https://3efat.itch.io/ball0n,,2026-09-28
https://genesis0311.itch.io/marigold-lane,,2026-09-28
https://youknowgasai.itch.io/rootsplease,,2026-09-28
https://goteflower.itch.io/crystal-jump,,2026-09-28
https://joeytv.itch.io/stars-life,,2026-09-28
https://capichefgnegne.itch.io/mazzard,,2026-09-28
https://dein-ra.itch.io/foxipawscleolatex,,2026-09-28
https://herodraftsgame.itch.io/hero-drafts,,2026-09-28
https://byzitoox-alex.itch.io/cartoon-ui-pack-v2,,2026-09-28
https://dragonperson.itch.io/golden-haze,,2026-09-28
https://xidi11.itch.io/pixo,,2026-09-28
https://wolfie-a-wade.itch.io/its-raining-meatballs,,2026-09-28
https://dev-python3110.itch.io/let-prank-555,,2026-09-28
https://tiny-pause.itch.io/nightclub-security,,2026-09-28
https://sulafat.itch.io/home-daycare-management-toolkit-en-es,,2026-09-28
https://copandpast.itch.io/tempel-escape,,2026-09-28
https://kirbb743.itch.io/vhsbelow,,2026-09-28
https://rgrvdotnl.itch.io/rghakkuh-prologue,,2026-09-28
https://squishdevel.itch.io/bfdir-raid-2,,2026-09-28
https://hikari-ex.itch.io/gloomgrove-spooky-fantasy-forest-platformer-pixel-art-tileset,,2026-09-28
https://chaosflowers.itch.io/happy-birthday-game-26,,2026-09-28
https://duelisgood.itch.io/dungeon-descent,,2026-09-28
https://kusakos.itch.io/microjuke-lo-fi-in-the-corner,,2026-09-28
https://lemonsgaming.itch.io/lulav,,2026-09-28
https://dong030.itch.io/the-smiling-guest,,2026-09-28
https://xxuurruuii.itch.io/lost-speech,,2026-09-28
https://dein-ra.itch.io/akittuexpielatex,,2026-09-28
https://zackwolf-albal.itch.io/tap-to-rescue,,2026-09-28
https://creativitytrove.itch.io/that-fateful-journey,,2026-09-28
https://apexaiassets.itch.io/mystery-caseboard-interaction-kit,,2026-09-28
https://zzlzz617.itch.io/bad-ref,,2026-09-28
https://dark-aliens-studio.itch.io/aetherium-cycle,,2026-09-28
https://abe-games.itch.io/orbit-hop,,2026-09-28
https://fonnesx.itch.io/dvg-promo-ad,,2026-09-28
https://cjoneshevun.itch.io/vegetation-pack-bark-and-trees,,2026-09-28
https://menblock.itch.io/the-art-of-folding,,2026-09-28
https://pyuse.itch.io/night-watch-at-foggy-harbor,,2026-09-28
https://noop-developer.itch.io/noop-basics-the-early-version,,2026-09-28
https://abe-games.itch.io/pulse-guard,,2026-09-28
https://assetsdotfun.itch.io/fantasy-dungeon-pack-01,,2026-09-28
https://yukidnk.itch.io/coin-collector,,2026-09-28
https://joliva.itch.io/wegamewithcara,,2026-09-28
https://komorebi-assets.itch.io/tactile-puzzle-360-sfx,,2026-09-28
https://long-xihai.itch.io/silly-walk-simulator,,2026-09-28
https://godboyhappy.itch.io/terra-earth-nature-spell-vfx,,2026-09-28
https://metamaxct.itch.io/poro-a-poro,,2026-09-28
https://skyberron.itch.io/1k-space-beetles,,2026-09-28
https://tinypaperquest.itch.io/the-smallest-hope-on-earth,,2026-09-28
https://syanaia.itch.io/filebatchstudio,,2026-09-28
https://caspian-flux.itch.io/gloamworn-the-moonshard,,2026-09-28
https://artur3d.itch.io/hi-octane-revived,,2026-09-28
https://meowmatrix.itch.io/the-room-that-remembers,,2026-09-28
https://zapdan-54.itch.io/square-pumpkins,,2026-09-28
https://yamomoto410.itch.io/alice-vs-wonderland,,2026-09-28
https://figure8bit.itch.io/bitemark,,2026-09-28
https://klinger099.itch.io/yaknoc-the-art-of-deception,,2026-09-28
https://rafafer.itch.io/zero-sum-city,,2026-09-28
https://bobather67.itch.io/le-massare,,2026-09-28
https://waufelshurmano.itch.io/wauf,,2026-09-28
https://kingsley-hu-lol.itch.io/no-safe-choice-the-amazon,,2026-09-28
https://gillworks.itch.io/zero-is-hungry,,2026-09-28
https://xwintershieldx.itch.io/crap-fest,,2026-09-28
https://bugbox-games.itch.io/koharu-pass,,2026-09-28
https://dannysousa.itch.io/danny-sousa-chapter-4-gotta-snatch-em-all,,2026-09-28
https://viywolf.itch.io/autumn-treasure-hunt,,2026-09-28
https://konstantin-taro.itch.io/orlean,,2026-09-28
https://rickium.itch.io/constellar,,2026-09-28
https://istmf.itch.io/istmf-1,,2026-09-28
https://tineckoo.itch.io/pokequickrun,,2026-09-28
https://godboyhappy.itch.io/maelstrom-water-tide-spell-vfx,,2026-09-28
https://chaingames.itch.io/run-to-win-playtest-rage-game-playtest,,2026-09-28
https://xxanq.itch.io/behind,,2026-09-28
https://derekduong.itch.io/project-roland-prototype,,2026-09-28
https://lazilydev.itch.io/leaf-raker,,2026-09-28
https://captian-pear.itch.io/pumpkin-spice-rush,,2026-09-28
https://abe-games.itch.io/neon-slalom,,2026-09-28
https://heyheythere.itch.io/pixel-ui-scifi,,2026-09-28
https://snowyrune.itch.io/runescape-leagues-twitch-badges,,2026-09-28
https://meadowtide.itch.io/peace-under-heaven,,2026-09-28
https://davigamer01.itch.io/soma,,2026-09-28
https://heyheythere.itch.io/pixel-ui-scifi-free,,2026-09-28
https://j3rzyc41n3.itch.io/commons-latice,,2026-09-28
https://dzrayanzz.itch.io/chatbot,,2026-09-28
https://momentumvr9-blobby.itch.io/ape-shift-3,,2026-09-28
https://kitelkibork3000.itch.io/yes-i-am-goat,,2026-09-28
https://science-games-lab.itch.io/immune-rush,,2026-09-28
https://cat-cuh.itch.io/armorsimulation,,2026-09-28
https://thewrongjames.itch.io/trovious-library,,2026-09-28
https://levlox-studio.itch.io/prism-surge,,2026-09-28
https://phatti-machine.itch.io/the-all-knowing-encyclopedia-of-weirdness,,2026-09-28
https://natdelnova.itch.io/027-rubiks-runes,,2026-09-28
https://logigplay.itch.io/timeus,,2026-09-28
https://djltr.itch.io/tinsic,,2026-09-28
https://gozoho.itch.io/over-the-wall,,2026-09-28
https://heyheythere.itch.io/spell-fx,,2026-09-28
https://artemosha.itch.io/echoes-of-rust,,2026-09-28
https://karimiti1223.itch.io/gravity-dash,,2026-09-28
https://heyheythere.itch.io/spell-fx-free,,2026-09-28
https://dannysousa.itch.io/danny-sousa-chapter-5-rump-tower-kabul,,2026-09-28
https://davigamer01.itch.io/ia,,2026-09-28
https://sharphin.itch.io/revenge-dev,,2026-09-28
https://kevinkr.itch.io/skylark-flightsim,,2026-09-28
https://hype-sudios.itch.io/project-hype-v1,,2026-09-28
https://bitti-studio.itch.io/bitti-street-vendor-bag-pack,,2026-09-28
https://nikinik2026.itch.io/reversed-phase-9-no-lag,,2026-09-28
https://furkan90x.itch.io/animated-coins-gems-pickups,,2026-09-28
https://donkers.itch.io/holloween-minigame,,2026-09-28
https://shadylabs.itch.io/qube-mobile,,2026-09-28
https://loomille.itch.io/number-puzzles,,2026-09-28
https://radiongames.itch.io/bippyspingpong,,2026-09-28
https://heyheythere.itch.io/pixel-fonts,,2026-09-28
https://adam-tilinger.itch.io/worgen-keep,,2026-09-28
https://heyheythere.itch.io/hearth-pixel-font,,2026-09-28
https://heyheythere.itch.io/mote-pixel-font,,2026-09-28
https://the-man-098.itch.io/iron-will,,2026-09-28
https://heyheythere.itch.io/anvil-pixel-font,,2026-09-28
https://ioannis75.itch.io/dudo-cuantico,,2026-09-28
https://heyheythere.itch.io/quill-pixel-font,,2026-09-28
https://ryoutaso.itch.io/to-the-high,,2026-09-28
https://csscgc2026.itch.io/this-is-an-alien-game,,2026-09-28
https://ishiharaworks.itch.io/blender-beginner-motion-pack-2,,2026-09-28
https://m4kx.itch.io/jump-knight13,,2026-09-28
https://deathyakisoba.itch.io/tsuki,,2026-09-28
https://tanhaicot.itch.io/snake-matrices,,2026-09-28
https://heyheythere.itch.io/weather-overlays,,2026-09-28
https://heyheythere.itch.io/weather-overlays-free,,2026-09-28
https://dannysousa.itch.io/danny-sousa-chapter-6-street-brawler-7,,2026-09-28
https://halofes.itch.io/psx-workshop-tools,,2026-09-28
https://skrunklysparky.itch.io/rootninja,,2026-09-28
https://ishiharaworks.itch.io/blender-beginner-motion-pack-3,,2026-09-28
https://verylukely.itch.io/masterful-miner,,2026-09-28
https://hma988426-droid.itch.io/red-hood,,2026-09-28
https://inkfusionlabs.itch.io/low-poly-horror-props-vol-1,,2026-09-28
https://tyzone.itch.io/ladybugs,,2026-09-28
https://sucary.itch.io/braiding-kart,,2026-09-28
https://jurmen.itch.io/drop-curve-desk,,2026-09-28
https://sodaraptor.itch.io/hypnagogia1,,2026-09-28
https://mestreurubu.itch.io/ultima-porta,,2026-09-28
https://javelfraise.itch.io/yeti,,2026-09-28
https://mestreurubu.itch.io/pack-little-game,,2026-09-28
https://mestreurubu.itch.io/limbo-project-pack-unity-56,,2026-09-28
https://itch.io/jam/110-adventure-game-challenge/rate/5039386,,2026-09-28
https://itch.io/jam/goedware-game-jam-17/rate/5039365,,2026-09-28
https://itch.io/jam/garbage-jam-7/rate/5043425,,2026-09-28
https://itch.io/jam/20260927/rate/5054992,,2026-09-28
https://itch.io/jam/playtest-feedback-exchange-jam-8/rate/5056137,,2026-09-28
https://itch.io/jam/playtest-feedback-exchange-jam-8/rate/5051748,,2026-09-28
https://itch.io/jam/playtest-feedback-exchange-jam-8/rate/5002173,,2026-09-28
https://itch.io/jam/playtest-feedback-exchange-jam-8/rate/4970834,,2026-09-28
https://itch.io/jam/gamelike-jam-011/rate/5002173,,2026-09-28
https://itch.io/jam/genial-game-jam/rate/5056109,,2026-09-28
https://itch.io/jam/gamelike-jam-011/rate/5051748,,2026-09-28
https://itch.io/jam/gamelike-jam-011/rate/4970834,,2026-09-28
https://itch.io/jam/2026-summer-best/rate/5051748,,2026-09-28
https://itch.io/jam/2026-summer-best/rate/4970834,,2026-09-28
https://itch.io/jam/aristos-interactive-jam-8/rate/4926881,,2026-09-28
https://itch.io/jam/seminario-prototipo-unso-semana-4-2026/rate/5016025,,2026-09-28
https://itch.io/jam/rule-discovery-paper-puzzle-game-jam/rate/5056323,,2026-09-28
https://itch.io/jam/coolest-retro-game-jam-az-2/rate/5051424,,2026-09-28
https://itch.io/jam/genial-game-jam/rate/5056038,,2026-09-28
https://itch.io/jam/playtest-feedback-exchange-jam-8/rate/3568345,,2026-09-28
https://itch.io/jam/aristos-interactive-jam-8/rate/5056429,,2026-09-28
https://itch.io/jam/genial-game-jam/rate/5044577,,2026-09-28
https://itch.io/jam/playtest-feedback-exchange-jam-8/rate/5056417,,2026-09-28
https://itch.io/jam/genial-game-jam/rate/5056448,,2026-09-28
https://itch.io/jam/the-aristotle/rate/5055181,,2026-09-28
https://itch.io/jam/genial-game-jam/rate/5056467,,2026-09-28
https://itch.io/jam/itching-for-games-3/rate/2226691,,2026-09-28
https://itch.io/jam/ultimate-ai-powered-game-jam-4/rate/5056511,,2026-09-28
https://itch.io/jam/genial-game-jam/rate/5053683,,2026-09-28
https://itch.io/jam/pico-1k-2026/rate/5056513,,2026-09-28
https://itch.io/jam/110-adventure-game-challenge/rate/5056549,,2026-09-28
https://itch.io/jam/seminario-prototipo-unso-semana-4-2026/rate/5056507,,2026-09-28
https://itch.io/jam/bezi-mega-jam-1/rate/5056531,,2026-09-28
https://itch.io/jam/genial-game-jam/rate/5056393,,2026-09-28
https://itch.io/jam/tiny-hands-jam/rate/5056528,,2026-09-28
https://itch.io/jam/goedware-game-jam-17/rate/5055653,,2026-09-28
https://itch.io/jam/5-year-long-jam/rate/4646162,,2026-09-28
https://itch.io/jam/genial-game-jam/rate/5056527,,2026-09-28
https://itch.io/jam/playtest-feedback-exchange-jam-8/rate/4646162,,2026-09-28
https://itch.io/jam/spooktober-2026/rate/5055979,,2026-09-28
https://itch.io/jam/coffee-jam-2026/rate/5056651,,2026-09-28
https://itch.io/jam/genial-game-jam/rate/5056126,,2026-09-28
https://itch.io/jam/genial-game-jam/rate/5056574,,2026-09-28
https://itch.io/jam/all-in-pixel-jam-2/rate/5056504,,2026-09-28
https://itch.io/jam/spooktober-2026/rate/5049583,,2026-09-28
https://itch.io/jam/game-gauntlet-sim-jam/rate/5038097,,2026-09-28
https://itch.io/jam/one-game-a-month-63/rate/5056675,,2026-09-28
https://itch.io/jam/lost-civilization-jam/rate/5056704,,2026-09-28
https://itch.io/jam/playtest-feedback-exchange-jam-8/rate/5056260,,2026-09-28
https://itch.io/jam/falling-block-jam-2026/rate/5043418,,2026-09-28
https://itch.io/jam/genial-game-jam/rate/5056595,,2026-09-28
https://itch.io/jam/tiny-jam-09-26/rate/5056764,,2026-09-28
https://itch.io/jam/genial-game-jam/rate/5056636,,2026-09-28
https://itch.io/jam/playtest-feedback-exchange-jam-8/rate/5056749,,2026-09-28
https://itch.io/jam/genial-game-jam/rate/5055651,,2026-09-28
https://itch.io/jam/genial-game-jam/rate/5056608,,2026-09-28
https://itch.io/jam/genial-game-jam/rate/5056698,,2026-09-28
https://itch.io/jam/mini-jam-220-crystal/rate/5056690,,2026-09-28
https://itch.io/jam/falling-block-jam-2026/rate/5053507,,2026-09-28
https://itch.io/jam/110-adventure-game-challenge/rate/5056654,,2026-09-28
https://itch.io/jam/genial-game-jam/rate/5056769,,2026-09-28
https://itch.io/jam/weeksauce-57/rate/5056912,,2026-09-28
https://itch.io/jam/genial-game-jam/rate/5056883,,2026-09-28
https://itch.io/jam/genial-game-jam/rate/5056868,,2026-09-28
https://itch.io/jam/genial-game-jam/rate/5052428,,2026-09-28
https://itch.io/jam/mini-jam-220-crystal/rate/5056601,,2026-09-28
https://itch.io/jam/genial-game-jam/rate/5056980,,2026-09-28
https://itch.io/jam/genial-game-jam/rate/5056950,,2026-09-28
https://itch.io/jam/rule-discovery-paper-puzzle-game-jam/rate/5057001,,2026-09-28
https://itch.io/jam/genial-game-jam/rate/5057000,,2026-09-28
https://itch.io/jam/genial-game-jam/rate/5056942,,2026-09-28
https://itch.io/jam/genial-game-jam/rate/5054162,,2026-09-28
https://itch.io/jam/seminario-prototipo-unso-semana-4-2026/rate/5056994,,2026-09-28
https://itch.io/jam/genial-game-jam/rate/5056459,,2026-09-28
https://itch.io/jam/genial-game-jam/rate/5055048,,2026-09-28
https://itch.io/jam/accountability-jam-september-2026/rate/5057022,,2026-09-28
https://itch.io/jam/genial-game-jam/rate/5057004,,2026-09-28
https://itch.io/jam/seminario-prototipo-unso-semana-4-2026/rate/5057045,,2026-09-28
https://itch.io/jam/genial-game-jam/rate/5056902,,2026-09-28
https://itch.io/jam/genial-game-jam/rate/5056767,,2026-09-28
https://itch.io/jam/genial-game-jam/rate/5056884,,2026-09-28
https://itch.io/jam/genial-game-jam/rate/5056958,,2026-09-28
https://itch.io/jam/genial-game-jam/rate/5056336,,2026-09-28
https://itch.io/jam/genial-game-jam/rate/5052756,,2026-09-28
https://itch.io/jam/genial-game-jam/rate/5057053,,2026-09-28
https://itch.io/jam/dtj36-30/rate/5057034,,2026-09-28
https://itch.io/jam/genial-game-jam/rate/5056921,,2026-09-28
https://itch.io/jam/genial-game-jam/rate/5057039,,2026-09-28
https://itch.io/jam/genial-game-jam/rate/5049911,,2026-09-28
https://itch.io/jam/genial-game-jam/rate/5056838,,2026-09-28
https://itch.io/jam/barcosa-dungeon-synth-gamejam/rate/5057065,,2026-09-28
https://itch.io/jam/genial-game-jam/rate/5028497,,2026-09-28
https://itch.io/jam/genial-game-jam/rate/5033435,,2026-09-28
https://itch.io/jam/genial-game-jam/rate/5056893,,2026-09-28
https://itch.io/jam/genial-game-jam/rate/5057050,,2026-09-28
https://itch.io/jam/genial-game-jam/rate/5057059,,2026-09-28
https://itch.io/jam/dtj36-30/rate/5057042,,2026-09-28
https://itch.io/jam/rule-discovery-paper-puzzle-game-jam/rate/5043556,,2026-09-28
https://itch.io/jam/alberta-game-jam-2026/rate/5057145,,2026-09-28
https://itch.io/jam/the-aristotle/rate/5057152,,2026-09-28
https://itch.io/jam/garbage-jam-7/rate/5057145,,2026-09-28
https://itch.io/jam/rule-discovery-paper-puzzle-game-jam/rate/5057169,,2026-09-28
https://itch.io/jam/music-travel-rpg/rate/5057213,,2026-09-28
https://itch.io/jam/portfolio-builders-jam-week-91/rate/5057145,,2026-09-28
https://itch.io/jam/life-skills-jam/rate/5057151,,2026-09-28
https://itch.io/jam/garbage-jam-7/rate/5057241,,2026-09-28
https://itch.io/jam/game-jam-des-puys-2026/rate/5057249,,2026-09-28
https://itch.io/jam/cozy-fall-jam-2026/rate/5057178,,2026-09-28
https://itch.io/jam/cozy-fall-jam-2026/rate/5057195,,2026-09-28
https://itch.io/jam/puzzle-games-gg/rate/5057298,,2026-09-28
https://itch.io/jam/genial-game-jam/rate/5053758,,2026-09-28
https://itch.io/jam/trijam-391/rate/5057370,,2026-09-28
https://itch.io/jam/genial-game-jam/rate/5057383,,2026-09-28
https://itch.io/jam/cozy-fall-jam-2026/rate/5055434,,2026-09-28
https://itch.io/jam/gdex-game-jam-2026/rate/5030318,,2026-09-28
https://itch.io/jam/genial-game-jam/rate/5057409,,2026-09-28
https://itch.io/jam/genial-game-jam/rate/5057392,,2026-09-28
https://itch.io/jam/weekly-note-music-composing-jam-53/rate/5057415,,2026-09-28
https://itch.io/jam/cozy-fall-jam-2026/rate/5057415,,2026-09-28
https://itch.io/jam/goedware-game-jam-17/rate/5057415,,2026-09-28
https://itch.io/jam/coolest-retro-game-jam-az-2/rate/5044101,,2026-09-28
https://itch.io/jam/garbage-jam-7/rate/5057488,,2026-09-28
https://itch.io/jam/music-travel-rpg/rate/5057536,,2026-09-28
https://itch.io/jam/filipino-horror-game-jam-2026/rate/5057525,,2026-09-28
https://itch.io/jam/goedware-game-jam-17/rate/5057479,,2026-09-28
https://itch.io/jam/google-slides-jam/rate/5050515,,2026-09-28
https://itch.io/jam/olc-codejam-2026/rate/5057391,,2026-09-28
https://itch.io/jam/genial-game-jam/rate/5057420,,2026-09-28
https://itch.io/jam/genial-game-jam/rate/5057390,,2026-09-28
https://itch.io/jam/twine-only-a-story-in-mail/rate/5057622,,2026-09-28
https://itch.io/jam/cozy-fall-jam-2026/rate/5057585,,2026-09-28
https://itch.io/jam/rule-discovery-paper-puzzle-game-jam/rate/5057676,,2026-09-28
https://itch.io/jam/kiosune-studio-jam-1/rate/5057671,,2026-09-28
https://itch.io/jam/impressions-composing-jam-ambience-4/rate/5037335,,2026-09-28
https://itch.io/jam/garbage-jam-7/rate/5057632,,2026-09-28
https://itch.io/jam/itching-for-games-3/rate/3993769,,2026-09-28
https://itch.io/jam/quantum-game-jam-2026/rate/5057939,,2026-09-28
https://itch.io/jam/spooktober-2026/rate/5057942,,2026-09-28
https://itch.io/jam/lame-jam-67/rate/5057415,,2026-09-28
https://itch.io/jam/hawktoberhorrors2026/rate/5057942,,2026-09-28
https://itch.io/jam/genial-game-jam/rate/5057016,,2026-09-28
https://itch.io/jam/cozy-fall-jam-2026/rate/5057942,,2026-09-28
https://itch.io/jam/impressions-composing-jam-ambience-4/rate/5057931,,2026-09-28
https://itch.io/jam/tranki-jam-1/rate/5032022,,2026-09-28
https://itch.io/jam/mini-jam-220-crystal/rate/5057953,,2026-09-28
https://itch.io/jam/dtj36-30/rate/5057957,,2026-09-28
https://itch.io/jam/trijam-391/rate/5057974,,2026-09-28
https://itch.io/jam/falling-block-jam-2026/rate/5058045,,2026-09-28
https://itch.io/jam/spooktober-2026/rate/5053850,,2026-09-28
https://itch.io/jam/mini-jam-220-crystal/rate/5058189,,2026-09-28
https://itch.io/jam/rule-discovery-paper-puzzle-game-jam/rate/5058131,,2026-09-28
https://itch.io/jam/impressions-composing-jam-ambience-4/rate/5058088,,2026-09-28
https://itch.io/jam/brosjam1/rate/5015803,,2026-09-28
https://itch.io/jam/twine-only-a-story-in-mail/rate/5058253,,2026-09-28
https://itch.io/jam/hawktoberhorrors2026/rate/5040043,,2026-09-28
https://itch.io/jam/spooktober-2026/rate/5058255,,2026-09-28
https://itch.io/jam/lame-jam-67/rate/5058283,,2026-09-28
https://itch.io/jam/rule-discovery-paper-puzzle-game-jam/rate/5058386,,2026-09-28
https://itch.io/jam/rule-discovery-paper-puzzle-game-jam/rate/5058365,,2026-09-28
https://itch.io/jam/impressions-composing-jam-ambience-4/rate/5057887,,2026-09-28
https://itch.io/jam/goedware-game-jam-17/rate/5058166,,2026-09-28
https://itch.io/jam/interactive-fiction-showcase-2026/rate/5053848,,2026-09-28
https://itch.io/jam/interactive-fiction-showcase-2026/rate/5056275,,2026-09-28
https://itch.io/jam/trigamedev-monthly-game-jam-8/rate/5058440,,2026-09-28
https://itch.io/jam/cozy-fall-jam-2026/rate/5058571,,2026-09-28
https://itch.io/jam/interactive-fiction-showcase-2026/rate/4172251,,2026-09-28
https://itch.io/jam/falling-block-jam-2026/rate/5045556,,2026-09-28
https://itch.io/jam/dtj36-30/rate/5058582,,2026-09-28
https://itch.io/jam/game-gauntlet-sim-jam/rate/5055410,,2026-09-28
https://itch.io/jam/olc-codejam-2026/rate/5053973,,2026-09-28
https://itch.io/jam/cozy-fall-jam-2026/rate/5058710,,2026-09-28
https://itch.io/jam/interactive-fiction-showcase-2026/rate/4530458,,2026-09-28
https://itch.io/jam/rule-discovery-paper-puzzle-game-jam/rate/5058759,,2026-09-28
https://itch.io/jam/goedware-game-jam-17/rate/5058808,,2026-09-28
https://itch.io/jam/underwater-jam/rate/5057386,,2026-09-28
https://itch.io/jam/interactive-fiction-showcase-2026/rate/5049702,,2026-09-28
https://itch.io/jam/hawktoberhorrors2026/rate/5033744,,2026-09-28
https://itch.io/jam/goedware-game-jam-17/rate/5058756,,2026-09-28
https://itch.io/jam/feria-del-libro-game-jam-1-la-pampa/rate/5058715,,2026-09-28
https://itch.io/jam/thefnaffangamejam2026/rate/5033744,,2026-09-28
https://itch.io/jam/bezi-mega-jam-1/rate/5042756,,2026-09-28
https://itch.io/jam/one-game-a-month-63/rate/5033744,,2026-09-28
https://itch.io/jam/grc-game-jam/rate/5033744,,2026-09-28
https://itch.io/jam/impressions-composing-jam-ambience-4/rate/5058897,,2026-09-28
https://itch.io/jam/bezi-mega-jam-1/rate/5056129,,2026-09-28
https://itch.io/jam/twine-only-a-story-in-mail/rate/5058939,,2026-09-28
https://itch.io/jam/cozy-fall-jam-2026/rate/4945400,,2026-09-28
https://itch.io/jam/playtest-feedback-exchange-jam-8/rate/5058944,,2026-09-28
https://itch.io/jam/quantum-game-jam-2026/rate/5052681,,2026-09-28
https://itch.io/jam/la-mermelada-de-seppu-rnr-2026/rate/5058938,,2026-09-28
https://itch.io/jam/impressions-composing-jam-ambience-4/rate/5007973,,2026-09-28
https://itch.io/jam/decadejam/rate/5052681,,2026-09-28
https://itch.io/jam/5-year-long-jam/rate/5052681,,2026-09-28
https://itch.io/jam/bezi-mega-jam-1/rate/5052681,,2026-09-28
https://itch.io/jam/finish-your-nsfw-project-2026-q3/rate/5055520,,2026-09-28
https://itch.io/jam/spooktober-2026/rate/5058976,,2026-09-28
https://itch.io/jam/hawktoberhorrors2026/rate/4995630,,2026-09-28
https://itch.io/jam/rule-discovery-paper-puzzle-game-jam/rate/5058995,,2026-09-28
https://itch.io/jam/pico-1k-2026/rate/5058892,,2026-09-28
https://itch.io/jam/coolest-retro-game-jam-az-2/rate/5058758,,2026-09-28
https://itch.io/jam/out-of-boredom-raldi-game-jam-iii-holy-fuck/rate/5059101,,2026-09-28
https://itch.io/jam/very-disco-game-jam-2026-3/rate/5055339,,2026-09-28
https://itch.io/jam/dtj36-30/rate/5059117,,2026-09-28
https://itch.io/jam/sgda-fall/rate/5059145,,2026-09-28
https://itch.io/jam/kiosune-studio-jam-1/rate/5056724,,2026-09-28
https://itch.io/jam/falling-block-jam-2026/rate/5058902,,2026-09-28
https://itch.io/jam/digital-pet-jam/rate/5058902,,2026-09-28
https://itch.io/jam/impressions-composing-jam-ambience-4/rate/5059160,,2026-09-28
https://itch.io/jam/falling-block-jam-2026/rate/5052826,,2026-09-28
https://itch.io/jam/impressions-composing-jam-ambience-4/rate/5059257,,2026-09-28
https://itch.io/jam/rule-discovery-paper-puzzle-game-jam/rate/5059301,,2026-09-28
https://itch.io/jam/2026-jam/rate/5052333,,2026-09-28
https://itch.io/jam/rule-discovery-paper-puzzle-game-jam/rate/5059252,,2026-09-28
https://itch.io/jam/rule-discovery-paper-puzzle-game-jam/rate/5059297,,2026-09-28
https://itch.io/jam/godot-xr-game-jam-sep-2026/rate/5058796,,2026-09-28
https://itch.io/jam/feria-del-libro-game-jam-1-la-pampa/rate/5059163,,2026-09-28
https://itch.io/jam/game-jam-des-puys-2026/rate/5059364,,2026-09-28
https://itch.io/jam/cozy-fall-jam-2026/rate/5059332,,2026-09-28
https://itch.io/jam/aristos-interactive-jam-8/rate/5059326,,2026-09-28
https://itch.io/jam/impressions-composing-jam-ambience-4/rate/5059343,,2026-09-28
https://itch.io/jam/cozy-fall-jam-2026/rate/5059389,,2026-09-28
https://itch.io/jam/playtest-feedback-exchange-jam-8/rate/5059431,,2026-09-28
https://itch.io/jam/jamathon26/rate/5001306,,2026-09-28
https://itch.io/jam/weekly-note-music-composing-jam-53/rate/5059460,,2026-09-28
https://itch.io/jam/cozy-fall-jam-2026/rate/5054707,,2026-09-28
https://itch.io/jam/cozy-fall-jam-2026/rate/5059426,,2026-09-28
https://itch.io/jam/vgdo-creative-jam-fall-2026/rate/5059218,,2026-09-28
https://itch.io/jam/rule-discovery-paper-puzzle-game-jam/rate/5059304,,2026-09-28
https://itch.io/jam/scratch-game-jam-23/rate/5059403,,2026-09-28
https://itch.io/jam/spooktober-2026/rate/5033744,,2026-09-28
https://itch.io/jam/5-year-long-jam/rate/5033744,,2026-09-28
https://itch.io/jam/110-adventure-game-challenge/rate/5033744,,2026-09-28
https://itch.io/jam/lame-jam-67/rate/5033744,,2026-09-28
https://itch.io/jam/playtest-feedback-exchange-jam-8/rate/5058958,,2026-09-28
https://itch.io/jam/spooktober-2026/rate/4962419,,2026-09-28
https://itch.io/jam/transmasc-protag-2026/rate/5059519,,2026-09-28
https://itch.io/jam/cozy-fall-jam-2026/rate/5059449,,2026-09-28
https://itch.io/jam/impressions-composing-jam-ambience-4/rate/5059559,,2026-09-28
https://itch.io/jam/rule-discovery-paper-puzzle-game-jam/rate/5059344,,2026-09-28
https://itch.io/jam/playtest-feedback-exchange-jam-8/rate/5033744,,2026-09-28
https://itch.io/jam/take-your-time/rate/5033744,,2026-09-28
https://itch.io/jam/trijam-391/rate/5059265,,2026-09-28
https://itch.io/jam/rule-discovery-paper-puzzle-game-jam/rate/5059600,,2026-09-28
https://itch.io/jam/olc-codejam-2026/rate/5059616,,2026-09-28
https://itch.io/jam/igda-njit-f26-jam/rate/5059536,,2026-09-28
https://itch.io/jam/quantum-game-jam-2026/rate/5058770,,2026-09-28
https://itch.io/jam/gdex-game-jam-2026/rate/5031667,,2026-09-28
https://itch.io/jam/anything-jam-2026/rate/5051680,,2026-09-28
https://itch.io/jam/rpg-maker-horror-game-jam-annual-edition-2026/rate/5059686,,2026-09-28
https://itch.io/jam/kindling-jam/rate/5057729,,2026-09-28
https://itch.io/jam/rule-discovery-paper-puzzle-game-jam/rate/5059699,,2026-09-28
https://itch.io/jam/rule-discovery-paper-puzzle-game-jam/rate/5057940,,2026-09-28
https://itch.io/jam/cozy-fall-jam-2026/rate/5059682,,2026-09-28
https://itch.io/jam/cozy-fall-jam-2026/rate/5059661,,2026-09-28
https://itch.io/jam/mini-jam-220-crystal/rate/5059050,,2026-09-28
https://itch.io/jam/twine-only-a-story-in-mail/rate/5059744,,2026-09-28
https://itch.io/jam/jam-jar-2026/rate/5059745,,2026-09-28
https://itch.io/jam/garbage-jam-7/rate/5042682,,2026-09-28
https://itch.io/jam/falling-block-jam-2026/rate/5038971,,2026-09-28
https://itch.io/jam/rule-discovery-paper-puzzle-game-jam/rate/5059816,,2026-09-28
https://itch.io/jam/godot-xr-game-jam-sep-2026/rate/5053468,,2026-09-28
https://itch.io/jam/falling-block-jam-2026/rate/5059752,,2026-09-28
https://itch.io/jam/spooktober-2026/rate/5059787,,2026-09-28
https://itch.io/jam/sgda-fall/rate/5059329,,2026-09-28
https://itch.io/jam/sgda-fall/rate/5059689,,2026-09-28
https://itch.io/jam/twine-only-a-story-in-mail/rate/5059719,,2026-09-28
https://itch.io/jam/rule-discovery-paper-puzzle-game-jam/rate/5054626,,2026-09-28
https://itch.io/jam/cozy-fall-jam-2026/rate/5049297,,2026-09-28
https://itch.io/jam/sgda-fall/rate/5059868,,2026-09-28
https://itch.io/jam/feria-del-libro-game-jam-1-la-pampa/rate/5059749,,2026-09-28
https://itch.io/jam/garbage-jam-7/rate/5055021,,2026-09-28
https://itch.io/jam/sgda-fall/rate/5059591,,2026-09-28
https://itch.io/jam/sgda-fall/rate/5059560,,2026-09-28
https://itch.io/jam/sgda-fall/rate/5059910,,2026-09-28
https://itch.io/jam/playtest-feedback-exchange-jam-8/rate/5059930,,2026-09-28
https://itch.io/jam/sgda-fall/rate/5059919,,2026-09-28
https://itch.io/jam/cozy-fall-jam-2026/rate/5055090,,2026-09-28
https://itch.io/jam/sgda-fall/rate/5039065,,2026-09-28
https://itch.io/jam/sgda-fall/rate/5059951,,2026-09-28
https://itch.io/jam/sgda-fall/rate/5059111,,2026-09-28
https://itch.io/jam/sgda-fall/rate/5058870,,2026-09-28
https://itch.io/jam/bezi-mega-jam-1/rate/5056694,,2026-09-28
https://itch.io/jam/sgda-fall/rate/5059981,,2026-09-28
https://itch.io/jam/sgda-fall/rate/5059987,,2026-09-28
https://itch.io/jam/sgda-fall/rate/5059984,,2026-09-28
https://itch.io/jam/twine-only-a-story-in-mail/rate/5059986,,2026-09-28
https://itch.io/jam/sgda-fall/rate/5060005,,2026-09-28
https://itch.io/jam/bezi-mega-jam-1/rate/5027709,,2026-09-28
https://itch.io/jam/very-disco-game-jam-2026-3/rate/5050759,,2026-09-28
https://itch.io/jam/cozy-fall-jam-2026/rate/5056523,,2026-09-28
https://itch.io/jam/coolest-retro-game-jam-az-2/rate/4995542,,2026-09-28
https://itch.io/jam/rule-discovery-paper-puzzle-game-jam/rate/5059990,,2026-09-28
https://itch.io/jam/texas-game-jam-2026/rate/5059949,,2026-09-28
https://itch.io/jam/bezi-mega-jam-1/rate/5036182,,2026-09-28
https://itch.io/jam/ms-tres/rate/4961973,,2026-09-28
https://itch.io/jam/cozy-fall-jam-2026/rate/5060023,,2026-09-28
https://itch.io/jam/rule-discovery-paper-puzzle-game-jam/rate/5060121,,2026-09-28
https://itch.io/jam/rule-discovery-paper-puzzle-game-jam/rate/5060056,,2026-09-28
https://itch.io/jam/kiosune-studio-jam-1/rate/5017962,,2026-09-28
https://itch.io/jam/rule-discovery-paper-puzzle-game-jam/rate/5060172,,2026-09-28
https://itch.io/jam/playtest-feedback-exchange-jam-8/rate/5060138,,2026-09-28
https://itch.io/jam/the-autumn-harvest-new-creators-ttrpg-bundle/rate/4964306,,2026-09-28
https://itch.io/jam/cozy-fall-jam-2026/rate/5060194,,2026-09-28
https://itch.io/jam/alberta-game-jam-2026/rate/5050863,,2026-09-28
https://itch.io/jam/rule-discovery-paper-puzzle-game-jam/rate/5060223,,2026-09-28
https://itch.io/jam/untitled-game-jam-133/rate/5048328,,2026-09-28
https://itch.io/jam/rpg-maker-rtp-challenge-1/rate/5055071,,2026-09-28
https://itch.io/jam/minimalist-ttrpg-jam-5/rate/5060188,,2026-09-28
https://itch.io/jam/rule-discovery-paper-puzzle-game-jam/rate/5060290,,2026-09-28
https://itch.io/jam/goedware-game-jam-17/rate/5059975,,2026-09-28
https://itch.io/jam/falling-block-jam-2026/rate/5060291,,2026-09-28
https://itch.io/jam/rule-discovery-paper-puzzle-game-jam/rate/5060152,,2026-09-28
https://itch.io/jam/bezi-mega-jam-1/rate/4835735,,2026-09-28
https://itch.io/jam/indiepocalypse-issue-83-paying-anthology/rate/5059844,,2026-09-28
https://itch.io/jam/garbage-jam-7/rate/5060310,,2026-09-28
https://itch.io/jam/bezi-mega-jam-1/rate/5055087,,2026-09-28
https://itch.io/jam/impressions-composing-jam-ambience-4/rate/5060213,,2026-09-28
https://itch.io/jam/cozy-fall-jam-2026/rate/5060313,,2026-09-28
https://itch.io/jam/game-jam-ostrava-2026-podzim/rate/5060282,,2026-09-28
https://itch.io/jam/bezi-mega-jam-1/rate/5060237,,2026-09-28
https://itch.io/jam/game-jam-ostrava-2026-podzim/rate/5059761,,2026-09-28
https://itch.io/jam/game-jam-ostrava-2026-podzim/rate/5058390,,2026-09-28
https://itch.io/jam/game-jam-ostrava-2026-podzim/rate/5057219,,2026-09-28
https://itch.io/jam/cozy-fall-jam-2026/rate/5058947,,2026-09-28
https://itch.io/jam/playtest-feedback-exchange-jam-8/rate/4007510,,2026-09-28
https://itch.io/jam/2026-jam/rate/4582615,,2026-09-28
https://itch.io/jam/alberta-game-jam-2026/rate/5059664,,2026-09-28
https://itch.io/jam/planet-game-jam-19/rate/5060359,,2026-09-28
https://itch.io/jam/cozy-fall-jam-2026/rate/5060308,,2026-09-28
https://itch.io/jam/very-disco-game-jam-2026-3/rate/5060387,,2026-09-28
https://itch.io/jam/yandereloversdelightjam/rate/4884235,,2026-09-28
https://itch.io/jam/game-jam-ostrava-2026-podzim/rate/5060478,,2026-09-28
https://itch.io/jam/cozy-fall-jam-2026/rate/5060295,,2026-09-28
https://itch.io/jam/game-jam-ostrava-2026-podzim/rate/5059654,,2026-09-28
https://itch.io/jam/trijam-391/rate/5060433,,2026-09-28
https://itch.io/jam/game-jam-ostrava-2026-podzim/rate/5059658,,2026-09-28
https://itch.io/jam/twine-only-a-story-in-mail/rate/5057320,,2026-09-28
https://itch.io/jam/cozy-fall-jam-2026/rate/5050845,,2026-09-28
https://itch.io/jam/rule-discovery-paper-puzzle-game-jam/rate/5060545,,2026-09-28
https://itch.io/jam/bezi-mega-jam-1/rate/5042303,,2026-09-28
https://itch.io/jam/lame-jam-67/rate/5055861,,2026-09-28
https://itch.io/jam/texas-game-jam-2026/rate/5060446,,2026-09-28
https://itch.io/jam/garbage-jam-7/rate/5060564,,2026-09-28
https://itch.io/jam/rule-discovery-paper-puzzle-game-jam/rate/5052982,,2026-09-28
https://itch.io/jam/game-jam-ostrava-2026-podzim/rate/5060372,,2026-09-28
https://itch.io/jam/dtj36-30/rate/5060548,,2026-09-28
https://itch.io/jam/twine-only-a-story-in-mail/rate/5060579,,2026-09-28
https://itch.io/jam/rule-discovery-paper-puzzle-game-jam/rate/5054738,,2026-09-28
https://itch.io/jam/rule-discovery-paper-puzzle-game-jam/rate/5054387,,2026-09-28
https://itch.io/jam/jam-jar-2026/rate/5060617,,2026-09-28
https://itch.io/jam/cozy-fall-jam-2026/rate/5060599,,2026-09-28
https://itch.io/jam/twine-only-a-story-in-mail/rate/5060426,,2026-09-28
https://itch.io/jam/very-disco-game-jam-2026-3/rate/5060136,,2026-09-28
https://itch.io/jam/olc-codejam-2026/rate/5060626,,2026-09-28
https://itch.io/jam/110-adventure-game-challenge/rate/4989947,,2026-09-28
https://itch.io/jam/110-adventure-game-challenge/rate/4190102,,2026-09-28
https://itch.io/jam/godot-xr-game-jam-sep-2026/rate/4190102,,2026-09-28
https://itch.io/jam/goose-jam-3/rate/5056570,,2026-09-28
https://itch.io/jam/game-jam-ostrava-2026-podzim/rate/5060413,,2026-09-28
https://itch.io/jam/cozy-fall-jam-2026/rate/5050828,,2026-09-28
https://itch.io/jam/52-seven-of-hearts/rate/4989947,,2026-09-28
https://itch.io/jam/twine-only-a-story-in-mail/rate/5060701,,2026-09-28
https://itch.io/jam/falling-block-jam-2026/rate/5060653,,2026-09-28
https://itch.io/jam/indiepocalypse-issue-83-paying-anthology/rate/4989947,,2026-09-28
https://itch.io/jam/indiepocalypse-issue-83-paying-anthology/rate/4190102,,2026-09-28
https://itch.io/jam/cozy-fall-jam-2026/rate/5060637,,2026-09-28
https://itch.io/jam/itching-for-games-3/rate/4989947,,2026-09-28
https://itch.io/jam/itching-for-games-3/rate/4190102,,2026-09-28
https://itch.io/jam/mini-jam-220-crystal/rate/5060615,,2026-09-28
https://itch.io/jam/helix-jam-money-edition/rate/4989947,,2026-09-28
https://itch.io/jam/helix-jam-money-edition/rate/4190102,,2026-09-28
https://itch.io/jam/mini-jam-220-crystal/rate/5060672,,2026-09-28
https://itch.io/jam/game-jam-ostrava-2026-podzim/rate/5060342,,2026-09-28
https://itch.io/jam/filipino-horror-game-jam-2026/rate/4190102,,2026-09-28
https://itch.io/jam/game-jam-ostrava-2026-podzim/rate/5060322,,2026-09-28
https://itch.io/jam/goedware-game-jam-17/rate/5052022,,2026-09-28
https://itch.io/jam/game-jam-ostrava-2026-podzim/rate/5051502,,2026-09-28
https://itch.io/jam/dtj36-30/rate/5060177,,2026-09-28
https://itch.io/jam/cozy-fall-jam-2026/rate/5060671,,2026-09-28
https://itch.io/jam/cozy-fall-jam-2026/rate/5059784,,2026-09-28
https://itch.io/jam/scifanjam/rate/4531150,,2026-09-28
https://itch.io/jam/cozy-fall-jam-2026/rate/5060706,,2026-09-28
https://itch.io/jam/wgf2026/rate/5060701,,2026-09-28
https://itch.io/jam/interactive-fiction-showcase-2026/rate/5060701,,2026-09-28
https://itch.io/jam/torture-jam/rate/5060737,,2026-09-28
https://itch.io/jam/kindling-jam/rate/5060676,,2026-09-28
https://itch.io/jam/bezi-mega-jam-1/rate/5060731,,2026-09-28
https://itch.io/jam/rule-discovery-paper-puzzle-game-jam/rate/5060782,,2026-09-28
https://itch.io/jam/very-disco-game-jam-2026-3/rate/5060307,,2026-09-28
https://itch.io/jam/spooktober-2026/rate/4910095,,2026-09-28
https://itch.io/jam/eternal-ttrpg-jam-september-2026-blood-water/rate/5060811,,2026-09-28
https://itch.io/jam/falling-block-jam-2026/rate/5060712,,2026-09-28
https://itch.io/jam/what-are-you-afraid-of-/rate/4884235,,2026-09-28
https://itch.io/jam/texas-game-jam-2026/rate/5055349,,2026-09-28
https://itch.io/jam/very-disco-game-jam-2026-3/rate/5060789,,2026-09-28
https://itch.io/jam/all-in-pixel-jam-2/rate/5054876,,2026-09-28
https://itch.io/jam/cozy-fall-jam-2026/rate/5058980,,2026-09-28
https://itch.io/jam/godot-xr-game-jam-sep-2026/rate/5060489,,2026-09-28
https://itch.io/jam/rule-discovery-paper-puzzle-game-jam/rate/5060942,,2026-09-28
https://itch.io/jam/coffee-jam-2026/rate/5053578,,2026-09-28
https://itch.io/jam/rule-discovery-paper-puzzle-game-jam/rate/5060951,,2026-09-28
https://itch.io/jam/pico-1k-2026/rate/5060907,,2026-09-28
https://itch.io/jam/bezi-mega-jam-1/rate/5060106,,2026-09-28
https://itch.io/jam/rule-discovery-paper-puzzle-game-jam/rate/5060996,,2026-09-28
https://itch.io/jam/rule-discovery-paper-puzzle-game-jam/rate/5061023,,2026-09-28
https://itch.io/jam/quantum-game-jam-2026/rate/5057393,,2026-09-28
https://itch.io/jam/cozy-fall-jam-2026/rate/5060986,,2026-09-28
https://itch.io/jam/one-game-a-month-63/rate/5055861,,2026-09-28
https://itch.io/jam/cyg-13/rate/5055861,,2026-09-28
https://itch.io/jam/20260927/rate/5018517,,2026-09-28
https://itch.io/jam/rule-discovery-paper-puzzle-game-jam/rate/5060854,,2026-09-28
https://itch.io/jam/very-disco-game-jam-2026-3/rate/5061002,,2026-09-28
https://itch.io/jam/indiepocalypse-issue-83-paying-anthology/rate/3550304,,2026-09-28
https://itch.io/jam/cozy-fall-jam-2026/rate/5061025,,2026-09-28
https://itch.io/jam/playtest-feedback-exchange-jam-8/rate/5055857,,2026-09-28
https://itch.io/jam/cozy-fall-jam-2026/rate/5061051,,2026-09-28
https://itch.io/jam/defold-game-jam-2026/rate/4989947,,2026-09-28
https://itch.io/jam/alberta-game-jam-2026/rate/5061021,,2026-09-28
https://itch.io/jam/cozy-fall-jam-2026/rate/5061077,,2026-09-28
https://itch.io/jam/quantum-game-jam-2026/rate/5061060,,2026-09-28
https://itch.io/jam/cozy-fall-jam-2026/rate/5060935,,2026-09-28
https://itch.io/jam/coffee-jam-2026/rate/5060990,,2026-09-28
https://itch.io/jam/spooktober-2026/rate/5040926,,2026-09-28
https://itch.io/jam/impressions-composing-jam-ambience-4/rate/5061027,,2026-09-28
https://itch.io/jam/cozy-fall-jam-2026/rate/5061024,,2026-09-28
https://itch.io/jam/jam-jar-2026/rate/5054933,,2026-09-28
https://itch.io/jam/cozy-fall-jam-2026/rate/5060972,,2026-09-28
https://itch.io/jam/very-disco-game-jam-2026-3/rate/5060835,,2026-09-28
https://itch.io/jam/goedware-game-jam-17/rate/5043413,,2026-09-28
https://itch.io/jam/rule-discovery-paper-puzzle-game-jam/rate/5061183,,2026-09-28
https://itch.io/jam/untitled-game-jam-133/rate/5042602,,2026-09-28
https://itch.io/jam/rule-discovery-paper-puzzle-game-jam/rate/5060486,,2026-09-28
https://itch.io/jam/goedware-game-jam-17/rate/5032945,,2026-09-28
https://itch.io/jam/ultimate-ai-powered-game-jam-4/rate/5060630,,2026-09-28
https://itch.io/jam/cozy-fall-jam-2026/rate/5059000,,2026-09-28
https://itch.io/jam/quantum-game-jam-2026/rate/5061224,,2026-09-28
https://itch.io/jam/bezi-mega-jam-1/rate/5048166,,2026-09-28
https://itch.io/jam/cozy-fall-jam-2026/rate/5060950,,2026-09-28
https://itch.io/jam/rule-discovery-paper-puzzle-game-jam/rate/5061321,,2026-09-28
https://itch.io/jam/godot-xr-game-jam-sep-2026/rate/5061246,,2026-09-28
https://itch.io/jam/quantum-game-jam-2026/rate/5061291,,2026-09-28
https://itch.io/jam/ultimate-ai-powered-game-jam-4/rate/5061251,,2026-09-28
https://itch.io/jam/mini-jam-220-crystal/rate/5061305,,2026-09-28
https://itch.io/jam/quantum-game-jam-2026/rate/5061332,,2026-09-28
https://itch.io/jam/godot-xr-game-jam-sep-2026/rate/5060317,,2026-09-28
https://itch.io/jam/pages-whimsy-writing-jam,,2026-09-28
https://itch.io/jam/face-your-fears,,2026-09-28
https://itch.io/jam/2026-ost-album-jam-reprise,,2026-09-28
https://itch.io/jam/artd-game-art-fall26,,2026-09-28
https://itch.io/jam/setfire-halloween-jam,,2026-09-28
https://itch.io/jam/accountability-jam-october-2026,,2026-09-28
https://itch.io/jam/mjm14d-is-best-pro,,2026-09-28
https://itch.io/jam/the-baldi-jam-ohmygosh,,2026-09-28
https://itch.io/jam/roblox-october-jam,,2026-09-28
https://itch.io/jam/no-matter-game-jam-1,,2026-09-28
https://itch.io/jam/cg2d-game-jam,,2026-09-28
https://itch.io/jam/seminario-prototipo-unso-semana-5-2026,,2026-09-28
https://itch.io/jam/dtj36-31,,2026-09-28
https://itch.io/jam/timez-awards-1st-season,,2026-09-28
https://itch.io/jam/improve-my-game-jam-47,,2026-09-28
https://itch.io/jam/wsuv-scream-jam,,2026-09-28
https://itch.io/jam/halo-forever,,2026-09-28
https://itch.io/jam/just-submit-your-game,,2026-09-28
https://itch.io/jam/mega-jam-de-primavera-2026,,2026-09-28
https://itch.io/jam/ap4601-ay2026s1-assignment-2,,2026-09-28
https://itch.io/jam/knu-app2026-05,,2026-09-28
https://itch.io/jam/squid-realm-game-jam-2,,2026-09-28
https://itch.io/jam/imajam-2026,,2026-09-28
https://itch.io/jam/efpse-halloween-jam-2026,,2026-09-28
https://itch.io/jam/shared-bundle,,2026-09-28
https://tryagaintyler.itch.io,,2026-09-28
https://foxfriends.itch.io,,2026-09-28
https://rgrvdotnl.itch.io,,2026-09-28
https://artur3d.itch.io,,2026-09-28
https://loomille.itch.io,,2026-09-28
https://nitev1.itch.io,,2026-09-28
https://zombdg.itch.io,,2026-09-28
https://ironflux-studio.itch.io,,2026-09-28
https://johnny-redfox.itch.io,,2026-09-28
https://maxcodez.itch.io,,2026-09-28
https://orangelily.itch.io,,2026-09-28
https://laboobadev.itch.io,,2026-09-28
https://gorlanik.itch.io,,2026-09-28
https://dayyo.itch.io,,2026-09-28
https://sheepishdev.itch.io,,2026-09-28
https://enyasomiki.itch.io,,2026-09-28
https://odyssey101.itch.io,,2026-09-28
https://bloxi-s.itch.io,,2026-09-28
https://frog-smith.itch.io,,2026-09-28
https://xrulos.itch.io,,2026-09-28
https://cdh-games.itch.io,,2026-09-28
https://nordestegames.itch.io,,2026-09-28
https://lilotech.itch.io,,2026-09-28
https://darthobsidian.itch.io,,2026-09-28
https://micah413.itch.io,,2026-09-28
https://blanco000.itch.io,,2026-09-28
https://greglbg.itch.io,,2026-09-28
https://ioannis75.itch.io,,2026-09-28
https://lc3ccat.itch.io,,2026-09-28
https://valk03.itch.io,,2026-09-28
https://0xkot.itch.io,,2026-09-28
https://ch3ckm4t3.itch.io,,2026-09-28
https://nirene.itch.io,,2026-09-28
https://mrdarran.itch.io,,2026-09-28
https://peppersqueak.itch.io,,2026-09-28
https://seroneem.itch.io,,2026-09-28
https://furiousdrop425.itch.io,,2026-09-28
https://creativitytrove.itch.io,,2026-09-28
https://diblackthorn.itch.io,,2026-09-28
https://weaverdevs.itch.io,,2026-09-28
https://sanzath.itch.io,,2026-09-28
https://kokupoofs.itch.io,,2026-09-28
https://ishanroyc.itch.io,,2026-09-28
https://itsf4lcon.itch.io,,2026-09-28
https://boxabeans.itch.io,,2026-09-28
https://molsencreative.itch.io,,2026-09-28
https://petu317.itch.io,,2026-09-28
https://btnpress.itch.io,,2026-09-28
https://brunitolimpus.itch.io,,2026-09-28
https://derruhige.itch.io,,2026-09-28
https://dixtuel.itch.io,,2026-09-28
https://changeometric.itch.io,,2026-09-28
https://sofa-on-the-stairs.itch.io,,2026-09-28
https://skrunklysparky.itch.io,,2026-09-28
https://yarkoir.itch.io,,2026-09-28
https://funner321.itch.io,,2026-09-28
https://wchttzcn.itch.io,,2026-09-28
https://maxx-xdd1.itch.io,,2026-09-28
https://fureiza.itch.io,,2026-09-28
https://real-chipdude.itch.io,,2026-09-28
https://rickium.itch.io,,2026-09-28
https://zebrastripes.itch.io,,2026-09-28
https://darkmatter-11.itch.io,,2026-09-28
https://sh4dman23.itch.io,,2026-09-28
https://catherineysaha.itch.io,,2026-09-28
https://luna-000.itch.io,,2026-09-28
https://possesivepersonainc.itch.io,,2026-09-28
https://cosmiclighthousegames.itch.io,,2026-09-28
https://brucelift.itch.io,,2026-09-28
https://dev-gamer2013.itch.io,,2026-09-28
https://penguandino.itch.io,,2026-09-28
https://strawberry121.itch.io,,2026-09-28
https://kgw0513.itch.io,,2026-09-28
https://tasteyi3.itch.io,,2026-09-28
https://azkogeki.itch.io,,2026-09-28
https://balaperdida.itch.io,,2026-09-28
https://queen-mewmew.itch.io,,2026-09-28
https://dreadnought-douglas.itch.io,,2026-09-28
https://m4kx.itch.io,,2026-09-28
https://ggproebali.itch.io,,2026-09-28
https://su8art.itch.io,,2026-09-28
https://azurebluelizor.itch.io,,2026-09-28
https://yuluc.itch.io,,2026-09-28
https://yourpunk.itch.io,,2026-09-28
https://optimus0804.itch.io,,2026-09-28
https://zn10.itch.io,,2026-09-28
https://leonard-rudl.itch.io,,2026-09-28
https://itsbumblebear.itch.io,,2026-09-28
https://vespermorph.itch.io,,2026-09-28
https://jrumbolt.itch.io,,2026-09-28
https://lucifer6767.itch.io,,2026-09-28
https://nicholas-smart.itch.io,,2026-09-28
https://namcojr.itch.io,,2026-09-28
https://klinger099.itch.io,,2026-09-28
https://sdirvee.itch.io,,2026-09-28
https://soriekim.itch.io,,2026-09-28
https://mrsleeps.itch.io,,2026-09-28
https://luneliooo.itch.io,,2026-09-28
https://kfiradut.itch.io,,2026-09-28
https://golddwing.itch.io,,2026-09-28
https://vortexmxs.itch.io,,2026-09-28
https://hexacubeext.itch.io,,2026-09-28
https://s33b.itch.io,,2026-09-28
https://ralseilala.itch.io,,2026-09-28
https://zalmoxis-0.itch.io,,2026-09-28
https://rpersona.itch.io,,2026-09-28
https://theegyptianman.itch.io,,2026-09-28
https://jonescg.itch.io,,2026-09-28
https://canes-cup.itch.io,,2026-09-28
https://kellan11.itch.io,,2026-09-28
https://notebooker8078.itch.io,,2026-09-28
https://eliaxt.itch.io,,2026-09-28
https://pcsg-wonko.itch.io,,2026-09-28
https://quimerus11.itch.io,,2026-09-28
https://naewoed.itch.io,,2026-09-28
https://crt-yeen.itch.io,,2026-09-28
https://strivez.itch.io,,2026-09-28
https://theidiotman.itch.io,,2026-09-28
https://teradev1.itch.io,,2026-09-28
https://bentcube.itch.io,,2026-09-28
https://ocaspacca.itch.io,,2026-09-28
https://trulywhispper.itch.io,,2026-09-28
https://kacemonstudio.itch.io,,2026-09-28
https://dottein.itch.io,,2026-09-28
https://whaylu.itch.io,,2026-09-28
https://gungundev.itch.io,,2026-09-28
https://murzik-chernyshowdobrey.itch.io,,2026-09-28
https://kitelkibork3000.itch.io,,2026-09-28
https://geometrydash17494.itch.io,,2026-09-28
https://gemminigloopers.itch.io,,2026-09-28
https://aubreedadrone.itch.io,,2026-09-28
https://keldo83.itch.io,,2026-09-28
https://akanke.itch.io,,2026-09-28
https://charly87.itch.io,,2026-09-28
https://mokok0.itch.io,,2026-09-28
https://seanpiatt007.itch.io,,2026-09-28
https://em1d0.itch.io,,2026-09-28
https://ecountry09.itch.io,,2026-09-28
https://thevisorstoop.itch.io,,2026-09-28
https://monsterenergy959.itch.io,,2026-09-28
https://hoppy-hollow-games.itch.io,,2026-09-28
https://boxygtag.itch.io,,2026-09-28
https://izayoigames.itch.io,,2026-09-28
https://heyitsmeguys.itch.io,,2026-09-28
https://mucahityilmaz.itch.io,,2026-09-28
https://awrypixie.itch.io,,2026-09-28
https://lighttriadgames.itch.io,,2026-09-28
https://whodell-ucsc.itch.io,,2026-09-28
https://nanogo.itch.io,,2026-09-28
https://loudboxlabs.itch.io,,2026-09-28
https://dario467.itch.io,,2026-09-28
https://jollyranchercgh.itch.io,,2026-09-28
https://hma988426-droid.itch.io,,2026-09-28
https://grassgodoescoolstuff246.itch.io,,2026-09-28
https://fromjota.itch.io,,2026-09-28
https://nibazi.itch.io,,2026-09-28
https://cow-licker.itch.io,,2026-09-28
https://creatimeat.itch.io,,2026-09-28
https://delicious-games.itch.io,,2026-09-28
https://blazethegunner.itch.io,,2026-09-28
https://saba-muito.itch.io,,2026-09-28
https://visceral-melon.itch.io,,2026-09-28
https://centepydd.itch.io,,2026-09-28
https://omg1234yo.itch.io,,2026-09-28
https://huiw-gd.itch.io,,2026-09-28
https://zombie-knight.itch.io,,2026-09-28
https://skygazing.itch.io,,2026-09-28
https://chenooplayz.itch.io,,2026-09-28
https://swaggyjason.itch.io,,2026-09-28
https://malak-agust12.itch.io,,2026-09-28
https://nandor989.itch.io,,2026-09-28
https://indigoblack4320.itch.io,,2026-09-28
https://esthefania.itch.io,,2026-09-28
https://superminerunner.itch.io,,2026-09-28
https://redahoy.itch.io,,2026-09-28
https://ayah-notheree.itch.io,,2026-09-28
https://perrystopguy.itch.io,,2026-09-28
https://hatness05.itch.io,,2026-09-28
https://m-o-c-h-i-b-u-n-n-y.itch.io,,2026-09-28
https://neofito-corp.itch.io,,2026-09-28
https://asciiforager.itch.io,,2026-09-28
https://kevinbriquet.itch.io,,2026-09-28
https://haaris670.itch.io,,2026-09-28
https://phoomx.itch.io,,2026-09-28
https://ukiyorouge.itch.io,,2026-09-28
https://rebelaras.itch.io,,2026-09-28
https://gi8tto.itch.io,,2026-09-28
https://dessertcitadel.itch.io,,2026-09-28
https://rosari0.itch.io,,2026-09-28
https://yac281.itch.io,,2026-09-28
https://ijao-io.itch.io,,2026-09-28
https://matisix.itch.io,,2026-09-28
https://arteon-games.itch.io,,2026-09-28
https://szyromimixer.itch.io,,2026-09-28
https://off-by-one.itch.io,,2026-09-28
https://shooriky.itch.io,,2026-09-28
https://ruingames.itch.io,,2026-09-28
https://albeciao.itch.io,,2026-09-28
https://areckb.itch.io,,2026-09-28
https://eslamx131.itch.io,,2026-09-28
https://veytrix-games.itch.io,,2026-09-28
https://lucaso94.itch.io,,2026-09-28
https://cr0ak3r.itch.io,,2026-09-28
https://commie-debug.itch.io,,2026-09-28
https://t1redbunny.itch.io,,2026-09-28
https://sisteminho-mexicano.itch.io,,2026-09-28
https://magardev.itch.io,,2026-09-28
https://filippo-de-pace.itch.io,,2026-09-28
https://mika-hartmann.itch.io,,2026-09-28
https://lucamitsu.itch.io,,2026-09-28
https://cat-cuh.itch.io,,2026-09-28
https://derkuiz.itch.io,,2026-09-28
https://elchony.itch.io,,2026-09-28
https://panmonek.itch.io,,2026-09-28
https://iannaz1228.itch.io,,2026-09-28
https://yamomoto410.itch.io,,2026-09-28
https://nethoria-games.itch.io,,2026-09-28
https://pacorro80.itch.io,,2026-09-28
https://incredi-old.itch.io,,2026-09-28
https://spritegth.itch.io,,2026-09-28
https://baybladenyte.itch.io,,2026-09-28
https://tisslabs.itch.io,,2026-09-28
https://blueslime32.itch.io,,2026-09-28
https://melmel-chan10.itch.io,,2026-09-28
https://kitzgth.itch.io,,2026-09-28
https://thenewhelpmeeeeeehuy.itch.io,,2026-09-28
https://embedding-shapes.itch.io,,2026-09-28
https://lovebigscarycopys.itch.io,,2026-09-28
https://vhscrowow.itch.io,,2026-09-28
https://seed96.itch.io,,2026-09-28
https://noircitynovels.itch.io,,2026-09-28
https://alexdepasquale2-jpg.itch.io,,2026-09-28
https://dexterhero-thegamemaker.itch.io,,2026-09-28
https://lonephalcon.itch.io,,2026-09-28
https://karo-devs.itch.io,,2026-09-28
https://ronnafemto.itch.io,,2026-09-28
https://makidev.itch.io,,2026-09-28
https://joltrome.itch.io,,2026-09-28
https://burnt-rope.itch.io,,2026-09-28
https://karimiti1223.itch.io,,2026-09-28
https://ludew.itch.io,,2026-09-28
https://tanhaicot.itch.io,,2026-09-28
https://obsidian-loop-studio.itch.io,,2026-09-28
https://skelly-mods.itch.io,,2026-09-28
https://wingcomreloaded.itch.io,,2026-09-28
https://placemikystudio.itch.io,,2026-09-28
https://met-73.itch.io,,2026-09-28
https://ethandacat.itch.io,,2026-09-28
https://darwindevd.itch.io,,2026-09-28
https://animanobre.itch.io,,2026-09-28
https://factoryhayel.itch.io,,2026-09-28
https://zahgats7.itch.io,,2026-09-28
https://nanostudio.itch.io,,2026-09-28
https://2x2ygames.itch.io,,2026-09-28
https://retronpc-1.itch.io,,2026-09-28
https://meadowtide.itch.io,,2026-09-28
https://lkgds.itch.io,,2026-09-28
https://jmdobrien.itch.io,,2026-09-28
https://ricnk.itch.io,,2026-09-28
https://moringa-a.itch.io,,2026-09-28
https://ir1s23.itch.io,,2026-09-28
https://kavoon.itch.io,,2026-09-28
https://human128.itch.io,,2026-09-28
https://joshsims.itch.io,,2026-09-28
https://nitmarex.itch.io,,2026-09-28
https://copium48.itch.io,,2026-09-28
https://meglab.itch.io,,2026-09-28
https://saywordyo.itch.io,,2026-09-28
https://thechayoscat.itch.io,,2026-09-28
https://sullythemaster1000.itch.io,,2026-09-28
https://carsonthorne.itch.io,,2026-09-28
https://novavritch.itch.io,,2026-09-28
https://s10161985.itch.io,,2026-09-28
https://bbento2f.itch.io,,2026-09-28
https://holy-mackerel-studio.itch.io,,2026-09-28
https://simokama.itch.io,,2026-09-28
https://exse-dev.itch.io,,2026-09-28
https://kevvvvvy.itch.io,,2026-09-28
https://badnight-studio.itch.io,,2026-09-28
https://xwintershieldx.itch.io,,2026-09-28
https://caspianxpd8.itch.io,,2026-09-28
https://jimtae.itch.io,,2026-09-28
https://dart007w.itch.io,,2026-09-28
https://hlemrawash.itch.io,,2026-09-28
https://pewien-programista.itch.io,,2026-09-28
https://spritemill.itch.io,,2026-09-28
https://mssingle.itch.io,,2026-09-28
https://demivee.itch.io,,2026-09-28
https://stardustq-q.itch.io,,2026-09-28
https://mysoulcupstories.itch.io,,2026-09-28
https://x900.itch.io,,2026-09-28
https://wnannestad.itch.io,,2026-09-28
https://jackquark.itch.io,,2026-09-28
https://aaronkk977.itch.io,,2026-09-28
https://kuzehiroshi.itch.io,,2026-09-28
https://orangeistoxic.itch.io,,2026-09-28
https://type-blaze0.itch.io,,2026-09-28
https://zetos81.itch.io,,2026-09-28
https://jmertlik.itch.io,,2026-09-28
https://rabbit-developer.itch.io,,2026-09-28
https://gamebro6.itch.io,,2026-09-28
https://yo-zh.itch.io,,2026-09-28
https://autocatgames.itch.io,,2026-09-28
https://nba9001-sys.itch.io,,2026-09-28
https://alp-tea.itch.io,,2026-09-28
https://thebeetlebees.itch.io,,2026-09-28
https://awln.itch.io,,2026-09-28
https://voidblade1.itch.io,,2026-09-28
https://sonic381.itch.io,,2026-09-28
https://tunnersxpro.itch.io,,2026-09-28
https://siirias.itch.io,,2026-09-28
https://pixelcubeboy.itch.io,,2026-09-28
https://alexisguzmann.itch.io,,2026-09-28
https://quasterx.itch.io,,2026-09-28
https://kheneworks.itch.io,,2026-09-28
https://pixelcamel.itch.io,,2026-09-28
https://adrian-sosa.itch.io,,2026-09-28
https://babalalapapa.itch.io,,2026-09-28
https://steel-moth-studios.itch.io,,2026-09-28
https://maybeks-k-dev.itch.io,,2026-09-28
https://hanzaki93dev.itch.io,,2026-09-28
https://inspiredglasses.itch.io,,2026-09-28
https://long-xihai.itch.io,,2026-09-28
https://belmirogaming.itch.io,,2026-09-28
https://io-digital-logic.itch.io,,2026-09-28
https://mappyboy-70.itch.io,,2026-09-28
https://alialkhersan93.itch.io,,2026-09-28
https://mirraos.itch.io,,2026-09-28
https://mirrorking.itch.io,,2026-09-28
https://rna1986731.itch.io,,2026-09-28
https://zane43256.itch.io,,2026-09-28
https://gamesofmerritt.itch.io,,2026-09-28
https://scratchmasterj21.itch.io,,2026-09-28
https://freerange-horse.itch.io,,2026-09-28
https://thesecondrealmrpeanut.itch.io,,2026-09-28
https://cloudforge.itch.io,,2026-09-28
https://chenooplayzstudios.itch.io,,2026-09-28
https://whatevertr.itch.io,,2026-09-28
https://wishiie.itch.io,,2026-09-28
https://oclockdev.itch.io,,2026-09-28
https://abysstatsu.itch.io,,2026-09-28
https://rabzody.itch.io,,2026-09-28
https://saitwo.itch.io,,2026-09-28
https://theredradio.itch.io,,2026-09-28
https://mikelingisawesome.itch.io,,2026-09-28
https://matthewnewman43.itch.io,,2026-09-28
https://domangbam.itch.io,,2026-09-28
https://vyre-studio.itch.io,,2026-09-28
https://rama-kal.itch.io,,2026-09-28
https://asdrubale10489.itch.io,,2026-09-28
https://crystalstarburst.itch.io,,2026-09-28
https://lakatrazz.itch.io,,2026-09-28
https://julusuario.itch.io,,2026-09-28
https://kzntny.itch.io,,2026-09-28
https://happypird.itch.io,,2026-09-28
https://alonchis.itch.io,,2026-09-28
https://joshualeeortner.itch.io,,2026-09-28
https://lazy-ceo-productions.itch.io,,2026-09-28
https://captian-pear.itch.io,,2026-09-28
https://extravextra.itch.io,,2026-09-28
https://solarr-elly.itch.io,,2026-09-28
https://yukidnk.itch.io,,2026-09-28
https://dbrown1157.itch.io,,2026-09-28
https://cf8339816.itch.io,,2026-09-28
https://rjgordon.itch.io,,2026-09-28
https://trueroledreams.itch.io,,2026-09-28
https://tiny-pause.itch.io,,2026-09-28
https://superannni.itch.io,,2026-09-28
https://absyo.itch.io,,2026-09-28
https://ck008.itch.io,,2026-09-28
https://nachodeerproductions.itch.io,,2026-09-28
https://bastiengounot.itch.io,,2026-09-28
https://proandrey-8.itch.io,,2026-09-28
https://thatpackercat.itch.io,,2026-09-28
https://onlyqrix-243.itch.io,,2026-09-28
https://mimo-bliss.itch.io,,2026-09-28
https://edgarj-pereira.itch.io,,2026-09-28
https://tcwardle.itch.io,,2026-09-28
https://mythscribe.itch.io,,2026-09-28
https://hkpdkettle.itch.io,,2026-09-28
https://vixybutgames.itch.io,,2026-09-28
https://hive-minduoft.itch.io,,2026-09-28
https://igyo.itch.io,,2026-09-28
https://bill-ilands.itch.io,,2026-09-28
https://monika81official.itch.io,,2026-09-28
https://knne22.itch.io,,2026-09-28
https://aaryann124.itch.io,,2026-09-28
https://diabox.itch.io,,2026-09-28
https://dracometris.itch.io,,2026-09-28
https://therealmrjevinboi.itch.io,,2026-09-28
https://kafkafoon.itch.io,,2026-09-28
https://jetv-studio.itch.io,,2026-09-28
https://mediawithmeow.itch.io,,2026-09-28
https://gustrea1685.itch.io,,2026-09-28
https://unyasable.itch.io,,2026-09-28
https://mirishkeno.itch.io,,2026-09-28
https://yektasu.itch.io,,2026-09-28
https://financepro.itch.io,,2026-09-28
https://wookiebookie.itch.io,,2026-09-28
https://raphal35.itch.io,,2026-09-28
https://felixintheclouds.itch.io,,2026-09-28
https://farez45.itch.io,,2026-09-28
https://dastan-kanar.itch.io,,2026-09-28
https://psproms.itch.io,,2026-09-28
https://romlibrary.itch.io,,2026-09-28
https://k0t-v-o4kax.itch.io,,2026-09-28
https://koczkagame.itch.io,,2026-09-28
https://rafafer.itch.io,,2026-09-28
https://3cattailway.itch.io,,2026-09-28
https://doush.itch.io,,2026-09-28
https://goofydevd.itch.io,,2026-09-28
https://retroremaster.itch.io,,2026-09-28
https://voidmasterontop.itch.io,,2026-09-28
https://nagidoomer.itch.io,,2026-09-28
https://augmented-universe-games.itch.io,,2026-09-28
https://waitingtreesproductions.itch.io,,2026-09-28
https://beanandbits.itch.io,,2026-09-28
https://rogertherabbit.itch.io,,2026-09-28
https://pickpocket-1.itch.io,,2026-09-28
https://sundui924.itch.io,,2026-09-28
https://erdenebulganmath.itch.io,,2026-09-28
https://voxnovalys-studio.itch.io,,2026-09-28
https://trst3385.itch.io,,2026-09-28
https://durdyburd.itch.io,,2026-09-28
https://fnflover29scratch.itch.io,,2026-09-28
https://akuma55.itch.io,,2026-09-28
https://cobomakesgames.itch.io,,2026-09-28
https://fasterfood.itch.io,,2026-09-28
https://twzstudios.itch.io,,2026-09-28
https://virtuavrport.itch.io,,2026-09-28
https://kyxsoon.itch.io,,2026-09-28
https://aminebelm.itch.io,,2026-09-28
https://huangruizhe.itch.io,,2026-09-28
https://tap1999.itch.io,,2026-09-28
https://benjafibiger.itch.io,,2026-09-28
https://pixdra.itch.io,,2026-09-28
https://holy-s.itch.io,,2026-09-28
https://devils34.itch.io,,2026-09-28
https://ah-real-games.itch.io,,2026-09-28
https://tzuisbored.itch.io,,2026-09-28
https://yasnouss.itch.io,,2026-09-28
https://zojim.itch.io,,2026-09-28
https://short-stack-yt.itch.io,,2026-09-28
https://iamasprunkilover.itch.io,,2026-09-28
https://umi-games.itch.io,,2026-09-28
https://itchdog.itch.io,,2026-09-28
https://s4131440.itch.io,,2026-09-28
https://tacomedia.itch.io,,2026-09-28
https://wordbytes.itch.io,,2026-09-28
https://drnemo.itch.io,,2026-09-28
https://kallapapruk.itch.io,,2026-09-28
https://bun0110.itch.io,,2026-09-28
https://oynak.itch.io,,2026-09-28
https://algumcorrupto.itch.io,,2026-09-28
https://astrumerrans.itch.io,,2026-09-28
https://gotit4dalo.itch.io,,2026-09-28
https://ryanwlow.itch.io,,2026-09-28
https://carolworks.itch.io,,2026-09-28
https://mazemodestudio.itch.io,,2026-09-28
https://imjagpul.itch.io,,2026-09-28
https://sam-yts-site.itch.io,,2026-09-28
https://ymajoros.itch.io,,2026-09-28
https://game365-engine.itch.io,,2026-09-28
https://jardat75seznamcz.itch.io,,2026-09-28
https://belugi.itch.io,,2026-09-28
https://lowenbraudel.itch.io,,2026-09-28
https://sagargaming.itch.io,,2026-09-28
https://pebblelabs.itch.io,,2026-09-28
https://davigamer01.itch.io,,2026-09-28
https://mof16.itch.io,,2026-09-28
https://dauletbb.itch.io,,2026-09-28
https://widgetpress.itch.io,,2026-09-28
https://legendrybread.itch.io,,2026-09-28
https://walaashouman.itch.io,,2026-09-28
https://maxyorkebrown.itch.io,,2026-09-28
https://deptquiet.itch.io,,2026-09-28
https://hipolame.itch.io,,2026-09-28
https://sapphirdev.itch.io,,2026-09-28
https://chocolatacakey.itch.io,,2026-09-28
https://flarp34.itch.io,,2026-09-28
https://ytt028.itch.io,,2026-09-28
https://asktamsen.itch.io,,2026-09-28
https://lotuszen.itch.io,,2026-09-28
https://bydrdd.itch.io,,2026-09-28
https://armoredfish.itch.io,,2026-09-28
https://zekai-wang.itch.io,,2026-09-28
https://upscaledenemy.itch.io,,2026-09-28
https://thomas-870.itch.io,,2026-09-28
https://sonegeon.itch.io,,2026-09-28
https://benceburcsi.itch.io,,2026-09-28
https://blikkieskos.itch.io,,2026-09-28
https://distillinkgames.itch.io,,2026-09-28
https://sergiomarquezdev.itch.io,,2026-09-28
https://josiahdev.itch.io,,2026-09-28
https://giii3-game.itch.io,,2026-09-28
https://ka1-f2.itch.io,,2026-09-28
https://asphire-b-writer.itch.io,,2026-09-28
https://estona815.itch.io,,2026-09-28
https://nhairic.itch.io,,2026-09-28
https://firegamesbh.itch.io,,2026-09-28
https://vano1app-pixel.itch.io,,2026-09-28
https://slakertop1.itch.io,,2026-09-28
https://muhammad-khuzaima-shahzad.itch.io,,2026-09-28
https://matteopilotto.itch.io,,2026-09-28
https://serjioblack.itch.io,,2026-09-28
https://antigrav-games.itch.io,,2026-09-28
https://nandemo1995.itch.io,,2026-09-28
https://robinkodeon.itch.io,,2026-09-28
https://liax20000.itch.io,,2026-09-28
https://snow-g.itch.io,,2026-09-28
https://ma-beast.itch.io,,2026-09-28
https://avrixgames.itch.io,,2026-09-28
https://patrick2143.itch.io,,2026-09-28
https://lucario1337.itch.io,,2026-09-28
https://8-bit-studioos.itch.io,,2026-09-28
https://vxrxfn.itch.io,,2026-09-28
https://drew-valentine.itch.io,,2026-09-28
https://iyurobeep.itch.io,,2026-09-28
https://joseluartificial-prog.itch.io,,2026-09-28
https://aiomnibus.itch.io,,2026-09-28
https://momo14-3.itch.io,,2026-09-28
https://timodeus.itch.io,,2026-09-28
https://rylan-williams.itch.io,,2026-09-28
https://tekjock.itch.io,,2026-09-28
https://aredleaf.itch.io,,2026-09-28
https://asupemochi.itch.io,,2026-09-28
https://dannersongames.itch.io,,2026-09-28
https://tiritiri-games.itch.io,,2026-09-28
https://croissantworks.itch.io,,2026-09-28
https://youtopia156.itch.io,,2026-09-28
https://engage-studio.itch.io,,2026-09-28
https://bio50588.itch.io,,2026-09-28
https://aung-htet.itch.io,,2026-09-28
https://cptsmoon.itch.io,,2026-09-28
https://fie-victor.itch.io,,2026-09-28
https://dr-evans.itch.io,,2026-09-28
https://jolehuit.itch.io,,2026-09-28
https://ryryvr.itch.io,,2026-09-28
https://tostowytost.itch.io,,2026-09-28
https://dannzi21.itch.io,,2026-09-28
https://primevalsistail.itch.io,,2026-09-28
https://gibrockgames.itch.io,,2026-09-28
https://alexrojasgames.itch.io,,2026-09-28
https://loay-zaknoun.itch.io,,2026-09-28
https://arya-gamer.itch.io,,2026-09-28
https://l4zio-v2.itch.io,,2026-09-28
https://misusharky.itch.io,,2026-09-28
https://karimelsedfy.itch.io,,2026-09-28
https://keliqetu.itch.io,,2026-09-28
https://nishi0213.itch.io,,2026-09-28
https://feivelqutby.itch.io,,2026-09-28
https://co-dep.itch.io,,2026-09-28
https://xander-studios.itch.io,,2026-09-28
https://galaxyshooters.itch.io,,2026-09-28
https://mertyavas.itch.io,,2026-09-28
https://coder4321.itch.io,,2026-09-28
https://nexus-v-ent.itch.io,,2026-09-28
https://pixelflare-yay.itch.io,,2026-09-28
https://leinadher.itch.io,,2026-09-28
https://abe-games.itch.io,,2026-09-28
https://games-from-temu.itch.io,,2026-09-28
https://dannysousa.itch.io,,2026-09-28
https://midnight-takoyaki.itch.io,,2026-09-28
https://bakibacaci.itch.io,,2026-09-28
https://gabrw.itch.io,,2026-09-28
https://greedygoblinsgames.itch.io,,2026-09-28
https://janjoonaa.itch.io,,2026-09-28
https://anamehato.itch.io,,2026-09-28
https://anonymous-alex.itch.io,,2026-09-28
https://nicedrporkchop.itch.io,,2026-09-28
https://emadham.itch.io,,2026-09-28
https://thecodingdad-tisonk.itch.io,,2026-09-28
https://xeploitz.itch.io,,2026-09-28
https://heyheythere.itch.io,,2026-09-28
https://djoxy.itch.io,,2026-09-28
https://gaja-studios.itch.io,,2026-09-28
https://designclarity.itch.io,,2026-09-28
https://jackdaidai.itch.io,,2026-09-28
https://squishdevel.itch.io,,2026-09-28
https://leonchrome.itch.io,,2026-09-28
https://vvostenak.itch.io,,2026-09-28
https://csarfatigalwaygmailcom.itch.io,,2026-09-28
https://mrmmapixle.itch.io,,2026-09-28
https://fr33d0m206.itch.io,,2026-09-28
https://summersinger.itch.io,,2026-09-28
https://sandhanarajesh.itch.io,,2026-09-28
https://sinclair9.itch.io,,2026-09-28
https://trd-bobo.itch.io,,2026-09-28
https://tom-pearl-production.itch.io,,2026-09-28
https://san-rxe.itch.io,,2026-09-28
https://fuzzlepun.itch.io,,2026-09-28
https://xapricatex.itch.io,,2026-09-28
https://progenylab.itch.io,,2026-09-28
https://munchedbyboos.itch.io,,2026-09-28
https://feleshafish.itch.io,,2026-09-28
https://marvinicius.itch.io,,2026-09-28
https://that-punk-guy.itch.io,,2026-09-28
https://wonye-0204.itch.io,,2026-09-28
https://twigcreek.itch.io,,2026-09-28
https://a-gtag-player.itch.io,,2026-09-28
https://jaidameida.itch.io,,2026-09-28
https://tarcantos.itch.io,,2026-09-28
https://canvas-mobiles.itch.io,,2026-09-28
https://greatpianist.itch.io,,2026-09-28
https://omoxixilala.itch.io,,2026-09-28
https://frootitus.itch.io,,2026-09-28
https://yourgrandad5050.itch.io,,2026-09-28
https://sirbananaban.itch.io,,2026-09-28
https://mrbobbrick.itch.io,,2026-09-28
https://d-volskiy.itch.io,,2026-09-28
https://il-muratore.itch.io,,2026-09-28
https://krainis.itch.io,,2026-09-28
https://andreajunes.itch.io,,2026-09-28
https://eva-taylor.itch.io,,2026-09-28
https://knellhammer.itch.io,,2026-09-28
https://dickkent.itch.io,,2026-09-28
https://underworldia.itch.io,,2026-09-28
https://lucasandlounge.itch.io,,2026-09-28
https://fuuki1129.itch.io,,2026-09-28
https://hiroakiomiya.itch.io,,2026-09-28
https://redcorrupt.itch.io,,2026-09-28
https://doej25648.itch.io,,2026-09-28
https://grupo-4-2026.itch.io,,2026-09-28
https://louddonut.itch.io,,2026-09-28
https://galacticvagabondstudio.itch.io,,2026-09-28
https://awslaughs.itch.io,,2026-09-28
https://journaldunepause.itch.io,,2026-09-28
https://logigplay.itch.io,,2026-09-28
https://tarynherbert4gmailcom.itch.io,,2026-09-28
https://cappiofficial.itch.io,,2026-09-28
https://gameologydev.itch.io,,2026-09-28
https://f5-project.itch.io,,2026-09-28
https://smtve59416.itch.io,,2026-09-28
https://ferunalut.itch.io,,2026-09-28
https://sokonimo-ai.itch.io,,2026-09-28
https://mr-luckyvr.itch.io,,2026-09-28
https://tcegdevelopmentteam.itch.io,,2026-09-28
https://ghostdrip.itch.io,,2026-09-28
https://hype-sudios.itch.io,,2026-09-28
https://heavytuxx.itch.io,,2026-09-28
https://kazumrngstr.itch.io,,2026-09-28
https://mongooseden.itch.io,,2026-09-28
https://hugoruiz-mex.itch.io,,2026-09-28
https://warlord4145.itch.io,,2026-09-28
https://welyogamesfw.itch.io,,2026-09-28
https://walid-lamzabi.itch.io,,2026-09-28
https://angled-spider.itch.io,,2026-09-28
https://ethan-makes-games.itch.io,,2026-09-28
https://origin-labs.itch.io,,2026-09-28
https://randomite.itch.io,,2026-09-28
https://chuchothecat.itch.io,,2026-09-28
https://project-zero-games.itch.io,,2026-09-28
https://korerealms.itch.io,,2026-09-28
https://dong030.itch.io,,2026-09-28
https://bnunu.itch.io,,2026-09-28
https://huangchaosuper.itch.io,,2026-09-28
https://studiozalktis.itch.io,,2026-09-28
https://srzwtokyo.itch.io,,2026-09-28
https://fjstudio.itch.io,,2026-09-28
https://tryhalls22.itch.io,,2026-09-28
https://andpersan.itch.io,,2026-09-28
https://shadowbox-reseach.itch.io,,2026-09-28
https://danzeroz.itch.io,,2026-09-28
https://grupo79.itch.io,,2026-09-28
https://apoloapps19-gif.itch.io,,2026-09-28
https://y8999y-ops.itch.io,,2026-09-28
https://starspangledtycoon.itch.io,,2026-09-28
https://turaion.itch.io,,2026-09-28
https://yukkuridrug.itch.io,,2026-09-28
https://horlaz.itch.io,,2026-09-28
https://nmrodeiro.itch.io,,2026-09-28
https://cooper1223.itch.io,,2026-09-28
https://jasmineymothhack.itch.io,,2026-09-28
https://swan-jp.itch.io,,2026-09-28
https://nobulin.itch.io,,2026-09-28
https://devdecentgamedev.itch.io,,2026-09-28
https://voxellized.itch.io,,2026-09-28
https://joeytv.itch.io,,2026-09-28
https://gamesage-studios.itch.io,,2026-09-28
https://ryan4237.itch.io,,2026-09-28
https://age-evolution.itch.io,,2026-09-28
https://luislaiza.itch.io,,2026-09-28
https://hermitdelightscookbook.itch.io,,2026-09-28
https://devygamesnet.itch.io,,2026-09-28
https://maciki-san.itch.io,,2026-09-28
https://earbudzgames.itch.io,,2026-09-28
https://clashionary.itch.io,,2026-09-28
https://quick-eyed-sky.itch.io,,2026-09-28
https://soundatlas2026.itch.io,,2026-09-28
https://sakshyamsah.itch.io,,2026-09-28
https://shamblo.itch.io,,2026-09-28
https://kaiyustudios.itch.io,,2026-09-28
https://xenorx.itch.io,,2026-09-28
https://sharphin.itch.io,,2026-09-28
https://clamcreator.itch.io,,2026-09-28
https://jaboos.itch.io,,2026-09-28
https://horseshoes57.itch.io,,2026-09-28
https://sleepysupernova.itch.io,,2026-09-28
https://mrblaze754.itch.io,,2026-09-28
https://utilityglen.itch.io,,2026-09-28
https://jjcausewhynot.itch.io,,2026-09-28
https://mechnode.itch.io,,2026-09-28
https://coinvalley.itch.io,,2026-09-28
https://maschinengaist.itch.io,,2026-09-28
https://pizumyam.itch.io,,2026-09-28
https://xidi11.itch.io,,2026-09-28
https://gegusasogmailcom.itch.io,,2026-09-28
https://ycycyc111.itch.io,,2026-09-28
https://shootemall.itch.io,,2026-09-28
https://herodraftsgame.itch.io,,2026-09-28
https://kirbb743.itch.io,,2026-09-28
https://sangyu-mumu.itch.io,,2026-09-28
https://snowyrune.itch.io,,2026-09-28
https://astralborngame.itch.io,,2026-09-28
https://doors-seek20155.itch.io,,2026-09-28
https://xxanq.itch.io,,2026-09-28
https://zackwolf-albal.itch.io,,2026-09-28
https://dark-aliens-studio.itch.io,,2026-09-28
https://ashbound.itch.io,,2026-09-28
https://istmf.itch.io,,2026-09-28
https://cocoa-31.itch.io,,2026-09-28
https://waufelshurmano.itch.io,,2026-09-28
https://caspian-flux.itch.io,,2026-09-28
https://thewrongjames.itch.io,,2026-09-28
https://kingsley-hu-lol.itch.io,,2026-09-28
https://science-games-lab.itch.io,,2026-09-28
https://alphainn.itch.io,,2026-09-28
https://artemosha.itch.io,,2026-09-28
https://shadylabs.itch.io,,2026-09-28
https://kevinkr.itch.io,,2026-09-28
https://the-man-098.itch.io,,2026-09-28
https://deathyakisoba.itch.io,,2026-09-28
https://swinginst-monkeys.itch.io,,2026-09-28
https://dogeex.itch.io,,2026-09-28
https://jurmen.itch.io,,2026-09-28
https://nsandwich.itch.io,,2026-09-28
https://0x5311f56b.itch.io,,2026-09-28
https://echagas.itch.io,,2026-09-28
https://bigpopa6.itch.io,,2026-09-28
https://maxc-the-sox.itch.io,,2026-09-28
https://mrklrsn.itch.io,,2026-09-28
https://incrediblewolfy.itch.io,,2026-09-28
https://cgfx-studio.itch.io,,2026-09-28
https://k1ck4sszz.itch.io,,2026-09-28
https://lexinathan.itch.io,,2026-09-28
https://gwilym.itch.io,,2026-09-28
https://crascrea.itch.io,,2026-09-28
https://twelthfalco.itch.io,,2026-09-28
https://humbrol2.itch.io,,2026-09-28
https://janebro.itch.io,,2026-09-28
https://alexandre-linel.itch.io,,2026-09-28
https://gepyu.itch.io,,2026-09-28
https://snowandcats.itch.io,,2026-09-28
https://lukju94.itch.io,,2026-09-28
https://hollikill.itch.io,,2026-09-28
https://deadpizzle.itch.io,,2026-09-28
https://shquarkz.itch.io,,2026-09-28
https://mestreurubu.itch.io,,2026-09-28
https://zitroncrazy.itch.io,,2026-09-28
https://shaylamouth.itch.io,,2026-09-28
https://nosorryidk.itch.io,,2026-09-28
https://zonkpolle.itch.io,,2026-09-28
https://reddmalcolms.itch.io,,2026-09-28
https://fibian.itch.io,,2026-09-28
https://aviramganor.itch.io,,2026-09-28
https://jackthemundane.itch.io,,2026-09-28
https://silentdev.itch.io,,2026-09-28
https://b0ssk.itch.io,,2026-09-28
https://ratenclosure.itch.io,,2026-09-28
https://qooobooo.itch.io,,2026-09-28
https://beeferton.itch.io,,2026-09-28
https://juanpuerto.itch.io,,2026-09-28
https://angrygonk.itch.io,,2026-09-28
https://russianbot.itch.io,,2026-09-28
https://duninhax.itch.io,,2026-09-28
https://caiabrea.itch.io,,2026-09-28
https://dancing-butcher.itch.io,,2026-09-28
https://hamishhay.itch.io,,2026-09-28
https://javelfraise.itch.io,,2026-09-28
https://notfunnyperson.itch.io,,2026-09-28
https://mflargo.itch.io,,2026-09-28
https://jim67543.itch.io,,2026-09-28
https://darkgalaxies.itch.io,,2026-09-28
https://atalachy.itch.io,,2026-09-28
https://defnotalemon.itch.io,,2026-09-28
https://w1nderlqnd.itch.io,,2026-09-28
https://pizzacheese96.itch.io,,2026-09-28
https://imonters.itch.io,,2026-09-28
https://manuskull.itch.io,,2026-09-28
https://brugon.itch.io,,2026-09-28
https://bloodman1941.itch.io,,2026-09-28
https://gabriel-iza.itch.io,,2026-09-28
https://0-dc-333.itch.io,,2026-09-28
https://wanderingconsciousness.itch.io,,2026-09-28
https://expert-boy-of-soy.itch.io,,2026-09-28
https://meavrik.itch.io,,2026-09-28
https://heartstyledev.itch.io,,2026-09-28
https://maytarok.itch.io,,2026-09-28
https://dante-morr.itch.io,,2026-09-28
https://greatearlofhell.itch.io,,2026-09-28
https://mynameisgump.itch.io,,2026-09-28
https://beautales.itch.io,,2026-09-28
https://daniothysoup.itch.io,,2026-09-28
https://menblock.itch.io,,2026-09-28
https://poltrageese.itch.io,,2026-09-28
https://manticorumgif.itch.io,,2026-09-28
https://sebastian1240.itch.io,,2026-09-28
https://antonino-cavaleri.itch.io,,2026-09-28
https://fajik.itch.io,,2026-09-28
https://ruckup.itch.io,,2026-09-28
https://axelolin.itch.io,,2026-09-28
https://slimakbezsi.itch.io,,2026-09-28
https://zapdan-54.itch.io,,2026-09-28
https://malboyoo.itch.io,,2026-09-28
https://alberta-interactive-games.itch.io,,2026-09-28
https://glod-studios.itch.io,,2026-09-28
https://monoidalberry.itch.io,,2026-09-28
https://santisotelo.itch.io,,2026-09-28
