loc,lastmodified,added_date
https://mglanzer.itch.io/bloodywicked/devlog/3770/ramblings-about-bloody-wicked,,2026-05-13
https://mglanzer.itch.io/kontainer535/devlog/5208/turns-out-too-many-new-things-arent-a-good-idea,,2026-05-13
https://mglanzer.itch.io/bloodywicked/devlog/5905/lifesign,,2026-05-13
https://mglanzer.itch.io/bloodywicked/devlog/7027/theres-a-new-build,,2026-05-13
https://uniprimesoftware.itch.io/universe-x/devlog/495546/polishing-existing-stuff,,2026-05-13
https://uniprimesoftware.itch.io/universe-x/devlog/495873/ui-change-going-great,,2026-05-13
https://uniprimesoftware.itch.io/universe-x/devlog/497017/changed-gui-of-shop-and-shipyard,,2026-05-13
https://uniprimesoftware.itch.io/universe-x/devlog/501455/multi-threading,,2026-05-13
https://uniprimesoftware.itch.io/universe-x/devlog/501815/changing-look-of-some-ships,,2026-05-13
https://uniprimesoftware.itch.io/universe-x/devlog/504279/equipment-for-ships,,2026-05-13
https://uniprimesoftware.itch.io/universe-x/devlog/504671/missions-heavy-optimization-improvements,,2026-05-13
https://uniprimesoftware.itch.io/universe-x/devlog/506792/made-ai-behavior-editor,,2026-05-13
https://uniprimesoftware.itch.io/universe-x/devlog/509106/the-game-with-story-and-fully-working-ai-editor-is-out,,2026-05-13
https://uniprimesoftware.itch.io/universe-x/devlog/516202/wokring-on-transportation,,2026-05-13
https://kervn.itch.io/unknown444/devlog/524424/with-eyes-closed-is-available-on-itch,,2026-05-13
https://uniprimesoftware.itch.io/universe-x/devlog/527049/new-interiors,,2026-05-13
https://kervn.itch.io/unknown111/devlog/540399/complete-overhaul-of-the-dialogues-and-other-text,,2026-05-13
https://uniprimesoftware.itch.io/universe-x/devlog/543456/transporting-and-other-stuff,,2026-05-13
https://uniprimesoftware.itch.io/universe-x/devlog/565504/addition-of-server,,2026-05-13
https://kervn.itch.io/unknown111/devlog/575817/top-4-adult-games,,2026-05-13
https://popcornhorrors-games.itch.io/ap-ch1/devlog/578326/adventure-park-patch-1,,2026-05-13
https://uniprimesoftware.itch.io/universe-x/devlog/590102/girlfriend-boyfriend-and-other,,2026-05-13
https://kervn.itch.io/unknown222/devlog/614477/the-second-chapter-of-with-eyes-closed-is-released,,2026-05-13
https://kervn.itch.io/unknown444/devlog/617738/the-demo-version-update,,2026-05-13
https://kervn.itch.io/unknown222/devlog/619365/co-op-bundle-on-itchio-5-games-with-big-discount,,2026-05-13
https://uniprimesoftware.itch.io/universe-x/devlog/623069/new-update,,2026-05-13
https://kervn.itch.io/unknown222/devlog/638213/a-new-update-for-with-eyes-closed-is-out,,2026-05-13
https://kervn.itch.io/unknown222/devlog/680783/a-new-update-for-with-eyes-closed-is-out,,2026-05-13
https://kervn.itch.io/unknown222/devlog/698202/demo-version-update,,2026-05-13
https://kervn.itch.io/unknown222/devlog/710046/chapter-four-is-here,,2026-05-13
https://katebot.itch.io/adapter-of-the-deep-prototype/devlog/720971/adapter-of-the-deep-va2-is-out,,2026-05-13
https://rubyring-games.itch.io/divine-omen/devlog/722549/devlog-1-announcement,,2026-05-13
https://kervn.itch.io/unknown111/devlog/737088/top-6-adult-games-50-off,,2026-05-13
https://grannytubsgames.itch.io/calm-and-collect/devlog/756108/v05,,2026-05-13
https://kervn.itch.io/unknown222/devlog/756380/the-first-season-is-complete,,2026-05-13
https://kervn.itch.io/unknown222/devlog/756899/price-increase-and-itchio-peculiarities,,2026-05-13
https://grannytubsgames.itch.io/calm-and-collect-pc/devlog/783974/calm-and-collect-pc-version-7,,2026-05-13
https://rubyring-games.itch.io/divine-omen/devlog/784585/devlog-1-first-devlog-since-release-,,2026-05-13
https://goopu-loopu.itch.io/ballooning-n-shooting/devlog/791456/development-update,,2026-05-13
https://sillyshadecrow.itch.io/location-0/devlog/834708/update-01,,2026-05-13
https://kervn.itch.io/unknown111/devlog/864997/first-chapter-of-the-new-season-of-with-eyes-closed-now-available-on-itch,,2026-05-13
https://kervn.itch.io/unknown222/devlog/864998/first-chapter-of-the-new-season-of-with-eyes-closed-now-available-on-itch,,2026-05-13
https://manjon.itch.io/broken-blade/devlog/865703/broken-blade,,2026-05-13
https://goopu-loopu.itch.io/ballooning-n-shooting/devlog/879567/game-is-done,,2026-05-13
https://kervn.itch.io/unknown333/devlog/894904/new-steam-page-for-the-second-season-is-now-live,,2026-05-13
https://kervn.itch.io/unknown111/devlog/894905/new-steam-page-for-the-second-season-is-now-live,,2026-05-13
https://kervn.itch.io/unknown222/devlog/894906/new-steam-page-for-the-second-season-is-now-live,,2026-05-13
https://grannytubsgames.itch.io/haunted-house-ink-adventure/devlog/909062/haunted-house-beta-v01,,2026-05-13
https://grannytubsgames.itch.io/haunted-house-ink-adventure/devlog/909561/haunted-house-beta-v02,,2026-05-13
https://grannytubsgames.itch.io/haunted-house-ink-adventure/devlog/915213/haunted-house-beta-v03,,2026-05-13
https://geo789.itch.io/bob-lost-his-wallet/devlog/919132/out-of-this-world-build,,2026-05-13
https://calcifirestudios.itch.io/falling-in-abyss/devlog/934662/first-prototype-is-live,,2026-05-13
https://meinaru.itch.io/summer-of-dreams/devlog/937360/minor-bug-fixes,,2026-05-13
https://meinaru.itch.io/summer-of-dreams/devlog/942664/fixed-bugs-improved-dialogue,,2026-05-13
https://rubyring-games.itch.io/divine-omen/devlog/948469/devlog-2-chapter-1-update,,2026-05-13
https://kervn.itch.io/unknown333/devlog/951672/chapter-7-is-now-available,,2026-05-13
https://kervn.itch.io/unknown333/devlog/952917/welcome-our-friend-tremmigames-and-my-ex-future-family-season-2,,2026-05-13
https://meinaru.itch.io/summer-of-dreams/devlog/962551/no-more-fleeing-from-random-encounters,,2026-05-13
https://cybsjan.itch.io/fatuminvictum/devlog/962680/first-update-for-fatum-invictum,,2026-05-13
https://meinaru.itch.io/summer-of-dreams/devlog/963334/linux-build-is-here,,2026-05-13
https://meinaru.itch.io/summer-of-dreams/devlog/964007/fixed-battle-flee-bug,,2026-05-13
https://cybsjan.itch.io/fatuminvictum/devlog/964311/core-principles-for-fatum-invictum,,2026-05-13
https://meinaru.itch.io/summer-of-dreams/devlog/964606/bugfixes,,2026-05-13
https://meinaru.itch.io/summer-of-dreams/devlog/967687/game-released,,2026-05-13
https://cybsjan.itch.io/fatuminvictum/devlog/968323/selected-timeframe-for-the-setting-of-fatum-invictum,,2026-05-13
https://glass-ed.itch.io/no-big-deal/devlog/969530/no-big-deal-020,,2026-05-13
https://moranovo.itch.io/rust-city/devlog/970072/indie-game-rust-city-devlog-01,,2026-05-13
https://gepistow-prod.itch.io/griddy-v10/devlog/974344/release-of-griddy-v10,,2026-05-13
https://rubyring-games.itch.io/divine-omen/devlog/977491/devlog-3-very-small-update,,2026-05-13
https://moranovo.itch.io/rust-city/devlog/978101/indie-game-rust-city-devlog-02,,2026-05-13
https://rubyring-games.itch.io/divine-omen/devlog/978211/devlog-4-mobile-version-is-out,,2026-05-13
https://carlosgames.itch.io/nodisponible/devlog/988687/-buenas-noches-ya-disponible-now-avaible,,2026-05-13
https://carlosgames.itch.io/nodisponible/devlog/996071/buenas-noches-demo-disponible-demo-avaible,,2026-05-13
https://rubyring-games.itch.io/divine-omen/devlog/1004897/devlog-5-chapter-2-progress-update,,2026-05-13
https://kervn.itch.io/unknown333/devlog/1016884/chapter-8-is-now-available,,2026-05-13
https://carlosgames.itch.io/nodisponible/devlog/1020981/devlog-0-demo-jugable-playable-demo,,2026-05-13
https://rubyring-games.itch.io/divine-omen/devlog/1024497/devlog-6-environments-are-complete,,2026-05-13
https://carlosgames.itch.io/nodisponible/devlog/1070124/devlog-1-fcil-difcil-easy-hard,,2026-05-13
https://carlosgames.itch.io/nodisponible/devlog/1070154/devlog-2-caja-box-cartula-cover,,2026-05-13
https://meinaru.itch.io/summer-of-dreams/devlog/96053/fixed-interrogation-scene-moved-to-butler,,2026-05-13
https://meinaru.itch.io/summer-of-dreams/devlog/96756/smaller-fixes,,2026-05-13
https://meinaru.itch.io/summer-of-dreams/devlog/97675/another-batch-of-fixes,,2026-05-13
https://meinaru.itch.io/summer-of-dreams/devlog/102785/magic-system-fix-art-improvements,,2026-05-13
https://rubyring-games.itch.io/divine-omen/devlog/1094196/devlog-7-sprite-progress-and-future-plans,,2026-05-13
https://kervn.itch.io/unknown333/devlog/1123160/an-important-announcement-regarding-my-games-on-itchio,,2026-05-13
https://kervn.itch.io/unknown222/devlog/1123162/an-important-announcement-regarding-my-games-on-itchio,,2026-05-13
https://kervn.itch.io/unknown111/devlog/1123163/an-important-announcement-regarding-my-games-on-itchio,,2026-05-13
https://rubyring-games.itch.io/divine-omen/devlog/1129249/devlog-8-another-massive-update-v-12,,2026-05-13
https://carlosgames.itch.io/no-disponible/devlog/1136835/devlog-1-vacaciones-locas-atari-8-bit-commodore-64,,2026-05-13
https://moranovo.itch.io/pixel-girls-walk-sheet-park/devlog/1143690/1-update-add-avatar,,2026-05-13
https://sharkigames.itch.io/sharkis/devlog/1165128/actualizacion-025,,2026-05-13
https://circle-studios.itch.io/street-fighters/devlog/1180118/i-quit-unity-studio-beta,,2026-05-13
https://carlosgames.itch.io/nodisponible/devlog/1321962/devlog-2-gameplays-all-modes-gameplay-todos-los-modos,,2026-05-13
https://esce.itch.io/codimap/devlog/1326812/codimap-11-is-here,,2026-05-13
https://ludwig-squirrel.itch.io/ludwig/devlog/1349319/ludwig-has-been-updated,,2026-05-13
https://multigenredev.itch.io/warfare-1/devlog/1352748/warfare,,2026-05-13
https://carlosgames.itch.io/nodisponible/devlog/1360505/devlog-3-buenas-noches-bocetos-de-desarrollo-good-night-development-sketches,,2026-05-13
https://rubyring-games.itch.io/divine-omen/devlog/1378456/devlog-9-chapter-2-progress-update-part-2,,2026-05-13
https://meniclizard.itch.io/shoot-da-robots-beta/devlog/1408471/early-access,,2026-05-13
https://bosswald.itch.io/bubba/devlog/1418666/v-02,,2026-05-13
https://funk3e.itch.io/chel-ressurection/devlog/1430466/level-three,,2026-05-13
https://hollin-errante.itch.io/quiendenosotrosdos-beta/devlog/1438622/listo,,2026-05-13
https://carlosgames.itch.io/nodisponible/devlog/1448932/devlog-5-buenas-noches-gratis-good-night-free,,2026-05-13
https://funk3e.itch.io/chel-ressurection/devlog/1452725/hotel-hell,,2026-05-13
https://hollin-errante.itch.io/quiendenosotrosdos-beta/devlog/1455269/quien-de-nosotros-dos-beta,,2026-05-13
https://hollin-errante.itch.io/quien-de-nosotros-dos-beta/devlog/1461027/errores,,2026-05-13
https://hollin-errante.itch.io/quien-de-nosotros-dos-beta/devlog/1461101/se-corrigieron-los-errores,,2026-05-13
https://mauro-igoa.itch.io/the-glitcher-2d-demo/devlog/1462504/ya-llego-la-100-beta,,2026-05-13
https://ludwig-squirrel.itch.io/ludwig/devlog/1463619/i-added-time-trials-to-my-squirrel-game,,2026-05-13
https://gosty2021.itch.io/aeternum/devlog/1468188/synopsis-ingles,,2026-05-13
https://pschrisdc.itch.io/dsa/devlog/1472740/update-pre-alpha-v002,,2026-05-13
https://theepiclyguy.itch.io/localflix/devlog/1472840/new-update,,2026-05-13
https://gentle-troll.itch.io/tavern-talk/devlog/1473544/tavern-talk-full-game-out-now,,2026-05-13
https://ludwig-squirrel.itch.io/ludwig/devlog/1477092/you-can-now-see-bullets-behind-ludwigs-big-head,,2026-05-13
https://rubyring-games.itch.io/divine-omen/devlog/1478733/devlog-10-chapter-2-is-out-play-now,,2026-05-13
https://rubyring-games.itch.io/divine-omen-obsolete/devlog/1479675/devlog-1-introducing-chapter-2,,2026-05-13
https://selfmaiden.itch.io/gardenplanner/devlog/1483425/i-killed-bugs-kfermorden,,2026-05-13
https://meniclizard.itch.io/joyride/devlog/1487878/early-access,,2026-05-13
https://hollin-errante.itch.io/quien-de-nosotros-dos-beta/devlog/1487935/pequeo-descanso,,2026-05-13
https://hollin-errante.itch.io/quien-de-nosotros-dos-beta/devlog/1493586/dia-1-fuera,,2026-05-13
https://meniclizard.itch.io/the-backrooms-exploration-games/devlog/1494158/new-update,,2026-05-13
https://a515.itch.io/a515-retro-ps1-door-asset/devlog/1495868/a515-new-asset-release-authentic-ps1-door-cc0,,2026-05-13
https://lilbitt.itch.io/make-the-ball-smile/devlog/1501162/update-v101-bug-fixes-and-visual-improvements,,2026-05-13
https://st33d.itch.io/robot-vacuum-cleaner-quest/devlog/1503684/demo-update-and-a-call-for-testers,,2026-05-13
https://itch.io/blog/1505119/update-041,,2026-05-13
https://sign0studio.itch.io/written-in-ashes/devlog/1505480/i-made-a-psychological-horror-visual-novel-at-16-heres-how-it-actually-went,,2026-05-13
https://explaray.itch.io/vgame/devlog/1505523/020-forming-ideas,,2026-05-13
https://selfmaiden.itch.io/gardenplanner/devlog/1506788/one-big-bug-is-down-ein-groer-bug-ist-entfernt,,2026-05-13
https://enocdev0.itch.io/fps-starter-pack-godot-46/devlog/1508002/fps-starter-pack-windows-v2,,2026-05-13
https://lilbitt.itch.io/make-the-ball-smile/devlog/1511368/update-v102-controls-bgm-update,,2026-05-13
https://xxpassion.itch.io/lessons-of-corruption/devlog/1511412/v09,,2026-05-13
https://fabianbubozaur3.itch.io/httpsscratchmiteduprojects1073217156/devlog/1511639/this-fangame-is-cancelled-not-anymore,,2026-05-13
https://selfmaiden.itch.io/gardenplanner/devlog/1514104/category-and-location-update-kategorien-und-orts-update,,2026-05-13
https://ruleralva.itch.io/tinyterrors/devlog/1514235/devlog-10-were-in-the-endgame-now,,2026-05-13
https://itch.io/blog/1514644/update-0431,,2026-05-13
https://ayyemtea.itch.io/first-love/devlog/1514949/week-3-uhhh-game,,2026-05-13
https://cagd.itch.io/rally-rumble/devlog/1515272/production-blog-postmortem,,2026-05-13
https://ririspace0.itch.io/polter-glitch/devlog/1515849/3d-asset-creation-mari,,2026-05-13
https://damienkusters.itch.io/rapid-survival/devlog/1516154/rapid-survival-130,,2026-05-13
https://elm8-studio.itch.io/built-for-the-ring/devlog/1517047/beta-update-v012,,2026-05-13
https://metalwar.itch.io/lands-of-folklore/devlog/1517212/devlog-1-just-like-jack-burton-says-what-the-hell,,2026-05-13
https://kiddn.itch.io/tree-trekker-game/devlog/1517433/checkpoint-3-interaction,,2026-05-13
https://code06.itch.io/infect-ahead/devlog/1517449/the-artifact-update-new-buffs-improvements-more-v010,,2026-05-13
https://selfmaiden.itch.io/gardenplanner/devlog/1517957/and-again-some-new-functions-neue-neue-funktionen,,2026-05-13
https://johnreno.itch.io/ghost-house-3d/devlog/1518276/huge-optimizations,,2026-05-13
https://omlyultra.itch.io/soulstealer/devlog/1518524/soulstealer-devlog-2-the-shadows-of-the-slums,,2026-05-13
https://timo-uudev.itch.io/unending-universe/devlog/1518875/unending-universe-92,,2026-05-13
https://mubdev.itch.io/mubloop/devlog/1519184/mubloop-v11-released-added-clip-mode,,2026-05-13
https://morrins.itch.io/aritmetris/devlog/1519206/aritmetris-v2-is-out-versus-mode-cpu-duels-and-a-better-first-run,,2026-05-13
https://abho.itch.io/cobb-can-move/devlog/1519297/v15-v152,,2026-05-13
https://ugly2.itch.io/full-life-first-thought/devlog/1519329/week-10-devlog,,2026-05-13
https://supermelon80.itch.io/bouncing-bean/devlog/1519331/v18-out,,2026-05-13
https://quasideificalpaca.itch.io/legacy-of-aeon/devlog/1519465/legacy-of-aeon-1-year-anniversary-campaign,,2026-05-13
https://mobilelast.itch.io/hanaa/devlog/1519493/happened-in-hanaa-vol-49-may-4-10-2026,,2026-05-13
https://bonkcade.itch.io/feistyfangs/devlog/1519580/fight-the-delisting-free-demo-bundle-2,,2026-05-13
https://pschrisdc.itch.io/dsa/devlog/1519611/update-pre-alpha-v003,,2026-05-13
https://ignavilla.itch.io/breadyornot/devlog/1519656/week-9-bread-zeppelin,,2026-05-13
https://robsterskip.itch.io/group15-gameprojects/devlog/1519661/devlog-9-last-week-of-production,,2026-05-13
https://rockbotom.itch.io/forsaken/devlog/1519725/attempt-at-modeling-ellailas-body,,2026-05-13
https://focaccai.itch.io/alien-pinball/devlog/1519788/update-2-alien-variants-and-achievements,,2026-05-13
https://sunflower-again.itch.io/bluemontime/devlog/1519830/demo-out-now,,2026-05-13
https://qilei-yin.itch.io/game-design/devlog/1519868/week78-for-twine-game,,2026-05-13
https://trubluis.itch.io/grow-a-girlfriend/devlog/1519989/grow-a-girlfriend-optimistic-update,,2026-05-13
https://aladba-studios.itch.io/baldisbasicsremastered/devlog/1520011/bugfix,,2026-05-13
https://ririspace0.itch.io/polter-glitch/devlog/1520103/project-managing-level-design-rey,,2026-05-13
https://littlebeardman.itch.io/brewers-of-khazad-dun/devlog/1520164/brewers-of-khazad-dun-devlog-03-tooltip-hell,,2026-05-13
https://n8scape.itch.io/dice-deluxe/devlog/1520172/release-dice-deluxes-first-build-is-out,,2026-05-13
https://beezeebox.itch.io/cyberpunk-sci-fi-city-exterior-16x16-tileset/devlog/1520275/rpg-maker-mv-mz-support-is-finally-here,,2026-05-13
https://zzippyy.itch.io/anightinthecornfield/devlog/1520279/the-days-before-the-10-release,,2026-05-13
https://mudmood-studio.itch.io/big-small-world/devlog/1520295/may-2026-devlog,,2026-05-13
https://cardoceniza.itch.io/moon-palace/devlog/1520306/primera-revisin,,2026-05-13
https://rosenius.itch.io/power-paddle-dx/devlog/1520430/power-paddle-dx-retroactive-devlog-part-1,,2026-05-13
https://itch.io/blog/1520436/welcome-to-the-next-chapter-of-adventure,,2026-05-13
https://mmdelight.itch.io/cookiegame/devlog/1520444/v11-now-available,,2026-05-13
https://iamathycus.itch.io/quarantine-libido/devlog/1520466/new-dev-update-available,,2026-05-13
https://kkg-fap-studio.itch.io/pullhouse/devlog/1520497/pullhouse-v050-release,,2026-05-13
https://dussop.itch.io/dimension-69/devlog/1520522/update-034-033-public-finally-right,,2026-05-13
https://npckc.itch.io/a-year-of-springs-fan-pack/devlog/1520529/a-year-of-springs-fan-pack-released,,2026-05-13
https://aconcas.itch.io/pixx/devlog/1520544/pixx-parche-102,,2026-05-13
https://naughtynights.itch.io/theledgerofrichardharper/devlog/1520547/sneak-peek-of-isabella-from-in-progress-work-of-episode-2,,2026-05-13
https://npckc.itch.io/a-year-of-springs/devlog/1520555/fan-pack-line-stamps-released-happy-5th-anniversary-to-a-year-of-springs,,2026-05-13
https://alexikusaba.itch.io/fractured-frontlines/devlog/1520575/scott-fowler-team-lead-and-vfx-lead,,2026-05-13
https://polyshades.itch.io/coolifier/devlog/1520593/patch-notes-1311-color-profile-improvements-more,,2026-05-13
https://ririspace0.itch.io/polter-glitch/devlog/1520617/environment-enemy-boss-fight-design-cody,,2026-05-13
https://robotomize.itch.io/xeno3/devlog/1520621/xeno3-update-v0116,,2026-05-13
https://antoniohr-dev.itch.io/sliver/devlog/1520625/devlog-1-building-the-foundation,,2026-05-13
https://david-senate.itch.io/apocalypse-pd/devlog/1520627/v073-new-tactical-update,,2026-05-13
https://uniprimesoftware.itch.io/universe-x/devlog/1520630/10-release,,2026-05-13
https://rswinkle.itch.io/shader-workshop/devlog/1520636/first-public-release-040-beta,,2026-05-13
https://fawlliin.itch.io/what-another-clicker-games-yet/devlog/1520637/ingot-update,,2026-05-13
https://spvcer3ii.itch.io/tax-return/devlog/1520638/version-210-itchio-release,,2026-05-13
https://gurnburial.itch.io/being-a-forest-snake-despite-rising-water-level/devlog/1520639/update,,2026-05-13
https://arkjoys.itch.io/sonic-clock-of-madness/devlog/1520640/sorry-but-i-didnt-keep-my-promise,,2026-05-13
https://marcinjedrol.itch.io/pocket-kingdom-a-game-that-you-make/devlog/1520641/v013,,2026-05-13
https://eromur-abel.itch.io/tales-of-divinity-rodinkas-lewd-adventures/devlog/1520643/-00616-mz-update-to-00616-mz,,2026-05-13
https://itsrotting.itch.io/unik/devlog/1520645/v20-demo-1-changelog,,2026-05-13
https://0xdba.itch.io/pixel-surge/devlog/1520646/take-down-the-boss-,,2026-05-13
https://daniele-santana.itch.io/animals/devlog/1520647/animals-update,,2026-05-13
https://lelafo.itch.io/dearevelina/devlog/1520648/010-demo-lore-update,,2026-05-13
https://newcompanystore.itch.io/gta-good-bye-mod-storyline-v1-1/devlog/1520649/gta-good-bye-mod-storyline-version-11,,2026-05-13
https://g2creations.itch.io/universitys-secrets/devlog/1520650/major-update-episode-1-part-3-is-now-live,,2026-05-13
https://jason-cai.itch.io/miami-vandal/devlog/1520651/new-version,,2026-05-13
https://ivanbarabash.itch.io/your-mark-remains/devlog/1520652/your-mark-remains-post-jam-version-release-notes,,2026-05-13
https://kutushmurf.itch.io/succubus-games-demo/devlog/1520653/new-version-023-is-out,,2026-05-13
https://explodi.itch.io/microlandia/devlog/1520655/microlandia-110-a-technical-upgrade,,2026-05-13
https://sewnaropl.itch.io/fml-football-manager-lite/devlog/1520656/update-11-indev-leagues-and-language-fixes,,2026-05-13
https://ulriko.itch.io/nexshell/devlog/1520657/v0150-la-beta-et-la-musique,,2026-05-13
https://adaid.itch.io/the-adventure-of-the-little-burger/devlog/1520658/v11-,,2026-05-13
https://manushyameivita.itch.io/celestial-anomaly-immortal-ascendant/devlog/1520659/celestial-anomaly-immortal-ascendant-v050-pre-alpha-update,,2026-05-13
https://guphy.itch.io/bootleg-juice-co/devlog/1520660/postjam-update,,2026-05-13
https://jlbar3420.itch.io/games-s3tc/devlog/1520661/a-new-home-05112026,,2026-05-13
https://itch.io/blog/1520662/bbv-report-11-another-sparrow-new-model-plans,,2026-05-13
https://itch.io/blog/1520663/mind-incarnated-is-now-on-boardgamegeek,,2026-05-13
https://team-galacita.itch.io/the-ancient-ember/devlog/1520664/half-of-the-game-will-be-in-the-works,,2026-05-13
https://antiquegeargames.itch.io/idle-gumball-machine/devlog/1520665/idle-gumball-machine-11-update-out-now,,2026-05-13
https://misterkuul.itch.io/flyboys/devlog/1520666/version-051-update,,2026-05-13
https://xogua.itch.io/bloody-flower-of-teyvat/devlog/1520667/summer-update-progress-renpy-minigames-release,,2026-05-13
https://nytheradev.itch.io/nythera-thaerom-archive/devlog/1520668/devlog-9-survival-damage-system-stabilized,,2026-05-13
https://marcos-dominguez.itch.io/fuego-heroic-edition/devlog/1520669/-premios-ignotus-2026,,2026-05-13
https://thecatgamecomapny.itch.io/the-lab-rat/devlog/1520670/a-2-day-gamedev-contest,,2026-05-13
https://sensei-xiongmao.itch.io/trashmageddon-recycled/devlog/1520671/wikigeddon-,,2026-05-13
https://itch.io/blog/1520672/drawing-by-me-1,,2026-05-13
https://msp-games.itch.io/silentnoise/devlog/1520674/-official-announcement-the-silence-is-coming,,2026-05-13
https://dreamlike-studios.itch.io/lemonade-tycoon/devlog/1520675/non-vr-demo-version-01,,2026-05-13
https://atoshim3566gmailcom.itch.io/atos-fantasy-rpg-demo-legacy-of-the-light-prologue/devlog/1520677/the-role-of-chapter-1,,2026-05-13
https://trisutridi.itch.io/virumaweb/devlog/1520678/viruma-web-build-4,,2026-05-13
https://ducking-donuts.itch.io/shifting-garden/devlog/1520679/101,,2026-05-13
https://cengizkara.itch.io/ram-survivor/devlog/1520680/ram-survivor-v70,,2026-05-13
https://dg-otp.itch.io/isekai-farmer/devlog/1520681/testing-post,,2026-05-13
https://skytimofei2023.itch.io/ultimate-bee-simulator/devlog/1520682/broken-economy-usb-demo-v15,,2026-05-13
https://virtualassets.itch.io/axion/devlog/1520683/upcoming-changes,,2026-05-13
https://samasgari.itch.io/gjerdingsaeterkvadet/devlog/1520684/vhs-teipen-hakker,,2026-05-13
https://littlesnakestudio.itch.io/capybara-cafe-chronicles/devlog/1520685/dev-log-may-2026-customize-your-mc,,2026-05-13
https://stricklandnatasha461.itch.io/keines-expanding-class/devlog/1520686/keines-expanding-class,,2026-05-13
https://realgames-stodios.itch.io/vendetta/devlog/1520687/multi-platform-release-roadmap,,2026-05-13
https://violetta-lamb05.itch.io/echo-of-amaia/devlog/1520688/ben-holmes-devlog,,2026-05-13
https://ragtorstone.itch.io/orc-bastion-free/devlog/1520689/better-translation-support-japanese-chinese-more,,2026-05-13
https://deathknuckle.itch.io/zokys-adventure/devlog/1520690/zokys-adventure,,2026-05-13
https://yeroshy.itch.io/a-cream-fangame/devlog/1520691/relese-01,,2026-05-13
https://gemmagrant941.itch.io/drug-lord-tycoon/devlog/1520692/drug-lord-tycoon,,2026-05-13
https://ragtorstone.itch.io/orc-bastion-full/devlog/1520693/better-custom-translation-support-chinese-japanese-more,,2026-05-13
https://s4dfox.itch.io/actor-simulator/devlog/1520694/stardom-path-full-progression-v11,,2026-05-13
https://secondslip.itch.io/3-wickets-in-hand/devlog/1520695/first-release,,2026-05-13
https://alexikusaba.itch.io/fractured-frontlines/devlog/1520696/object-modelling-and-worldbuilding,,2026-05-13
https://kap00t.itch.io/group09-game-project-demo/devlog/1520697/devlog-9-playtests-poof-clouds-and-throwing-everything,,2026-05-13
https://darkbloodbane.itch.io/cobo/devlog/1520698/cobo-cost-is-complete,,2026-05-13
https://frank-vector.itch.io/mycollege/devlog/1520699/my-college-version-022-espaol-english,,2026-05-13
https://roadonek.itch.io/up-and-up-anomaly/devlog/1520701/prototype-rebuilding,,2026-05-13
https://catmaycune301.itch.io/ditu/devlog/1520702/ditu-050-up-3-and-savecore-v-20,,2026-05-13
https://waypointplay.itch.io/high-weh/devlog/1520703/high-weh-v13-to-v132-sekali-tak-cukup,,2026-05-13
https://saxonarts.itch.io/run-goblin-girl-run/devlog/1520704/v-1247,,2026-05-13
https://mymo-in-bb.itch.io/drag-it-on/devlog/1520705/loading-screen,,2026-05-13
https://itch.io/blog/1520706/ufo-signals-is-out-now,,2026-05-13
https://cpttrips83.itch.io/mp-souls-test/devlog/1520707/patchnotes-0017,,2026-05-13
https://invincitank.itch.io/overdue/devlog/1520708/tanks-sound-design-devlog,,2026-05-13
https://companionwulf.itch.io/bakin-plugin-rich-text-popup/devlog/1520710/you-know-nothing-jon-snow,,2026-05-13
https://pigeon24-studio.itch.io/cat-hood-phys/devlog/1520711/demo-30,,2026-05-13
https://meiri.itch.io/doce-fim/devlog/1520712/original-theme-song-premiere-on-may-15th,,2026-05-13
https://invincitank.itch.io/overdue/devlog/1520713/dev-log-ratkatbat,,2026-05-13
https://a515.itch.io/a515-retro-ps1-door-asset/devlog/1520714/a515-new-asset-release-authentic-ps1-door-,,2026-05-13
https://madgrace.itch.io/jewel-twister/devlog/1520715/jewel-twister-v0025-update,,2026-05-13
https://xanderstudio.itch.io/journeygalaxis/devlog/1520716/journey-galaxis-may-progress,,2026-05-13
https://phoenix616.itch.io/under-fallen-leaves/devlog/1520717/under-fallen-leaves-update-012,,2026-05-13
https://finalbossblues.itch.io/godless-avalon/devlog/1520718/alpha-build-updated,,2026-05-13
https://st-chem-atelier.itch.io/nocturnalaffair-plus/devlog/1520719/11052026-poll,,2026-05-13
https://sfgarden.itch.io/sfgarden-demo/devlog/1520720/-sfgarden-demo-is-now-live-on-itchio,,2026-05-13
https://rowdydawdy.itch.io/playchinko/devlog/1520721/500-levels-new-ui-updates,,2026-05-13
https://jc-software-cz.itch.io/exitus-in-memoriam/devlog/1520722/exitus-in-memoriam-devlog-i,,2026-05-13
https://foach.itch.io/foach/devlog/1520723/v123-thank-you-d519-the-music-update,,2026-05-13
https://dareint.itch.io/the-morning-star-26/devlog/1520724/version-b-update,,2026-05-13
https://spankmates.itch.io/spankmates-violet/devlog/1520725/new-spankmate-out-now,,2026-05-13
https://starzia-telly.itch.io/boxes-and-brews/devlog/1520726/latest-build-2,,2026-05-13
https://windsmile.itch.io/skywind/devlog/1520727/add-game-progress-saving-and-loading,,2026-05-13
https://stardriveteam.itch.io/jupiter-160/devlog/1520728/jupiter-160-a-14-day-migration,,2026-05-13
https://mobile-scrap.itch.io/fast-food/devlog/1520729/more-speed,,2026-05-13
https://lizardfactory.itch.io/bangtubers/devlog/1520730/gamejam-day-3-progress-report,,2026-05-13
https://alexikusaba.itch.io/fractured-frontlines/devlog/1520731/michal-player-controller,,2026-05-13
https://jeored.itch.io/idle-shelter-dog-rescue-tycoon/devlog/1520732/update,,2026-05-13
https://code-dev.itch.io/youngchun-desktop-pet/devlog/1520733/youngchun-is-here,,2026-05-13
https://daoimmerser.itch.io/dao-ascension/devlog/1520734/22nd-public-rewrite-update,,2026-05-13
https://yewlark.itch.io/mp4tosprite/devlog/1520735/latest-improvements-mp4tosprite-v253,,2026-05-13
https://steven-miller.itch.io/pull-chain/devlog/1520736/update-4,,2026-05-13
https://tocostudio.itch.io/yippee-kai-yankee-motherfucker/devlog/1520737/ykymf-09,,2026-05-13
https://alexikusaba.itch.io/fractured-frontlines/devlog/1520738/alexikusaba-character-design-animation-devlog,,2026-05-13
https://kyronaught.itch.io/project-threshold/devlog/1520739/project-threshold-game-release,,2026-05-13
https://bykrem.itch.io/luretopay/devlog/1520740/fixed-issue-with-goblin-hurt-animation,,2026-05-13
https://failurefast56.itch.io/stuck-in-my-game/devlog/1520741/stuck-in-my-game,,2026-05-13
https://nocoldiz.itch.io/hypernet-explorer/devlog/1520742/you-can-now-build-a-lighthouse-i-guess,,2026-05-13
https://itch.io/blog/1520743/should-i-make-a-new-mod-sprunki-mod-i-mean,,2026-05-13
https://roadkillcandy.itch.io/cat-galaxy-art-book/devlog/1520744/portfolio-builders-jam-week-72,,2026-05-13
https://roadkillcandy.itch.io/cat-galaxy-art-book/devlog/1520745/portfolio-builders-jam-week-72,,2026-05-13
https://lunacute.itch.io/giftxisu/devlog/1520746/add-screenshots,,2026-05-13
https://spacedog80.itch.io/kukuruchi/devlog/1520747/kukuruchi-new-version-v-045,,2026-05-13
https://bruce-cat.itch.io/geneside/devlog/1520748/12-update-is-here,,2026-05-13
https://spinnx.itch.io/sikora/devlog/1520749/script-heart,,2026-05-13
https://polytricity.itch.io/the-c64-dev-machine/devlog/1520750/fixes-and-updates,,2026-05-13
https://elgincarr.itch.io/everything-is-crabtrainer/devlog/1520751/everything-is-crab-cheat-launched-v10,,2026-05-13
https://jakeoreilly.itch.io/starshot-idle/devlog/1520752/version-101,,2026-05-13
https://alcyone-legends.itch.io/ilias-alcyone-legends/devlog/1520753/devlog,,2026-05-13
https://alcyone-legends.itch.io/ilias-alcyone-legends-paid-version/devlog/1520754/devlog,,2026-05-13
https://satyrnstudios.itch.io/99-problems-all-customers/devlog/1520756/minor-v056-beta-ui-feedback-changes,,2026-05-13
https://pornsimold.itch.io/brothel-royale-prologue-demo/devlog/1520758/brothel-royale-r34-bordello-sim,,2026-05-13
https://henryfaber.itch.io/agentic-incident/devlog/1520759/ai-tojam-20-build-up-from-strawberry-jambon,,2026-05-13
https://phynthefox.itch.io/vulxilow/devlog/1520760/vulxilow-153,,2026-05-13
https://sanghendrix.itch.io/realtime-event-effects-builder-rpg-maker-mz-plugin/devlog/1520761/version-106-major-ui-overhaul-and-a-new-fx,,2026-05-13
https://mimrpim.itch.io/gamesa/devlog/1520762/small-sound-bug-fix-update,,2026-05-13
https://youucho.itch.io/backward/devlog/1520763/-3-r260313-r260506-r260511,,2026-05-13
https://captain-iceblock.itch.io/simon-and-friends/devlog/1520764/simon-and-friends-010,,2026-05-13
https://tristan-delheye.itch.io/game-projects/devlog/1520765/end-of-production-sprint-2,,2026-05-13
https://itch.io/blog/1520766/new-vn-on-the-way,,2026-05-13
https://geekzebra.itch.io/astriom/devlog/1520767/day-and-night-v0010,,2026-05-13
https://cryingonion128.itch.io/brian-and-the-lost-crown/devlog/1520768/brian-and-the-lost-crown-devlog,,2026-05-13
https://pornsimold.itch.io/brothel-royale-prologue-demo/devlog/1520769/brothel-royale-r34-bordello-sim-is-out,,2026-05-13
https://thesociallyawkward.itch.io/sokobomb/devlog/1520770/post-jam-update,,2026-05-13
https://gemmagrant941.itch.io/reborn-summoner/devlog/1520771/reborn-summoner,,2026-05-13
https://content4theneurodivergent.itch.io/universal-numerology-oracle-8-ancient-systems/devlog/1520772/devlog-5-from-single-oracle-to-spiritual-cockpit-the-birth-of-the-oracle-suite,,2026-05-13
https://itch.io/blog/1520773/hello-world,,2026-05-13
https://ghallad.itch.io/omnisloth-empire-of-nothing/devlog/1520774/well-here-we-go,,2026-05-13
https://moonwave-studios.itch.io/keybeat/devlog/1520775/patch-7,,2026-05-13
https://pseudoku.itch.io/pachinkle/devlog/1520776/update-v11,,2026-05-13
https://asuma312.itch.io/idle-cultivation-path/devlog/1520777/devlog-v026,,2026-05-13
https://bigfoot71.itch.io/raze-protocol/devlog/1520778/raze-protocol-alpha-012,,2026-05-13
https://itch.io/blog/1520779/cool-progress-update,,2026-05-13
https://irdurdev.itch.io/malovent-v03-espanol-no-oficial-archivos/devlog/1520780/traduccin-malovent-solo-tlspanish,,2026-05-13
https://irdurdev.itch.io/malovent-v03-espanol-no-oficial-archivos/devlog/1520781/traduccin-malovent-solo-tlspanish,,2026-05-13
https://jodajoda.itch.io/pairforest/devlog/1520782/new-feature,,2026-05-13
https://wyrdogm.itch.io/tales-from-the-loom-tftl/devlog/1520783/another-small-addition-world-building-through-truths,,2026-05-13
https://fernsugi.itch.io/month-cycle-table/devlog/1520784/new-update-overture-finale-bonuses,,2026-05-13
https://red-lily.itch.io/red-lily/devlog/1520785/meet-the-writer-and-story-updates,,2026-05-13
https://ryukai999.itch.io/rogueeternal/devlog/1520786/rogue-eternal-releases,,2026-05-13
https://divine-operator.itch.io/divine-machinary-intervention-foxfire-anomoly/devlog/1520787/demo-10-release,,2026-05-13
https://creativenarwhal.itch.io/rosu/devlog/1520788/title-card-probably,,2026-05-13
https://hypertuna.itch.io/femshawson-zine-2/devlog/1520789/trailer-is-out,,2026-05-13
https://denzelgamedev.itch.io/badfruit/devlog/1520790/update-v003,,2026-05-13
https://chelebonchik-games.itch.io/cgdsfnatitchio/devlog/1520791/fnat,,2026-05-13
https://hiidagi-aogiri.itch.io/gamebook-0/devlog/1520792/ver011,,2026-05-13
https://killahseven.itch.io/my-new-family/devlog/1520794/progress-update-11052026,,2026-05-13
https://blockzerointeractive.itch.io/keyboard-defense/devlog/1520795/keyboard-defense-is-live-devlog-1,,2026-05-13
https://randonkajo.itch.io/untitled-farming-gaem/devlog/1520796/game-prototype-3,,2026-05-13
https://maru-98.itch.io/scifi-chest-pack-8-chests-open-closed/devlog/1520797/15-launch-discount-scifi-dungeon-chest-pack,,2026-05-13
https://extradequeso.itch.io/operacion-franchute/devlog/1520798/la-versin-101-est-disponible,,2026-05-13
https://n2fat.itch.io/rog/devlog/1520799/v03-available-on-patreon,,2026-05-13
https://marcinjedrol.itch.io/pocket-kingdom-a-game-that-you-make/devlog/1520800/v014,,2026-05-13
https://alexmulkerrin.itch.io/ludum-dare-59-signal/devlog/1520802/post-mortem,,2026-05-13
https://deuronius.itch.io/gariax/devlog/1520803/express-mode-cleaned-up,,2026-05-13
https://skytimofei2023.itch.io/ultimate-bee-simulator/devlog/1520804/kind-bees-ubs-demo-v16,,2026-05-13
https://elgincarr.itch.io/alabaster-dawn-trainer/devlog/1520805/alabaster-dawn-cheat-launched-v10,,2026-05-13
https://resinhead.itch.io/blight/devlog/1520806/release-146-bots-find-their-bearings,,2026-05-13
https://ghost-filament.itch.io/starcrossed/devlog/1520807/my-bhj7-entry,,2026-05-13
https://virussdev.itch.io/despise-ap2026/devlog/1520808/game-is-still-alive,,2026-05-13
https://aladba-studios.itch.io/baldisbasicsremastered/devlog/1520809/bugfix,,2026-05-13
https://zaju.itch.io/culture-pixel/devlog/1520810/culture-pixel-version-106,,2026-05-13
https://shuthulu.itch.io/dragon-girl-x-remake/devlog/1520811/dgx-remake-013-info,,2026-05-13
https://losbalhamos-sudios.itch.io/three-minutes-at-easter-grandpa/devlog/1520812/cancelation-of-11,,2026-05-13
https://runebitdice.itch.io/amethyst-crystal-d20/devlog/1520813/out-today-free-amethyst-crystal-d20-sprite-pack,,2026-05-13
https://itch.io/blog/1520814/gipong,,2026-05-13
https://moonwave-studios.itch.io/keybeat/devlog/1520815/small-patch,,2026-05-13
https://srrn-games.itch.io/village-of-the-north/devlog/1520816/village-of-the-north-v125,,2026-05-13
https://kitten-hill.itch.io/mama-vs-the-raccoons/devlog/1520817/v-010,,2026-05-13
https://schleinzer.itch.io/natural-soccer-world-championship/devlog/1520818/release-102,,2026-05-13
https://neon-evader.itch.io/neon-evader/devlog/1520819/improve-your-instincts,,2026-05-13
https://itch.io/blog/1520820/changes-v0017,,2026-05-13
https://weirdfellows.itch.io/wizard-school-dropout/devlog/1520821/release-preview-153-studying-bug-fix,,2026-05-13
https://rebel-tomboy-games.itch.io/project-dreadsteel/devlog/1520822/project-dreadsteel-devlog-v02-8,,2026-05-13
https://blumia.itch.io/pineapple-notepad/devlog/1520823/pineapple-notepad-progress-report-050-released,,2026-05-13
https://kitten-hill.itch.io/mama-vs-the-raccoons/devlog/1520824/v-100,,2026-05-13
https://benjamin-x18.itch.io/ham-adventure-version-demo/devlog/1520825/quien-es-quien-ham,,2026-05-13
https://kitten-hill.itch.io/mama-vs-the-raccoons/devlog/1520826/v-101,,2026-05-13
https://rmyszka.itch.io/magic-crafting-prototype/devlog/1520827/update-4-new-map,,2026-05-13
https://real-mirsid.itch.io/depression/devlog/1520829/epilepsy-fix,,2026-05-13
https://kiobe.itch.io/belle-video-clicker-adult-version-nsfw/devlog/1520830/release-belle-video-clicker,,2026-05-13
https://itch.io/blog/1520831/phd-temper-electrum,,2026-05-13
https://simpornold.itch.io/porn-sim-extreme-porn-studio-simulator/devlog/1520832/brothel-royale-is-out-r34-hentai-game-play-now,,2026-05-13
https://shadowdragon-jb.itch.io/html-manipulations/devlog/1520833/performance-and-changes,,2026-05-13
https://itch.io/blog/1520834/whats-for-dinner-tonight-extra-art,,2026-05-13
https://lewinstonillustration.itch.io/gloryanna-the-first-volley/devlog/1520835/v106-update,,2026-05-13
https://mrmgames.itch.io/voxel-angel-characters-pack/devlog/1520836/released-voxel-angel-characters-pack,,2026-05-13
https://silkandstone.itch.io/detect-or-die/devlog/1520837/doctor-or-dozen,,2026-05-13
https://idglab.itch.io/tyranobuilder-next/devlog/1520838/tyranobuilder-v400-nv,,2026-05-13
https://welttrekkerstudio.itch.io/oath-of-three-sisters/devlog/1520839/v003-hotfix-planned,,2026-05-13
https://pseudoku.itch.io/pachinkle/devlog/1520840/update-v12,,2026-05-13
https://2girls1game.itch.io/roll-to-seduce-vn/devlog/1520841/devlog-0000-new-start-,,2026-05-13
https://franciszekrakowiecki.itch.io/pierats/devlog/1520843/week10-production-sprint-2-part-3,,2026-05-13
https://darkbluesnowfox.itch.io/gp14gameproject/devlog/1520844/week-9-were-in-the-endgame-now,,2026-05-13
https://brainforge-collections.itch.io/void-examination-contos/devlog/1520845/devlog-void-examination-o-comeo-do-void,,2026-05-13
https://lara-gg.itch.io/gp19projectname/devlog/1520846/devlog-9-second-sprint-is-over,,2026-05-13
https://srrn-games.itch.io/village-of-the-north/devlog/1520847/village-of-the-north-v125-new-photos,,2026-05-13
https://yuri123-bot.itch.io/sci-fi-2600/devlog/1520848/big-update-new-backgrounds-sound-systems,,2026-05-13
https://itch.io/blog/1520849/mowing-masters-official-release-trailer,,2026-05-13
https://nargacu83.itch.io/theg/devlog/1520850/theg-0164hotfix-released,,2026-05-13
https://wyvernden.itch.io/wip-projects/devlog/1520851/affinity-affinity-oh-my-god-why-it-is-so-hard-to-make-a-damn-pdf,,2026-05-13
https://gflo412.itch.io/void-descent/devlog/1520852/ui-polish-kit-fixes,,2026-05-13
https://delta-428.itch.io/hostage-rescue/devlog/1520853/basic-qol-upgrades,,2026-05-13
https://dragonfanged.itch.io/super-poop-blaster/devlog/1520854/first-game,,2026-05-13
https://samueloliveira.itch.io/entreoespelho/devlog/1520855/retomando-ao-projeto,,2026-05-13
https://velvetvortex.itch.io/my-femdom-wife/devlog/1520856/s20-worship,,2026-05-13
https://moderndegenerate.itch.io/blood-spirals/devlog/1520857/blood-spirals-032-public-release,,2026-05-13
https://multigenredev.itch.io/simple-experiment-with-blocks/devlog/1520858/simple-experiment-devlog,,2026-05-13
https://cosmiccataxy.itch.io/6-minutes-in-the-bathroom/devlog/1520859/6mitb-port-remake-what-is-it-called,,2026-05-13
https://osr-vf.itch.io/open-basic/devlog/1520860/version-rvise-passage-de-16-30-pages,,2026-05-13
https://weeangusmcdread.itch.io/barrelstorm/devlog/1520861/achievement-system,,2026-05-13
https://david-sh.itch.io/castlevania-nosferatu/devlog/1520862/fullscreen-toggle-update,,2026-05-13
https://dreamdepartment.itch.io/lycisca/devlog/1520863/post-jam-and-the-future-of-lycisca,,2026-05-13
https://etk-games.itch.io/etk-image-compressor/devlog/1520864/etk-image-compressor-pro-new-update-live,,2026-05-13
https://maxkool5.itch.io/tacticalxabyss/devlog/1520865/devlog-number-one,,2026-05-13
https://divisionplus.itch.io/instant-fantasy-character-binder/devlog/1520866/day-2-patch,,2026-05-13
https://r4flutter.itch.io/fearflip/devlog/1520867/fearflip-is-now-live-every-flip-changes-reality,,2026-05-13
https://nightledevs.itch.io/nighthesis/devlog/1520868/117may-devlog,,2026-05-13
https://alexisroyce.itch.io/nonplatonic-forms-demo-ver/devlog/1520869/storytellers-festival-2026-and-other-updates,,2026-05-13
https://avonoen.itch.io/game-projects-group-27/devlog/1520870/devlog-8-sprint-2-week-3-development,,2026-05-13
https://rubix124.itch.io/operation-ultra/devlog/1520871/things-are-looking-bright,,2026-05-13
https://gorgers69.itch.io/gorg-crazy-adventure/devlog/1520872/gorgs-crazy-adventure-demo-1-is-out,,2026-05-13
https://nikaiai.itch.io/abcdeath/devlog/1520873/post,,2026-05-13
https://metalwar.itch.io/lands-of-folklore/devlog/1520874/devlog-2-the-house-from-the-roof-down-and-the-refactoring-hell,,2026-05-13
https://alexis986.itch.io/red-rogue-alpha/devlog/1520875/v042-updated-tutorial-bugfixes,,2026-05-13
https://mrchowmodding.itch.io/sikorsky-helicopters-uh-60-black-hawk/devlog/1520876/sikorsky-helicopters-uh-60-black-hawk-out-now,,2026-05-13
https://jimmys7777.itch.io/mech-00/devlog/1520877/expansion-set-for-mech-00,,2026-05-13
https://pseudoku.itch.io/pachinkle/devlog/1520878/update-v13,,2026-05-13
https://haabb001.itch.io/tower-48/devlog/1520880/tower-48-alpha-v05-menus-and-economy,,2026-05-13
https://keehan12.itch.io/paper3d/devlog/1520881/alpha-118,,2026-05-13
https://darythas.itch.io/astreon/devlog/1520882/048,,2026-05-13
https://alice-karavotas.itch.io/group08gameprojects/devlog/1520883/devlog-09-neatly-clawlivered,,2026-05-13
https://pinknarcissus.itch.io/the-red-ballet/devlog/1520884/the-red-ballet-build-8-a-new-tape,,2026-05-13
https://micaharvey.itch.io/carnival-smash/devlog/1520885/every-game-development-has-a-price,,2026-05-13
https://butterdawgg.itch.io/gp02-fireballin/devlog/1520886/fireballin-production-sprint-2-week-3,,2026-05-13
https://immanuelplayzz.itch.io/sprunki-melody/devlog/1520887/im-new-to-itchiothis-mod-is-in-work,,2026-05-13
https://antoner8.itch.io/eat-the-dungeon/devlog/1520888/eat-the-dungeon-on-web,,2026-05-13
https://dsavioni.itch.io/lighttreefm/devlog/1520889/icons-for-main-elements-in-lighttreefm,,2026-05-13
https://cpttrips83.itch.io/mp-souls-test/devlog/1520890/patchnotes-0018,,2026-05-13
https://warui-programmer.itch.io/five-nights-at-lust/devlog/1520891/news-about-five-nights-at-lust,,2026-05-13
https://mister-rooster.itch.io/wartribe-alliances/devlog/1520892/more-for-patreon,,2026-05-13
https://mrmop44.itch.io/twilight-haven/devlog/1520893/web-optimisation-ui-update,,2026-05-13
https://winfilmiyapan103.itch.io/yenkup/devlog/1520894/codeberga-tanma,,2026-05-13
https://itch.io/blog/1520896/what-ive-been-working-on-past-projects,,2026-05-13
https://maxwolffurry.itch.io/promisesoftheheart-10-winzip/devlog/1520897/promises-the-heart,,2026-05-13
https://tashi501.itch.io/dbts-decisions-behind-the-screen/devlog/1520898/dbts-new-cards-concepts,,2026-05-13
https://optheflavour.itch.io/unbind-demo/devlog/1520899/update-2026-05-11,,2026-05-13
https://loeffelstiel-interactive.itch.io/lootbox/devlog/1520900/speicherupdate,,2026-05-13
https://sonci64.itch.io/gone-fishing/devlog/1520902/gone-fishing-v1016,,2026-05-13
https://nienawisc.itch.io/sojourner-ii/devlog/1520903/sojourner-ii-beneath-mars-for-solo-dev-jam-11,,2026-05-13
https://yeetrs.itch.io/pecknsend/devlog/1520904/devlog9-end-of-production,,2026-05-13
https://ninjachicle.itch.io/ge-lie-boyxreader/devlog/1520905/subject-skill-tree,,2026-05-13
https://dominoautumn.itch.io/ultagenicstheparasite/devlog/1520906/may-content-update,,2026-05-13
https://sparkgapgames.itch.io/socrates/devlog/1520907/ti-994a-socrates-game-development-devlog-22-delay-loop-timing-sound-effects-and-compiling,,2026-05-13
https://zmijanc.itch.io/tve-client/devlog/1520908/version-133-is-out-now,,2026-05-13
https://kukukaeruvt.itch.io/kai-gai/devlog/1520911/version-015,,2026-05-13
https://phasmofiregod.itch.io/hamlet-of-sequinox/devlog/1520912/update-0001,,2026-05-13
https://gucksim.itch.io/europe-pixel-flags/devlog/1520913/update-added-microstates-vatican-san-marino-etc,,2026-05-13
https://fluffy-lotus.itch.io/traveloot/devlog/1520914/traveloot-003-new-dessert-i-mean-new-desert,,2026-05-13
https://nightledevs.itch.io/nighthesis/devlog/1520915/android-prototype-release,,2026-05-13
https://a-strange-guy-called-klaz.itch.io/vansubsr/devlog/1520918/the-sneak-peek-demo-is-now-available-for-download,,2026-05-13
https://athis-workshop.itch.io/forkit-up/devlog/1520920/fork-the-hats-proper-windows-build,,2026-05-13
https://puffychickenlegs.itch.io/survival-of-the-frailest/devlog/1520921/survival-of-the-frailest-a-solo-dev-jam-11,,2026-05-13
https://mariedem.itch.io/gp05flameborn/devlog/1520922/production-sprint-2-the-end-is-near,,2026-05-13
https://elgincarr.itch.io/dead-as-disco-trainer/devlog/1520923/dead-as-disco-cheat-launched-v11,,2026-05-13
https://alexikusaba.itch.io/fractured-frontlines/devlog/1520925/ciarn-mccullaghpinioningheart-the-music-of-fractured-frontlines,,2026-05-13
https://samasgari.itch.io/gjerdingsaeterkvadet/devlog/1520926/enda-flere-vhs-klipp,,2026-05-13
https://itch.io/blog/1520927/hypnomaker-v14-now-available,,2026-05-13
https://selfmaiden.itch.io/gardenplanner/devlog/1520928/its-officially-finished-es-ist-offiziell-fertig,,2026-05-13
https://kaydyn-wils0406.itch.io/the-demon-within/devlog/1520929/prototype-finished,,2026-05-13
https://arty-p.itch.io/rhythm-combat-festival-of-fate/devlog/1520930/minor-update-v0097-pre-alpha,,2026-05-13
https://godandev.itch.io/ultimate-15-puzzle/devlog/1520931/version-12-release,,2026-05-13
https://mahogeko.itch.io/runreset/devlog/1520932/devlog-5-the-desert-awaits,,2026-05-13
https://itch.io/blog/1520933/-bg,,2026-05-13
https://gepistow-prod.itch.io/jitter-click-battler-v10/devlog/1520935/release-of-jitter-click-battler-v10,,2026-05-13
https://kleine-mondlied.itch.io/curse-you-toad/devlog/1520936/post-jam-update-1-now-live,,2026-05-13
https://jonasz-o.itch.io/lightweight-screen-recorder/devlog/1520937/update-3,,2026-05-13
https://fluffystudio.itch.io/out-of-puberty-reimagined-free/devlog/1520938/out-of-puberty-reimagined-version-094-update-,,2026-05-13
https://fluffystudio.itch.io/out-of-puberty-reimagined/devlog/1520939/out-of-puberty-reimagined-version-094-update-,,2026-05-13
https://red-velvet-0w0.itch.io/sunken-blood/devlog/1520940/update-v06,,2026-05-13
https://juneyu.itch.io/the-mysterious-death-of-mr-parkinson/devlog/1520941/11-jamison-extended-dialogue,,2026-05-13
https://vidiot-x.itch.io/phoenix-universe-of-space-combat/devlog/1520942/attach-mode-test-video-first-client-release-info,,2026-05-13
https://dope-librarain.itch.io/serenity-grove/devlog/1520943/welcome-to-serenity-grove-a-first-time-developers-journey,,2026-05-13
https://mousepotatodoesstuff.itch.io/vim-backspace/devlog/1520944/014,,2026-05-13
https://ypc-studio.itch.io/golden-bits/devlog/1520945/update-patch-for-goldenbits,,2026-05-13
https://kleine-mondlied.itch.io/curse-you-toad/devlog/1520946/post-jam-update-2,,2026-05-13
https://samasgari.itch.io/gjerdingsaeterkvadet/devlog/1520947/du-rekker-ikke-opp-med-sverdet-ditt,,2026-05-13
https://zavarom.itch.io/ochendobriydyadenka/devlog/1520948/ochen-dobriy-dyadenka,,2026-05-13
https://darkdragon563.itch.io/fatal-force/devlog/1520950/chapter-9-public-released,,2026-05-13
https://creamy-games.itch.io/help-i-married-a-slut/devlog/1520951/public-dev-log-6,,2026-05-13
https://sophiebe.itch.io/gp10necrogangsters/devlog/1520952/devlog-9-end-of-production,,2026-05-13
https://dropsonde.itch.io/thwimbly/devlog/1520953/019-the-boss-update,,2026-05-13
https://nicaverse.itch.io/mototaxi-nicaverse/devlog/1520954/actualizaciones,,2026-05-13
https://stargazerbunnii.itch.io/anticlockwise/devlog/1520955/second-puzzle-explanation-,,2026-05-13
https://err0r4224699.itch.io/fpe-the-fangame2/devlog/1520956/science-stuff-mode-fix,,2026-05-13
https://namnorm.itch.io/degraman-act-ii-victor/devlog/1520957/about-me,,2026-05-13
https://alexikusaba.itch.io/fractured-frontlines/devlog/1520958/sound-design-for-fractured-frontline,,2026-05-13
https://alexanniken.itch.io/livefire-league/devlog/1520959/livefire-league-full-release-is-here,,2026-05-13
https://profile-games.itch.io/mirrorworld/devlog/1520960/mirrorworld-demo,,2026-05-13
https://samasgari.itch.io/gjerdingsaeterkvadet/devlog/1520961/liten-beautyfix,,2026-05-13
https://ghasala-games.itch.io/shadow-at-school/devlog/1520962/shadow-at-spooks,,2026-05-13
https://tomasbenes.itch.io/ancientwars/devlog/1520963/ancient-wars-early-access-release,,2026-05-13
https://thernos.itch.io/cultivation-genesis/devlog/1520964/cultivation-genesis-v0410-alpha-a-better-sect-foundation-flow,,2026-05-13
https://little-martian.itch.io/retro-textures-pack/devlog/1520965/version-23-steel-panels-windows-and-vines,,2026-05-13
https://sadgecatte.itch.io/nyatorase-shared-passions/devlog/1520966/v013b-itch-release,,2026-05-13
https://ollyp675.itch.io/cube-city/devlog/1520967/i-made-a-new-game,,2026-05-13
https://rattertainment.itch.io/ho-ho-ho-genocide/devlog/1520968/progress-report,,2026-05-13
https://hisshinogames.itch.io/iridium/devlog/1520969/welcome-to-iridium,,2026-05-13
https://itch.io/blog/1520970/-you-choose-help-us-design-the-next-pixdoom-arsenal,,2026-05-13
https://benjisrevenge.itch.io/wavesnatcher/devlog/1520971/v013-test-release,,2026-05-13
https://neon-labs.itch.io/neon-vector-dash/devlog/1520972/neon-vector-v267-brainrot-event,,2026-05-13
https://nerdareff.itch.io/tra-in-merd/devlog/1520973/devlog-5-characters-passengers,,2026-05-13
https://kyriegames.itch.io/a-game-of-2/devlog/1520974/the-game-is-in-development,,2026-05-13
https://cuteslimegames.itch.io/brickbreak-practice-project/devlog/1520975/web-version,,2026-05-13
https://alexuisss.itch.io/picture-of-plant/devlog/1520976/new-files-with-new-picture,,2026-05-13
https://gamemakealoper.itch.io/nightmare-cargos/devlog/1520977/nightmare-cargos,,2026-05-13
https://sirensdomain.itch.io/kingdom-of-passion/devlog/1520978/kingdom-of-passion-beta-010-public-release,,2026-05-13
https://pdavisalvarez.itch.io/inked/devlog/1520979/week10,,2026-05-13
https://snapmods.itch.io/pokemon-beach-girls/devlog/1520980/new-lewd-shores-bonus-content,,2026-05-13
https://gafaszt2.itch.io/castle-triumph-d/devlog/1520981/kronii-fanart,,2026-05-13
https://mknaomi-publications.itch.io/zwn/devlog/1520983/zones-without-number-03,,2026-05-13
https://uncreativenam0.itch.io/arms-and-legs/devlog/1520984/fixed-game-breaking-bug,,2026-05-13
https://tinysecretgames.itch.io/snapshot-lewd-shores/devlog/1520985/bonus-content-pokemon-beach-girls-pack,,2026-05-13
https://araarathain.itch.io/gp01riskybusiness/devlog/1520986/devlog-week-10-the-end-of-production,,2026-05-13
https://yochaigal.itch.io/rise-of-the-blood-olms/devlog/1520988/minor-fixes,,2026-05-13
https://casiem.itch.io/pet-incremental/devlog/1520989/v008-is-now-here,,2026-05-13
https://gametoolz.itch.io/groundwork-pro/devlog/1520990/groundwork-procedural-terrain-generator,,2026-05-13
https://mrguppyboy.itch.io/trollvein/devlog/1520991/devlog-6-start-end-and-death-scene,,2026-05-13
https://cybsjan.itch.io/fatuminvictum/devlog/1520992/work-on-fatum-continues,,2026-05-13
https://transparent-games.itch.io/saintess-of-the-golden-bow/devlog/1520993/new-demo-for-saintess-of-the-golden-bow,,2026-05-13
https://power-ranger4lif.itch.io/uprising/devlog/1520994/update-v013,,2026-05-13
https://jozatheman.itch.io/schinbs-rescue/devlog/1520995/gamejolt-release,,2026-05-13
https://jozatheman.itch.io/trix/devlog/1520996/gamejolt-release,,2026-05-13
https://soyvexo.itch.io/leap-bound/devlog/1520997/version-web-cosas-exclusivas,,2026-05-13
https://thebreckters.itch.io/five-nights-at-davids-reboot/devlog/1520998/updated-references,,2026-05-13
https://gusing.itch.io/sanic-goes-fast-2/devlog/1520999/go-fast-on-the-go,,2026-05-13
https://bradash.itch.io/swapping-sellout/devlog/1521000/my-work-on-swapping-sellout,,2026-05-13
https://smc24dev.itch.io/blokade-font/devlog/1521002/blokade-v101,,2026-05-13
https://jeremstyke.itch.io/bank-simulator-pro/devlog/1521003/mobile-update-mise-jour-mobile,,2026-05-13
https://transparent-games.itch.io/my-wife-is-a-spy/devlog/1521004/demo-back-up-and-guest-art-for-5000-wishlists,,2026-05-13
https://bloofbloof.itch.io/relaxation-randomizer/devlog/1521005/traduccin-al-espaol,,2026-05-13
https://sttinkybutt.itch.io/tales-of-kaetoris-fallen-prince/devlog/1521006/fallen-prince-update-082,,2026-05-13
https://protzz.itch.io/studio9/devlog/1521007/illia-voitiulevych-group-project-devlog-glitch-game,,2026-05-13
https://m6a6t6i.itch.io/vertidash/devlog/1521008/vertidash-google-play-release,,2026-05-13
https://aquasit.itch.io/group-3/devlog/1521009/week-10-sprint-week,,2026-05-13
https://nexavisuals.itch.io/free-cozy-main-menu-ui-reference-pack/devlog/1521010/free-cozy-main-menu-ui-reference-pack-is-now-available,,2026-05-13
https://ggbot.itch.io/xoffline/devlog/1521011/version-006,,2026-05-13
https://abraxassoftware.itch.io/warhog/devlog/1521012/release-version-1171,,2026-05-13
https://papernoeladventures.itch.io/papernoel-stylist-studio/devlog/1521014/updates-51126,,2026-05-13
https://rdbi.itch.io/tiny-gems/devlog/1521015/tiny-gems-released,,2026-05-13
https://ingeniusstudios.itch.io/lustful-spirit-hunt-18/devlog/1521016/update-04x-devlog,,2026-05-13
https://tifaloves.itch.io/sadeans/devlog/1521017/tentative-release-date-update,,2026-05-13
https://craun.itch.io/go-dj/devlog/1521018/go-dj-initial-devlog,,2026-05-13
https://belgus.itch.io/gp06burglinbirds/devlog/1521019/devlog-9-last-week-of-production,,2026-05-13
https://mubdev.itch.io/mubloop/devlog/1521020/mubloop-v12-released-added-waveform-zooming,,2026-05-13
https://itch.io/blog/1521021/new-login-system,,2026-05-13
https://the-rat-zone.itch.io/creature-kitchen/devlog/1521022/version-110-update,,2026-05-13
https://samasgari.itch.io/gjerdingsaeterkvadet/devlog/1521023/ddsanimasjon-og-bl-sol,,2026-05-13
https://werreros-games.itch.io/lfo/devlog/1521024/prueba-pblica-v124-11052026,,2026-05-13
https://metisc.itch.io/dragon-ball-legendary-tactical-warriors/devlog/1521025/thank-you-dragon-balls,,2026-05-13
https://lollipopbro.itch.io/chess/devlog/1521026/v000009,,2026-05-13
https://marcinjedrol.itch.io/pocket-kingdom-a-game-that-you-make/devlog/1521027/v015,,2026-05-13
https://dubzn.itch.io/jokers-of-neon/devlog/1521028/new-login-system,,2026-05-13
https://smc24dev.itch.io/gubato-7x12-font/devlog/1521029/gubato-v101,,2026-05-13
https://lewdsphere.itch.io/i-need-healing-vn/devlog/1521031/major-changes,,2026-05-13
https://filiaa.itch.io/gare-de-louest/devlog/1521032/mise-jour-du-11-mai-2026,,2026-05-13
https://ashenlotus.itch.io/bloodlust/devlog/1521033/soon,,2026-05-13
https://itch.io/blog/1521034/you-you-did-this-all,,2026-05-13
https://mistert13.itch.io/minecraft-timer/devlog/1521036/es-ist-kostenlos,,2026-05-13
https://itch.io/blog/1521037/tofse-in-grab,,2026-05-13
https://invincitank.itch.io/overdue/devlog/1521038/design-art-devlog-the-gooon,,2026-05-13
https://casper-gaming.itch.io/cgmz-steal/devlog/1521039/version-alpha-r4-release-notes,,2026-05-13
https://bitetherosestudio.itch.io/paper-hearts/devlog/1521041/dev-log-8-release-update,,2026-05-13
https://madxen77.itch.io/the-dorm-house/devlog/1521042/version-011-quick-release,,2026-05-13
https://pkmntrainerkatelyn.itch.io/pokmon-expedition/devlog/1521043/devlogs-2,,2026-05-13
https://korre-ollonborre.itch.io/catificer-quest/devlog/1521044/downloadable-original-soundtrack-ost-added,,2026-05-13
https://creatoramastudio.itch.io/overcrash/devlog/1521045/overcrash-update-pa260511,,2026-05-13
https://camuflatedlab.itch.io/cl-2d-mobile-platformer-controller/devlog/1521046/2d-mobile-platformer-controller-is-now-available,,2026-05-13
https://jarbasdjunior.itch.io/ragnarok-mvp-timer-pre-renewal-boss-tracker/devlog/1521047/ragnarok-mvp-timer-pre-renewal-boss-respawn-tracker,,2026-05-13
https://muhkat.itch.io/blood-castle-very-spooky-game/devlog/1521048/version-01-companions-damage-types-and-more,,2026-05-13
https://universeclickerdev.itch.io/universe-clicker/devlog/1521050/v66-universe-clicker-update,,2026-05-13
https://lucabicono.itch.io/entangled-game/devlog/1521051/devlog-051126,,2026-05-13
https://gulliver-de-clercq.itch.io/gp40hardlink/devlog/1521052/devlog-week-10-visual-update,,2026-05-13
https://konayachi.itch.io/pippa-and-your-phantasmal-problem/devlog/1521053/pippa-and-your-phantasmal-problem-is-now-available-in-chinese-v145-the-storyteller-festival-participation,,2026-05-13
https://merthurlin.itch.io/slay-the-demon-king/devlog/1521054/minor-updates-to-demo,,2026-05-13
https://your-frend-sursur.itch.io/house-of-mocmoc/devlog/1521055/demo-out-now,,2026-05-13
https://bartholomeus666.itch.io/ourgame/devlog/1521056/animals-on-set-week-09-finishing-up-production,,2026-05-13
https://cute-furry-dev-porter.itch.io/dibs-mobile-fan-build/devlog/1521057/v3-update-save-slots-back-to-title-fix-default-gamepad,,2026-05-13
https://ti-mah.itch.io/astrodge/devlog/1521058/astrodge-is-now-available,,2026-05-13
https://pastrami-town.itch.io/rumble-time/devlog/1521059/greetings-mr-ronald-and-the-ui-update,,2026-05-13
https://alexikusaba.itch.io/fractured-frontlines/devlog/1521060/rimori-user-interface-design-and-functionality,,2026-05-13
https://saqirmdevx.itch.io/kingdom-of-pixels/devlog/1521061/update-v104-major-bugfixes-and-improvements,,2026-05-13
https://hunter-junior.itch.io/cyberwrestling/devlog/1521063/new-big-update-11-now,,2026-05-13
https://whatisthegreenplant.itch.io/rarityrng/devlog/1521064/big-new-update-im-back,,2026-05-13
https://edevbr0.itch.io/pong/devlog/1521065/pong,,2026-05-13
https://3v3soccer.itch.io/3v3soccer/devlog/1521066/3v3-soccer-6-players-android-beta-release-is-out,,2026-05-13
https://wa11a.itch.io/inabapet/devlog/1521067/devlog-3-new-brain-new-awareness-new-features,,2026-05-13
https://kukukaeruvt.itch.io/kai-gai/devlog/1521068/version-0141,,2026-05-13
https://istrandar.itch.io/carnholt/devlog/1521070/game-reveal-,,2026-05-13
https://gangrue.itch.io/besmirch/devlog/1521071/early-access-launch,,2026-05-13
https://ulriko.itch.io/nexshell/devlog/1521072/nexshell-est-termin-v100-disponible,,2026-05-13
https://denocte.itch.io/keepers-of-umbrasil/devlog/1521073/devlog-real-life-vs-game-development,,2026-05-13
https://alfalfabetsoop.itch.io/phalanx/devlog/1521074/alpha-build-0064-20260511,,2026-05-13
https://pastrami-town.itch.io/rumble-time/devlog/1521075/oh-yes-its-the-fancy-mr-ronald-pretzel,,2026-05-13
https://makedatanotlore.itch.io/pits-of-design/devlog/1521076/splatter-brushes,,2026-05-13
https://activedev.itch.io/legend-of-idle-playtest-demo/devlog/1521077/major-update-complete-visual-overhaul,,2026-05-13
https://brodadbrickworks.itch.io/brassbound/devlog/1521078/army-packs-solo-mode-and-an-update-on-the-campaign,,2026-05-13
https://justgobro.itch.io/jump-beat/devlog/1521079/test-reelese,,2026-05-13
https://dominoautumn.itch.io/ultagenicstheparasite/devlog/1521080/may-content-update-bugfix,,2026-05-13
https://cibulak12.itch.io/gp24lastgrasp/devlog/1521081/devlog-10,,2026-05-13
https://smallserenitystudio.itch.io/fatesmasquerade/devlog/1521082/demo-update-and-shes-a-little-unhinged,,2026-05-13
https://itch.io/blog/1521083/bookmark-game-solo-ttrpg,,2026-05-13
https://licorice-boulder.itch.io/pong/devlog/1521084/changed-access-type,,2026-05-13
https://invincitank.itch.io/overdue/devlog/1521085/overdue-devlog-by-pupu,,2026-05-13
https://itch.io/blog/1521087/devlog-2-save-slots-garage-ui-bugfixes-,,2026-05-13
https://itch.io/blog/1521088/first-game,,2026-05-13
https://miklaz.itch.io/linkspacettrpg/devlog/1521089/join-our-discord-community,,2026-05-13
https://alfalfabetsoop.itch.io/phalanx/devlog/1521090/alpha-build-0065-20260511,,2026-05-13
https://fungalgrowth0.itch.io/wummo/devlog/1521091/wumming-it-wummo-v2,,2026-05-13
https://boxbluestudios.itch.io/the-adventures-of-r-sole-prologue/devlog/1521093/rsole-is-out-there-steam-update,,2026-05-13
https://xpl1c1t.itch.io/lewd-tavern/devlog/1521094/lewd-tavern-v10-and-v11,,2026-05-13
https://silkcrow-5.itch.io/eternal-fracture/devlog/1521095/eternal-fracture-demo-update,,2026-05-13
https://foefear.itch.io/beyond-our-worlds-wc/devlog/1521096/gamma-162-release,,2026-05-13
https://itch.io/blog/1521097/mixing-darkest-dungeon-with-duolingo-here-is-a-first-look-at-the-roguelike-deckbuilder-im-making-to-help-my-son-learn-foreign-words-without-being-bored-to-death,,2026-05-13
https://mrchowmodding.itch.io/sikorsky-helicopters-uh-60-black-hawk/devlog/1521098/uh-60-black-hawk-exit-double-tap-fixed,,2026-05-13
https://nannerbean.itch.io/purrifire/devlog/1521099/matts-devlog,,2026-05-13
https://kzfol.itch.io/mr-thornes-office/devlog/1521100/v110-gisela-phase-5,,2026-05-13
https://puszke.itch.io/pucks-pixelizer/devlog/1521101/115-ctrlz-and-jpgs-working,,2026-05-13
https://polytricity.itch.io/the-c64-dev-machine/devlog/1521103/new-training-videos-and-some-fixes,,2026-05-13
https://ashcash124.itch.io/roblox-vr-apk-for-modding-idk/devlog/1521104/so-i-posted-this-roblox-vr-apk-for-someone-to-mod-or-whatever,,2026-05-13
https://pikario.itch.io/bad-apple-on-playdate/devlog/1521105/source-code-release,,2026-05-13
https://amphotericstudio.itch.io/croms-escape/devlog/1521106/why-croms-escape-is-not-a-casual-platformer,,2026-05-13
https://advmimers.itch.io/exacons/devlog/1521107/exacons-update-101-new-moves-update,,2026-05-13
https://yuri123-bot.itch.io/sci-fi-2600/devlog/1521108/trailer-is-launched,,2026-05-13
https://faithhondeghem.itch.io/gp26splashroom/devlog/1521109/devlog-9-last-week-of-production-sprint-2,,2026-05-13
https://andrewcoolyeah.itch.io/brotater/devlog/1521110/yo,,2026-05-13
https://kabutocoder.itch.io/mazingerrescue/devlog/1521111/mazinger-rescue-rc02-,,2026-05-13
https://condongamesagain.itch.io/chingu-rush-experiments/devlog/1521112/new-experiments-project-day,,2026-05-13
https://miklaz.itch.io/linkspacettrpg/devlog/1521114/for-limited-time-get-linkspace-ttrpg-for-free,,2026-05-13
https://illtemperedtuna.itch.io/the-seacrit-fish-game/devlog/1521115/play-of-the-day,,2026-05-13
https://brainforge-collections.itch.io/void-examination/devlog/1521117/verso-10-lanada,,2026-05-13
https://sporrik.itch.io/gp31transhumance/devlog/1521118/devlog-9-the-final-feature-push,,2026-05-13
https://potatoestudio.itch.io/watching-her-change/devlog/1521119/road-to-v10,,2026-05-13
https://cosmoguy2k.itch.io/billionaire/devlog/1521120/v1272,,2026-05-13
https://sicave.itch.io/nezuminshu/devlog/1521121/hotfix2-and-apple,,2026-05-13
https://miklaz.itch.io/linkspacettrpg/devlog/1521122/about-the-english-version,,2026-05-13
https://nirexd.itch.io/ae-divine-dish/devlog/1521123/-divine-dish-finally-released,,2026-05-13
https://invincitank.itch.io/overdue/devlog/1521124/pjrm0bm0d-environment-design-devlog,,2026-05-13
https://kaliditzy.itch.io/xk/devlog/1521126/xk-is-cancelled,,2026-05-13
https://gloirekasulgmailcom.itch.io/stable/devlog/1521127/stablility-protocol-devlog,,2026-05-13
https://unknownorigingames.itch.io/oddrealm/devlog/1521129/110-beta-2-hotfixes-are-live,,2026-05-13
https://protzz.itch.io/studio9/devlog/1521130/yaroslav-protsenko-when-everything-broke-and-we-made-something-better,,2026-05-13
https://seedmercenary.itch.io/balamb-codex-the-landing/devlog/1521131/development-log-alpha-release,,2026-05-13
https://yawp-games.itch.io/hexstride/devlog/1521132/v003-blob-maps-loot-drops-balance,,2026-05-13
https://darkfictionjude.itch.io/excellent-cadavers/devlog/1521133/dante-seduction-guide,,2026-05-13
https://chawk2013.itch.io/my-neighbor-next-door/devlog/1521134/new-location,,2026-05-13
https://mugitoa.itch.io/basketball-hoops-manager/devlog/1521135/basketball-hoops-manager-patch-notes-v05,,2026-05-13
https://shadowbluum.itch.io/the-house-with-the-broken-clock/devlog/1521136/going-forward-again,,2026-05-13
https://denisiya111.itch.io/the-rain-season/devlog/1521137/the-rain-season-comic-finished,,2026-05-13
https://protzz.itch.io/studio9/devlog/1521138/taras-oleinikov-how-we-set-the-tone,,2026-05-13
https://vivvvi.itch.io/repair-your-heart/devlog/1521139/browser-support-a-few-future-plans,,2026-05-13
https://lakest3r.itch.io/3/devlog/1521140/206-05-11,,2026-05-13
https://toya55555.itch.io/petals-of-the-mind/devlog/1521141/petals-of-the-mind-reached-200-downloads-yay,,2026-05-13
https://lustqueststudio.itch.io/lustquest-forbidden-desires/devlog/1521142/build-016-is-now-available-free-for-everyone,,2026-05-13
https://brainboyart.itch.io/chipripple/devlog/1521143/devlog-daniils-rudzinskis,,2026-05-13
https://dannyboi05.itch.io/gp16thelastconduit/devlog/1521144/devlog-week-9-production-ends,,2026-05-13
https://itch.io/blog/1521145/1-minute-brain-10-trick-questions-can-you-score-1010-,,2026-05-13
https://manr7man.itch.io/gardenlicker/devlog/1521146/stock-update,,2026-05-13
https://itch.io/blog/1521147/-10-1010-,,2026-05-13
https://lispy-gopher-show.itch.io/dl-roc-lisp/devlog/1521148/secret-coffee-recipe-for-dev-in-which-i-learned-something-about-bottles,,2026-05-13
https://chonkydinosaurstudios.itch.io/mushrooms-vs-engineers/devlog/1521149/demo-build-completed-steam-page-live,,2026-05-13
https://itch.io/blog/1521151/first-game,,2026-05-13
https://luk2048.itch.io/loop-for-a-while/devlog/1521152/loop-for-a-while-v026,,2026-05-13
https://brainboyart.itch.io/chipripple/devlog/1521153/bqsil-individual-devlog-level-design-sound-design-and-3d-modeling,,2026-05-13
https://divisionplus.itch.io/instant-fantasy-character-binder/devlog/1521154/ui-overhaul,,2026-05-13
https://juneyu.itch.io/the-mysterious-death-of-mr-parkinson/devlog/1521155/12-jamison-and-other-dialogue-enhancement,,2026-05-13
https://invincitank.itch.io/overdue/devlog/1521157/dev-log-streamus,,2026-05-13
https://brainboyart.itch.io/chipripple/devlog/1521158/brainboy-individual-dev-log,,2026-05-13
https://thibsart.itch.io/monstersdegree/devlog/1521159/update-embedded-web-version,,2026-05-13
https://hrackpot.itch.io/seedbed-farming/devlog/1521160/monday-farm-report-20260502,,2026-05-13
https://alexikusaba.itch.io/fractured-frontlines/devlog/1521161/textures-and-particles-darius,,2026-05-13
https://frutigen.itch.io/dancing-line-fan-edition/devlog/1521162/dancing-line-1006,,2026-05-13
https://invincitank.itch.io/overdue/devlog/1521163/overdue-devlog-catster,,2026-05-13
https://cosmoguy2k.itch.io/billionaire/devlog/1521164/v1273,,2026-05-13
https://m3zik.itch.io/ufo-50-nonograms-playtest/devlog/1521165/build-3-is-up,,2026-05-13
https://alice-vasilenko.itch.io/group-17-games-project/devlog/1521166/devlog-9-production-sprint-2-week-3,,2026-05-13
https://manushyameivita.itch.io/celestial-anomaly-immortal-ascendant/devlog/1521167/celestial-anomaly-immortal-ascendant-v051-pre-alpha-update,,2026-05-13
https://domuxd.itch.io/euconquerer/devlog/1521168/bug-fix-1,,2026-05-13
https://crispy-chicken.itch.io/gacha-impact-jam-ver/devlog/1521169/gacha-impact-post-jam-bug-fix,,2026-05-13
https://nyxaxisgames.itch.io/oneguywithgun/devlog/1521170/game-out,,2026-05-13
https://skippy-codes.itch.io/cc2/devlog/1521171/bug-fixes,,2026-05-13
https://chillitch.itch.io/fates-gamble-a-russian-roulette-rpg/devlog/1521172/the-buggening,,2026-05-13
https://toby-fitzpatrick.itch.io/the-gem/devlog/1521173/the-gem-develog,,2026-05-13
https://jeishiprod.itch.io/token-bouken/devlog/1521174/token-bouken-patch-2-out-now,,2026-05-13
https://bossmobgames.itch.io/patterns-of-the-oak/devlog/1521175/patch-v115,,2026-05-13
https://renderless-games.itch.io/godot-gta-template/devlog/1521176/now-available-for-download-v03,,2026-05-13
https://rmzevia.itch.io/northwall-2-haven/devlog/1521177/version-042-release,,2026-05-13
https://thatunknownore.itch.io/kyber-clickers/devlog/1521178/kyber-clickers-back-as-paid,,2026-05-13
https://rg-poly.itch.io/rg-poly-all-in-one/devlog/1521179/rg-poly-all-in-one-13,,2026-05-13
https://pascuaciusgames.itch.io/marios-basics/devlog/1521180/11-version,,2026-05-13
https://supermario727.itch.io/mud-to-wires/devlog/1521181/more-units-2-player-system-and-win-screen,,2026-05-13
https://daviluiz100.itch.io/tiro-apocalipse/devlog/1521182/devlog-6,,2026-05-13
https://angel-speedy.itch.io/speed-tag-v3/devlog/1521183/speed-tad-v3,,2026-05-13
https://gogogojogroup.itch.io/song-of-spirits/devlog/1521185/prerelease-00,,2026-05-13
https://shyguyhatestoad.itch.io/tulpa/devlog/1521187/release,,2026-05-13
https://itch.io/blog/1521188/baldis-basic-mod-archivastic,,2026-05-13
https://velveteenrabbit.itch.io/slsq/devlog/1521189/secret-route-guide,,2026-05-13
https://mallcreeps.itch.io/mall-creeps/devlog/1521190/weekly-notice-may-11-2026,,2026-05-13
https://duck-in-a-top-hat-games.itch.io/lunar-lagoon/devlog/1521191/00-getting-set-up,,2026-05-13
https://saltythegeek.itch.io/saltys-creature-vtt-tokens/devlog/1521192/coming-soon,,2026-05-13
https://samasgari.itch.io/gjerdingsaeterkvadet/devlog/1521193/nattens-siste-deilige-fix,,2026-05-13
https://furezastudio.itch.io/whathavewedone/devlog/1521194/wasd-keyboard-fix,,2026-05-13
https://punkin-pictures.itch.io/infatuation-inferno/devlog/1521195/future-update,,2026-05-13
https://insomnia-syndicate.itch.io/sucker-punch-ai/devlog/1521196/devlog-038-what-is-the-hardest-visual-to-generate,,2026-05-13
https://worfriker77.itch.io/chain-of-command/devlog/1521197/chain-of-command-update-51126,,2026-05-13
https://htmlcollective.itch.io/instantengine/devlog/1521198/newly-added-update,,2026-05-13
https://photon-loreworks.itch.io/heart-light-kotg/devlog/1521199/more-improvements-and-fun-additions,,2026-05-13
https://edgar2384.itch.io/momentum/devlog/1521200/momentum-is-now-accessible-on-mobile-devices,,2026-05-13
https://poprise.itch.io/poprise/devlog/1521201/v-026,,2026-05-13
https://internal-punk.itch.io/sifra/devlog/1521202/hotfix-0322,,2026-05-13
https://emmetts-playtime.itch.io/the-emmett-game/devlog/1521203/the-emmett-game-v10,,2026-05-13
https://kesash.itch.io/sexting-sim-stories/devlog/1521204/v031,,2026-05-13
https://bluememories.itch.io/mr-zippy/devlog/1521205/winner-of-2026-mascot-horror-jam,,2026-05-13
https://elise-keersebilck.itch.io/game-projects-group-twelve/devlog/1521206/devlog-9-wake-me-up-inside-save-meee,,2026-05-13
https://mapmuffin.itch.io/memory-puzzle-ver2/devlog/1521209/fixed-minor-bugs,,2026-05-13
https://loves-heart.itch.io/yuri-demon/devlog/1521210/chapter-8-completed,,2026-05-13
https://condongamesagain.itch.io/chingu-rush-experiments-free/devlog/1521211/new-experiments-free-project-day,,2026-05-13
https://tunditur-unda.itch.io/rpg18/devlog/1521212/authors-notes,,2026-05-13
https://capky-games.itch.io/yuri-demon/devlog/1521213/chapter-8-completed,,2026-05-13
https://benjisrevenge.itch.io/wavesnatcher/devlog/1521214/v015-test-release,,2026-05-13
https://emmonks.itch.io/4goal-united/devlog/1521215/4goal-united-v11-the-world-cup-update,,2026-05-13
https://r-creator.itch.io/gp11labyrinth/devlog/1521216/dev-log-9-thus-ends-our-second-sprint,,2026-05-13
https://joaozitocreations.itch.io/action-game-assets/devlog/1521217/new-boss-is-coming,,2026-05-13
https://itch.io/blog/1521219/preview-upcoming-lineup-of-backrooms-stories,,2026-05-13
https://peenar-studios.itch.io/mr-peenar/devlog/1521220/update-016,,2026-05-13
https://jadenhensley.itch.io/jays-tower-defense/devlog/1521221/web-build-now-playable,,2026-05-13
https://ryanshowseason2.itch.io/rackjack/devlog/1521222/rackjack-v04,,2026-05-13
https://roezmv.itch.io/coalridge-score-builder-web-app-for-blades-in-the-dark/devlog/1521224/nightmarket-expansion-dimmer-manor,,2026-05-13
https://gamesandwutnot.itch.io/corruptedwood/devlog/1521225/walking-sapline,,2026-05-13
https://kweepa.itch.io/unity-underground/devlog/1521226/unity-underground-devlog-12-first-pass-kbm-done,,2026-05-13
https://ryanshowseason2.itch.io/rackjack/devlog/1521227/rackjack-v04-changelog,,2026-05-13
https://sealpy.itch.io/lost-in-the-eistfall/devlog/1521228/important-thoughts-about-promotion,,2026-05-13
https://gamesandwutnot.itch.io/corruptedwood/devlog/1521229/hot-breathe,,2026-05-13
https://1tslek.itch.io/minesweeper-plus-double-dimensions/devlog/1521230/update-03,,2026-05-13
https://laxflax19.itch.io/heartless/devlog/1521231/animaciones-de-heartless-heartless-animations,,2026-05-13
https://pinguinogelato.itch.io/crd-spider-unit/devlog/1521232/update-coming-soon-d,,2026-05-13
https://thesocialzombie.itch.io/rogueswar/devlog/1521233/quick-update-everything-ready,,2026-05-13
https://bluewizardnet.itch.io/amail/devlog/1521234/amail-release-016,,2026-05-13
https://quichez.itch.io/gardening-game/devlog/1521237/5-11-26-cleaning-up-some-stuff,,2026-05-13
https://cascadeplay.itch.io/2d-top-racing/devlog/1521238/-update-v041-world-series-open-and-balancing,,2026-05-13
https://sonci64.itch.io/gone-fishing/devlog/1521239/gone-fishing-v1017,,2026-05-13
https://metalwar.itch.io/lands-of-folklore/devlog/1521240/devlog-3-sweeping-under-the-rug-,,2026-05-13
https://nmdioc.itch.io/gun-and-power/devlog/1521241/version-021,,2026-05-13
https://rafaelmatos.itch.io/epic-rpg-world-pack-grass-land20-asset/devlog/1521243/new-orc-tents-and-waterfall,,2026-05-13
https://nappingcloud.itch.io/jamkit-tech-platformer-16x16-pixel-art/devlog/1521244/added-asset-preview,,2026-05-13
https://loreymelony.itch.io/galaxy-shootout/devlog/1521246/new-galaxy-new-update,,2026-05-13
https://dcellgames.itch.io/unbeatable-chart-editor/devlog/1521247/editor-patch-v105,,2026-05-13
https://gutsaproductions.itch.io/gladiator-arena-sim/devlog/1521248/bitarenabetav100,,2026-05-13
https://nexus-interactive-games.itch.io/chronicles-zero/devlog/1521249/an-epic-leap-chronicles-zero-is-officially-100-3d,,2026-05-13
https://macaronidev.itch.io/ld59/devlog/1521250/improved-mobile-controls-thanks-to-hammerjs,,2026-05-13
https://emerink.itch.io/ma-farming-simulator-itchyeyeo/devlog/1521251/ma-farming-simulator-version-13-is-now-available,,2026-05-13
https://zedo.itch.io/eccentric-orbits/devlog/1521252/pages-41-43-are-out-some-sketches-o,,2026-05-13
https://the-ant-games.itch.io/anter/devlog/1521253/adding-classes,,2026-05-13
https://squidsoftware.itch.io/soap-up/devlog/1521254/legal-information-finally-set-up,,2026-05-13
https://ghostlytears3.itch.io/a-secret-form/devlog/1521255/announce-an-a-good-news-for-the-chapter-3-but-not-yet,,2026-05-13
https://snoblin.itch.io/pixel-rpg-free-npc/devlog/1521258/-rearranged-spritesheets,,2026-05-13
https://praboda123.itch.io/switch-path/devlog/1521259/switch-path-devlog-3-traps-keys-and-puzzles,,2026-05-13
https://nexus-interactive-games.itch.io/chronicles-zero/devlog/1521260/urgent-notice-web-version-itchio-loading-and-performance-issues,,2026-05-13
https://bellewoof.itch.io/transperation/devlog/1521261/prototype-update-026,,2026-05-13
https://trueworldstudios.itch.io/alteredblood/devlog/1521262/3000-reapers-wishlisted-us-on-steam,,2026-05-13
https://red-velvet-0w0.itch.io/sunken-blood/devlog/1521263/update-v061,,2026-05-13
https://divisionplus.itch.io/a-mixed-success/devlog/1521264/a-supplemental-adjudicator,,2026-05-13
https://jabbonk.itch.io/homelander/devlog/1521266/chapter-5-codexgallery-progress,,2026-05-13
https://rapidpota.itch.io/live-a-life/devlog/1521267/alpha-2,,2026-05-13
https://kirijo.itch.io/the-back-country-logs/devlog/1521268/tbc-log-5112026,,2026-05-13
https://itch.io/blog/1521269/friday-the-13th,,2026-05-13
https://emerink.itch.io/ma-farming-simulator-itchyeyeo/devlog/1521270/ma-farming-simulator-version-131-is-now-available,,2026-05-13
https://survivalmyths.itch.io/arvale-protocol/devlog/1521273/tiniest-desires-new-giantess-game,,2026-05-13
https://joaogfreire.itch.io/hansel/devlog/1521274/hansel-v004,,2026-05-13
https://taterbug-games.itch.io/strings-a-bugfolk-song/devlog/1521275/final-updates,,2026-05-13
https://huracangames.itch.io/square-jump-electronic/devlog/1521276/10,,2026-05-13
https://banya.itch.io/emerald-wasp/devlog/1521277/showcase-minor-fixes,,2026-05-13
https://holyninja16.itch.io/life-and-death-the-card-game/devlog/1521278/new-devlog-on-the-substack,,2026-05-13
https://fa1con-eye.itch.io/translation-ripples/devlog/1521279/-ripples-9-,,2026-05-13
https://itch.io/blog/1521280/evaw-discord-server-for-steam-release,,2026-05-13
https://itch.io/blog/1521281/cuberail-when-1830-meets-atari-2600,,2026-05-13
https://itch.io/blog/1521282/tailsexe,,2026-05-13
https://damyannov.itch.io/solacealpha/devlog/1521283/mana-adjustments-and-bug-fixes,,2026-05-13
https://223hustler.itch.io/day-of-the-dead/devlog/1521284/finally-chapter-4,,2026-05-13
https://roadkillcandy.itch.io/saturn-striker-force/devlog/1521285/beach,,2026-05-13
https://antahonist.itch.io/dark-knight-sprite-pack/devlog/1521286/its-free-now,,2026-05-13
https://nonaveragejoe.itch.io/twilight-of-bronze/devlog/1521287/twilight-of-bronze-v019,,2026-05-13
https://barracudabits.itch.io/broken-crown/devlog/1521288/freeze-fix,,2026-05-13
https://shibabrothers.itch.io/keyboard-warriors/devlog/1521289/keyboard-warriors-v044,,2026-05-13
https://fishy12233.itch.io/project-fursona/devlog/1521290/alpha-build-06,,2026-05-13
https://munchmo.itch.io/xenodochium/devlog/1521291/npc-refactor-move-and-set-state,,2026-05-13
https://l9nely-sh3ll.itch.io/prototype-2/devlog/1521293/first-dev-log,,2026-05-13
https://xxpassion.itch.io/lessons-of-corruption/devlog/1521294/v09,,2026-05-13
https://kpdwyer.itch.io/the-nook-harbour-mystery/devlog/1521295/post-jam-update-1,,2026-05-13
https://cosmosrpg.itch.io/remembrance/devlog/1521296/version-13-notes,,2026-05-13
https://reclusiveinteractive18.itch.io/shes-typing/devlog/1521297/shes-typing-early-access-launch,,2026-05-13
https://misstah-meme.itch.io/misstahs-joke-mod/devlog/1521298/small-update,,2026-05-13
https://abi27.itch.io/unearthed-game-first-build/devlog/1521299/graphics,,2026-05-13
https://mrkinsc.itch.io/harem4edenparadise/devlog/1521300/eden-4-harem-paradise-hotfix-v02,,2026-05-13
https://apho.itch.io/code-vibe-check/devlog/1521301/v101-minor-indentation-fix,,2026-05-13
https://seedborne.itch.io/the-last-hotdog-stand/devlog/1521302/full-game-launch-upcoming,,2026-05-13
https://spaceknighterrant.itch.io/deathship-64/devlog/1521303/update-v13,,2026-05-13
https://kittendacat.itch.io/untitled-game/devlog/1521304/update-log-v020,,2026-05-13
https://jackledead.itch.io/radiopunk-descent/devlog/1521305/html-version-removed-too-unstable-,,2026-05-13
https://malsagenda.itch.io/dead-hand/devlog/1521307/v025-posted,,2026-05-13
https://ririspace0.itch.io/polter-glitch/devlog/1521308/programming-level-design-and-game-design-sam,,2026-05-13
https://javiergames.itch.io/super-elegante/devlog/1521309/the-power-of-a-single-page-game,,2026-05-13
https://kai-ren.itch.io/one-million-sins/devlog/1521310/build-502,,2026-05-13
https://smile1studios.itch.io/icecream-man-pc-demo/devlog/1521311/demo-is-now-launched-have-fun,,2026-05-13
https://bynnie-jackalope.itch.io/tigress-non-lethal-fighting-style/devlog/1521312/small-update-,,2026-05-13
https://greggy720.itch.io/cowboycarl/devlog/1521313/new-cover-playtest-announcement,,2026-05-13
https://smile1studios.itch.io/ice-cream-man-scratch-everywhere-demo/devlog/1521314/the-scratch-everywhere-version-is-now-up,,2026-05-13
https://mereszhka.itch.io/into-your-heart-revamped/devlog/1521316/v0192-re,,2026-05-13
https://daisu1.itch.io/cthugha/devlog/1521317/update-4d-and-juk-shabb,,2026-05-13
https://ashy144.itch.io/gorilla-tag-old-versions/devlog/1521318/i-just-ripped,,2026-05-13
https://sumi03c.itch.io/pakupaku-gyaru/devlog/1521319/official-release-of-pakupaku-gyaru-,,2026-05-13
https://rs-000.itch.io/forgotten-life-of-a-tree/devlog/1521320/file-update,,2026-05-13
https://rs-000.itch.io/forgotten-life-of-a-tree/devlog/1521322/youtube-link-and-screenshots,,2026-05-13
https://tuskks.itch.io/pastrypanic/devlog/1521323/adding-new-sprites,,2026-05-13
https://itch.io/blog/1521324/beginner-game-dev-jam-update-1,,2026-05-13
https://tuskks.itch.io/pastrypanic/devlog/1521325/object-pooling-instead-of-instantation,,2026-05-13
https://moonstudioanimation.itch.io/moons-surreal-complex/devlog/1521326/more-quality-improvements,,2026-05-13
https://little-fifth.itch.io/red-vs-blue-fighter/devlog/1521327/new-ui-and-inputs,,2026-05-13
https://brothedev.itch.io/ripoff-gta/devlog/1521328/new-build,,2026-05-13
https://kamegumi.itch.io/dark-forest/devlog/1521329/kamegumi-usc-games-expo,,2026-05-13
https://metisc.itch.io/dragon-ball-legendary-tactical-warriors/devlog/1521330/update-11,,2026-05-13
https://tuskks.itch.io/pastrypanic/devlog/1521331/bugs-galore,,2026-05-13
https://itch.io/blog/1521332/the-ledge-v2-refresh,,2026-05-13
https://craftyclip.itch.io/underscript-demo/devlog/1521333/post,,2026-05-13
https://krishnamohan-yagneswaran.itch.io/detailed-seo-audit-extension/devlog/1521334/devlog-1-detailed-seo-audit-extension-v10,,2026-05-13
https://ferretlabs.itch.io/a-day-at-con/devlog/1521336/html-upload,,2026-05-13
https://ent-67.itch.io/the-eternal-curse/devlog/1521337/el-inicio-de-the-eternal-curse-creacin-del-proyecto,,2026-05-13
https://sharkigames.itch.io/sharkis/devlog/1521338/4-days,,2026-05-13
https://rs-000.itch.io/forgotten-life-of-a-tree/devlog/1521339/more-detailed-documentation,,2026-05-13
https://dkamar.itch.io/untitledfirstpersondarkfantasy/devlog/1521340/511-bugfixes,,2026-05-13
https://rs-000.itch.io/forgotten-life-of-a-tree/devlog/1521341/all-done,,2026-05-13
https://kurokky.itch.io/oh-crops/devlog/1521342/oh-crops-devlog-3-new-main-menu-character-update-bug-fixes,,2026-05-13
https://karolina-leonovich.itch.io/project-morytongue/devlog/1521343/devlog-4-project-morytongue-enru,,2026-05-13
https://bad-bucket.itch.io/beguiled/devlog/1521344/run-bonus-sex-type-overhaul-balance-fixes-v0112,,2026-05-13
https://lokicastle.itch.io/therighteouswrong/devlog/1521345/upcoming-update-and-what-to-expect,,2026-05-13
https://birds-of-a-feather-studio.itch.io/muninn-murder-division/devlog/1521346/v18-is-now-here-with-a-new-look,,2026-05-13
https://ivandebug.itch.io/python-3d-fps-engine/devlog/1521347/version-20-in-development,,2026-05-13
https://lewiscreations.itch.io/600-million-square-miles/devlog/1521348/player,,2026-05-13
https://mrholdendev.itch.io/roadkill-comming-in-1-month-delays-may-happen/devlog/1521349/roadkill-new-game-early-dev-at-httpsmrholdendevitchioroadkill-comming-in-1-month-delays-may-happen,,2026-05-13
https://geg-dier.itch.io/goobquestv2/devlog/1521350/v021-update,,2026-05-13
https://bigfishcarnival.itch.io/metalmuters/devlog/1521351/demo-update-may-12-2026,,2026-05-13
https://joeytwoshoes.itch.io/project-rebirth/devlog/1521352/update-052-an-electricians-nightmare,,2026-05-13
https://krishnamohan-yagneswaran.itch.io/steam-context-menu-search/devlog/1521353/devlog-1-steam-context-menu-search-v10,,2026-05-13
https://gbubr-company.itch.io/samprotocol-d/devlog/1521354/-104,,2026-05-13
https://gbubr-company.itch.io/samprotocol/devlog/1521355/-114,,2026-05-13
https://starlight-studios.itch.io/runes-of-pandemonium/devlog/1521356/version-468-update-crosspost,,2026-05-13
https://glenn-main.itch.io/cc/devlog/1521357/calamitous-corridors-wip-10,,2026-05-13
https://tenshihanka.itch.io/fairyborn/devlog/1521358/408,,2026-05-13
https://divisionplus.itch.io/instant-fantasy-character-binder/devlog/1521359/general-upkeep-fixes,,2026-05-13
https://undermax.itch.io/clues/devlog/1521360/rpg-maker-mz-plugin-clue-linking-system-is-now-available,,2026-05-13
https://danysus10.itch.io/cubecrush/devlog/1521361/cubecrush252,,2026-05-13
https://shastes.itch.io/elyra-eden-of-sins/devlog/1521362/elyra-eden-of-sins-v011-is-out,,2026-05-13
https://tenshistudios.itch.io/the-community-notes-are-wrong/devlog/1521363/why-the-bisexual-sandwich-art-is-important-to-me,,2026-05-13
https://coderabbit.itch.io/astralbattlecraft/devlog/1521365/changelog-may-12-2026,,2026-05-13
https://feendrache.itch.io/manaseed-character-animator-for-godot/devlog/1521366/update-to-111,,2026-05-13
https://weierjuju.itch.io/ohhhsheep/devlog/1521367/debug-for-stack-capacity,,2026-05-13
https://thekingharem.itch.io/salter-x-jalter-p1/devlog/1521368/salter-x-jalter-p1,,2026-05-13
https://maksel636new.itch.io/gp21hamstermayham/devlog/1521370/devlog10-production-phase-done,,2026-05-13
https://itch.io/blog/1521371/minecraft-god-mode,,2026-05-13
https://rbc-games.itch.io/nock-nock-loose/devlog/1521372/extra-levels,,2026-05-13
https://the-hellbox.itch.io/beatercore/devlog/1521373/beatercore-021-is-released,,2026-05-13
https://the-balthazar.itch.io/sternly-worded-adventures/devlog/1521374/v50-if-a-tree-stomps-in-the-woods,,2026-05-13
https://non-fish.itch.io/pche-le-dieu/devlog/1521375/updated-visuals-and-some-new-features,,2026-05-13
https://mcwgames.itch.io/rollerblade/devlog/1521376/catalog-release-and-post-release-update,,2026-05-13
https://rubyring-games.itch.io/divine-omen/devlog/1521377/devlog-11-progress-update-quick-page-update,,2026-05-13
https://dreamscape-escapades.itch.io/dreamscape-escapades/devlog/1521378/updates-so-far,,2026-05-13
https://luckysandbox.itch.io/virt3d/devlog/1521379/new-features-materials-objects,,2026-05-13
https://shannonmcordo.itch.io/espadas-espectros/devlog/1521380/141-cambio-en-reglas-de-coste-de-vida,,2026-05-13
https://blazeworksgames.itch.io/grimspin/devlog/1521381/grimspin-changelog-051126,,2026-05-13
https://acktar.itch.io/chronicles-of-dramarith-ii/devlog/1521382/version-12-more-content-more-clean-up,,2026-05-13
https://djpaultjed.itch.io/spa-world/devlog/1521383/devlog-10-041-visuals-polish-balance,,2026-05-13
https://alfalfabetsoop.itch.io/phalanx/devlog/1521384/alpha-build-0066-20260512,,2026-05-13
https://kistlerstudios.itch.io/ghost-receipt/devlog/1521385/project-progress,,2026-05-13
https://bigbroofficial.itch.io/galacticcrows-siren-head-the-foorest-tech-demo/devlog/1521386/tech-demo-found,,2026-05-13
https://itch.io/blog/1521387/rare-xbox-360-game-unboxing,,2026-05-13
https://loweki.itch.io/neon-effect/devlog/1521388/progress-report-3,,2026-05-13
https://itchydogg.itch.io/and-so-i-wished-upon-a-star/devlog/1521389/fighting-the-atari-2600-graphical-limitations,,2026-05-13
https://bedevilinc.itch.io/escape-strange-girls-house-2/devlog/1521390/new-escape-chapters-added,,2026-05-13
https://ct25gaming.itch.io/fruitbox-apple/devlog/1521391/update-014,,2026-05-13
https://ct25gaming.itch.io/incredicubes-v1/devlog/1521392/small-bugfixes-update,,2026-05-13
https://ct25gaming.itch.io/fruitbox-apple/devlog/1521393/update-0145,,2026-05-13
https://bleubleu.itch.io/famistudio/devlog/1521394/famistudio-451-hotfix,,2026-05-13
https://cubeegames.itch.io/ninja-cat-remewstered/devlog/1521395/v12mg-demo-launch,,2026-05-13
https://yegar111.itch.io/govorunchick-2026/devlog/1521396/-262026,,2026-05-13
https://zpdlf003.itch.io/20260430/devlog/1521397/2026-05-12rend,,2026-05-13
https://gamessafu.itch.io/just-futanari-3/devlog/1521398/ver081,,2026-05-13
https://mohha09-2.itch.io/recolectarbananas/devlog/1521399/bananas,,2026-05-13
https://masayuki18400.itch.io/robo-trace/devlog/1521400/robo-trace-,,2026-05-13
https://matseke123.itch.io/gp34noname/devlog/1521401/week-9-devlog,,2026-05-13
https://tripoly-studios.itch.io/gunglasses/devlog/1521402/the-beginning-steps-update,,2026-05-13
https://panosroz.itch.io/bob-the-necromancer/devlog/1521403/buttons-buttons,,2026-05-13
https://kc00l.itch.io/alien-orbital-assault/devlog/1521404/v100-arcade-first,,2026-05-13
https://osuika.itch.io/blendate/devlog/1521405/v112,,2026-05-13
https://bananamoray.itch.io/gp30rocketsnroaches/devlog/1521406/devlog-9-the-end-of-roach,,2026-05-13
https://futbolmasta.itch.io/idea-forge/devlog/1521407/idea-forge-v040-ship-it-now-live-were-on-product-hunt,,2026-05-13
https://little-pigeon.itch.io/rozaslife/devlog/1521408/rozas-life-ver20-for-supporters,,2026-05-13
https://bradleyadam.itch.io/reclamation-idle-reprototyped2/devlog/1521409/reclamation-idle-reprototyped-first-build-live,,2026-05-13
https://itch.io/blog/1521410/how-to-design-a-game-economy-from-scratch,,2026-05-13
https://itch.io/blog/1521411/to-boo-or-not-to-be-escape-game-sur-le-theatre,,2026-05-13
https://dontplayporngames.itch.io/brothel-royale-hentai-game/devlog/1521412/brothel-royale-is-out-disney-hentai-brothel-sim,,2026-05-13
https://2xpro-pop.itch.io/al-mugalim/devlog/1521413/fail-of-al-mugalim,,2026-05-13
https://itch.io/blog/1521414/new-pixeltrap-in-my-pixeltrap-bundle,,2026-05-13
https://linkybearcomics.itch.io/lust-heart/devlog/1521415/small-update,,2026-05-13
https://bytezorro.itch.io/ghost-in-the-wire/devlog/1521416/demo-build-is-live,,2026-05-13
https://ravens-wing.itch.io/merkava-mk4-barak-tank-pixel-art-asset/devlog/1521418/new-updated-merkava-mk4-barak-mbt-tank,,2026-05-13
https://ennix.itch.io/hexlands/devlog/1521419/this-is-going-to-be-a-game-,,2026-05-13
https://mensh123.itch.io/power-defense/devlog/1521421/power-defense-11-is-here,,2026-05-13
https://san-tagoy.itch.io/smells-fishy-jack/devlog/1521422/updated-the-pdf,,2026-05-13
https://jeremiahvb.itch.io/gp33ghouls-and-fools/devlog/1521424/end-of-production-2,,2026-05-13
https://xitsonlyfiction.itch.io/echoes-of-third-period/devlog/1521425/the-work-angels-contribution,,2026-05-13
https://kittendacat.itch.io/untitled-game/devlog/1521426/update-log-v030,,2026-05-13
https://esodev.itch.io/esoteric-erotica/devlog/1521427/esoteric-update-353-substance-use-not-abuse,,2026-05-13
https://manushyameivita.itch.io/celestial-anomaly-immortal-ascendant/devlog/1521428/celestial-anomaly-immortal-ascendant-v052-pre-alpha-update,,2026-05-13
https://eggsov.itch.io/lust-in-suburbs/devlog/1521429/patch-021-early-access,,2026-05-13
https://kenpedersen.itch.io/ww2ee/devlog/1521430/new-hint-system-menu-added-not-affecting-game-time,,2026-05-13
https://lameywama.itch.io/slendyfan/devlog/1521431/new-update-notice-11052026,,2026-05-13
https://dontplayporngames2.itch.io/brothel-royale-porn-game-hentai-game/devlog/1521432/brothel-royale-is-out-disney-hentai-brothel-sim-r34,,2026-05-13
https://tap3r.itch.io/glow-of-dungeon/devlog/1521433/glow-of-dungeon-may-update-11,,2026-05-13
https://delanthear.itch.io/galaxy-smashball/devlog/1521434/im-slowly-learning-affinity,,2026-05-13
https://thegodlyslug.itch.io/duck-jumper/devlog/1521435/huge-graphics-update,,2026-05-13
https://itch.io/blog/1521436/top-3-ai-character-multimodal-creation-platforms-in-2026,,2026-05-13
https://itch.io/blog/1521437/hello,,2026-05-13
https://aris-loehr.itch.io/gp39projectname/devlog/1521439/devlog-9-the-end-of-production,,2026-05-13
https://greenflamingostudios.itch.io/spanky-bat-a-swing/devlog/1521440/patchnote-demo-build-02,,2026-05-13
https://voidshroom.itch.io/farmingmilk/devlog/1521441/finished-bedroom-night-1,,2026-05-13
https://itch.io/blog/1521442/post,,2026-05-13
https://xanderlescroart.itch.io/the-orb/devlog/1521443/level-update,,2026-05-13
https://fabianbubozaur3.itch.io/httpsscratchmiteduprojects1073217156/devlog/1521444/baldis-ultimate-remaster-is-back,,2026-05-13
https://grizzly-gamer-studio.itch.io/surviving-purge-gay-bara-tower-defense/devlog/1521445/game-update-05-now-available-on-patreon,,2026-05-13
https://bubblesandbabes.itch.io/bubblesandbabes/devlog/1521446/015-is-out-on-subscribestar,,2026-05-13
https://david-senate.itch.io/apocalypse-pd/devlog/1521447/v077-the-battlefield-talks-back,,2026-05-13
https://itch.io/blog/1521449/collision-learning-is-pain,,2026-05-13
https://jonasz-o.itch.io/lightweight-screen-recorder/devlog/1521450/updae-4,,2026-05-13
https://manr7man.itch.io/gardenlicker/devlog/1521451/more-seeds,,2026-05-13
https://pantaloon-io.itch.io/boxroom/devlog/1521452/boxroom-releases-in-early-access-on-may-26th,,2026-05-13
https://marcinjedrol.itch.io/pocket-kingdom-a-game-that-you-make/devlog/1521455/v016,,2026-05-13
https://itch.io/blog/1521456/-,,2026-05-13
https://stingby12.itch.io/literallysokoban/devlog/1521457/should-have-fixed-this-before,,2026-05-13
https://desarrovato.itch.io/funpluslib/devlog/1521458/funpluslib-beta,,2026-05-13
https://i-am-awake.itch.io/trash-hero/devlog/1521459/0025,,2026-05-13
https://snowbunnylex.itch.io/your-wife-needs-a-sperm-donor-text-story/devlog/1521460/wife-needs-a-sperm-donor-part-2,,2026-05-13
https://fieystah.itch.io/ldr/devlog/1521461/what-is-the-meaning-of-this,,2026-05-13
https://pgshiho.itch.io/blockrpg/devlog/1521462/add-icon,,2026-05-13
https://xanderlescroart.itch.io/123gnome/devlog/1521463/final-stretch-of-production,,2026-05-13
https://jackbowler.itch.io/game-design-journey-at-waikato/devlog/1521464/workshop-6-full-twine-game,,2026-05-13
https://duva2000.itch.io/five-nights-at-femboys/devlog/1521466/source-code-released,,2026-05-13
https://eliott-charon.itch.io/project-stomp/devlog/1521467/devlog-9-features-features,,2026-05-13
https://binbun3d.itch.io/dark-magic-fx/devlog/1521468/new-release-godot-dark-magic-fx,,2026-05-13
https://asuha-developer.itch.io/single-mind/devlog/1521469/new-update-for-single-mind-full-story-and-more,,2026-05-13
https://samasgari.itch.io/gjerdingsaeterkvadet/devlog/1521470/noen-beautyfixes,,2026-05-13
https://pixelartmaterial.itch.io/fr16-50-free-anime-fantasy/devlog/1521471/fr16-is-out-50-free-anime-fantasy-face-graphics-for-rpgs-visual-novels,,2026-05-13
https://pixel-moon-studio.itch.io/hunters-hand/devlog/1521472/visual-polish-threat-tooltips-and-a-complete-difficulty-overhaul-v0120,,2026-05-13
https://jonesy75.itch.io/new-years-daye/devlog/1521473/new-years-daye-progress-report-51226,,2026-05-13
https://paystudios.itch.io/space-n-blast/devlog/1521474/reddit-reviews-part-1,,2026-05-13
https://entros.itch.io/gp37roombarena/devlog/1521475/devlog-9-radioactive-cats,,2026-05-13
https://sirsalt.itch.io/gp28eclipse/devlog/1521476/week-12-final-week-of-production,,2026-05-13
https://ssauntss.itch.io/forbidden-solitaire-pt-br/devlog/1521477/mod-out-now,,2026-05-13
https://dumivid.itch.io/raccoon-valley-tycoon/devlog/1521478/demo-launch-2,,2026-05-13
https://goosehollowgames.itch.io/track-star/devlog/1521479/college-recruitment-storyline-gameplay-video,,2026-05-13
https://yujian-lou.itch.io/lyjs-game-log/devlog/1521480/twine,,2026-05-13
https://byronbulb.itch.io/bandestar/devlog/1521481/049,,2026-05-13
https://zekirei.itch.io/2d-scroller-character/devlog/1521482/character-1-update,,2026-05-13
https://joseph-hein.itch.io/gp25cattlefield/devlog/1521483/devlog-9-effective-effects,,2026-05-13
https://kaiman-games.itch.io/skateland-adventures/devlog/1521484/-early-birds-alert,,2026-05-13
https://jantunes.itch.io/employee925/devlog/1521485/update-122,,2026-05-13
https://knighty-games.itch.io/oh-my-dog/devlog/1521486/oh-my-dog-v02,,2026-05-13
https://thingsbyfilip.itch.io/tcod/devlog/1521487/update-050-colour-palettes-and-architecture,,2026-05-13
https://bruja-aprendiza.itch.io/group-38-game-projects/devlog/1521488/devlog-09-santa-reviewed-your-feedback-,,2026-05-13
https://boundless-ar.itch.io/the-heartbeat/devlog/1521490/the-game-is-playable-now,,2026-05-13
https://itch.io/blog/1521491/bookforge-is-now-on-itchio-a-private-one-time-purchase-book-writing-studio-for-serious-authors,,2026-05-13
https://anarchy-creations.itch.io/system-breakdown/devlog/1521493/anarchists-themselves-,,2026-05-13
https://zerahi.itch.io/syntroma/devlog/1521494/0222,,2026-05-13
https://takeoinfcraft.itch.io/block-crash-of-mole-valley/devlog/1521495/the-mole-and-the-suspension-bridge,,2026-05-13
https://ririspace0.itch.io/polter-glitch/devlog/1521496/enviorment-3d-models-patrycja,,2026-05-13
https://bradleyadam.itch.io/reclamation-idle-reprototyped/devlog/1521497/reclamation-idle-reprototyped-first-build-live,,2026-05-13
https://yoloyee123.itch.io/super-bullet-hell/devlog/1521499/post,,2026-05-13
https://jonsprojects.itch.io/mercworks/devlog/1521500/i-cant-keep-the-same-joke-going-also-gunman-died-lmfao,,2026-05-13
https://gamemp.itch.io/seven-steps-to-wake-up/devlog/1521501/-seven-steps-to-wake-up-release-for-windows-android,,2026-05-13
https://cururugames.itch.io/cara-nova-ja/devlog/1521503/seleo-de-cores-do-modo-desafio-consertado,,2026-05-13
https://a-unconditional.itch.io/multiic/devlog/1521504/fionas-instagram,,2026-05-13
https://chicken43726.itch.io/newmiptowerunuty/devlog/1521505/23-real-pre2-,,2026-05-13
https://happykidsfun.itch.io/kids-coloring-book/devlog/1521506/kids-coloring-book-is-now-playable-in-browser,,2026-05-13
https://circus-try.itch.io/the-gc-goes-to-a-park/devlog/1521508/test-test,,2026-05-13
https://meinaru.itch.io/summer-of-dreams/devlog/113517/minor-bugfixes,,2026-05-13
https://kervn.itch.io/unknown111/devlog/306470/chapter-1-remastered,,2026-05-13
https://kervn.itch.io/unknown111/devlog/312804/chapter-two-is-released,,2026-05-13
https://kervn.itch.io/unknown111/devlog/330974/chapter-three-released-hapter-two-is-now-free,,2026-05-13
https://kervn.itch.io/unknown111/devlog/332106/chapter-3-is-available-on-itch,,2026-05-13
https://kervn.itch.io/unknown111/devlog/353327/chapter-iii-is-available-for-free,,2026-05-13
https://kervn.itch.io/unknown111/devlog/355063/chapter-iv-is-available-on-itch,,2026-05-13
https://kervn.itch.io/unknown111/devlog/377071/chapter-5-is-available-for-early-access,,2026-05-13
https://kervn.itch.io/unknown111/devlog/379009/chapter-v-is-available-on-itch,,2026-05-13
https://kervn.itch.io/unknown111/devlog/401277/chapter-vi-is-available-for-early-access-on-patreon,,2026-05-13
https://kervn.itch.io/unknown111/devlog/403071/chapter-vi-is-available-on-itch,,2026-05-13
https://kervn.itch.io/unknown111/devlog/438797/chapter-vii-is-available-on-itch,,2026-05-13
https://kervn.itch.io/unknown111/devlog/441070/game-guide-and-4k-wallpapers,,2026-05-13
https://uniprimesoftware.itch.io/universe-x/devlog/484583/mega-changes,,2026-05-13
https://itch.io/c/88499/games-to-revisit,,2026-05-13
https://itch.io/c/3351138/cr1ms0ncrusad3rs-collection,,2026-05-13
https://itch.io/c/3420316/het2231s-collection,,2026-05-13
https://itch.io/c/3455415/richterdss-collection,,2026-05-13
https://itch.io/c/3500743/sims,,2026-05-13
https://itch.io/c/3545386/renpy,,2026-05-13
https://itch.io/c/3570993/fun,,2026-05-13
https://itch.io/c/3681792/phantomfighterxbds-collection,,2026-05-13
https://itch.io/c/3754193,,2026-05-13
https://itch.io/c/3768055/aesthetic,,2026-05-13
https://itch.io/c/3797308/sunny116s-collection,,2026-05-13
https://itch.io/c/3797868/foxmccloud2kxxs-collection,,2026-05-13
https://itch.io/c/3799237/love,,2026-05-13
https://itch.io/c/3815705/later,,2026-05-13
https://itch.io/c/3822250/3-games,,2026-05-13
https://itch.io/c/3909907/onraindays123s-collection,,2026-05-13
https://itch.io/c/3968848/cataclysams-c64-collection,,2026-05-13
https://itch.io/c/4001049/peak-1,,2026-05-13
https://itch.io/c/4017752/swankypants333462s-collection,,2026-05-13
https://itch.io/c/4027544/kon4tas-collection,,2026-05-13
https://itch.io/c/4082985/nsfw-games-i-keep-an-eye-on,,2026-05-13
https://itch.io/c/4129269/my-favorites,,2026-05-13
https://itch.io/c/4168980/ifs,,2026-05-13
https://itch.io/c/4246796/osr-assist,,2026-05-13
https://itch.io/c/4267261/new-retro,,2026-05-13
https://itch.io/c/4296149/fasoulys-collection,,2026-05-13
https://itch.io/c/4388827/wifyskeks-collection,,2026-05-13
https://itch.io/c/4400254/very-cool-looking,,2026-05-13
https://itch.io/c/4408338/naos-collection,,2026-05-13
https://itch.io/c/4430150/lovely-pixels,,2026-05-13
https://itch.io/c/4437709/sapkowski-chans-collection,,2026-05-13
https://itch.io/c/4480438/prmalpr28s-collection,,2026-05-13
https://itch.io/c/4518032/asdad,,2026-05-13
https://itch.io/c/4520787/ob3r0ns-collection,,2026-05-13
https://itch.io/c/4544168/xenos-collection,,2026-05-13
https://itch.io/c/4649604/bunny-jesters-collection,,2026-05-13
https://itch.io/c/4677724/to-play,,2026-05-13
https://itch.io/c/4688452/pineapplefortwos-collection,,2026-05-13
https://itch.io/c/4691577/top-tier-3d,,2026-05-13
https://itch.io/c/4735398/wanna-try,,2026-05-13
https://itch.io/c/4758200,,2026-05-13
https://itch.io/c/4764290/up-and-coming-18-games,,2026-05-13
https://itch.io/c/4794241/pixel,,2026-05-13
https://itch.io/c/4815984/spooky,,2026-05-13
https://itch.io/c/4817429/bell420s-collection,,2026-05-13
https://itch.io/c/4872784/dub123s-collection,,2026-05-13
https://itch.io/c/4885871/reneeidk1s-collection,,2026-05-13
https://itch.io/c/4886658/parsley2009livecoms-collection,,2026-05-13
https://itch.io/c/4956670/cozystrays-collection,,2026-05-13
https://itch.io/c/4975043/takie-o,,2026-05-13
https://itch.io/c/4992447/1550259730s-collection,,2026-05-13
https://itch.io/c/5090102/smol-kyles-collection,,2026-05-13
https://itch.io/c/5144432/mske,,2026-05-13
https://itch.io/c/5172053/best-18-games,,2026-05-13
https://itch.io/c/5187418/indie-games,,2026-05-13
https://itch.io/c/5194641/berriblancs-collection,,2026-05-13
https://itch.io/c/5236612/horror-games-that-i-recommend,,2026-05-13
https://itch.io/c/5259877/criao-de-jogos,,2026-05-13
https://itch.io/c/5271975/profecionalgooners-collection,,2026-05-13
https://itch.io/c/5273488/nmartin855s-collection,,2026-05-13
https://itch.io/c/5276866/best-games-played-by-me,,2026-05-13
https://itch.io/c/5286556/wonderful-games-0,,2026-05-13
https://itch.io/c/5296418/ryz9ns-collection,,2026-05-13
https://itch.io/c/5302265/horroresque,,2026-05-13
https://itch.io/c/5308178/letsgo,,2026-05-13
https://itch.io/c/5318542/tobuy,,2026-05-13
https://itch.io/c/5374081/toshuyanais-collection,,2026-05-13
https://itch.io/c/5377887/dummy67s-collection,,2026-05-13
https://itch.io/c/5387099/musi-pona-pi-toki-pona,,2026-05-13
https://itch.io/c/5402838/2xues-collection,,2026-05-13
https://itch.io/c/5443599/possible-assets,,2026-05-13
https://itch.io/c/5455064/33,,2026-05-13
https://itch.io/c/5462809/demon1900s-collection,,2026-05-13
https://itch.io/c/5491542/maps,,2026-05-13
https://itch.io/c/5503850/in,,2026-05-13
https://itch.io/c/5533855/colleens-collection,,2026-05-13
https://itch.io/c/5539710/jeffypops-collection,,2026-05-13
https://itch.io/c/5543872/play-later,,2026-05-13
https://itch.io/c/5557851/stark-nvds-collection,,2026-05-13
https://itch.io/c/5601988/justinas0192s-collection,,2026-05-13
https://itch.io/c/5619699/like,,2026-05-13
https://itch.io/c/5633681/tables,,2026-05-13
https://itch.io/c/5641574/sanemi1the2chiwawas-collection,,2026-05-13
https://itch.io/c/5674730/gamerkyllings-collection,,2026-05-13
https://itch.io/c/5706914/chuckt440qs-collection,,2026-05-13
https://itch.io/c/5758485/jack9137s-collection,,2026-05-13
https://itch.io/c/5776943/cool-games,,2026-05-13
https://itch.io/c/5777316/check-out,,2026-05-13
https://itch.io/c/5799388/ryuuyzs-collection,,2026-05-13
https://itch.io/c/5801726/witek2354s-collection,,2026-05-13
https://itch.io/c/5831139/favoritos,,2026-05-13
https://itch.io/c/5832915/sssssssixs-collection,,2026-05-13
https://itch.io/c/5891157/monkeybanana4s-collection,,2026-05-13
https://itch.io/c/5894459/teaaa-twqs-collection,,2026-05-13
https://itch.io/c/5929395/zaq852013s-collection,,2026-05-13
https://itch.io/c/5933004/matumusess-collection,,2026-05-13
https://itch.io/c/5933374/zero2222s-collection,,2026-05-13
https://itch.io/c/5946852/nyxstarfinders-collection,,2026-05-13
https://itch.io/c/5950175/uhh-yeah-ive-played-these,,2026-05-13
https://itch.io/c/5955964/mankowskis-collection,,2026-05-13
https://itch.io/c/5956035/games,,2026-05-13
https://itch.io/c/5969252/mellowfellows-collection,,2026-05-13
https://itch.io/c/5975685/cute-romance,,2026-05-13
https://itch.io/c/5984102/p,,2026-05-13
https://itch.io/c/6042633/respawn1337s-collection,,2026-05-13
https://itch.io/c/6055281/ultimatenubss-collection,,2026-05-13
https://itch.io/c/6087319/ilovegames,,2026-05-13
https://itch.io/c/6089711/ityleridurdenis-collection,,2026-05-13
https://itch.io/c/6099976/annicorn06s-collection,,2026-05-13
https://itch.io/c/6113210/belfelass-collection,,2026-05-13
https://itch.io/c/6189549/alicethedragons-collection,,2026-05-13
https://itch.io/c/6191660/katts-collection,,2026-05-13
https://itch.io/c/6223866/jdoe985s-collection,,2026-05-13
https://itch.io/c/6230267/bobybobbobs-collection,,2026-05-13
https://itch.io/c/6239249/bookfas-collection,,2026-05-13
https://itch.io/c/6250502/redbear22s-collection,,2026-05-13
https://itch.io/c/6256713/peters76s-collection,,2026-05-13
https://itch.io/c/6275543/beaspecs-collection,,2026-05-13
https://itch.io/c/6278951/visual-novels,,2026-05-13
https://itch.io/c/6279836/caravan,,2026-05-13
https://itch.io/c/6291106/vns-3,,2026-05-13
https://itch.io/c/6303182/coleer1s-collection,,2026-05-13
https://itch.io/c/6321509/games-to-play-later,,2026-05-13
https://itch.io/c/6329959/novelas-visuales,,2026-05-13
https://itch.io/c/6340665/penisus-collection,,2026-05-13
https://itch.io/c/6343547/theunpersons-collection,,2026-05-13
https://itch.io/c/6346729/kerryuchihas-collection,,2026-05-13
https://itch.io/c/6346863/dark-cherry-lovers-collection,,2026-05-13
https://itch.io/c/6350280/lennntejass-collection,,2026-05-13
https://itch.io/c/6356506/games-to-play-3-no2,,2026-05-13
https://itch.io/c/6377082/k1r0d4rcks-collection,,2026-05-13
https://itch.io/c/6377853/alaon-labs-collection,,2026-05-13
https://itch.io/c/6378067/cheryrys-collection,,2026-05-13
https://itch.io/c/6378075/aim,,2026-05-13
https://itch.io/c/6379045/missdragoona106s-collection,,2026-05-13
https://itch.io/c/6392581/tio-trevizs-collection,,2026-05-13
https://itch.io/c/6406277/alepfus-collection,,2026-05-13
https://itch.io/c/6418392/rubisxems-collection,,2026-05-13
https://itch.io/c/6425758/swoosh23s-collection,,2026-05-13
https://itch.io/c/6429000/aku-saikoros-collection,,2026-05-13
https://itch.io/c/6451209/game-development-sounds,,2026-05-13
https://itch.io/c/6460657/games,,2026-05-13
https://itch.io/c/6466419/my-recommendations,,2026-05-13
https://itch.io/c/6470203/want-to-play-90,,2026-05-13
https://itch.io/c/6485776/hunnixbears-collection,,2026-05-13
https://itch.io/c/6494744/nameless0124s-collection,,2026-05-13
https://itch.io/c/6498134/havent-played-yet,,2026-05-13
https://itch.io/c/6498731/ant6ns-collection,,2026-05-13
https://itch.io/c/6519318/luiz467s-collection,,2026-05-13
https://itch.io/c/6532390/florencenightingales-collection,,2026-05-13
https://itch.io/c/6535924/sum-goated-games,,2026-05-13
https://itch.io/c/6545731/deltafire55s-collection,,2026-05-13
https://itch.io/c/6548898/amonguscolors123456s-collection,,2026-05-13
https://itch.io/c/6554284/might-buy,,2026-05-13
https://itch.io/c/6556140/safarix64s-collection,,2026-05-13
https://itch.io/c/6559204/ggerriks-collection,,2026-05-13
https://itch.io/c/6576106/pc,,2026-05-13
https://itch.io/c/6581469/psx,,2026-05-13
https://itch.io/c/6582230/machomangos-collection,,2026-05-13
https://itch.io/c/6587182/lewisjk123s-collection,,2026-05-13
https://itch.io/c/6587898/favorite,,2026-05-13
https://itch.io/c/6590910/visual-novels,,2026-05-13
https://itch.io/c/6608575/n3c45s-collection,,2026-05-13
https://itch.io/c/6611397/grief-engine,,2026-05-13
https://itch.io/c/6620794,,2026-05-13
https://itch.io/c/6645731/jack-vdks-collection,,2026-05-13
https://itch.io/c/6647728/sages-collection,,2026-05-13
https://itch.io/c/6660579/games-3,,2026-05-13
https://itch.io/c/6673739/-,,2026-05-13
https://itch.io/c/6677368/orukoouotakos-collection,,2026-05-13
https://itch.io/c/6679275/rileywarrior981s-collection,,2026-05-13
https://itch.io/c/6686605/margielamadmans-collection,,2026-05-13
https://itch.io/c/6695075/vn,,2026-05-13
https://itch.io/c/6703572/blackghostoexs-collection,,2026-05-13
https://itch.io/c/6705730/1351321domass-collection,,2026-05-13
https://itch.io/c/6708617/yemingqus-collection,,2026-05-13
https://itch.io/c/6722113/good-games-i-have-played3,,2026-05-13
https://itch.io/c/6727652/jamiss-collection,,2026-05-13
https://itch.io/c/6728817/moonkeymangs-collection,,2026-05-13
https://itch.io/c/6733495/hs,,2026-05-13
https://itch.io/c/6735378/mustikas-collection,,2026-05-13
https://itch.io/c/6739697/sfsflows-collection,,2026-05-13
https://itch.io/c/6740559/genesisxlls-collection,,2026-05-13
https://itch.io/c/6747356/shadow364982s-collection,,2026-05-13
https://itch.io/c/6773797/finished-games,,2026-05-13
https://itch.io/c/6776629/want-to-play-d,,2026-05-13
https://itch.io/c/6794344/archaeoveridences-collection,,2026-05-13
https://itch.io/c/6804980/donkalos-collection,,2026-05-13
https://itch.io/c/6836392/woahwowowowahahahha,,2026-05-13
https://itch.io/c/6843819/free,,2026-05-13
https://itch.io/c/6845936/porn,,2026-05-13
https://itch.io/c/6854207,,2026-05-13
https://itch.io/c/6862395/ppzxs-collection,,2026-05-13
https://itch.io/c/6868891/tr4kas-collection,,2026-05-13
https://itch.io/c/6869375/to-play,,2026-05-13
https://itch.io/c/6873835/crystalgem-saga,,2026-05-13
https://itch.io/c/6874008/ravenowl13s-collection,,2026-05-13
https://itch.io/c/6878656/dalles27s-collection,,2026-05-13
https://itch.io/c/6886887/deinemuda107gmailcoms-collection,,2026-05-13
https://itch.io/c/6903154/lancer,,2026-05-13
https://itch.io/c/6903631/fun-completed-games,,2026-05-13
https://itch.io/c/6918505/piratebox76s-collection,,2026-05-13
https://itch.io/c/6919660/nsfw-games,,2026-05-13
https://itch.io/c/6924260/gameplayermcgees-collection,,2026-05-13
https://itch.io/c/6925492/andrewdo182s-collection,,2026-05-13
https://itch.io/c/6927093/itch-games,,2026-05-13
https://itch.io/c/6941454/azknight2018s-collection,,2026-05-13
https://itch.io/c/6946316/try-later,,2026-05-13
https://itch.io/c/6958752/moonlv-flowrss-collection,,2026-05-13
https://itch.io/c/6962458/play-later,,2026-05-13
https://itch.io/c/6969626/theme,,2026-05-13
https://itch.io/c/6971852/thinking-games,,2026-05-13
https://itch.io/c/6973650/peak,,2026-05-13
https://itch.io/c/6975698/jonbeckermans-collection,,2026-05-13
https://itch.io/c/6982080/americano-72573s-collection,,2026-05-13
https://itch.io/c/6989279/sekimarus-collection,,2026-05-13
https://itch.io/c/6992761/dieguinalvess-collection,,2026-05-13
https://itch.io/c/7006123/ninjabeams-collection,,2026-05-13
https://itch.io/c/7014970/goongob2077xoxoyzs-collection,,2026-05-13
https://itch.io/c/7021686/gaster365s-collection,,2026-05-13
https://itch.io/c/7024979/ktmaster63s-collection,,2026-05-13
https://itch.io/c/7028692/yaoi-333,,2026-05-13
https://itch.io/c/7033064/geckofromgiecos-collection,,2026-05-13
https://itch.io/c/7037164/codingbanana217s-collection,,2026-05-13
https://itch.io/c/7042602/celestials-collection,,2026-05-13
https://itch.io/c/7052838/landon-brookss-collection,,2026-05-13
https://itch.io/c/7064645/noveys-collection,,2026-05-13
https://itch.io/c/7066748/obento2000s-collection,,2026-05-13
https://itch.io/c/7068256/hunter10330s-collection,,2026-05-13
https://itch.io/c/7068943/leeroi2525gmailcoms-collection,,2026-05-13
https://itch.io/c/7089662/my-game-jam-entries,,2026-05-13
https://itch.io/c/7090634/freeformmovies-collection,,2026-05-13
https://itch.io/c/7106116/zhoees-collection,,2026-05-13
https://itch.io/c/7107506/favs,,2026-05-13
https://itch.io/c/7116346/wanseeetech23s-collection,,2026-05-13
https://itch.io/c/7132750/check-for-updates,,2026-05-13
https://itch.io/c/7135401/metal-crow-slipknot-robins-collection,,2026-05-13
https://itch.io/c/7136777/cptspiderbeards-collection,,2026-05-13
https://itch.io/c/7139724/kyoro-kuns-collection,,2026-05-13
https://itch.io/c/7147067/alex0001111344s-collection,,2026-05-13
https://itch.io/c/7159033/to-play,,2026-05-13
https://itch.io/c/7163614/artsygirl84s-collection,,2026-05-13
https://itch.io/c/7167007/jacksun18s-collection,,2026-05-13
https://itch.io/c/7172308/one-way-out,,2026-05-13
https://itch.io/c/7180786/d-rayryunos-collection,,2026-05-13
https://itch.io/c/7187224/pandaloverxtraeems-collection,,2026-05-13
https://itch.io/c/7193591/hentai-game-2d,,2026-05-13
https://itch.io/c/7203966/weeweezers-collection,,2026-05-13
https://itch.io/c/7207281/ray-atashneis-collection,,2026-05-13
https://itch.io/c/7211253/dawne4727s-collection-1,,2026-05-13
https://itch.io/c/7216069/kimjunhe2011s-collection,,2026-05-13
https://itch.io/c/7216521/wiwias-collection,,2026-05-13
https://itch.io/c/7217419/to-play,,2026-05-13
https://itch.io/c/7225664/my-love-games,,2026-05-13
https://itch.io/c/7232680/killme3-4s-collection,,2026-05-13
https://itch.io/c/7233731/trucks-trailers-wagons,,2026-05-13
https://itch.io/c/7233883/dididou666s-collection,,2026-05-13
https://itch.io/c/7235578/asdszfvsdvsds-collection,,2026-05-13
https://itch.io/c/7236951/later,,2026-05-13
https://itch.io/c/7240734/game-a-week-suse2026,,2026-05-13
https://itch.io/c/7241201/suse26-p4-deniz,,2026-05-13
https://itch.io/c/7246670/tarantlakinggs-collection,,2026-05-13
https://itch.io/c/7252555/gknight111s-collection,,2026-05-13
https://itch.io/c/7264964/lilmarshyboys-collection,,2026-05-13
https://itch.io/c/7268713/18,,2026-05-13
https://itch.io/c/7270795/hsamgrs-collection,,2026-05-13
https://itch.io/c/7272864/wh366s-collection,,2026-05-13
https://itch.io/c/7273958/liamknss-collection,,2026-05-13
https://itch.io/c/7276303/khadoshs-collection,,2026-05-13
https://itch.io/c/7278102/download-required,,2026-05-13
https://itch.io/c/7278677/mynamejoms-collection,,2026-05-13
https://itch.io/c/7280635/drag113s-collection,,2026-05-13
https://itch.io/c/7288114/stealthymoefoes-collection,,2026-05-13
https://itch.io/c/7291947/tuff-dating-sim-games,,2026-05-13
https://itch.io/c/7299056/sky-lusts-collection,,2026-05-13
https://itch.io/c/7304825/moons445s-collection,,2026-05-13
https://itch.io/c/7306496/b96190030s-collection,,2026-05-13
https://itch.io/c/7308107/knight-02s-collection,,2026-05-13
https://itch.io/c/7310064/mhystikkias-collection,,2026-05-13
https://itch.io/c/7310143/dzuuns-collection,,2026-05-13
https://itch.io/c/7310333/h7g7gzg7,,2026-05-13
https://itch.io/c/7315543/r0tt3n-hy3n4s-collection,,2026-05-13
https://itch.io/c/7316645/pan-sin-nuecess-collection,,2026-05-13
https://itch.io/c/7317522/madking354s-collection,,2026-05-13
https://itch.io/c/7317643/antrossomals-collection,,2026-05-13
https://itch.io/c/7317676/privacss-collection,,2026-05-13
https://itch.io/c/7326427/nanaa-stars-collection,,2026-05-13
https://itch.io/c/7329064/mhm,,2026-05-13
https://itch.io/c/7331497/aernaerardons-collection,,2026-05-13
https://itch.io/c/7335158/save-for-later,,2026-05-13
https://itch.io/c/7335990/vdogames,,2026-05-13
https://itch.io/c/7339754/nsfw,,2026-05-13
https://itch.io/c/7341004/hextechuwus-collection,,2026-05-13
https://itch.io/c/7348086/new-stuff,,2026-05-13
https://itch.io/c/7349646/oniymilks-collection,,2026-05-13
https://itch.io/c/7359274/weslms-collection,,2026-05-13
https://itch.io/c/7359495/super-good,,2026-05-13
https://itch.io/c/7360078/pi0neers-collection,,2026-05-13
https://itch.io/c/7360508/jsjbsjss-collection,,2026-05-13
https://itch.io/c/7363133/itspeperos-collection,,2026-05-13
https://itch.io/c/7364069/puto,,2026-05-13
https://itch.io/c/7364530/stars-of-wonder,,2026-05-13
https://itch.io/c/7366274/7firelord7s-collection,,2026-05-13
https://itch.io/c/7366452/akira297s-collection,,2026-05-13
https://itch.io/c/7367148/random6906s-collection,,2026-05-13
https://itch.io/c/7368446/dersch71s-collection,,2026-05-13
https://itch.io/c/7371271,,2026-05-13
https://itch.io/c/7372001/tulipos-collection,,2026-05-13
https://itch.io/c/7374490/hello-dummss-collection,,2026-05-13
https://itch.io/c/7375943/try-not-to-nuts-collection,,2026-05-13
https://itch.io/c/7375998/fwanns-collection,,2026-05-13
https://itch.io/c/7378779/quentincakess-collection,,2026-05-13
https://itch.io/c/7382180/kyo9999s-collection,,2026-05-13
https://itch.io/c/7382746/xero8008135s-collection,,2026-05-13
https://itch.io/c/7384272/top,,2026-05-13
https://itch.io/c/7386165/spierozs-collection,,2026-05-13
https://itch.io/c/7386964,,2026-05-13
https://itch.io/c/7387294/hhh444s-collection,,2026-05-13
https://itch.io/c/7387553/helpmetts-collection,,2026-05-13
https://itch.io/c/7390631/sashalyns-collection,,2026-05-13
https://itch.io/c/7391685/ese-krones-collection,,2026-05-13
https://itch.io/c/7392428/nevies11111s-collection,,2026-05-13
https://itch.io/c/7393021/xians-collection,,2026-05-13
https://itch.io/c/7393526/kez-blues-collection,,2026-05-13
https://itch.io/c/7394103/richkinggamess-collection,,2026-05-13
https://itch.io/c/7395225/playdate,,2026-05-13
https://itch.io/c/7396814/vn,,2026-05-13
https://itch.io/c/7396947/lcm4694s-collection,,2026-05-13
https://itch.io/c/7397067/mksmks405s-collection,,2026-05-13
https://itch.io/c/7397948/camilo-87s-collection,,2026-05-13
https://itch.io/c/7398728/dariojmms-collection,,2026-05-13
https://itch.io/c/7399178/eskey123s-collection,,2026-05-13
https://itch.io/c/7399846/darkerthans-collection,,2026-05-13
https://itch.io/c/7399866/fuggesters-collection,,2026-05-13
https://itch.io/c/7402448/haru502748s-collection,,2026-05-13
https://itch.io/c/7406006/medzis-collection,,2026-05-13
https://itch.io/c/7407288/colindagamess-collection,,2026-05-13
https://itch.io/c/7407396/xorion4s-collection,,2026-05-13
https://itch.io/c/7408914/bills-collection,,2026-05-13
https://itch.io/c/7409313/docherdys-collection,,2026-05-13
https://itch.io/c/7410092/3d-assets,,2026-05-13
https://itch.io/c/7412296/ghost-losts-collection,,2026-05-13
https://itch.io/c/7412448/yet-to-play,,2026-05-13
https://itch.io/c/7412530/juegos-que-me-gustan,,2026-05-13
https://itch.io/c/7413895/boys-,,2026-05-13
https://itch.io/c/7415798/caydenlords-collection,,2026-05-13
https://itch.io/c/7416962/jackdans10191gmailcoms-collection,,2026-05-13
https://itch.io/c/7419334/anarchy12345s-collection,,2026-05-13
https://itch.io/c/7420051/dew-thing,,2026-05-13
https://itch.io/c/7420257/mas-adelante-juegos,,2026-05-13
https://itch.io/c/7421174/simonghostmyhusbands-collection,,2026-05-13
https://itch.io/c/7422276/000,,2026-05-13
https://itch.io/c/7422797/terror-games,,2026-05-13
https://itch.io/c/7423549/nerdifieds-collection,,2026-05-13
https://itch.io/c/7423866/neu-ab-26,,2026-05-13
https://itch.io/c/7424176/plataformeros-interesantes,,2026-05-13
https://itch.io/c/7426579/amour,,2026-05-13
https://itch.io/c/7427461/xxxhekates-collection,,2026-05-13
https://itch.io/c/7428077/kaelix-212s-collection,,2026-05-13
https://itch.io/c/7428939/unclejohans-collection,,2026-05-13
https://itch.io/c/7430256/carlamcgamess-collection,,2026-05-13
https://itch.io/c/7430292/eve-swans-collection,,2026-05-13
https://itch.io/c/7431245/ysfwhs-collection,,2026-05-13
https://itch.io/c/7432639/zerojokerwraiths-collection,,2026-05-13
https://itch.io/c/7432803/moths-collection,,2026-05-13
https://itch.io/c/7432824/yogurt3531s-collection,,2026-05-13
https://itch.io/c/7433311/kferuis-collection,,2026-05-13
https://itch.io/c/7433403/to-download,,2026-05-13
https://itch.io/c/7433688/unfinished,,2026-05-13
https://itch.io/c/7435821/glenbrooktime89s-collection,,2026-05-13
https://itch.io/c/7435851/idle,,2026-05-13
https://itch.io/c/7436399/gothicslytherins-collection,,2026-05-13
https://itch.io/c/7437656/rpg-design-collection,,2026-05-13
https://itch.io/c/7438490/jonson-lees-collection,,2026-05-13
https://itch.io/c/7438558/horror-games,,2026-05-13
https://itch.io/c/7438806/xochich1s-collection,,2026-05-13
https://itch.io/c/7439013/donquixote10101s-collection,,2026-05-13
https://itch.io/c/7439534/albion,,2026-05-13
https://itch.io/c/7439631/tusk1233s-collection,,2026-05-13
https://itch.io/c/7439886/por-terminar-descargadas-novelas,,2026-05-13
https://itch.io/c/7440601/dumbass-dating-sims,,2026-05-13
https://itch.io/c/7441560/bubbab26s-collection,,2026-05-13
https://itch.io/c/7441626/minidarkelfs-collection,,2026-05-13
https://itch.io/c/7441673/play-later,,2026-05-13
https://itch.io/c/7442311/t-tashs-collection,,2026-05-13
https://itch.io/c/7442607/jazzr1s-collection,,2026-05-13
https://itch.io/c/7442995/jh543490gmailcoms-collection,,2026-05-13
https://itch.io/c/7443449/gruffensteins-collection,,2026-05-13
https://itch.io/c/7443543/asset,,2026-05-13
https://itch.io/c/7443570/xianzhezhixians-collection,,2026-05-13
https://itch.io/c/7444351/hacks,,2026-05-13
https://itch.io/c/7444372/syk-diudius-collection,,2026-05-13
https://itch.io/c/7444404/horrors,,2026-05-13
https://itch.io/c/7444529/random6-9users-collection,,2026-05-13
https://itch.io/c/7445554/representative-works,,2026-05-13
https://itch.io/c/7445784/save,,2026-05-13
https://itch.io/c/7446262/duyunodoes-collection,,2026-05-13
https://itch.io/c/7446531/i-want,,2026-05-13
https://itch.io/c/7447130/fabulous-pillar-guardians-collection,,2026-05-13
https://itch.io/c/7447584/vn-dating-games,,2026-05-13
https://itch.io/c/7447752/vncloverukari-123s-collection,,2026-05-13
https://itch.io/c/7448547/y0909786660-pngs-collection,,2026-05-13
https://itch.io/c/7448782/gr,,2026-05-13
https://itch.io/c/7449086/chuckamas-collection,,2026-05-13
https://itch.io/c/7449098/ji12345s-collection,,2026-05-13
https://itch.io/c/7449630/cornuels-collection,,2026-05-13
https://itch.io/c/7449927/gut-zous-collection,,2026-05-13
https://itch.io/c/7450105/reynevanns-collection,,2026-05-13
https://itch.io/c/7450113/really-wanna-play-these,,2026-05-13
https://itch.io/c/7450700/tabaros-collection,,2026-05-13
https://itch.io/c/7450909/yanderedating-sims,,2026-05-13
https://itch.io/c/7451217/alfredojtvs-collection,,2026-05-13
https://itch.io/c/7451270/zelda-like,,2026-05-13
https://itch.io/c/7451362/riamesss-collection,,2026-05-13
https://itch.io/c/7451709/wishlist,,2026-05-13
https://itch.io/c/7451718/gigistarrays-collection,,2026-05-13
https://itch.io/c/7451836/igoonhasanovas-collection,,2026-05-13
https://itch.io/c/7451960/kojo,,2026-05-13
https://itch.io/c/7452813/musiclover4evers-collection,,2026-05-13
https://itch.io/c/7453040/kitsikats-collection,,2026-05-13
https://itch.io/c/7453254/icantremember69696s-collection,,2026-05-13
https://itch.io/c/7453560/doloanttts-collection,,2026-05-13
https://itch.io/c/7454141/bleeeeeghs-collection,,2026-05-13
https://itch.io/c/7454200/buwan-123s-collection,,2026-05-13
https://itch.io/c/7454516/deathsmash2000s-collection,,2026-05-13
https://itch.io/c/7454705/2007freedoms-collection,,2026-05-13
https://itch.io/c/7454971/zer01110110nes-collection,,2026-05-13
https://itch.io/c/7454976/baphomets-collection,,2026-05-13
https://itch.io/c/7455056/sufferthornes-collection,,2026-05-13
https://itch.io/c/7455318/raku0726s-collection,,2026-05-13
https://itch.io/c/7455386/chs-sau,,2026-05-13
https://itch.io/c/7455616/mercury-mantiss-collection,,2026-05-13
https://itch.io/c/7455847/momonnes-collection,,2026-05-13
https://itch.io/c/7455966/yuboyis-collection,,2026-05-13
https://itch.io/c/7455998/pablovsky53s-collection,,2026-05-13
https://itch.io/c/7456498/55-frogs,,2026-05-13
https://itch.io/c/7456553/gg,,2026-05-13
https://itch.io/c/7456776/peachleaf,,2026-05-13
https://itch.io/c/7456958/yandere,,2026-05-13
https://itch.io/c/7457020/to-play,,2026-05-13
https://itch.io/c/7457133/jack124567s-collection,,2026-05-13
https://itch.io/c/7457305/17,,2026-05-13
https://itch.io/c/7457500/dane24s-collection,,2026-05-13
https://itch.io/c/7457503/cherrypieofmyis-collection,,2026-05-13
https://itch.io/c/7457881/game-x,,2026-05-13
https://itch.io/c/7457955/micaela-maris-collection,,2026-05-13
https://itch.io/c/7458104/play-for-peace-bundle-good-things,,2026-05-13
https://itch.io/c/7458436/irisesharps-collection,,2026-05-13
https://itch.io/c/7458613/jaykuzzs-collection,,2026-05-13
https://itch.io/c/7458814/greenapols-collection,,2026-05-13
https://itch.io/c/7459048/r3dhoo8s-collection,,2026-05-13
https://itch.io/c/7459104/randomfrogos-collection,,2026-05-13
https://itch.io/c/7459137/if-downloadable,,2026-05-13
https://itch.io/c/7459410/to-play,,2026-05-13
https://itch.io/c/7459663/3d-assets,,2026-05-13
https://itch.io/c/7459913/mmm-bien-xd-,,2026-05-13
https://itch.io/c/7460075/check-out-later,,2026-05-13
https://itch.io/c/7460375/tobyy32s-collection,,2026-05-13
https://itch.io/c/7460459/freestyler69ss-collection,,2026-05-13
https://itch.io/c/7460767/game,,2026-05-13
https://itch.io/c/7460817/zariis-collection,,2026-05-13
https://itch.io/c/7460818/3,,2026-05-13
https://itch.io/c/7460927/arangoavantors-collection,,2026-05-13
https://itch.io/c/7460938/arangoavantors-collection,,2026-05-13
https://itch.io/c/7460992/madmanforgers-collection,,2026-05-13
https://itch.io/c/7461006/good-fnafs,,2026-05-13
https://itch.io/c/7461016/fye-05s-collection,,2026-05-13
https://itch.io/c/7461020/goated-game,,2026-05-13
https://itch.io/c/7461049/idk,,2026-05-13
https://itch.io/c/7461063/s-esses,,2026-05-13
https://itch.io/c/7461133/archive-2021,,2026-05-13
https://itch.io/c/7461140/to-play,,2026-05-13
https://itch.io/c/7461149/sagye,,2026-05-13
https://itch.io/c/7461153/old-games,,2026-05-13
https://itch.io/c/7461158/2d-platformer-assets,,2026-05-13
https://itch.io/c/7461159/wishlist,,2026-05-13
https://itch.io/c/7461189/geracaoenzos-collection,,2026-05-13
https://itch.io/c/7461195/the-games-ill-try,,2026-05-13
https://itch.io/c/7461200,,2026-05-13
https://itch.io/c/7461204/farm-sim-25-vintage-farming,,2026-05-13
https://itch.io/c/7461210/geracaoenzos-collection,,2026-05-13
https://itch.io/c/7461226/sus-collection-,,2026-05-13
https://itch.io/c/7461244/itslinkys-collection,,2026-05-13
https://itch.io/c/7461255/archive-2024,,2026-05-13
https://itch.io/c/7461266/oyun,,2026-05-13
https://itch.io/c/7461313/space,,2026-05-13
https://itch.io/c/7461318/lumosys-collection,,2026-05-13
https://itch.io/c/7461320/hector42020s-collection,,2026-05-13
https://itch.io/c/7461360/archive-2025,,2026-05-13
https://itch.io/c/7461412/yunnichas-collection,,2026-05-13
https://itch.io/c/7461420/v1rtu3zs-collection,,2026-05-13
https://itch.io/c/7461441/games-to-play-for-videos,,2026-05-13
https://itch.io/c/7461447/ring-stroms-collection,,2026-05-13
https://itch.io/c/7461450/zmf1997s-collection,,2026-05-13
https://itch.io/c/7461455/zerowinter29s-collection,,2026-05-13
https://itch.io/c/7461457/gyutucs-collection,,2026-05-13
https://itch.io/c/7461458/gg-3,,2026-05-13
https://itch.io/c/7461460/holumk11s-collection,,2026-05-13
https://itch.io/c/7461480/one-shotters,,2026-05-13
https://itch.io/c/7461492,,2026-05-13
https://itch.io/c/7461516/journaling-rpgs,,2026-05-13
https://itch.io/c/7461518/shmupjam7-to-play,,2026-05-13
https://itch.io/c/7461519/utility,,2026-05-13
https://itch.io/c/7461541/alfombra6321s-collection,,2026-05-13
https://itch.io/c/7461542/horror,,2026-05-13
https://itch.io/c/7461547/omg,,2026-05-13
https://itch.io/c/7461549/doothentais-collection,,2026-05-13
https://itch.io/c/7461550/maximusg333s-collection,,2026-05-13
https://itch.io/c/7461554/interactive-fiction,,2026-05-13
https://itch.io/c/7461619/homeboyhappys-collection,,2026-05-13
https://itch.io/c/7461677/horror,,2026-05-13
https://itch.io/c/7461692/to-play,,2026-05-13
https://itch.io/c/7461702/legoshi25s-collection,,2026-05-13
https://itch.io/c/7461710/elysia-123456s-collection,,2026-05-13
https://itch.io/c/7461714/legoshi25s-collection,,2026-05-13
https://itch.io/c/7461720/67,,2026-05-13
https://itch.io/c/7461731/assets,,2026-05-13
https://itch.io/c/7461744/our-games,,2026-05-13
https://itch.io/c/7461758/0,,2026-05-13
https://itch.io/c/7461768/dating-sim,,2026-05-13
https://itch.io/c/7461788/rvs,,2026-05-13
https://itch.io/c/7461791/freak-circus,,2026-05-13
https://itch.io/c/7461793/to-play-3,,2026-05-13
https://itch.io/c/7461827/linlinlinqius-collection,,2026-05-13
https://itch.io/c/7461832/qrainahs-collection,,2026-05-13
https://itch.io/c/7461844/for-computer,,2026-05-13
https://itch.io/c/7461855/funs,,2026-05-13
https://itch.io/c/7461871/nguoitots-collection,,2026-05-13
https://itch.io/c/7461874/want-to-play,,2026-05-13
https://itch.io/c/7461884/nguoitots-collection,,2026-05-13
https://itch.io/c/7461892/favorite-web-games,,2026-05-13
https://itch.io/c/7461930/nsfw-steam,,2026-05-13
https://itch.io/c/7461939/arise432s-collection,,2026-05-13
https://itch.io/c/7461947/yunheng123s-collection,,2026-05-13
https://itch.io/c/7461950,,2026-05-13
https://itch.io/c/7461952/biaks-collection,,2026-05-13
https://itch.io/c/7461966/sanguchitodenestums-collection,,2026-05-13
https://itch.io/c/7461972/subnuticalovers-collection,,2026-05-13
https://itch.io/c/7461985/ebarenkos-collection,,2026-05-13
https://itch.io/c/7461986/tanjin90s-collection,,2026-05-13
https://itch.io/c/7461991,,2026-05-13
https://itch.io/c/7461992/kepthealers-collection,,2026-05-13
https://itch.io/c/7462031/juegos-educativos,,2026-05-13
https://itch.io/c/7462034/game-dev,,2026-05-13
https://itch.io/c/7462086/faskinateds-collection,,2026-05-13
https://itch.io/c/7462092/nick11121s-collection,,2026-05-13
https://itch.io/c/7462149/ayn,,2026-05-13
https://itch.io/c/7462172/after-laptop-arrival,,2026-05-13
https://itch.io/c/7462180/pedro-reitzs-collection,,2026-05-13
https://itch.io/c/7462187/starplayers-collection,,2026-05-13
https://itch.io/c/7462193/dangancollection,,2026-05-13
https://itch.io/c/7462197/wanna-play,,2026-05-13
https://itch.io/c/7462207/playdate-apps,,2026-05-13
https://itch.io/c/7462211/games-played-somewhat-not-fully,,2026-05-13
https://itch.io/c/7462222/y0nr5zihs-collection,,2026-05-13
https://itch.io/c/7462251,,2026-05-13
https://itch.io/c/7462263/v4,,2026-05-13
https://itch.io/c/7462268/to-play,,2026-05-13
https://itch.io/c/7462270/plagalazs-collection,,2026-05-13
https://itch.io/c/7462281/dark-romance,,2026-05-13
https://itch.io/c/7462285/rottenmothcorpses-collection,,2026-05-13
https://itch.io/c/7462286/i-wanna-ple,,2026-05-13
https://itch.io/c/7462288/games-to-try,,2026-05-13
https://itch.io/c/7462315/mopity-022s-collection,,2026-05-13
https://itch.io/c/7462333/o-o,,2026-05-13
https://itch.io/c/7462348/assets,,2026-05-13
https://itch.io/c/7462357/osrose,,2026-05-13
https://itch.io/c/7462358/pirate-borg,,2026-05-13
https://itch.io/c/7462379/keflathiccs-collection,,2026-05-13
https://itch.io/c/7462390/jam-games,,2026-05-13
https://itch.io/c/7462397/mal0,,2026-05-13
https://itch.io/c/7462412/eiji-onasarus-collection,,2026-05-13
https://itch.io/c/7462414/bumsen,,2026-05-13
https://itch.io/c/7462422/ellieims-collection,,2026-05-13
https://itch.io/c/7462434/favorite,,2026-05-13
https://itch.io/c/7462451/chim,,2026-05-13
https://itch.io/c/7462457/other-collection,,2026-05-13
https://itch.io/c/7462461/volcanicking100s-collection,,2026-05-13
https://itch.io/c/7462466/-,,2026-05-13
https://itch.io/c/7462496/-,,2026-05-13
https://itch.io/c/7462503/rpg-arcade-games,,2026-05-13
https://itch.io/c/7462504/2026-newest,,2026-05-13
https://itch.io/c/7462515/rpg-journaling,,2026-05-13
https://itch.io/c/7462526/a5-bs-collection,,2026-05-13
https://itch.io/c/7462548/obsession,,2026-05-13
https://itch.io/c/7462560/lumeowss-collection,,2026-05-13
https://itch.io/c/7462562/sinlaku,,2026-05-13
https://itch.io/c/7462577/ywh,,2026-05-13
https://itch.io/c/7462583/askrashs-collection,,2026-05-13
https://itch.io/c/7462627/boozydrakes-collection,,2026-05-13
https://itch.io/c/7462635/hello-dummss-collection,,2026-05-13
https://itch.io/c/7462655/hanzong34s-collection,,2026-05-13
https://itch.io/c/7462662/salvussalberis,,2026-05-13
https://itch.io/c/7462674/whoami7727protonmes-collection,,2026-05-13
https://itch.io/c/7462679/adolf-r1zzlers-collection,,2026-05-13
https://itch.io/c/7462682/runaway-reveries-collection,,2026-05-13
https://itch.io/c/7462685/posibles-jueguis,,2026-05-13
https://itch.io/c/7462702/web,,2026-05-13
https://itch.io/c/7462708/skotunyakas-collection,,2026-05-13
https://itch.io/c/7462714/jsmith69s-collection,,2026-05-13
https://itch.io/c/7462746/dating-sim,,2026-05-13
https://itch.io/c/7462752/khensu12s-collection,,2026-05-13
https://itch.io/c/7462760/revio5s-collection,,2026-05-13
https://itch.io/c/7462769/destinysbounty2s-collection,,2026-05-13
https://itch.io/c/7462771/zoropxps-collection,,2026-05-13
https://itch.io/c/7462788/juegos-pa-dsps,,2026-05-13
https://itch.io/c/7462790/sir-mina-darks-collection,,2026-05-13
https://itch.io/c/7462792/read,,2026-05-13
https://itch.io/c/7462803/nostalgia,,2026-05-13
https://itch.io/c/7462806/ritsupro-11s-collection,,2026-05-13
https://itch.io/c/7462814/sage583s-collection,,2026-05-13
https://itch.io/c/7462838/yamoans-collection,,2026-05-13
https://itch.io/c/7462840/solo-rpgs,,2026-05-13
https://itch.io/c/7462843/game-collection,,2026-05-13
https://itch.io/c/7462847/to-play,,2026-05-13
https://itch.io/c/7462862/heathermp4s-collection,,2026-05-13
https://itch.io/c/7462864/siricks-collection,,2026-05-13
https://itch.io/c/7462865/jdduffs-collection,,2026-05-13
https://itch.io/c/7462890/n1k31s-collection,,2026-05-13
https://itch.io/c/7462905/sukunaisthegoats-collection,,2026-05-13
https://itch.io/c/7462907/lunicanss-collection,,2026-05-13
https://itch.io/c/7462909/melstipicchias-collection,,2026-05-13
https://itch.io/c/7462912/connorrivest123s-collection,,2026-05-13
https://itch.io/c/7462921/3,,2026-05-13
https://itch.io/c/7462924/prywinko,,2026-05-13
https://itch.io/c/7462928/kittew,,2026-05-13
https://itch.io/c/7462934/kajinman,,2026-05-13
https://itch.io/c/7462959/fuya,,2026-05-13
https://itch.io/c/7462961/kr-museum,,2026-05-13
https://itch.io/c/7462965/goon,,2026-05-13
https://itch.io/c/7462968/bayeuxman,,2026-05-13
https://itch.io/c/7462974/dandonfuga,,2026-05-13
https://itch.io/c/7462983/zumi,,2026-05-13
https://itch.io/c/7462985/jesse12726s-collection,,2026-05-13
https://itch.io/c/7462987/jesse12726s-collection,,2026-05-13
https://itch.io/c/7462988/por-probar,,2026-05-13
https://itch.io/c/7463018/interactive-fiction,,2026-05-13
https://itch.io/c/7463021/melstipicchias-collection,,2026-05-13
https://itch.io/c/7463035/2d-game,,2026-05-13
https://itch.io/c/7463058/nimkonpoops-collection,,2026-05-13
https://itch.io/c/7463070/mason-07s-collection,,2026-05-13
https://itch.io/c/7463087/linlinlinqius-collection,,2026-05-13
https://itch.io/c/7463093/in-app,,2026-05-13
https://itch.io/c/7463095/kyoka-chans-collection,,2026-05-13
https://itch.io/c/7463110/jojoj,,2026-05-13
https://itch.io/c/7463120/jpdev230s-collection,,2026-05-13
https://itch.io/c/7463132/jpdev230s-collection,,2026-05-13
https://itch.io/c/7463134/hajimilaoshus-collection,,2026-05-13
https://itch.io/c/7463176/mimi02120s-collection,,2026-05-13
https://itch.io/c/7463210/atinyarmy93s-collection,,2026-05-13
https://itch.io/c/7463218/sp1tes-collection,,2026-05-13
https://itch.io/c/7463233/reynevanns-collection,,2026-05-13
https://itch.io/c/7463248/play,,2026-05-13
https://itch.io/c/7463264/gameassets,,2026-05-13
https://itch.io/c/7463265/klksths-collection,,2026-05-13
https://itch.io/c/7463272/horror-games-but-not-so-strong,,2026-05-13
https://itch.io/c/7463282/to-be-played,,2026-05-13
https://itch.io/c/7463284/gurst-horror,,2026-05-13
https://itch.io/c/7463291/rednumber012s-favorite-mods-made-by-himself,,2026-05-13
https://itch.io/c/7463296/-,,2026-05-13
https://itch.io/c/7463297/job-horror,,2026-05-13
https://itch.io/c/7463332/collection-of-ukrainian-ttrpg-content-in-english,,2026-05-13
https://itch.io/c/7463347/visual-novels,,2026-05-13
https://itch.io/c/7463415/miimiicocos-collection,,2026-05-13
https://itch.io/c/7463430/gradyzoldycks-collection,,2026-05-13
https://itch.io/c/7463435/check-for-updates,,2026-05-13
https://itch.io/c/7463440/archer121s-collection,,2026-05-13
https://itch.io/c/7463442/galaxy-yandere-games,,2026-05-13
https://itch.io/c/7463462/multi-game,,2026-05-13
https://itch.io/c/7463465/wollnik1977-hubs-collection,,2026-05-13
https://itch.io/c/7463482/yandere-novs,,2026-05-13
https://itch.io/c/7463484/mistakeinmakings-collection,,2026-05-13
https://itch.io/c/7463493/puglover1831s-collection,,2026-05-13
https://itch.io/c/7463511/selenefaerys-collection,,2026-05-13
https://itch.io/c/7463516/mod,,2026-05-13
https://itch.io/c/7463555/corbett66s-collection,,2026-05-13
https://itch.io/c/7463572/kiri-xoxos-collection,,2026-05-13
https://itch.io/c/7463573/ahmedriazs-collection,,2026-05-13
https://itch.io/c/7463574/date-sim,,2026-05-13
https://itch.io/c/7463577/game,,2026-05-13
https://itch.io/c/7463578/gmmouras-collection,,2026-05-13
https://itch.io/c/7463593/vyevye31s-collection,,2026-05-13
https://itch.io/c/7463673/mafuyu7383s-collection,,2026-05-13
https://itch.io/c/7463703/joesph01s-collection,,2026-05-13
https://itch.io/c/7463706/lorddragos-collection,,2026-05-13
https://itch.io/c/7463711/itsram0330s-collection,,2026-05-13
https://itch.io/c/7463731/zx-spectrum,,2026-05-13
https://itch.io/c/7463745/fs25-buildings,,2026-05-13
https://itch.io/c/7463750/fs25-equipment,,2026-05-13
https://itch.io/c/7463767/lewd,,2026-05-13
https://itch.io/c/7463804/bumnugitings-collection,,2026-05-13
https://itch.io/c/7463816/dramks-collection,,2026-05-13
https://itch.io/c/7463825/gdd-spring-2026-showcase,,2026-05-13
https://itch.io/c/7463850/pinacocoss-collection,,2026-05-13
https://itch.io/c/7463853/meus-jogos,,2026-05-13
https://itch.io/c/7463866/bumbomstars-collection,,2026-05-13
https://itch.io/c/7463876/stlaryns-collection,,2026-05-13
https://itch.io/c/7463886/phone-friendly,,2026-05-13
https://itch.io/c/7463925/yup,,2026-05-13
https://itch.io/c/7463934/favourites,,2026-05-13
https://itch.io/c/7463941/hoppip123s-collection,,2026-05-13
https://itch.io/c/7463958/vs1507s-collection,,2026-05-13
https://itch.io/c/7463962/fruityfemboys-collection,,2026-05-13
https://itch.io/c/7463991,,2026-05-13
https://itch.io/c/7464015/bumbabee12s-collection,,2026-05-13
https://itch.io/c/7464033/gardening-games,,2026-05-13
https://itch.io/c/7464060/pgr,,2026-05-13
https://itch.io/c/7464063/a,,2026-05-13
https://itch.io/c/7464088/id-play-these,,2026-05-13
https://itch.io/c/7464115/rimitsos-collection,,2026-05-13
https://itch.io/c/7464144/zaiiuuus-collection,,2026-05-13
https://itch.io/c/7464151/curated-demo-multi-carts,,2026-05-13
https://itch.io/c/7464166/deathosamus-collection,,2026-05-13
https://itch.io/c/7464183/gf500s-collection,,2026-05-13
https://itch.io/c/7464191/yandere,,2026-05-13
https://itch.io/c/7464196/noob-agustines-collection,,2026-05-13
https://itch.io/c/7464242/salemhides-collection,,2026-05-13
https://itch.io/c/7464258/wrvjokfs-collection,,2026-05-13
https://itch.io/c/7464306/80-x,,2026-05-13
https://itch.io/c/7464328/novel,,2026-05-13
https://itch.io/c/7464332/ale-fcss-collection,,2026-05-13
https://itch.io/c/7464335/games-i-squirted-to,,2026-05-13
https://itch.io/c/7464340/goldencrinkles-collection,,2026-05-13
https://itch.io/c/7464345/zines,,2026-05-13
https://itch.io/c/7464346/visual-novel,,2026-05-13
https://itch.io/c/7464366/novel-2,,2026-05-13
https://itch.io/c/7464370/winteress-collection,,2026-05-13
https://itch.io/c/7464413/tee-devis-collection,,2026-05-13
https://itch.io/c/7464436/slime-kit,,2026-05-13
https://itch.io/c/7464438/flanlover2938s-collection,,2026-05-13
https://itch.io/c/7464449/cozy,,2026-05-13
https://itch.io/c/7464477/1-bit,,2026-05-13
https://itch.io/c/7464483/themadladys-collection,,2026-05-13
https://itch.io/c/7464490/juniyyzs-collection,,2026-05-13
https://itch.io/c/7464497/novelas-visuales,,2026-05-13
https://itch.io/c/7464529/elsw,,2026-05-13
https://itch.io/c/7464542,,2026-05-13
https://itch.io/c/7464545/rpgs,,2026-05-13
https://itch.io/c/7464553/jerryladsons-collection,,2026-05-13
https://itch.io/c/7464561/ajwjhrgqkhjfdabmsfn,,2026-05-13
https://itch.io/c/7464617/dirtydirtydans-collection,,2026-05-13
https://itch.io/c/7464626/m,,2026-05-13
https://itch.io/c/7464742/bceschis-collection,,2026-05-13
https://itch.io/c/7464743/oat-meal-101s-collection,,2026-05-13
https://itch.io/c/7464757/oat-meal-101s-collection,,2026-05-13
https://itch.io/c/7464763/gooba111s-collection,,2026-05-13
https://itch.io/c/7464764/archaeoveridences-collection,,2026-05-13
https://itch.io/c/7464804/cloverdorrisgmailcoms-collection,,2026-05-13
https://itch.io/c/7464816/essentials-kit,,2026-05-13
https://itch.io/c/7464820/tf-games,,2026-05-13
https://itch.io/c/7464826/emiarts-collection,,2026-05-13
https://itch.io/c/7464833/pricklygooses-collection,,2026-05-13
https://itch.io/c/7464835/xiens-collection,,2026-05-13
https://itch.io/c/7464838/18-colection,,2026-05-13
https://itch.io/c/7464874/try,,2026-05-13
https://itch.io/c/7464879/ainzweis-collection,,2026-05-13
https://itch.io/c/7464880/envlaks-collection,,2026-05-13
https://itch.io/c/7464936/nsfw,,2026-05-13
https://itch.io/c/7464945/these-look-cool,,2026-05-13
https://itch.io/c/7464966/this-looks-scary-and-cool,,2026-05-13
https://itch.io/c/7464990/turtlewins-collection,,2026-05-13
https://itch.io/c/7464992/wollnik1977-hubs-collection,,2026-05-13
https://itch.io/c/7465001/ilovemangoes07s-collection,,2026-05-13
https://itch.io/c/7465032/ghost-7zzs-collection,,2026-05-13
https://itch.io/c/7465075/arato1208s-collection,,2026-05-13
https://itch.io/c/7465078/hentai-g1,,2026-05-13
https://itch.io/c/7465081/that-new-type-of-games,,2026-05-13
https://itch.io/c/7465083/damiandesmondjs-collection,,2026-05-13
https://itch.io/c/7465106/hentai-demo,,2026-05-13
https://itch.io/c/7465109/my-avns,,2026-05-13
https://itch.io/c/7465142/2knoises-collection,,2026-05-13
https://itch.io/c/7465144/gabriele81s-collection,,2026-05-13
https://itch.io/c/7465146/demonchaaks-collection,,2026-05-13
https://itch.io/c/7465150/hentai-g2,,2026-05-13
https://itch.io/c/7465174/tigropoils-collection,,2026-05-13
https://itch.io/c/7465180,,2026-05-13
https://itch.io/c/7465186/bibills-collection,,2026-05-13
https://itch.io/c/7465192/eskisykes666s-collection,,2026-05-13
https://itch.io/c/7465198/milf,,2026-05-13
https://itch.io/c/7465209/callmekermits-collection,,2026-05-13
https://itch.io/c/7465216/rayzorezs-collection,,2026-05-13
https://itch.io/c/7465264/noah6198s-collection,,2026-05-13
https://itch.io/c/7465300/strawberry-recomends-nsfw,,2026-05-13
https://itch.io/c/7465317/pixel-art-games,,2026-05-13
https://itch.io/c/7465327/grxmlinzzhighzs-collection,,2026-05-13
https://itch.io/c/7465337/all-new,,2026-05-13
https://itch.io/c/7465400/glitch,,2026-05-13
https://itch.io/c/7465426/aquaclicks-collection,,2026-05-13
https://itch.io/c/7465456/wanna-play,,2026-05-13
https://itch.io/c/7465461/17777699801s-collection,,2026-05-13
https://itch.io/c/7465462/prince1830s-collection,,2026-05-13
https://itch.io/c/7465476/tianyu1307s-collection,,2026-05-13
https://itch.io/c/7465495/roblox,,2026-05-13
https://itch.io/c/7465504/task7843s-collection,,2026-05-13
https://itch.io/c/7465518/foxbear20s-collection,,2026-05-13
https://itch.io/c/7465526/jjjklilys-collection,,2026-05-13
https://itch.io/c/7465540/keishdoggs-collection,,2026-05-13
https://itch.io/c/7465552/fattahwgs-collection,,2026-05-13
https://itch.io/c/7465575/lala-lampes-collection,,2026-05-13
https://itch.io/c/7465580/phoenixchords-collection,,2026-05-13
https://itch.io/c/7465603/indie-fighting-games-i-like,,2026-05-13
https://itch.io/c/7465739/fajne,,2026-05-13
https://itch.io/c/7465742/lutimex,,2026-05-13
https://itch.io/c/7465779/ok-to18,,2026-05-13
https://itch.io/c/7465797/-,,2026-05-13
https://itch.io/c/7465810/plan-to-play,,2026-05-13
https://itch.io/c/7465817/omgkawaiiangel-01s-collection,,2026-05-13
https://itch.io/c/7465872/newewewewepoweroo,,2026-05-13
https://itch.io/c/776850/reiaas-collection,,2026-05-13
https://itch.io/c/1209266/merdles-collection,,2026-05-13
https://itch.io/c/1318761/hei-tuzis-collection,,2026-05-13
https://itch.io/c/1423022/jugement1412s-collection,,2026-05-13
https://itch.io/c/1486531/rybasilvas-collection-1,,2026-05-13
https://itch.io/c/1624809/gamemasterthe1s-collection,,2026-05-13
https://itch.io/c/1707853/recklesspaladins-collection,,2026-05-13
https://itch.io/c/1770089/h4mmys-collection,,2026-05-13
https://itch.io/c/1833794/wildest-woofers-collection,,2026-05-13
https://itch.io/c/1913667/later,,2026-05-13
https://itch.io/c/1991710/favoritos-juegos,,2026-05-13
https://itch.io/c/2060460/bazhirs-collection,,2026-05-13
https://itch.io/c/2386860/on-going-games,,2026-05-13
https://itch.io/c/2565888/celestialmooms-collection,,2026-05-13
https://itch.io/c/2681364/zero0810s-collection,,2026-05-13
https://itch.io/c/2738183/cool-assets,,2026-05-13
https://itch.io/c/2821541/games-to-play,,2026-05-13
https://itch.io/c/2922344/axielnsfws-collection,,2026-05-13
https://itch.io/c/3062366/misc,,2026-05-13
https://itch.io/c/3115412/popoo905s-collection,,2026-05-13
https://itch.io/c/3161593/esama808s-collection,,2026-05-13
https://itch.io/c/3249048/whissss,,2026-05-13
https://itch.io/c/3317959/triplecornes-collection,,2026-05-13
https://itch.io/t/6341130/your-mark-remains-post-jam-release-of-our-liminal-labyrinth-horror,,2026-05-13
https://itch.io/t/6341161/crazy-neighbour-indie-horror,,2026-05-13
https://itch.io/t/6341216/tax-return-solo-project,,2026-05-13
https://itch.io/t/6341327/pixel-art-rev-share-looking-for-2d-pixel-artist-and-godot-programmer,,2026-05-13
https://itch.io/t/6341345/lfp-music-commissions-open,,2026-05-13
https://itch.io/t/6341429/feelings-visual-novel-game,,2026-05-13
https://itch.io/t/6341463/hey-im-looking-for-a-friend-who-would-like-to-play-a-game-with-me-or-something-sometimes,,2026-05-13
https://itch.io/t/6341547/my-first-asset-pack-not-indexed-after-10-days,,2026-05-13
https://itch.io/t/6341771/simon-and-friends-turn-based-destructible-terrain-artillery-unit-elimination-deathmatch-oldschool-genre-revived-with-modern-mechanics,,2026-05-13
https://itch.io/t/6341831/release-shotgun-line-3d-demo,,2026-05-13
https://itch.io/t/6341915/project-threshold-the-first-experience-demo,,2026-05-13
https://itch.io/t/6342062/music-composer-looking-for-work,,2026-05-13
https://itch.io/t/6342064/gipong,,2026-05-13
https://itch.io/t/6342108/looking-for-general-feedback-first-try,,2026-05-13
https://itch.io/t/6342167/learning-new-things,,2026-05-13
https://itch.io/t/6342206/music-free-offering-short-loop-good-for-menu-i-guess-or-whenever-you-like,,2026-05-13
https://itch.io/t/6342291/hobbyrevshare-looking-for-people-for-anime-coop-game,,2026-05-13
https://itch.io/t/6342302/monsterguest-demo,,2026-05-13
https://itch.io/t/6342413/2d-artist-illustrator-character-artist-looking-for-work-visual-novel,,2026-05-13
https://itch.io/t/6342453/lunch-fury,,2026-05-13
https://itch.io/t/6342552/pixelart-artist-top-down-action-rpg,,2026-05-13
https://itch.io/t/6342660/introducing-serenity-grove,,2026-05-13
https://itch.io/t/6342671/sound-design-music-ableton-godot,,2026-05-13
https://itch.io/t/6342737/my-first-game-jam-project-a-small-constellation-puzzle-game,,2026-05-13
https://itch.io/t/6342759/nightmare-cargos,,2026-05-13
https://itch.io/t/6342762/flowfects-a-tool-for-focus-relaxation-and-productivity,,2026-05-13
https://itch.io/t/6342763/nightmare-cargos,,2026-05-13
https://itch.io/t/6342827/groundwork-procedural-terrain-generator,,2026-05-13
https://itch.io/t/6342879/zokys-adventure,,2026-05-13
https://itch.io/t/6342898/lfs-unity-revshare-looking-for-a-unity-programmer,,2026-05-13
https://itch.io/t/6342900/the-blackout-curator,,2026-05-13
https://itch.io/t/6342915/the-battlebox,,2026-05-13
https://itch.io/t/6342962/wait-i-know-this,,2026-05-13
https://itch.io/t/6343165/backlog-cozy-desktop-overlaypet-game,,2026-05-13
https://itch.io/t/6343169/disarray-demo,,2026-05-13
https://itch.io/t/6343246/i-dont-know-what-to-do-about-a-report-and-im-completely-freaking-out-now,,2026-05-13
https://itch.io/t/6343293/looking-for-unity-programmer-and-3d-artist,,2026-05-13
https://itch.io/t/6343456/translationunpaid-brazilian-portuguese-translator,,2026-05-13
https://itch.io/t/6343488/dualspace-some-puzzles-in-my-game-only-exist-in-one-reality,,2026-05-13
https://itch.io/t/6343500/this-is-my-game-here-some-screenshots,,2026-05-13
https://itch.io/t/6343705/procuro-pixel-artista-para-projetos-de-jams,,2026-05-13
https://itch.io/t/6343823/lands-of-folklore-my-devlogs-rpgeditor-dungeon-crawler-bloober-type,,2026-05-13
https://itch.io/t/6343853/listened-to-stillfleet-ap-the-first-grit-system-game-jam-is-running-all-summer-with-prizes,,2026-05-13
https://itch.io/t/6343903/its-alive-vectorcore-cosmic-update-and-release-announcement,,2026-05-13
https://itch.io/t/6344044/last-line-is-live,,2026-05-13
https://itch.io/t/6344090/i-published-the-game-2-months-ago-but-it-doesnt-appear-in-search-results,,2026-05-13
https://itch.io/t/6344142/3d-artist-experienced-in-3d-to-pixel-art-workflows-seeking-collaboration,,2026-05-13
https://itch.io/t/6344167/my-new-game-,,2026-05-13
https://itch.io/t/6344168/ragnarok-mvp-timer-pre-renewal-boss-tracker,,2026-05-13
https://itch.io/t/6344266/street-dealer,,2026-05-13
https://itch.io/t/6344296/here-are-two-games-i-think-you-might-like,,2026-05-13
https://itch.io/t/6344304/products-in-my-collections-on-my-profile-page-should-show-prices-too,,2026-05-13
https://itch.io/t/6344319/diecast-playtest-1-live-may-12,,2026-05-13
https://itch.io/t/6344367/uag-untitled-attic-game-,,2026-05-13
https://itch.io/t/6344409/the-curse-of-cathena-cats-zombies-and-a-labyrinth,,2026-05-13
https://itch.io/t/6344410/new-game-version-and-devlog-update-not-shown-most-recent,,2026-05-13
https://itch.io/t/6344524/europe-pixel-flags,,2026-05-13
https://itch.io/t/6344537/assembly-factory-tileset,,2026-05-13
https://itch.io/t/6344679/art-700-4-weeks-seeking-someone-to-make-art-for-blender-nsfw-character-and-animation,,2026-05-13
https://itch.io/t/6344738/game-not-searchable-indexed-on-itchio,,2026-05-13
https://itch.io/t/6344844/i-want-some-viewers-who-can-watch-my-kinetic-novel-and-help-me-by-giving-suggestions,,2026-05-13
https://itch.io/t/6344952/soap-game,,2026-05-13
https://itch.io/t/6344985/the-surgeon,,2026-05-13
https://itch.io/t/6345046/moss-lantern-studios-are-looking-for-members,,2026-05-13
https://itch.io/t/6345134/2d-artist-illustrator-character-artist-looking-for-paid-collaboration,,2026-05-13
https://itch.io/t/6345136/localization-unpaid-brazilian-portuguese-senior-localization-specialist-available-for-indie-game-volunteer-work,,2026-05-13
https://mglanzer.itch.io/tetrix,,2026-05-13
https://mglanzer.itch.io/crawler,,2026-05-13
https://prisma-dev.itch.io/akai-ito,,2026-05-13
https://ludwig-squirrel.itch.io/escape-from-the-washbasin,,2026-05-13
https://ludwig-squirrel.itch.io/projectcerberus,,2026-05-13
https://juananvase.itch.io/megaman,,2026-05-13
https://ruinous-dev.itch.io/boris-adventure-the-night-before-christmas-dinner,,2026-05-13
https://ludwig-squirrel.itch.io/secret-santa,,2026-05-13
https://prisma-dev.itch.io/eclipse,,2026-05-13
https://prisma-dev.itch.io/wake-up-emily-brackeys-game-jam,,2026-05-13
https://ludwig-squirrel.itch.io/sheriff-rick,,2026-05-13
https://prisma-dev.itch.io/wake-up-emily,,2026-05-13
https://ksirius519.itch.io/somnium,,2026-05-13
https://goopu-loopu.itch.io/dodgy-dice,,2026-05-13
https://devbeeloper.itch.io/it,,2026-05-13
https://ellie226.itch.io/black-friday-brawl,,2026-05-13
https://edgymilk7.itch.io/the-last-note,,2026-05-13
https://tomokiro.itch.io/blank-slate,,2026-05-13
https://ludwig-squirrel.itch.io/cat-champs,,2026-05-13
https://uniprimesoftware.itch.io/universe-x,,2026-05-13
https://juananvase.itch.io/animalkata,,2026-05-13
https://rebukr.itch.io/immanuels-adventure,,2026-05-13
https://mglanzer.itch.io/veelancer,,2026-05-13
https://ludwig-squirrel.itch.io/slider-v4,,2026-05-13
https://mglanzer.itch.io/blender-of-life,,2026-05-13
https://mglanzer.itch.io/auftrieb,,2026-05-13
https://ludwig-squirrel.itch.io/globegutter,,2026-05-13
https://mglanzer.itch.io/bloodywicked,,2026-05-13
https://mglanzer.itch.io/kontainer535,,2026-05-13
https://ludwig-squirrel.itch.io/jackass-joey,,2026-05-13
https://ludwig-squirrel.itch.io/sweeperwave,,2026-05-13
https://juananvase.itch.io/remind,,2026-05-13
https://prisma-dev.itch.io/glass-sea,,2026-05-13
https://xallabs.itch.io/stylized-wood-textures,,2026-05-13
https://xallabs.itch.io/stylized-wood-textures-2,,2026-05-13
https://xallabs.itch.io/stylized-stone-wall-textures,,2026-05-13
https://xallabs.itch.io/stylized-desert-ground-textures,,2026-05-13
https://xallabs.itch.io/stylized-grass-textures-1,,2026-05-13
https://xallabs.itch.io/stylized-ice-texture-pack-1,,2026-05-13
https://xallabs.itch.io/stylized-ground-textures-1,,2026-05-13
https://xallabs.itch.io/stylized-stone-wall-texture-pack-2,,2026-05-13
https://xallabs.itch.io/stylized-stone-wall-textures-3,,2026-05-13
https://simplepolygon.itch.io/color-palettes,,2026-05-13
https://xallabs.itch.io/stylized-stone-wall-texture-pack-3,,2026-05-13
https://xallabs.itch.io/stylized-lava-texture-pack-1,,2026-05-13
https://xallabs.itch.io/stylized-water-texture-pack,,2026-05-13
https://xallabs.itch.io/gold-foil-texture-pack-1,,2026-05-13
https://xallabs.itch.io/aluminum-foil-texture-pack-1,,2026-05-13
https://xallabs.itch.io/car-paint-texture-pack,,2026-05-13
https://xallabs.itch.io/particle-board-texture-pack,,2026-05-13
https://apt18.itch.io/the-vt,,2026-05-13
https://xallabs.itch.io/creature-skin-texture-pack-1,,2026-05-13
https://xallabs.itch.io/creature-skin-texture-pack-2,,2026-05-13
https://xallabs.itch.io/realistic-wood-texture-pack-1,,2026-05-13
https://xallabs.itch.io/realistic-wood-texture-pack-2,,2026-05-13
https://dyer5lollipop.itch.io/mork-borg-shaman,,2026-05-13
https://silsenh.itch.io/star-capture,,2026-05-13
https://calcifirestudios.itch.io/froggy-bounce,,2026-05-13
https://calcifirestudios.itch.io/my-truck,,2026-05-13
https://xallabs.itch.io/stylized-wood-textures-3,,2026-05-13
https://xallabs.itch.io/stylized-wood-textures4,,2026-05-13
https://xallabs.itch.io/stylized-rock-texture-pack-1,,2026-05-13
https://xallabs.itch.io/stylized-rock-surface-textures-2,,2026-05-13
https://xallabs.itch.io/stylized-rock-surface-texture-pack-3,,2026-05-13
https://katebot.itch.io/wingman,,2026-05-13
https://mochamei.itch.io/mushroom-labyrinth,,2026-05-13
https://goopu-loopu.itch.io/eye-on-you,,2026-05-13
https://mochamei.itch.io/treasure-of-the-temple,,2026-05-13
https://fllnt.itch.io/sign-smash,,2026-05-13
https://sethpinto.itch.io/nine-to-five,,2026-05-13
https://renddev.itch.io/pong-but-worse,,2026-05-13
https://yairweizman.itch.io/adventure-time-shroom-story,,2026-05-13
https://labeurre.itch.io/triumphant,,2026-05-13
https://captainsaulo.itch.io/tortuga,,2026-05-13
https://labeurre.itch.io/pokemon-mystery-mansion,,2026-05-13
https://pendragonnl.itch.io/unstable-gameble,,2026-05-13
https://m-mmm.itch.io/youareahacker,,2026-05-13
https://vorpalcat.itch.io/sparklemuffin,,2026-05-13
https://playsaurus.itch.io/duck-duck-clicker-3d,,2026-05-13
https://goopu-loopu.itch.io/ballooning-n-shooting,,2026-05-13
https://pendragonnl.itch.io/a-block-to-many,,2026-05-13
https://whoservelt.itch.io/escape,,2026-05-13
https://crimsoncourt.itch.io/ldjam2024,,2026-05-13
https://whoservelt.itch.io/maze-bat,,2026-05-13
https://sillyshadecrow.itch.io/location-0,,2026-05-13
https://theblu3worker.itch.io/capuchin-2d,,2026-05-13
https://calcifirestudios.itch.io/falling-in-abyss,,2026-05-13
https://niklasg.itch.io/oneyear,,2026-05-13
https://magic-rabbit.itch.io/chasers-cave,,2026-05-13
https://3denemy.itch.io/root-velocity,,2026-05-13
https://headquarters10.itch.io/stickified,,2026-05-13
https://sillyshadecrow.itch.io/golden-rabbits-adventure,,2026-05-13
https://pinster-games.itch.io/thelastmap,,2026-05-13
https://a-strange-guy-called-klaz.itch.io/vansubsr,,2026-05-13
https://manjon.itch.io/broken-blade,,2026-05-13
https://patrick-xi.itch.io/minesweeper,,2026-05-13
https://plural-goat6.itch.io/lab-404,,2026-05-13
https://pendragonnl.itch.io/trail-hackers,,2026-05-13
https://up-n-at-it-games.itch.io/just-a-normal-day,,2026-05-13
https://prisma-dev.itch.io/trick-temple,,2026-05-13
https://3denemy.itch.io/aggies-digital-art-gallery,,2026-05-13
https://prisma-dev.itch.io/costura-rpida,,2026-05-13
https://ricatnite.itch.io/check-in-to-murder-deadly-reservations-demo,,2026-05-13
https://geo789.itch.io/bob-lost-his-wallet,,2026-05-13
https://mafsal-design.itch.io/war-line,,2026-05-13
https://bugs-games.itch.io/frrostys-horror,,2026-05-13
https://pendragonnl.itch.io/red-planet-food-truck-sim,,2026-05-13
https://igor-matlashov.itch.io/school-app,,2026-05-13
https://rosemakesgames.itch.io/bowling,,2026-05-13
https://fabiogiuffrida.itch.io/blockpuzzletemplate-godot,,2026-05-13
https://moranovo.itch.io/pixel-style-nude-model-characters-four-direction-walking-dynamic-assets,,2026-05-13
https://moranovo.itch.io/pixel-style-nude-model-character-walking-animation-assets-in-four-directions,,2026-05-13
https://seraphtc101.itch.io/werekorg,,2026-05-13
https://smkbmd.itch.io/zomb-escape,,2026-05-13
https://ludwig-squirrel.itch.io/colorgame,,2026-05-13
https://ryanmiller.itch.io/farm-crawl,,2026-05-13
https://pendragonnl.itch.io/chronicles-of-the-alchemist,,2026-05-13
https://mi-s.itch.io/stained-glass-bouquet,,2026-05-13
https://laviisitch.itch.io/ball-hell,,2026-05-13
https://redrockgs.itch.io/disarray,,2026-05-13
https://moranovo.itch.io/tile,,2026-05-13
https://adelina805.itch.io/overnight-light-n-fright,,2026-05-13
https://the-bro-gems.itch.io/patches-the-lying-bear,,2026-05-13
https://moranovo.itch.io/emotion-balloons-icons-park,,2026-05-13
https://moranovo.itch.io/keyboard-and-mouse,,2026-05-13
https://solacite.itch.io/bean-sprout,,2026-05-13
https://softrotted.itch.io/threader,,2026-05-13
https://moranovo.itch.io/pixel-girls-walk-sheet-park,,2026-05-13
https://whoservelt.itch.io/present-for-ama-2,,2026-05-13
https://goopu-loopu.itch.io/hexed,,2026-05-13
https://solacite.itch.io/verdict,,2026-05-13
https://silly-ppg.itch.io/the-adventures-of-bb,,2026-05-13
https://solacite.itch.io/wayward,,2026-05-13
https://bynnie-jackalope.itch.io/tigress-non-lethal-fighting-style,,2026-05-13
https://up-n-at-it-games.itch.io/operation-station,,2026-05-13
https://solacite.itch.io/out-perform,,2026-05-13
https://solacite.itch.io/red-lines,,2026-05-13
https://quietstranger.itch.io/corridor-horror,,2026-05-13
https://chupacapaz.itch.io/mapbot-v4,,2026-05-13
https://solacite.itch.io/once-upon-an-admissions-officer,,2026-05-13
https://kurogamedev.itch.io/the-second-best-key,,2026-05-13
https://hedgehogpunk.itch.io/pirates-of-shanty-sea,,2026-05-13
https://kurogamedev.itch.io/the-second-best-key-ost,,2026-05-13
https://kurogamedev.itch.io/the-tales-of-sir-regal-ost,,2026-05-13
https://akira-034.itch.io/black-roses,,2026-05-13
https://dmeaj.itch.io/sprunkalicious-1996,,2026-05-13
https://antonio-romero.itch.io/pixelbios,,2026-05-13
https://the-bro-gems.itch.io/moon-runner-prototype,,2026-05-13
https://irokaya.itch.io/daily-repeat,,2026-05-13
https://ludwig-squirrel.itch.io/ludwig,,2026-05-13
https://moranovo.itch.io/room-furniture-pack,,2026-05-13
https://3denemy.itch.io/stylized-art-supplies-asset-bundle,,2026-05-13
https://a-normal-table.itch.io/platformer-week-3,,2026-05-13
https://squidsoftware.itch.io/soap-up,,2026-05-13
https://studios-deadline.itch.io/barzakh,,2026-05-13
https://freyaval-dev.itch.io/this-game-is-baller,,2026-05-13
https://esce.itch.io/codimap,,2026-05-13
https://ricatnite.itch.io/waiti-know-this-full,,2026-05-13
https://ricatnite.itch.io/wait-i-know-this-demo,,2026-05-13
https://kurogamedev.itch.io/shmdown,,2026-05-13
https://bosswald.itch.io/bubba,,2026-05-13
https://natureventyr.itch.io/gyldensteen-dysten,,2026-05-13
https://kinodev.itch.io/topdown-ore-mining,,2026-05-13
https://marshee-melo.itch.io/little-fox-adventures,,2026-05-13
https://yairweizman.itch.io/flight-simulator-vr,,2026-05-13
https://kurogamedev.itch.io/alchemy-wallbomber,,2026-05-13
https://pixel-studios-official.itch.io/placeholdername,,2026-05-13
https://turtlenotturtoise.itch.io/rub-my-stick,,2026-05-13
https://rustvz.itch.io/now-you-see-it,,2026-05-13
https://royss24.itch.io/candlewick,,2026-05-13
https://vizidoesthings.itch.io/sector-ii,,2026-05-13
https://tomokiro.itch.io/beyond-the-village,,2026-05-13
https://solacite.itch.io/overglade,,2026-05-13
https://hache-au-lait.itch.io/mental-check-up,,2026-05-13
https://colorplease.itch.io/blu,,2026-05-13
https://mgwd-kalodrys-studio.itch.io/far-from-light,,2026-05-13
https://ajaay001games.itch.io/aydens-robloxhouse,,2026-05-13
https://david-upton.itch.io/speed-escape,,2026-05-13
https://tomdachess.itch.io/dreamcoretest,,2026-05-13
https://soggerscat.itch.io/somesb3sorpmpsigot,,2026-05-13
https://grantrimi.itch.io/open-house,,2026-05-13
https://snowiyy.itch.io/dudewhat,,2026-05-13
https://joqueisconatole.itch.io/crafty-criminals,,2026-05-13
https://dannsync.itch.io/doppel-effect,,2026-05-13
https://moranovo.itch.io/japanese-anime-style-school-character-walking-illustration,,2026-05-13
https://bandana-d.itch.io/the-long-walk-home,,2026-05-13
https://riptideinternational.itch.io/project-everflow,,2026-05-13
https://slick9000.itch.io/riffix-demo,,2026-05-13
https://dallascollegegames.itch.io/projectblockbuster,,2026-05-13
https://almacodes.itch.io/ecos-del-ciclismo,,2026-05-13
https://biodome.itch.io/minematch,,2026-05-13
https://gunrob1412.itch.io/money-company-test,,2026-05-13
https://mauro-igoa.itch.io/the-glitcher-2d-demo,,2026-05-13
https://drawbert.itch.io/cosmic-delivery,,2026-05-13
https://yujian-lou.itch.io/lyjs-game-log,,2026-05-13
https://tango-and-crocky-games.itch.io/case-14425,,2026-05-13
https://carnej.itch.io/first-contact,,2026-05-13
https://ayyemtea.itch.io/first-love,,2026-05-13
https://tomokiro.itch.io/brittleearth-finalproject,,2026-05-13
https://yippeefish.itch.io/ghost-in-the-machine,,2026-05-13
https://garchyfox.itch.io/vivy-days,,2026-05-13
https://holmesy.itch.io/fanatic-4-phonics,,2026-05-13
https://loptimus.itch.io/penalty-blast,,2026-05-13
https://lilbitt.itch.io/make-the-ball-smile,,2026-05-13
https://peakabootoast.itch.io/dracoai,,2026-05-13
https://theepiclyguy.itch.io/localflix,,2026-05-13
https://sofamire.itch.io/diecast,,2026-05-13
https://kurogamedev.itch.io/ecaroh-and-the-invasion-of-the-dark-slimes,,2026-05-13
https://wijaki.itch.io/i-hate-this-city,,2026-05-13
https://snowiyy.itch.io/sorriforria,,2026-05-13
https://burb-zhao.itch.io/squarez,,2026-05-13
https://adamlenglen.itch.io/mini-rogue-dungeon8x8,,2026-05-13
https://vincha.itch.io/big-bug-battlefield,,2026-05-13
https://sanjay-sneha.itch.io/idlesim2,,2026-05-13
https://ivanbarabash.itch.io/your-mark-remains,,2026-05-13
https://preyas-interactive.itch.io/a-night-at-freddys,,2026-05-13
https://drawbert.itch.io/tidy-dungeon,,2026-05-13
https://soulprismstudios.itch.io/mine-sweep-clone,,2026-05-13
https://pidouma-volodumur.itch.io/shooter-click,,2026-05-13
https://rswinkle.itch.io/shader-workshop,,2026-05-13
https://agarciajr.itch.io/madlib-quest,,2026-05-13
https://lumibunny.itch.io/glaggleheaven,,2026-05-13
https://mashroom-hive.itch.io/spores-and-dreams,,2026-05-13
https://forbiddenknowledge.itch.io/illegal-alien-tower-defense,,2026-05-13
https://starspilli.itch.io/very-hungry-women-1,,2026-05-13
https://santra-assets.itch.io/primitive-essentials,,2026-05-13
https://mrdizzy14.itch.io/ultimate-minotaur-slayer-extreme,,2026-05-13
https://j-kubaczka.itch.io/arcadia-lost,,2026-05-13
https://pixelspriteshop.itch.io/64-pixel-animation-character,,2026-05-13
https://fernando-dms.itch.io/snake,,2026-05-13
https://keetus.itch.io/fypproject,,2026-05-13
https://shadiestartist.itch.io/cleaning-time,,2026-05-13
https://iiwolfplayer.itch.io/the-cornish-queen,,2026-05-13
https://dope-librarain.itch.io/serenity-grove,,2026-05-13
https://dongjohn.itch.io/lands-of-lust-1-monster-layer,,2026-05-13
https://theasbestal.itch.io/spinebreaker-beta-12,,2026-05-13
https://brunensse.itch.io/descida-infinita,,2026-05-13
https://kiwigames12.itch.io/deadly-trails,,2026-05-13
https://thejohnnieszine.itch.io/by-your-side-a-johnnies-zine,,2026-05-13
https://seismic-slam.itch.io/one-more-load,,2026-05-13
https://jacksstuff.itch.io/grzegorz-the-watcher,,2026-05-13
https://a515.itch.io/a515-retro-ps1-door-asset,,2026-05-13
https://zaftstudios.itch.io/interregnum,,2026-05-13
https://kurogamedev.itch.io/ecaroh-and-the-invasion-of-the-dark-slimes-ost,,2026-05-13
https://kingsrook.itch.io/split-the-bill-game,,2026-05-13
https://drylilac.itch.io/magic-tyra-prototype,,2026-05-13
https://guitarsetgo.itch.io/sos,,2026-05-13
https://kurogamedev.itch.io/super-highland-machine-down-ost,,2026-05-13
https://tariklebbadi.itch.io/no-survivors,,2026-05-13
https://shannju.itch.io/white-night,,2026-05-13
https://dylore-studios.itch.io/kailog-ecorun,,2026-05-13
https://smartpinkcollar.itch.io/the-billion-euro-audit,,2026-05-13
https://randomgorillameta.itch.io/type-your-character-and-i-will-make-a-profile-for-you,,2026-05-13
https://vexformerlycloud.itch.io/frog-game,,2026-05-13
https://jesuspinarte.itch.io/sunflower,,2026-05-13
https://kipsa.itch.io/neopop,,2026-05-13
https://brainboyart.itch.io/chipripple,,2026-05-13
https://cu2aso4oh.itch.io/anties,,2026-05-13
https://binbun3d.itch.io/dark-magic-fx,,2026-05-13
https://ariadnabogliani2000.itch.io/finding-aang-an-atla-inspired-game,,2026-05-13
https://caramelosorico.itch.io/learning-2d,,2026-05-13
https://playerstrange0.itch.io/recoil-bot-in-browser,,2026-05-13
https://tofulove.itch.io/a-fly-on-the-wall-of-ben-joshs-bedroom,,2026-05-13
https://synapse-dev.itch.io/synapse,,2026-05-13
https://wolfalarmgames.itch.io/infected-grocery-store,,2026-05-13
https://joerdyn.itch.io/cosmic-counseling,,2026-05-13
https://nunomsc.itch.io/terminal-rpg,,2026-05-13
https://vrios-xr.itch.io/argentina,,2026-05-13
https://elton77.itch.io/panasonicgame,,2026-05-13
https://mob-universe.itch.io/curses-of-blood-a-sum-tra,,2026-05-13
https://isaidnothinglol.itch.io/lebonbon,,2026-05-13
https://santra-assets.itch.io/primitive-essentials-lite,,2026-05-13
https://shyguyhatestoad.itch.io/tulpa,,2026-05-13
https://xanderlescroart.itch.io/the-orb,,2026-05-13
https://tashi501.itch.io/dbts-decisions-behind-the-screen,,2026-05-13
https://korapixel.itch.io/icon-pack-grass,,2026-05-13
https://game-xperts.itch.io/projeto-kraken,,2026-05-13
https://tw021dev.itch.io/paper-box,,2026-05-13
https://johnjack319.itch.io/mix-life-crisis,,2026-05-13
https://luqey.itch.io/toiled-orb,,2026-05-13
https://terrortalesproductions.itch.io/grinwalker,,2026-05-13
https://gentle-troll.itch.io/tavern-talk-tempest-tantrum,,2026-05-13
https://gentle-troll.itch.io/tavern-talk-pirate-palooza,,2026-05-13
https://aquiles-m.itch.io/your-printer-is-fascist,,2026-05-13
https://thestickman-18.itch.io/sprunklerts,,2026-05-13
https://madxen77.itch.io/the-dorm-house,,2026-05-13
https://drivenligret.itch.io/bubble-up,,2026-05-13
https://mound-of-dirt.itch.io/rat-refresh-v1-cameron-istg,,2026-05-13
https://steven-xue.itch.io/river-flow,,2026-05-13
https://dotzines.itch.io/year-of-the-racing-queens,,2026-05-13
https://zarcat-studios.itch.io/backrooms-destruction,,2026-05-13
https://oranggo.itch.io/dalampasigan,,2026-05-13
https://sumi03c.itch.io/pakupaku-gyaru,,2026-05-13
https://orang375.itch.io/through-the-marine-spire,,2026-05-13
https://abbradar.itch.io/office-hell,,2026-05-13
https://super-j11bit.itch.io/patch-05022026,,2026-05-13
https://plshavemercy-studios.itch.io/dashing-dudes,,2026-05-13
https://xch1no.itch.io/hypervaxx,,2026-05-13
https://lag-games.itch.io/shopping-sprix,,2026-05-13
https://gamerboymarcos.itch.io/for-their-love,,2026-05-13
https://itsjustgames.itch.io/patureza,,2026-05-13
https://gqro.itch.io/marble-with-hands,,2026-05-13
https://lightergamer.itch.io/slendrina-the-school,,2026-05-13
https://rosenius.itch.io/power-paddle-dx,,2026-05-13
https://pilzidir.itch.io/final-salute,,2026-05-13
https://d3adg00se.itch.io/the-caputo-effect,,2026-05-13
https://miraeru.itch.io/07-fantasy-enemy-monster-asset-pack-vol69,,2026-05-13
https://hugoalejandro1.itch.io/atrapa-manzanas,,2026-05-13
https://leylaaah7.itch.io/periculum,,2026-05-13
https://jmeyer17.itch.io/froggy-climber,,2026-05-13
https://magnusthepurple.itch.io/veneficus,,2026-05-13
https://nottodaydio.itch.io/chromascurse,,2026-05-13
https://rabbytt.itch.io/date-with-a-t-rex,,2026-05-13
https://bobiaan.itch.io/nova-storm,,2026-05-13
https://brontozyvr.itch.io/kill-your-darlings,,2026-05-13
https://iced-lemon.itch.io/waka-ice-box-panic,,2026-05-13
https://orczuk.itch.io/ccny-stem-institute-2026-spring-semester,,2026-05-13
https://idontknow64.itch.io/goblin-balls,,2026-05-13
https://liambarrettgames.itch.io/desert-magic,,2026-05-13
https://ghostlylovebae.itch.io/gui-textboxes,,2026-05-13
https://lilieslies.itch.io/the-vampire-raised-by-wolves-and-the-messenger,,2026-05-13
https://magicberry.itch.io/morpher,,2026-05-13
https://terrortalesproductions.itch.io/alien-3d-horror-charactermonster-rigged,,2026-05-13
https://masterdragon863.itch.io/knighted,,2026-05-13
https://postworldgames.itch.io/mork-borg-unsanctified,,2026-05-13
https://kaydyn-wils0406.itch.io/the-demon-within,,2026-05-13
https://grimsourgames.itch.io/1920s-eldritch-mystery-adventure-tables,,2026-05-13
https://gnahkgnurt.itch.io/solo-dungeon,,2026-05-13
https://lvrdlny.itch.io/mr-smiles-bizarre-adventure,,2026-05-13
https://snapsworth-studios.itch.io/sleeping-with-the-fishes,,2026-05-13
https://moon-creations.itch.io/moon-taggers-v1,,2026-05-13
https://engelfpereal.itch.io/brawl-the-rooms,,2026-05-13
https://dumpling5462.itch.io/peasant-pact,,2026-05-13
https://gianeyre.itch.io/conveient-stock-college,,2026-05-13
https://le-pigeon-baladeur.itch.io/form-404,,2026-05-13
https://megidoark.itch.io/gun-and-bean-v3,,2026-05-13
https://nannerbean.itch.io/purrifire,,2026-05-13
https://isaiahd0221.itch.io/guildbound-idle,,2026-05-13
https://shakur-johnson.itch.io/elementia,,2026-05-13
https://ignatius22.itch.io/malditas-maldiciones,,2026-05-13
https://zinecity.itch.io/metro02,,2026-05-13
https://idkimcool.itch.io/forestmonksbeta,,2026-05-13
https://papicode.itch.io/cool-grandpa,,2026-05-13
https://carotdraws.itch.io/artbook-peaches-art-compilation-2025,,2026-05-13
https://oxy6.itch.io/je-vais-franchiser-mon-art-jai-pas-assez-pour-la-traphouse,,2026-05-13
https://animateysbt.itch.io/lalalalalaaaa,,2026-05-13
https://alekgabit3000.itch.io/pondlifecrnicasdeunlengetazo,,2026-05-13
https://cheeseball8712.itch.io/cheeseballs-modded-apks,,2026-05-13
https://eamon7777.itch.io/epic-ten,,2026-05-13
https://laxy-dev.itch.io/the-last-crown,,2026-05-13
https://tomrom.itch.io/all-hands-on-deck,,2026-05-13
https://andorios.itch.io/rpg-music-mega-pack,,2026-05-13
https://prefablabs.itch.io/anatobingo,,2026-05-13
https://simplepolygon.itch.io/medieval-fortress,,2026-05-13
https://arielsantos7.itch.io/missing,,2026-05-13
https://okmrlad.itch.io/turboleap,,2026-05-13
https://terrortalesproductions.itch.io/zombievariant01,,2026-05-13
https://jabberr.itch.io/horde-hunter,,2026-05-13
https://rlaehdrjs951.itch.io/voice-spell,,2026-05-13
https://greendude-vr.itch.io/chimplo,,2026-05-13
https://akiri2233.itch.io/touhou-wind-of-autumn,,2026-05-13
https://terrortalesproductions.itch.io/zombievariant02,,2026-05-13
https://montrish.itch.io/osorod,,2026-05-13
https://remixphoenix.itch.io/mech-and-cheese,,2026-05-13
https://chana862.itch.io/iina,,2026-05-13
https://terrortalesproductions.itch.io/military-man-3d-lowpoly-rigged-model,,2026-05-13
https://warrbo.itch.io/canonical-holmes,,2026-05-13
https://viperin96.itch.io/pokemon-draft,,2026-05-13
https://cherepets.itch.io/sushi-duel,,2026-05-13
https://hei-xin-ching-gui.itch.io/lucid,,2026-05-13
https://lxyyy71.itch.io/fishinggame,,2026-05-13
https://lyonyannpc.itch.io/springtrap-for-ntt,,2026-05-13
https://myval57.itch.io/dice-duet,,2026-05-13
https://memaybeu.itch.io/oceanizer,,2026-05-13
https://at0mgames.itch.io/anime-puzzles-beach-mix,,2026-05-13
https://felipejoaquin.itch.io/zombie-smasher,,2026-05-13
https://chillzygames.itch.io/stardefender,,2026-05-13
https://2solid.itch.io/star-defender,,2026-05-13
https://happysealgames.itch.io/paws-inc,,2026-05-13
https://louisbenfry.itch.io/sculpted-memories,,2026-05-13
https://davidmunozt.itch.io/2d-platformer-tilemap-asset,,2026-05-13
https://darrenblouin.itch.io/gigboard-pro,,2026-05-13
https://lvxjpg.itch.io/starnet-demo,,2026-05-13
https://board-game-deviser.itch.io/board-game-deviser,,2026-05-13
https://kaiomoi.itch.io/ufo-signals,,2026-05-13
https://gametoolz.itch.io/groundwork-pro,,2026-05-13
https://bellewoof.itch.io/transperation,,2026-05-13
https://fracomac.itch.io/the-farm-grows-on,,2026-05-13
https://vladislavempty.itch.io/signal86,,2026-05-13
https://ik33ln0085.itch.io/game-title-not-included,,2026-05-13
https://dsinker11.itch.io/a-contrario,,2026-05-13
https://whiteslime.itch.io/the-slime-king,,2026-05-13
https://moon-creations.itch.io/moon-taggers-v2,,2026-05-13
https://yuls-dm.itch.io/flappy-bird,,2026-05-13
https://b3ru.itch.io/afterpulse,,2026-05-13
https://demon171717.itch.io/endless-incremental,,2026-05-13
https://midnight-void.itch.io/the-last-line,,2026-05-13
https://catsy1996.itch.io/barnaby-tails,,2026-05-13
https://stephtit.itch.io/god-clicker-demo,,2026-05-13
https://fodiks.itch.io/lone-invader,,2026-05-13
https://mars0234.itch.io/brickade,,2026-05-13
https://your-frend-sursur.itch.io/house-of-mocmoc,,2026-05-13
https://tesseract-team.itch.io/kgj,,2026-05-13
https://0sasa0.itch.io/escapism,,2026-05-13
https://mgwd-kalodrys-studio.itch.io/relay-trace-together,,2026-05-13
https://maduzu.itch.io/colorless-kaina-eng,,2026-05-13
https://jamiedovaston.itch.io/delivery-dash,,2026-05-13
https://quilo1248.itch.io/mini-drilling,,2026-05-13
https://puzzle33.itch.io/v-for-virus,,2026-05-13
https://zeronblack.itch.io/corujinha,,2026-05-13
https://divisionplus.itch.io/a-mixed-success,,2026-05-13
https://chiestotipo.itch.io/buble,,2026-05-13
https://heosphorus.itch.io/heos-smear-transition,,2026-05-13
https://fabrys.itch.io/project-b,,2026-05-13
https://wendywww.itch.io/wind,,2026-05-13
https://witboudicca.itch.io/bullet-boy,,2026-05-13
https://ascents.itch.io/a-certain-discomfort,,2026-05-13
https://jacksonmeira.itch.io/beer-mug-pack,,2026-05-13
https://terrortalesproductions.itch.io/demonic-nun-variant-2-3d-horror-charactermonster-rigged,,2026-05-13
https://jesusfajita.itch.io/stage-hand,,2026-05-13
https://canarin.itch.io/seco,,2026-05-13
https://megumi-ryu.itch.io/free-healing-piano-solo-loops-music-asset-letter-piano-bgm,,2026-05-13
https://megumi-ryu.itch.io/healing-piano-solo-loops-music-asset-letter-piano-bgm,,2026-05-13
https://miriam15.itch.io/aventura-de-plataformas,,2026-05-13
https://sessizleylek.itch.io/the-lost-and-the-guide,,2026-05-13
https://ninit.itch.io/debttrapcard,,2026-05-13
https://azarashibainu.itch.io/escape-game-fukushima-seaside,,2026-05-13
https://azarashibainu.itch.io/escape-game-aomori-station,,2026-05-13
https://azarashibainu.itch.io/escape-game-retro-room,,2026-05-13
https://jacksonmeira.itch.io/petrified-mushrooms-pack,,2026-05-13
https://ragdowlly.itch.io/guide-de-jeu-de-role-seren,,2026-05-13
https://two11s.itch.io/pong,,2026-05-13
https://masayuki18400.itch.io/syunkan,,2026-05-13
https://nomaj.itch.io/ultraconsumerism-simulator,,2026-05-13
https://jkplayz.itch.io/seekaraview-companion,,2026-05-13
https://kendikorp.itch.io/iskrambol-days-next-scoop,,2026-05-13
https://scurvyjones.itch.io/rat-train,,2026-05-13
https://lucy-wang.itch.io/narcissus-journey,,2026-05-13
https://kontsu.itch.io/crushing-reflection,,2026-05-13
https://mintchocoicecream.itch.io/buble-hell,,2026-05-13
https://secondslip.itch.io/3-wickets-in-hand,,2026-05-13
https://rc-flexxy.itch.io/flex-taggers-jboxdev-flexxy,,2026-05-13
https://xacaleboo.itch.io/cyberpunk-icons,,2026-05-13
https://fraax.itch.io/think8,,2026-05-13
https://fraax.itch.io/think8w,,2026-05-13
https://dead-wolf-games.itch.io/sandline-protocol,,2026-05-13
https://alstrainfinite.itch.io/cityfolks,,2026-05-13
https://rafael-fagiani.itch.io/node-to-instance,,2026-05-13
https://tboddy.itch.io/soeu,,2026-05-13
https://alnazarsigma.itch.io/romanarena,,2026-05-13
https://bloodred-source.itch.io/notepad-ui-16x16,,2026-05-13
https://hachimochi.itch.io/phantom-wing,,2026-05-13
https://simplepolygon.itch.io/cartoon-gems,,2026-05-13
https://rai-k.itch.io/last-ascent,,2026-05-13
https://bhildebrand.itch.io/one-email-cost,,2026-05-13
https://dahiras.itch.io/egyptlily,,2026-05-13
https://undermax.itch.io/clues,,2026-05-13
https://kojochostudio.itch.io/japanese-kakejiku-style-wall-scrolls-3png-set,,2026-05-13
https://sssspp21.itch.io/hackterm-v05,,2026-05-13
https://quentindelvallet.itch.io/dwindled-horse-64,,2026-05-13
https://hamdanakmal.itch.io/astral-protocol,,2026-05-13
https://crispulent-crisps.itch.io/galttack,,2026-05-13
https://asupernovagalaxy.itch.io/sprunki-shiftledskar,,2026-05-13
https://stardriveteam.itch.io/jupiter-160,,2026-05-13
https://theepiclyguy.itch.io/kinitopet,,2026-05-13
https://rolling-barrel.itch.io/cliffhangers,,2026-05-13
https://invincitank.itch.io/overdue,,2026-05-13
https://zapathie.itch.io/private-ii-the-last-worldly-object,,2026-05-13
https://mtw1man2.itch.io/godot-html5-export-rescue-kit-fix-broken-itchio-web-exports,,2026-05-13
https://j0uz3.itch.io/the-valley-that-screams,,2026-05-13
https://darkfrost-pixelpaws.itch.io/into-the-spoof-series-leaders-refs,,2026-05-13
https://galesyfailsy.itch.io/shrink-session,,2026-05-13
https://virtualjester.itch.io/weather-balloon,,2026-05-13
https://yuri123-bot.itch.io/sci-fi-2600,,2026-05-13
https://cosmic-crisis.itch.io/something-about-science,,2026-05-13
https://willfenrir.itch.io/mayapong,,2026-05-13
https://perchperkins.itch.io/perchmod-bboa,,2026-05-13
https://jcupdev.itch.io/reborn-as-a-cauldron,,2026-05-13
https://edog3.itch.io/pick-pocket-pete,,2026-05-13
https://pankinvg.itch.io/tateti-pankin,,2026-05-13
https://danielgallagher.itch.io/relativity,,2026-05-13
https://ethon4848.itch.io/wii-tanks,,2026-05-13
https://haunted-picnic.itch.io/bellow-bellow-pilgrims-of-murkdome-one-shot,,2026-05-13
https://mb-lens.itch.io/clicker,,2026-05-13
https://anderson-dev.itch.io/space-xenis,,2026-05-13
https://siloricity0.itch.io/stairway,,2026-05-13
https://scamper-roo.itch.io/homestead-havoc,,2026-05-13
https://ythompy.itch.io/mineral-match,,2026-05-13
https://sebthebeast90.itch.io/muttonputt,,2026-05-13
https://engelobo.itch.io/12343212,,2026-05-13
https://nucron.itch.io/vorbiton,,2026-05-13
https://weirdengine.itch.io/humanexe,,2026-05-13
https://benjisrevenge.itch.io/wavesnatcher,,2026-05-13
https://katsudansou.itch.io/the-fantastic-magic-club,,2026-05-13
https://angry-lizard.itch.io/furry-brick-breaker,,2026-05-13
https://ruha-play.itch.io/puffer-panic-race,,2026-05-13
https://yared.itch.io/gebeta,,2026-05-13
https://bytebark.itch.io/space-contractor,,2026-05-13
https://fyredragon22.itch.io/platformer,,2026-05-13
https://dddddevon.itch.io/baldis-basics-lockdown-protocol,,2026-05-13
https://wingedfox.itch.io/edens-exalt,,2026-05-13
https://manfriooo.itch.io/bullet-hell-on-a-budget,,2026-05-13
https://drahmen.itch.io/monger-drop,,2026-05-13
https://miku2312.itch.io/one-batata,,2026-05-13
https://game-empire1.itch.io/final-stands,,2026-05-13
https://ithirul.itch.io/heatcore,,2026-05-13
https://chichmuch.itch.io/alvin,,2026-05-13
https://npckc.itch.io/a-year-of-springs-fan-pack,,2026-05-13
https://foulspider.itch.io/forward-only,,2026-05-13
https://ligdasclickerdev.itch.io/ligdas-clicker,,2026-05-13
https://team-corn.itch.io/tree-sudoku,,2026-05-13
https://afitotunka.itch.io/deskgarden,,2026-05-13
https://llanosning.itch.io/jetpack-cat,,2026-05-13
https://ravens-wing.itch.io/merkava-mk4-barak-tank-pixel-art-asset,,2026-05-13
https://bykrem.itch.io/luretopay,,2026-05-13
https://tinyship-studios.itch.io/the-void-sandbox,,2026-05-13
https://amoraogle.itch.io/battle-o-dennis,,2026-05-13
https://flash-time-01.itch.io/unititled-goose-v,,2026-05-13
https://big-boy-games.itch.io/lured-in-demo,,2026-05-13
https://gigtiger107.itch.io/mythara,,2026-05-13
https://nokahm.itch.io/space-invaders-remastered,,2026-05-13
https://ntpn294.itch.io/orbular,,2026-05-13
https://r-4x.itch.io/robinson-drama,,2026-05-13
https://surya04.itch.io/survive-the-fight,,2026-05-13
https://realdoombringer.itch.io/cube-game,,2026-05-13
https://albanor-zabeli.itch.io/flappy-kapsalon,,2026-05-13
https://mtw1man2.itch.io/godot-4-menu-system-kit-pause-save-settings-ui-framework,,2026-05-13
https://zethton.itch.io/sextoysassetspack,,2026-05-13
https://jesusitsgame.itch.io/small-tool-for-new-business,,2026-05-13
https://emci1.itch.io/little-shooter,,2026-05-13
https://sunnybtw.itch.io/the-manor-of-shallow-hallow,,2026-05-13
https://firewolf20.itch.io/solar-destruction,,2026-05-13
https://okamennme.itch.io/elegant-emotional-piano-bgm-for-games-5-tracks,,2026-05-13
https://amixwon.itch.io/project-savior,,2026-05-13
https://ragdowlly.itch.io/os-la-serre-de-la-paix-img-pjs-et-pnjs,,2026-05-13
https://fumorin.itch.io/not-ultrakill,,2026-05-13
https://tttako.itch.io/blopk-2,,2026-05-13
https://frosty-games-1.itch.io/3d-planets-for-belnder,,2026-05-13
https://stricklandnatasha461.itch.io/keines-expanding-class,,2026-05-13
https://pixelartjourney.itch.io/rock-pack-1,,2026-05-13
https://mrgronk.itch.io/the-last-knight-on-earth,,2026-05-13
https://tuffpuffy.itch.io/super,,2026-05-13
https://irdurdev.itch.io/malovent-v03-espanol-no-oficial-archivos,,2026-05-13
https://bu4rst.itch.io/breakout-soulslike,,2026-05-13
https://gamedeveloperstudio.itch.io/top-down-farm-environment-props,,2026-05-13
https://trunks.itch.io/cretures,,2026-05-13
https://rahanken.itch.io/ue5-interaction-system,,2026-05-13
https://nolti.itch.io/hack-ball,,2026-05-13
https://sillyshadecrow.itch.io/devoid,,2026-05-13
https://alianski.itch.io/minesweeper-infinity,,2026-05-13
https://fenace.itch.io/blubixwip-alpha,,2026-05-13
https://kamaliia.itch.io/decorator,,2026-05-13
https://escapethekeep.itch.io/escape-the-keep,,2026-05-13
https://sbadino.itch.io/imago,,2026-05-13
https://coolguyth1234lol5613.itch.io/koyuki-boss-fight,,2026-05-13
https://laviisitch.itch.io/cowboy-wizard,,2026-05-13
https://geo789.itch.io/fuzzballys-quest,,2026-05-13
https://tytto-ap.itch.io/ghost-captor,,2026-05-13
https://potatoguy233.itch.io/liquor-wizard,,2026-05-13
https://miled221.itch.io/orbtika,,2026-05-13
https://trxctf.itch.io/horror-sfx-generator,,2026-05-13
https://gemmagrant941.itch.io/drug-lord-tycoon,,2026-05-13
https://ehed-media.itch.io/em,,2026-05-13
https://kaminarimon-ai.itch.io/drasna,,2026-05-13
https://mhmdjawad.itch.io/scorpion-critters-solitaire,,2026-05-13
https://faisselle.itch.io/vampires-version-francaise,,2026-05-13
https://svemii.itch.io/overcooked,,2026-05-13
https://labiryntfestiwal.itch.io/labiryntfestiwal2026,,2026-05-13
https://precagames.itch.io/anomalyhouse,,2026-05-13
https://sfgarden.itch.io/sfgarden-demo,,2026-05-13
https://n17pro3426.itch.io/kbhh-revival-2,,2026-05-13
https://tocostudio.itch.io/yippee-kai-yankee-motherfucker,,2026-05-13
https://faisselle.itch.io/vampires-english-version,,2026-05-13
https://adam-u238.itch.io/in-the-bunker,,2026-05-13
https://yeroshy.itch.io/a-cream-fangame,,2026-05-13
https://1015lhw.itch.io/the-verdant-trail,,2026-05-13
https://topzone.itch.io/lunch-fury,,2026-05-13
https://nightshoppe.itch.io/buy-sell-collect-prototype,,2026-05-13
https://kaptkarl.itch.io/diminish,,2026-05-13
https://fyx-sk.itch.io/waifu-hatch,,2026-05-13
https://leejuhun.itch.io/monsterguest-demo,,2026-05-13
https://digitaliliad.itch.io/death-of-a-wholesalesman,,2026-05-13
https://darkbloodbane.itch.io/cobo,,2026-05-13
https://scarsrpg.itch.io/scars-rpg,,2026-05-13
https://kirne.itch.io/the-great-lake-solo-game-jam,,2026-05-13
https://kaliba.itch.io/uvdb,,2026-05-13
https://traincontain.itch.io/king-for-a-day,,2026-05-13
https://maru-98.itch.io/scifi-chest-pack-8-chests-open-closed,,2026-05-13
https://kajun-tkj.itch.io/my-cocos-shooter,,2026-05-13
https://stagshelm.itch.io/hostile-jump,,2026-05-13
https://kruwu.itch.io/swartog,,2026-05-13
https://isden777.itch.io/operation-blt,,2026-05-13
https://mcrstr.itch.io/netizens,,2026-05-13
https://theinvulnerabletide.itch.io/giving-up-on-authorial-integrity,,2026-05-13
https://tmecat.itch.io/ghosty-bag-haunted-inventory-spirit,,2026-05-13
https://ruaraidhr.itch.io/parking-league-0x,,2026-05-13
https://all-kinds-of-games.itch.io/forest-bike,,2026-05-13
https://mariopc.itch.io/battleblast,,2026-05-13
https://vo-god.itch.io/lobo,,2026-05-13
https://kelench.itch.io/free-backgrounf-castle,,2026-05-13
https://blulow.itch.io/orbital-rain,,2026-05-13
https://wxrlp.itch.io/the-last-deadline,,2026-05-13
https://veibezmongolia.itch.io/nebulaslightearlyaccess,,2026-05-13
https://jeankc.itch.io/mineball,,2026-05-13
https://honeydogmusic.itch.io/just-now-yoga-meditation,,2026-05-13
https://edgar2384.itch.io/momentum,,2026-05-13
https://bluearchiax.itch.io/rizal-path-to-awakening,,2026-05-13
https://honeydogmusic.itch.io/no-judge-yoga-meditation,,2026-05-13
https://jodao.itch.io/walk-among-the-dead,,2026-05-13
https://honeydogmusic.itch.io/let-go-yoga-meditation,,2026-05-13
https://alexshilinyin.itch.io/dragon-throne,,2026-05-13
https://honeydogmusic.itch.io/deep-calm-yoga-meditation,,2026-05-13
https://failurefast56.itch.io/stuck-in-my-game,,2026-05-13
https://patrick-xi.itch.io/gastland,,2026-05-13
https://honeydogmusic.itch.io/stay-still-yoga-meditation,,2026-05-13
https://taronuke.itch.io/pseudepigraphia,,2026-05-13
https://honeydogmusic.itch.io/pure-breath-yoga-meditation,,2026-05-13
https://honeydogmusic.itch.io/soft-heart-yoga-meditation,,2026-05-13
https://bitsmall.itch.io/the-flags,,2026-05-13
https://galtempest.itch.io/the-ethical,,2026-05-13
https://tomdachess.itch.io/er-bicchiere-dacqua,,2026-05-13
https://honeydogmusic.itch.io/true-self-yoga-meditation,,2026-05-13
https://mobbfe.itch.io/verdant-realms,,2026-05-13
https://honeydogmusic.itch.io/full-void-yoga-meditation,,2026-05-13
https://roadkillcandy.itch.io/cat-galaxy-art-book,,2026-05-13
https://j0dah.itch.io/attempt-47,,2026-05-13
https://rcosta01.itch.io/bulletjam7,,2026-05-13
https://ghost-filament.itch.io/starcrossed,,2026-05-13
https://darkclosed.itch.io/costinglives,,2026-05-13
https://makingvideogames.itch.io/signal-control-pressure-protocol,,2026-05-13
https://relaxedredpanda.itch.io/neon-storm,,2026-05-13
https://vatoz.itch.io/mmcd,,2026-05-13
https://ghallad.itch.io/omnisloth-empire-of-nothing,,2026-05-13
https://aitai-domain.itch.io/interaction-with-maid,,2026-05-13
https://nagai250.itch.io/hell-to-pay,,2026-05-13
https://whymonssi.itch.io/shrink-shrunk,,2026-05-13
https://jodiiiiiiii.itch.io/minivan-maxxing,,2026-05-13
https://ssep.itch.io/smiling-wizard,,2026-05-13
https://doctor-succubus.itch.io/danmaku-channel,,2026-05-13
https://toastergames.itch.io/arachnomania,,2026-05-13
https://zerealemperor.itch.io/behind-the-door,,2026-05-13
https://gemmagrant941.itch.io/reborn-summoner,,2026-05-13
https://mylifewithfel.itch.io/ah25,,2026-05-13
https://jmc-87.itch.io/crumble-down,,2026-05-13
https://kaminarimon-ai.itch.io/madoka,,2026-05-13
https://kelench.itch.io/parallax-background-27,,2026-05-13
https://somewhatnatural.itch.io/junk-shop,,2026-05-13
https://kelench.itch.io/parallax-background-28,,2026-05-13
https://kelench.itch.io/parallax-background-29,,2026-05-13
https://madwolfsl.itch.io/veraexe,,2026-05-13
https://marcussp.itch.io/artic-cargo-low-poly,,2026-05-13
https://error2000-oficial.itch.io/proyecto-horno,,2026-05-13
https://mylifewithfel.itch.io/beach-break,,2026-05-13
https://zhishulo.itch.io/cupkgal,,2026-05-13
https://y3l3wy.itch.io/secret-bodybreak,,2026-05-13
https://bogdan22harek.itch.io/fnia-3d-mobile-wip,,2026-05-13
https://watching-you-games.itch.io/speedy-mining,,2026-05-13
https://mylifewithfel.itch.io/business-casual-2,,2026-05-13
https://antiongamez.itch.io/chaosarena,,2026-05-13
https://mtw1man2.itch.io/godot-4-top-down-character-kit-animated-controller-combat-starter,,2026-05-13
https://dslevi.itch.io/geogon,,2026-05-13
https://mintmood.itch.io/railtail,,2026-05-13
https://mmpappscorp.itch.io/tinkerer-compendium-5e-tinkerer-rules,,2026-05-13
https://jodiiiiiiii.itch.io/can-i-have-a-quarter,,2026-05-13
https://mmpappscorp.itch.io/tinkerer-devices-5e-tinkerer-objects,,2026-05-13
https://gaborkepes.itch.io/crater-house,,2026-05-13
https://busted-biscuits.itch.io/pay-up,,2026-05-13
https://ttkomba-studio.itch.io/pongio,,2026-05-13
https://silver-d-tiger.itch.io/bloodygrid,,2026-05-13
https://sakpix.itch.io/shadow-ninja-portrait-pack,,2026-05-13
https://bouh.itch.io/road-signs-us-textures,,2026-05-13
https://gaith-exe.itch.io/thelatestissugame,,2026-05-13
https://mmpappscorp.itch.io/tinkerton-gadgets-5e-tinkerer-objects,,2026-05-13
https://blu-asul.itch.io/raora-panthera-sprite-bust-up,,2026-05-13
https://nagai250.itch.io/hell,,2026-05-13
https://blacksteelcompany.itch.io/five-nights-at-mooberrys,,2026-05-13
https://mmpappscorp.itch.io/tinkerer-traps-5e-tinkerer-objects,,2026-05-13
https://williamtoons.itch.io/submechaniphobia1,,2026-05-13
https://bedsteve.itch.io/sheep-strike-back,,2026-05-13
https://imzyler.itch.io/title,,2026-05-13
https://patatedestenebres.itch.io/univers-livresques-ii,,2026-05-13
https://nocternalized.itch.io/please-remove-and-at-the-start-and-end,,2026-05-13
https://theonetruefisch.itch.io/bork-the-blackjack-slot-machine,,2026-05-13
https://merkab.itch.io/my-hill,,2026-05-13
https://runebitdice.itch.io/amethyst-crystal-d20,,2026-05-13
https://jodiiiiiiii.itch.io/cats-vs-grandmas-they-both-want-yarn,,2026-05-13
https://cals7.itch.io/the-two-side-of-the-cards,,2026-05-13
https://iris-yan.itch.io/the-new-tale-of-white-snake,,2026-05-13
https://mtw1man2.itch.io/mobile-idle-game-ui-kit-premium-casual-upgrade-progression-screens,,2026-05-13
https://thekirbypc.itch.io/naba,,2026-05-13
https://reclaimingmandalore.itch.io/reclaiming-mandalore,,2026-05-13
https://mrmgames.itch.io/voxel-angel-characters-pack,,2026-05-13
https://camuflatedlab.itch.io/cl-2d-mobile-platformer-controller,,2026-05-13
https://kiobe.itch.io/belle-video-clicker-adult-version-nsfw,,2026-05-13
https://eduardo-zxc.itch.io/shit-simulator,,2026-05-13
https://gameidea-studio.itch.io/godot-dither-shader,,2026-05-13
https://spyder-x-games.itch.io/defenders,,2026-05-13
https://kalkao.itch.io/rat-business,,2026-05-13
https://alvesito.itch.io/chines,,2026-05-13
https://nagisahere.itch.io/frigid-digits,,2026-05-13
https://retro-game-is-good.itch.io/aveces-pasa,,2026-05-13
https://kojochostudio.itch.io/japanese-folding-screens-3-png-set,,2026-05-13
https://spwil.itch.io/under-budget,,2026-05-13
https://ale303.itch.io/everything-costs,,2026-05-13
https://cosmic-tengu.itch.io/stardust,,2026-05-13
https://ggwinns.itch.io/dollgeon,,2026-05-13
https://hedgehogpunk.itch.io/zoom-it,,2026-05-13
https://bohfam.itch.io/desktop-horde-idle-zombie-outbreak,,2026-05-13
https://gigoi.itch.io/goolf,,2026-05-13
https://mrchowmodding.itch.io/sikorsky-helicopters-uh-60-black-hawk,,2026-05-13
https://aseryolo.itch.io/escape-the-labyrinth,,2026-05-13
https://comshadow.itch.io/napoleon-war-pixel-art-tileset,,2026-05-13
https://sempers.itch.io/debate-app,,2026-05-13
https://mardvbd.itch.io/el-mito-de-eurdice,,2026-05-13
https://after-earth-arcade.itch.io/superdespairbook,,2026-05-13
https://pixalaty20.itch.io/pixalaty20,,2026-05-13
https://jumplineofficial.itch.io/shotgun-line,,2026-05-13
https://lamanitos.itch.io/five-night-at-nowkie,,2026-05-13
https://witch-calipso.itch.io/pentawitch,,2026-05-13
https://demodexgames.itch.io/simulador-del-halcon-01,,2026-05-13
https://nienawisc.itch.io/sojourner-ii,,2026-05-13
https://micaharvey.itch.io/carnival-smash,,2026-05-13
https://nobody5007.itch.io/scavanger-trucker,,2026-05-13
https://loaded-diaper.itch.io/retro,,2026-05-13
https://smartpinkcollar.itch.io/they-were-taken,,2026-05-13
https://bongmoncat2000.itch.io/undertale-recreation,,2026-05-13
https://ap-1.itch.io/trash-artist,,2026-05-13
https://bahamutchaos.itch.io/plugin-event-kick-rpg-maker-mv,,2026-05-13
https://desarrovato.itch.io/abalancha-beta,,2026-05-13
https://e0xit.itch.io/the-cost-of-undying,,2026-05-13
https://wvsscomputerstudies.itch.io/quantum-game,,2026-05-13
https://timkaa-a.itch.io/the-cursed-castle,,2026-05-13
https://b-obbie.itch.io/bleed,,2026-05-13
https://furezastudio.itch.io/whathavewedone,,2026-05-13
https://jakublo.itch.io/gotta-restart,,2026-05-13
https://voxrana.itch.io/tandstafall,,2026-05-13
https://torander2.itch.io/at-what-cost,,2026-05-13
https://david-upton.itch.io/grannys-great-prank,,2026-05-13
https://water-works.itch.io/fluidity,,2026-05-13
https://viva-gyorui23.itch.io/sheep-strike-backew,,2026-05-13
https://bibliodok.itch.io/globat-and-glo-attack-asset,,2026-05-13
https://newexp.itch.io/cost-per-letter,,2026-05-13
https://diloenkarsten.itch.io/honey-clubber,,2026-05-13
https://reldaa.itch.io/astralis,,2026-05-13
https://icydeath.itch.io/the-ledger,,2026-05-13
https://legej717.itch.io/immersive-train-rat,,2026-05-13
https://thatpersonoverthere.itch.io/orng,,2026-05-13
https://carreon-as-usual.itch.io/an-arm-a-leg-and-a-torso,,2026-05-13
https://eblstudiogames.itch.io/vipersky1,,2026-05-13
https://greasefoxanimation.itch.io/joys-nightclub-night-comic,,2026-05-13
https://burchtreegames.itch.io/take-it-or-leave-it,,2026-05-13
https://michael-klamerus.itch.io/world-in-motion,,2026-05-13
https://smallbigsquare.itch.io/flowfects-demo,,2026-05-13
https://acosmos.itch.io/how-to-hexie-epp,,2026-05-13
https://addiekinstudio.itch.io/farm-islanders,,2026-05-13
https://ulysseszhan.itch.io/starlights-revenge,,2026-05-13
https://guardofshame.itch.io/contract-of-cthulu,,2026-05-13
https://stevebaez.itch.io/the-vineyard-of-foxes,,2026-05-13
https://chipset.itch.io/hybrid-decker-zine-jam,,2026-05-13
https://zzzcomics.itch.io/grow-in-the-snow,,2026-05-13
https://geiiko.itch.io/klippys-escape,,2026-05-13
https://alancapes.itch.io/catscratch-issue-5,,2026-05-13
https://papalla021.itch.io/npcs-dont-have-fun,,2026-05-13
https://kojochostudio.itch.io/japanese-hibachi-braziers-3-png-set,,2026-05-13
https://bad2d.itch.io/pay-to-win,,2026-05-13
https://tumdev-za.itch.io/the-blood-price,,2026-05-13
https://kabbashi-gasim.itch.io/pigs-chess,,2026-05-13
https://kumada1.itch.io/a-total-and-complete-history-of-the-indie,,2026-05-13
https://vaedev.itch.io/procedural-dream,,2026-05-13
https://beardsark.itch.io/smolholm-tower,,2026-05-13
https://zzzcomics.itch.io/grow-in-the-snow-collectors-edition,,2026-05-13
https://lupinegames.itch.io/chimera,,2026-05-13
https://sabretooth1100.itch.io/the-phantom-blade,,2026-05-13
https://danyxdhd.itch.io/wasted-life,,2026-05-13
https://zzzcomics.itch.io/grow-in-the-snow-2,,2026-05-13
https://rozrywkafan.itch.io/ghost-deed,,2026-05-13
https://miceormouses.itch.io/graphite-bandit,,2026-05-13
https://ilikestuf.itch.io/the-great-spender,,2026-05-13
https://elfumisto.itch.io/le-circuit,,2026-05-13
https://jcislo111.itch.io/project-dna,,2026-05-13
https://youbestbelieve.itch.io/bargianrush,,2026-05-13
https://cybik333.itch.io/bow-arena,,2026-05-13
https://quisthehuman.itch.io/venturequest,,2026-05-13
https://stillsoda.itch.io/gendersystemerror,,2026-05-13
https://deman-nersa.itch.io/action-bgm,,2026-05-13
https://bisuness.itch.io/undergroundwarehouse,,2026-05-13
https://echoecho33.itch.io/carve,,2026-05-13
https://ealconz.itch.io/burguer-lovers,,2026-05-13
https://ikuna-games.itch.io/cost-village,,2026-05-13
https://kalos-baku.itch.io/capital-c,,2026-05-13
https://goat-shaped-chair.itch.io/a-brief-stay-in-pluto,,2026-05-13
https://iipheo.itch.io/borrowed-time,,2026-05-13
https://mrnabbles.itch.io/rating-how-my-elderly-cat-sleeps,,2026-05-13
https://h4rr1son.itch.io/dustline,,2026-05-13
https://zzzcomics.itch.io/grow-in-the-snow-2-collectors-edition,,2026-05-13
https://insane-idea-studio.itch.io/the-art-of-element,,2026-05-13
https://harriet02.itch.io/the-parliament-of-whispers,,2026-05-13
https://redacted-bo.itch.io/the-blackout-curator,,2026-05-13
https://tristone.itch.io/homer-kill-marge,,2026-05-13
https://fabiocoro10.itch.io/pistol-glowing-icon,,2026-05-13
https://rdbi.itch.io/tiny-gems,,2026-05-13
https://r3tr0-theonlyone.itch.io/my-t,,2026-05-13
https://l0stw00d.itch.io/hat-trick,,2026-05-13
https://edenoi.itch.io/light-verse,,2026-05-13
https://zegnick.itch.io/switch-ur-vieuw,,2026-05-13
https://hazmxoo.itch.io/finn,,2026-05-13
https://nexavisuals.itch.io/free-cozy-main-menu-ui-reference-pack,,2026-05-13
https://bobwizardlad.itch.io/twin-junker-shooter,,2026-05-13
https://mrvulpen.itch.io/abysalis-abysalis,,2026-05-13
https://rs11s21n.itch.io/gray-balance,,2026-05-13
https://zack-fire.itch.io/topodownloader,,2026-05-13
https://plural-goat6.itch.io/unfinished-game-jam-submission,,2026-05-13
https://gwannon.itch.io/murder-she-painted-in-the-walls-of-the-cave,,2026-05-13
https://eclair-assets.itch.io/everyday-home-desk-props-glb-pack-30-free-cc0-3d-models,,2026-05-13
https://tinatheamazing.itch.io/final-project-game-design-2,,2026-05-13
https://docgeraud.itch.io/toodle-oo,,2026-05-13
https://spellfieldstudios.itch.io/runesnrites,,2026-05-13
https://erwannr.itch.io/glowgrid,,2026-05-13
https://edevbr0.itch.io/pong,,2026-05-13
https://tales-art.itch.io/alien-busters,,2026-05-13
https://fungamescorp.itch.io/the-longest-run,,2026-05-13
https://lastrungames.itch.io/rat-with-a-gun,,2026-05-13
https://froogleandy.itch.io/stemb,,2026-05-13
https://jbcookie.itch.io/purple-tag,,2026-05-13
https://addamazeing11.itch.io/vein-glory,,2026-05-13
https://libido-labo.itch.io/jelena-yang-femme-fatale-26,,2026-05-13
https://thewinterroad.itch.io/fetter-and-feeling,,2026-05-13
https://rat-heaven.itch.io/plotline,,2026-05-13
https://saikyo-mamasu.itch.io/exit-button,,2026-05-13
https://shinku-yurei.itch.io/dog-butt,,2026-05-13
https://saikyo-mamasu.itch.io/dead-astronaut-blue,,2026-05-13
https://psxhrr.itch.io/buckshot-roulette-python-edition,,2026-05-13
https://cenondiez.itch.io/slay-slimes,,2026-05-13
https://saikyo-mamasu.itch.io/dead-astronaut-red,,2026-05-13
https://saikyo-mamasu.itch.io/dead-astronaut-purple,,2026-05-13
https://saikyo-mamasu.itch.io/dead-astronaut-orange,,2026-05-13
https://youcan1673.itch.io/network-tennis,,2026-05-13
https://saikyo-mamasu.itch.io/dead-astronaut-navy,,2026-05-13
https://rotulopanela.itch.io/the-endless-mode,,2026-05-13
https://gaborkepes.itch.io/swtpc-6800-life,,2026-05-13
https://randomroads.itch.io/rise-and-fall,,2026-05-13
https://neonvoidstudio.itch.io/1905-jaar,,2026-05-13
https://libreage.itch.io/mini-vroom,,2026-05-13
https://saikyo-mamasu.itch.io/dead-astronaut-pink,,2026-05-13
https://saikyo-mamasu.itch.io/malfunctioning-robot,,2026-05-13
https://mtw1man2.itch.io/godot-4-juice-pack-screen-shake-hitstop-combat-feedback,,2026-05-13
https://sles4r.itch.io/faint,,2026-05-13
https://saikyo-mamasu.itch.io/astronaut-pink-without-helmet,,2026-05-13
https://doctorflower.itch.io/undead-fashion-show,,2026-05-13
https://saikyo-mamasu.itch.io/no-text-box,,2026-05-13
https://saikyo-mamasu.itch.io/player-sprite-with-movement-animations,,2026-05-13
https://ikron.itch.io/arena,,2026-05-13
https://jacksonmeira.itch.io/fantasy-shelf-pack,,2026-05-13
https://saikyo-mamasu.itch.io/repeatable-space-background,,2026-05-13
https://layo6.itch.io/company-6-demo,,2026-05-13
https://shadowveilstudios.itch.io/ecos-de-un-crimen,,2026-05-13
https://tect0nic.itch.io/gundash,,2026-05-13
https://birchdesign.itch.io/nier-5e,,2026-05-13
https://sewayn.itch.io/astraleum,,2026-05-13
https://marshee-melo.itch.io/coral-reef-field-trip,,2026-05-13
https://saikyo-mamasu.itch.io/space-tileset,,2026-05-13
https://milkcrategames.itch.io/honda-fit,,2026-05-13
https://saikyo-mamasu.itch.io/yes-text-box,,2026-05-13
https://rcarre.itch.io/waifu-reveal,,2026-05-13
https://sunscope-games.itch.io/honeyglow-cafe,,2026-05-13
https://retro-game-is-good.itch.io/las-guardianas-energeticas,,2026-05-13
https://jacksonmeira.itch.io/fantasy-magic-book,,2026-05-13
https://gig-bueno.itch.io/monkeyup,,2026-05-13
https://bethkux.itch.io/dam-good-camp,,2026-05-13
https://lewdwhorse.itch.io/18-millies-deepthroat-eroaudio-helluva-boss,,2026-05-13
https://justgobro.itch.io/jump-beat,,2026-05-13
https://joaofelipe64.itch.io/pixelsaken,,2026-05-13
https://dev-devy.itch.io/musicat,,2026-05-13
https://snowiyy.itch.io/96-but-shitty-sloppy-game,,2026-05-13
https://pablopfa.itch.io/ultimate-horror-essentials-chest-light-sanity-system-pro,,2026-05-13
https://eleanorm.itch.io/dungeonous-crab,,2026-05-13
https://anthonyfranco94.itch.io/on-a-jet-plan,,2026-05-13
https://ashcash124.itch.io/roblox-vr-apk-for-modding-idk,,2026-05-13
https://denisiya111.itch.io/the-rain-season,,2026-05-13
https://mtw1man2.itch.io/asset-credits-license-generator-organize-attribution-before-release,,2026-05-13
https://monaart666.itch.io/pixel-panda-character-sprite-sheet-pack-2d-game-asset-cute-panda-warrior-retro-p,,2026-05-13
https://victor-veldin.itch.io/final-protocol2,,2026-05-13
https://donny2.itch.io/how-annoyingly-persistent,,2026-05-13
https://superseriousgaming.itch.io/battle-koi,,2026-05-13
https://rtudev.itch.io/craft-n-go,,2026-05-13
https://adelina805.itch.io/cat-vs-mouse-multiplayer,,2026-05-13
https://jacksonmeira.itch.io/fantasy-magic-potion-pack,,2026-05-13
https://lukepasikagmailcom.itch.io/underground,,2026-05-13
https://nebuhanka.itch.io/streamer-gaming-chair-pack,,2026-05-13
https://corndog603.itch.io/speed-run,,2026-05-13
https://thelarpenters.itch.io/bavos-relationship-escalator,,2026-05-13
https://andromedaghostgames.itch.io/culture-bridging,,2026-05-13
https://nicaverse.itch.io/fritanga-simulador-nicaverse,,2026-05-13
https://nataliavra.itch.io/ai-vs-humanity,,2026-05-13
https://ricardoamorim.itch.io/gym-idle-clicker,,2026-05-13
https://christopherjleary.itch.io/breaakout,,2026-05-13
https://alexanderandrewwood.itch.io/cocktail-maker-guide,,2026-05-13
https://nyxaxisgames.itch.io/oneguywithgun,,2026-05-13
https://jacksonmeira.itch.io/chalice-pack,,2026-05-13
https://k8rlo.itch.io/toy-forest-asset-pack,,2026-05-13
https://oupelaye.itch.io/w4vvv3,,2026-05-13
https://linkfather.itch.io/crystal-rng,,2026-05-13
https://galopiepoli.itch.io/piepoli-finanzas,,2026-05-13
https://hsaii.itch.io/hamster-havok,,2026-05-13
https://diegogary25.itch.io/moonfall,,2026-05-13
https://charlieuk04.itch.io/vr-pc-building-sim,,2026-05-13
https://renderless-games.itch.io/godot-gta-template,,2026-05-13
https://comshadow.itch.io/silent-cement-city-pixel-art-tileset,,2026-05-13
https://minaderm.itch.io/far-galaxy,,2026-05-13
https://thurmann-pangilinan.itch.io/hob-gobblin,,2026-05-13
https://vankei.itch.io/masacre-en-olmu,,2026-05-13
https://jacksonmeira.itch.io/fantasy-special-key-pack,,2026-05-13
https://cesarstrandberg.itch.io/nightmare-on-west-81st-street,,2026-05-13
https://rose-guardian.itch.io/sacred-swords,,2026-05-13
https://tyhulse.itch.io/fun-little-bookmark-rpgs,,2026-05-13
https://indiekit.itch.io/40-alarms-sound-effects,,2026-05-13
https://trian3-studio.itch.io/trian3,,2026-05-13
https://jacksonmeira.itch.io/fantasy-padlock-pack,,2026-05-13
https://xossxkratos.itch.io/bal-institute-demo,,2026-05-13
https://larabatatafrita.itch.io/glitch-run,,2026-05-13
https://aaronically.itch.io/all-for-the-love,,2026-05-13
https://zsgx.itch.io/carddexbooster-game,,2026-05-13
https://indiekit.itch.io/25-impacts-sound-effects,,2026-05-13
https://thegentleseal.itch.io/gnome-boot-car,,2026-05-13
https://mtw1man2.itch.io/godot-dialogue-csv-kit-fast-dialogue-box-branching-workflow,,2026-05-13
https://yellowblack-studio.itch.io/multicave,,2026-05-13
https://hast3r.itch.io/gravity-sandbox,,2026-05-13
https://loves-heart.itch.io/yuri-demon-free,,2026-05-13
https://lordcaos2.itch.io/rock-and-bones-monster-hunter,,2026-05-13
https://dylangamer6542.itch.io/chocky-breaker-extreme-edition,,2026-05-13
https://jack0o112.itch.io/bobicourses-1-le-combat-quotidien,,2026-05-13
https://spookylou.itch.io/jogo-da-bola-11,,2026-05-13
https://playlightgames.itch.io/hit-a-mole-game-playlightgames,,2026-05-13
https://kyecan.itch.io/onde-de-chat,,2026-05-13
https://mtw1man2.itch.io/godot-sfx-randomizer-mixer-audio-variation-jam-polish-utility,,2026-05-13
https://survivalmyths.itch.io/tiniest-desires,,2026-05-13
https://clydemyde.itch.io/a-long-walk-through-3d-land,,2026-05-13
https://qchan19721122.itch.io/httpsxcomqchan19721122,,2026-05-13
https://zirui-11.itch.io/little-mouse,,2026-05-13
https://arslan777vip.itch.io/where-water-waits,,2026-05-13
https://rataratata.itch.io/tobirabeya,,2026-05-13
https://milxxed.itch.io/containment-breach,,2026-05-13
https://some0-0one.itch.io/ps1-living-room,,2026-05-13
https://batheyourbeans.itch.io/froggieschapter1,,2026-05-13
https://simplepolygon.itch.io/small-sword-pack,,2026-05-13
https://tonkeng-twine-game-th.itch.io/13-may-bangkok,,2026-05-13
https://snowiscool1126.itch.io/polymath,,2026-05-13
https://sarainia.itch.io/quantum-cargo-router,,2026-05-13
https://tuskks.itch.io/backyard-blitz,,2026-05-13
https://randomgorillameta.itch.io/tag-of-fear-new-face-designs-concepts-chapter-1,,2026-05-13
https://untitledfolder5.itch.io/totally-not-evil-ai,,2026-05-13
https://lasseterhorror.itch.io/forgotten-attic,,2026-05-13
https://meddev3.itch.io/black-jack-jack,,2026-05-13
https://plezy-ouo.itch.io/do-even-matter,,2026-05-13
https://h3x-vrgt.itch.io/find-h3xs-keys-da-game,,2026-05-13
https://thedarkerproductions2024.itch.io/blakiebasics,,2026-05-13
https://internet-janitor.itch.io/palm-chip8-converter,,2026-05-13
https://beeg-sheep-games.itch.io/sheep-game,,2026-05-13
https://maozblan.itch.io/fishing-poker,,2026-05-13
https://darrenblouin.itch.io/launchboard-creator,,2026-05-13
https://steelcyclonestudios.itch.io/free-monster-truck-3d-model,,2026-05-13
https://incrediscratcher.itch.io/cal,,2026-05-13
https://kris-rice.itch.io/nekomatrimony-chaos-of-relationships,,2026-05-13
https://facundo-avellaneda.itch.io/a-terror-game,,2026-05-13
https://lunevell.itch.io/the-eye-of-the-red-moon,,2026-05-13
https://xxxanimusxxx.itch.io/spukaghytjykiujlojhyht6r53e423w5egthygyujiujk-butt-i-added-funnygary,,2026-05-13
https://jogasoftware07.itch.io/psx-boxes,,2026-05-13
https://tobyanimationsstudios.itch.io/weirdstory,,2026-05-13
https://misalliance.itch.io/last-line,,2026-05-13
https://coolgamesforitch.itch.io/gorilla-runners,,2026-05-13
https://simplepolygon.itch.io/mineral-pack-gradient,,2026-05-13
https://conspiracy-vii.itch.io/pulse-point,,2026-05-13
https://nmora.itch.io/projeto-enigma,,2026-05-13
https://spidermonkey2112.itch.io/word-flow,,2026-05-13
https://conspiracy-vii.itch.io/shocking-lightning,,2026-05-13
https://rs-000.itch.io/forgotten-life-of-a-tree,,2026-05-13
https://simdubz.itch.io/grid-o-cube,,2026-05-13
https://pozac.itch.io/street-brawler-bruiser-2d-beat-em-up-character-pack,,2026-05-13
https://wenyigame-gotch.itch.io/lunarmirrormoonnightwithoutlightdemo,,2026-05-13
https://usernameabad.itch.io/golf-3d-the-game,,2026-05-13
https://facundo-avellaneda.itch.io/garbage-trash-collector,,2026-05-13
https://conspiracy-vii.itch.io/classified-conspiracy,,2026-05-13
https://sebthebeast90.itch.io/wifipoire,,2026-05-13
https://alex3hacker.itch.io/triangle-survivors,,2026-05-13
https://blazeycrazey.itch.io/bloom,,2026-05-13
https://goldmembrane.itch.io/let-me-free,,2026-05-13
https://conspiracy-vii.itch.io/vortex-velocity,,2026-05-13
https://polux-corporation.itch.io/madrazos-fighters,,2026-05-13
https://conspiracy-vii.itch.io/snowy-slumbering,,2026-05-13
https://consumethismedia.itch.io/mama-bank,,2026-05-13
https://comshadow.itch.io/orc-horde-pixel-art-tileset,,2026-05-13
https://conspiracy-vii.itch.io/dusty-dormant,,2026-05-13
https://conspiracy-vii.itch.io/strategically-shattered,,2026-05-13
https://creogames.itch.io/cube-paint,,2026-05-13
https://conspiracy-vii.itch.io/impulse-island,,2026-05-13
https://bellainthegame.itch.io/neverwood,,2026-05-13
https://conspiracy-vii.itch.io/obscured-outlook,,2026-05-13
https://horihoripixel.itch.io/7-masiveapack-horihori,,2026-05-13
https://ashywashyuwu.itch.io/void,,2026-05-13
https://yptime.itch.io/castifigation-the-math-knights,,2026-05-13
https://projects-cj.itch.io/collection-of-mini-games-and-prototypes-indie-game-dev,,2026-05-13
https://zinovia-star.itch.io/beach-01,,2026-05-13
https://moosegoesquack.itch.io/blue,,2026-05-13
https://xitsonlyfiction.itch.io/echoes-of-third-period,,2026-05-13
https://tn-fabrication.itch.io/porsche-911-turbo-s,,2026-05-13
https://nw-lcad.itch.io/heaven-and-heaven,,2026-05-13
https://worlds-end-creations.itch.io/death-in-discovery,,2026-05-13
https://yeoldsport.itch.io/cyber-ninja-apocalypse,,2026-05-13
https://lolorules25.itch.io/scientology-speedrun-simulator,,2026-05-13
https://glassangel.itch.io/tahtiinkirjoitettu,,2026-05-13
https://bbbylab.itch.io/chatwithtoad,,2026-05-13
https://moranovo.itch.io/80fishing-icons-asset-pack,,2026-05-13
https://wvsscomputerstudies.itch.io/quantum-rpg,,2026-05-13
https://bettyinblue.itch.io/leftovers,,2026-05-13
https://deep-games-lab.itch.io/rain,,2026-05-13
https://leslava.itch.io/skeleton-shooter,,2026-05-13
https://ccrose357.itch.io/particle-collector,,2026-05-13
https://imaginais.itch.io/psx-fp-hands-pack-rigged,,2026-05-13
https://k1rschw4sser.itch.io/barnyard-buffet,,2026-05-13
https://hqwqf.itch.io/theoffice-ld-jam12,,2026-05-13
https://galactic-gamer-42.itch.io/composition,,2026-05-13
https://nicegeargames.itch.io/how-to-care-for-venus-flytraps,,2026-05-13
https://ethanoleyes.itch.io/starcatcher-mvp,,2026-05-13
https://chiewaters.itch.io/gloom-garden,,2026-05-13
https://yuxinsun.itch.io/the-one-outside,,2026-05-13
https://arianes.itch.io/chaos,,2026-05-13
https://blazeinit.itch.io/ground-wars,,2026-05-13
https://chiewaters.itch.io/mercury-rising,,2026-05-13
https://brucewright.itch.io/vinx,,2026-05-13
https://tmecat.itch.io/cozy-llama-pixel-sprite-pack,,2026-05-13
https://shawnyao.itch.io/castle-chess,,2026-05-13
https://pixel-banner.itch.io/spider-animated-rpg-enemy,,2026-05-13
https://nomadic-jester.itch.io/precisionx,,2026-05-13
https://blackcakesystem.itch.io/kanaria,,2026-05-13
https://ciccii.itch.io/shadowborne,,2026-05-13
https://huldrahouse.itch.io/by-its-baleful-light,,2026-05-13
https://reevrb-y.itch.io/trainiq,,2026-05-13
https://masayuki18400.itch.io/robo-trace,,2026-05-13
https://enekojvgamer.itch.io/buscaminas-offline,,2026-05-13
https://goblinspire.itch.io/factory-assembly-line-tileset,,2026-05-13
https://xirtap.itch.io/bur,,2026-05-13
https://kanedafr.itch.io/ccc,,2026-05-13
https://rekluzlabs.itch.io/akachans-adventures,,2026-05-13
https://alan5553.itch.io/five-nights-with-toys,,2026-05-13
https://kwhades.itch.io/goofy-underwater-cartoon-backgrounds-3-scene-pack,,2026-05-13
https://kariata.itch.io/aftertaste-test,,2026-05-13
https://djogundipe.itch.io/null-pocket,,2026-05-13
https://comshadow.itch.io/dreamcore-pixel-art-tileset-pack,,2026-05-13
https://breaddestroyer.itch.io/umbrella,,2026-05-13
https://bahamutchaos.itch.io/raptoverse,,2026-05-13
https://theplaymakers3.itch.io/the-last-minutes,,2026-05-13
https://bedevilinc.itch.io/bedevils-hidden-objects-1-farm,,2026-05-13
https://ogustav64o.itch.io/enihcam-eht-ni-tsohg,,2026-05-13
https://zhedeer.itch.io/bookforge,,2026-05-13
https://tinypatrice.itch.io/balloon-man,,2026-05-13
https://ktjr2026.itch.io/the-sky-at-the-end-of-the-terminal,,2026-05-13
https://j246475.itch.io/wizard-balls-demo,,2026-05-13
https://moon-creations.itch.io/channel-tag,,2026-05-13
https://shiowary.itch.io/picofluid,,2026-05-13
https://alvicald.itch.io/hordes,,2026-05-13
https://jaimer118.itch.io/letharia-codex-immersive-ttrpg-campaign-manager-wiki,,2026-05-13
https://jamesh2005.itch.io/critter-chaos,,2026-05-13
https://z4l3x.itch.io/sprunki-zalafined-official,,2026-05-13
https://dreamhorse.itch.io/minecraft-brawl,,2026-05-13
https://beepbeepkittyofficial.itch.io/field-trip-173,,2026-05-13
https://islaritchie0.itch.io/a-trip-down-memories-hallway,,2026-05-13
https://mrciac.itch.io/angle-on-a-flutter,,2026-05-13
https://frostbytes1.itch.io/deskie,,2026-05-13
https://chafmere.itch.io/third-person-shooter-template,,2026-05-13
https://custombike.itch.io/blue-sky-beam,,2026-05-13
https://domannaka-ai.itch.io/2026-05-05-kuromi-serika-blue-archive,,2026-05-13
https://rifin640.itch.io/cp-us,,2026-05-13
https://autumninfish.itch.io/miouleng,,2026-05-13
https://runbolt.itch.io/denied-game,,2026-05-13
https://genaticstudio.itch.io/2d-side-man-cap-frog,,2026-05-13
https://dominique-van-winssen.itch.io/fly-high-bessie-coleman,,2026-05-13
https://sondeirypt-games.itch.io/alike,,2026-05-13
https://astrofun.itch.io/glueaction,,2026-05-13
https://the-ugly-goblin.itch.io/goblinz-ttrpg-demo,,2026-05-13
https://imakegames-studios.itch.io/wwii-thompson-low-poly,,2026-05-13
https://michellew0207.itch.io/castle-escape,,2026-05-13
https://desarrovato.itch.io/funpluslib,,2026-05-13
https://artistotel.itch.io/the-surgeon,,2026-05-13
https://oliwier098pl.itch.io/quick-burgar,,2026-05-13
https://f3mnz8.itch.io/gd-22-ipa,,2026-05-13
https://pixelartmaterial.itch.io/fr16-50-free-anime-fantasy,,2026-05-13
https://yellowstraps.itch.io/pinkisbad,,2026-05-13
https://mtw1man2.itch.io/godot-4-rapid-prototype-toolkit-menus-dialogue-juice-export-workflow,,2026-05-13
https://arckoller.itch.io/aeon-retrograde,,2026-05-13
https://emocute.itch.io/visual,,2026-05-13
https://tommylim.itch.io/cube-jump,,2026-05-13
https://gamemakingmagpie.itch.io/ssalburg,,2026-05-13
https://heosphorus.itch.io/animated-portals,,2026-05-13
https://neonvoidstudio.itch.io/markion,,2026-05-13
https://digital-poppy.itch.io/big-fish-search,,2026-05-13
https://roan-studio.itch.io/wrecker-alley-shenanigans-and-skulduggery,,2026-05-13
https://orhstudio.itch.io/wuxia-weapon-icons-vol1-72-pixel-art-icons,,2026-05-13
https://jonah-merewether.itch.io/wildcard-wipeout,,2026-05-13
https://ashii-11.itch.io/ciudad-de-lucha-luchamania,,2026-05-13
https://meledeam.itch.io/meledeam,,2026-05-13
https://lostindevelopment.itch.io/ml-locomotion-thesis,,2026-05-13
https://eliselixiao.itch.io/house,,2026-05-13
https://nomoresquirrel.itch.io/snake-game-egg-collecting,,2026-05-13
https://nomoresquirrel.itch.io/snake-game-eggs-collection-example,,2026-05-13
https://elthen.itch.io/2d-pixel-art-wood-wyrm-sprites,,2026-05-13
https://ludwig-squirrel.itch.io/sillys-playhouse,,2026-05-13
https://ludwig-squirrel.itch.io/skull-invasion,,2026-05-13
https://ludwig-squirrel.itch.io/fatstacks,,2026-05-13
https://ludwig-squirrel.itch.io/super-ransacker,,2026-05-13
https://ludwig-squirrel.itch.io/the-friskey-mouse,,2026-05-13
https://mafsal-design.itch.io/tribal-war-road,,2026-05-13
https://ludwig-squirrel.itch.io/saku,,2026-05-13
https://ludwig-squirrel.itch.io/the-curse-of-new-orleans,,2026-05-13
https://noammeraihia.itch.io/space-hero,,2026-05-13
https://itch.io/jam/solo-dev-jam-11/rate/4564031,,2026-05-13
https://itch.io/jam/solo-dev-jam-11/rate/4564546,,2026-05-13
https://itch.io/jam/bullet-jam-7/rate/4561871,,2026-05-13
https://itch.io/jam/bullet-jam-7/rate/4563200,,2026-05-13
https://itch.io/jam/solo-dev-jam-11/rate/4563943,,2026-05-13
https://itch.io/jam/solo-dev-jam-11/rate/4564316,,2026-05-13
https://itch.io/jam/finish-your-nsfw-project-2026-q2/rate/4191949,,2026-05-13
https://itch.io/jam/bullet-jam-7/rate/4564650,,2026-05-13
https://itch.io/jam/bullet-jam-7/rate/4561219,,2026-05-13
https://itch.io/jam/psx-horror-jam/rate/4557990,,2026-05-13
https://itch.io/jam/norwich-games-festival-jam-2026/rate/4564715,,2026-05-13
https://itch.io/jam/mini-jam-210-astral/rate/4563599,,2026-05-13
https://itch.io/jam/bullet-jam-7/rate/4559617,,2026-05-13
https://itch.io/jam/bullet-jam-7/rate/4564694,,2026-05-13
https://itch.io/jam/mini-jam-210-astral/rate/4564160,,2026-05-13
https://itch.io/jam/portfolio-builders-jam-week-72/rate/4443418,,2026-05-13
https://itch.io/jam/bullet-jam-7/rate/4562417,,2026-05-13
https://itch.io/jam/bullet-jam-7/rate/4564530,,2026-05-13
https://itch.io/jam/bullet-jam-7/rate/4564607,,2026-05-13
https://itch.io/jam/bullet-jam-7/rate/4557731,,2026-05-13
https://itch.io/jam/bullet-jam-7/rate/4563094,,2026-05-13
https://itch.io/jam/bullet-jam-7/rate/4564759,,2026-05-13
https://itch.io/jam/solo-dev-jam-11/rate/4562168,,2026-05-13
https://itch.io/jam/bullet-jam-7/rate/4564800,,2026-05-13
https://itch.io/jam/solo-dev-jam-11/rate/4563415,,2026-05-13
https://itch.io/jam/bullet-jam-7/rate/4564593,,2026-05-13
https://itch.io/jam/solo-dev-jam-11/rate/4564831,,2026-05-13
https://itch.io/jam/solo-dev-jam-11/rate/4564857,,2026-05-13
https://itch.io/jam/solo-dev-jam-11/rate/4564449,,2026-05-13
https://itch.io/jam/solo-dev-jam-11/rate/4564833,,2026-05-13
https://itch.io/jam/makemoves/rate/4008762,,2026-05-13
https://itch.io/jam/solo-dev-jam-11/rate/4564862,,2026-05-13
https://itch.io/jam/solo-dev-jam-11/rate/4564912,,2026-05-13
https://itch.io/jam/solo-dev-jam-11/rate/4564870,,2026-05-13
https://itch.io/jam/solo-dev-jam-11/rate/4562342,,2026-05-13
https://itch.io/jam/bullet-jam-7/rate/4555173,,2026-05-13
https://itch.io/jam/bullet-jam-7/rate/4564953,,2026-05-13
https://itch.io/jam/solo-dev-jam-11/rate/4557149,,2026-05-13
https://itch.io/jam/bullet-jam-7/rate/4564816,,2026-05-13
https://itch.io/jam/solo-dev-jam-11/rate/4565002,,2026-05-13
https://itch.io/jam/free-rpg-day-weekend-bundle-2026/rate/671726,,2026-05-13
https://itch.io/jam/solo-dev-jam-11/rate/4564542,,2026-05-13
https://itch.io/jam/bullet-jam-7/rate/4564996,,2026-05-13
https://itch.io/jam/portfolio-builders-jam-week-72/rate/4565015,,2026-05-13
https://itch.io/jam/panafrican2026/rate/2841278,,2026-05-13
https://itch.io/jam/bullet-jam-7/rate/4565037,,2026-05-13
https://itch.io/jam/solo-dev-jam-11/rate/4565046,,2026-05-13
https://itch.io/jam/bullet-jam-7/rate/4564942,,2026-05-13
https://itch.io/jam/bullet-jam-7/rate/4562373,,2026-05-13
https://itch.io/jam/bullet-jam-7/rate/4565049,,2026-05-13
https://itch.io/jam/bullet-jam-7/rate/4565038,,2026-05-13
https://itch.io/jam/solo-dev-jam-11/rate/4565077,,2026-05-13
https://itch.io/jam/bullet-jam-7/rate/4543377,,2026-05-13
https://itch.io/jam/panafrican2026/rate/4089745,,2026-05-13
https://itch.io/jam/bullet-jam-7/rate/4565069,,2026-05-13
https://itch.io/jam/solo-dev-jam-11/rate/4564111,,2026-05-13
https://itch.io/jam/bullet-jam-7/rate/4565032,,2026-05-13
https://itch.io/jam/solo-dev-jam-11/rate/4565093,,2026-05-13
https://itch.io/jam/solo-dev-jam-11/rate/4565056,,2026-05-13
https://itch.io/jam/bullet-jam-7/rate/4553842,,2026-05-13
https://itch.io/jam/bullet-jam-7/rate/4565091,,2026-05-13
https://itch.io/jam/bullet-jam-7/rate/4565075,,2026-05-13
https://itch.io/jam/bullet-jam-7/rate/4563311,,2026-05-13
https://itch.io/jam/bullet-jam-7/rate/4565050,,2026-05-13
https://itch.io/jam/bullet-jam-7/rate/4545169,,2026-05-13
https://itch.io/jam/bullet-jam-7/rate/4565071,,2026-05-13
https://itch.io/jam/bullet-jam-7/rate/4564988,,2026-05-13
https://itch.io/jam/bullet-jam-7/rate/4561163,,2026-05-13
https://itch.io/jam/solo-dev-jam-11/rate/4565065,,2026-05-13
https://itch.io/jam/panafrican2026/rate/4565060,,2026-05-13
https://itch.io/jam/solo-dev-jam-11/rate/4565144,,2026-05-13
https://itch.io/jam/solo-dev-jam-11/rate/4565104,,2026-05-13
https://itch.io/jam/bullet-jam-7/rate/4565150,,2026-05-13
https://itch.io/jam/solo-dev-jam-11/rate/4565149,,2026-05-13
https://itch.io/jam/solo-dev-jam-11/rate/4559029,,2026-05-13
https://itch.io/jam/solo-dev-jam-11/rate/4565147,,2026-05-13
https://itch.io/jam/solo-dev-jam-11/rate/4565186,,2026-05-13
https://itch.io/jam/allbards-art-music-jam/rate/4565176,,2026-05-13
https://itch.io/jam/solo-dev-jam-11/rate/4565200,,2026-05-13
https://itch.io/jam/solo-dev-jam-11/rate/4563883,,2026-05-13
https://itch.io/jam/solo-dev-jam-11/rate/4556236,,2026-05-13
https://itch.io/jam/solo-dev-jam-11/rate/4562042,,2026-05-13
https://itch.io/jam/bullet-jam-7/rate/4565234,,2026-05-13
https://itch.io/jam/bullet-jam-7/rate/4534370,,2026-05-13
https://itch.io/jam/bullet-jam-7/rate/4565216,,2026-05-13
https://itch.io/jam/solo-dev-jam-11/rate/4565250,,2026-05-13
https://itch.io/jam/bullet-jam-7/rate/4565066,,2026-05-13
https://itch.io/jam/solo-dev-jam-11/rate/4565159,,2026-05-13
https://itch.io/jam/solo-dev-jam-11/rate/4565349,,2026-05-13
https://itch.io/jam/solo-dev-jam-11/rate/4565191,,2026-05-13
https://itch.io/jam/solo-dev-jam-11/rate/4565177,,2026-05-13
https://itch.io/jam/solo-dev-jam-11/rate/4565319,,2026-05-13
https://itch.io/jam/interactive-fiction-showcase-2026/rate/4552175,,2026-05-13
https://itch.io/jam/solo-dev-jam-11/rate/4559019,,2026-05-13
https://itch.io/jam/solo-dev-jam-11/rate/4565284,,2026-05-13
https://itch.io/jam/solo-dev-jam-11/rate/4565376,,2026-05-13
https://itch.io/jam/solo-dev-jam-11/rate/4565336,,2026-05-13
https://itch.io/jam/solo-dev-jam-11/rate/4565406,,2026-05-13
https://itch.io/jam/uncrankd-pre-summer-game-jam-26/rate/4565076,,2026-05-13
https://itch.io/jam/solo-dev-jam-11/rate/4565323,,2026-05-13
https://itch.io/jam/solo-dev-jam-11/rate/4565282,,2026-05-13
https://itch.io/jam/solo-dev-jam-11/rate/4563940,,2026-05-13
https://itch.io/jam/solo-dev-jam-11/rate/4565464,,2026-05-13
https://itch.io/jam/solo-dev-jam-11/rate/4565339,,2026-05-13
https://itch.io/jam/solo-dev-jam-11/rate/4565333,,2026-05-13
https://itch.io/jam/solo-dev-jam-11/rate/4561000,,2026-05-13
https://itch.io/jam/solo-dev-jam-11/rate/4565451,,2026-05-13
https://itch.io/jam/solo-dev-jam-11/rate/4565495,,2026-05-13
https://itch.io/jam/solo-dev-jam-11/rate/4565501,,2026-05-13
https://itch.io/jam/solo-dev-jam-11/rate/4565452,,2026-05-13
https://itch.io/jam/solo-dev-jam-11/rate/4565492,,2026-05-13
https://itch.io/jam/gdcuo-spring-2026-jam/rate/4563174,,2026-05-13
https://itch.io/jam/solo-dev-jam-11/rate/4565324,,2026-05-13
https://itch.io/jam/solo-dev-jam-11/rate/4565527,,2026-05-13
https://itch.io/jam/solo-dev-jam-11/rate/4562400,,2026-05-13
https://itch.io/jam/solo-dev-jam-11/rate/4565443,,2026-05-13
https://itch.io/jam/solo-dev-jam-11/rate/4565514,,2026-05-13
https://itch.io/jam/solo-dev-jam-11/rate/4565461,,2026-05-13
https://itch.io/jam/solo-dev-jam-11/rate/4565520,,2026-05-13
https://itch.io/jam/solo-dev-jam-11/rate/4479830,,2026-05-13
https://itch.io/jam/solo-dev-jam-11/rate/4565494,,2026-05-13
https://itch.io/jam/solo-dev-jam-11/rate/4559151,,2026-05-13
https://itch.io/jam/solo-dev-jam-11/rate/4565556,,2026-05-13
https://itch.io/jam/solo-dev-jam-11/rate/4565568,,2026-05-13
https://itch.io/jam/solo-dev-jam-11/rate/4563906,,2026-05-13
https://itch.io/jam/solo-dev-jam-11/rate/4565450,,2026-05-13
https://itch.io/jam/solo-dev-jam-11/rate/4565579,,2026-05-13
https://itch.io/jam/solo-dev-jam-11/rate/4565016,,2026-05-13
https://itch.io/jam/solo-dev-jam-11/rate/4565522,,2026-05-13
https://itch.io/jam/solo-dev-jam-11/rate/4564015,,2026-05-13
https://itch.io/jam/solo-dev-jam-11/rate/4565547,,2026-05-13
https://itch.io/jam/solo-dev-jam-11/rate/4565611,,2026-05-13
https://itch.io/jam/panafrican2026/rate/4565386,,2026-05-13
https://itch.io/jam/solo-dev-jam-11/rate/4565623,,2026-05-13
https://itch.io/jam/solo-dev-jam-11/rate/4565557,,2026-05-13
https://itch.io/jam/solo-dev-jam-11/rate/4565625,,2026-05-13
https://itch.io/jam/solo-dev-jam-11/rate/4565631,,2026-05-13
https://itch.io/jam/solo-dev-jam-11/rate/4565608,,2026-05-13
https://itch.io/jam/solo-dev-jam-11/rate/4565109,,2026-05-13
https://itch.io/jam/crocojam-19/rate/4565129,,2026-05-13
https://itch.io/jam/solo-dev-jam-11/rate/4565643,,2026-05-13
https://itch.io/jam/solo-dev-jam-11/rate/4565648,,2026-05-13
https://itch.io/jam/solo-dev-jam-11/rate/4565656,,2026-05-13
https://itch.io/jam/solo-dev-jam-11/rate/4565666,,2026-05-13
https://itch.io/jam/hybrid-decker-zine-jam/rate/4565619,,2026-05-13
https://itch.io/jam/solo-dev-jam-11/rate/4565670,,2026-05-13
https://itch.io/jam/solo-dev-jam-11/rate/4565671,,2026-05-13
https://itch.io/jam/solo-dev-jam-11/rate/4560851,,2026-05-13
https://itch.io/jam/solo-dev-jam-11/rate/4565672,,2026-05-13
https://itch.io/jam/solo-dev-jam-11/rate/4565614,,2026-05-13
https://itch.io/jam/solo-dev-jam-11/rate/4560804,,2026-05-13
https://itch.io/jam/solo-dev-jam-11/rate/4564995,,2026-05-13
https://itch.io/jam/solo-dev-jam-11/rate/4558066,,2026-05-13
https://itch.io/jam/solo-dev-jam-11/rate/4565595,,2026-05-13
https://itch.io/jam/solo-dev-jam-11/rate/4565687,,2026-05-13
https://itch.io/jam/solo-dev-jam-11/rate/4565662,,2026-05-13
https://itch.io/jam/solo-dev-jam-11/rate/4565696,,2026-05-13
https://itch.io/jam/solo-dev-jam-11/rate/4565703,,2026-05-13
https://itch.io/jam/solo-dev-jam-11/rate/4563341,,2026-05-13
https://itch.io/jam/solo-dev-jam-11/rate/4565692,,2026-05-13
https://itch.io/jam/solo-dev-jam-11/rate/4565673,,2026-05-13
https://itch.io/jam/solo-dev-jam-11/rate/4565706,,2026-05-13
https://itch.io/jam/solo-dev-jam-11/rate/4535833,,2026-05-13
https://itch.io/jam/solo-dev-jam-11/rate/4565261,,2026-05-13
https://itch.io/jam/solo-dev-jam-11/rate/4565717,,2026-05-13
https://itch.io/jam/solo-dev-jam-11/rate/4565718,,2026-05-13
https://itch.io/jam/solo-dev-jam-11/rate/4565572,,2026-05-13
https://itch.io/jam/solo-dev-jam-11/rate/4564066,,2026-05-13
https://itch.io/jam/solo-dev-jam-11/rate/4565721,,2026-05-13
https://itch.io/jam/solo-dev-jam-11/rate/4560342,,2026-05-13
https://itch.io/jam/solo-dev-jam-11/rate/4565733,,2026-05-13
https://itch.io/jam/solo-dev-jam-11/rate/4565679,,2026-05-13
https://itch.io/jam/solo-dev-jam-11/rate/4565530,,2026-05-13
https://itch.io/jam/solo-dev-jam-11/rate/4564827,,2026-05-13
https://itch.io/jam/solo-dev-jam-11/rate/4565746,,2026-05-13
https://itch.io/jam/solo-dev-jam-11/rate/4565748,,2026-05-13
https://itch.io/jam/solo-dev-jam-11/rate/4565749,,2026-05-13
https://itch.io/jam/solo-dev-jam-11/rate/4565473,,2026-05-13
https://itch.io/jam/solo-dev-jam-11/rate/4565566,,2026-05-13
https://itch.io/jam/solo-dev-jam-11/rate/4565750,,2026-05-13
https://itch.io/jam/solo-dev-jam-11/rate/4565753,,2026-05-13
https://itch.io/jam/solo-dev-jam-11/rate/4565724,,2026-05-13
https://itch.io/jam/solo-dev-jam-11/rate/4565715,,2026-05-13
https://itch.io/jam/solo-dev-jam-11/rate/4565719,,2026-05-13
https://itch.io/jam/solo-dev-jam-11/rate/4565725,,2026-05-13
https://itch.io/jam/solo-dev-jam-11/rate/4565086,,2026-05-13
https://itch.io/jam/solo-dev-jam-11/rate/4565739,,2026-05-13
https://itch.io/jam/solo-dev-jam-11/rate/4565763,,2026-05-13
https://itch.io/jam/solo-dev-jam-11/rate/4565663,,2026-05-13
https://itch.io/jam/solo-dev-jam-11/rate/4565745,,2026-05-13
https://itch.io/jam/solo-dev-jam-11/rate/4555706,,2026-05-13
https://itch.io/jam/solo-dev-jam-11/rate/4288271,,2026-05-13
https://itch.io/jam/gdcuo-spring-2026-jam/rate/4565352,,2026-05-13
https://itch.io/jam/oink-jam-2/rate/4560257,,2026-05-13
https://itch.io/jam/portfolio-builders-jam-week-72/rate/4565771,,2026-05-13
https://itch.io/jam/indiepocalypse-issue-79-paying-anthology/rate/3357160,,2026-05-13
https://itch.io/jam/panafrican2026/rate/4534675,,2026-05-13
https://itch.io/jam/panafrican2026/rate/4559158,,2026-05-13
https://itch.io/jam/panafrican2026/rate/4565669,,2026-05-13
https://itch.io/jam/cave-jam/rate/4565883,,2026-05-13
https://itch.io/jam/interactive-fiction-showcase-2026/rate/4489144,,2026-05-13
https://itch.io/jam/the-cursed-3d-youtube-challenge-jam/rate/4482320,,2026-05-13
https://itch.io/jam/panafrican2026/rate/4515178,,2026-05-13
https://itch.io/jam/gdcuo-spring-2026-jam/rate/4566063,,2026-05-13
https://itch.io/jam/mini-jam-210-astral/rate/4565915,,2026-05-13
https://itch.io/jam/crocojam-19/rate/4566087,,2026-05-13
https://itch.io/jam/portfolio-builders-jam-week-72/rate/4492755,,2026-05-13
https://itch.io/jam/gdcuo-spring-2026-jam/rate/4566153,,2026-05-13
https://itch.io/jam/psyche-game-jam-2026/rate/4558736,,2026-05-13
https://itch.io/jam/panafrican2026/rate/4566011,,2026-05-13
https://itch.io/jam/panafrican2026/rate/4559422,,2026-05-13
https://itch.io/jam/panafrican2026/rate/4566196,,2026-05-13
https://itch.io/jam/deep-sims-and-tycoons/rate/4406614,,2026-05-13
https://itch.io/jam/panafrican2026/rate/4565297,,2026-05-13
https://itch.io/jam/panafrican2026/rate/4566260,,2026-05-13
https://itch.io/jam/panafrican2026/rate/4566333,,2026-05-13
https://itch.io/jam/panafrican2026/rate/4566320,,2026-05-13
https://itch.io/jam/hybrid-decker-zine-jam/rate/4565834,,2026-05-13
https://itch.io/jam/tojam-2026/rate/4564193,,2026-05-13
https://itch.io/jam/panafrican2026/rate/4559790,,2026-05-13
https://itch.io/jam/crocojam-19/rate/4566468,,2026-05-13
https://itch.io/jam/rpg-mania-xiv/rate/4566418,,2026-05-13
https://itch.io/jam/really-bad-if-3/rate/4543586,,2026-05-13
https://itch.io/jam/you-cannot-play-this-ttrpg-jam/rate/4562775,,2026-05-13
https://itch.io/jam/tojam-2026/rate/4566620,,2026-05-13
https://itch.io/jam/1gameaweek/rate/4566585,,2026-05-13
https://itch.io/jam/gameoff-e26/rate/4566537,,2026-05-13
https://itch.io/jam/uow-game-design-end-of-trimester-jam-2026/rate/4566686,,2026-05-13
https://itch.io/jam/uow-game-design-end-of-trimester-jam-2026/rate/4566679,,2026-05-13
https://itch.io/jam/uow-game-design-end-of-trimester-jam-2026/rate/4566697,,2026-05-13
https://itch.io/jam/uow-game-design-end-of-trimester-jam-2026/rate/4566722,,2026-05-13
https://itch.io/jam/rhythm-jam-3-all-for-one/rate/4562935,,2026-05-13
https://itch.io/jam/indiepocalypse-issue-79-paying-anthology/rate/2309432,,2026-05-13
https://itch.io/jam/indiepocalypse-issue-79-paying-anthology/rate/3441242,,2026-05-13
https://itch.io/jam/out-of-boredom-raldi-game-jam-2-omg/rate/4566712,,2026-05-13
https://itch.io/jam/gamelike-jam-009/rate/4566541,,2026-05-13
https://itch.io/jam/uow-game-design-end-of-trimester-jam-2026/rate/4566721,,2026-05-13
https://itch.io/jam/uow-game-design-end-of-trimester-jam-2026/rate/4550062,,2026-05-13
https://itch.io/jam/gameoff-e26/rate/4566660,,2026-05-13
https://itch.io/jam/gameoff-e26/rate/4566817,,2026-05-13
https://itch.io/jam/gameoff-e26/rate/4566327,,2026-05-13
https://itch.io/jam/panafrican2026/rate/4566813,,2026-05-13
https://itch.io/jam/gameoff-e26/rate/4563559,,2026-05-13
https://itch.io/jam/gameoff-e26/rate/4556816,,2026-05-13
https://itch.io/jam/gameoff-e26/rate/4566841,,2026-05-13
https://itch.io/jam/gameoff-e26/rate/4566136,,2026-05-13
https://itch.io/jam/decker-app-jam/rate/4566650,,2026-05-13
https://itch.io/jam/uow-game-design-end-of-trimester-jam-2026/rate/4566953,,2026-05-13
https://itch.io/jam/apj2026/rate/3559518,,2026-05-13
https://itch.io/jam/trijam-371/rate/4564158,,2026-05-13
https://itch.io/jam/rhythm-jam-3-all-for-one/rate/4558491,,2026-05-13
https://itch.io/jam/solo-dev-jam-11/rate/4565940,,2026-05-13
https://itch.io/jam/crocojam-19/rate/4566948,,2026-05-13
https://itch.io/jam/ld-jam-12/rate/4567040,,2026-05-13
https://itch.io/jam/hybrid-decker-zine-jam/rate/4567060,,2026-05-13
https://itch.io/jam/panafrican2026/rate/4567052,,2026-05-13
https://itch.io/jam/apj2026/rate/4558491,,2026-05-13
https://itch.io/jam/nda-26/rate/4558491,,2026-05-13
https://itch.io/jam/2026-summer-best/rate/4452810,,2026-05-13
https://itch.io/jam/playtest-feedback-exchange-jam-4/rate/4452810,,2026-05-13
https://itch.io/jam/crocojam-19/rate/4567205,,2026-05-13
https://itch.io/jam/coolmath-game-jam-2026/rate/4095327,,2026-05-13
https://itch.io/jam/decadejam/rate/4489667,,2026-05-13
https://itch.io/jam/decadejam/rate/3933438,,2026-05-13
https://itch.io/jam/jame-gam-58/rate/4408721,,2026-05-13
https://itch.io/jam/panafrican2026/rate/4567180,,2026-05-13
https://itch.io/jam/you-cannot-play-this-ttrpg-jam/rate/4567431,,2026-05-13
https://itch.io/jam/52-five-of-spades/rate/4567472,,2026-05-13
https://itch.io/jam/indiepocalypse-issue-79-paying-anthology/rate/3397820,,2026-05-13
https://itch.io/jam/fuck-capitalism-jam-2026/rate/4567416,,2026-05-13
https://itch.io/jam/indie-park-game-jam-5/rate/4548628,,2026-05-13
https://itch.io/jam/smilejam/rate/4567580,,2026-05-13
https://itch.io/jam/jamgalljam/rate/4567556,,2026-05-13
https://itch.io/jam/indiepocalypse-issue-79-paying-anthology/rate/4423321,,2026-05-13
https://itch.io/jam/coco-code-gamejam-1/rate/3307711,,2026-05-13
https://itch.io/jam/lambert-hacks-v2,,2026-05-13
https://itch.io/jam/andel-game-jam,,2026-05-13
https://itch.io/jam/testingjamseccia,,2026-05-13
https://itch.io/jam/we-be-jammin-10,,2026-05-13
https://itch.io/jam/opus,,2026-05-13
https://itch.io/jam/epicr-jam-1,,2026-05-13
https://itch.io/jam/school-games-like-baldi,,2026-05-13
https://itch.io/jam/trans-mlm-jam-2026,,2026-05-13
https://itch.io/jam/core-gamejam,,2026-05-13
https://itch.io/jam/fruitjams,,2026-05-13
https://itch.io/jam/game-coding-2-wikipedia-game,,2026-05-13
https://itch.io/jam/t47-trilha-02-seg-e-qua-1900,,2026-05-13
https://itch.io/jam/geekfest-game-jam-2026,,2026-05-13
https://itch.io/jam/uow-game-design-end-of-trimester-jam-2026,,2026-05-13
https://itch.io/jam/tobs-20k-giveaway,,2026-05-13
https://itch.io/jam/make-a-plataformer-on-a-random-animal,,2026-05-13
https://itch.io/jam/code-create-carnival-2026,,2026-05-13
https://itch.io/jam/jumjam-4,,2026-05-13
https://itch.io/jam/iespacomolla26,,2026-05-13
https://itch.io/jam/game-jam-vianu-2026,,2026-05-13
https://itch.io/jam/the-directors-cut-bundle-1,,2026-05-13
https://itch.io/jam/ct4gamdev-final-2025,,2026-05-13
https://bhildebrand.itch.io,,2026-05-13
https://mglanzer.itch.io,,2026-05-13
https://tezuku.itch.io,,2026-05-13
https://ludwig-squirrel.itch.io,,2026-05-13
https://kandy-soda.itch.io,,2026-05-13
https://3denemy.itch.io,,2026-05-13
https://crimsoncourt.itch.io,,2026-05-13
https://sun-d4y.itch.io,,2026-05-13
https://sanjay-sneha.itch.io,,2026-05-13
https://connart.itch.io,,2026-05-13
https://fllnt.itch.io,,2026-05-13
https://vitocob.itch.io,,2026-05-13
https://rat-heaven.itch.io,,2026-05-13
https://chupacapaz.itch.io,,2026-05-13
https://jesusitsgame.itch.io,,2026-05-13
https://s3lfportr4it.itch.io,,2026-05-13
https://hazmxoo.itch.io,,2026-05-13
https://nmora.itch.io,,2026-05-13
https://yairweizman.itch.io,,2026-05-13
https://rebukr.itch.io,,2026-05-13
https://silver-d-tiger.itch.io,,2026-05-13
https://marshee-melo.itch.io,,2026-05-13
https://53r070n1n.itch.io,,2026-05-13
https://wendywww.itch.io,,2026-05-13
https://josipbrozteto.itch.io,,2026-05-13
https://calcifirestudios.itch.io,,2026-05-13
https://xallabs.itch.io,,2026-05-13
https://ewanreis.itch.io,,2026-05-13
https://tisgoodsgames.itch.io,,2026-05-13
https://silsenh.itch.io,,2026-05-13
https://mariopc.itch.io,,2026-05-13
https://seidula.itch.io,,2026-05-13
https://greendude-vr.itch.io,,2026-05-13
https://chronicheadache.itch.io,,2026-05-13
https://esce.itch.io,,2026-05-13
https://alemari27.itch.io,,2026-05-13
https://sillyshadecrow.itch.io,,2026-05-13
https://lexahimself.itch.io,,2026-05-13
https://katebot.itch.io,,2026-05-13
https://mochamei.itch.io,,2026-05-13
https://dogofthebag.itch.io,,2026-05-13
https://sethpinto.itch.io,,2026-05-13
https://renddev.itch.io,,2026-05-13
https://thedarkerproductions2024.itch.io,,2026-05-13
https://fracomac.itch.io,,2026-05-13
https://grannytubsgames.itch.io,,2026-05-13
https://m-mmm.itch.io,,2026-05-13
https://ajstrickland.itch.io,,2026-05-13
https://montrish.itch.io,,2026-05-13
https://alianski.itch.io,,2026-05-13
https://stuffedflatbreadstudio.itch.io,,2026-05-13
https://kukukaeruvt.itch.io,,2026-05-13
https://bondokexe.itch.io,,2026-05-13
https://whoservelt.itch.io,,2026-05-13
https://spookylou.itch.io,,2026-05-13
https://lazytaidum.itch.io,,2026-05-13
https://fonray.itch.io,,2026-05-13
https://theblu3worker.itch.io,,2026-05-13
https://yhoqw.itch.io,,2026-05-13
https://magicberry.itch.io,,2026-05-13
https://idontknowvroo.itch.io,,2026-05-13
https://hengamer-dev.itch.io,,2026-05-13
https://42akira.itch.io,,2026-05-13
https://zsgx.itch.io,,2026-05-13
https://gbubr-company.itch.io,,2026-05-13
https://ysudo487.itch.io,,2026-05-13
https://watching-you-games.itch.io,,2026-05-13
https://manjon.itch.io,,2026-05-13
https://yeswill.itch.io,,2026-05-13
https://kirne.itch.io,,2026-05-13
https://243-davidc.itch.io,,2026-05-13
https://dannsync.itch.io,,2026-05-13
https://chriscoo.itch.io,,2026-05-13
https://tuskks.itch.io,,2026-05-13
https://glass-ed.itch.io,,2026-05-13
https://giostarman.itch.io,,2026-05-13
https://froogleandy.itch.io,,2026-05-13
https://laviisitch.itch.io,,2026-05-13
https://hache-au-lait.itch.io,,2026-05-13
https://mayeen.itch.io,,2026-05-13
https://igor-matlashov.itch.io,,2026-05-13
https://nvmb-skvll.itch.io,,2026-05-13
https://the-bro-gems.itch.io,,2026-05-13
https://moranovo.itch.io,,2026-05-13
https://sempers.itch.io,,2026-05-13
https://alvicald.itch.io,,2026-05-13
https://seraphtc101.itch.io,,2026-05-13
https://iiwolfplayer.itch.io,,2026-05-13
https://dounggg.itch.io,,2026-05-13
https://k1rschw4sser.itch.io,,2026-05-13
https://ghouste.itch.io,,2026-05-13
https://tect0nic.itch.io,,2026-05-13
https://ggwinns.itch.io,,2026-05-13
https://bbbylab.itch.io,,2026-05-13
https://kris-rice.itch.io,,2026-05-13
https://saphira-bright.itch.io,,2026-05-13
https://eternal272.itch.io,,2026-05-13
https://solacite.itch.io,,2026-05-13
https://softrotted.itch.io,,2026-05-13
https://xxjvsb.itch.io,,2026-05-13
https://tinatheamazing.itch.io,,2026-05-13
https://lovertstudio.itch.io,,2026-05-13
https://snowiyy.itch.io,,2026-05-13
https://silly-ppg.itch.io,,2026-05-13
https://traincontain.itch.io,,2026-05-13
https://csuohio.itch.io,,2026-05-13
https://tuulikitbh.itch.io,,2026-05-13
https://batheyourbeans.itch.io,,2026-05-13
https://dreamhorse.itch.io,,2026-05-13
https://slick9000.itch.io,,2026-05-13
https://shadowveilstudios.itch.io,,2026-05-13
https://quietstranger.itch.io,,2026-05-13
https://lumadotini.itch.io,,2026-05-13
https://ale303.itch.io,,2026-05-13
https://lustbite.itch.io,,2026-05-13
https://bogdan22harek.itch.io,,2026-05-13
https://magnizoom-yt.itch.io,,2026-05-13
https://andersonssauro.itch.io,,2026-05-13
https://hollin-errante.itch.io,,2026-05-13
https://soggerscat.itch.io,,2026-05-13
https://echoecho33.itch.io,,2026-05-13
https://hugo-coelho-gomes.itch.io,,2026-05-13
https://niceshot-ai.itch.io,,2026-05-13
https://quisthehuman.itch.io,,2026-05-13
https://kiwigames12.itch.io,,2026-05-13
https://tinsel08.itch.io,,2026-05-13
https://carlitauwu.itch.io,,2026-05-13
https://reclusiveinteractive18.itch.io,,2026-05-13
https://jesusw0w.itch.io,,2026-05-13
https://liontoothstudios.itch.io,,2026-05-13
https://natali-n.itch.io,,2026-05-13
https://guillemfernandezbenet.itch.io,,2026-05-13
https://mobbfe.itch.io,,2026-05-13
https://bloxygames1.itch.io,,2026-05-13
https://soulprismstudios.itch.io,,2026-05-13
https://vexnator.itch.io,,2026-05-13
https://facundo-avellaneda.itch.io,,2026-05-13
https://hanfeng12.itch.io,,2026-05-13
https://multigenredev.itch.io,,2026-05-13
https://korusadev.itch.io,,2026-05-13
https://mrgronk.itch.io,,2026-05-13
https://mgwd-kalodrys-studio.itch.io,,2026-05-13
https://cd-360.itch.io,,2026-05-13
https://nocternalized.itch.io,,2026-05-13
https://kabu-studio.itch.io,,2026-05-13
https://dominique-van-winssen.itch.io,,2026-05-13
https://imzyler.itch.io,,2026-05-13
https://ruaraidhr.itch.io,,2026-05-13
https://archiusdev.itch.io,,2026-05-13
https://garchyfox.itch.io,,2026-05-13
https://moon-creations.itch.io,,2026-05-13
https://oranggo.itch.io,,2026-05-13
https://ajaay001games.itch.io,,2026-05-13
https://rs-000.itch.io,,2026-05-13
https://tgm-the-bwd-fan.itch.io,,2026-05-13
https://illumicah.itch.io,,2026-05-13
https://realdoombringer.itch.io,,2026-05-13
https://madxen77.itch.io,,2026-05-13
https://haidyonish.itch.io,,2026-05-13
https://tomdachess.itch.io,,2026-05-13
https://wiszen.itch.io,,2026-05-13
https://eduardo-zxc.itch.io,,2026-05-13
https://meniclizard.itch.io,,2026-05-13
https://la-shamanagrande.itch.io,,2026-05-13
https://papersorcerer.itch.io,,2026-05-13
https://corndog603.itch.io,,2026-05-13
https://ashcash124.itch.io,,2026-05-13
https://joerdyn.itch.io,,2026-05-13
https://a-balarameswara-pasladi.itch.io,,2026-05-13
https://rifadkm10gmailcom.itch.io,,2026-05-13
https://pixlect-studios.itch.io,,2026-05-13
https://yujian-lou.itch.io,,2026-05-13
https://tango-and-crocky-games.itch.io,,2026-05-13
https://moldsporr.itch.io,,2026-05-13
https://edevbr0.itch.io,,2026-05-13
https://mcrstr.itch.io,,2026-05-13
https://superstarri.itch.io,,2026-05-13
https://loptimus.itch.io,,2026-05-13
https://lukepasikagmailcom.itch.io,,2026-05-13
https://lilbitt.itch.io,,2026-05-13
https://theepiclyguy.itch.io,,2026-05-13
https://akatan123.itch.io,,2026-05-13
https://ghallad.itch.io,,2026-05-13
https://projects-cj.itch.io,,2026-05-13
https://sumi03c.itch.io,,2026-05-13
https://dylangamer6542.itch.io,,2026-05-13
https://caramelosorico.itch.io,,2026-05-13
https://tetraflox.itch.io,,2026-05-13
https://wijaki.itch.io,,2026-05-13
https://dope-librarain.itch.io,,2026-05-13
https://iipheo.itch.io,,2026-05-13
https://voidspiral-games.itch.io,,2026-05-13
https://z4l3x.itch.io,,2026-05-13
https://xukediebian.itch.io,,2026-05-13
https://thejohnnieszine.itch.io,,2026-05-13
https://nolti.itch.io,,2026-05-13
https://lastrungames.itch.io,,2026-05-13
https://adrenalinexd.itch.io,,2026-05-13
https://enocdev0.itch.io,,2026-05-13
https://ttkomba-studio.itch.io,,2026-05-13
https://bongmoncat2000.itch.io,,2026-05-13
https://j-kubaczka.itch.io,,2026-05-13
https://elton77.itch.io,,2026-05-13
https://tarseer.itch.io,,2026-05-13
https://crimsonpixelstudios.itch.io,,2026-05-13
https://ingatkodingstudio.itch.io,,2026-05-13
https://jmeyer17.itch.io,,2026-05-13
https://kingsrook.itch.io,,2026-05-13
https://tariklebbadi.itch.io,,2026-05-13
https://moonlitpxl.itch.io,,2026-05-13
https://magnusthepurple.itch.io,,2026-05-13
https://sabretooth1100.itch.io,,2026-05-13
https://oxythejanitor.itch.io,,2026-05-13
https://meoware-games.itch.io,,2026-05-13
https://sign0studio.itch.io,,2026-05-13
https://dillsucksatgaming.itch.io,,2026-05-13
https://jtnatac.itch.io,,2026-05-13
https://forestthingsp.itch.io,,2026-05-13
https://tictonio.itch.io,,2026-05-13
https://sssspp21.itch.io,,2026-05-13
https://infinn.itch.io,,2026-05-13
https://kari2244.itch.io,,2026-05-13
https://synapse-dev.itch.io,,2026-05-13
https://drivenligret.itch.io,,2026-05-13
https://gho0sttx.itch.io,,2026-05-13
https://gemmagrant941.itch.io,,2026-05-13
https://puzzle33.itch.io,,2026-05-13
https://interstellar-trail-devs.itch.io,,2026-05-13
https://nagai250.itch.io,,2026-05-13
https://mob-universe.itch.io,,2026-05-13
https://isaidnothinglol.itch.io,,2026-05-13
https://shyguyhatestoad.itch.io,,2026-05-13
https://tw021dev.itch.io,,2026-05-13
https://emmacreate.itch.io,,2026-05-13
https://miriam15.itch.io,,2026-05-13
https://axelnouy.itch.io,,2026-05-13
https://cloure114514.itch.io,,2026-05-13
https://lasseterhorror.itch.io,,2026-05-13
https://offstudios.itch.io,,2026-05-13
https://richardbastidas.itch.io,,2026-05-13
https://thegentleseal.itch.io,,2026-05-13
https://donny2.itch.io,,2026-05-13
https://makiana.itch.io,,2026-05-13
https://orang375.itch.io,,2026-05-13
https://amrsherifj777.itch.io,,2026-05-13
https://studioakura.itch.io,,2026-05-13
https://ocasoeterno.itch.io,,2026-05-13
https://runbun-studios.itch.io,,2026-05-13
https://persikvin.itch.io,,2026-05-13
https://demon171717.itch.io,,2026-05-13
https://lustlix.itch.io,,2026-05-13
https://haybea16.itch.io,,2026-05-13
https://charnabon.itch.io,,2026-05-13
https://loaded-diaper.itch.io,,2026-05-13
https://leylaaah7.itch.io,,2026-05-13
https://dbrun.itch.io,,2026-05-13
https://okamennme.itch.io,,2026-05-13
https://bobiaan.itch.io,,2026-05-13
https://yuls-dm.itch.io,,2026-05-13
https://pitchbox-studios.itch.io,,2026-05-13
https://fyx-sk.itch.io,,2026-05-13
https://gnahkgnurt.itch.io,,2026-05-13
https://monoiistudio.itch.io,,2026-05-13
https://snapsworth-studios.itch.io,,2026-05-13
https://memaybeu.itch.io,,2026-05-13
https://bad2d.itch.io,,2026-05-13
https://shakur-johnson.itch.io,,2026-05-13
https://ignatius22.itch.io,,2026-05-13
https://williamtoons.itch.io,,2026-05-13
https://alekgabit3000.itch.io,,2026-05-13
https://greentron.itch.io,,2026-05-13
https://eamon7777.itch.io,,2026-05-13
https://viva-gyorui23.itch.io,,2026-05-13
https://jcislo111.itch.io,,2026-05-13
https://nokahm.itch.io,,2026-05-13
https://amixwon.itch.io,,2026-05-13
https://alnazarsigma.itch.io,,2026-05-13
https://galtempest.itch.io,,2026-05-13
https://mysterious-prototype-rpgs.itch.io,,2026-05-13
https://asdfnil45.itch.io,,2026-05-13
https://viperin96.itch.io,,2026-05-13
https://emocute.itch.io,,2026-05-13
https://veibezmongolia.itch.io,,2026-05-13
https://djeffir.itch.io,,2026-05-13
https://bl4xe.itch.io,,2026-05-13
https://qualia-lab.itch.io,,2026-05-13
https://felipejoaquin.itch.io,,2026-05-13
https://2solid.itch.io,,2026-05-13
https://chillzygames.itch.io,,2026-05-13
https://gametoolz.itch.io,,2026-05-13
https://sles4r.itch.io,,2026-05-13
https://torander2.itch.io,,2026-05-13
https://ik33ln0085.itch.io,,2026-05-13
https://ebertgames.itch.io,,2026-05-13
https://galopiepoli.itch.io,,2026-05-13
https://milkcrategames.itch.io,,2026-05-13
https://fungamescorp.itch.io,,2026-05-13
https://monaart666.itch.io,,2026-05-13
https://milkoce.itch.io,,2026-05-13
https://catsy1996.itch.io,,2026-05-13
https://the-ugly-goblin.itch.io,,2026-05-13
https://stephtit.itch.io,,2026-05-13
https://gaith-exe.itch.io,,2026-05-13
https://mars0234.itch.io,,2026-05-13
https://numismatist-17.itch.io,,2026-05-13
https://thiego-decdk.itch.io,,2026-05-13
https://ebk2026.itch.io,,2026-05-13
https://fabrys.itch.io,,2026-05-13
https://madmike373.itch.io,,2026-05-13
https://snowflakeman.itch.io,,2026-05-13
https://bellainthegame.itch.io,,2026-05-13
https://skokoo.itch.io,,2026-05-13
https://liliths-sanctuary.itch.io,,2026-05-13
https://lucy-wang.itch.io,,2026-05-13
https://xacaleboo.itch.io,,2026-05-13
https://fraax.itch.io,,2026-05-13
https://secondslip.itch.io,,2026-05-13
https://miled221.itch.io,,2026-05-13
https://trxctf.itch.io,,2026-05-13
https://prc-tgp.itch.io,,2026-05-13
https://regiment6.itch.io,,2026-05-13
https://amoraogle.itch.io,,2026-05-13
https://rolling-barrel.itch.io,,2026-05-13
https://kiryart.itch.io,,2026-05-13
https://cross-bearer.itch.io,,2026-05-13
https://yuri123-bot.itch.io,,2026-05-13
https://akirakaminagaofficial.itch.io,,2026-05-13
https://touchme228.itch.io,,2026-05-13
https://bluearchiax.itch.io,,2026-05-13
https://emci1.itch.io,,2026-05-13
https://trev0.itch.io,,2026-05-13
https://theonetruefisch.itch.io,,2026-05-13
https://taza-celestes-miscellany.itch.io,,2026-05-13
https://mevwin.itch.io,,2026-05-13
https://rekluzlabs.itch.io,,2026-05-13
https://astrellical.itch.io,,2026-05-13
https://ntpn294.itch.io,,2026-05-13
https://blazeycrazey.itch.io,,2026-05-13
https://team-corn.itch.io,,2026-05-13
https://hobo-tracks.itch.io,,2026-05-13
https://ligdasclickerdev.itch.io,,2026-05-13
https://rovaro-crew.itch.io,,2026-05-13
https://surya04.itch.io,,2026-05-13
https://albanor-zabeli.itch.io,,2026-05-13
https://cyberforgeassets.itch.io,,2026-05-13
https://bu4rst.itch.io,,2026-05-13
https://rahanken.itch.io,,2026-05-13
https://zhishulo.itch.io,,2026-05-13
https://snaxolotl-inc.itch.io,,2026-05-13
https://l423l.itch.io,,2026-05-13
https://sunnybtw.itch.io,,2026-05-13
https://studiosarahdigital.itch.io,,2026-05-13
https://escapethekeep.itch.io,,2026-05-13
https://coderharshiv.itch.io,,2026-05-13
https://sons-of-the-carpeter.itch.io,,2026-05-13
https://tytto-ap.itch.io,,2026-05-13
https://kamaliia.itch.io,,2026-05-13
https://devubi.itch.io,,2026-05-13
https://wxrlp.itch.io,,2026-05-13
https://mxteoo7.itch.io,,2026-05-13
https://sfgarden.itch.io,,2026-05-13
https://killerrampage.itch.io,,2026-05-13
https://isden777.itch.io,,2026-05-13
https://streghe.itch.io,,2026-05-13
https://labiryntfestiwal.itch.io,,2026-05-13
https://leejuhun.itch.io,,2026-05-13
https://scarsrpg.itch.io,,2026-05-13
https://cybervoid-dev.itch.io,,2026-05-13
https://sakura-work.itch.io,,2026-05-13
https://cybik333.itch.io,,2026-05-13
https://craiccove-games.itch.io,,2026-05-13
https://alexshilinyin.itch.io,,2026-05-13
https://beeg-sheep-games.itch.io,,2026-05-13
https://gigabyte-studio.itch.io,,2026-05-13
https://aitai-domain.itch.io,,2026-05-13
https://rcosta01.itch.io,,2026-05-13
https://mesoneir.itch.io,,2026-05-13
https://drain-12.itch.io,,2026-05-13
https://timkaa-a.itch.io,,2026-05-13
https://applepigtnt.itch.io,,2026-05-13
https://portillo-studio.itch.io,,2026-05-13
https://iris-yan.itch.io,,2026-05-13
https://reclaimingmandalore.itch.io,,2026-05-13
https://thekirbypc.itch.io,,2026-05-13
https://nagisahere.itch.io,,2026-05-13
https://legej717.itch.io,,2026-05-13
https://pixalaty20.itch.io,,2026-05-13
https://mary-the-strange-person.itch.io,,2026-05-13
https://bibliodok.itch.io,,2026-05-13
https://spellfieldstudios.itch.io,,2026-05-13
https://lovebruv.itch.io,,2026-05-13
https://deman-nersa.itch.io,,2026-05-13
https://voidmangames.itch.io,,2026-05-13
https://hetv.itch.io,,2026-05-13
https://stillsoda.itch.io,,2026-05-13
https://badendinglab.itch.io,,2026-05-13
https://jaimer118.itch.io,,2026-05-13
https://jhonyjhou.itch.io,,2026-05-13
https://redacted-bo.itch.io,,2026-05-13
https://beggmew.itch.io,,2026-05-13
https://mekaipearsoncouk.itch.io,,2026-05-13
https://pakize.itch.io,,2026-05-13
https://kodasatoruks.itch.io,,2026-05-13
https://chenjianxu.itch.io,,2026-05-13
https://delobox69.itch.io,,2026-05-13
https://psxhrr.itch.io,,2026-05-13
https://shinku-yurei.itch.io,,2026-05-13
https://joaofelipe64.itch.io,,2026-05-13
https://birchdesign.itch.io,,2026-05-13
https://libreage.itch.io,,2026-05-13
https://goldieentertainofficial.itch.io,,2026-05-13
https://nekolab-entertainment.itch.io,,2026-05-13
https://rcarre.itch.io,,2026-05-13
https://hard-hat-games.itch.io,,2026-05-13
https://gig-bueno.itch.io,,2026-05-13
https://anthonyfranco94.itch.io,,2026-05-13
https://gameslop-dev.itch.io,,2026-05-13
https://vambre.itch.io,,2026-05-13
https://baaelithgames.itch.io,,2026-05-13
https://madrigal-ascension.itch.io,,2026-05-13
https://islaritchie0.itch.io,,2026-05-13
https://tq575.itch.io,,2026-05-13
https://milxxed.itch.io,,2026-05-13
https://trian3-studio.itch.io,,2026-05-13
https://vankei.itch.io,,2026-05-13
https://cesarstrandberg.itch.io,,2026-05-13
https://aaronically.itch.io,,2026-05-13
https://jack0o112.itch.io,,2026-05-13
https://qchan19721122.itch.io,,2026-05-13
https://coolgamesforitch.itch.io,,2026-05-13
https://plezy-ouo.itch.io,,2026-05-13
https://panzoradxn.itch.io,,2026-05-13
https://akelton2.itch.io,,2026-05-13
https://lunevell.itch.io,,2026-05-13
https://meddev3.itch.io,,2026-05-13
https://goldmembrane.itch.io,,2026-05-13
https://unwholly.itch.io,,2026-05-13
https://lizzypotqtoe.itch.io,,2026-05-13
https://conspiracy-vii.itch.io,,2026-05-13
https://wenyigame-gotch.itch.io,,2026-05-13
https://spidermonkey2112.itch.io,,2026-05-13
https://tamingka.itch.io,,2026-05-13
https://gokuvr1.itch.io,,2026-05-13
https://creogames.itch.io,,2026-05-13
https://kumastudio.itch.io,,2026-05-13
https://yptime.itch.io,,2026-05-13
https://yeoldsport.itch.io,,2026-05-13
https://ktjr2026.itch.io,,2026-05-13
https://sophiiiiii.itch.io,,2026-05-13
https://bettyinblue.itch.io,,2026-05-13
https://yuxinsun.itch.io,,2026-05-13
https://blazeinit.itch.io,,2026-05-13
https://blackcakesystem.itch.io,,2026-05-13
https://volflame.itch.io,,2026-05-13
https://theplaymakers3.itch.io,,2026-05-13
https://zhedeer.itch.io,,2026-05-13
https://jamesh2005.itch.io,,2026-05-13
https://frostbytes1.itch.io,,2026-05-13
https://yanoqaxobu230.itch.io,,2026-05-13
https://jdtrotter.itch.io,,2026-05-13
https://astrofun.itch.io,,2026-05-13
https://f3mnz8.itch.io,,2026-05-13
https://ssauntss.itch.io,,2026-05-13
https://windhz-987.itch.io,,2026-05-13
https://roan-studio.itch.io,,2026-05-13
https://arckoller.itch.io,,2026-05-13
https://tommylim.itch.io,,2026-05-13
https://meledeam.itch.io,,2026-05-13
https://ashii-11.itch.io,,2026-05-13
https://lostindevelopment.itch.io,,2026-05-13
https://kapithebilboard2.itch.io,,2026-05-13
https://basigg.itch.io,,2026-05-13
https://vorpalcat.itch.io,,2026-05-13
https://j246475.itch.io,,2026-05-13
https://vending-machine-games.itch.io,,2026-05-13
https://meinaru.itch.io,,2026-05-13
https://midnightlordofdeath.itch.io,,2026-05-13
https://jodao.itch.io,,2026-05-13
https://edgymilk7.itch.io,,2026-05-13
https://lotusinthefield.itch.io,,2026-05-13
https://rorimakkusu.itch.io,,2026-05-13
https://asqa974.itch.io,,2026-05-13
https://water-works.itch.io,,2026-05-13
https://jakublo.itch.io,,2026-05-13
https://mafsal-design.itch.io,,2026-05-13
https://arjun-gopinath.itch.io,,2026-05-13
https://starstr3m.itch.io,,2026-05-13
https://baablis-factory.itch.io,,2026-05-13
https://ellie226.itch.io,,2026-05-13
https://harriet02.itch.io,,2026-05-13
https://up-n-at-it-games.itch.io,,2026-05-13
https://targas.itch.io,,2026-05-13
https://devbeeloper.itch.io,,2026-05-13
https://runbolt.itch.io,,2026-05-13
https://leslava.itch.io,,2026-05-13
https://snowiscool1126.itch.io,,2026-05-13
https://adaxi.itch.io,,2026-05-13
https://humanbydefinition.itch.io,,2026-05-13
https://kurdgela.itch.io,,2026-05-13
https://david-upton.itch.io,,2026-05-13
https://prisma-dev.itch.io,,2026-05-13
https://xossxkratos.itch.io,,2026-05-13
https://brunensse.itch.io,,2026-05-13
https://mystimorphix.itch.io,,2026-05-13
https://rananculus.itch.io,,2026-05-13
https://minaderm.itch.io,,2026-05-13
https://pulsarsoft.itch.io,,2026-05-13
https://juananvase.itch.io,,2026-05-13
https://ruinous-dev.itch.io,,2026-05-13
https://goopu-loopu.itch.io,,2026-05-13
https://vexformerlycloud.itch.io,,2026-05-13
https://ogustav64o.itch.io,,2026-05-13
https://kaptkarl.itch.io,,2026-05-13
https://willfenrir.itch.io,,2026-05-13
https://cozycamp.itch.io,,2026-05-13
https://jakissoon.itch.io,,2026-05-13
https://ksirius519.itch.io,,2026-05-13
https://lukerange.itch.io,,2026-05-13
https://ricatnite.itch.io,,2026-05-13
https://hsaii.itch.io,,2026-05-13
https://2yuki01.itch.io,,2026-05-13
https://e0xit.itch.io,,2026-05-13
https://popcornhorrors-games.itch.io,,2026-05-13
https://symbiotepancakes.itch.io,,2026-05-13
https://ithirul.itch.io,,2026-05-13
https://aquamarinebluegreen.itch.io,,2026-05-13
https://arslan777vip.itch.io,,2026-05-13
https://superseriousgaming.itch.io,,2026-05-13
https://calvarian.itch.io,,2026-05-13
https://mauro-igoa.itch.io,,2026-05-13
https://two11s.itch.io,,2026-05-13
https://abbradar.itch.io,,2026-05-13
