loc,lastmodified,added_date
https://apogee-lab.itch.io/specopsarrival/devlog/2193/future-updates,,2026-05-30
https://jonibonfemme.itch.io/birthday-simulator/devlog/23178/celebrating-200-plays,,2026-05-30
https://whoppagamer.itch.io/conquer2d/devlog/496282/conquer2d-v02,,2026-05-30
https://whoppagamer.itch.io/conquer2d/devlog/496458/v04,,2026-05-30
https://whoppagamer.itch.io/conquer2d/devlog/496769/v05,,2026-05-30
https://whoppagamer.itch.io/gladiatory/devlog/524570/gladiatory-v05-introduces-elite-units,,2026-05-30
https://randompeepnime.itch.io/gachaportingpage/devlog/542070/coolgachamods-pages,,2026-05-30
https://randompeepnime.itch.io/gachaportingpage/devlog/647255/mix-and-match-mod-and-custom-and-coffee-mod,,2026-05-30
https://randompeepnime.itch.io/gachaportingpage/devlog/647745/fixed-mix-and-match-custom-and-coffee,,2026-05-30
https://that-blind-artist.itch.io/so-you-want-a-rodent-a-guide-to-rodent-care/devlog/701558/3-21-24-mice,,2026-05-30
https://drevniyx96.itch.io/dead-king/devlog/720679/coming-soon,,2026-05-30
https://drevniyx96.itch.io/dead-king/devlog/721709/level-2-is-done,,2026-05-30
https://necessary-insanity.itch.io/deep-born/devlog/739163/deep-born-rewritten-edition,,2026-05-30
https://necessary-insanity.itch.io/deep-born/devlog/742399/deep-born-will-disappear-on-0605,,2026-05-30
https://necessary-insanity.itch.io/deep-born/devlog/744229/deep-born-rewoking-time,,2026-05-30
https://projectwill.itch.io/champion-of-realms/devlog/754141/cor-version-089,,2026-05-30
https://randompeepnime.itch.io/gachaportingpage/devlog/763445/im-back-againjust-recovered,,2026-05-30
https://saladrine-scripts.itch.io/comfort-in-the-abyss/devlog/768191/050-tutorial-and-icon-update,,2026-05-30
https://saladrine-scripts.itch.io/comfort-in-the-abyss/devlog/768745/comfort-in-the-abyss-060-hyperunbalanced-update,,2026-05-30
https://saladrine-scripts.itch.io/comfort-in-the-abyss/devlog/769566/no-update-today-reason-refactoring,,2026-05-30
https://saladrine-scripts.itch.io/comfort-in-the-abyss/devlog/769952/comfort-in-the-abyss-070-refactor-and-qol,,2026-05-30
https://saladrine-scripts.itch.io/comfort-in-the-abyss/devlog/770393/comfort-in-the-abyss-080-ui-update,,2026-05-30
https://saladrine-scripts.itch.io/comfort-in-the-abyss/devlog/770989/comfortintheabyss-090-shop-update,,2026-05-30
https://saladrine-scripts.itch.io/comfort-in-the-abyss/devlog/771408/comfort-in-the-abyss-0100-guidence-update,,2026-05-30
https://saladrine-scripts.itch.io/comfort-in-the-abyss/devlog/771881/comfort-in-the-abyss-0110-debug-update,,2026-05-30
https://saladrine-scripts.itch.io/comfort-in-the-abyss/devlog/772420/comfort-in-the-abyss-0120-combat,,2026-05-30
https://projectwill.itch.io/champion-of-realms/devlog/772695/cor-version-090,,2026-05-30
https://mothermultiverse.itch.io/trash-mob/devlog/772804/the-long-lost-acid-attack,,2026-05-30
https://randompeepnime.itch.io/gachaportingpage/devlog/777053/gacha-mods,,2026-05-30
https://necessary-insanity.itch.io/deep-born/devlog/780929/deep-born-where-are-we-pushed-back-to-september,,2026-05-30
https://projectwill.itch.io/champion-of-realms/devlog/785910/cor-version-091,,2026-05-30
https://projectwill.itch.io/champion-of-realms/devlog/796505/cor-version-092,,2026-05-30
https://necessary-insanity.itch.io/deep-born/devlog/809621/good-and-bad-news,,2026-05-30
https://projectwill.itch.io/champion-of-realms/devlog/816442/wet-towel-jin,,2026-05-30
https://projectwill.itch.io/champion-of-realms/devlog/819122/cow-kini,,2026-05-30
https://projectwill.itch.io/champion-of-realms/devlog/821837/cor-version-093,,2026-05-30
https://projectwill.itch.io/champion-of-realms/devlog/823801/093-re-upload,,2026-05-30
https://projectwill.itch.io/champion-of-realms/devlog/839439/cor-version-094,,2026-05-30
https://armor-games-inc.itch.io/robot-le/devlog/849257/what-to-expect-in-january,,2026-05-30
https://necessary-insanity.itch.io/mrs-erika/devlog/858910/no-updat-for-mrs-erika,,2026-05-30
https://armor-games-inc.itch.io/robot-le/devlog/865468/we-are-back-again,,2026-05-30
https://projectwill.itch.io/champion-of-realms/devlog/867630/cor-version-095,,2026-05-30
https://armor-games-inc.itch.io/robot-le/devlog/874701/new-animation-and-pose-updates,,2026-05-30
https://armor-games-inc.itch.io/robot-le/devlog/883248/we-are-not-mooning-you,,2026-05-30
https://armor-games-inc.itch.io/robot-le/devlog/885268/stay-tuned-for-awesome-treats,,2026-05-30
https://armor-games-inc.itch.io/robot-le/devlog/887079/i-wonder-if-i-have-fleas,,2026-05-30
https://armor-games-inc.itch.io/robot-le/devlog/888354/donation-card,,2026-05-30
https://armor-games-inc.itch.io/robot-le/devlog/890392/update-news,,2026-05-30
https://projectwill.itch.io/champion-of-realms/devlog/891896/cor-version-096,,2026-05-30
https://armor-games-inc.itch.io/robot-le/devlog/894760/let-us-see-what-we-need-to-do,,2026-05-30
https://iamaneggwhoeatseggs.itch.io/tower-up-v1/devlog/896202/update-1,,2026-05-30
https://iamaneggwhoeatseggs.itch.io/tower-up-v1/devlog/896351/update-2,,2026-05-30
https://iamaneggwhoeatseggs.itch.io/tower-up-v1/devlog/896768/update-3,,2026-05-30
https://iamaneggwhoeatseggs.itch.io/lines/devlog/900447/tents-skin-for-dots,,2026-05-30
https://projectwill.itch.io/champion-of-realms/devlog/906977/cor-097-early-access,,2026-05-30
https://projectwill.itch.io/champion-of-realms/devlog/912395/cor-version-097,,2026-05-30
https://jeudemots.itch.io/impulse-legacy/devlog/913374/015-update,,2026-05-30
https://necessary-insanity.itch.io/ffcl-r-hopley/devlog/913655/message-of-march-21-message-du-21-mars,,2026-05-30
https://jeudemots.itch.io/impulse-legacy/devlog/913908/017-update,,2026-05-30
https://projectwill.itch.io/champion-of-realms/devlog/917110/outfit-war-heramael,,2026-05-30
https://armor-games-inc.itch.io/robot-le/devlog/918845/where-did-we-go,,2026-05-30
https://armor-games-inc.itch.io/robot-le/devlog/926016/things-in-progress-but-super-slow,,2026-05-30
https://projectwill.itch.io/champion-of-realms/devlog/932941/cor-version-098,,2026-05-30
https://brahmavidya.itch.io/mouse-messiah/devlog/932991/demo-version-011-bug-fixes,,2026-05-30
https://necessary-insanity.itch.io/chronographia/devlog/935862/placentime-tutorial,,2026-05-30
https://necessary-insanity.itch.io/chronographia/devlog/936242/edit-i-cant-modify-the-game-here-is-the-cheat-code,,2026-05-30
https://armor-games-inc.itch.io/robot-le/devlog/936488/we-are-not-dead,,2026-05-30
https://brahmavidya.itch.io/mouse-messiah/devlog/936960/demo-version-012-more-bug-fixes,,2026-05-30
https://jeudemots.itch.io/impulse-legacy/devlog/937588/in-game-user-level-editor-030-update,,2026-05-30
https://brahmavidya.itch.io/mouse-messiah/devlog/938543/demo-version-013-fixing-big-issue,,2026-05-30
https://armor-games-inc.itch.io/robot-le/devlog/940620/new-scene,,2026-05-30
https://armor-games-inc.itch.io/robot-le/devlog/943228/please-support-me,,2026-05-30
https://armor-games-inc.itch.io/robot-le/devlog/944349/new-cut-scene,,2026-05-30
https://tooncartoons.itch.io/rmx/devlog/945563/ali588x-rxone,,2026-05-30
https://armor-games-inc.itch.io/robot-le/devlog/946527/thank-you-for-your-support,,2026-05-30
https://jeudemots.itch.io/impulse-legacy/devlog/953358/029-update-bug-fixes-and-more,,2026-05-30
https://brahmavidya.itch.io/mouse-messiah/devlog/953685/demo-version-020-major-improvements,,2026-05-30
https://jeudemots.itch.io/impulse-legacy/devlog/955880/impulse-source-code-construct-3,,2026-05-30
https://armor-games-inc.itch.io/robot-le/devlog/957999/we-are-still-alive,,2026-05-30
https://thekingharem.itch.io/song-dayoung-p1/devlog/959183/dayoung-silent-war-my-kingdom,,2026-05-30
https://armor-games-inc.itch.io/robot-le/devlog/963602/reworked-one-of-the-scenes,,2026-05-30
https://iamaneggwhoeatseggs.itch.io/bread/devlog/967975/a-little-more-detail,,2026-05-30
https://armor-games-inc.itch.io/robot-le/devlog/968226/we-are-stirring-things-up,,2026-05-30
https://projectwill.itch.io/champion-of-realms/devlog/970572/cor-099,,2026-05-30
https://pizzadoggy.itch.io/rust-and-blood-sfx-library/devlog/972854/launch,,2026-05-30
https://armor-games-inc.itch.io/robot-le/devlog/973933/i-wonder-what-we-are-cooking,,2026-05-30
https://thekingharem.itch.io/chitanda-eru-p1/devlog/977935/chitanda-eru-hyouka-p1,,2026-05-30
https://armor-games-inc.itch.io/robot-le/devlog/978096/south-park-anyone,,2026-05-30
https://thekingharem.itch.io/altair-p1/devlog/979403/altair-recreators-p1,,2026-05-30
https://armor-games-inc.itch.io/robot-le/devlog/987802/stay-tune-for-latest-update,,2026-05-30
https://carlosgames.itch.io/uenas-noches/devlog/988687/-buenas-noches-ya-disponible-now-avaible,,2026-05-30
https://armor-games-inc.itch.io/robot-le/devlog/993660/further-update,,2026-05-30
https://projectwill.itch.io/champion-of-realms/devlog/995279/recent-nsfw-changes,,2026-05-30
https://carlosgames.itch.io/uenas-noches/devlog/996071/buenas-noches-demo-disponible-demo-avaible,,2026-05-30
https://projectwill.itch.io/champion-of-realms/devlog/999333/cor-0100,,2026-05-30
https://armor-games-inc.itch.io/robot-le/devlog/999906/who-is-this-guy,,2026-05-30
https://armor-games-inc.itch.io/robot-le/devlog/1003788/current-update,,2026-05-30
https://brahmavidya.itch.io/mouse-messiah/devlog/1005332/demo-version-030-pause-menu-revamp-and-gameplay-additions,,2026-05-30
https://armor-games-inc.itch.io/robot-le/devlog/1007039/updating-ui,,2026-05-30
https://armor-games-inc.itch.io/robot-le/devlog/1012493/updated-one-of-the-scenes,,2026-05-30
https://armor-games-inc.itch.io/robot-le/devlog/1014460/little-snippet-of-our-introduction-cutscene-video,,2026-05-30
https://projectwill.itch.io/champion-of-realms/devlog/1017140/cor-0101,,2026-05-30
https://armor-games-inc.itch.io/robot-le/devlog/1020102/a-little-surprise,,2026-05-30
https://carlosgames.itch.io/uenas-noches/devlog/1020981/devlog-0-demo-jugable-playable-demo,,2026-05-30
https://armor-games-inc.itch.io/robot-le/devlog/1032036/time-sure-pass-fast,,2026-05-30
https://cemsvs.itch.io/veinlight/devlog/1033362/fresh-the-first-update-v065,,2026-05-30
https://cemsvs.itch.io/veinlight/devlog/1034022/an-important-update-v07,,2026-05-30
https://cemsvs.itch.io/veinlight/devlog/1035684/the-money-system-and-more-v072,,2026-05-30
https://cemsvs.itch.io/veinlight/devlog/1036318/new-menu-and-new-mining-system-v073,,2026-05-30
https://cemsvs.itch.io/veinlight/devlog/1038561/perk-system-and-more-v074,,2026-05-30
https://projectwill.itch.io/champion-of-realms/devlog/1038798/cor-0102,,2026-05-30
https://cemsvs.itch.io/veinlight/devlog/1060055/the-first-creature-of-the-game-v075,,2026-05-30
https://armor-games-inc.itch.io/robot-le/devlog/1061860/what-are-we-doing-now,,2026-05-30
https://cemsvs.itch.io/veinlight/devlog/1061979/coppers-and-mushrooms-update-v0761,,2026-05-30
https://cemsvs.itch.io/veinlight/devlog/1062589/hotfix-and-ui-updates-v0762,,2026-05-30
https://cemsvs.itch.io/veinlight/devlog/1064244/huge-update-pickaxe-upgrade-new-features-v077,,2026-05-30
https://cemsvs.itch.io/veinlight/devlog/1065641/bug-fixes-and-general-upgrades-v0771,,2026-05-30
https://thekingharem.itch.io/caldmellia-p1/devlog/1065884/caldmellia-tensai-ouji-no-akaji-p1,,2026-05-30
https://thekingharem.itch.io/anna-schneider-p1/devlog/1065980/anna-schneider-takt-op-destiny-p1,,2026-05-30
https://cemsvs.itch.io/veinlight/devlog/1068052/campfire-update-roadmap-is-now-live-v078,,2026-05-30
https://carlosgames.itch.io/uenas-noches/devlog/1070124/devlog-1-fcil-difcil-easy-hard,,2026-05-30
https://carlosgames.itch.io/uenas-noches/devlog/1070154/devlog-2-caja-box-cartula-cover,,2026-05-30
https://cemsvs.itch.io/veinlight/devlog/1081929/iron-shadows-update-is-now-live-v079,,2026-05-30
https://cemsvs.itch.io/veinlight/devlog/1082466/hotfix-and-shortcut-passage-v0791,,2026-05-30
https://jeudemots.itch.io/impulse-legacy/devlog/1084789/character-customization-impulse-030,,2026-05-30
https://cemsvs.itch.io/veinlight/devlog/1084986/new-rare-creature-and-map-update-v0795,,2026-05-30
https://armor-games-inc.itch.io/robot-le/devlog/1086308/wow,,2026-05-30
https://thekingharem.itch.io/chifuyu-orimura-p1/devlog/1088029/chifuyu-orimura-infinite-stratos-p1,,2026-05-30
https://cemsvs.itch.io/veinlight/devlog/1088387/alpha-release-the-minigame-improvements-v08,,2026-05-30
https://cemsvs.itch.io/veinlight/devlog/1094649/new-area-atmosphere-update-is-now-live-v081,,2026-05-30
https://projectwill.itch.io/champion-of-realms/devlog/1096955/cor-0103,,2026-05-30
https://cemsvs.itch.io/veinlight/devlog/1097667/bug-fixes-and-general-upgrades-2-v0811,,2026-05-30
https://armor-games-inc.itch.io/robot-le/devlog/1098364/new-background-completed,,2026-05-30
https://armor-games-inc.itch.io/robot-le/devlog/1103443/no-one-can-throw-it-like-he-can,,2026-05-30
https://armor-games-inc.itch.io/robot-le/devlog/1107077/this-is-not-a-fly,,2026-05-30
https://mcr-artist-studio.itch.io/haremcft-rpg-sequel/devlog/1110132/version-beta-release-v04,,2026-05-30
https://mcr-artist-studio.itch.io/haremcft-rpg-sequel/devlog/1111574/errorfix-v041,,2026-05-30
https://thekingharem.itch.io/casca-free-p1/devlog/1113994/casca-berserk-p1,,2026-05-30
https://thekingharem.itch.io/casca-p2/devlog/1114032/casca-berserk-p2,,2026-05-30
https://armor-games-inc.itch.io/robot-le/devlog/1114108/from-this-sketch-which-two-will-,,2026-05-30
https://armor-games-inc.itch.io/robot-le/devlog/1124784/i-no-longer-have-a-job,,2026-05-30
https://armor-games-inc.itch.io/robot-le/devlog/1124916/new-robot-look,,2026-05-30
https://thekingharem.itch.io/enoshima-junko-p1/devlog/1129373/enoshima-junko-dangaronpa-p1,,2026-05-30
https://armor-games-inc.itch.io/robot-le/devlog/1135433/do-not-piss-him-off,,2026-05-30
https://armor-games-inc.itch.io/robot-le/devlog/1137074/glimpse-of-scene-4-desert,,2026-05-30
https://thekingharem.itch.io/callie-briggs-p1/devlog/1141561/callie-briggs-swat-kats-p1,,2026-05-30
https://thekingharem.itch.io/elda-ballad-commissioned-p1/devlog/1141609/elda-ballad-sukebe-elf-no-mori-commissioned-p1,,2026-05-30
https://armor-games-inc.itch.io/robot-le/devlog/1142411/thank-you-simon,,2026-05-30
https://cemsvs.itch.io/veinlight/devlog/1144606/bug-fixes-and-general-upgrades-3-v0812,,2026-05-30
https://armor-games-inc.itch.io/robot-le/devlog/1157818/artist-super-busy,,2026-05-30
https://cemsvs.itch.io/veinlight/devlog/1190376/the-cave-troll-voice-update-is-now-live-v082,,2026-05-30
https://thekingharem.itch.io/aoi-zip-p1/devlog/1191006/aoi-zip-future-gpx-cyber-formula-p1,,2026-05-30
https://projectwill.itch.io/champion-of-realms/devlog/1197691/cor-0104,,2026-05-30
https://cemsvs.itch.io/veinlight/devlog/1276728/bug-fixes-and-general-upgrades-4-v0821,,2026-05-30
https://armor-games-inc.itch.io/robot-le/devlog/1279865/dont-worry-we-are-not-dead,,2026-05-30
https://onyxsoul-the-king.itch.io/gtavc/devlog/1281866/gta,,2026-05-30
https://armor-games-inc.itch.io/robot-le/devlog/1308118/news-update,,2026-05-30
https://cemsvs.itch.io/veinlight/devlog/1308628/combat-feedback-new-tutorial-v0822,,2026-05-30
https://cemsvs.itch.io/veinlight/devlog/1310242/big-news-veinlight-is-now-on-steam-wishlist-now,,2026-05-30
https://armor-games-inc.itch.io/robot-le/devlog/1313167/some-new-updates,,2026-05-30
https://mcr-artist-studio.itch.io/haremcft-rpg-sequel/devlog/1316014/2026-progress-update,,2026-05-30
https://comma69.itch.io/ethereal-threads-special/devlog/1318442/episode-3-is-out-android-build-gallery-unlock,,2026-05-30
https://mcr-artist-studio.itch.io/haremcft-rpg-sequel/devlog/1319447/update-17-jan-2026-ver-08,,2026-05-30
https://comma69.itch.io/ethereal-threads-special/devlog/1320439/v031-hotfix,,2026-05-30
https://carlosgames.itch.io/uenas-noches/devlog/1321962/devlog-2-gameplays-all-modes-gameplay-todos-los-modos,,2026-05-30
https://armor-games-inc.itch.io/robot-le/devlog/1321966/voice-change,,2026-05-30
https://armor-games-inc.itch.io/robot-le/devlog/1323709/removed-buy-it-now,,2026-05-30
https://sky-developer.itch.io/rithmgo/devlog/1327094/devlog-n1-adis-python-hola-haxe-,,2026-05-30
https://armor-games-inc.itch.io/robot-le/devlog/1327829/waiting-for-artist,,2026-05-30
https://armor-games-inc.itch.io/robot-le/devlog/1330882/are-we-lost,,2026-05-30
https://projectwill.itch.io/champion-of-realms/devlog/1332836/cor-0105,,2026-05-30
https://thekingharem.itch.io/eleanor-elinalize-la-tristan-p1/devlog/1340186/eleanor-elinalize-la-tristan-fated-to-be-loved-by-villains-p1,,2026-05-30
https://armor-games-inc.itch.io/robot-le/devlog/1360460/artist-busy-and-about-,,2026-05-30
https://carlosgames.itch.io/uenas-noches/devlog/1360505/devlog-3-buenas-noches-bocetos-de-desarrollo-good-night-development-sketches,,2026-05-30
https://armor-games-inc.itch.io/robot-le/devlog/1366765/was-it-worth-the-wait,,2026-05-30
https://naughtybitsinteractive.itch.io/lustrya/devlog/1375167/vote-on-the-official-world-name-of-lustria,,2026-05-30
https://thekingharem.itch.io/akemi-aizawa-p1/devlog/1375253/akemi-aizawa-tomo-chan-is-a-girl-p1,,2026-05-30
https://thekingharem.itch.io/carol-olston-p1/devlog/1375288/carol-olston-tomo-chan-is-a-girl-p1,,2026-05-30
https://naughtybitsinteractive.itch.io/lustrya/devlog/1389603/weekly-recap-new-h-scenes,,2026-05-30
https://cemsvs.itch.io/veinlight/devlog/1392817/mystery-mushrooms-death-animations-v083,,2026-05-30
https://armor-games-inc.itch.io/robot-le/devlog/1395722/new-updates,,2026-05-30
https://spicyvoyager.itch.io/helminth/devlog/1401673/new-game,,2026-05-30
https://drevniyx96.itch.io/pirates-skate-championship/devlog/1406410/summer-is-coming-soon-which-means,,2026-05-30
https://suddenlymia.itch.io/fireballin/devlog/1409934/fireballin-week-1-research,,2026-05-30
https://theevilent.itch.io/arcane-casters/devlog/1425566/devlog-1-visual-upgrade,,2026-05-30
https://naughtybitsinteractive.itch.io/lustrya/devlog/1430198/character-spotlight-sinabel,,2026-05-30
https://suddenlymia.itch.io/fireballin/devlog/1443644/fireballin-week-2-research,,2026-05-30
https://armor-games-inc.itch.io/robot-le/devlog/1448811/death-scene,,2026-05-30
https://carlosgames.itch.io/uenas-noches/devlog/1448932/devlog-5-buenas-noches-gratis-good-night-free,,2026-05-30
https://naughtybitsinteractive.itch.io/lustrya/devlog/1448950/march-update-story-art-performances-new-systems,,2026-05-30
https://theevilent.itch.io/arcane-casters/devlog/1450002/-devlog-2-unlocking-magic-pve-progress,,2026-05-30
https://naughtybitsinteractive.itch.io/lustrya/devlog/1451386/lustria-steam-page-live-wishlist-now,,2026-05-30
https://projectwill.itch.io/champion-of-realms/devlog/1451798/cor-0106,,2026-05-30
https://themrdaniel.itch.io/subgloom/devlog/1452573/first-post,,2026-05-30
https://suddenlymia.itch.io/fireballin/devlog/1453523/fireballin-week-3-prototype,,2026-05-30
https://armor-games-inc.itch.io/robot-le/devlog/1455151/selfie,,2026-05-30
https://naughtybitsinteractive.itch.io/lustrya/devlog/1455439/weekly-dev-update,,2026-05-30
https://the-b-listers.itch.io/metal-drive-duel/devlog/1456185/project-blog,,2026-05-30
https://theevilent.itch.io/arcane-casters/devlog/1456487/devlog-3-pve-adventure-progress-fixes,,2026-05-30
https://thekingharem.itch.io/centorea-shianus-p1/devlog/1457672/centorea-shianus-monster-musume-p1,,2026-05-30
https://the-b-listers.itch.io/metal-drive-duel/devlog/1458614/why-i-couldnt-access-but-my-team-could-turns-out-i-was-missing-a-few-includes,,2026-05-30
https://the-b-listers.itch.io/metal-drive-duel/devlog/1458720/getting-to-control-your-beyblade,,2026-05-30
https://the-b-listers.itch.io/metal-drive-duel/devlog/1458759/sometimes-the-problem-isnt-where-youre-colliding,,2026-05-30
https://robybolzoni.itch.io/azure-lie/devlog/1459563/old-version-the-first-alpha-test-v01,,2026-05-30
https://stripesmc2026thru2027.itch.io/baldis-basics-full-game-public-demo-android-port-11/devlog/1460047/this-project-is-officially-cancelled,,2026-05-30
https://themrdaniel.itch.io/subgloom/devlog/1460124/march-15-update,,2026-05-30
https://stripesmc2026thru2027.itch.io/baldis-basics-full-game-public-demo-android-port-11/devlog/1460182/soooo-this-account-is-too-new-soo,,2026-05-30
https://stripesmc2026thru2027.itch.io/baldis-basics-full-game-public-demo-android-port-11/devlog/1460212/da-decompile,,2026-05-30
https://suddenlymia.itch.io/fireballin/devlog/1460741/fireballin-production-sprint-1-week-1,,2026-05-30
https://gentle-troll.itch.io/tavern-talk-stories-dreamwalker/devlog/1461528/play-new-localized-demo-of-tavern-talk-stories-dreamwalker,,2026-05-30
https://armor-games-inc.itch.io/robot-le/devlog/1462633/janitor-room,,2026-05-30
https://naughtybitsinteractive.itch.io/lustrya/devlog/1462900/team-qa-new-h-scenes,,2026-05-30
https://thekingharem.itch.io/alice-zuberg-commissioned-p1/devlog/1463300/alice-zuberg-sword-art-online-commissioned-p1,,2026-05-30
https://thekingharem.itch.io/anna-p1/devlog/1464274/anna-silent-war-p1,,2026-05-30
https://theevilent.itch.io/arcane-casters/devlog/1464293/devlog-4-pve-connected-more-polishing,,2026-05-30
https://the-b-listers.itch.io/metal-drive-duel/devlog/1464956/pausemenu-dilemma,,2026-05-30
https://the-b-listers.itch.io/metal-drive-duel/devlog/1464981/feedback-for-combat,,2026-05-30
https://the-b-listers.itch.io/metal-drive-duel/devlog/1465057/merry-go-round-of-metal-life,,2026-05-30
https://spicyvoyager.itch.io/helminth/devlog/1465296/overhaul,,2026-05-30
https://suddenlymia.itch.io/fireballin/devlog/1467475/fireballin-production-sprint-1-week-2,,2026-05-30
https://naughtybitsinteractive.itch.io/lustrya/devlog/1468311/march-progress-report,,2026-05-30
https://armor-games-inc.itch.io/robot-le/devlog/1468324/update,,2026-05-30
https://the-b-listers.itch.io/metal-drive-duel/devlog/1470367/character-selection-who-are-you-on-this-screen,,2026-05-30
https://theevilent.itch.io/arcane-casters/devlog/1470485/devlog-5-client-update-new-magic,,2026-05-30
https://robybolzoni.itch.io/azure-lie/devlog/1470627/download-welcome-to-orizon-alpha-v02-the-guards-have-arrived,,2026-05-30
https://the-b-listers.itch.io/metal-drive-duel/devlog/1471492/its-time-to-d-d-d-d-duel,,2026-05-30
https://iamaneggwhoeatseggs.itch.io/low-poly-present-assets/devlog/1472728/base-present-assets-aviable,,2026-05-30
https://benallengamer.itch.io/wperspective/devlog/1473610/beginning,,2026-05-30
https://thekingharem.itch.io/alicetaria-february-p1/devlog/1474035/alicetaria-february-recreators-p1,,2026-05-30
https://thekingharem.itch.io/aoyama-yuuka-p1/devlog/1474165/aoyama-yuuka-otori-ssa-kan-p1,,2026-05-30
https://thekingharem.itch.io/song-dayoung-p2/devlog/1474193/song-dayoung-silent-war-p2,,2026-05-30
https://naughtybitsinteractive.itch.io/lustrya/devlog/1474891/end-of-month-update,,2026-05-30
https://brahmavidya.itch.io/mouse-messiah/devlog/1477233/volume-1-official-soundtrack,,2026-05-30
https://armor-games-inc.itch.io/robot-le/devlog/1478043/waiting-for-the-artist,,2026-05-30
https://theevilent.itch.io/arcane-casters/devlog/1478721/-devlog-6-fixes-balance-tweaks-and-a-separated-test-environment,,2026-05-30
https://armor-games-inc.itch.io/robot-le/devlog/1482667/development-resumed,,2026-05-30
https://naughtybitsinteractive.itch.io/lustrya/devlog/1483350/april-progress-breakdown,,2026-05-30
https://theevilent.itch.io/arcane-casters/devlog/1485468/devlog-7-new-story-better-visibility-and-stronger-stability,,2026-05-30
https://armor-games-inc.itch.io/robot-le/devlog/1485847/artis-is-going-to-quit-soon,,2026-05-30
https://armor-games-inc.itch.io/robot-le/devlog/1486301/artist-promised-to-finish-everything,,2026-05-30
https://cemsvs.itch.io/veinlight/devlog/1486985/tier-5-perks-sharpened-steel-update-v0835,,2026-05-30
https://naughtybitsinteractive.itch.io/lustrya/devlog/1489515/monthly-update,,2026-05-30
https://projectwill.itch.io/champion-of-realms/devlog/1490403/cor-0107,,2026-05-30
https://armor-games-inc.itch.io/robot-le/devlog/1490678/i-am-doing-a-little-vote,,2026-05-30
https://spicyvoyager.itch.io/helminth/devlog/1494210/bloodgold-update,,2026-05-30
https://visiondepth3d.itch.io/visiondepth3d/devlog/1494450/visiondepth3d-release-v42,,2026-05-30
https://suddenlymia.itch.io/fireballin/devlog/1495109/fireballin-production-sprint-1-week-3,,2026-05-30
https://naughtybitsinteractive.itch.io/lustrya/devlog/1495885/weekly-roundup-new-content-sneak-peeks,,2026-05-30
https://themrdaniel.itch.io/subgloom/devlog/1496025/april-21-update,,2026-05-30
https://adamtheamazing.itch.io/maniacsadamsversion/devlog/1496381/maniacsadams-version-now-98-complete,,2026-05-30
https://hatchi-developer.itch.io/noftifications-are-evil/devlog/1497100/noftifications-are-evil,,2026-05-30
https://cemsvs.itch.io/veinlight/devlog/1497689/weather-whispers-update-v084,,2026-05-30
https://theevilent.itch.io/arcane-casters/devlog/1498118/devlog-8-two-new-spells-added,,2026-05-30
https://armor-games-inc.itch.io/robot-le/devlog/1498997/new-update,,2026-05-30
https://woofleboofle.itch.io/out-of-the-pond-little-frogs-first-steps/devlog/1500267/devlog-03-player-movement,,2026-05-30
https://morgenschilder.itch.io/bushiden/devlog/1501025/bushi-den-beta-update-012,,2026-05-30
https://naughtybitsinteractive.itch.io/lustrya/devlog/1501521/end-of-month-update,,2026-05-30
https://suddenlymia.itch.io/fireballin/devlog/1501587/fireballin-production-sprint-2-week-1,,2026-05-30
https://mmelectric.itch.io/another-unoriginal-bullet-hell-game/devlog/1501970/waves-waves-waves,,2026-05-30
https://tempname1234.itch.io/efe-role-playing-system-core-rules-excendris-tomb/devlog/1503677/efe-character-sheet-digital-and-fully-interactive-right-in-your-browser-saveprintclear,,2026-05-30
https://the-b-listers.itch.io/metal-drive-duel/devlog/1503947/networking-i-sure-hope-it-is,,2026-05-30
https://theevilent.itch.io/arcane-casters/devlog/1506674/devlog-9-more-stable-matchmaking-witch-magic,,2026-05-30
https://cemsvs.itch.io/veinlight/devlog/1507216/polishing-relic-update-v0841,,2026-05-30
https://timberwolfgames.itch.io/arcaneearth/devlog/1508927/update-101-returning-the-golems,,2026-05-30
https://suddenlymia.itch.io/fireballin/devlog/1511767/fireballin-production-sprint-2-week-2,,2026-05-30
https://pixeljanitor.itch.io/jntr/devlog/1514146/april-2026-update,,2026-05-30
https://naughtybitsinteractive.itch.io/lustrya/devlog/1514945/may-progress-report,,2026-05-30
https://armor-games-inc.itch.io/robot-le/devlog/1515480/waiting-for-the-artist,,2026-05-30
https://pixeljanitor.itch.io/jntr/devlog/1515562/new-version-020,,2026-05-30
https://cemsvs.itch.io/veinlight/devlog/1515694/bug-fixes-and-general-upgrades-5-v0842,,2026-05-30
https://chapitin.itch.io/domain/devlog/1518504/introducing-realm-a-micro-rpg-about-war-politics-and-power,,2026-05-30
https://chapitin.itch.io/domain/devlog/1518506/thoughts-and-developing-plan,,2026-05-30
https://naughtybitsinteractive.itch.io/lustrya/devlog/1518925/first-look-clientele,,2026-05-30
https://themrdaniel.itch.io/subgloom/devlog/1519267/may-9-update,,2026-05-30
https://hiddlesthehero.itch.io/space-intruders/devlog/1520493/space-intruders-level-1-completion,,2026-05-30
https://suddenlymia.itch.io/fireballin/devlog/1520886/fireballin-production-sprint-2-week-3,,2026-05-30
https://naughtybitsinteractive.itch.io/lustrya/devlog/1521819/weekly-roundup-new-h-scenes-lustress-reveal-more,,2026-05-30
https://0xprimegs.itch.io/glitch-city/devlog/1521913/morgd-ver-now-available,,2026-05-30
https://nyt3bl4d3.itch.io/no-time-to-reap/devlog/1522694/update-version-20,,2026-05-30
https://ayyemtea.itch.io/first-love/devlog/1522967/playable-prototype,,2026-05-30
https://theevilent.itch.io/arcane-casters/devlog/1523044/devlog-10-new-spells-better-combat-readability,,2026-05-30
https://dignitas-games.itch.io/vi/devlog/1523861/vale-iminice-v001,,2026-05-30
https://realistic-solutions.itch.io/ruinfall/devlog/1524320/ruinfall-v08,,2026-05-30
https://dignitas-games.itch.io/vi/devlog/1524410/quest-tracker-not-wanting-to-work-right,,2026-05-30
https://armor-games-inc.itch.io/robot-le/devlog/1524523/progressing-well,,2026-05-30
https://stripesmc2026thru2027.itch.io/baldis-basics-yctp-version/devlog/1524647/yo,,2026-05-30
https://dignitas-games.itch.io/vi/devlog/1524701/basics-of-networking-austin-janzen-posted-51526,,2026-05-30
https://dignitas-games.itch.io/vi/devlog/1524817/understanding-networking-erick-jimenez-salto,,2026-05-30
https://hai-soundworks.itch.io/orchestral-adventures/devlog/1525292/orchestral-adventures-release-notes-cinematic-music-pack,,2026-05-30
https://armor-games-inc.itch.io/robot-le/devlog/1526518/new-update,,2026-05-30
https://suddenlymia.itch.io/fireballin/devlog/1526910/fireballin-polish-week-1,,2026-05-30
https://dead-static-interactive.itch.io/ball-o-gremlin/devlog/1527400/boss-level-prototype-update-v03,,2026-05-30
https://tempname1234.itch.io/toxer-of-xemph-deadvale-dungeon-run/devlog/1527650/omg-bug-fix-no-key-drop,,2026-05-30
https://tempname1234.itch.io/toxer-of-xemph-deadvale-dungeon-run/devlog/1527956/added-loot-tables-game-updates,,2026-05-30
https://cauldroncatgames.itch.io/resonance-in-orbit/devlog/1529831/may-devlog,,2026-05-30
https://fysura88.itch.io/tbc/devlog/1529864/the-broken-creed-has-officially-entered-development,,2026-05-30
https://interestedsc2.itch.io/pin-brawl/devlog/1530082/preversion-008,,2026-05-30
https://woofleboofle.itch.io/out-of-the-pond-little-frogs-first-steps/devlog/1530176/devlog-04-dialogue-narrative,,2026-05-30
https://woofleboofle.itch.io/out-of-the-pond-little-frogs-first-steps/devlog/1530340/devlog-05-level-design-enemy-ai,,2026-05-30
https://rob771.itch.io/loz-another-adventure/devlog/1530392/29,,2026-05-30
https://woofleboofle.itch.io/out-of-the-pond-little-frogs-first-steps/devlog/1530573/devlog-01-player-model-animations,,2026-05-30
https://woofleboofle.itch.io/out-of-the-pond-little-frogs-first-steps/devlog/1530591/devlog-02-village-setup,,2026-05-30
https://itch.io/blog/1530920/i-love-hex-tile-maps,,2026-05-30
https://northline-studio.itch.io/dungeondex/devlog/1530930/dungeondex-v13302,,2026-05-30
https://dignitas-games.itch.io/vi/devlog/1531179/procedural-generation-overlap,,2026-05-30
https://dignitas-games.itch.io/vi/devlog/1531194/solving-integration-problems-between-new-weapons-and-gameplay-systems,,2026-05-30
https://olbailey.itch.io/ai-star-arena/devlog/1531420/initial-blog-1,,2026-05-30
https://cemsvs.itch.io/veinlight/devlog/1531496/-stability-systems-overhaul-v0843,,2026-05-30
https://pixelloq.itch.io/car-master/devlog/1531574/started-development-of-car-master,,2026-05-30
https://dignitas-games.itch.io/vi/devlog/1531735/coding-the-procedural-generator,,2026-05-30
https://northline-studio.itch.io/dungeondex/devlog/1531810/dungeondex-v13315,,2026-05-30
https://thevivs.itch.io/combat-mimic/devlog/1532355/hammer-variants-color-studies,,2026-05-30
https://jordanthayer.itch.io/a-sincere-plea-for-your-attention/devlog/1532395/not-a-boy-in-love,,2026-05-30
https://tinarskii.itch.io/me2png/devlog/1532430/first-release-on-itchio,,2026-05-30
https://naughtybitsinteractive.itch.io/lustrya/devlog/1532504/development-update-early-access-plans,,2026-05-30
https://tinarskii.itch.io/me2png/devlog/1532785/030-cute-update,,2026-05-30
https://roezmv.itch.io/coalridge-score-builder-web-app-for-blades-in-the-dark/devlog/1533142/six-towers-expansion-bowmore-tower,,2026-05-30
https://polynomad.itch.io/pixel-urban-survival-vol-01/devlog/1533218/update-110-handheld-items,,2026-05-30
https://huevoquilmes.itch.io/the-golden-caravan/devlog/1533711/music-is-the-godfather,,2026-05-30
https://suddenlymia.itch.io/fireballin/devlog/1533887/fireballin-launch,,2026-05-30
https://eyezore.itch.io/milo-and-the-alien-incident/devlog/1533982/milo-demo-v100,,2026-05-30
https://relattic.itch.io/bmo-files/devlog/1534460/extensive-fixes-new-expansion-coming-next-week,,2026-05-30
https://starbee-x.itch.io/ditsybitsy/devlog/1534679/v0018,,2026-05-30
https://projectwill.itch.io/champion-of-realms/devlog/1534705/cor-0108,,2026-05-30
https://plasol.itch.io/primary-investigations/devlog/1535080/primary-devlog,,2026-05-30
https://munderfire.itch.io/photoshop-layer-validator/devlog/1535151/v21-bugfix-update,,2026-05-30
https://dickie1.itch.io/zone-idle/devlog/1535330/0255,,2026-05-30
https://kieransucks.itch.io/platformer-test/devlog/1535409/sneak-peek-wednesday-4-what-is-this-place,,2026-05-30
https://s-benelli.itch.io/ndr/devlog/1535541/v028-alpha-split-screen-co-op-run-modes-and-save-system,,2026-05-30
https://metalwar.itch.io/lands-of-folklore/devlog/1535551/devlog-17-the-great-blackout-down-with-cardboard-torches,,2026-05-30
https://mruser991.itch.io/this-my-minecraft-java-world/devlog/1535649/remove-the-nether,,2026-05-30
https://woofleboofle.itch.io/out-of-the-pond-little-frogs-first-steps/devlog/1535691/devlog-07-feedback-changes-ai-use,,2026-05-30
https://howingp.itch.io/rcdr/devlog/1535791/devlog-2-update-0457,,2026-05-30
https://nexavisuals.itch.io/bunker-survival-ui-pack/devlog/1535853/free-bunker-survival-ui-pack-v10-png-screens-icons-unity-unreal-helpers,,2026-05-30
https://ayyemtea.itch.io/first-love/devlog/1535882/first-loves-first-time-out-in-the-world,,2026-05-30
https://hellper.itch.io/chair-simulator/devlog/1535974/version-050-released,,2026-05-30
https://gentle-troll.itch.io/tavern-talk/devlog/1535994/tavern-talk-french-language-update-is-now-live,,2026-05-30
https://makevisualnovels.itch.io/blog/devlog/1536131/what-is-a-visual-novel,,2026-05-30
https://elm8-studio.itch.io/built-for-the-ring/devlog/1536160/beta-update-v020,,2026-05-30
https://mrfriday76.itch.io/jujutsu-chess/devlog/1536232/update-coming-soon,,2026-05-30
https://hardkase73.itch.io/fretkata/devlog/1536234/so-name-change-fretkata,,2026-05-30
https://itch.io/blog/1536338/oops-im-okay,,2026-05-30
https://littlebeardman.itch.io/brewers-of-khazad-dun/devlog/1536367/brewers-of-khazad-dun-devlog-04-problems-and-solutions,,2026-05-30
https://sengokugekokujobeats.itch.io/kekkanokeifu/devlog/1536400/-lineage-of-blood-blossom-v1101-devlog-draft-v16v18-,,2026-05-30
https://cloisters-interactive.itch.io/project-cloisters/devlog/1536467/the-fourth-level-whimsical,,2026-05-30
https://dezura.itch.io/synchronicity/devlog/1536487/bugfix-3,,2026-05-30
https://johnanonymous.itch.io/oneshot-remix/devlog/1536504/phase-2-day-1-patch-rollout-28-5-2026,,2026-05-30
https://man-ratt.itch.io/cut-run/devlog/1536516/cut-run-beta-01-i-remade-the-whole-thing-and-were-going-back-to-development,,2026-05-30
https://alebrink.itch.io/mecha-hangar-diorama/devlog/1536518/devlog-update-2-look-dev-lighting,,2026-05-30
https://knairda.itch.io/robosynthesis/devlog/1536584/steam-launch-v110-released,,2026-05-30
https://lachie1999.itch.io/octopus-scanner/devlog/1536635/update-log-5079-minor-update,,2026-05-30
https://teknolojikadam.itch.io/hyperion-launcher/devlog/1536652/hyperion-game-launcher-v040,,2026-05-30
https://rafimuzakireal.itch.io/otr2-game/devlog/1536693/change-app-name-added,,2026-05-30
https://pizzadoggy.itch.io/rust-and-blood-sfx-library/devlog/1536707/devlog-11-new-sound-effects-bonus-content,,2026-05-30
https://biggerspider.itch.io/asgat-demo/devlog/1536745/a-simple-game-about-teleportation-demo-release,,2026-05-30
https://javitron.itch.io/game/devlog/1536766/v07,,2026-05-30
https://javitron.itch.io/game/devlog/1536767/v08,,2026-05-30
https://fsorsat.itch.io/slumberers-universe/devlog/1536779/slumberers-universe-developer-commentary-update,,2026-05-30
https://aaronawaygames.itch.io/enlisted/devlog/1536787/20052026-etri-devlog-18-the-save-system,,2026-05-30
https://wimpycat01.itch.io/the-hibernator-education-edition/devlog/1536788/the-hibernator-education-edition-alpha-06,,2026-05-30
https://tinkelstudios.itch.io/lustful-college/devlog/1536789/lustful-college-v046-is-released-for-tier-2-today,,2026-05-30
https://fishonaleashstudio.itch.io/mountain-king/devlog/1536790/hello-this-is-mountain-king,,2026-05-30
https://aaronawaygames.itch.io/enlisted/devlog/1536791/etri-testing-round-6-22052026,,2026-05-30
https://dtkraccoon.itch.io/rbmk/devlog/1536792/update-9-stair-door-update,,2026-05-30
https://itch.io/blog/1536793/redactvhs-is-out-now-can-you-survive-the-censorship-simulation,,2026-05-30
https://joenasr.itch.io/cybertruck-madness/devlog/1536794/cybertruck-madness-98-upgrade,,2026-05-30
https://amethyststudiogames.itch.io/dissonant/devlog/1536795/a-mysterious-dream-world-game-appears,,2026-05-30
https://itch.io/blog/1536796/conheam-a-logo-de-solitude-a-prxima-visual-novelotome-game-do-colora,,2026-05-30
https://ladymultiavatar.itch.io/runningwiththecircus/devlog/1536797/changed-the-plot-a-bit,,2026-05-30
https://nexavisuals.itch.io/bunker-survival-ui-pack/devlog/1536798/how-to-build-a-bunker-survival-hud-mockup-in-10-minutes-free-ui-pack,,2026-05-30
https://itch.io/blog/1536800/few-thoughts-2,,2026-05-30
https://jan955.itch.io/sokoban-html5clone/devlog/1536801/5-new-levels-5-neue-level,,2026-05-30
https://sengokugekokujobeats.itch.io/beats-samurai-cypher/devlog/1536802/update-v031-,,2026-05-30
https://duppyc.itch.io/cocklemouth-village/devlog/1536803/version-06,,2026-05-30
https://mikemo.itch.io/uberloop/devlog/1536804/6427,,2026-05-30
https://yoshi-hiro.itch.io/the-shining-maze/devlog/1536805/update-101-custom-opengl-engine-cloud-build-automation,,2026-05-30
https://kyngamevlog.itch.io/know-your-nature-card-game/devlog/1536806/lets-test-the-main-game-logic-,,2026-05-30
https://andrew-jones.itch.io/trifoil/devlog/1536807/new-trifoil-demov2-out-now,,2026-05-30
https://entwicklerx.itch.io/radon-break/devlog/1536808/now-available-for-amigaos41,,2026-05-30
https://dmzheng.itch.io/king-of-slam/devlog/1536809/0979update-notes,,2026-05-30
https://chugget.itch.io/into-the-planets-flesh/devlog/1536810/progression-update-alpha-v3,,2026-05-30
https://funkyjt-yt.itch.io/game/devlog/1536811/update-2,,2026-05-30
https://aacria.itch.io/valerius-demo/devlog/1536812/valerius-demo-021,,2026-05-30
https://thevivs.itch.io/combat-mimic/devlog/1536814/hammer-variants-animation-tests,,2026-05-30
https://svssid.itch.io/cube-puzzle-simulator/devlog/1536816/first-update-cleaner-ui-better-difficulty-and-a-peek-at-themes,,2026-05-30
https://xtremeparrot-games.itch.io/the-cat-simulator/devlog/1536817/the-cat-simulator-android-premium-31-update,,2026-05-30
https://woofleboofle.itch.io/out-of-the-pond-little-frogs-first-steps/devlog/1536818/devlog-06-polish-movement-tutorial,,2026-05-30
https://thenishishiro.itch.io/requiem-for-a-lost-world/devlog/1536819/development-update-may-2026,,2026-05-30
https://incognito12345.itch.io/earth/devlog/1536820/earth-enemy-release,,2026-05-30
https://devod322.itch.io/tanky-tank/devlog/1536821/tanky-tank-101-it-has-only-one-thing,,2026-05-30
https://jiqn86.itch.io/pomodopet/devlog/1536822/pomodopet-beta-update-,,2026-05-30
https://croco-dev.itch.io/chibi-monster-girls/devlog/1536823/info-on-next-update,,2026-05-30
https://littledevgames.itch.io/bird-journey/devlog/1536824/keep-waiting-huh-well-i-have-bad-and-good-news-for-you,,2026-05-30
https://itch.io/blog/1536825/post,,2026-05-30
https://vitalisinteractive.itch.io/family-office-simulator/devlog/1536826/v18-properties-trusts-ranch-regions-more,,2026-05-30
https://z3r0sk1llz.itch.io/realmlink/devlog/1536827/bug-fixes,,2026-05-30
https://diopan.itch.io/sundaylunch/devlog/1536828/i-havent-got-the-game-yet-but-i-already-have-the-animated-card,,2026-05-30
https://olozomb1.itch.io/vixs-tale-home-playtest/devlog/1536829/update-v5,,2026-05-30
https://twmbnpb.itch.io/ptcw/devlog/1536831/-,,2026-05-30
https://kovnir.itch.io/mutate-fight-purr/devlog/1536832/devlog-3-v030-redecoration-and-hints,,2026-05-30
https://game-nova-studios.itch.io/colour-block-gamenova/devlog/1536833/colour-block,,2026-05-30
https://kirill0developer.itch.io/gore-guns-and-dance/devlog/1536834/soundtrack,,2026-05-30
https://wepi.itch.io/chronicle-of-the-nameless/devlog/1536835/minor-bug-fix,,2026-05-30
https://itch.io/blog/1536836/townies-has-art,,2026-05-30
https://tinysecretgames.itch.io/snapshot-lewd-shores/devlog/1536837/lovense-support-in-free-version-and-lewd-shores-v0455-supporter-release,,2026-05-30
https://gkst.itch.io/slut-maker/devlog/1536838/version-04-coming-soon,,2026-05-30
https://croco-dev.itch.io/love-inn/devlog/1536839/update-on-love-inn-and-new-game-chibi-monster-girls,,2026-05-30
https://landonlegends.itch.io/my-roommates-are-vampires/devlog/1536840/patreon-launch,,2026-05-30
https://sanghendrix.itch.io/realtime-event-effects-builder-rpg-maker-mz-plugin/devlog/1536841/version-107-adjustments-and-a-new-effect,,2026-05-30
https://netunez.itch.io/that-platformer-game/devlog/1536842/this-update-is-achievement-tpg-110,,2026-05-30
https://godfrigames.itch.io/the-dimenna/devlog/1536843/0012,,2026-05-30
https://originlessgamer.itch.io/procedural-tile-generator/devlog/1536844/update-3-tile-generation-overhaul,,2026-05-30
https://yze-symbiose-lab.itch.io/symbiosis-primordial/devlog/1536845/releases-symbiosis-primordial-v20,,2026-05-30
https://metalwar.itch.io/lands-of-folklore/devlog/1536846/devlog-18-operation-photon-factory-the-hybrid-leap,,2026-05-30
https://saisudan.itch.io/lostmorale/devlog/1536847/5th-day-early-development-of-lost-morale,,2026-05-30
https://odaso.itch.io/tintforge/devlog/1536848/tintforge-080-alpha-new-smart-pen-fixes-and-refinements,,2026-05-30
https://sign0studio.itch.io/shadow-escape/devlog/1536849/a-near-impossible-horror-escape-game-shadow-escape,,2026-05-30
https://paulok3tchup.itch.io/a-hell-of-a-night-at-hippos/devlog/1536850/descrio-do-jogo-em-portugus,,2026-05-30
https://virtualove.itch.io/oh-my-waifu/devlog/1536851/oh-my-waifu344-reze,,2026-05-30
https://berribird.itch.io/animated-lights-prop-sprite-pack/devlog/1536852/v-11-update,,2026-05-30
https://dinaki.itch.io/naruto-kunoichi-trainer-free-version/devlog/1536853/kunoichi-trainer-v032-early-access,,2026-05-30
https://timberwolfgames.itch.io/arcaneearth/devlog/1536854/75000-plays,,2026-05-30
https://dinaki.itch.io/naruto-kunoichi-trainer/devlog/1536855/kunoichi-trainer-v032-early-access,,2026-05-30
https://guimaraesgames.itch.io/arcanum/devlog/1536856/peitho-voice-of-persuasion,,2026-05-30
https://victorcici.itch.io/card-shooter/devlog/1536858/v03-published,,2026-05-30
https://nosivaron.itch.io/hordecrash/devlog/1536859/metadata-update,,2026-05-30
https://orhstudio.itch.io/wuxia-amulets-icons/devlog/1536860/wuxia-amulets-icons-now-available-free,,2026-05-30
https://smallloopworks.itch.io/code-review-simulator/devlog/1536861/first-devlog-review-cash-out-upgrade-automate,,2026-05-30
https://itch.io/blog/1536862/survival-devlog-7-first-craft,,2026-05-30
https://saisudan.itch.io/lostmorale/devlog/1536863/9th-day-early-development-of-lost-morale,,2026-05-30
https://saphirr17.itch.io/the-goon-of-tomorrow/devlog/1536864/plans-for-04-prototype-4-trello-board,,2026-05-30
https://jollytronvr.itch.io/jollycloud/devlog/1536865/jollycloudclient-v32-major-update-file-viewer-and-upload-queue,,2026-05-30
https://disruptorart.itch.io/infinity-fleet/devlog/1536866/daily-ship-5,,2026-05-30
https://mattersatplay.itch.io/keys-to-a-dream/devlog/1536868/photo-credits-for-immigration-reform-related-imagery,,2026-05-30
https://bksil.itch.io/unbalanced-demo/devlog/1536869/unbalanced-a-roguelite-action-game-with-stat-reallocation,,2026-05-30
https://cyberpenguin404.itch.io/hookes-law/devlog/1536870/level-update,,2026-05-30
https://snakoi.itch.io/planetai/devlog/1536871/planetai-final-version,,2026-05-30
https://kiyopawn.itch.io/the-shudderfly-archive/devlog/1536872/weekly-update-114-keyboss-sprites,,2026-05-30
https://saisudan.itch.io/lostmorale/devlog/1536873/13th-day-early-development-of-lost-morale,,2026-05-30
https://capacle.itch.io/triple-o-zine/devlog/1536874/companion-app-now-available,,2026-05-30
https://murrri.itch.io/broken-the-tiny-adventure/devlog/1536875/v0009-map-expand,,2026-05-30
https://saisudan.itch.io/lostmorale/devlog/1536876/19th-day-early-development-of-lost-morale,,2026-05-30
https://mikemo.itch.io/uberloop/devlog/1536877/mobile-devlog-6431,,2026-05-30
https://hooligapps-games.itch.io/kinky-cats/devlog/1536878/emergency-sexual-aid,,2026-05-30
https://itch.io/blog/1536879/some-bad-news,,2026-05-30
https://emirikodoesvr.itch.io/familiar-place/devlog/1536880/soooooo-i-am-not-gonna-be-working-on-this-for-a-while-and-if-your-friends-with-me-you-might-not-be-able-to-see-me-in-vr-sometimes-i-might-be-online-buuut-yeah-yippeeee,,2026-05-30
https://dddhen.itch.io/7-days/devlog/1536881/7-days-10-english-vietnam,,2026-05-30
https://smallmak.itch.io/data-mapper/devlog/1536883/data-mapper-details-that-matter,,2026-05-30
https://hillhand.itch.io/terrablox/devlog/1536884/updates-for-2026-05-28,,2026-05-30
https://mokaaja.itch.io/prism-deck-survival/devlog/1536885/prism-desk-survivors-now-available-on-steam,,2026-05-30
https://toastedcook.itch.io/untitled-fishing-game/devlog/1536886/update-audio-performance,,2026-05-30
https://veralynndarcy.itch.io/rebirth/devlog/1536887/web-demo-available,,2026-05-30
https://atomicrealm.itch.io/mini-modular-car/devlog/1536888/mini-british-1959-is-out,,2026-05-30
https://boss665.itch.io/world-conqueror-1914/devlog/1536889/release-of-beta-v13,,2026-05-30
https://keenancgames.itch.io/attack-balloon-chicken/devlog/1536890/release-17-beta,,2026-05-30
https://hooligapps-games.itch.io/fap-titans/devlog/1536891/myth-busting-idle-games-dont-require-strategy,,2026-05-30
https://sanghendrix.itch.io/hotbar-creator-rpg-maker-mv-mz-plugin/devlog/1536892/version-206-an-adjustment,,2026-05-30
https://andorios.itch.io/cute-and-chill-music-minipack/devlog/1536893/content-remixed-feel-free-to-explore-the-themes,,2026-05-30
https://deadwing.itch.io/crystal-funkadelic-prototype-3/devlog/1536894/v17-released-improved-movement-responsiveness,,2026-05-30
https://cirwilius.itch.io/kick-it/devlog/1536895/general-bug-fixes,,2026-05-30
https://sengokugekokujobeats.itch.io/kekkanokeifu/devlog/1536896/due-to-a-critical-bug-we-have-rolled-back-and-released-version-13,,2026-05-30
https://frostyfreeze.itch.io/smile-police-2084/devlog/1536897/playtesting-prep,,2026-05-30
https://steelward-studio.itch.io/duskoryx/devlog/1536898/-limited-time-announcement-,,2026-05-30
https://catfish-studio.itch.io/sunset-angels/devlog/1536899/sunset-angels-v06-has-been-released,,2026-05-30
https://cirwilius.itch.io/tap-to-flap/devlog/1536900/minor-adjustments,,2026-05-30
https://luisporras.itch.io/adventuring-as-a-rogue/devlog/1536901/adventuring-as-a-rogue-update-3,,2026-05-30
https://cerbion.itch.io/ensis-idle/devlog/1536902/patch-v059,,2026-05-30
https://comeback-looplabs.itch.io/matching-number/devlog/1536903/0000498-2,,2026-05-30
https://bnmk.itch.io/nauticsurvivors/devlog/1536904/linux-build,,2026-05-30
https://deathspledge.itch.io/fs25-max-price-alert/devlog/1536906/fs25-maxpricealert,,2026-05-30
https://suzana-assets.itch.io/cherry-blossom-vn-interface/devlog/1536907/-cherry-blossom-vn-interface,,2026-05-30
https://sergretam.itch.io/shimyureta-kiro-machi/devlog/1536908/first-week-of-shimyureta-kiro-machi,,2026-05-30
https://8080.itch.io/norrland/devlog/1536909/norrland-v115,,2026-05-30
https://cyhordream-studios.itch.io/click-a-cube/devlog/1536910/improvedupdate,,2026-05-30
https://itch.io/blog/1536911/gta-vtml-02,,2026-05-30
https://mxapps.itch.io/midnight-outrun/devlog/1536912/1100-20260528-leaderboard-sections,,2026-05-30
https://pinkedandowned.itch.io/pinked-and-owned/devlog/1536913/v-027-released-new-comfort-items-kennel-unlocked-for-free,,2026-05-30
https://itch.io/blog/1536914/preparing-for-next-fest-and-full-launch-in-june,,2026-05-30
https://keywordgames.itch.io/a-ultima-gravacao/devlog/1536915/v002a-correo-de-texturas-no-web,,2026-05-30
https://sizionofficial.itch.io/low-poly-home-mega-pack/devlog/1536916/new-update,,2026-05-30
https://mghurston.itch.io/avemolech/devlog/1536917/update-0102,,2026-05-30
https://001studios.itch.io/fit-my-belly/devlog/1536918/new-configuration-menu,,2026-05-30
https://theblueowl.itch.io/bring-back-the-moon/devlog/1536919/bring-back-the-moon-devlog-1,,2026-05-30
https://rockbotom.itch.io/forsaken/devlog/1536921/shadow-enemy-in-quakestyle,,2026-05-30
https://softcade.itch.io/astropath/devlog/1536922/play-astropath-for-free,,2026-05-30
https://animeattics.itch.io/demonic-dating/devlog/1536923/demonic-dating-devlog,,2026-05-30
https://miguelcperez.itch.io/oak/devlog/1536924/post-jam-update,,2026-05-30
https://kremencek123.itch.io/tales-of-avarion-chapter-1/devlog/1536925/update,,2026-05-30
https://mrvegies.itch.io/monsterland-wonder/devlog/1536926/retro-game-monsterland-wonder,,2026-05-30
https://uberpie.itch.io/taffy-tales-redux-season-1/devlog/1536927/we-are-live-on-steam,,2026-05-30
https://cytefire.itch.io/cytefire-scenario-i-white-silence-the-hunt/devlog/1536928/scenario-i-package-updated-german-play-aids-added,,2026-05-30
https://oil222.itch.io/dunebound/devlog/1536929/devlog9-final-polish-tutorials-bug-fixing-and-release-preparation,,2026-05-30
https://pain-game-studios.itch.io/press-jump-to-fall-remastered/devlog/1536930/the-last-prototype-version,,2026-05-30
https://nyanfish06.itch.io/sawblade-stratagem/devlog/1536931/alpha-release-280526,,2026-05-30
https://alisindra.itch.io/dont-breathe/devlog/1536932/weekly-devlog,,2026-05-30
https://joenasr.itch.io/happy-collector/devlog/1536933/new-happy-collector-update,,2026-05-30
https://malxapp.itch.io/mythic2d/devlog/1536934/the-great-migration-to-true-mmorpg-playable-alpha,,2026-05-30
https://jonasz-o.itch.io/3d-paint/devlog/1536935/update-1-browser-live-example,,2026-05-30
https://sydbarret.itch.io/tetraxs/devlog/1536936/tetraxs,,2026-05-30
https://itch.io/blog/1536938/fun-escape,,2026-05-30
https://oil222.itch.io/dunebound/devlog/1536939/prototype-release-now-available,,2026-05-30
https://neonhuntersamael.itch.io/neon-hunter-samaels-soldier/devlog/1536940/the-next-phase-of-development,,2026-05-30
https://itch.io/blog/1536941/forest-rpg,,2026-05-30
https://ndferretstudio.itch.io/the-bloodriver-saga-retransmitter/devlog/1536942/the-bloodriver-saga-retransmitter-update-v007-battle-system-up,,2026-05-30
https://armouredboar.itch.io/moon-valley-farm/devlog/1536943/real-time-update-v0002,,2026-05-30
https://jan955.itch.io/sokoban-html5clone/devlog/1536945/little-colorchange-of-boxes,,2026-05-30
https://glitchdev2009.itch.io/sad-satan-retake/devlog/1536946/definitive-edition-coming-soon,,2026-05-30
https://patchworkheart.itch.io/mansion-escape/devlog/1536947/stretch-goals-for-finishing-game,,2026-05-30
https://starbee-x.itch.io/ditsybitsy/devlog/1536948/v0019,,2026-05-30
https://nomnomnami.itch.io/astras-garden/devlog/1536949/steam-version-out-now,,2026-05-30
https://gamesoffatenj.itch.io/the-hedges-at-ezmareldas/devlog/1536950/demo-rebalancing-be-upon-ye,,2026-05-30
https://zelko-gaming.itch.io/glz/devlog/1536951/patch-note-121,,2026-05-30
https://thebastusage.itch.io/the-nightwardens/devlog/1536952/record-v-bug-fix,,2026-05-30
https://starbee-x.itch.io/ditsybitsy/devlog/1536953/v0020,,2026-05-30
https://digital-realms-studio.itch.io/elite-mma-manager/devlog/1536954/elite-mma-manager-introduction,,2026-05-30
https://ltsmgxb.itch.io/fcht/devlog/1536955/the-corn-update,,2026-05-30
https://outsiderartisan.itch.io/hex-gold/devlog/1536956/hex-v031-is-now-available,,2026-05-30
https://outsiderartisan.itch.io/hex-silver/devlog/1536957/hex-v031-is-now-available,,2026-05-30
https://outsiderartisan.itch.io/hex-free/devlog/1536958/hex-v031-is-now-available-to-patrons,,2026-05-30
https://leopold-visette.itch.io/valorandglory/devlog/1536959/free-version-upgraded-to-051,,2026-05-30
https://david123asus.itch.io/sudoku-infinity/devlog/1536960/sudoku-infinity-is-now-available-on-itchio,,2026-05-30
https://hurdev.itch.io/fundamental-paper-education/devlog/1536961/v40-pc,,2026-05-30
https://balianironguard.itch.io/belle-epocalypse/devlog/1536962/that-looks-like-a-finish-line,,2026-05-30
https://jervil6346634969.itch.io/my-first-godot-test-name-my-first-obby/devlog/1536963/update-5282026,,2026-05-30
https://witchy-studio.itch.io/kacang-hantu-hati-hantu/devlog/1536964/devlog-bug-fix-for-kacang-hantu-hati-hantu,,2026-05-30
https://stickycooldev.itch.io/curd-plane/devlog/1536965/update-12beta,,2026-05-30
https://fishbump.itch.io/the-black-siege/devlog/1536966/the-black-siege-is-out-now-on-steam,,2026-05-30
https://saturnx3.itch.io/didnt-do-it/devlog/1536967/progress-ive-made-so-far,,2026-05-30
https://itch.io/blog/1536968/moonsigil-atlas-is-out-now,,2026-05-30
https://santiagogonzalez12.itch.io/echo-strike/devlog/1536969/devlog-2-bleeding-in-the-dark,,2026-05-30
https://itch.io/blog/1536970/progress-ive-made-so-far,,2026-05-30
https://anbuafterdark.itch.io/path-of-desire-cursed-chakra/devlog/1536971/v042-release,,2026-05-30
https://sad-crab.itch.io/innocent-witchesfree/devlog/1536973/speedpaint-67,,2026-05-30
https://sad-crab.itch.io/innocent-witches/devlog/1536974/speedpaint-67,,2026-05-30
https://pixelcreativo.itch.io/code-stars/devlog/1536975/code-stars-v01-devlog,,2026-05-30
https://hollyeye.itch.io/minutestillmadnes/devlog/1536976/v104,,2026-05-30
https://runebitdice.itch.io/cathedral-window-polyhedral/devlog/1536978/out-today-cathedral-window-polyhedral-pack,,2026-05-30
https://taptaplegends.itch.io/meowscarada-clicker/devlog/1536979/red-angel-of-death-clicker-18-is-out-now-on-steam-,,2026-05-30
https://sh4dowsand.itch.io/terraformental/devlog/1536980/v060-pneuma-major-content,,2026-05-30
https://itch.io/blog/1536981/-good-deeds-,,2026-05-30
https://itch.io/blog/1536982/2d-game-asset-packs-for-office-workplace-environment,,2026-05-30
https://teamdeaddeer.itch.io/price-for-freedom-nameless/devlog/1536983/price-for-freedom-506,,2026-05-30
https://roadkillcandy.itch.io/illuminati/devlog/1536984/throne-sketch,,2026-05-30
https://demigrz.itch.io/motor-trader-mashinomat/devlog/1536985/prototype,,2026-05-30
https://0xprimegs.itch.io/glitch-city/devlog/1536987/updated-files-from-png-to-pdf,,2026-05-30
https://thycrowly.itch.io/wireandskin/devlog/1536988/wireskin-itchio-store-page-is-now-open,,2026-05-30
https://codyford.itch.io/heatwave-sams-stay/devlog/1536989/the-game-is-available-now,,2026-05-30
https://goldeditninja.itch.io/ehnheration-pre-pre-alpha-access-wip/devlog/1536990/update-version-13-pvp-networking-and-more,,2026-05-30
https://fishingwithclippy.itch.io/color-blocks-gfc-remake/devlog/1536991/first-demo,,2026-05-30
https://meher5102.itch.io/httpswwwwatersortin/devlog/1536992/water-sort,,2026-05-30
https://itch.io/blog/1536993/mania-team-hey,,2026-05-30
https://dark-ball.itch.io/1-day-poison-in-world/devlog/1536994/steam-coming-soon,,2026-05-30
https://leonisx.itch.io/nextbasic-examples/devlog/1536995/layer-0-example-by-leonis,,2026-05-30
https://bbasae.itch.io/ancient-temple-walking-sim/devlog/1536996/devlog-chapter-1,,2026-05-30
https://keanodae.itch.io/codename-momentum/devlog/1536997/devlog-3-adding-bigger-movement-mechanics,,2026-05-30
https://somafulop.itch.io/regicide/devlog/1536998/combo-wombo,,2026-05-30
https://paulscrbs.itch.io/the-angel/devlog/1536999/gabriel,,2026-05-30
https://itch.io/blog/1537000/a-coming-book-from-s-morgan-burbank-project-tasman,,2026-05-30
https://nonstopbl.itch.io/funeral-of-paradise/devlog/1537001/thank-you-so-much-for-100-downloads,,2026-05-30
https://ravs-rambles.itch.io/all-things-terrible-and-beautiful/devlog/1537002/minor-error-fixes,,2026-05-30
https://ofkeres.itch.io/tails-on-the-rocks/devlog/1537003/patreon-release-v11-early-access,,2026-05-30
https://layzbonez.itch.io/chess-crush/devlog/1537004/chess-crush-is-live,,2026-05-30
https://drinkrust.itch.io/socturnal/devlog/1537005/socturnal-update-12-controller-support-low-spec-mode,,2026-05-30
https://pixlas.itch.io/die-for-the-rat-king/devlog/1537006/die-for-the-rat-king-itch-page-is-live-with-a-webgl-build,,2026-05-30
https://stellar-jockeys.itch.io/brigadorkillers/devlog/1537007/demo-feedback-roundup,,2026-05-30
https://powergamesdev.itch.io/first-person-sorcerer/devlog/1537008/updates-coming-in-june,,2026-05-30
https://lolliopcy.itch.io/burger-quest/devlog/1537009/delivery-bug,,2026-05-30
https://kassy-p.itch.io/woomb/devlog/1537010/woomb-update-03,,2026-05-30
https://fishingwithclippy.itch.io/color-blocks-gfc-remake/devlog/1537011/first-demo-patch-1,,2026-05-30
https://turkey121314.itch.io/ball-boy/devlog/1537012/ball-boy-desert,,2026-05-30
https://sigmasuccour.itch.io/false-series-arcade/devlog/1537013/proper-3d-finally-implemented,,2026-05-30
https://secondsal.itch.io/geomerty-crash/devlog/1537015/beta-10,,2026-05-30
https://jm-bueno.itch.io/the-life-and-death-of-louis-ff-de-bastin/devlog/1537016/crosspost-sound-asset-creation,,2026-05-30
https://weizenfeld-sonnig-studios.itch.io/vruknavar/devlog/1537017/ui-polish-performance-level-design-v150-sound-fixes-v151-combat-improvements-v152,,2026-05-30
https://stormsingerstudios.itch.io/santa-lucia/devlog/1537018/santa-lucia-build-57-now-public,,2026-05-30
https://savagebenji.itch.io/boars-in-rome/devlog/1537020/small-map-importer-patch,,2026-05-30
https://itch.io/blog/1537021/bull-pressure-rise,,2026-05-30
https://kierangames.itch.io/hordeoverrun/devlog/1537022/new-map-zombie-update,,2026-05-30
https://kurai7.itch.io/rpg-skill-icons/devlog/1537023/skill-icons-update-ver16-added-11-new-icons,,2026-05-30
https://choices-matter.itch.io/lost-marches-preview/devlog/1537025/how-i-use-the-field-guide-for-solo-play,,2026-05-30
https://zaimaxiv.itch.io/subject-17-wip/devlog/1537026/its-been-a-long-while,,2026-05-30
https://coyrestaurado.itch.io/rattenkorps-example/devlog/1537027/rattenkorps-3-customweapon-and-perks,,2026-05-30
https://doctox.itch.io/le-donjon-de-grodor/devlog/1537028/le-donjon-de-grodor-mise-jour,,2026-05-30
https://itch.io/blog/1537029/adhd-the-deckbuilder-is-out,,2026-05-30
https://itch.io/blog/1537030/being-a-solodev-and-its-hidden-sunken-mental-cost-fallacy,,2026-05-30
https://alexis986.itch.io/red-rogue-alpha/devlog/1537031/v043-gameplay-visual-changes,,2026-05-30
https://scribblex.itch.io/derp-tag/devlog/1537032/bug-fixes,,2026-05-30
https://marcus4002.itch.io/crazy-johny/devlog/1537033/working-on-crazy-johny-update,,2026-05-30
https://devod322.itch.io/tanky-tank/devlog/1537034/102-has-been-launched,,2026-05-30
https://kenmi-art.itch.io/cute-fantasy-rpg/devlog/1537035/cute-fantasy-update-14-interiors-part-2,,2026-05-30
https://storkstudios.itch.io/lost-signal-network-warfare/devlog/1537036/signal-jamming,,2026-05-30
https://lewdlore.itch.io/isekai-fantasy/devlog/1537037/2-weeks-early-access-patch-022,,2026-05-30
https://dawg-tools.itch.io/dawg-digital-audio-workstation-game/devlog/1537038/major-performance-update,,2026-05-30
https://honey-moony.itch.io/college-sex-life/devlog/1537039/v06-public-release-major-announcement,,2026-05-30
https://itch.io/blog/1537040/my-game-public-check-my-account,,2026-05-30
https://itch.io/blog/1537041/text-only-zine-versions,,2026-05-30
https://setzstone.itch.io/scale-space/devlog/1537042/scale-space-synthesist-v11-release-notes-graphics-update,,2026-05-30
https://bananamobile835.itch.io/golden-sigma-hide-and-seek-prototype/devlog/1537043/goxio-build,,2026-05-30
https://millsh.itch.io/greg-the-game/devlog/1537044/greg121-and-122,,2026-05-30
https://slightzzz.itch.io/poostain-tag-horror/devlog/1537045/new-og-update-v19,,2026-05-30
https://joexian-mercado.itch.io/joexians-basics-in-bowling-and-video-making/devlog/1537046/kego64-to-be-replaced,,2026-05-30
https://facelessforge.itch.io/malo-j/devlog/1537047/about-new-update,,2026-05-30
https://labcatgames.itch.io/auto-kite/devlog/1537048/inching-towards-10-beam-prism-spike-and-lots-ofjuice,,2026-05-30
https://snakebitecafe.itch.io/ronin-story-2/devlog/1537049/elements-of-play,,2026-05-30
https://77-3.itch.io/mx-world/devlog/1537050/-devlog-3-the-two-wheel-nightmare-shifting-focus-to-4-wheels-for-now,,2026-05-30
https://ohmegamat.itch.io/incremental-quest/devlog/1537051/incremental-quest-steam-page-live,,2026-05-30
https://da-pug-games.itch.io/slipstream/devlog/1537052/020-update-out-now,,2026-05-30
https://missilemaxcellaneous.itch.io/rabbithole-island-turn-based-vtuber-battles/devlog/1537053/dev-skit-0,,2026-05-30
https://elcharlo.itch.io/desirium/devlog/1537054/summers-coming-and-013-too-,,2026-05-30
https://keykoz.itch.io/my-tainted-life/devlog/1537055/known-issues,,2026-05-30
https://faeravak.itch.io/rootless/devlog/1537056/v010-release,,2026-05-30
https://nimadeagame.itch.io/the-researcher/devlog/1537057/update-2,,2026-05-30
https://creativenarwhal.itch.io/rosu/devlog/1537058/another-short-update,,2026-05-30
https://ikeewx.itch.io/onivn/devlog/1537059/cancelado,,2026-05-30
https://niniku18.itch.io/fell-court-ttrpg/devlog/1537060/customer-characters-crafting-more,,2026-05-30
https://laziewriter.itch.io/nightsea-outlaw-volume-01-goldfist/devlog/1537062/generic-refreshedits,,2026-05-30
https://vyastudio.itch.io/uncanny-tales-the-watcher/devlog/1537063/the-full-game-is-already-85-complete-question-about-english-voice-acting,,2026-05-30
https://misuteri-dev.itch.io/sprites-de-arvores/devlog/1537064/asset-de-arvores-para-vocs,,2026-05-30
https://srrn-games.itch.io/village-of-the-north/devlog/1537065/village-of-the-north-v145,,2026-05-30
https://dirtlordthezombieking.itch.io/because-why-not/devlog/1537066/level-5,,2026-05-30
https://gryzly22.itch.io/trenite-engineer/devlog/1537068/011,,2026-05-30
https://studio-7e.itch.io/victorville/devlog/1537069/welcome-to-victorville-trailer,,2026-05-30
https://chodex-productions.itch.io/the-cleaning-incident/devlog/1537071/the-cleaning-incident-v110-door-update,,2026-05-30
https://nightexl.itch.io/your-rwby-fantasy/devlog/1537072/yrf-new-game-out-now,,2026-05-30
https://weconomikus.itch.io/wplot2d/devlog/1537073/wplot2d-v011-released,,2026-05-30
https://nightexl.itch.io/yrfah/devlog/1537074/the-fantasy-continues,,2026-05-30
https://hasthoth.itch.io/neon-crystal/devlog/1537075/experimenting-with-tower-showcase-screens,,2026-05-30
https://nanamaki.itch.io/tako-box/devlog/1537076/more-levels-available,,2026-05-30
https://lophorina-studios.itch.io/adhd-the-deckbuilder/devlog/1537077/public-release,,2026-05-30
https://smalltowncreepy.itch.io/vhs-collecting/devlog/1537078/sorry-tape-mold,,2026-05-30
https://wotet.itch.io/concern/devlog/1537080/concerned-citizen-sheet,,2026-05-30
https://angrydroid.itch.io/midi-mangler/devlog/1537081/wtf-is-a-midi-mangler,,2026-05-30
https://dreamcloudent.itch.io/unexpected-consequences/devlog/1537082/may-status-update,,2026-05-30
https://lophorina-studios.itch.io/beat-box/devlog/1537083/i-guess-its-out-in-the-world-now,,2026-05-30
https://kevinsong11-bot.itch.io/earth-defenders-echoes-of-spring/devlog/1537084/new-sound-improvements,,2026-05-30
https://darythas.itch.io/astreon/devlog/1537085/053-lootbox,,2026-05-30
https://turkey121314.itch.io/ball-boy/devlog/1537086/ball-boy-tutorial-is-out,,2026-05-30
https://aidanandrews.itch.io/wbbl-tv-800-ft/devlog/1537088/its-out,,2026-05-30
https://agrmayank.itch.io/backlog/devlog/1537089/v06-updates-to-keylogger-mode,,2026-05-30
https://itch.io/blog/1537090/a-part-of-the-shutter-chance-world,,2026-05-30
https://xerithh.itch.io/karst/devlog/1537091/shaping-the-divine-ui-overhaul-game-juice-and-reimagining-ar-gameplay,,2026-05-30
https://robo74689.itch.io/fire-ball/devlog/1537092/demo-v3-is-out,,2026-05-30
https://tufukins.itch.io/glatzschwert/devlog/1537093/steam-deck-compatibility-information,,2026-05-30
https://northfall-games.itch.io/the-last-safehouse/devlog/1537094/the-final-grind-the-last-safehouse-devlog,,2026-05-30
https://fishingwithclippy.itch.io/color-blocks-gfc-remake/devlog/1537095/first-demo-patch-2,,2026-05-30
https://arocha791.itch.io/neonrush/devlog/1537096/neonrush,,2026-05-30
https://thp.itch.io/meal-plan/devlog/1537097/meal-plan-13-for-redhat-linux-80-i386,,2026-05-30
https://nazgulia666.itch.io/shred-the-horde/devlog/1537098/shred-the-horde-08,,2026-05-30
https://rubber-ducky-games.itch.io/intruder-alert-part-one/devlog/1537099/intruder-alert-part-two,,2026-05-30
https://gamesoffatenj.itch.io/the-hedges-at-ezmareldas/devlog/1537100/demo-okay-i-think-saving-is-fixed-this-time,,2026-05-30
https://darythas.itch.io/astreon/devlog/1537101/053-patch-for-firefox,,2026-05-30
https://bariss0102.itch.io/project-simulacrum/devlog/1537102/biweekly-update-8-cyg-jam-9,,2026-05-30
https://itch.io/blog/1537103/oldnew,,2026-05-30
https://dirpnite.itch.io/dirpnite-battle-royale/devlog/1537104/new-dirpnite-v104,,2026-05-30
https://angelicempyress.itch.io/csviridis/devlog/1537105/5282026-art-upgrade-20,,2026-05-30
https://itch.io/blog/1537106/multyplayer-mode,,2026-05-30
https://nucleardorfus.itch.io/fps-project/devlog/1537107/v07-changelogs,,2026-05-30
https://galsov.itch.io/galactic-sovereignty/devlog/1537108/60-seconds-of-galsov-recruitment,,2026-05-30
https://ivandkridd.itch.io/blockverse-public-beta/devlog/1537110/content-creator-tee-upd-no-1,,2026-05-30
https://berenefoundation.itch.io/berene-clicker/devlog/1537111/berene-clicker-v4,,2026-05-30
https://gn4rk.itch.io/pilou-yum-yum-fever/devlog/1537112/update-tweaked-the-level-added-a-timer,,2026-05-30
https://chapitin.itch.io/domain/devlog/1537113/pre-order-now-available,,2026-05-30
https://purplpup.itch.io/i-dont-think-the-sun-is-real/devlog/1537114/coming-to-steam,,2026-05-30
https://sulfur-cretin.itch.io/illegal-fat-gambling/devlog/1537115/discord-server,,2026-05-30
https://itch.io/blog/1537116/hora-de-la-siesta-teaser-oficial,,2026-05-30
https://thebreckters.itch.io/students-vs-guard/devlog/1537117/art-95,,2026-05-30
https://kausaustralis.itch.io/crave-flesh/devlog/1537118/chapter-3-release-tomorrow-big-updates-on-the-future-,,2026-05-30
https://makoteam.itch.io/slotornot/devlog/1537119/-slot-or-not-steam-release-100-,,2026-05-30
https://comalex.itch.io/privateers-ledger/devlog/1537120/privateers-ledger-prototype-1-devlog,,2026-05-30
https://rampfo.itch.io/just-roll/devlog/1537121/just-roll-is-now-released,,2026-05-30
https://nexavisuals.itch.io/dark-fantasy-potions-alchemy-icons/devlog/1537123/dark-fantasy-potions-alchemy-icons-launch-devlog,,2026-05-30
https://snapmods.itch.io/monster-futa-wonderland/devlog/1537124/new-snapshot-bonus-content,,2026-05-30
https://varcex.itch.io/the-night-shift/devlog/1537125/update-on-the-night-shift-faqs,,2026-05-30
https://cutebakery.itch.io/oworld/devlog/1537126/dev-update-1-genre-shift,,2026-05-30
https://gate.itch.io/derelict-star/devlog/1537127/update-v109,,2026-05-30
https://heysmil.itch.io/skill-icons-pack-warlock/devlog/1537128/skill-icons-pack-warlock-devlog,,2026-05-30
https://nekan0v1.itch.io/super-poster-ronny/devlog/1537129/dx-devlog-one,,2026-05-30
https://alcyone-legends.itch.io/alcyone-legends/devlog/1537132/release-012-vers,,2026-05-30
https://castamar-rpg.itch.io/dungeons-and-dustbunnies/devlog/1537133/thanks,,2026-05-30
https://sad-crab.itch.io/innocent-witches/devlog/1537134/0121b-fix1-0116b-fix1-release-news,,2026-05-30
https://sad-crab.itch.io/innocent-witchesfree/devlog/1537135/0121b-fix1-0116b-fix1-release-news,,2026-05-30
https://mghurston.itch.io/avemolech/devlog/1537136/update-0104,,2026-05-30
https://lewdmilk.itch.io/lewd-heaven-my-lust-fate/devlog/1537137/two-ways-to-get-the-latest-version,,2026-05-30
https://bloodred-source.itch.io/os-ui-pack/devlog/1537138/os-ui-launch,,2026-05-30
https://cerbion.itch.io/ensis-idle/devlog/1537139/hotfix-v0510,,2026-05-30
https://tinarskii.itch.io/me2png/devlog/1537140/040-more-configggs,,2026-05-30
https://pedrolibros.itch.io/labios-salvajes/devlog/1537141/wild-lips-6th-anniversary,,2026-05-30
https://godotsteam.itch.io/godotsteamkit/devlog/1537142/update-to-v111,,2026-05-30
https://kbludoo.itch.io/bitbruto/devlog/1537143/verso-08,,2026-05-30
https://shoulderoforion.itch.io/shoulder-of-orion/devlog/1537144/lora-sends-her-regards,,2026-05-30
https://teamousegames.itch.io/mouse-in-a-house/devlog/1537145/where-to-see-the-progress,,2026-05-30
https://darythas.itch.io/astreon/devlog/1537146/055-add-tutoriel,,2026-05-30
https://dubzn.itch.io/jokers-of-neon/devlog/1537147/big-update-daily-and-weekly-missions,,2026-05-30
https://wiktorsss.itch.io/eye-cuts/devlog/1537148/eye-cuts-small-update-fog,,2026-05-30
https://tinarskii.itch.io/me2png/devlog/1537150/041-bugzzz,,2026-05-30
https://jaime-harley.itch.io/the-remainders/devlog/1537151/update-version-36,,2026-05-30
https://the-deprecated.itch.io/lastsight/devlog/1537152/update-beta61,,2026-05-30
https://alien-arena.itch.io/alien-arena/devlog/1537153/7721-available-on-flathub-linux,,2026-05-30
https://codyford.itch.io/heatwave-sams-stay-demo/devlog/1537155/the-full-game-is-available-now-httpscodyforditchioheatwave-sams-stay,,2026-05-30
https://ukeymusic.itch.io/cat-petting-simulator/devlog/1537156/beta-3-release,,2026-05-30
https://underdeveloped-studios.itch.io/stylish-strikez/devlog/1537157/day-4-ball-go-spinny,,2026-05-30
https://err0r4224699.itch.io/fpe-the-fangame-with-paper-school/devlog/1537158/-big-updates-28052026,,2026-05-30
https://lizardfactory.itch.io/monsterbrothel/devlog/1537159/v0260-orcs-dorks-and-punks,,2026-05-30
https://err0r4224699.itch.io/fpe-the-fangame-with-paper-school/devlog/1537160/big-fundamental-paper-school-exterior-update,,2026-05-30
https://mango-power.itch.io/this-short-indie-game-made-me-miss-my-friends-rainy-plays-lonely-game-livestrea/devlog/1537161/new-full-game-released,,2026-05-30
https://little-ones.itch.io/cozy-game-company/devlog/1537162/shop-shelves-mac-linux-support-and-steam-progress,,2026-05-30
https://dragonrod342.itch.io/digital-tamers-2/devlog/1537163/patch-121-is-now-available,,2026-05-30
https://blalasaadri.itch.io/31-characters-in-31-days/devlog/1537164/only-a-few-more-days-left,,2026-05-30
https://untalaugustus.itch.io/los-periplos-de-ciro-y-sus-amigos/devlog/1537165/cambio-miscelaneo-footsteps,,2026-05-30
https://devod322.itch.io/tanky-tank/devlog/1537166/103-has-been-launched,,2026-05-30
https://drattvaeldrynh.itch.io/night-shift/devlog/1537167/devlog-spoilers-2,,2026-05-30
https://fiveheadgames.itch.io/hillforts/devlog/1537168/update-v010,,2026-05-30
https://glider5175.itch.io/sps-spell-programming-system/devlog/1537169/systems-style-and-building,,2026-05-30
https://armouredboar.itch.io/moon-valley-farm/devlog/1537170/dark-mode-update-v0003,,2026-05-30
https://lucasborboleta.itch.io/terre-de-barons-music-and-art/devlog/1537171/update-pronunciation-secrets-of-the-latin-chant,,2026-05-30
https://capsuleteam.itch.io/capsule-vn-engine/devlog/1537172/-capsule-vn-engine-changelog-v193,,2026-05-30
https://cattrigger.itch.io/carnivore/devlog/1537173/carnivore-out-now,,2026-05-30
https://chocolatecake5000.itch.io/blobbys-big-blobventure/devlog/1537174/blobby-10-is-out,,2026-05-30
https://0thefallenangel0.itch.io/dark-of-hemi/devlog/1537175/dark-of-hemi-v110-update,,2026-05-30
https://durbin-max.itch.io/beyond-a-ttrpg-companion-app/devlog/1537176/beyond-pilgrams-of-a-dying-world,,2026-05-30
https://ipad-developer.itch.io/no-time-left-to-explain/devlog/1537177/no-time-left-to-explain-patch-025,,2026-05-30
https://brainrotbazzar.itch.io/stillkin/devlog/1537178/stillkin-v05-team-of-3-real-combat-stats-and-a-brand-new-backpack,,2026-05-30
https://duve-dev.itch.io/artifice/devlog/1537179/artifice-01-public-release,,2026-05-30
https://miimoka.itch.io/robot-jet-world/devlog/1537180/update-v11,,2026-05-30
https://alfredbs.itch.io/wastelight/devlog/1537181/02,,2026-05-30
https://cozy-fae.itch.io/cozy-fae-pixel-base/devlog/1537182/-sword-base-animation-improvements,,2026-05-30
https://releaseplay.itch.io/bonkrush-demo/devlog/1537183/demo-is-out-now,,2026-05-30
https://godfrigames.itch.io/the-dimenna/devlog/1537184/0013,,2026-05-30
https://goonerfuelgames.itch.io/naughty-factory/devlog/1537185/naughty-factory-v011-build-on-patreon,,2026-05-30
https://dizeus.itch.io/crankpit/devlog/1537186/crankpit-v03-update-is-live-full-game-free-demo,,2026-05-30
https://gamingtalesstudio.itch.io/sfta/devlog/1537187/-sanji-fantasy-toon-adventure-v10-final-release-is-now-live-,,2026-05-30
https://toastdoesdev.itch.io/melee101/devlog/1537188/the-start-of-melee101,,2026-05-30
https://axelvborn.itch.io/snakeloop/devlog/1537189/update-4,,2026-05-30
https://anildemir.itch.io/glaide-demo/devlog/1537190/v032-synergies-and-stats,,2026-05-30
https://xmafiagames-dev.itch.io/mwt/devlog/1537191/version-025-is-now-available,,2026-05-30
https://realvjy.itch.io/last-revision/devlog/1537192/player-animation-update,,2026-05-30
https://axelvborn.itch.io/rhombus/devlog/1537193/update-vd3,,2026-05-30
https://adularia25.itch.io/the-perilous-plot/devlog/1537194/inspiration-behind-the-perilous-plot,,2026-05-30
https://jellyfishlines.itch.io/townies/devlog/1537195/townies-has-interior-art,,2026-05-30
https://haroldo-ok.itch.io/dangerous-dave-sms/devlog/1537196/v002-make-the-levels-closer-to-the-original-and-implement-scrolling,,2026-05-30
https://splagoon.itch.io/spiral/devlog/1537197/update-528,,2026-05-30
https://anbuafterdark.itch.io/path-of-desire-cursed-chakra/devlog/1537198/v043-bug-fixes,,2026-05-30
https://itch.io/blog/1537199/a-pretty-cool-update,,2026-05-30
https://bakednoobs.itch.io/the-grid/devlog/1537200/006,,2026-05-30
https://itsashn.itch.io/tiny-kingdom/devlog/1537201/trees-trees-and-trees,,2026-05-30
https://horndog-games.itch.io/monster-girl-university/devlog/1537202/monster-girl-university-v03-public,,2026-05-30
https://mashiro11.itch.io/guildbattalion/devlog/1537203/bugfixes,,2026-05-30
https://eyezore.itch.io/milo-and-the-alien-incident/devlog/1537204/milo-demo-v102,,2026-05-30
https://plagmaq.itch.io/maze-03-p/devlog/1537205/p21,,2026-05-30
https://turordeia-games.itch.io/home-of-my-own/devlog/1537206/storytime-taking-a-look-at-this-again,,2026-05-30
https://puppetdevmaster.itch.io/scammo/devlog/1537207/scammo-051-polish-based-on-feedback,,2026-05-30
https://progchad.itch.io/airspace-raider/devlog/1537208/airspace-raider-v11-release,,2026-05-30
https://maniakstudios.itch.io/abismo/devlog/1537209/building-the-psychological-narrative-system-of-abismo,,2026-05-30
https://dead-static-interactive.itch.io/ball-o-gremlin/devlog/1537210/ball-o-gremlin-devlog-fixes-loading-screens-whats-next,,2026-05-30
https://ziggyd.itch.io/exiled-guild-manager/devlog/1537211/patch-015b-dismiss-exiles-expanded-roster-size,,2026-05-30
https://adularia25.itch.io/the-perilous-plot/devlog/1537212/from-card-game-to-interactive-fiction,,2026-05-30
https://shadowswordstudio.itch.io/ashen-bloom/devlog/1537213/quest-progression-and-bloom-nest-checkpoints-in-ashen-bloom,,2026-05-30
https://aranclanos.itch.io/maid-cafe-coop/devlog/1537214/weekly-update-multicolored-hair,,2026-05-30
https://makunochi.itch.io/unlinkin/devlog/1537215/unlinkin-lunatics,,2026-05-30
https://pyrovibeofficial.itch.io/djs-last-broadcast/devlog/1537216/dlb-roadmap,,2026-05-30
https://matthewq51.itch.io/flamo-tag/devlog/1537217/tea,,2026-05-30
https://tinarskii.itch.io/me2png/devlog/1537218/042-cute-and-funny-program,,2026-05-30
https://ebrunetta.itch.io/carnival/devlog/1537220/nuove-modifiche-a-carnival-tratti-e-crescita-del-personaggio,,2026-05-30
https://kinzzze.itch.io/kogane/devlog/1537221/112,,2026-05-30
https://retrendo.itch.io/boozer-dreams-c64/devlog/1537222/boozer-dreams-stability-sound-update,,2026-05-30
https://leafygames.itch.io/idols-of-ash/devlog/1537223/version-140,,2026-05-30
https://tech-weasel.itch.io/battle-for-lanastan/devlog/1537224/2026-rework,,2026-05-30
https://mghurston.itch.io/avemolech/devlog/1537225/update-0106,,2026-05-30
https://rob771.itch.io/loz-another-adventure/devlog/1537226/demo-update,,2026-05-30
https://cyberbeep1337.itch.io/b4d-g3r/devlog/1537227/b4d-g3r-072-devlog,,2026-05-30
https://up-n-at-it-games.itch.io/clockwork-trials/devlog/1537228/improving-player-feedback-systems-for-gameplay-clarity-by-jacob-cunningham,,2026-05-30
https://edenbytes.itch.io/asteroid-sweeper-rocky-frontier/devlog/1537230/gameplay-balancing-improvement,,2026-05-30
https://itch.io/blog/1537232/green-ninja-update,,2026-05-30
https://thinkwithgames.itch.io/youarethecode/devlog/1537233/itchio-release-and-new-steam-version-available-for-you-are-the-code,,2026-05-30
https://itchy-dev-games.itch.io/now-with-more-plunk/devlog/1537234/v13-complete,,2026-05-30
https://amurobird.itch.io/far-manor/devlog/1537235/released-v03,,2026-05-30
https://peazygs.itch.io/into-nardath/devlog/1537236/minor-update-alpha-v093-is-live,,2026-05-30
https://lazyanttu.itch.io/wordless-war/devlog/1537237/difficulty-levels-and-ai-turn-clarity,,2026-05-30
https://itch.io/blog/1537238/just-looking-for-some-for-feedback-on-my-game-arcadsith,,2026-05-30
https://8080.itch.io/32se-for-amigaos-32/devlog/1537239/amigaos-32se-5th-anniversary-release-,,2026-05-30
https://up-n-at-it-games.itch.io/clockwork-trials/devlog/1537240/making-game-flow-work-smoothly-across-menus-controllers-and-level-progression-by-keith-janish,,2026-05-30
https://koffsyrup.itch.io/bajanball-z/devlog/1537241/small-quality-of-life-update,,2026-05-30
https://itch.io/blog/1537242/hoo,,2026-05-30
https://unknownorigingames.itch.io/oddrealm/devlog/1537246/110-beta-10-is-live,,2026-05-30
https://itch.io/blog/1537247/1-month-ago-after-april-29-2026,,2026-05-30
https://plasticcupgames.itch.io/beatdeath/devlog/1537249/difficulty-and-polish-update,,2026-05-30
https://olrucukral.itch.io/cybergrid-sci-fi-ui-button-pack/devlog/1537250/new-asset-release-stylized-anime-cybergrid-ui-button,,2026-05-30
https://met-wally-games.itch.io/yostops-sewer/devlog/1537253/new-update-is-coming-soon,,2026-05-30
https://tunditur-unda.itch.io/rpg20/devlog/1537256/authors-notes,,2026-05-30
https://paulo-rennan.itch.io/o-vale/devlog/1537257/nova-atualizao-sendo-preparada,,2026-05-30
https://lallexyz.itch.io/they-come-in-boxes/devlog/1537258/tcib-version-05,,2026-05-30
https://gokolokgjo.itch.io/iron-covenant/devlog/1537259/published,,2026-05-30
https://breadstudioss.itch.io/prison-guess/devlog/1537263/new-game-prison-guess,,2026-05-30
https://asephy.itch.io/project-chicago/devlog/1537264/demo-v001-fixes,,2026-05-30
https://voirey.itch.io/kulmovaatka/devlog/1537265/progress-28th-may-2026-a-devlog-we-deserve,,2026-05-30
https://soup64.itch.io/aiden-creepy-run-scvary/devlog/1537266/and-reoid,,2026-05-30
https://blackandwhiteswan.itch.io/black-white-swan-issue-3/devlog/1537268/new-issue-is-out,,2026-05-30
https://azkron.itch.io/rogue-collector/devlog/1537271/-rogue-collector-v0036,,2026-05-30
https://teamousegames.itch.io/mouse-in-a-house/devlog/1537272/known-bugs,,2026-05-30
https://sexychinaman.itch.io/the-suburbs/devlog/1537274/the-suburbs-out-now,,2026-05-30
https://samasgari.itch.io/gjerdingsaeterkvadet/devlog/1537275/inspirasjon-og-implementasjon-del-2,,2026-05-30
https://marino-sumo.itch.io/taboo-island/devlog/1537276/taboo-island-chapter2,,2026-05-30
https://cd-developer.itch.io/poopy-doopys-bathrooms/devlog/1537277/poopy-doopy-v105,,2026-05-30
https://ziul-walls.itch.io/matchfur-battle/devlog/1537278/matchfur-battle-v-19-last-patch,,2026-05-30
https://devbit1.itch.io/asha-alpha-demo/devlog/1537279/creating-a-genre-that-doesnt-exist-yet,,2026-05-30
https://up-n-at-it-games.itch.io/clockwork-trials/devlog/1537280/to-move-a-platform-by-nicolas-anestor,,2026-05-30
https://ethan-simple-animation.itch.io/simple-orb-animation-pixel-32x32/devlog/1537281/new-orb-v2-new-animation-impact-throw,,2026-05-30
https://seraphrdm.itch.io/inaroras-excursion/devlog/1537282/lets-goooooo,,2026-05-30
https://casper-gaming.itch.io/cgmz-hooks/devlog/1537283/version-alpha-r13-release-notes,,2026-05-30
https://ushurileo.itch.io/agro-tycoon/devlog/1537284/v0118-web-version,,2026-05-30
https://fysura88.itch.io/tbc/devlog/1537286/devlog-1-first-gameplay-preview-development-update,,2026-05-30
https://obviouslyasicko.itch.io/capsule-beast-battle-above-the-tower/devlog/1537288/nsfwcapsule-beast-battle-above-the-tower,,2026-05-30
https://neon-labs.itch.io/crypts-of-ruin/devlog/1537289/update-2,,2026-05-30
https://itch.io/blog/1537290/may-patreon-cgs,,2026-05-30
https://kokostudios.itch.io/window-size-previewer/devlog/1537292/incorporation-into-dkit,,2026-05-30
https://rainnysgar.itch.io/sd-n1ghtlys-fever/devlog/1537293/devlog-1,,2026-05-30
https://vhelin.itch.io/ttursas-balance-collection/devlog/1537294/added-imperfect-balance-x-flash-port-by-ender,,2026-05-30
https://middae.itch.io/middai/devlog/1537295/version-15,,2026-05-30
https://neonvoidstudio.itch.io/glass-horse-luce-drive/devlog/1537296/glass-horse-luce-drive-dev-story,,2026-05-30
https://itchiouser12.itch.io/openmine/devlog/1537297/changelog-v-110-alpha,,2026-05-30
https://kevinsong11-bot.itch.io/chaos-survivor/devlog/1537298/chaos-survivor,,2026-05-30
https://fletchpike.itch.io/live-tracks/devlog/1537299/live-tracks-update-v151,,2026-05-30
https://damstudio.itch.io/breakout/devlog/1537300/breakout,,2026-05-30
https://imdisdain.itch.io/memphis-massacre/devlog/1537301/update2-fixes,,2026-05-30
https://bullyaustin.itch.io/descend-rougelike-shooter/devlog/1537302/starting-again-after-a-year,,2026-05-30
https://beheadeddeer.itch.io/cain-the-governor/devlog/1537303/balancing-and-minor-rewrites,,2026-05-30
https://naughtybitsinteractive.itch.io/lustrya/devlog/1537304/major-announcement,,2026-05-30
https://castamar-rpg.itch.io/planned-copsolescence/devlog/1537305/cover-updated,,2026-05-30
https://spirigladier.itch.io/nat-one/devlog/1537306/v12-finalized-finally,,2026-05-30
https://itch.io/blog/1537307/new-dev-log-for-future-games,,2026-05-30
https://redpebble.itch.io/debt-race-2071/devlog/1537308/post-jam-qol-update,,2026-05-30
https://keywordgames.itch.io/a-ultima-gravacao/devlog/1537309/v003-dia-3-fundaes-slidas-e-o-depsito-ganha-vida,,2026-05-30
https://vetrex09.itch.io/swat-game-demo/devlog/1537310/new-cover-textures,,2026-05-30
https://dngnclub.itch.io/thank-you-for-shopping/devlog/1537311/thank-you-for-shopping,,2026-05-30
https://shadowswordstudio.itch.io/ashen-bloom/devlog/1537312/building-the-inventory-and-upgrade-menu-systems,,2026-05-30
https://unkindy.itch.io/strict-commitment-2-lost-in-space/devlog/1537313/maintenance-log-2-looking-better,,2026-05-30
https://mghurston.itch.io/avemolech/devlog/1537315/update-0107,,2026-05-30
https://omar-ibrahem.itch.io/whispering-forest-platformer-pack/devlog/1537316/update-12-new-ui,,2026-05-30
https://looselizard.itch.io/dungeons-by-chance/devlog/1537317/v13-bug-fixes,,2026-05-30
https://itch.io/blog/1537318/look-dev-and-lighting,,2026-05-30
https://ayyemtea.itch.io/first-love/devlog/1537319/first-loves-first-time-out-in-the-world,,2026-05-30
https://ayyemtea.itch.io/first-love/devlog/1537320/first-loves-first-time-out-in-the-world,,2026-05-30
https://ayyemtea.itch.io/first-love/devlog/1537321/first-loves-first-time-out-in-the-world,,2026-05-30
https://itch.io/blog/1537322/may-2026-update,,2026-05-30
https://ayyemtea.itch.io/first-love/devlog/1537323/first-loves-first-time-out-in-the-world,,2026-05-30
https://ayyemtea.itch.io/first-love/devlog/1537324/first-loves-first-time-out-in-the-world,,2026-05-30
https://ayyemtea.itch.io/first-love/devlog/1537325/first-loves-first-time-out-in-the-world,,2026-05-30
https://zedworks.itch.io/mind-heaven/devlog/1537326/the-song-more-songs,,2026-05-30
https://midnight-meister.itch.io/toadna-adventure-begins-revision/devlog/1537327/update-011,,2026-05-30
https://parallelsystem.itch.io/a-way-out-jam-game/devlog/1537328/a-way-out-post-jam-update,,2026-05-30
https://omar-ibrahem.itch.io/whispering-forest-unity-package/devlog/1537329/update-1-new-ui,,2026-05-30
https://drillimation.itch.io/touhou-meishuugeki-cursed-sweeper-and-bewildering-parallel/devlog/1537330/alpha-110-update,,2026-05-30
https://scrappydoodles.itch.io/trip-to-tombstone/devlog/1537331/11-update,,2026-05-30
https://hello-im-zane.itch.io/solar-system-toy/devlog/1537332/first-build-uploaded,,2026-05-30
https://samasgari.itch.io/gjerdingsaeterkvadet/devlog/1537333/kjapp-bugfix,,2026-05-30
https://oyion-gaming.itch.io/debugtale/devlog/1537334/days-of-adding-stuff,,2026-05-30
https://vitormakesgames.itch.io/coal-4-cash/devlog/1537335/fixed-controls,,2026-05-30
https://alexisroyce.itch.io/nonplatonic-forms-teaser-demo/devlog/1537336/version-050-up-for-patrons,,2026-05-30
https://green-dragonzg7s-games.itch.io/from-the-shadows-demo/devlog/1537337/from-the-shadows-roadmap-3-year-celebration,,2026-05-30
https://darsycho.itch.io/enigmatic-worlds/devlog/1537338/enigmatic-worlds-11-fair-bit-of-bugs-and-oversights-fixed,,2026-05-30
https://loonettevillegas.itch.io/critical/devlog/1537339/devlog-hito-2,,2026-05-30
https://makevisualnovels.itch.io/blog/devlog/1537340/planned-articles-suggestions,,2026-05-30
https://juztripper.itch.io/pixelforge/devlog/1537341/v160-whole-view-capture-sharper-effects,,2026-05-30
https://itch.io/blog/1537343/new-release-needs-testers,,2026-05-30
https://firedevyt.itch.io/letter-from-the-lost/devlog/1537344/making-my-first-steam-game,,2026-05-30
https://pgshiho.itch.io/outland-shelter/devlog/1537345/fix-bug,,2026-05-30
https://nailbat.itch.io/backstage/devlog/1537346/week-24-a-bit-spooky-actually,,2026-05-30
https://lucas2429.itch.io/motor-maze-combat/devlog/1537347/hito-2,,2026-05-30
https://itch.io/blog/1537348/specimen-of-yan-is-now-in-development-,,2026-05-30
https://aldrine.itch.io/pokemon-unchosen/devlog/1537349/nouveau-launcher-et-english-version,,2026-05-30
https://stormwalkerpress.itch.io/patron/devlog/1537350/launched,,2026-05-30
https://kunoichielfindie.itch.io/2d-pixel-isometric-tileset-asset/devlog/1537351/new-update-add-a-snow-grass-tile-into-2d-pixel-tileset-asset,,2026-05-30
https://a-higher-plane.itch.io/beastbook-battle-compatible-bestiary-for-rpg-maker-mv/devlog/1537352/the-beastbook-plugin-is-now-compatible-with-both-rpg-maker-mv-and-rpg-maker-mz-improvements,,2026-05-30
https://mghurston.itch.io/avemolech/devlog/1537353/update-0108,,2026-05-30
https://jhnbsomers.itch.io/sinisistar-2-free-dowloand-full-game-only-windows/devlog/1537354/sinisistar-2-free-dowloand-full-game-only-windows,,2026-05-30
https://obsidiandesire.itch.io/my-ntr-girlfriend-sophia/devlog/1537355/my-ntr-girlfriend-sophia-v030-for-patreon-supporters-,,2026-05-30
https://mammothplant.itch.io/mirrored-soul/devlog/1537356/v119-patch,,2026-05-30
https://st-chem-atelier.itch.io/guardiangels/devlog/1537357/game-is-out,,2026-05-30
https://vrtgo-games.itch.io/icu/devlog/1537358/icu-demo-2-released,,2026-05-30
https://jontomato.itch.io/pour-over/devlog/1537359/v10-the-streaming-rewrite,,2026-05-30
https://jhnbsomers.itch.io/knightly-passions-free-dowloand-only-windows/devlog/1537360/knightly-passions-free-dowloand-full-dlc-only-windows,,2026-05-30
https://robot-stu-studio.itch.io/what-has-happened/devlog/1537361/devlog-update-trailer-live-final-kilrowan-polish,,2026-05-30
https://rhombusstudios.itch.io/ace-survivors/devlog/1537362/52826-update,,2026-05-30
https://urb4ngh0st.itch.io/ut4-maps/devlog/1537363/updating-previous-unreal-tournament-4-maps,,2026-05-30
https://real-brainded.itch.io/void-descent/devlog/1537364/version-070-major-balance-update,,2026-05-30
https://gaasha.itch.io/bloomagain/devlog/1537365/v08-news-v07-fixes-and-character-banners,,2026-05-30
https://vrtgo-games.itch.io/dungeon-diver-2/devlog/1537366/v03-update-the-amber-desert,,2026-05-30
https://shadowswordstudio.itch.io/ashen-bloom/devlog/1537367/third-person-camera-polish,,2026-05-30
https://himizzy.itch.io/final-stepasy/devlog/1537368/v151a,,2026-05-30
https://whimsnum.itch.io/tas-the-game/devlog/1537369/021-lighting-and-visuals,,2026-05-30
https://jhnbsomers.itch.io/futa-fucks-femboys-free-dowloand-only-windows/devlog/1537370/futa-fucks-femboys-free-dowloand-only-windows,,2026-05-30
https://traffixcone.itch.io/spike-project/devlog/1537371/spawn-system,,2026-05-30
https://duskworks.itch.io/aporia-aegis-antechamber/devlog/1537372/macos-release,,2026-05-30
https://devod322.itch.io/tanky-tank/devlog/1537373/104-has-been-launched,,2026-05-30
https://gafaszt2.itch.io/castle-triumph-d/devlog/1537374/castle-triumph-07c,,2026-05-30
https://mrjoshuahoward.itch.io/matador/devlog/1537375/tutorials-on-the-way,,2026-05-30
https://manixbatosai.itch.io/cubicshift/devlog/1537376/tutorial-added,,2026-05-30
https://trunks.itch.io/creatures/devlog/1537377/region-bosses,,2026-05-30
https://metalwar.itch.io/lands-of-folklore/devlog/1537378/-devlog-19-fantasmas-en-la-gpu-y-el-naufragio-de-las-pointlight2d,,2026-05-30
https://leafygames.itch.io/idols-of-ash/devlog/1537379/version-141,,2026-05-30
https://itch.io/blog/1537380/new-game,,2026-05-30
https://itch.io/blog/1537381/updated-all-games,,2026-05-30
https://asparagusman.itch.io/hardest-game-2/devlog/1537382/hardest-game-2-devlog,,2026-05-30
https://pgshiho.itch.io/outland-shelter/devlog/1537383/fix-bug,,2026-05-30
https://squik-s.itch.io/winter-breath-effect-rpg-maker-mvmz-plugin/devlog/1537384/new-winter-breath-effect-for-rpg-maker-mv-mz,,2026-05-30
https://rinaka.itch.io/diffracted/devlog/1537386/a-small-update-to-the-adventure-file,,2026-05-30
https://redmacaroni.itch.io/vacuum-survivors/devlog/1537387/endless-mode-released-vacuum-survivors,,2026-05-30
https://xianyeexing.itch.io/uncle-red-on-the-run/devlog/1537388/upgraded-to-a-brand-new-tracking-model,,2026-05-30
https://nightfable.itch.io/from-darkness-i-bind-you-demo/devlog/1537389/heads-up-copyright-infringement,,2026-05-30
https://kuzxkx.itch.io/art-walk-demo/devlog/1537390/development-update,,2026-05-30
https://byronbulb.itch.io/bandestar/devlog/1537391/062,,2026-05-30
https://nappingcloud.itch.io/jamkit-pixel-beat-em-up-asset-pack/devlog/1537392/jamkit-pixel-beat-em-up-is-available-now,,2026-05-30
https://flying-moose.itch.io/saving-the-besties/devlog/1537393/saving-the-besties-final-update,,2026-05-30
https://lord-of-the-stack.itch.io/of-towers-and-teeth/devlog/1537394/trenchers,,2026-05-30
https://jiusand.itch.io/two-years-later/devlog/1537395/two-years-later,,2026-05-30
https://deafrocket.itch.io/hello-world/devlog/1537398/hello-world-v042-bugfix-phase-1,,2026-05-30
https://realmentemal.itch.io/taca-taca-game/devlog/1537399/hito-2-taca-taca-con-huesillo,,2026-05-30
https://ninjakillzu.itch.io/collector/devlog/1537400/new-devlog,,2026-05-30
https://bigadventure.itch.io/dream-team-supreme/devlog/1537401/the-auto-save-update-is-finally-here,,2026-05-30
https://ryutherunnerbr.itch.io/foot-ball-ed/devlog/1537402/update-new-hair-and-stamina-bar,,2026-05-30
https://aiainaine.itch.io/please-eat-this/devlog/1537404/full-voice-acting-update,,2026-05-30
https://itch.io/blog/1537405/launch-discount-ending-soon,,2026-05-30
https://blue-makes-games.itch.io/smashing-bottles/devlog/1537406/smashing-bottles-patch-1-bunch-of-bug-fixes,,2026-05-30
https://game-dev-goose.itch.io/magic-circle-generator/devlog/1537407/magic-circle-generator-20-beta-out-now,,2026-05-30
https://shaktillar.itch.io/city-taxi-simulator/devlog/1537408/browser-demo-is-now-available,,2026-05-30
https://h4plo.itch.io/unison/devlog/1537409/atari-st-version-released,,2026-05-30
https://thepavement.itch.io/voyager/devlog/1537410/improved-enemy-spawns,,2026-05-30
https://chaosxtrm.itch.io/a-minor-border-conflict/devlog/1537411/a-minor-border-conflict-085-update-diplomacy-mercenary-contracts-and-faster-late-game-turns,,2026-05-30
https://goldeditninja.itch.io/ehnheration-pre-pre-alpha-access-wip/devlog/1537412/update-131-bug-fixes,,2026-05-30
https://xarishro.itch.io/fueled-by-insanity/devlog/1537413/018-update-ted-route-ending,,2026-05-30
https://yoihoi.itch.io/life-part-1-the-fall-cour-1/devlog/1537414/first-look-for-life-part-1,,2026-05-30
https://palass.itch.io/zelox/devlog/1537415/version-0212-beta-la-patch-guigui,,2026-05-30
https://morgenschilder.itch.io/bushiden/devlog/1537416/bushi-den-beta-update-013,,2026-05-30
https://benallengamer.itch.io/wperspective/devlog/1537417/first-view-of-mechanics-and-game-world,,2026-05-30
https://stgiga.itch.io/tyroland/devlog/1537418/added-va-76-drums,,2026-05-30
https://freejoe2020.itch.io/lingering-shadow/devlog/1537419/improve-ui-and-scenes-dialogs,,2026-05-30
https://benallengamer.itch.io/wperspective/devlog/1537420/physics-update-and-next-level,,2026-05-30
https://up-n-at-it-games.itch.io/clockwork-trials/devlog/1537421/the-elevator-door-problem-by-matthew-tedford,,2026-05-30
https://shadowswordstudio.itch.io/ashen-bloom/devlog/1537422/devlog-perfect-dodge-perfect-parry-and-player-motion-implementation,,2026-05-30
https://cattrigger.itch.io/carnivore/devlog/1537423/hot-fix-beta-v5a-windows,,2026-05-30
https://benallengamer.itch.io/wperspective/devlog/1537424/different-signals-and-finished-level,,2026-05-30
https://samasgari.itch.io/gjerdingsaeterkvadet/devlog/1537425/ser-du-drlig-far,,2026-05-30
https://cup2zzan.itch.io/yacht-multi/devlog/1537426/add-collision-rule-underdogdominance,,2026-05-30
https://benallengamer.itch.io/wperspective/devlog/1537427/lighting-boss-battle-release,,2026-05-30
https://okai.itch.io/excavatron/devlog/1537428/version-053,,2026-05-30
https://freeeazy.itch.io/gravi-sling-3d/devlog/1537429/075-inventory-overhaul-contract-improvements-tutorialonboarding-state-saving,,2026-05-30
https://prerisen.itch.io/blood-vault/devlog/1537430/blood-vaults-v003,,2026-05-30
https://itch.io/blog/1537431/nova-news-280626,,2026-05-30
https://shadowswordstudio.itch.io/ashen-bloom/devlog/1537432/fixing-enemy-dash-targeting-and-combat-movement,,2026-05-30
https://rinaka.itch.io/gridlock/devlog/1537433/pamphlet-layout-added,,2026-05-30
https://niichan029.itch.io/my-bully-is-my-lover/devlog/1537434/mbml-chapter-2-episode-2-changelog-and-release-schedule,,2026-05-30
https://jackchancer.itch.io/idlepunk/devlog/1537436/update-0470-mission-polish-and-more,,2026-05-30
https://gerection.itch.io/beta-safe-app/devlog/1537437/beta-safe-app-update-33,,2026-05-30
https://laureanix-studios.itch.io/the-9-cursed-books/devlog/1537438/price,,2026-05-30
https://chucrutt.itch.io/afk-studio/devlog/1537439/hito-2,,2026-05-30
https://kiwidreams-01.itch.io/lihiman-full/devlog/1537440/lihiman-full-game-now-100-free-for-limited-time,,2026-05-30
https://woundmark.itch.io/warmark/devlog/1537443/warmark-how-do-you-make-a-video-game-feel-like-a-table,,2026-05-30
https://dignitas-games.itch.io/vi/devlog/1537445/getting-the-poi-to-work-correctly,,2026-05-30
https://rggcd.itch.io/bn-formation-creator/devlog/1537446/v111-update,,2026-05-30
https://loopz-games.itch.io/the-many-cases-of-justin/devlog/1537448/major-update-05282026,,2026-05-30
https://soaringmoon.itch.io/cosmic-construct/devlog/1537451/may-2026-week-2,,2026-05-30
https://vndrscale.itch.io/dorm-roach/devlog/1537452/dev-log-34,,2026-05-30
https://dignitas-games.itch.io/vi/devlog/1537453/problems-with-networking-weapons,,2026-05-30
https://cybersummerstudio.itch.io/fulfillment-racing/devlog/1537454/username-replication,,2026-05-30
https://highgrind.itch.io/lookingforgrouptest1/devlog/1537455/first-upload,,2026-05-30
https://krishnamohan-yagneswaran.itch.io/synth-burst-ultimate-sound-effects-pack/devlog/1537456/devlog-1-introducing-synth-burst,,2026-05-30
https://hakuenstudio.itch.io/hakuen-studio-minimap/devlog/1537457/minimap-240-small-feature-lot-of-bug-fixes-and-performance-improvements,,2026-05-30
https://omega2791.itch.io/cn-topdown/devlog/1537458/pre-alpha-build-3-updates,,2026-05-30
https://thetotalunknown2341.itch.io/a-journey-project/devlog/1537459/802-bug-like-julie-update,,2026-05-30
https://arkytoothis.itch.io/aeldrath1/devlog/1537460/pre-alpha-v-013-released,,2026-05-30
https://fskycode.itch.io/grace-2d/devlog/1537461/30-base,,2026-05-30
https://connorhawke.itch.io/challenge-go/devlog/1537462/version-202605290055,,2026-05-30
https://glenn-main.itch.io/cc/devlog/1537463/calamitous-corridors-released,,2026-05-30
https://laughing-manatee.itch.io/puzzledepot/devlog/1537464/coming-soon-flames-fangs,,2026-05-30
https://masn3.itch.io/ship-battle-tactical/devlog/1537466/va5,,2026-05-30
https://lucesomnium.itch.io/cityofchoicesmetroafterdark/devlog/1537467/development-update-001-welcome-to-the-metro,,2026-05-30
https://anothergenericguy.itch.io/salamancas-witches/devlog/1537468/hello-class-we-are-group-7-and-this-is-salamancas-witches,,2026-05-30
https://storyofariya.itch.io/vitaleague/devlog/1537469/vitaleague-v2,,2026-05-30
https://blejeune.itch.io/kit-207-collapse/devlog/1537470/modeling,,2026-05-30
https://strawberrybraingames.itch.io/beginner-mode/devlog/1537471/world-map-added,,2026-05-30
https://mghurston.itch.io/avemolech/devlog/1537472/update-0109,,2026-05-30
https://kamaleon70.itch.io/code-snap-2600/devlog/1537473/version-084alpha-released,,2026-05-30
https://baldispiele-productions.itch.io/twellys-crazy-school-of-fun/devlog/1537474/beta-6-twelly-school,,2026-05-30
https://dignitas-games.itch.io/vi/devlog/1537475/updating-procedural-generator,,2026-05-30
https://ontogeny.itch.io/substrate/devlog/1537476/v09-rapid-iteration,,2026-05-30
https://illtemperedtuna.itch.io/the-seacrit-fish-game/devlog/1537477/theres-no-way-out-but-there-is-a-way-through,,2026-05-30
https://maconahgames.itch.io/plap-plap-plap-simulator/devlog/1537478/v022-added-color-picker-for-hairs,,2026-05-30
https://antonitodev.itch.io/laboratorio-del-caos/devlog/1537480/alpha-v067-available,,2026-05-30
https://the-orani-group.itch.io/the-orani-prism-demo/devlog/1537481/settlement-genesis-work,,2026-05-30
https://snowyplovergames.itch.io/memories-loaming/devlog/1537482/slippery-update,,2026-05-30
https://hiddlesthehero.itch.io/space-intruders/devlog/1537483/space-intruders-settings-and-music,,2026-05-30
https://cuerzor.itch.io/mvz2/devlog/1537484/version-060-released,,2026-05-30
https://snapmods.itch.io/moms-strollers-pack/devlog/1537486/new-snapshot-bonus-content,,2026-05-30
https://dickie1.itch.io/zone-idle/devlog/1537487/0256,,2026-05-30
https://gripfastgameworks.itch.io/godot-rng-audio-from-folders/devlog/1537488/version-11-for-use-with-godot-v461,,2026-05-30
https://gripfastgameworks.itch.io/godot-rng-audio-from-folders/devlog/1537489/version-11-for-use-with-godot-v461,,2026-05-30
https://gripfastgameworks.itch.io/godot-rng-audio-from-folders/devlog/1537490/version-11-for-use-with-godot-v461,,2026-05-30
https://gripfastgameworks.itch.io/godot-rng-audio-from-folders/devlog/1537491/version-11-for-use-with-godot-v461,,2026-05-30
https://tonny-games-dev.itch.io/toy-bunny-bonnie-bon-bon/devlog/1537492/uh-yeah-new-update-3,,2026-05-30
https://jasonbmusic.itch.io/4trk/devlog/1537493/4trk-minipocket-mode,,2026-05-30
https://itch.io/blog/1537494/turning-13,,2026-05-30
https://colearkenach.itch.io/the-fade-abyss/devlog/1537495/crb-v16-erratas-corrections-more,,2026-05-30
https://tirelesslurker.itch.io/incarnasoul/devlog/1537496/incarnasoul-alpha-37-patch-1,,2026-05-30
https://endysis.itch.io/the-last-winter-knight/devlog/1537497/patch-105-live,,2026-05-30
https://tohab.itch.io/nether-after/devlog/1537498/your-save-file-is-at-risk,,2026-05-30
https://noodle-dev.itch.io/cozy-twinkie/devlog/1537499/cozy-twinkie-for-gba,,2026-05-30
https://clord.itch.io/spring-neko-crystal-heists/devlog/1537500/spring-neko-crystal-heists-v014,,2026-05-30
https://hquyna.itch.io/odd-thing-smash/devlog/1537501/update-02-smash-animation-added,,2026-05-30
https://akhilreddy0622.itch.io/skypop-adventures/devlog/1537502/sky-pop-advantures,,2026-05-30
https://blejeune.itch.io/kit-207-collapse/devlog/1537503/week-12-post-testing-development,,2026-05-30
https://dna-tech.itch.io/dnaos/devlog/1537504/dnaos-132,,2026-05-30
https://itch.io/blog/1537505/a-lost-man-fully-hand-drawn-adventure-demo-available,,2026-05-30
https://bukmand.itch.io/unfair-square/devlog/1537506/new-update,,2026-05-30
https://kimchistan.itch.io/afc/devlog/1537507/v004-update,,2026-05-30
https://hiddlesthehero.itch.io/space-intruders/devlog/1537508/space-intruders-game-release,,2026-05-30
https://alterego-123.itch.io/modded2drocketleague/devlog/1537510/new-mod-just-dropped,,2026-05-30
https://connorhawke.itch.io/challenge-go/devlog/1537511/version-202605290055,,2026-05-30
https://blendogames.itch.io/blendo-itch-uploader/devlog/1537512/may-2026-update,,2026-05-30
https://blendogames.itch.io/blendo-steam-uploader/devlog/1537513/may-2026-update,,2026-05-30
https://nektwork.itch.io/liminalworld/devlog/1537514/devlog-002-loot-minigame-parallax-mapping,,2026-05-30
https://balrogbob.itch.io/voxelumality/devlog/1537516/stack-splitting-real-items-in-inventory-no-more-plceholders,,2026-05-30
https://room24c.itch.io/analytisave-local-data-analysis-tool-for-creators-freelancers/devlog/1537517/i-made-a-data-tool-then-found-out-similar-software-costs-12000,,2026-05-30
https://panpan17.itch.io/16-bit-hero-pack-vol1/devlog/1537518/-16-bit-npc-pack-vol1-released-bring-your-towns-to-life,,2026-05-30
https://elushis.itch.io/mutiny-island/devlog/1537523/v161-released-pvp-mode-improvements-more,,2026-05-30
https://h4baner0.itch.io/mantis3dm3d-rpg-maker-mz-3d-integration/devlog/1537524/update-133,,2026-05-30
https://exanimagames.itch.io/poof/devlog/1537525/poof-devlog-01,,2026-05-30
https://davesgames.itch.io/stella-nova/devlog/1537526/stella-nova-major-patch-1,,2026-05-30
https://azeelx.itch.io/joffreys-island/devlog/1537527/major-gameplay-update,,2026-05-30
https://jafg.itch.io/just-a-fucking-game/devlog/1537528/latest-loyalty-bonus-now-available,,2026-05-30
https://datchannin.itch.io/irsen/devlog/1537529/devblog-15-what-is-changing-in-public-version-0451,,2026-05-30
https://drag-and-plug-in.itch.io/visual-event-editor/devlog/1537532/v01144-beta-available-font-style-option-bug-fixes,,2026-05-30
https://itch.io/blog/1537533/3-games-for-299-limited-time-bundle,,2026-05-30
https://middae.itch.io/middai/devlog/1537534/v20-sneakpeak,,2026-05-30
https://carllacan.itch.io/coreward-demo/devlog/1537535/coreward-is-out-now,,2026-05-30
https://michel-molenaar.itch.io/war-of-the-worlds-c64/devlog/1537536/feedback-or-test-results-appreciated-final-build-in-2-weeks,,2026-05-30
https://studio-biadap.itch.io/forest-pixel-rpg-asset-pack/devlog/1537537/forest-rpg-pixel-art-asset-pack,,2026-05-30
https://manixbatosai.itch.io/cubicshift/devlog/1537539/adjusted-piece-movements,,2026-05-30
https://merlandese.itch.io/social-caterpillar/devlog/1537540/color-assist-patch-d28m05y2026,,2026-05-30
https://reuniko.itch.io/voxelmancy/devlog/1537541/lods,,2026-05-30
https://kolloid.itch.io/vidcontrol/devlog/1537542/version-2916-released,,2026-05-30
https://colyolyoctopus.itch.io/afk-intern-protocol/devlog/1537544/afk-artifact-intern-protocol-playtest-build-update,,2026-05-30
https://ravis-world.itch.io/button-of-working/devlog/1537545/v101,,2026-05-30
https://russian-typical-school.itch.io/russiantypicalschool/devlog/1537546/beta-version,,2026-05-30
https://rhedak.itch.io/panzer-island-web/devlog/1537547/dev-log-2026-05-29-achievements-visual-polish-and-bugfixes,,2026-05-30
https://fragile-empires.itch.io/fragile-empires/devlog/1537549/fragile-empires-the-complete-four-book-system-is-now-available,,2026-05-30
https://kingwasab.itch.io/monoformer/devlog/1537552/level-update,,2026-05-30
https://no3eron.itch.io/go-home-ball-legacy/devlog/1537553/10,,2026-05-30
https://pgshiho.itch.io/outland-shelter/devlog/1537554/update-with-hotfix,,2026-05-30
https://paperwaifu.itch.io/infinite-desires-anadira-sasha/devlog/1537555/infinite-desires-v127-5292026-update,,2026-05-30
https://eclipse-studiov.itch.io/surviving-highschool/devlog/1537556/web-build-is-live-huge-launch-thanks-episode-2-update-,,2026-05-30
https://artistotel.itch.io/the-surgeon/devlog/1537557/rules-streamlined-some-changes,,2026-05-30
https://northkey.itch.io/coins/devlog/1537558/a9-relics-with-a-side-of-bugs,,2026-05-30
https://easypeazygames.itch.io/koini/devlog/1537559/bugfix-52926,,2026-05-30
https://immoralstudios.itch.io/my-girlfriends-secret-kink/devlog/1537561/my-cuckqueen-girlfriend-may-update-is-out,,2026-05-30
https://kupstudio.itch.io/pixel-metroidvania/devlog/1537562/new-pixel-metroidvania-dev-log-0007,,2026-05-30
https://theevilent.itch.io/arcane-casters/devlog/1537564/devlog-11-deck-improvements-new-spells,,2026-05-30
https://iggi97.itch.io/pocket-incoming-rpg/devlog/1537565/update-3601,,2026-05-30
https://mistergjones.itch.io/metroidvaniaclone/devlog/1537566/updated-metroid-clone,,2026-05-30
https://mythexgames.itch.io/mazers-chapter-three/devlog/1537567/release-update,,2026-05-30
https://fast-undead.itch.io/fusil/devlog/1537568/game-update-version-06189,,2026-05-30
https://cskinproductions.itch.io/no-such-luck/devlog/1537569/chapter-6-release,,2026-05-30
https://hayfight.itch.io/supernovalley/devlog/1537570/whoops-v13-released,,2026-05-30
https://ggstudiodevelopers.itch.io/egor-exe-remake-demo-version/devlog/1537571/exe-remake-demo-version,,2026-05-30
https://kaiomoi.itch.io/ufo-signals/devlog/1537572/quality-of-life-update-,,2026-05-30
https://antipodegames.itch.io/antipoda/devlog/1537573/antipoda-v01-initial-release,,2026-05-30
https://2toon-art.itch.io/graviteye/devlog/1537574/graviteye,,2026-05-30
https://unholy-vessel.itch.io/idols-of-love/devlog/1537575/v20,,2026-05-30
https://downbadcash.itch.io/the-crooked-cup/devlog/1537576/the-crooked-cup-v090-public-beta-candidate-update,,2026-05-30
https://sj-logo-transparent.itch.io/baldis-basics-songkran-in-education-and-learning-x/devlog/1537578/bbsieal-x-1122-for-android-version-in-release-on-29-may-2026,,2026-05-30
https://infinitestars.itch.io/game/devlog/1537579/devlog-2026-05-29,,2026-05-30
https://dddhen.itch.io/7-days/devlog/1537580/7-days-v11,,2026-05-30
https://muhtashim.itch.io/chain-breaker/devlog/1537581/breaking-loops,,2026-05-30
https://ryu1284.itch.io/stelestial-contact-solar-storm/devlog/1537582/update-0560-battle-map-editor-start-even-more-vram-improvements,,2026-05-30
https://adamtheamazing.itch.io/maniacsadamsversion/devlog/1537583/out-now,,2026-05-30
https://oozwal.itch.io/pongtastic/devlog/1537584/fix-paddles-out-of-view-and-add-score-system-with-respawn,,2026-05-30
https://rbc-games.itch.io/nock-nock-loose/devlog/1537585/new-targeting-and-camera-system,,2026-05-30
https://netminds.itch.io/reverse-time-collapse/devlog/1537586/patch-notes-hotfix-104,,2026-05-30
https://lazyanttu.itch.io/wordless-war/devlog/1537587/easy-difficulty-diffculties-can-be-seen-in-game,,2026-05-30
https://sweeno-guy-games.itch.io/the-adventures-of-dudester/devlog/1537588/11,,2026-05-30
https://itero-proto.itch.io/rootborn/devlog/1537590/game-hints-,,2026-05-30
https://m1kewong.itch.io/3minute-upgrade-rush-hard-scifi-edition/devlog/1537591/buy-buttons-fixed-the-game-actually-plays-now,,2026-05-30
https://m1kewong.itch.io/3minute-upgrade-rush-cyberpunk-neon-edition/devlog/1537592/buy-buttons-fixed-the-game-actually-plays-now,,2026-05-30
https://m1kewong.itch.io/3minute-upgrade-rush-cozy-cute-edition/devlog/1537593/buy-buttons-fixed-the-game-actually-plays-now,,2026-05-30
https://hizumi-tail.itch.io/dreamlight-field-interactive-cozy-fantasy-music-pack-fmodunityue5godot/devlog/1537594/-project-reveal-welcome-to-dreamlight-field,,2026-05-30
https://dangen-entertainment.itch.io/turretgirls/devlog/1537595/raven-update-3-patch-notes,,2026-05-30
https://mcribbed-for-her-pleasure.itch.io/chainmail-bikini-squadron/devlog/1537596/patch-notes-03b,,2026-05-30
https://nikhil6872.itch.io/swg-ultimate/devlog/1537597/snake-water-gun-ultimate-edition-is-live-,,2026-05-30
https://depressolofi.itch.io/404-exit-not-found/devlog/1537598/jump-fix-and-difficulty-adjust,,2026-05-30
https://quasar-space.itch.io/poolroom-prototype/devlog/1537599/v041-zooming-tilting,,2026-05-30
https://dareint.itch.io/the-morning-star-26/devlog/1537601/thank-you,,2026-05-30
https://itch.io/blog/1537602/our-plans-future,,2026-05-30
https://pixeljanitor.itch.io/jntr/devlog/1537603/may-2026-update-version-027-available,,2026-05-30
https://onion159.itch.io/escape-from-george-droid/devlog/1537604/10-,,2026-05-30
https://goldeditninja.itch.io/ehnheration-pre-pre-alpha-access-wip/devlog/1537605/update-132-bug-fix-patch-to-ehnheration-and-more,,2026-05-30
https://chottoinc.itch.io/the-background-warrior/devlog/1537607/final-demo-build,,2026-05-30
https://trisutridi.itch.io/ella-metahuman-ai/devlog/1537608/ella-update-69,,2026-05-30
https://itch.io/blog/1537609/a-fresh-start-,,2026-05-30
https://shasogames.itch.io/dilmur/devlog/1537610/update-021-is-out,,2026-05-30
https://l-the-storyteller.itch.io/the-dark-crown/devlog/1537611/biggest-chunk-of-code,,2026-05-30
https://comma69.itch.io/ethereal-threads/devlog/1537613/ethereal-threads-episode-4-is-out-now,,2026-05-30
https://shibalist.itch.io/heart-sigil-elchemia/devlog/1537614/re-making-your-love-interests-pt-1,,2026-05-30
https://misherumaxis.itch.io/the-darkness-within/devlog/1537615/dev-log-15-whos-behind-the-darkness,,2026-05-30
https://jonasz-o.itch.io/3d-paint/devlog/1537617/merge-mode-how-this-works,,2026-05-30
https://tristan101.itch.io/salmon-run-river-rush/devlog/1537618/simple-salmon-fishing-game,,2026-05-30
https://noblemaster.itch.io/retro-commander/devlog/1537619/update-233168-jammer-tank-complete-tech,,2026-05-30
https://thp.itch.io/meal-plan/devlog/1537620/meal-plan-13-for-android-412-and-newer,,2026-05-30
https://sackaos.itch.io/foxhole-icon-rework/devlog/1537621/update-64-fix,,2026-05-30
https://amberrosenthal.itch.io/leonsuharto/devlog/1537622/leonsuharto-patch-111,,2026-05-30
https://adolf-reborn-dev.itch.io/adolf-reborn/devlog/1537623/alonzo-dlc-new-content,,2026-05-30
https://de-reconnect.itch.io/vt/devlog/1537624/velocity-twice-prototype-016,,2026-05-30
https://cobaltlane.itch.io/imprinted/devlog/1537625/the-horror-of-revisiting-old-work,,2026-05-30
https://skydna.itch.io/battlefuckpit/devlog/1537627/bfp-v111-new-anthro-char-croc-and-anthro-expressions-new-animations-new-options-fixes,,2026-05-30
https://pandaqi.itch.io/super-sub-world-cup/devlog/1537628/demo-updated,,2026-05-30
https://h4baner0.itch.io/mantis3dm3d-rpg-maker-mz-3d-integration/devlog/1537629/update-134-emergency-update-new-lite-version,,2026-05-30
https://30roman-studio.itch.io/rome-105-bc/devlog/1537631/devlog-11,,2026-05-30
https://letibus.itch.io/www/devlog/1537633/patch-may-29,,2026-05-30
https://shivambhati.itch.io/cute-animal-pop-adventure/devlog/1537634/cute-animal-pop-adventure-is-officially-launched-play-now,,2026-05-30
https://onlyvoidcreative.itch.io/cinderwake-vol1/devlog/1537635/some-new-art-from-the-world-of-cinderwake,,2026-05-30
https://itch.io/blog/1537636/add-cover-image,,2026-05-30
https://tedins.itch.io/signal-cartel/devlog/1537637/010,,2026-05-30
https://streamnetalliance.itch.io/streamnetalliance/devlog/1537638/the-demo-will-be-available-on-steam-on-june-4,,2026-05-30
https://oldwooddev.itch.io/aurheir/devlog/1537639/patch-016,,2026-05-30
https://arthursouzasally.itch.io/apofise/devlog/1537640/estratgia-presencial,,2026-05-30
https://cottage-games.itch.io/foxxx-demo/devlog/1537641/supporters-build-206-liberator-fleet-pt2,,2026-05-30
https://itch.io/blog/1537642/29th-may-dev-update,,2026-05-30
https://deedoodev.itch.io/catnip-craze/devlog/1537643/dynamic-audio,,2026-05-30
https://hooligapps-games.itch.io/booty-heroes/devlog/1537644/pvp-17-relish-in-all-circles,,2026-05-30
https://nyynkoteemu-games.itch.io/geometry-bird-gamemodes-mobile-edition/devlog/1537645/geometry-bird-gamemodes-mobile-edition,,2026-05-30
https://hooligapps-games.itch.io/booty-heroes/devlog/1537646/realm-of-havoc-event,,2026-05-30
https://mikemo.itch.io/uberloop/devlog/1537647/6444,,2026-05-30
https://viserone.itch.io/8-pointed-mystic-metal-star-animated-loop/devlog/1537649/animation-update-source-files-added,,2026-05-30
https://gremory6.itch.io/abyssal-rhapsody/devlog/1537650/general-update-may-2026,,2026-05-30
https://happy-pillow.itch.io/goblin-burrow-manager/devlog/1537651/update-v10,,2026-05-30
https://hubahuba.itch.io/flappy-commander/devlog/1537652/new-devlog-tougher-pipes-incoming,,2026-05-30
https://king-turtle.itch.io/cursed-overlord/devlog/1537653/cursed-overlord-v-136-update,,2026-05-30
https://leonisx.itch.io/zx-spectrum-next-db/devlog/1537654/stale-pixels-special,,2026-05-30
https://egide-walschaerts.itch.io/locomotive-valve-gear/devlog/1537655/allan-valve-gear,,2026-05-30
https://king-turtle.itch.io/extended-deluxe-cursed-versions-of-cursed-overlord-1-2-the-chronicles-of-a-lost/devlog/1537656/cursed-overlord-codes-updated,,2026-05-30
https://zlormack-studio.itch.io/zlormageddon-corepurge/devlog/1537657/lancement-de-la-dmo-et-cap-sur-le-futur-,,2026-05-30
https://joshuagalecki.itch.io/ball-fall-dungeon-crawl/devlog/1537658/version-0510-released-qol-updates,,2026-05-30
https://bu30808.itch.io/project-sjhg/devlog/1537659/dev-notes-may-29,,2026-05-30
https://pantaloon-io.itch.io/offbeat/devlog/1537660/the-offbeat-demo-is-here-,,2026-05-30
https://vishi221.itch.io/rpg-maker-mv-menu-ui-pro/devlog/1537661/mini-update-yep-shopmenucore-compatibility,,2026-05-30
https://darythas.itch.io/astreon/devlog/1537662/056,,2026-05-30
https://guimaraesgames.itch.io/arcanum/devlog/1537663/the-collection-opens-tomorrow,,2026-05-30
https://cengizkara.itch.io/ram-survivor/devlog/1537664/ram-survivor-v80,,2026-05-30
https://i-am-awake.itch.io/trash-hero/devlog/1537665/feature-fridays-29th-may-2026,,2026-05-30
https://bbbits.itch.io/pixel-art-y2k-chinese-home-interior-tileset/devlog/1537666/update-log-y2k-china-home-interior-tileset-v13,,2026-05-30
https://bbbits.itch.io/pixel-art-y2k-chinese-residential-area-tileset/devlog/1537667/update-log-y2k-china-community-tileset-v13,,2026-05-30
https://bbbits.itch.io/pixel-art-y2k-chinese-arcade-hall-tileset/devlog/1537668/update-log-y2k-china-arcade-hall-tileset-v13,,2026-05-30
https://bbbits.itch.io/pixel-art-y2k-china-street-scene-tileset-park1/devlog/1537669/update-log-y2k-china-street-scene-tileset-park-1-v13,,2026-05-30
https://timmyboysilly.itch.io/tims-modified-incredibox-engine-source/devlog/1537670/122,,2026-05-30
https://sajdaknikodem4-png.itch.io/kiler-bro-/devlog/1537671/kor,,2026-05-30
https://krishnamohan-yagneswaran.itch.io/retro-psx-low-poly-double-barrel-shotgun-ammo-pack/devlog/1537672/devlog-1-building-a-retro-psx-double-barrel-shotgun-asset-pack,,2026-05-30
https://gulliver-de-clercq.itch.io/hunters-arc/devlog/1537673/devlog-01-first-prototype,,2026-05-30
https://franco36.itch.io/thechasm/devlog/1537675/thechasm-first-release,,2026-05-30
https://arzvi.itch.io/blue-vsi-red/devlog/1537676/blue-vsi-red,,2026-05-30
https://comma69.itch.io/ethereal-threads-special/devlog/1537677/ethereal-threads-episode-4-out-now-special-edition,,2026-05-30
https://bbbits.itch.io/pixel-art-y2k-china-internet-cafe-tileset/devlog/1537678/update-log-y2k-china-internet-cafe-tileset-v13,,2026-05-30
https://tedins.itch.io/signal-cartel/devlog/1537679/011-touch-screen-support,,2026-05-30
https://antaho.itch.io/dung/devlog/1537680/dung-2026-05-29,,2026-05-30
https://altosandherdone.itch.io/the-headmaster/devlog/1537681/version-01732public-is-now-available,,2026-05-30
https://roscvit.itch.io/polar-collapse/devlog/1537682/launch,,2026-05-30
https://hooligapps-games.itch.io/lust-goddess/devlog/1537683/storm-beyond-the-horizon,,2026-05-30
https://mesh0.itch.io/mazescare/devlog/1537684/movement,,2026-05-30
https://blezoar.itch.io/continuum/devlog/1537685/vr-capabilites,,2026-05-30
https://itch.io/blog/1537686/update-on-heartlock,,2026-05-30
https://fredrek26.itch.io/adb-file-manager/devlog/1537687/beta-14,,2026-05-30
https://tiny-pastry.itch.io/a-princes-tale/devlog/1537688/a-princes-tale-v062-the-fetishful-update,,2026-05-30
https://itch.io/blog/1537689/a-final-touch-visual-overhaul-class-balances,,2026-05-30
https://tarkod.itch.io/minecraftnonograms/devlog/1537690/release-10,,2026-05-30
https://spawfin.itch.io/project-overtime/devlog/1537691/52926,,2026-05-30
https://speedtales.itch.io/fated-fae-lover-chapter-4/devlog/1537692/chapter-4-is-out,,2026-05-30
https://coneworks.itch.io/coneworks-initialization/devlog/1537693/v010-update-is-here,,2026-05-30
https://xperiment.itch.io/lust-odyssey/devlog/1537694/version-052,,2026-05-30
https://viznic.itch.io/arma/devlog/1537695/terminado,,2026-05-30
https://comeback-looplabs.itch.io/matching-number/devlog/1537696/0000510,,2026-05-30
https://veilfire-games.itch.io/moonbourne-claim-of-the-alpha/devlog/1537699/unconventional-outline-update,,2026-05-30
https://ethan-simple-animation.itch.io/bugs-animation-pixel-32x32/devlog/1537700/introducing-bug-animation-pack-,,2026-05-30
https://i-am-awake.itch.io/trash-hero/devlog/1537702/v013,,2026-05-30
https://j-card-productions.itch.io/frontlinesurgery/devlog/1537703/v08-new-version,,2026-05-30
https://itch.io/blog/1537704/launcher-update-21,,2026-05-30
https://scrap-yarn-games.itch.io/the-next-stop-is/devlog/1537705/youve-got-a-train-to-catch-the-next-stop-is-now-available,,2026-05-30
https://thescratchgames2-0.itch.io/poppy-playtime-vhs-mobile/devlog/1537706/mobile-launch,,2026-05-30
https://peazygs.itch.io/into-nardath/devlog/1537708/minor-update-alpha-v094-is-live,,2026-05-30
https://thescratchgames2-0.itch.io/poppy-playtime-pixelized/devlog/1537709/mobile-launch,,2026-05-30
https://untitled-oyun-studios.itch.io/isimsizoyun/devlog/1537710/geliim-baland,,2026-05-30
https://ayyyspoon.itch.io/bountybastard/devlog/1537711/fixed-particle-cache-stutter,,2026-05-30
https://yv0751.itch.io/space-journey-x/devlog/1537713/space-journey-x-version-v241-public-release,,2026-05-30
https://czlowiekimadlo.itch.io/slay-the-q/devlog/1537714/slay-the-q-devlog-3,,2026-05-30
https://brahmavidya.itch.io/final-dg/devlog/142941/final-dg-011-itchio-release,,2026-05-30
https://brahmavidya.itch.io/final-dg/devlog/143210/final-dg-012-patch-notes,,2026-05-30
https://brahmavidya.itch.io/final-dg/devlog/143371/final-dg-013-patch-notes,,2026-05-30
https://brahmavidya.itch.io/final-dg/devlog/143432/final-dg-014-patch-notes,,2026-05-30
https://brahmavidya.itch.io/final-dg/devlog/178603/final-dg-015-patch-notes,,2026-05-30
https://saladrine-scripts.itch.io/runtquestidle/devlog/296252/its-new-and-i-plan-to-make-it-better,,2026-05-30
https://elimata-px.itch.io/mail-man/devlog/299405/v01,,2026-05-30
https://elimata-px.itch.io/mail-man/devlog/299407/v011,,2026-05-30
https://saladrine-scripts.itch.io/runtquestidle/devlog/302751/shop-update-in-progress,,2026-05-30
https://mothermultiverse.itch.io/trash-mob/devlog/319994/hit-and-run-not-found,,2026-05-30
https://elimata-px.itch.io/mail-man/devlog/326113/v020,,2026-05-30
https://elimata-px.itch.io/mail-man/devlog/328263/v021,,2026-05-30
https://yexalony.itch.io/trouble-on-the-train/devlog/393836/launched,,2026-05-30
https://randompeepnime.itch.io/gachaportingpage/devlog/419338/literally-ill-be-only-unavailable-for-a-day-ig,,2026-05-30
https://randompeepnime.itch.io/gachaportingpage/devlog/419811/tyyyyy-3333,,2026-05-30
https://adamtheamazing.itch.io/maniacsadamsversion/devlog/447625/coming-soonish,,2026-05-30
https://randompeepnime.itch.io/gachaportingpage/devlog/473973/important,,2026-05-30
https://itch.io/c/284778/sissyphoss-collection,,2026-05-30
https://itch.io/c/3351178/ttrpg-tools,,2026-05-30
https://itch.io/c/3358146/real,,2026-05-30
https://itch.io/c/3359674/the-other-collection,,2026-05-30
https://itch.io/c/3364502/games-by-riggy2k3,,2026-05-30
https://itch.io/c/3387441/hentailover2003s-collection,,2026-05-30
https://itch.io/c/3418419,,2026-05-30
https://itch.io/c/3485067/y-srslys-collection,,2026-05-30
https://itch.io/c/3486884/yasssss,,2026-05-30
https://itch.io/c/3537273/yanderemurder-sims,,2026-05-30
https://itch.io/c/3594549/deadpoolguy2469s-collection,,2026-05-30
https://itch.io/c/3599819/lazagnums-shelf-of-fabulous-wonders,,2026-05-30
https://itch.io/c/3877601/breezyjlps-collection,,2026-05-30
https://itch.io/c/3901026/donnerzs-collection,,2026-05-30
https://itch.io/c/3909330/these-are-so-good-omg,,2026-05-30
https://itch.io/c/3933884/wishlist,,2026-05-30
https://itch.io/c/3946420/love,,2026-05-30
https://itch.io/c/3984419/offline-stuff,,2026-05-30
https://itch.io/c/4066369/slimeonfires-collection,,2026-05-30
https://itch.io/c/4146858/difficult-pixel-art-games-i-found,,2026-05-30
https://itch.io/c/4160518/home-brew-roms-and-other-stuff,,2026-05-30
https://itch.io/c/4196591/fuck-yes,,2026-05-30
https://itch.io/c/4242621/biolambs-collection,,2026-05-30
https://itch.io/c/4259167/yd-creepos-collection,,2026-05-30
https://itch.io/c/4276988/game-stuff,,2026-05-30
https://itch.io/c/4295074/1010-would-recommend,,2026-05-30
https://itch.io/c/4342793/romano1234567s-collection,,2026-05-30
https://itch.io/c/4389409/comicszinesbooks-i-liked-and-stuff,,2026-05-30
https://itch.io/c/4394181/boring-machines-collection,,2026-05-30
https://itch.io/c/4429368/0-favs-,,2026-05-30
https://itch.io/c/4429760/-i-wanna-play-,,2026-05-30
https://itch.io/c/4438572/papayaaaas-collection,,2026-05-30
https://itch.io/c/4441948/cazkivs-collection,,2026-05-30
https://itch.io/c/4468168/mordai417s-collection,,2026-05-30
https://itch.io/c/4471104/kutk6666666666s-collection,,2026-05-30
https://itch.io/c/4471108/666666,,2026-05-30
https://itch.io/c/4499670/dublexs-collection,,2026-05-30
https://itch.io/c/4508689/other-lite-games,,2026-05-30
https://itch.io/c/4526546/kdhgdhs-collection,,2026-05-30
https://itch.io/c/4530446/games-to-play,,2026-05-30
https://itch.io/c/4538632/favs,,2026-05-30
https://itch.io/c/4542744/cool-free-games,,2026-05-30
https://itch.io/c/4555379/wanna-play-,,2026-05-30
https://itch.io/c/4560712/1,,2026-05-30
https://itch.io/c/4585479/gaerthdls-nsfw-collection,,2026-05-30
https://itch.io/c/4624692/porn,,2026-05-30
https://itch.io/c/4641834/nrnevbirnwbewowfs-collection,,2026-05-30
https://itch.io/c/4654122/appliedtiger352s-collection,,2026-05-30
https://itch.io/c/4678491/bogdans-collection,,2026-05-30
https://itch.io/c/4694251/maltesepirates-collection,,2026-05-30
https://itch.io/c/4703629/games-ive-worked-on,,2026-05-30
https://itch.io/c/4727750/favourites,,2026-05-30
https://itch.io/c/4773596/mumskets-collection,,2026-05-30
https://itch.io/c/4793446,,2026-05-30
https://itch.io/c/4803800/games,,2026-05-30
https://itch.io/c/4807339/rattlewingss-collection,,2026-05-30
https://itch.io/c/4839366/pixies-fave-games,,2026-05-30
https://itch.io/c/4849396/shintaro-raidens-collection,,2026-05-30
https://itch.io/c/4892683/for-latagh,,2026-05-30
https://itch.io/c/4937693/arriev93s-collection,,2026-05-30
https://itch.io/c/4953081/play,,2026-05-30
https://itch.io/c/4954037/need-to-play,,2026-05-30
https://itch.io/c/4993553/max-zavyalovs-collection,,2026-05-30
https://itch.io/c/5042750/random-played,,2026-05-30
https://itch.io/c/5048098/tool-pixel-artgraphicsanimation-editor,,2026-05-30
https://itch.io/c/5062480/degenerate-cowboys-collection,,2026-05-30
https://itch.io/c/5076110/trelutions-collection,,2026-05-30
https://itch.io/c/5099271/bananahsas-collection,,2026-05-30
https://itch.io/c/5145132/nefariahs-collection,,2026-05-30
https://itch.io/c/5219492/zoid13s-collection,,2026-05-30
https://itch.io/c/5234732/greydeads-collection,,2026-05-30
https://itch.io/c/5258033/skald7s-collection,,2026-05-30
https://itch.io/c/5263803/um,,2026-05-30
https://itch.io/c/5276450/games,,2026-05-30
https://itch.io/c/5292958/alice-goldsmiths-collection,,2026-05-30
https://itch.io/c/5304521/haibulkos-collection,,2026-05-30
https://itch.io/c/5319043/dundrdargorans-collection,,2026-05-30
https://itch.io/c/5321944/ozzeasjournes-collection,,2026-05-30
https://itch.io/c/5327714/the-alais-collection,,2026-05-30
https://itch.io/c/5329861/played,,2026-05-30
https://itch.io/c/5339854/freegames,,2026-05-30
https://itch.io/c/5403201,,2026-05-30
https://itch.io/c/5412271/ultimatesals-collection,,2026-05-30
https://itch.io/c/5415093/fracmks-collection,,2026-05-30
https://itch.io/c/5451653/emilythealiens-collection,,2026-05-30
https://itch.io/c/5453059/urfavaceys-collection,,2026-05-30
https://itch.io/c/5454969/bunnyheadhunters-collection,,2026-05-30
https://itch.io/c/5461609/spooky-smexy-men-3,,2026-05-30
https://itch.io/c/5465162/interesting-failboat-related-games,,2026-05-30
https://itch.io/c/5469458/ruben86dylans-collection,,2026-05-30
https://itch.io/c/5474257/great,,2026-05-30
https://itch.io/c/5491618/games-i-want-to-play,,2026-05-30
https://itch.io/c/5496272/interested-to-play,,2026-05-30
https://itch.io/c/5496276/played,,2026-05-30
https://itch.io/c/5512515/truedustcats-collection,,2026-05-30
https://itch.io/c/5530167/good-vns-ive-played,,2026-05-30
https://itch.io/c/5597754/prototypes-released-games,,2026-05-30
https://itch.io/c/5614466/shadowfish-21s-collection,,2026-05-30
https://itch.io/c/5622937/sfw,,2026-05-30
https://itch.io/c/5643859/mito-hms-personal-selection,,2026-05-30
https://itch.io/c/5647276/interesting,,2026-05-30
https://itch.io/c/5647874/ell-lecheros-collection,,2026-05-30
https://itch.io/c/5662568/marionades-collection,,2026-05-30
https://itch.io/c/5685083/sigma,,2026-05-30
https://itch.io/c/5685834/missreaperwolf4s-collection,,2026-05-30
https://itch.io/c/5686982/money,,2026-05-30
https://itch.io/c/5731343/wishlist,,2026-05-30
https://itch.io/c/5760487/cindylougangs-collection,,2026-05-30
https://itch.io/c/5820609/sigma,,2026-05-30
https://itch.io/c/5831144/visual-novels-otome,,2026-05-30
https://itch.io/c/5832175/manaroundthismfs-collection,,2026-05-30
https://itch.io/c/5886658/furrydicks-collection,,2026-05-30
https://itch.io/c/5895323/darkpandablaguegmailcoms-collection,,2026-05-30
https://itch.io/c/5920164/dating-sims-3,,2026-05-30
https://itch.io/c/5929326/comic,,2026-05-30
https://itch.io/c/5986906/troy-gilberts-collection,,2026-05-30
https://itch.io/c/6004115/cool-game,,2026-05-30
https://itch.io/c/6024525/vns-fw,,2026-05-30
https://itch.io/c/6027444/visual-novels,,2026-05-30
https://itch.io/c/6027958/roninfans-collection,,2026-05-30
https://itch.io/c/6044913/dededehas-collection,,2026-05-30
https://itch.io/c/6058721/d-spins506s-collection,,2026-05-30
https://itch.io/c/6059323/queer-games-i-played,,2026-05-30
https://itch.io/c/6061872/dyodgefoxxs-collection,,2026-05-30
https://itch.io/c/6076403/miixkas-collection,,2026-05-30
https://itch.io/c/6083832/uniskies-collection,,2026-05-30
https://itch.io/c/6094139/i-lurkalots-collection,,2026-05-30
https://itch.io/c/6110078/normal-collection,,2026-05-30
https://itch.io/c/6125295,,2026-05-30
https://itch.io/c/6130286/neko-g555s-collection,,2026-05-30
https://itch.io/c/6135355,,2026-05-30
https://itch.io/c/6136609/projeto-integrador-2025,,2026-05-30
https://itch.io/c/6203670/takana213s-collection,,2026-05-30
https://itch.io/c/6205445/takemedicinels-collection,,2026-05-30
https://itch.io/c/6211094/doncy312s-collection,,2026-05-30
https://itch.io/c/6214790/artemisiaas-collection,,2026-05-30
https://itch.io/c/6228214/laststand645s-collection,,2026-05-30
https://itch.io/c/6232048/fsasmcs-collection,,2026-05-30
https://itch.io/c/6235945/creaturefeature0305s-collection,,2026-05-30
https://itch.io/c/6256045/cool-games,,2026-05-30
https://itch.io/c/6256876/faultys-collection,,2026-05-30
https://itch.io/c/6264742/themattking15s-collection,,2026-05-30
https://itch.io/c/6266170/apelicannamedgooses-collection,,2026-05-30
https://itch.io/c/6269706/kiitskiis-collection,,2026-05-30
https://itch.io/c/6302002/ysesss-collection,,2026-05-30
https://itch.io/c/6320265/eumoreles-collection,,2026-05-30
https://itch.io/c/6382268/hinshibas-collection,,2026-05-30
https://itch.io/c/6402396/checklater,,2026-05-30
https://itch.io/c/6424244/evelyn-lights-collection,,2026-05-30
https://itch.io/c/6427780/shadw666s-collection,,2026-05-30
https://itch.io/c/6442232/collection-of-buttons,,2026-05-30
https://itch.io/c/6444352/gr3en-13s-collection,,2026-05-30
https://itch.io/c/6462539/solo,,2026-05-30
https://itch.io/c/6467069/o-rei-luizs-collection,,2026-05-30
https://itch.io/c/6470210/mabyeaccounts-collection,,2026-05-30
https://itch.io/c/6484771/grimm-kzs-collection,,2026-05-30
https://itch.io/c/6492793/cool-stuff-to-try-playing-later,,2026-05-30
https://itch.io/c/6494909/dragolfy-baxters-collection,,2026-05-30
https://itch.io/c/6513137/tools,,2026-05-30
https://itch.io/c/6526055/stellarborns-collection,,2026-05-30
https://itch.io/c/6543779/emily-chests-collection,,2026-05-30
https://itch.io/c/6555519/ymq-kuangs-collection,,2026-05-30
https://itch.io/c/6558161/fishing,,2026-05-30
https://itch.io/c/6558547/lesghosties-collection,,2026-05-30
https://itch.io/c/6567768/zines,,2026-05-30
https://itch.io/c/6573854/popaimigss-collection,,2026-05-30
https://itch.io/c/6573855/shayyschacc1s-collection,,2026-05-30
https://itch.io/c/6606477/i-want-know-whys-collection,,2026-05-30
https://itch.io/c/6610045/ambatabulos-collection,,2026-05-30
https://itch.io/c/6621328/kazuchi51s-collection,,2026-05-30
https://itch.io/c/6621545/730275638qqcoms-collection,,2026-05-30
https://itch.io/c/6624046/bigbambeefs-collection,,2026-05-30
https://itch.io/c/6633275/favs-,,2026-05-30
https://itch.io/c/6635022/krismills-collection,,2026-05-30
https://itch.io/c/6649368/frank248s-collection,,2026-05-30
https://itch.io/c/6650146/browser-favourites,,2026-05-30
https://itch.io/c/6666322/actual-games,,2026-05-30
https://itch.io/c/6666410/kris2460s-collection,,2026-05-30
https://itch.io/c/6666774/wishlist-collection,,2026-05-30
https://itch.io/c/6679956,,2026-05-30
https://itch.io/c/6680312/funs1019s-collection,,2026-05-30
https://itch.io/c/6694646/sex-games,,2026-05-30
https://itch.io/c/6695730/losethancitoss-collection,,2026-05-30
https://itch.io/c/6705542/inflation-expansion-weight-gain,,2026-05-30
https://itch.io/c/6729328/my-stuff,,2026-05-30
https://itch.io/c/6733087/morovas-collection,,2026-05-30
https://itch.io/c/6733802/errortheducks-collection,,2026-05-30
https://itch.io/c/6773033/ye,,2026-05-30
https://itch.io/c/6776600/horror,,2026-05-30
https://itch.io/c/6776708/cmluitnxvefrs-collection,,2026-05-30
https://itch.io/c/6785641/already-played,,2026-05-30
https://itch.io/c/6794519/favorites,,2026-05-30
https://itch.io/c/6798927/mikeaft4s-collection,,2026-05-30
https://itch.io/c/6804309/ph8709s-collection,,2026-05-30
https://itch.io/c/6806108/groprips-collection,,2026-05-30
https://itch.io/c/6810878/darkfern13s-collection,,2026-05-30
https://itch.io/c/6821406/taconuggets-collection,,2026-05-30
https://itch.io/c/6823406/penneefrazier3s-collection,,2026-05-30
https://itch.io/c/6828096/vikevanovnas-collection,,2026-05-30
https://itch.io/c/6832858/good-games,,2026-05-30
https://itch.io/c/6832930/h1mxras-collection,,2026-05-30
https://itch.io/c/6842714/the-chill,,2026-05-30
https://itch.io/c/6868195/want-to-play,,2026-05-30
https://itch.io/c/6874725/nextmohs-collection,,2026-05-30
https://itch.io/c/6876214/sanity69s-collection,,2026-05-30
https://itch.io/c/6878809/sirhcts-collection,,2026-05-30
https://itch.io/c/6900322/kaveras-collection,,2026-05-30
https://itch.io/c/6906198/tommy-mermaids-collection,,2026-05-30
https://itch.io/c/6913493/yusoruas-collection,,2026-05-30
https://itch.io/c/6915435/i-need-to-play,,2026-05-30
https://itch.io/c/6934609/-,,2026-05-30
https://itch.io/c/6947980/destroy2001xs-collection,,2026-05-30
https://itch.io/c/6969604/milaya298s-collection,,2026-05-30
https://itch.io/c/6971580/itch-mondays,,2026-05-30
https://itch.io/c/6975898/cosmic-answers-collection,,2026-05-30
https://itch.io/c/6980508/nevilkingstonbrowns-collection,,2026-05-30
https://itch.io/c/6981606/to-play,,2026-05-30
https://itch.io/c/6988962/dene,,2026-05-30
https://itch.io/c/7004739/diabloopss-collection,,2026-05-30
https://itch.io/c/7005172/mikas-favorite-games,,2026-05-30
https://itch.io/c/7008151/mrgeghards-collection,,2026-05-30
https://itch.io/c/7014282,,2026-05-30
https://itch.io/c/7015428/rpg2,,2026-05-30
https://itch.io/c/7016820/hazart03s-collection,,2026-05-30
https://itch.io/c/7022726/raynes-collection,,2026-05-30
https://itch.io/c/7024190/games-to-try-list-2,,2026-05-30
https://itch.io/c/7024259/games-to-try-list-3,,2026-05-30
https://itch.io/c/7027530/forgetmenot-54545s-collection,,2026-05-30
https://itch.io/c/7033184/l0tties-collection,,2026-05-30
https://itch.io/c/7047217/visual-novels,,2026-05-30
https://itch.io/c/7051983/bunnyboi2008s-collection,,2026-05-30
https://itch.io/c/7052891/furry-vns,,2026-05-30
https://itch.io/c/7060096/number1lichenfans-collection,,2026-05-30
https://itch.io/c/7061923/natalia231s-collection,,2026-05-30
https://itch.io/c/7084234/neko-ninja-labs-characters-click-here-for-more-10,,2026-05-30
https://itch.io/c/7085515/cool-games,,2026-05-30
https://itch.io/c/7088164/player-1-is-readys-collection,,2026-05-30
https://itch.io/c/7088895/try-them-out-for-yourselves,,2026-05-30
https://itch.io/c/7098377/hongyanxs-collection,,2026-05-30
https://itch.io/c/7113687/elpipamillo912s-collection,,2026-05-30
https://itch.io/c/7114621/visual-novel,,2026-05-30
https://itch.io/c/7118029/in-plans,,2026-05-30
https://itch.io/c/7131767/stive05862s-collection,,2026-05-30
https://itch.io/c/7131820/jugandolos,,2026-05-30
https://itch.io/c/7144524/download-soon,,2026-05-30
https://itch.io/c/7148599/eatgrass69s-collection,,2026-05-30
https://itch.io/c/7153575/rizos3845s-collection,,2026-05-30
https://itch.io/c/7180969/thick-big-booty,,2026-05-30
https://itch.io/c/7181154/pendick069s-collection,,2026-05-30
https://itch.io/c/7187643/kilzziqs-collection,,2026-05-30
https://itch.io/c/7189019/my-favourite-games-ever,,2026-05-30
https://itch.io/c/7197675/ok,,2026-05-30
https://itch.io/c/7206499/to-check-out,,2026-05-30
https://itch.io/c/7208349/bvbrami26-uxs-collection,,2026-05-30
https://itch.io/c/7211032/gg211s-collection,,2026-05-30
https://itch.io/c/7214645/mich-pgs-collection,,2026-05-30
https://itch.io/c/7219139/played-p,,2026-05-30
https://itch.io/c/7220538/save,,2026-05-30
https://itch.io/c/7224197/1,,2026-05-30
https://itch.io/c/7224202/guilh890s-collection,,2026-05-30
https://itch.io/c/7224228/2,,2026-05-30
https://itch.io/c/7227064/jogar,,2026-05-30
https://itch.io/c/7229354/thegrandllamas-collection,,2026-05-30
https://itch.io/c/7236551/completed,,2026-05-30
https://itch.io/c/7238184/jita300s-collection,,2026-05-30
https://itch.io/c/7239785/thewarethegals-collection,,2026-05-30
https://itch.io/c/7244276/top-55,,2026-05-30
https://itch.io/c/507314/game-jam-entries,,2026-05-30
https://itch.io/c/730069/vilrins-collection,,2026-05-30
https://itch.io/c/7244983/omen0717s-collection,,2026-05-30
https://itch.io/c/7250055/jun-3s-collection,,2026-05-30
https://itch.io/c/7254284/playing23s-collection,,2026-05-30
https://itch.io/c/7261331/chill-games,,2026-05-30
https://itch.io/c/7268312/potatok1ng687s-collection,,2026-05-30
https://itch.io/c/7274889/tistachus-collection,,2026-05-30
https://itch.io/c/7275523/daboi25s-collection,,2026-05-30
https://itch.io/c/7277900/magns7s-collection,,2026-05-30
https://itch.io/c/7278368/hmgvues-collection,,2026-05-30
https://itch.io/c/7280045/iam-bunnys-collection,,2026-05-30
https://itch.io/c/7280111/rr3dxs-collection,,2026-05-30
https://itch.io/c/7281353/vt-dubss-collection,,2026-05-30
https://itch.io/c/7284128/ddddddd2222222s-collection,,2026-05-30
https://itch.io/c/7286820/randomdude1258s-collection,,2026-05-30
https://itch.io/c/7288281/lovely-darlings-collection,,2026-05-30
https://itch.io/c/7289118/sabinuts-collection,,2026-05-30
https://itch.io/c/7291588/vikloki2469s-collection,,2026-05-30
https://itch.io/c/7294360/web-plays-i-enjoyed-,,2026-05-30
https://itch.io/c/7299557/otomes,,2026-05-30
https://itch.io/c/7300860/joel-selection,,2026-05-30
https://itch.io/c/7301837/holyevil445s-collection,,2026-05-30
https://itch.io/c/7311924/fun-heheh,,2026-05-30
https://itch.io/c/7318389/games-i-wanna-play,,2026-05-30
https://itch.io/c/7321741/sound-effects,,2026-05-30
https://itch.io/c/7324105/uhhhhhhhhh,,2026-05-30
https://itch.io/c/7325250/nafyotoonss-collection,,2026-05-30
https://itch.io/c/7327948/2nsfw-games,,2026-05-30
https://itch.io/c/7327950/1fun-games,,2026-05-30
https://itch.io/c/7330876/lilith2107s-collection,,2026-05-30
https://itch.io/c/7332459/zeroandzeros-collection,,2026-05-30
https://itch.io/c/7335208/sick-ass-games,,2026-05-30
https://itch.io/c/7337205/my-bbg,,2026-05-30
https://itch.io/c/7341194/satoshidumbs-collection,,2026-05-30
https://itch.io/c/7343727/pastacopys-collection,,2026-05-30
https://itch.io/c/7344163/good-af,,2026-05-30
https://itch.io/c/7344415/peakk-games,,2026-05-30
https://itch.io/c/7353328/bouncy-bear,,2026-05-30
https://itch.io/c/7354465/jyztins-collection,,2026-05-30
https://itch.io/c/7355536/zatex-197s-collection,,2026-05-30
https://itch.io/c/7357730/neat-tool,,2026-05-30
https://itch.io/c/7358839/zhange1990s-collection,,2026-05-30
https://itch.io/c/7361147/phucats-collection,,2026-05-30
https://itch.io/c/7363130/felixoxos-collection,,2026-05-30
https://itch.io/c/7366281/lucie-6s-collection,,2026-05-30
https://itch.io/c/7366954/fun,,2026-05-30
https://itch.io/c/7369097/meme28s-collection,,2026-05-30
https://itch.io/c/7370051/ravirashuds-collection,,2026-05-30
https://itch.io/c/7373535/sentinel83s-collection,,2026-05-30
https://itch.io/c/7375740/lllllribs-collection,,2026-05-30
https://itch.io/c/7391779/tiredgamer101s-collection,,2026-05-30
https://itch.io/c/7398898/jonathanbuilder1s-collection,,2026-05-30
https://itch.io/c/7401627/kchaedees-collection,,2026-05-30
https://itch.io/c/7404098/no-hornie,,2026-05-30
https://itch.io/c/7404101/sweetsinavenues-collection,,2026-05-30
https://itch.io/c/7409461/araceli2k7s-collection,,2026-05-30
https://itch.io/c/7412614/puzzle,,2026-05-30
https://itch.io/c/7412814/fzayne90gmailcoms-collection,,2026-05-30
https://itch.io/c/7415028/ihaznoobs-collection,,2026-05-30
https://itch.io/c/7415361/pwushiezzs-collection,,2026-05-30
https://itch.io/c/7415664/must-playy,,2026-05-30
https://itch.io/c/7417986/to-play-,,2026-05-30
https://itch.io/c/7418523/sammy4149s-collection,,2026-05-30
https://itch.io/c/7419884/1melody1s-collection,,2026-05-30
https://itch.io/c/7420148/games-to-play,,2026-05-30
https://itch.io/c/7420376/siulaoss-collection,,2026-05-30
https://itch.io/c/7421073/soliohs-collection,,2026-05-30
https://itch.io/c/7421184/xxmainlinerxxs-collection,,2026-05-30
https://itch.io/c/7422752,,2026-05-30
https://itch.io/c/7425151/carrotzknights-collection,,2026-05-30
https://itch.io/c/7425716/whynot,,2026-05-30
https://itch.io/c/7428737/ajbohaches-collection,,2026-05-30
https://itch.io/c/7429128/pumpkin585s-collection,,2026-05-30
https://itch.io/c/7430667/cami1a8is-collection,,2026-05-30
https://itch.io/c/7431368/-ppudding-,,2026-05-30
https://itch.io/c/7434110/sunnyc603s-collection,,2026-05-30
https://itch.io/c/7435415/livvygs-collection,,2026-05-30
https://itch.io/c/7435631/moha312000s-collection,,2026-05-30
https://itch.io/c/7436213/darkelit4s-collection,,2026-05-30
https://itch.io/c/7436592/punybunss-collection,,2026-05-30
https://itch.io/c/7437331/sabreprimes-collection,,2026-05-30
https://itch.io/c/7438755/visual-novels,,2026-05-30
https://itch.io/c/7441506/sadkoreans-collection,,2026-05-30
https://itch.io/c/7442715/spadesexes-collection,,2026-05-30
https://itch.io/c/7444701/redboymax21s-collection,,2026-05-30
https://itch.io/c/7451036/bennywyrms-monster-collection,,2026-05-30
https://itch.io/c/7454340/ginwels-collection,,2026-05-30
https://itch.io/c/7455420/horror,,2026-05-30
https://itch.io/c/7457328/beary1553s-collection,,2026-05-30
https://itch.io/c/7461025/redtoaster19s-collection,,2026-05-30
https://itch.io/c/7461311/donkalos-collection,,2026-05-30
https://itch.io/c/7462435/hiranyikas-collection,,2026-05-30
https://itch.io/c/7462571/potato2201s-collection,,2026-05-30
https://itch.io/c/7462579/an4stasia-as-collection,,2026-05-30
https://itch.io/c/7462678/panic-engine,,2026-05-30
https://itch.io/c/7462706/bennyboy207626723s-collection,,2026-05-30
https://itch.io/c/7463408/roninboss806s-collection,,2026-05-30
https://itch.io/c/7463686/arikunies-collection,,2026-05-30
https://itch.io/c/7465684/pupudukes-collection,,2026-05-30
https://itch.io/c/7466546/ahbatukams-collection,,2026-05-30
https://itch.io/c/7469981/games-i-wanna-play,,2026-05-30
https://itch.io/c/7471239/visual-novel,,2026-05-30
https://itch.io/c/7473135/moonlitforestts-collection,,2026-05-30
https://itch.io/c/7474215/jsvf0s-collection,,2026-05-30
https://itch.io/c/7476448/the-senate69s-collection,,2026-05-30
https://itch.io/c/7477377/ryuzukis-collection,,2026-05-30
https://itch.io/c/7479181/games-i-wanna-play-one-day,,2026-05-30
https://itch.io/c/7479528/disrael-111111s-collection,,2026-05-30
https://itch.io/c/7480223/peak-probably-i-have-a-problem,,2026-05-30
https://itch.io/c/7480846/rtaitchios-collection,,2026-05-30
https://itch.io/c/7482051/3022891590s-collection,,2026-05-30
https://itch.io/c/7482523/cupids-collection,,2026-05-30
https://itch.io/c/7487848/code-artists-collection,,2026-05-30
https://itch.io/c/7488088/creckspys-collection,,2026-05-30
https://itch.io/c/7489447/tjhe-bfrs-collection,,2026-05-30
https://itch.io/c/7491524/jonom151s-collection,,2026-05-30
https://itch.io/c/7491633/krkkedhhss-collection,,2026-05-30
https://itch.io/c/7491841/ldzrhls-collection,,2026-05-30
https://itch.io/c/7495064/mobile,,2026-05-30
https://itch.io/c/7495938/curlyxps-collection,,2026-05-30
https://itch.io/c/7496109/kagekira92s-collection,,2026-05-30
https://itch.io/c/7496548/kaithecuties-collection,,2026-05-30
https://itch.io/c/7498898/joshuatank20s-collection,,2026-05-30
https://itch.io/c/7502011/big-shoess-collection,,2026-05-30
https://itch.io/c/7503068/kit372s-collection,,2026-05-30
https://itch.io/c/7504737/callmekittens-collection,,2026-05-30
https://itch.io/c/7507723/therealogbabyss-collection,,2026-05-30
https://itch.io/c/7509790/paacygfs-collection,,2026-05-30
https://itch.io/c/7510011/someguy-09s-collection,,2026-05-30
https://itch.io/c/7510630/panic-taros-collection,,2026-05-30
https://itch.io/c/7511065/scmetics-collection,,2026-05-30
https://itch.io/c/7512980,,2026-05-30
https://itch.io/c/7514202/miomiofishs-collection,,2026-05-30
https://itch.io/c/7514330/goongame,,2026-05-30
https://itch.io/c/7514370,,2026-05-30
https://itch.io/c/7514759/dingy-mans-collection,,2026-05-30
https://itch.io/c/7514983/favorite-game,,2026-05-30
https://itch.io/c/7515227/4oi-blueskys-collection,,2026-05-30
https://itch.io/c/7515480/yiga666s-collection,,2026-05-30
https://itch.io/c/7515645/domeecs-collection,,2026-05-30
https://itch.io/c/7515676/fishing-game,,2026-05-30
https://itch.io/c/7518014/vns-i-playwant-to-play,,2026-05-30
https://itch.io/c/7518159/uncle-coonres-collection,,2026-05-30
https://itch.io/c/7518494/play-later,,2026-05-30
https://itch.io/c/7519497/po11s-collection,,2026-05-30
https://itch.io/c/7521873/wastegate12s-collection,,2026-05-30
https://itch.io/c/7522071/artwork,,2026-05-30
https://itch.io/c/7522812/used-to-beor-currently-still-is-100,,2026-05-30
https://itch.io/c/7524011/ezvv9s-collection,,2026-05-30
https://itch.io/c/7524157/zelltios-collection,,2026-05-30
https://itch.io/c/7524594/tsuki-moths-collection,,2026-05-30
https://itch.io/c/7524923/dbnrgks-collection,,2026-05-30
https://itch.io/c/7525212/keisubas-collection,,2026-05-30
https://itch.io/c/7525873/shzshzshzs-collection,,2026-05-30
https://itch.io/c/7525878/felfel05s-collection,,2026-05-30
https://itch.io/c/7525987/isometric,,2026-05-30
https://itch.io/c/7527068/heh,,2026-05-30
https://itch.io/c/7527758/game1-2025-2026,,2026-05-30
https://itch.io/c/7528305/dewottes-collection,,2026-05-30
https://itch.io/c/7528812/rocketnoodle24s-collection,,2026-05-30
https://itch.io/c/7529709/ec02026s-collection,,2026-05-30
https://itch.io/c/7531086/seahorse24s-collection,,2026-05-30
https://itch.io/c/7531178/bin-741s-collection,,2026-05-30
https://itch.io/c/7531475,,2026-05-30
https://itch.io/c/7532230/ksjsojzws-collection,,2026-05-30
https://itch.io/c/7532456/wollepaintss-collection,,2026-05-30
https://itch.io/c/7533365/xinxiyues-collection,,2026-05-30
https://itch.io/c/7533601/rilakkumalovers-collection,,2026-05-30
https://itch.io/c/7534000/have-2-play-,,2026-05-30
https://itch.io/c/7534304/bingoling1212s-collection,,2026-05-30
https://itch.io/c/7535038/games,,2026-05-30
https://itch.io/c/7537198/played-playah,,2026-05-30
https://itch.io/c/7537536/kadies-collection,,2026-05-30
https://itch.io/c/7537852/imceliags-collection,,2026-05-30
https://itch.io/c/7539610/item-props,,2026-05-30
https://itch.io/c/7539709/collection-1,,2026-05-30
https://itch.io/c/7539853/horror,,2026-05-30
https://itch.io/c/7540494/side-effects,,2026-05-30
https://itch.io/c/7540959/things-found,,2026-05-30
https://itch.io/c/7541410/xxsnxxs-collection,,2026-05-30
https://itch.io/c/7541863/shawnshawn6969s-collection,,2026-05-30
https://itch.io/c/7542206/finns,,2026-05-30
https://itch.io/c/7542216/twins,,2026-05-30
https://itch.io/c/7542218/jiwynns,,2026-05-30
https://itch.io/c/7542220/tommy-trans-collection,,2026-05-30
https://itch.io/c/7542919/to-be-played,,2026-05-30
https://itch.io/c/7543010/buas-y25-26,,2026-05-30
https://itch.io/c/7543090/wierdo1234s-collection,,2026-05-30
https://itch.io/c/7544004/run-game,,2026-05-30
https://itch.io/c/7544280/rrqqmas-collection,,2026-05-30
https://itch.io/c/7544314/murokuros-collection,,2026-05-30
https://itch.io/c/7544436/games,,2026-05-30
https://itch.io/c/7544935/visual-novels,,2026-05-30
https://itch.io/c/7545064/greengiant78s-collection,,2026-05-30
https://itch.io/c/7545510/sunlight2013s-collection,,2026-05-30
https://itch.io/c/7545681/herpyderpy9000s-collection,,2026-05-30
https://itch.io/c/7545987/jdr-convention,,2026-05-30
https://itch.io/c/7546158/demos-that-interest-me,,2026-05-30
https://itch.io/c/7546528/big-als-faves-from-gdtv-jam-2026,,2026-05-30
https://itch.io/c/7546697/assets,,2026-05-30
https://itch.io/c/7546700/idk,,2026-05-30
https://itch.io/c/7546974/nor,,2026-05-30
https://itch.io/c/7547384/surprisingly-educationalinformative-games,,2026-05-30
https://itch.io/c/7547392/fabritesta2004-specs-collection,,2026-05-30
https://itch.io/c/7547408/eekimsonervyrns-collection,,2026-05-30
https://itch.io/c/7547507/spicylemon-itchs-collection,,2026-05-30
https://itch.io/c/7547661/dudeltron14s-collection,,2026-05-30
https://itch.io/c/7547840/12367s-collection,,2026-05-30
https://itch.io/c/7548457/visual-novels-,,2026-05-30
https://itch.io/c/7549001/xbb1821s-collection,,2026-05-30
https://itch.io/c/7549048/juegos-de-rol-narrativo-print-and-play,,2026-05-30
https://itch.io/c/7549099/xxiessss-collection,,2026-05-30
https://itch.io/c/7549506/mentis-ruina,,2026-05-30
https://itch.io/c/7549885/mja6s-collection,,2026-05-30
https://itch.io/c/7550396/lukaoks-collection,,2026-05-30
https://itch.io/c/7550591/maybe,,2026-05-30
https://itch.io/c/7550752/played,,2026-05-30
https://itch.io/c/7550833/lc-bianchinis-collection,,2026-05-30
https://itch.io/c/7551177/octo-jam,,2026-05-30
https://itch.io/c/7551519/try,,2026-05-30
https://itch.io/c/7551540/troupers-collection,,2026-05-30
https://itch.io/c/7551554/the-shifting-miekas-collection,,2026-05-30
https://itch.io/c/7551761/collection,,2026-05-30
https://itch.io/c/7551976/mistoxps-collection,,2026-05-30
https://itch.io/c/7552085/frylok1s-collection,,2026-05-30
https://itch.io/c/7552320,,2026-05-30
https://itch.io/c/7552344/gringot71-svgs-collection,,2026-05-30
https://itch.io/c/7552356/random,,2026-05-30
https://itch.io/c/7552712/supremebeefs-collection,,2026-05-30
https://itch.io/c/7552795/macandcheeeeeeses-collection,,2026-05-30
https://itch.io/c/7552825/i-wanna-play,,2026-05-30
https://itch.io/c/7552972/assets-items-weapons,,2026-05-30
https://itch.io/c/7553030/gdzonas-collection,,2026-05-30
https://itch.io/c/7553079/gardenscapes101s-collection,,2026-05-30
https://itch.io/c/7553088/lena-s-collection,,2026-05-30
https://itch.io/c/7553171/e,,2026-05-30
https://itch.io/c/7553266/swapnill-007s-collection,,2026-05-30
https://itch.io/c/7553488/zhutailangs-collection,,2026-05-30
https://itch.io/c/7553508/indie-games-ive-been-playing-recentlywanna-try,,2026-05-30
https://itch.io/c/7553574/3947770246qqcoms-collection,,2026-05-30
https://itch.io/c/7553584/timmytwisters-collection,,2026-05-30
https://itch.io/c/7553835/g-guru,,2026-05-30
https://itch.io/c/7553943/danielleos-collection,,2026-05-30
https://itch.io/c/7554065/ixboys-collection,,2026-05-30
https://itch.io/c/7554075/babyrapunzels-collection,,2026-05-30
https://itch.io/c/7554172/dagneels-collection,,2026-05-30
https://itch.io/c/7554181/spaghetiooss-collection,,2026-05-30
https://itch.io/c/7554209/wants-to-play-3,,2026-05-30
https://itch.io/c/7554239/pantherking2ks-collection,,2026-05-30
https://itch.io/c/7554423/what-precious-played-publicly-available-ones,,2026-05-30
https://itch.io/c/7554504/year-2-platformers,,2026-05-30
https://itch.io/c/7554528/jack9137s-collection,,2026-05-30
https://itch.io/c/7554540/kingshot26s-collection,,2026-05-30
https://itch.io/c/7554626/tricube-tales,,2026-05-30
https://itch.io/c/7554809/tua-madre29s-collection,,2026-05-30
https://itch.io/c/7554843/bobateamilks-collection,,2026-05-30
https://itch.io/c/7554865/nyxies-collection,,2026-05-30
https://itch.io/c/7554885,,2026-05-30
https://itch.io/c/7554917/sounds-to-maybe-buy,,2026-05-30
https://itch.io/c/7554930/collect,,2026-05-30
https://itch.io/c/7554942/peak,,2026-05-30
https://itch.io/c/7554946/my-husbands3,,2026-05-30
https://itch.io/c/7554947/cosmicsals-collection,,2026-05-30
https://itch.io/c/7554957/topdog12s-collection,,2026-05-30
https://itch.io/c/7554962/vns-i-like,,2026-05-30
https://itch.io/c/7554974/ifs-i-like,,2026-05-30
https://itch.io/c/7554987/go-tos,,2026-05-30
https://itch.io/c/7554994/morkborg,,2026-05-30
https://itch.io/c/7555006/sleekitsaurs-collection,,2026-05-30
https://itch.io/c/7555014/alia12373s-collection,,2026-05-30
https://itch.io/c/7555060/saap2s-collection,,2026-05-30
https://itch.io/c/7555073/tabletop-game-wishlist,,2026-05-30
https://itch.io/c/7555080/shangwen5455-dels-collection,,2026-05-30
https://itch.io/c/7555101/makoto3939s-collection,,2026-05-30
https://itch.io/c/7555146/mobs,,2026-05-30
https://itch.io/c/7555155/kalamity-artists-collection,,2026-05-30
https://itch.io/c/7555168/toronpcs-collection,,2026-05-30
https://itch.io/c/7555173/toronpcs-collection,,2026-05-30
https://itch.io/c/7555189/favorite-games-not-mine,,2026-05-30
https://itch.io/c/7555220/bigduck3444s-collection,,2026-05-30
https://itch.io/c/7555226/games,,2026-05-30
https://itch.io/c/7555228/lovegame,,2026-05-30
https://itch.io/c/7555366/baklacak,,2026-05-30
https://itch.io/c/7555379/sketchbooks,,2026-05-30
https://itch.io/c/7555400/bumblebeezelbubs-collection,,2026-05-30
https://itch.io/c/7555416/puzzle,,2026-05-30
https://itch.io/c/7555418/cute,,2026-05-30
https://itch.io/c/7555419/top-down-shooters,,2026-05-30
https://itch.io/c/7555478/horrors,,2026-05-30
https://itch.io/c/7555482/backgrounds,,2026-05-30
https://itch.io/c/7555489/xendan5s-collection,,2026-05-30
https://itch.io/c/7555490/clumsys-2d-game-stuff,,2026-05-30
https://itch.io/c/7555530/5,,2026-05-30
https://itch.io/c/7555547/mountsys-collection,,2026-05-30
https://itch.io/c/7555560/game-projects-2026,,2026-05-30
https://itch.io/c/7555565/played,,2026-05-30
https://itch.io/c/7555576/chuthulu1s-collection,,2026-05-30
https://itch.io/c/7555628/2d-pixel-art-game,,2026-05-30
https://itch.io/c/7555629/chengeralts-collection,,2026-05-30
https://itch.io/c/7555722/to-play,,2026-05-30
https://itch.io/c/7555746/mothership,,2026-05-30
https://itch.io/c/7555788/rpg-assets-collection,,2026-05-30
https://itch.io/c/7555790/my-favs,,2026-05-30
https://itch.io/c/7555805/-,,2026-05-30
https://itch.io/c/7555818/want-to-play,,2026-05-30
https://itch.io/c/7555920/browser,,2026-05-30
https://itch.io/c/7555945/pikabuu,,2026-05-30
https://itch.io/c/7555964/windows,,2026-05-30
https://itch.io/c/7555966/furry,,2026-05-30
https://itch.io/c/7555983/jonniwon12s-collection,,2026-05-30
https://itch.io/c/7555984/quinn77s-collection,,2026-05-30
https://itch.io/c/7555988/hyunsaboys-collection,,2026-05-30
https://itch.io/c/7556006/macawrong-makers-collection,,2026-05-30
https://itch.io/c/7556012/horror,,2026-05-30
https://itch.io/c/7556016/fav-games,,2026-05-30
https://itch.io/c/7556028/dddffffdddddds-collection,,2026-05-30
https://itch.io/c/7556043/thaleochannels-collection,,2026-05-30
https://itch.io/c/7556062/aftermarket-misc,,2026-05-30
https://itch.io/c/7556087/edithmlbb3-bytes-collection,,2026-05-30
https://itch.io/c/7556116/yay-,,2026-05-30
https://itch.io/c/7556121/radiogenesiss-collection,,2026-05-30
https://itch.io/c/7556127/yandere,,2026-05-30
https://itch.io/c/7556131/co-op,,2026-05-30
https://itch.io/c/7556133/theunixxcollections,,2026-05-30
https://itch.io/c/7556151/edithmlbb3-bytes-collection,,2026-05-30
https://itch.io/c/7556154/hlydszs-collection,,2026-05-30
https://itch.io/c/7556168/jrpg,,2026-05-30
https://itch.io/c/7556170/mutiara45s-collection,,2026-05-30
https://itch.io/c/7556181/hiddenite7s-collection,,2026-05-30
https://itch.io/c/7556190/danny54s-collection,,2026-05-30
https://itch.io/c/7556236/thaleochannels-collection,,2026-05-30
https://itch.io/c/7556274/e,,2026-05-30
https://itch.io/c/7556287/to-try,,2026-05-30
https://itch.io/c/7556308/didierjeanss-collection,,2026-05-30
https://itch.io/c/7556312/3d-game-assets,,2026-05-30
https://itch.io/c/7556313/wishlist,,2026-05-30
https://itch.io/c/7556321/favorites,,2026-05-30
https://itch.io/c/7556362/pixel-art-tools,,2026-05-30
https://itch.io/c/7556376/weepingwillowswayss-collection,,2026-05-30
https://itch.io/c/7556377/trypyspys-collection,,2026-05-30
https://itch.io/c/7556379/stefa-qrs-collection,,2026-05-30
https://itch.io/c/7556383/onelist,,2026-05-30
https://itch.io/c/7556389/gamelab-2026,,2026-05-30
https://itch.io/c/7556419/frontier-scum,,2026-05-30
https://itch.io/c/7556427/anotherlilpuppygirls-collection,,2026-05-30
https://itch.io/c/7556467/781600s-collection,,2026-05-30
https://itch.io/c/7556475/queer-games,,2026-05-30
https://itch.io/c/7556476/clowns,,2026-05-30
https://itch.io/c/7556483/goldenfreddy84s-collection,,2026-05-30
https://itch.io/c/7556485/gacha,,2026-05-30
https://itch.io/c/7556516/felipe-6767s-collection,,2026-05-30
https://itch.io/c/7556525/looks-real-neat,,2026-05-30
https://itch.io/c/7556528/my-boysssssss,,2026-05-30
https://itch.io/c/7556540/games-i-wanna-play-real-bad,,2026-05-30
https://itch.io/c/7556556/manaroundthismfs-collection,,2026-05-30
https://itch.io/c/7556573/autobattlers,,2026-05-30
https://itch.io/c/7556595/epistolary,,2026-05-30
https://itch.io/c/7556607/missreaperwolf4s-collection,,2026-05-30
https://itch.io/c/7556625/erogames,,2026-05-30
https://itch.io/c/7556654/-jogos-que-eu-j-joguei-,,2026-05-30
https://itch.io/c/7556667/liberty130s-collection,,2026-05-30
https://itch.io/c/7556677/krv769hs-collection,,2026-05-30
https://itch.io/c/7556680/wangzhengyang163coms-collection,,2026-05-30
https://itch.io/c/7556693/osgorillas-collection,,2026-05-30
https://itch.io/c/7556702/future-record-games,,2026-05-30
https://itch.io/c/7556718/otome,,2026-05-30
https://itch.io/c/7556744/kraiderjoe69s-collection,,2026-05-30
https://itch.io/c/7556745/horror-games,,2026-05-30
https://itch.io/c/7556746/tt44s-collection,,2026-05-30
https://itch.io/c/7556758/hamburg3s-collection,,2026-05-30
https://itch.io/c/7556760/blackdarkness717s-collection,,2026-05-30
https://itch.io/c/7556809/e2k4s-collection,,2026-05-30
https://itch.io/c/7556815/misc,,2026-05-30
https://itch.io/c/7556842/gamez,,2026-05-30
https://itch.io/c/7556854/ra-las-collection,,2026-05-30
https://itch.io/c/7556863/snoopy3s-collection,,2026-05-30
https://itch.io/c/7556864/elaineeee3s-collection,,2026-05-30
https://itch.io/c/7556876/tkmtmfs-collection,,2026-05-30
https://itch.io/c/7556882/blossey666s-collection,,2026-05-30
https://itch.io/c/7556892/linda-roses-collection,,2026-05-30
https://itch.io/c/7556894/aqxvrivs-collection,,2026-05-30
https://itch.io/c/7556896/trevor5473s-collection,,2026-05-30
https://itch.io/c/7556899/jhordan7770s-collection,,2026-05-30
https://itch.io/c/7556907/echo-authors-collection,,2026-05-30
https://itch.io/c/7556909/wangzhengyang163coms-collection,,2026-05-30
https://itch.io/c/7556916/saluxcchis-collection,,2026-05-30
https://itch.io/c/7556930/rosedarlings-collection,,2026-05-30
https://itch.io/c/7556940/horror-games,,2026-05-30
https://itch.io/c/7556951/playing23s-collection,,2026-05-30
https://itch.io/c/7556957/startnyx1272aolcoms-collection,,2026-05-30
https://itch.io/c/7556960/sri4gamess-collection,,2026-05-30
https://itch.io/c/7556961/game-jams,,2026-05-30
https://itch.io/c/7556963/games-to-play,,2026-05-30
https://itch.io/c/7556968/yandere,,2026-05-30
https://itch.io/c/7556973/thing-we-likey,,2026-05-30
https://itch.io/c/7556982/games-of-interest-to-me,,2026-05-30
https://itch.io/c/7556983/rpgs-to-try,,2026-05-30
https://itch.io/c/7556994/in-collaboration-with-voidspiral-entertainment,,2026-05-30
https://itch.io/c/7557003/woozzzys-collection,,2026-05-30
https://itch.io/c/7557055/gr-shizukas-collection,,2026-05-30
https://itch.io/c/7557076/yuri,,2026-05-30
https://itch.io/c/7557078/in-development,,2026-05-30
https://itch.io/c/7557079/ashwys-collection,,2026-05-30
https://itch.io/c/7557101/2d-characters,,2026-05-30
https://itch.io/c/7557120/2d-ui-icons,,2026-05-30
https://itch.io/c/7557122/horror,,2026-05-30
https://itch.io/c/7557139/welcome-back-angel,,2026-05-30
https://itch.io/c/7557177/to-play,,2026-05-30
https://itch.io/c/7557184/chcd1s-collection,,2026-05-30
https://itch.io/c/7557195/maybe-games,,2026-05-30
https://itch.io/c/7557207/nekolienes-collection,,2026-05-30
https://itch.io/c/7557213/games-to-play,,2026-05-30
https://itch.io/c/7557215/rpg,,2026-05-30
https://itch.io/c/7557216/game,,2026-05-30
https://itch.io/c/7557220/meganoob67s-collection,,2026-05-30
https://itch.io/c/7557231/blacksnake8s-collection,,2026-05-30
https://itch.io/c/7557234/horror,,2026-05-30
https://itch.io/c/7557237/username77595959s-collection,,2026-05-30
https://itch.io/c/7557247/peak,,2026-05-30
https://itch.io/c/7557270/yandere-va,,2026-05-30
https://itch.io/c/7557341/zeromaxeds-collection,,2026-05-30
https://itch.io/c/7557346/1e324,,2026-05-30
https://itch.io/c/7557348/denaz7s-collection,,2026-05-30
https://itch.io/c/7557350/rin-gamedevs-collection,,2026-05-30
https://itch.io/c/7557355/cojisrons-collection,,2026-05-30
https://itch.io/c/7557376/horrors,,2026-05-30
https://itch.io/c/7557379/thyfishie3s-collectionplayed-before,,2026-05-30
https://itch.io/c/7557391/yan-games,,2026-05-30
https://itch.io/c/7557392/veetelakiths-collection,,2026-05-30
https://itch.io/c/7557433/nahiapapayas-collection,,2026-05-30
https://itch.io/c/7557444/skibidiohio273s-collection,,2026-05-30
https://itch.io/c/7557465/abe18s-collection,,2026-05-30
https://itch.io/c/7557469/favorites33,,2026-05-30
https://itch.io/c/7557475/coruujas-collection,,2026-05-30
https://itch.io/c/7557490/eeek,,2026-05-30
https://itch.io/c/7557491/cool-games,,2026-05-30
https://itch.io/c/7557495/game-to-play-fr-ed,,2026-05-30
https://itch.io/c/7557529/cutesy,,2026-05-30
https://itch.io/c/7557531/magnagothica-maleghast-stuff,,2026-05-30
https://itch.io/c/7557545/nephy0s-collection-2,,2026-05-30
https://itch.io/c/7557547/tying-up-and-stuff,,2026-05-30
https://itch.io/c/7557555/rottenastas-collection,,2026-05-30
https://itch.io/c/7557565/shroomyyyyyyyys-collection,,2026-05-30
https://itch.io/c/7557573/saved,,2026-05-30
https://itch.io/c/7557594/jam-games-i-have-yet-to-try,,2026-05-30
https://itch.io/c/7557616/scum-and-villainy,,2026-05-30
https://itch.io/c/7557629/interactive-fiction,,2026-05-30
https://itch.io/c/7557638/cool-mods-i-like,,2026-05-30
https://itch.io/c/7557666/millsshorrors-collection,,2026-05-30
https://itch.io/c/7557718/nephy0s-collection-3,,2026-05-30
https://itch.io/c/7557722/willy-billy1234s-collection,,2026-05-30
https://itch.io/c/7557729/kimchifawns-collection,,2026-05-30
https://itch.io/c/7557738/nephy0s-collection-4,,2026-05-30
https://itch.io/c/7557741/mspoptarts-collection,,2026-05-30
https://itch.io/c/7557751/bought-games,,2026-05-30
https://itch.io/c/7557754/cool-games,,2026-05-30
https://itch.io/c/7557764/pikoobnos-collection,,2026-05-30
https://itch.io/c/7557766/stuffff,,2026-05-30
https://itch.io/c/7557768/dating-sims,,2026-05-30
https://itch.io/c/7557778/games-i-will-be-playing,,2026-05-30
https://itch.io/c/7557784/luxxcies-collection,,2026-05-30
https://itch.io/c/7557786/otome-,,2026-05-30
https://itch.io/c/7557847/peak,,2026-05-30
https://itch.io/c/7557857/dating-sims,,2026-05-30
https://itch.io/c/7557858/rahhhhh,,2026-05-30
https://itch.io/c/7557863/i-gonna-play-,,2026-05-30
https://itch.io/c/7557881/psychological-horror,,2026-05-30
https://itch.io/c/7557892/felixbies-collection,,2026-05-30
https://itch.io/c/7557896/eris-marss-collection,,2026-05-30
https://itch.io/c/7557898/yum,,2026-05-30
https://itch.io/c/7557902/nenahots-collection,,2026-05-30
https://itch.io/c/7557909/andrewtenshos-collection,,2026-05-30
https://itch.io/c/7557913/undergroundreaders-collection,,2026-05-30
https://itch.io/c/7557914/starsonmysweaters-collection,,2026-05-30
https://itch.io/c/7557932/hunter73736s-collection,,2026-05-30
https://itch.io/c/7557944/millyavelts-collection,,2026-05-30
https://itch.io/c/7557983/noirbrowns-collection,,2026-05-30
https://itch.io/c/7557986/computa-make-these-guys-supa-freaky,,2026-05-30
https://itch.io/c/7557991/dolsonchooos-collection,,2026-05-30
https://itch.io/c/7558004/favoritos,,2026-05-30
https://itch.io/c/7558028/machicados-collection,,2026-05-30
https://itch.io/c/7558039/muiixyzs-collection,,2026-05-30
https://itch.io/c/7558083/alexksiss-collection,,2026-05-30
https://itch.io/c/7558094,,2026-05-30
https://itch.io/c/7558095/balancenis-collection,,2026-05-30
https://itch.io/c/7558114/vyouroids-collection,,2026-05-30
https://itch.io/c/7558122/3d,,2026-05-30
https://itch.io/c/7558128/300,,2026-05-30
https://itch.io/c/7558142/16x16-dice-game,,2026-05-30
https://itch.io/c/7558151/segaboxs-collection,,2026-05-30
https://itch.io/c/7558193/epicgamer-49whys-collection,,2026-05-30
https://itch.io/c/7558205/stream,,2026-05-30
https://itch.io/c/7558214/dolsonchooos-collection,,2026-05-30
https://itch.io/c/7558215/play-together,,2026-05-30
https://itch.io/c/7558216/old-scratch-games-i-made,,2026-05-30
https://itch.io/c/7558220/leledead-xs-collection,,2026-05-30
https://itch.io/c/7558240/ntr,,2026-05-30
https://itch.io/c/7558255/megarey1s-collection,,2026-05-30
https://itch.io/c/7558261/scaleandfurlovers-collection,,2026-05-30
https://itch.io/c/7558276/bony-skeletonss-collection,,2026-05-30
https://itch.io/c/7558277/solorpg,,2026-05-30
https://itch.io/c/7558289/mont-monts-collection,,2026-05-30
https://itch.io/c/7558299/gidster67s-collection,,2026-05-30
https://itch.io/c/7558312/yandere-lover574s-collection,,2026-05-30
https://itch.io/c/7558337/komarik2s-collection,,2026-05-30
https://itch.io/c/7558351/jag1000s-collection,,2026-05-30
https://itch.io/c/7558362/spaghetiooss-collection,,2026-05-30
https://itch.io/c/7558363/avieviexs-collection,,2026-05-30
https://itch.io/c/7558369/yeah,,2026-05-30
https://itch.io/c/7558378/eleoapas-collection,,2026-05-30
https://itch.io/c/7558409/quiero-d,,2026-05-30
https://itch.io/c/7558417/all-my-games-and-zines,,2026-05-30
https://itch.io/c/7558419/extravugants-collection,,2026-05-30
https://itch.io/c/7558432/asherminx25gmailcoms-collection,,2026-05-30
https://itch.io/c/7558434/download,,2026-05-30
https://itch.io/c/7558441/games-i-like-play-in-browser-only,,2026-05-30
https://itch.io/c/7558451/dudeltron14s-collection,,2026-05-30
https://itch.io/c/7558458/ariva12s-collection,,2026-05-30
https://itch.io/c/7558462/games-i-wanna-play,,2026-05-30
https://itch.io/c/7558470/games-ive-beaten,,2026-05-30
https://itch.io/c/7558487/4-nell,,2026-05-30
https://itch.io/c/7558490/airot1987s-collection,,2026-05-30
https://itch.io/c/7558512/themadvillain211s-collection,,2026-05-30
https://itch.io/c/7558531/neverknown2s-collection,,2026-05-30
https://itch.io/c/7558554/art-resources,,2026-05-30
https://itch.io/c/7558564/neverknown2s-collection,,2026-05-30
https://itch.io/c/7558568/frylok1s-collection,,2026-05-30
https://itch.io/c/7558584/fredofthesters-collection,,2026-05-30
https://itch.io/c/7558587/bengaltiger-star123s-collection,,2026-05-30
https://itch.io/c/7558591/girl-clickers,,2026-05-30
https://itch.io/c/7558689/gateforged,,2026-05-30
https://itch.io/c/7558703/murad645720077s-collection,,2026-05-30
https://itch.io/c/7558710/por-descargas,,2026-05-30
https://itch.io/c/7558715/eljaydo7s-collection,,2026-05-30
https://itch.io/c/7558722/playyyyy,,2026-05-30
https://itch.io/c/7558742/punybunss-collection,,2026-05-30
https://itch.io/c/7558743/gd-fallens-collection,,2026-05-30
https://itch.io/c/7558752/woah,,2026-05-30
https://itch.io/c/7558770/xxv0ids-collection,,2026-05-30
https://itch.io/c/7558774/to-play,,2026-05-30
https://itch.io/c/7558786/loghre67s-collection,,2026-05-30
https://itch.io/c/7558803/games-to-play-later,,2026-05-30
https://itch.io/c/7558804/play,,2026-05-30
https://itch.io/c/7558806/swapnill-007s-collection,,2026-05-30
https://itch.io/c/7558809/furrbutts-collection,,2026-05-30
https://itch.io/c/7558812/dating-sims,,2026-05-30
https://itch.io/c/7558817/hmurad2000s-collection,,2026-05-30
https://itch.io/c/7558835/shoya1266s-collection,,2026-05-30
https://itch.io/c/7558848/irismusics-collection,,2026-05-30
https://itch.io/c/7558849/kyute,,2026-05-30
https://itch.io/c/7558865/baldi-takeover-textures,,2026-05-30
https://itch.io/c/7558877/nerdypamelas-collection,,2026-05-30
https://itch.io/c/7558905/polnito,,2026-05-30
https://itch.io/c/7558926/newtry,,2026-05-30
https://itch.io/c/7558929/novels,,2026-05-30
https://itch.io/c/7558940/voxel-assets,,2026-05-30
https://itch.io/c/7558959/cool,,2026-05-30
https://itch.io/c/7558974/preciouss-collection,,2026-05-30
https://itch.io/c/7558993/iocaroluss-collection,,2026-05-30
https://itch.io/c/7559007/looks-cool,,2026-05-30
https://itch.io/c/7559017/absolutely-peak,,2026-05-30
https://itch.io/c/7559023/doomedyuri,,2026-05-30
https://itch.io/c/7559109/games-to-play-later-2,,2026-05-30
https://itch.io/c/7559151/to-try-3,,2026-05-30
https://itch.io/c/7559156/mraxoltls-collection,,2026-05-30
https://itch.io/c/7559195/kawaiidicks-collection,,2026-05-30
https://itch.io/c/7559204/cramholes-collection,,2026-05-30
https://itch.io/c/7559205/st4ndoffishs-collection,,2026-05-30
https://itch.io/c/7559209/sammy4149s-collection,,2026-05-30
https://itch.io/c/7559210/cramholes-collection,,2026-05-30
https://itch.io/c/7559217/random,,2026-05-30
https://itch.io/c/7559273/lov3-3nanas-collection,,2026-05-30
https://itch.io/c/7559276/violence,,2026-05-30
https://itch.io/c/7559284/hekaiyaos-collection,,2026-05-30
https://itch.io/c/7559294/maybe,,2026-05-30
https://itch.io/c/7559311/1,,2026-05-30
https://itch.io/c/7559316/gams,,2026-05-30
https://itch.io/c/7559322/my-favorites-ovo,,2026-05-30
https://itch.io/c/7559326/play-later,,2026-05-30
https://itch.io/c/7559351/safecyanides-collection,,2026-05-30
https://itch.io/c/7559355/aaaaaa,,2026-05-30
https://itch.io/c/7559374/imhornyasfs-collection,,2026-05-30
https://itch.io/c/7559386/xiao-chaos-collection,,2026-05-30
https://itch.io/c/7559397/browser,,2026-05-30
https://itch.io/c/7559399/hentaimon,,2026-05-30
https://itch.io/c/7559400/avysss-collection,,2026-05-30
https://itch.io/c/7559407/papuuuu890s-collection,,2026-05-30
https://itch.io/c/7559414/game,,2026-05-30
https://itch.io/c/7559432,,2026-05-30
https://itch.io/c/7559434/asset,,2026-05-30
https://itch.io/c/7559439/vs,,2026-05-30
https://itch.io/c/7559449/forgelucks-collection,,2026-05-30
https://itch.io/c/7559453,,2026-05-30
https://itch.io/c/7559464/pnp,,2026-05-30
https://itch.io/c/7559482/skylar16009s-collection,,2026-05-30
https://itch.io/c/7559487/wanna-play,,2026-05-30
https://itch.io/c/7559495/femboihunters-collection,,2026-05-30
https://itch.io/c/7559508/stuff-to-play,,2026-05-30
https://itch.io/c/7559517/kaos-collection,,2026-05-30
https://itch.io/c/7559533/download-later,,2026-05-30
https://itch.io/c/7559551/finished,,2026-05-30
https://itch.io/c/7559588/haikilihaidos-collection,,2026-05-30
https://itch.io/c/7559597/games,,2026-05-30
https://itch.io/c/7559619/xcreepystarxs-collection,,2026-05-30
https://itch.io/c/7559630/must,,2026-05-30
https://itch.io/c/7559662/peter12441s-collection,,2026-05-30
https://itch.io/c/7559680/kinglongpaskas-collection,,2026-05-30
https://itch.io/c/7559716/1v1-dueling,,2026-05-30
https://itch.io/c/7559752/usngs-collection,,2026-05-30
https://itch.io/c/7559762/thykalloss-collection,,2026-05-30
https://itch.io/c/7559767/jordan-dcs-collection,,2026-05-30
https://itch.io/c/7559776/novel,,2026-05-30
https://itch.io/c/7559778/protrtrs-collection,,2026-05-30
https://itch.io/c/7559781/model,,2026-05-30
https://itch.io/c/7559786/mishmash77s-collection,,2026-05-30
https://itch.io/c/7559790/fengweijis-collection,,2026-05-30
https://itch.io/c/7559811,,2026-05-30
https://itch.io/c/7559823/lcly0430s-collection,,2026-05-30
https://itch.io/c/7559833/single-pagers,,2026-05-30
https://itch.io/c/7559838/jam-entries,,2026-05-30
https://itch.io/c/7559843/solo-games,,2026-05-30
https://itch.io/c/7559856/pbta-for-egg,,2026-05-30
https://itch.io/c/7559865/you-gotta-try-this,,2026-05-30
https://itch.io/c/7559872/gen0ms-collection,,2026-05-30
https://itch.io/c/7559915/2d-pixel-sidescroller,,2026-05-30
https://itch.io/c/7559924/juegos,,2026-05-30
https://itch.io/c/7559956/kylieanubiss-collection,,2026-05-30
https://itch.io/c/7559994/scrapcore-relics,,2026-05-30
https://itch.io/c/7560001/play-later,,2026-05-30
https://itch.io/c/7560025/download-needed,,2026-05-30
https://itch.io/c/7560054/games-i-wanna-play,,2026-05-30
https://itch.io/c/7560293/nigger,,2026-05-30
https://itch.io/c/7560312/ang3l666s-collection,,2026-05-30
https://itch.io/c/7560318/to-download,,2026-05-30
https://itch.io/c/7560320/lucidup48s-collection,,2026-05-30
https://itch.io/c/7560329/prkhtsks-collection,,2026-05-30
https://itch.io/c/7560332/to-play,,2026-05-30
https://itch.io/c/7560341/nooblelaches-collection,,2026-05-30
https://itch.io/c/7560346/blueomra22s-collection,,2026-05-30
https://itch.io/c/7560351/qvq34fs-collection,,2026-05-30
https://itch.io/c/7560371/learning-pixel-art,,2026-05-30
https://itch.io/c/7560376/3,,2026-05-30
https://itch.io/c/7560379/prkhtsks-collection,,2026-05-30
https://itch.io/c/7560384/anna-the-architects-collection,,2026-05-30
https://itch.io/c/7560386/k204ks-collection,,2026-05-30
https://itch.io/c/7560389/k204ks-collection,,2026-05-30
https://itch.io/c/7560399/sariel20090708s-collection,,2026-05-30
https://itch.io/c/7560421/murderons-collection,,2026-05-30
https://itch.io/c/7560431/arsik26s-collection,,2026-05-30
https://itch.io/c/7560452/hannathvs-collection,,2026-05-30
https://itch.io/c/7560461/phant0m418s-collection,,2026-05-30
https://itch.io/c/7560472/wakeme667-ship-its-collection,,2026-05-30
https://itch.io/c/7560484/hannathvs-collection,,2026-05-30
https://itch.io/c/7560486/gamejam,,2026-05-30
https://itch.io/c/7560495/strategy,,2026-05-30
https://itch.io/c/7560513/text-based,,2026-05-30
https://itch.io/c/770325/ownt,,2026-05-30
https://itch.io/c/841046/medinterns-collection,,2026-05-30
https://itch.io/c/953514/oldm-collection,,2026-05-30
https://itch.io/c/1099098/silkyropess-collection,,2026-05-30
https://itch.io/c/1404380/profakoss-collection,,2026-05-30
https://itch.io/c/1449490/made-by-yuka,,2026-05-30
https://itch.io/c/1511155/dark-shadow4521s-collection,,2026-05-30
https://itch.io/c/1559290/to-play,,2026-05-30
https://itch.io/c/1676190/yume-nikki-like,,2026-05-30
https://itch.io/c/1823275/furry-games,,2026-05-30
https://itch.io/c/1891022/my-games,,2026-05-30
https://itch.io/c/1905443/rfajars-collection,,2026-05-30
https://itch.io/c/1933307/ttttt889s-collection,,2026-05-30
https://itch.io/c/2015591/for-pc,,2026-05-30
https://itch.io/c/2063586/coinducks-collection,,2026-05-30
https://itch.io/c/2075752/ryanbenjis-collection,,2026-05-30
https://itch.io/c/2294502/bmcblues-collection,,2026-05-30
https://itch.io/c/2316420/rpgs,,2026-05-30
https://itch.io/c/2325106/infinalos-collection,,2026-05-30
https://itch.io/c/2387885/j,,2026-05-30
https://itch.io/c/2426625/shaw-pupils-collection,,2026-05-30
https://itch.io/c/2437837/wolfslayer11s-collection,,2026-05-30
https://itch.io/c/2507974/fnordxs-collection,,2026-05-30
https://itch.io/c/2739573/shaggycritters-collection,,2026-05-30
https://itch.io/c/2753002/dragunov334s-collection,,2026-05-30
https://itch.io/c/2866335/ginsbys-collection,,2026-05-30
https://itch.io/c/2966445/princezy08s-collection,,2026-05-30
https://itch.io/c/3072381/artemisfowl1s-collection,,2026-05-30
https://itch.io/c/3234378/elicopteeeeres-collection,,2026-05-30
https://itch.io/t/6186873/solarpunk-restoration-43-hd-2d-sprites-for-survival-farming-games,,2026-05-30
https://itch.io/t/6389154/levelmap-designerunpaid-paid-looking-for-level-designers-for-a-nsfw-game,,2026-05-30
https://itch.io/t/6410926/toonroll-2-development-history-major-demo-update,,2026-05-30
https://itch.io/t/6410962/astropath-released-for-free,,2026-05-30
https://itch.io/t/6411005/revshare-looking-members-for-a-pixel-art-simulation-game,,2026-05-30
https://itch.io/t/6411007/a-letter-to-my-invisible-self-released,,2026-05-30
https://itch.io/t/6411008/48th-birthday-sale,,2026-05-30
https://itch.io/t/6411143/grapplewood-gonzo-narrative-adventure-rpg-with-gallons-of-heart-needs-testers,,2026-05-30
https://itch.io/t/6411204/a-simple-game-about-teleportation-demo,,2026-05-30
https://itch.io/t/6411240/writer-nook,,2026-05-30
https://itch.io/t/6411324/unbalanced-a-roguelite-action-game-with-stat-reallocation,,2026-05-30
https://itch.io/t/6411429/berenwald-the-warrior-now-available,,2026-05-30
https://itch.io/t/6411498/i-built-a-globally-competitive-clicking-war-for-absolutely-no-reason-clicktally-is-in-open-beta,,2026-05-30
https://itch.io/t/6411742/bleak-game-concept-demo,,2026-05-30
https://itch.io/t/6411782/released-dogs-and-cats-sometimes-panda-a-cozy-animal-puzzle-game,,2026-05-30
https://itch.io/t/6411819/ascend-climbing-game-released-now,,2026-05-30
https://itch.io/t/6411871/die-for-the-rat-king-solo-developed-hand-drawn-dice-deckbuilder-and-dungeon-crawler-webgl,,2026-05-30
https://itch.io/t/6411884/for-hire-2d-artist-specialised-in-mecha,,2026-05-30
https://itch.io/t/6411907/pixelart-on-a-3d-space-with-precision,,2026-05-30
https://itch.io/t/6411969/new-ost-for-dark-sci-fi-horror-games-pay-what-you-want-starting-from-0,,2026-05-30
https://itch.io/t/6411977/kosmo-ultimate,,2026-05-30
https://itch.io/t/6411978/introduce-yourself-lets-get-to-know-one-another-and-share-our-story,,2026-05-30
https://itch.io/t/6412008/im-making-some-glowy-pinball-and-releasing-early-often,,2026-05-30
https://itch.io/t/6412024/feedback-exchange-i-will-play-rate-your-webhtml5-games-check-out-my-casual-bundle,,2026-05-30
https://itch.io/t/6412109/programming-unpaid-looking-for-a-clickteam-programmer-to-help-program-my-platformer,,2026-05-30
https://itch.io/t/6412121/glowy-pinball-project-early-dev-releases,,2026-05-30
https://itch.io/t/6412146/art-gothic-steampunk-visual-novel,,2026-05-30
https://itch.io/t/6412157/drum-circle-the-irrational-drum-machine,,2026-05-30
https://itch.io/t/6412226/urgent-review-request-neon-rush-3d-quarantine-status,,2026-05-30
https://itch.io/t/6412347/heres-my-game-i-guess-,,2026-05-30
https://itch.io/t/6412597/maidnight,,2026-05-30
https://itch.io/t/6412692/pretty-boy-panic-is-missing,,2026-05-30
https://itch.io/t/6412695/add-more-platforms-for-executablesroms,,2026-05-30
https://itch.io/t/6412927/composersounddesigner-paid-open-for-work,,2026-05-30
https://itch.io/t/6412950/audio-sfx-designer-specializing-in-fantasy-sci-fi-horror-and-impactful-cinematic-sound-design,,2026-05-30
https://itch.io/t/6413048/paid-game-developers-needed-2-hour-paid-tool-test-100-your-3d-projects-only,,2026-05-30
https://itch.io/t/6413071/art-hobby-artist-animators-needed-for-psychological-rpg-paperskin-sprites-environments,,2026-05-30
https://itch.io/t/6413112/my-cool-debug-version-of-undertale-is-here,,2026-05-30
https://itch.io/t/6413125/display-collection-with-blurbs-on-profile,,2026-05-30
https://itch.io/t/6413155/paid-lfp-localization-from-english-to-brazilian-portuguese,,2026-05-30
https://itch.io/t/6413158/bobbo-moon,,2026-05-30
https://itch.io/t/6413196/its-sudoku-with-math-try-mathdoku-getaway-now,,2026-05-30
https://itch.io/t/6413243/my-first-game-and-my-first-upload-proto-space,,2026-05-30
https://itch.io/t/6413301/if-you-use-ai-art-your-lazy,,2026-05-30
https://itch.io/t/6413336/horrorwriter-creative-writer-looking-to-collaborate-on-indie-horror-games,,2026-05-30
https://itch.io/t/6413352/art-2d-artist-looking-for-project,,2026-05-30
https://itch.io/t/6413365/ascii-fishing-game-version-10-release,,2026-05-30
https://itch.io/t/6413383/i-might-have-made-this-too-hard,,2026-05-30
https://itch.io/t/6413405/needing-a-3d-artist-for-psychological-horror-game-psx-style,,2026-05-30
https://itch.io/t/6413429/3d-tower-defense-demo-release,,2026-05-30
https://itch.io/t/6413466/i-require-aid-finding-a-game-that-ive-played-before-making-an-account-and-my-browser-deleted-my-history-after-updating,,2026-05-30
https://itch.io/t/6413553/freetown-forest,,2026-05-30
https://itch.io/t/6413556/free-skater-character-concept-big-mike,,2026-05-30
https://itch.io/t/6413645/the-adventure,,2026-05-30
https://itch.io/t/6413778/partytime-game-jam-2000-in-prizes-plus-free-opus-model-tripo-meshy,,2026-05-30
https://itch.io/t/6413886/licensed-to-love-free-visual-novel,,2026-05-30
https://itch.io/t/6413892/search-indexing-issues-ticket-369709,,2026-05-30
https://itch.io/t/6414013/the-hours-before-wyndham-free-horror-top-down-shooter-demo-released,,2026-05-30
https://itch.io/t/6414071/dwarf-the-dunegonist-demo,,2026-05-30
https://itch.io/t/6414083/unlinkin-lunatics-an-incremental-game-on-the-crazy-unhinged-world-of-professional-social-media,,2026-05-30
https://itch.io/t/6414123/fragile-empires-my-2d6-sci-fi-system-is-finished-all-four-books-out,,2026-05-30
https://itch.io/t/6414126/adult-game-still-not-indexed-after-following-indexing-guidelines,,2026-05-30
https://itch.io/t/6414132/multi-tasking-,,2026-05-30
https://itch.io/t/6414155/farts-and-puzzles-sokobum,,2026-05-30
https://itch.io/t/6414231/major-update-devlog-not-showing-up,,2026-05-30
https://itch.io/t/6414279/account-and-assets-unindexed-after-price-changes-ticket-370725,,2026-05-30
https://itch.io/t/6414304/looking-for-playtesters-for-my-closed-demo,,2026-05-30
https://itch.io/t/6414305/art-unpaid-looking-for-2d-semi-realistic-artists,,2026-05-30
https://itch.io/t/6414309/i-need-some-advise-for-my-game-,,2026-05-30
https://itch.io/t/6414311/english-to-italian-translation,,2026-05-30
https://itch.io/t/6414420/deadly-beast-a-work-in-progress,,2026-05-30
https://itch.io/t/6414493/gdtv-26-jam-project-3d-top-down-dungeon-crawler,,2026-05-30
https://itch.io/t/6414534/job-posting-3d-environment-artist-rev-share,,2026-05-30
https://itch.io/t/6414583/the-offbeat-demo-is-here-create-music-make-money-share-your-creativity-with-the-world,,2026-05-30
https://itch.io/t/6414598/assets-digital-display-calculatoralarm-clock-segmented-font-,,2026-05-30
https://itch.io/t/6414599/assets-digital-display-calculatoralarm-clock-segmented-font-,,2026-05-30
https://itch.io/t/6414627/if-you-like-stanley-parable-you-might-like-this-game,,2026-05-30
https://itch.io/t/6414671/thechasm-my-first-solo-game-an-atmospheric-retro-inspired-space-cave-explorer,,2026-05-30
https://itch.io/t/6414682/packripper-is-my-incremental-inspired-deck-building-auto-battling-fake-gambling-game-about-ripping-trading-card-packs-and-building-magic-card-binder-money-machine,,2026-05-30
https://itch.io/t/6414710/myreci,,2026-05-30
https://itch.io/t/6414806/xiigen-smart-tutor-russian-english-translation-trap-a-language-game-where-wrong-translations-become-the-lesson,,2026-05-30
https://itch.io/t/6414808/music-sfx-and-implementation-yet-another-music-producer-looking-to-team-up,,2026-05-30
https://apogee-lab.itch.io/specopsarrival,,2026-05-30
https://elimata-px.itch.io/nappeynoid,,2026-05-30
https://saladrine-scripts.itch.io/runtquestidle,,2026-05-30
https://elimata-px.itch.io/mail-man,,2026-05-30
https://armor-games-inc.itch.io/quarantine,,2026-05-30
https://jonibonfemme.itch.io/dbg,,2026-05-30
https://armor-games-inc.itch.io/piti,,2026-05-30
https://szyromix.itch.io/jumping-cubes,,2026-05-30
https://jonibonfemme.itch.io/xmas,,2026-05-30
https://anmorphic.itch.io/stationed,,2026-05-30
https://punkcake.itch.io/soulbound,,2026-05-30
https://jonibonfemme.itch.io/bizza-girl,,2026-05-30
https://jjc-studios.itch.io/orb-survival,,2026-05-30
https://saladrine-scripts.itch.io/the-return-of-the-dogs,,2026-05-30
https://manolavoid.itch.io/swapping-gravity,,2026-05-30
https://whoppagamer.itch.io/john-dungeon-2,,2026-05-30
https://whoppagamer.itch.io/galactic-deathmatch,,2026-05-30
https://adamtheamazing.itch.io/maniacsadamsversion,,2026-05-30
https://emmareads.itch.io/asteroid-attack,,2026-05-30
https://jonibonfemme.itch.io/build-a-bear,,2026-05-30
https://emmareads.itch.io/wizards-and-warlocks,,2026-05-30
https://whoppagamer.itch.io/conquer2d,,2026-05-30
https://whoppagamer.itch.io/armwrestling-champion,,2026-05-30
https://whoppagamer.itch.io/gladiatory,,2026-05-30
https://anmorphic.itch.io/the-ghost-of-the-widow,,2026-05-30
https://coa-100.itch.io/planet-adally,,2026-05-30
https://nalabug.itch.io/the-insufferable-quiz-demo,,2026-05-30
https://yexalony.itch.io/rouge-bus,,2026-05-30
https://yexalony.itch.io/drifty-zombie-survivors-unity,,2026-05-30
https://yexalony.itch.io/pizza-ed-unity,,2026-05-30
https://jonibonfemme.itch.io/my-first-twine-game,,2026-05-30
https://jonibonfemme.itch.io/birthday-simulator,,2026-05-30
https://desi-game-dev.itch.io/those-damn-manequins,,2026-05-30
https://yuyusoft.itch.io/extinction,,2026-05-30
https://calimerho.itch.io/poison,,2026-05-30
https://udopd.itch.io/sendfile,,2026-05-30
https://armor-games-inc.itch.io/bomb-squad,,2026-05-30
https://udopd.itch.io/pacman-hardmod,,2026-05-30
https://danielpancake.itch.io/koloboko,,2026-05-30
https://joehyde.itch.io/project2shot,,2026-05-30
https://jonibonfemme.itch.io/shrimp-game-jam-2023,,2026-05-30
https://jonibonfemme.itch.io/nina-girl,,2026-05-30
https://thatguyzako.itch.io/eclipse-grand-strategy,,2026-05-30
https://nalabug.itch.io/rejumption,,2026-05-30
https://anteger.itch.io/breakup-portable,,2026-05-30
https://szyromix.itch.io/robo-skoczek,,2026-05-30
https://gaming-nonsense.itch.io/voice-of-change,,2026-05-30
https://thi8bit.itch.io/dungeon-items,,2026-05-30
https://snaildemon.itch.io/rewoven,,2026-05-30
https://saladrine-scripts.itch.io/slime-runner,,2026-05-30
https://saladrine-scripts.itch.io/a-slime-in-the-rain,,2026-05-30
https://saladrine-scripts.itch.io/depths-of-sorrow,,2026-05-30
https://saladrine-scripts.itch.io/husk-a-purposefully-bad-visual-novel,,2026-05-30
https://necessary-insanity.itch.io/deep-born,,2026-05-30
https://saladrine-scripts.itch.io/build-a-body,,2026-05-30
https://saladrine-scripts.itch.io/rediver,,2026-05-30
https://projectwill.itch.io/champion-of-realms,,2026-05-30
https://ayhamatos.itch.io/lostmaz,,2026-05-30
https://szyromix.itch.io/sloneczniki-ziemniaki,,2026-05-30
https://saladrine-scripts.itch.io/one-goblin-sobbin,,2026-05-30
https://szyromix.itch.io/zagraj-ponownie,,2026-05-30
https://saladrine-scripts.itch.io/comfort-in-the-abyss,,2026-05-30
https://saladrine-scripts.itch.io/theggsaver,,2026-05-30
https://zeros-unity-ports.itch.io/retry-again,,2026-05-30
https://saladrine-scripts.itch.io/simple-autotiles-16px,,2026-05-30
https://chocolatecake5000.itch.io/blobbys-big-blobventure,,2026-05-30
https://szyromix.itch.io/nierealna-pilka,,2026-05-30
https://ayhamatos.itch.io/the-hunted-dream,,2026-05-30
https://novinty.itch.io/hobo-cracker,,2026-05-30
https://ayhamatos.itch.io/tree-lie-simulator,,2026-05-30
https://guywithbeanie.itch.io/beanie,,2026-05-30
https://szyromix.itch.io/trotyl-physics,,2026-05-30
https://blyghtmare.itch.io/rictus,,2026-05-30
https://another-studios.itch.io/chase-tag,,2026-05-30
https://blyghtmare.itch.io/pay-to-breathe,,2026-05-30
https://blyghtmare.itch.io/60-seconds,,2026-05-30
https://blyghtmare.itch.io/admin-access-a-mind-controlling-module-for-mothership,,2026-05-30
https://necessary-insanity.itch.io/mrs-erika,,2026-05-30
https://that-blind-artist.itch.io/grief-transcends-species,,2026-05-30
https://jonibonfemme.itch.io/rachels-rwowdy-ren-faire-adventure,,2026-05-30
https://ayhamatos.itch.io/bananagame,,2026-05-30
https://szyromix.itch.io/zegar-tyka,,2026-05-30
https://anyaawsum.itch.io/pong,,2026-05-30
https://yuyusoft.itch.io/perseus-voyage,,2026-05-30
https://ayhamatos.itch.io/master-of-the-disaster,,2026-05-30
https://ayhamatos.itch.io/wtf-game,,2026-05-30
https://iamaneggwhoeatseggs.itch.io/mini-tower-defense-v1,,2026-05-30
https://iamaneggwhoeatseggs.itch.io/infant-clean-up,,2026-05-30
https://uservin333.itch.io/bfspecial,,2026-05-30
https://iamaneggwhoeatseggs.itch.io/tower-up-v1,,2026-05-30
https://uservin333.itch.io/fcc,,2026-05-30
https://uservin333.itch.io/sm,,2026-05-30
https://uservin333.itch.io/horsebet,,2026-05-30
https://softly-midnight.itch.io/jellypocalypse,,2026-05-30
https://softly-midnight.itch.io/sugar-spice-and-nothing-nice,,2026-05-30
https://uservin333.itch.io/bf-deluxe,,2026-05-30
https://necessary-insanity.itch.io/chronographia,,2026-05-30
https://brahmavidya.itch.io/mouse-messiah,,2026-05-30
https://iglobruhka.itch.io/bots-ai,,2026-05-30
https://szyromix.itch.io/drogowy-skoczek,,2026-05-30
https://imzero-comics.itch.io/sketchbook-april-2025,,2026-05-30
https://vrce.itch.io/virtual-race-car-engineer-2018-pc,,2026-05-30
https://vrce.itch.io/setup-developer-tool-2018-windows,,2026-05-30
https://journey1997.itch.io/passover,,2026-05-30
https://donmacsween.itch.io/heartofglass,,2026-05-30
https://ayhamatos.itch.io/a-dum-thanos-game,,2026-05-30
https://coderman101.itch.io/elf-man,,2026-05-30
https://yourlocalbluefella.itch.io/robot-running-game,,2026-05-30
https://uservin333.itch.io/chw,,2026-05-30
https://iamaneggwhoeatseggs.itch.io/bread,,2026-05-30
https://szyromix.itch.io/skaczacy-ptak,,2026-05-30
https://uservin333.itch.io/ci,,2026-05-30
https://imersastudios.itch.io/dungeon-props-low-poly-pack,,2026-05-30
https://pizzadoggy.itch.io/rust-and-blood-sfx-library,,2026-05-30
https://uservin333.itch.io/rrg,,2026-05-30
https://trixeyxzz.itch.io/project-rush,,2026-05-30
https://gaston-bernardini.itch.io/sonic-2d-mobile,,2026-05-30
https://imzero-comics.itch.io/sketchbook-june-2025,,2026-05-30
https://imzero-comics.itch.io/sketchbook-may-2025,,2026-05-30
https://iglobruhka.itch.io/fnab-thiri-fife-night-at-school12,,2026-05-30
https://iglobruhka.itch.io/tfb-the-friendly-battle,,2026-05-30
https://carlosgames.itch.io/uenas-noches,,2026-05-30
https://guywithbeanie.itch.io/the-beanie-and-the-taco-a-pairohdee,,2026-05-30
https://lost-data-gestalt.itch.io/mind-lockdown-photographer,,2026-05-30
https://nekoninjalabs.itch.io/psx-low-poly-character-male-gunner-002-game-ready,,2026-05-30
https://coderman101.itch.io/wave-duty,,2026-05-30
https://jakeymakey.itch.io/froggameapk,,2026-05-30
https://silveroakstudios.itch.io/shift,,2026-05-30
https://necessary-insanity.itch.io/octo-grames-traveler,,2026-05-30
https://mango-power.itch.io/this-short-indie-game-made-me-miss-my-friends-rainy-plays-lonely-game-livestrea,,2026-05-30
https://uservin333.itch.io/busyfighter,,2026-05-30
https://uservin333.itch.io/gcg,,2026-05-30
https://coderman101.itch.io/deadly-pong,,2026-05-30
https://coderman101.itch.io/explosionguy,,2026-05-30
https://coderman101.itch.io/cheeselander,,2026-05-30
https://hub187.itch.io/the-cold-iron,,2026-05-30
https://nitewriters.itch.io/mg,,2026-05-30
https://coderman101.itch.io/the-tank-game,,2026-05-30
https://coderman101.itch.io/kartman-ultra-turbo-racer,,2026-05-30
https://coderman101.itch.io/two-sheriffs-one-town,,2026-05-30
https://coderman101.itch.io/king-kais-giant-appetite,,2026-05-30
https://coderman101.itch.io/musicout,,2026-05-30
https://coderman101.itch.io/spacestar,,2026-05-30
https://coderman101.itch.io/decisionstellar,,2026-05-30
https://iglobruhka.itch.io/go-to-drink,,2026-05-30
https://coderman101.itch.io/builderknight,,2026-05-30
https://coderman101.itch.io/knightnight,,2026-05-30
https://cattrigger.itch.io/carnivore,,2026-05-30
https://hw-games.itch.io/pippo-the-clown,,2026-05-30
https://coderman101.itch.io/3d-platformer,,2026-05-30
https://madeineigie.itch.io/outerstice,,2026-05-30
https://codyford.itch.io/heatwave-sams-stay,,2026-05-30
https://zaperart.itch.io/nautilus-epoch,,2026-05-30
https://briamarks.itch.io/portal-pouncer,,2026-05-30
https://unaxo.itch.io/sunset-mix,,2026-05-30
https://mcr-artist-studio.itch.io/haremcft-rpg-sequel,,2026-05-30
https://mieldepoche.itch.io/shroomjam2025,,2026-05-30
https://ciabalacha.itch.io/s4e,,2026-05-30
https://jalakandev.itch.io/fish,,2026-05-30
https://eizenhower.itch.io/60-days-of-us,,2026-05-30
https://sashaant.itch.io/pixel-yolo,,2026-05-30
https://desi-game-dev.itch.io/monster-jail-cook,,2026-05-30
https://fanimato.itch.io/mowlie,,2026-05-30
https://grassycs.itch.io/incredibox-vbal1-schoolhouse-trouble,,2026-05-30
https://chunq.itch.io/wordjoy,,2026-05-30
https://redtophat.itch.io/cartomancers-mayhem,,2026-05-30
https://mahammad-ali.itch.io/ping-pong,,2026-05-30
https://szyromix.itch.io/latarnik,,2026-05-30
https://yuyusoft.itch.io/powerpool,,2026-05-30
https://gaiodev.itch.io/amorphous,,2026-05-30
https://teemumix.itch.io/yellow-guy-vs-the-void,,2026-05-30
https://hizumi-tail.itch.io/dreamlight-field-interactive-cozy-fantasy-music-pack-fmodunityue5godot,,2026-05-30
https://devplaygames.itch.io/world-machine,,2026-05-30
https://desi-game-dev.itch.io/nobita-and-the-zombie-adventure,,2026-05-30
https://c12hz.itch.io/seeker-ice-caves,,2026-05-30
https://c12hz.itch.io/seeker-moss-grotto,,2026-05-30
https://c12hz.itch.io/seeker-moss-grotto-creatures,,2026-05-30
https://c12hz.itch.io/seeker-ice-caves-creatures,,2026-05-30
https://c12hz.itch.io/seeker-dust,,2026-05-30
https://davidxgames.itch.io/technogamerzhorrorhotel,,2026-05-30
https://melodybird.itch.io/punch-drunk-june,,2026-05-30
https://comma69.itch.io/ethereal-threads-special,,2026-05-30
https://blyghtmare.itch.io/these-unwashed-masses,,2026-05-30
https://ayhamatos.itch.io/one-hour-mission-ass-game,,2026-05-30
https://theevilent.itch.io/arcane-casters,,2026-05-30
https://moonphuzz.itch.io/the-seven-deadly-skeletons,,2026-05-30
https://yuyusoft.itch.io/the-bell,,2026-05-30
https://candyflozzia.itch.io/harmonia-cancelled-build,,2026-05-30
https://nekoninjalabs.itch.io/psx-low-poly-character-male-gunner-003-police-game-ready,,2026-05-30
https://jillionbits.itch.io/jarlyme,,2026-05-30
https://kreativekershaw.itch.io/hunters-life,,2026-05-30
https://ifthenelse-interactive.itch.io/victorian-marta,,2026-05-30
https://ifthenelse-interactive.itch.io/victorian-marta-portraits,,2026-05-30
https://ifthenelse-interactive.itch.io/biopunk-hackers-zayne,,2026-05-30
https://ifthenelse-interactive.itch.io/biopunk-hackers-zayne-portraits,,2026-05-30
https://squirewaldo.itch.io/the-signal-in-the-stones,,2026-05-30
https://anmorphic.itch.io/layers-of-masking,,2026-05-30
https://roastedlizard.itch.io/sprunki-plushi-reproduced,,2026-05-30
https://sky-developer.itch.io/playbox-concept,,2026-05-30
https://spicyvoyager.itch.io/helminth,,2026-05-30
https://yuyusoft.itch.io/baidaibaichi,,2026-05-30
https://the-mandarin.itch.io/reversed-world,,2026-05-30
https://teafeaster.itch.io/a-klinikka-testi,,2026-05-30
https://world-serpent.itch.io/still-winter,,2026-05-30
https://desi-game-dev.itch.io/fractured-safety-prying-eyes,,2026-05-30
https://mrravano.itch.io/cerdopuzzle,,2026-05-30
https://davidxgames.itch.io/bowling-ball-alley,,2026-05-30
https://almondlion.itch.io/the-number-above,,2026-05-30
https://devratgamesstudio.itch.io/office-chair-parkour,,2026-05-30
https://dankim00.itch.io/case002-03,,2026-05-30
https://the-b-listers.itch.io/metal-drive-duel,,2026-05-30
https://boomercat.itch.io/chicken-flight,,2026-05-30
https://pixlas.itch.io/die-for-the-rat-king,,2026-05-30
https://davidxgames.itch.io/plz-dont-do-that-with-dino,,2026-05-30
https://lophorina-studios.itch.io/beat-box,,2026-05-30
https://snakeblair.itch.io/blek-and-the-endless-keep,,2026-05-30
https://mrravano.itch.io/beach-runner,,2026-05-30
https://the-mandarin.itch.io/snowman-billy,,2026-05-30
https://hexxgt.itch.io/lighty-taggers,,2026-05-30
https://mismatched-socks.itch.io/arachnes-loom,,2026-05-30
https://iamaneggwhoeatseggs.itch.io/low-poly-present-assets,,2026-05-30
https://necessary-insanity.itch.io/golden-berry-memory,,2026-05-30
https://almondlion.itch.io/avragsmelancholy,,2026-05-30
https://fast-f00d.itch.io/animal-crossing-if-it-was-funky,,2026-05-30
https://87accident.itch.io/iron-swell-dien-bien-phu,,2026-05-30
https://davidxgames.itch.io/hardwork-for-nature,,2026-05-30
https://anguinart.itch.io/hivesg2,,2026-05-30
https://danysus10.itch.io/cubecrush,,2026-05-30
https://meangrip.itch.io/dupin,,2026-05-30
https://moltewerf.itch.io/terrams40talespart1,,2026-05-30
https://mmelectric.itch.io/another-unoriginal-bullet-hell-game,,2026-05-30
https://ommiller.itch.io/philly-ball,,2026-05-30
https://benallengamer.itch.io/wperspective,,2026-05-30
https://moltewerf.itch.io/dinnerinthewestwellhouse,,2026-05-30
https://moltewerf.itch.io/notsomethinglikelove,,2026-05-30
https://j0skiy.itch.io/freakish-attack,,2026-05-30
https://calummulveen.itch.io/roman-woe-test,,2026-05-30
https://montfordtales.itch.io/ashers-ridge,,2026-05-30
https://thepostdadclinic.itch.io/black-screen-of-the-black-screen,,2026-05-30
https://mortussangeluss.itch.io/night-watch-farmer,,2026-05-30
https://suo-jin.itch.io/fasshon,,2026-05-30
https://roastedlizard.itch.io/sprunki-2014,,2026-05-30
https://loopbounder.itch.io/loopbound,,2026-05-30
https://117zone.itch.io/were-at-the-party,,2026-05-30
https://necessary-insanity.itch.io/mc-kinksley-black-hospital,,2026-05-30
https://mortussangeluss.itch.io/the-echo-valley-massacre,,2026-05-30
https://redwattsoftware.itch.io/runecrypt,,2026-05-30
https://davidxgames.itch.io/use-some-invinciblety,,2026-05-30
https://qwertyuiop11426124.itch.io/question,,2026-05-30
https://moltewerf.itch.io/toothandscale,,2026-05-30
https://liam-games-official.itch.io/danes-fishing,,2026-05-30
https://samako.itch.io/yum,,2026-05-30
https://chapitin.itch.io/192x-mafia,,2026-05-30
https://deses-workshop.itch.io/wizard-lizard,,2026-05-30
https://davidxgames.itch.io/jack-the-ripper,,2026-05-30
https://incostruzione.itch.io/the-last-gunner-no-way-out,,2026-05-30
https://ayhamatos.itch.io/khaleds-roof-defence,,2026-05-30
https://isaiah752.itch.io/paintbrush,,2026-05-30
https://reddreamsstudio.itch.io/shadows-of-fortificar,,2026-05-30
https://honey-moony.itch.io/rent-girls,,2026-05-30
https://atroproductions.itch.io/wink,,2026-05-30
https://oilbiscuit.itch.io/jevons-paradox,,2026-05-30
https://pigeonic.itch.io/another-time,,2026-05-30
https://saphiellecodes.itch.io/flappy-flutter,,2026-05-30
https://cubellia.itch.io/meramera-meow-magic,,2026-05-30
https://hexxgt.itch.io/project-audy,,2026-05-30
https://aidanandrews.itch.io/wbbl-tv-800-ft,,2026-05-30
https://theember.itch.io/exit-pursued-by-a-dream,,2026-05-30
https://trulyazul.itch.io/scaled-helix,,2026-05-30
https://akuma-kira.itch.io/lavenders,,2026-05-30
https://juanirabe.itch.io/goldbergs-enigma,,2026-05-30
https://davidxgames.itch.io/make-money-by-machines,,2026-05-30
https://filipgoober.itch.io/three-nights-at-bears,,2026-05-30
https://chapitin.itch.io/domain,,2026-05-30
https://amwhy42.itch.io/nuts,,2026-05-30
https://ichiban-vibe.itch.io/crown-legends,,2026-05-30
https://roastedlizard.itch.io/sprunki-goofy-shifted,,2026-05-30
https://politedevilgames.itch.io/zadrex,,2026-05-30
https://pixelshmak.itch.io/monster-enemies-pack-16x16-pixel,,2026-05-30
https://mixer-m.itch.io/welcome-to-spooky-town,,2026-05-30
https://promptpotatogames.itch.io/forknife,,2026-05-30
https://tarataratara555.itch.io/freak-bitch-an-interactive-manifesto,,2026-05-30
https://mundane-failure.itch.io/dozensv01,,2026-05-30
https://madladdesigns.itch.io/tttsnb,,2026-05-30
https://loserchips.itch.io/cannotclassify,,2026-05-30
https://erasoftstudio.itch.io/fire-and-forge-demo,,2026-05-30
https://fear-mongrel.itch.io/ham-hole,,2026-05-30
https://rimazdev.itch.io/fragments-of-a-melody,,2026-05-30
https://ghostgirllola.itch.io/i-dont-get-paid-enough-for-this,,2026-05-30
https://vasantj.itch.io/medieval-cop-s2-e10,,2026-05-30
https://dave18.itch.io/wip-sonic-spectrum-next,,2026-05-30
https://eneko-ctav3.itch.io/gogora-dezagun,,2026-05-30
https://hexxgt.itch.io/wonder-taggers,,2026-05-30
https://starpathgames.itch.io/pocket-pool,,2026-05-30
https://amberrosenthal.itch.io/leonsuharto,,2026-05-30
https://mrmarcoboy.itch.io/ghost-shotbuster,,2026-05-30
https://89lightwatchavenue.itch.io/dreamer-complete-second-year,,2026-05-30
https://srg774.itch.io/balllogic,,2026-05-30
https://marcusbabymann.itch.io/free-roboks-games-chapter-1-demo,,2026-05-30
https://lagoudj.itch.io/noise-therapy,,2026-05-30
https://antonyplaysyt.itch.io/sprunki-reversed-all-phases-mobile-port-2-7,,2026-05-30
https://finalbossblues.itch.io/godless-avalon,,2026-05-30
https://smoothspine.itch.io/elixir-ni,,2026-05-30
https://figglewatts.itch.io/rodent-rooms,,2026-05-30
https://davidxgames.itch.io/bat-life,,2026-05-30
https://pantaloon-io.itch.io/offbeat,,2026-05-30
https://devoastroman.itch.io/crystal-collector,,2026-05-30
https://pneumoneyp.itch.io/tltp,,2026-05-30
https://moltewerf.itch.io/old-pain-new-ways-flail,,2026-05-30
https://moltewerf.itch.io/spitting-imaginatio-flail,,2026-05-30
https://moltewerf.itch.io/thicket-twig-coin-flail,,2026-05-30
https://ajroach42.itch.io/spacehawk-gbc,,2026-05-30
https://unisinos.itch.io/legacy-scan,,2026-05-30
https://menlorn.itch.io/bounciful-idle,,2026-05-30
https://hai-soundworks.itch.io/orchestral-adventures,,2026-05-30
https://ella-22.itch.io/look-at-my-beeeen,,2026-05-30
https://daniilpixel.itch.io/pixeroids,,2026-05-30
https://veralynndarcy.itch.io/rebirth,,2026-05-30
https://tuans-nest.itch.io/pantheon,,2026-05-30
https://10firststeps.itch.io/wizterie,,2026-05-30
https://cody0609.itch.io/whispers-of-the-forgotten-the-mansion,,2026-05-30
https://iglobruhka.itch.io/no-im-not-a-schooler,,2026-05-30
https://lophorina-studios.itch.io/adhd-the-deckbuilder,,2026-05-30
https://annamallol.itch.io/la-classe-dels-pinguins,,2026-05-30
https://rc-flexxy.itch.io/bad-tag-v1,,2026-05-30
https://skeletonkev.itch.io/fpbi-test-program,,2026-05-30
https://rennoorgames.itch.io/flawless-run,,2026-05-30
https://sailorspooky.itch.io/they-cant-hear-you,,2026-05-30
https://gbraad.itch.io/rx7-cartridge-tool,,2026-05-30
https://catmilk.itch.io/magic-beans,,2026-05-30
https://studio-lekker-spelen.itch.io/dobblestone,,2026-05-30
https://happyorange2000.itch.io/klr,,2026-05-30
https://chronicheadache.itch.io/one-way-ticket,,2026-05-30
https://heosphorus.itch.io/heos-melt,,2026-05-30
https://bonfiredog.itch.io/bradshaws-etiquette,,2026-05-30
https://kyronaught.itch.io/project-threshold,,2026-05-30
https://juiccedev.itch.io/fossara,,2026-05-30
https://itimoreoo.itch.io/the-helmet-war-shop-simulator,,2026-05-30
https://voltzgamez.itch.io/haunted,,2026-05-30
https://3denemy.itch.io/girlballs,,2026-05-30
https://benjcorp.itch.io/bargoer,,2026-05-30
https://mattmirrorfish.itch.io/pack-ripper-gambons-wildcards-alpha,,2026-05-30
https://cultofthecommodity.itch.io/the-hypergeometric-incursion-of-heu,,2026-05-30
https://luxans.itch.io/mingo,,2026-05-30
https://oscail.itch.io/gabha,,2026-05-30
https://kextex.itch.io/interactive-water-in-godot-4,,2026-05-30
https://pepegames.itch.io/yana,,2026-05-30
https://cybersummerstudio.itch.io/fulfillment-racing,,2026-05-30
https://megacatstudios.itch.io/little-medusa,,2026-05-30
https://quietingofthelamps.itch.io/remorph,,2026-05-30
https://mumusi-c21.itch.io/paleerosion,,2026-05-30
https://redi-lbp.itch.io/brdnights,,2026-05-30
https://humanqube.itch.io/drill-deep,,2026-05-30
https://deadpxls.itch.io/odyssey-de-luxe,,2026-05-30
https://gameswithdna.itch.io/love-and-fools-gold,,2026-05-30
https://1ncors.itch.io/dont-eat-this,,2026-05-30
https://ollibanjo.itch.io/caught-on-paper,,2026-05-30
https://mabytale.itch.io/ritual-for-katya,,2026-05-30
https://noiros.itch.io/sense,,2026-05-30
https://juyounginpark.itch.io/demoholdandpop-v02,,2026-05-30
https://ohdeerpatreon.itch.io/toriels-embrace,,2026-05-30
https://shizuka-aieda.itch.io/elysion-the-endless-dream-park,,2026-05-30
https://c12hz.itch.io/donation,,2026-05-30
https://lukyaforge.itch.io/free-slime-enemy-pack,,2026-05-30
https://nightexl.itch.io/yrfah,,2026-05-30
https://saphiellecodes.itch.io/sometimes-i-think-the-shadows-are-me-and-i-keep-becoming-someone-else,,2026-05-30
https://cadstudios.itch.io/echoes-of-fate,,2026-05-30
https://codymace.itch.io/daily-speck,,2026-05-30
https://cameron-ackland.itch.io/pixel-platformer,,2026-05-30
https://openedcanofwellcheers.itch.io/maxs-cool-platform-game,,2026-05-30
https://below-negative89.itch.io/chefs-kiss,,2026-05-30
https://zetxine.itch.io/very-unfinished-platformer,,2026-05-30
https://g1tsyt.itch.io/crawler,,2026-05-30
https://devplaygames.itch.io/schoolsimulator,,2026-05-30
https://franco36.itch.io/thechasm,,2026-05-30
https://pedropiche.itch.io/100-proof,,2026-05-30
https://yshastiy.itch.io/void-terminal,,2026-05-30
https://hesoyamgames.itch.io/just-a-gun-demo,,2026-05-30
https://finji.itch.io/868-back,,2026-05-30
https://justageorge.itch.io/making-america,,2026-05-30
https://woundmark.itch.io/warmark,,2026-05-30
https://chrisau.itch.io/last-purifier,,2026-05-30
https://sir-volt.itch.io/demigogenesis,,2026-05-30
https://watermelonis-153.itch.io/taverna,,2026-05-30
https://a-lagos.itch.io/http1270018042indexhtml,,2026-05-30
https://desi-game-dev.itch.io/dark-nights-a-night-alone,,2026-05-30
https://covertxgaming.itch.io/covertxuniverse,,2026-05-30
https://1ncors.itch.io/the-deep-red,,2026-05-30
https://raymondn.itch.io/schoolofsudsud,,2026-05-30
https://gansjoojs.itch.io/cirilu-lirus-caps-a-fulga-fugitiva,,2026-05-30
https://srg774.itch.io/dark-sci-fi-audio-pack,,2026-05-30
https://voivoda-games.itch.io/botev-path-to-immortality,,2026-05-30
https://t3sserak.itch.io/tight-lines,,2026-05-30
https://tarkod.itch.io/minecraftnonograms,,2026-05-30
https://homemadestudios.itch.io/burnout-inc-survive-your-shift,,2026-05-30
https://darksplice0.itch.io/resim,,2026-05-30
https://puppynow.itch.io/nightmare-puppynows-version,,2026-05-30
https://groutc.itch.io/clutter-sprunk,,2026-05-30
https://metrorace.itch.io/httpsmetroracegame,,2026-05-30
https://szyromix.itch.io/dobre-prosiaki,,2026-05-30
https://josuejarre.itch.io/corpus-ferri,,2026-05-30
https://mechayaan.itch.io/the-rift-machine-demo,,2026-05-30
https://hw-games.itch.io/wonders-researchers,,2026-05-30
https://tainia.itch.io/build-your-own-wamao,,2026-05-30
https://firemetdm.itch.io/fireme,,2026-05-30
https://alexandershen.itch.io/starry-knight,,2026-05-30
https://latamgamesromhacksandmods.itch.io/starbrownie,,2026-05-30
https://kholo.itch.io/your-friendly-electrician,,2026-05-30
https://request.itch.io/requests-guitar-toolkit,,2026-05-30
https://figglehorns.itch.io/sunset,,2026-05-30
https://joeychubbyfox.itch.io/the-wolf-beyond-the-table,,2026-05-30
https://thara0.itch.io/under-the-shelves,,2026-05-30
https://broadstreetindiegames.itch.io/swish-ball-clicker-demo,,2026-05-30
https://lilaoliven.itch.io/blobby-bluu,,2026-05-30
https://artturilaitakari.itch.io/archmage-gauntlet,,2026-05-30
https://choisweb.itch.io/awphoenix,,2026-05-30
https://hexxgt.itch.io/awaking-taggers,,2026-05-30
https://dhruti.itch.io/ba-and-dadas-garden,,2026-05-30
https://pedropiche.itch.io/low-poly-trees-free,,2026-05-30
https://fysura88.itch.io/tbc,,2026-05-30
https://ltsmgxb.itch.io/fcht,,2026-05-30
https://atomicrealm.itch.io/mini-modular-car,,2026-05-30
https://sskakaba.itch.io/sort-heads-in-room-30,,2026-05-30
https://jackalpants.itch.io/everyone-dies-alone,,2026-05-30
https://lilaoliven.itch.io/husked-memories,,2026-05-30
https://sadzanenyama.itch.io/false-north,,2026-05-30
https://razuth.itch.io/day-xxii-reap-and-souls,,2026-05-30
https://chronicheadache.itch.io/iwtmavg,,2026-05-30
https://hexxgt.itch.io/horror-baboon-beta-test-nyhaheheahheehe,,2026-05-30
https://lumibloom.itch.io/lumibloom,,2026-05-30
https://ignismcqueen.itch.io/bee-tiful-forest,,2026-05-30
https://acudo.itch.io/cat-roomba-all-stars,,2026-05-30
https://biggerspider.itch.io/asgat-demo,,2026-05-30
https://thecrude.itch.io/modi-vs-cockroach,,2026-05-30
https://gau-ze.itch.io/voulez-vous-manger-un-cureuil-le-jeu-vido,,2026-05-30
https://stonebooklab.itch.io/yokaifilter,,2026-05-30
https://mortalprofe.itch.io/jump-master,,2026-05-30
https://rietje.itch.io/nudge-along,,2026-05-30
https://benwesty.itch.io/legend-of-mir-2-idle,,2026-05-30
https://stonedpixel.itch.io/soulbound,,2026-05-30
https://coldcoffeegames.itch.io/kablooey-ship,,2026-05-30
https://null-archive-games.itch.io/horizon-hopper,,2026-05-30
https://necessary-insanity.itch.io/incuming-space-unit,,2026-05-30
https://disla.itch.io/doma-stream-frame,,2026-05-30
https://revmagames.itch.io/killer-connections,,2026-05-30
https://hub187.itch.io/underground-scar,,2026-05-30
https://juice-baby.itch.io/mt-vessel-novel,,2026-05-30
https://croco-dev.itch.io/chibi-monster-girls,,2026-05-30
https://labombasta.itch.io/the-elemental-swordsman,,2026-05-30
https://omega2791.itch.io/cn-topdown,,2026-05-30
https://adventurix.itch.io/dead-air,,2026-05-30
https://ruha-play.itch.io/the-scarecrow-field-idle,,2026-05-30
https://filigz.itch.io/olymp-cafe,,2026-05-30
https://fjpolo.itch.io/blasnesmous,,2026-05-30
https://komechl.itch.io/boulot-metro-dodo,,2026-05-30
https://ok-games1204.itch.io/infinite-scroller,,2026-05-30
https://julien-savoye-heaj.itch.io/exposure,,2026-05-30
https://mylittlecomputerfriends.itch.io/klifur,,2026-05-30
https://phasergamejam.itch.io/edition-2026-artificial-world,,2026-05-30
https://jaibastlalpenas.itch.io/crawlers,,2026-05-30
https://phil42.itch.io/levers-of-democracy,,2026-05-30
https://dngnclub.itch.io/thank-you-for-shopping,,2026-05-30
https://uklas.itch.io/yeepswiringsim,,2026-05-30
https://bksil.itch.io/unbalanced-demo,,2026-05-30
https://brayayin03.itch.io/damaged-dinosaur,,2026-05-30
https://soupergamer.itch.io/giminicraft-java-edition,,2026-05-30
https://moltewerf.itch.io/podrops-no-return,,2026-05-30
https://strangelordy.itch.io/frog-taggers,,2026-05-30
https://kvnaugusto.itch.io/hotel-foster,,2026-05-30
https://speedtales.itch.io/fated-fae-lover-chapter-4,,2026-05-30
https://v3x3d.itch.io/digital-display,,2026-05-30
https://santo29.itch.io/smrapkweb-max,,2026-05-30
https://bluerobin000.itch.io/the-severed-seven,,2026-05-30
https://cixidetroy.itch.io/platon,,2026-05-30
https://thegreatarrodes.itch.io/miut,,2026-05-30
https://jexst.itch.io/silent-echo,,2026-05-30
https://alebasi.itch.io/marine-life-sprite-pack,,2026-05-30
https://wanderpulse.itch.io/eclipse-remnant,,2026-05-30
https://darshhak.itch.io/streetsurferrinsta,,2026-05-30
https://missiontimon.itch.io/chiri,,2026-05-30
https://hihiha-store.itch.io/1-speed-bubblewrap-escape-fundamentals,,2026-05-30
https://noodlepoeki.itch.io/cab-request,,2026-05-30
https://pgtb.itch.io/forest-seasons,,2026-05-30
https://unforgivingmuse.itch.io/tefr-prelude-ash-beta,,2026-05-30
https://mari-rose7.itch.io/i-meant-to-fill-it,,2026-05-30
https://synthletic.itch.io/unwavered-overgrowth,,2026-05-30
https://xphere.itch.io/haunted-abbey,,2026-05-30
https://sponji.itch.io/breakout,,2026-05-30
https://thegrouchcouch.itch.io/rules-rolls-better-solo-rpg-combat,,2026-05-30
https://akatsuki-game.itch.io/teiji-de-kaeru,,2026-05-30
https://deadpxls.itch.io/into-the-corn,,2026-05-30
https://chronicheadache.itch.io/lightcube,,2026-05-30
https://bayconzz.itch.io/monor-incredibox,,2026-05-30
https://whitefacepaint.itch.io/micheal-m,,2026-05-30
https://outcasts-village.itch.io/kikimimi,,2026-05-30
https://deri255.itch.io/arzawa-the-valaing,,2026-05-30
https://elismolha.itch.io/heartbreak-monsterhearts-ttrpg-hack,,2026-05-30
https://ruha-play.itch.io/the-ocean-under-the-bed,,2026-05-30
https://plucafs.itch.io/moveset,,2026-05-30
https://roscvit.itch.io/polar-collapse,,2026-05-30
https://norbertkupeczki.itch.io/battery-souls,,2026-05-30
https://plucafs.itch.io/minidata,,2026-05-30
https://nowysoft.itch.io/mhystaria,,2026-05-30
https://thegamingfoxprogram.itch.io/the-little-robot-connector,,2026-05-30
https://olliesara.itch.io/soot-steel,,2026-05-30
https://dysfuncgames.itch.io/necroworks,,2026-05-30
https://damandeep999.itch.io/whispers-of-kaelith,,2026-05-30
https://studio-idem.itch.io/word-gets-around,,2026-05-30
https://st-chem-atelier.itch.io/guardiangels,,2026-05-30
https://itomi.itch.io/catan-printable-maps-the-first-island,,2026-05-30
https://toastytime.itch.io/corporate-trimming,,2026-05-30
https://toastytime.itch.io/try-me,,2026-05-30
https://wowz-gt.itch.io/w0wz-gth,,2026-05-30
https://kramerzj.itch.io/pioneer,,2026-05-30
https://ka0o0o.itch.io/dulce-escapada,,2026-05-30
https://conrad-frostfoe.itch.io/hunky-hyena,,2026-05-30
https://zero10y7.itch.io/zero-clicker,,2026-05-30
https://wespaugh.itch.io/werewolf-the-apocalypse-5th-edition-companion-app,,2026-05-30
https://ontogeny.itch.io/substrate,,2026-05-30
https://kitrotz.itch.io/dodge-dash,,2026-05-30
https://mynxdelynx.itch.io/maids-of-the-monster,,2026-05-30
https://cherry-catio.itch.io/a-purr-la-bandera-videojuego,,2026-05-30
https://decrien.itch.io/life-of-theseus-hiatus-alpha,,2026-05-30
https://c12hz.itch.io/the-seeker-resonate,,2026-05-30
https://hihiha-store.itch.io/reward-system,,2026-05-30
https://david123asus.itch.io/sudoku-infinity,,2026-05-30
https://jeristoncio.itch.io/presas-veladas,,2026-05-30
https://reichiv.itch.io/redactvhs,,2026-05-30
https://decloedt-sarah.itch.io/psychastenia,,2026-05-30
https://lita-art.itch.io/vtuber-assets-drinking-juice,,2026-05-30
https://joseaphh.itch.io/speack-to-jotest-verision,,2026-05-30
https://asil4835.itch.io/slime-merge,,2026-05-30
https://tumoxep.itch.io/bioshok2japanata-fan-fiction,,2026-05-30
https://superkane83.itch.io/brutal-a-bloody-grim-ttrpg,,2026-05-30
https://severinup.itch.io/tropical-towers,,2026-05-30
https://mrgluestickman.itch.io/polf,,2026-05-30
https://benriquez.itch.io/watch-out-asteroids,,2026-05-30
https://ray-d-ash.itch.io/trees-16x24,,2026-05-30
https://celeyastudios.itch.io/dratys-genocide,,2026-05-30
https://sirius-asset.itch.io/isometric-truck-and-trailer,,2026-05-30
https://takeabowtheatrics.itch.io/morph-engine-by-vexor,,2026-05-30
https://2toon-art.itch.io/graviteye,,2026-05-30
https://sorrowofwind.itch.io/8bit-rpg-maker-mv-character-orcgoblin-sprite,,2026-05-30
https://river-banks.itch.io/strangers-in-bloom,,2026-05-30
https://nappingcloud.itch.io/jamkit-pixel-beat-em-up-asset-pack,,2026-05-30
https://zohaven.itch.io/ghostbusters,,2026-05-30
https://ben-bk.itch.io/dnb-starfighter,,2026-05-30
https://methodcs.itch.io/pong-my-first-game,,2026-05-30
https://108hassium.itch.io/covecove,,2026-05-30
https://bernord73.itch.io/five-nights-at-fuagris,,2026-05-30
https://need-free-assets.itch.io/protect-the-planet,,2026-05-30
https://cubellia.itch.io/pixels-off,,2026-05-30
https://asakumochiyuki.itch.io/fbgm3,,2026-05-30
https://karlzu.itch.io/9a82-sa12b-gladiator,,2026-05-30
https://external-gills.itch.io/girl-with-a-silly-flower-on-her-head,,2026-05-30
https://toxily.itch.io/unwelcomed,,2026-05-30
https://alcyone-legends.itch.io/alcyone-legends,,2026-05-30
https://fishingwithclippy.itch.io/color-blocks-gfc-remake,,2026-05-30
https://c4l0.itch.io/bird-up,,2026-05-30
https://pakin929.itch.io/fruits-panda,,2026-05-30
https://itsizac.itch.io/infinite-scroller,,2026-05-30
https://gryschnack.itch.io/cursed-lazuli,,2026-05-30
https://creativekind.itch.io/mummy-mage,,2026-05-30
https://gingycandi.itch.io/down-bad,,2026-05-30
https://theglitchiestglitch.itch.io/wad,,2026-05-30
https://orhstudio.itch.io/wuxia-amulets-icons,,2026-05-30
https://starjou.itch.io/row-swipe,,2026-05-30
https://ghostman909.itch.io/the-blockrooms,,2026-05-30
https://therosethapelo.itch.io/town-of-the-ancient,,2026-05-30
https://brainrotbazzar.itch.io/stillkin,,2026-05-30
https://uondave.itch.io/duel,,2026-05-30
https://lemonety.itch.io/sylvan-carnage,,2026-05-30
https://doublerareworld.itch.io/flappy-guns-advance,,2026-05-30
https://exedexes1.itch.io/life-of-rixlor-the-game,,2026-05-30
https://moina3.itch.io/stoneheart,,2026-05-30
https://dunpixel.itch.io/pixel-art-skill-icons-24-arcane-magic-spell-icons,,2026-05-30
https://belly-entertainment.itch.io/sector-1,,2026-05-30
https://ctrlaltdev-ltd.itch.io/ad-astra,,2026-05-30
https://aream723.itch.io/dungeons-and-delinquents,,2026-05-30
https://gort-industries.itch.io/the-wheels-on-the-bots,,2026-05-30
https://crowdagger.itch.io/hey-aye-slope,,2026-05-30
https://xrayengine.itch.io/higurashi-when-they-cry-yume,,2026-05-30
https://scarybaboonfixer.itch.io/scary-baboon-backrooms-working-servers,,2026-05-30
https://coolsealion26.itch.io/stormheart,,2026-05-30
https://pendaemon.itch.io/echoesofsilence,,2026-05-30
https://voidr77.itch.io/ink-blood,,2026-05-30
https://hatchi-developer.itch.io/hatchi-night,,2026-05-30
https://leesurely.itch.io/caved-in,,2026-05-30
https://thegrouchcouch.itch.io/tomb-punk-expanded-solo-rules,,2026-05-30
https://keggsie.itch.io/the-cake-case,,2026-05-30
https://sorru.itch.io/racoons-revenge,,2026-05-30
https://lise-finet.itch.io/the-vengefuls-wrath,,2026-05-30
https://davidpappas.itch.io/eggberts-bird-bath,,2026-05-30
https://mtw1man2.itch.io/enemy-priority-ui-pack-target-markers-role-badges-combat-focus,,2026-05-30
https://its-mar.itch.io/holo-fight,,2026-05-30
https://nekuzaky.itch.io/the-fifth-antler,,2026-05-30
https://kanea-tahiti.itch.io/te-faufaa-o-te-mana,,2026-05-30
https://kanea-tahiti.itch.io/te-toai-nui,,2026-05-30
https://terrasima.itch.io/alpha-rogue-royal,,2026-05-30
https://stanfordedtech.itch.io/teaching-gender-affirming-care,,2026-05-30
https://saturno-interactive.itch.io/minisuper-simulator,,2026-05-30
https://rodzilla68.itch.io/road-rage,,2026-05-30
https://ppeak.itch.io/primeval,,2026-05-30
https://beeboundless.itch.io/fashion-fever,,2026-05-30
https://haleyfwish.itch.io/imagination-apothecary,,2026-05-30
https://laxflax19.itch.io/heartless-alpha,,2026-05-30
https://kanea-tahiti.itch.io/pakeji,,2026-05-30
https://strawberrybraingames.itch.io/beginner-mode,,2026-05-30
https://gossiamgames.itch.io/level-select-system-for-gms2,,2026-05-30
https://anothergenericguy.itch.io/salamancas-witches,,2026-05-30
https://giddygamesyt.itch.io/crane-game,,2026-05-30
https://juanchope574.itch.io/hunterfood,,2026-05-30
https://doublerareworld.itch.io/candy-man,,2026-05-30
https://mi-koto2.itch.io/fair-gain-yttd-past-episode-fangame,,2026-05-30
https://mckenna-a1.itch.io/midnight-museum-heist,,2026-05-30
https://room24c.itch.io/analytisave-local-data-analysis-tool-for-creators-freelancers,,2026-05-30
https://kaage2009.itch.io/remstered,,2026-05-30
https://ascch.itch.io/space-ship-war,,2026-05-30
https://doublerareworld.itch.io/yellow-fever,,2026-05-30
https://eakka.itch.io/time-off-task,,2026-05-30
https://elias-ast.itch.io/achlys,,2026-05-30
https://metalcodestudios.itch.io/multiplayer,,2026-05-30
https://ruanfh.itch.io/warrior,,2026-05-30
https://surgos.itch.io/mono-kill,,2026-05-30
https://vr3xy.itch.io/black-souls0,,2026-05-30
https://pompack.itch.io/mysterious-bookstore-clerk-male,,2026-05-30
https://marinaomi.itch.io/objectif-nievre,,2026-05-30
https://johnathancrimson.itch.io/last-breath,,2026-05-30
https://purelytoffee.itch.io/project-wage,,2026-05-30
https://zoesilva.itch.io/nivre-quest,,2026-05-30
https://sonikbuster.itch.io/the-bucket-dog,,2026-05-30
https://d-o-m-o.itch.io/l0tus,,2026-05-30
https://vill8tion.itch.io/cleric-character-sprite-pack-8-expressions-9-outfits-400-high-quality-assets,,2026-05-30
https://jajalys.itch.io/color-team-survivor,,2026-05-30
https://indigolatte.itch.io/straitsimulator,,2026-05-30
https://jg19polymer.itch.io/ascencion-quest,,2026-05-30
https://postdev.itch.io/psx-signs,,2026-05-30
https://hups.itch.io/the-exorcist-of-carpathia,,2026-05-30
https://ravis-world.itch.io/button-of-working,,2026-05-30
https://bedulgy.itch.io/cafegame,,2026-05-30
https://zesodev.itch.io/specter-siege,,2026-05-30
https://harvodestroyer.itch.io/a-cozy-calamity,,2026-05-30
https://blainelocklair.itch.io/mazemania,,2026-05-30
https://breakboundstudio.itch.io/false-earth,,2026-05-30
https://nobody174.itch.io/dungeon-clicker-9000,,2026-05-30
https://solitarystudios.itch.io/night-mule,,2026-05-30
https://vladsgamingcartel.itch.io/cme-survival,,2026-05-30
https://jamberdev.itch.io/the-next-horizon,,2026-05-30
https://wynandmeyering.itch.io/viking-rune-expansion-gods-myths-and-cosmic-order-500-game-ready-rune-icons,,2026-05-30
https://eljoepo.itch.io/isomorphic-memory-maker,,2026-05-30
https://claraador.itch.io/serious-game-nievre-the-game,,2026-05-30
https://kswzzz.itch.io/lava-block-escape,,2026-05-30
https://phynx0.itch.io/dress-up-pia,,2026-05-30
https://rex-francis.itch.io/bezoar,,2026-05-30
https://hashmemory.itch.io/hashflag,,2026-05-30
https://pedrobpinheiro.itch.io/projeto-a-visualizador-orbital-3d,,2026-05-30
https://laura-tje.itch.io/colour-madness,,2026-05-30
https://averok.itch.io/dating-a-monster-inc,,2026-05-30
https://zhangdardev.itch.io/echo-drive,,2026-05-30
https://simr4.itch.io/animated-tilemaps-gdevelop-extension,,2026-05-30
https://ozonez.itch.io/blind-path,,2026-05-30
https://doopysploopy.itch.io/dk-smash,,2026-05-30
https://olddrives.itch.io/desktop-detective,,2026-05-30
https://nonamela.itch.io/m,,2026-05-30
https://vauxazi.itch.io/dark-friday,,2026-05-30
https://ddkkitch.itch.io/slimeminingidle,,2026-05-30
https://nulldog.itch.io/attack-the-bimbo-clan,,2026-05-30
https://danisweg.itch.io/desencaje-1,,2026-05-30
https://lolarenzo2000.itch.io/deck-of-snek,,2026-05-30
https://comshadow.itch.io/underground-mine-pixel-art-tileset,,2026-05-30
https://chuvanit.itch.io/alienated,,2026-05-30
https://jean1243.itch.io/irl-leveling,,2026-05-30
https://mtw1man2.itch.io/localization-overflow-guard-ui-stress-testing-text-resilience-tool,,2026-05-30
https://midore248.itch.io/lostsouls,,2026-05-30
https://kalevideogames.itch.io/potp-dumb-ways-to-die-edition,,2026-05-30
https://nattehandoek31.itch.io/lavagame,,2026-05-30
https://pedrobpinheiro.itch.io/projeto-b-realizador-de-cinema,,2026-05-30
https://sasazuka-games.itch.io/parry-coliseum,,2026-05-30
https://sirieshki.itch.io/sprunki-remastered-sirieshki-take,,2026-05-30
https://naobu.itch.io/behind-closed-doors,,2026-05-30
https://jjani.itch.io/kibble-chaos,,2026-05-30
https://nikala1234.itch.io/follow-the-story,,2026-05-30
https://capastudio.itch.io/larrys-foodpoker,,2026-05-30
https://tronicbsb.itch.io/the-boy-who-received-the-system-to-stop-the-time-loop,,2026-05-30
https://anaisdessine.itch.io/memories-in-emerald,,2026-05-30
https://ayhamatos.itch.io/lurking-light,,2026-05-30
https://andulasiancrustacean.itch.io/that-rebel-yell,,2026-05-30
https://imzero-comics.itch.io/sketchbook-july-2025,,2026-05-30
https://imzero-comics.itch.io/sketchbook-august-2025,,2026-05-30
https://breadstudioss.itch.io/prison-guess,,2026-05-30
https://angelsofttoy.itch.io/i-wanted-to-change-the-world,,2026-05-30
https://kiiksenarti.itch.io/ghost-popping,,2026-05-30
https://jjeojun.itch.io/wuxia,,2026-05-30
https://dalissareyes10gmailcom.itch.io/monkeysadventure,,2026-05-30
https://sking-95.itch.io/sshooter,,2026-05-30
https://pixelsheart.itch.io/brain-workout,,2026-05-30
https://imzero-comics.itch.io/sketchbook-september-2025,,2026-05-30
https://imzero-comics.itch.io/sketchbook-october-2025,,2026-05-30
https://imzero-comics.itch.io/sketchbook-november-2025,,2026-05-30
https://imzero-comics.itch.io/sketchbook-january-2026,,2026-05-30
https://imzero-comics.itch.io/sketchbook-february-2026,,2026-05-30
https://imzero-comics.itch.io/sketchbook-march-2026,,2026-05-30
https://imzero-comics.itch.io/sketchbook-april-2026,,2026-05-30
https://goros-05.itch.io/color-rush,,2026-05-30
https://ecxiya.itch.io/weathering-uk,,2026-05-30
https://hayden-harris.itch.io/armored-protocol,,2026-05-30
https://catgamingofficial.itch.io/caine-ai-test,,2026-05-30
https://megaloola.itch.io/shipment-duty,,2026-05-30
https://classtro-official.itch.io/classtro-force-2026-movie,,2026-05-30
https://uservin333.itch.io/llb,,2026-05-30
https://toshiy.itch.io/idle-poker,,2026-05-30
https://catgamingofficial.itch.io/cath,,2026-05-30
https://anymaxy.itch.io/mago-runner,,2026-05-30
https://dr4k0b.itch.io/blade-of-sand,,2026-05-30
https://kmseop.itch.io/fparkours,,2026-05-30
https://leiathecat1220.itch.io/armagedon,,2026-05-30
https://alsmsld.itch.io/guucheon,,2026-05-30
https://pixelsheart.itch.io/stupid-arrow,,2026-05-30
https://yusay.itch.io/backrooms,,2026-05-30
https://clockworkdropout.itch.io/dogs-and-cats-sometimes-panda,,2026-05-30
https://dyrewrites.itch.io/not-me,,2026-05-30
https://nobody-gd.itch.io/live-a-fun-life-the-game,,2026-05-30
https://thunderhub.itch.io/hanami-ume,,2026-05-30
https://kotacola.itch.io/quicklingo,,2026-05-30
https://cosmosthecreation.itch.io/slimy,,2026-05-30
https://42-vibe-coder.itch.io/67-pacman-china,,2026-05-30
https://namiell.itch.io/fishicalgame,,2026-05-30
https://dyrewrites.itch.io/beneath-the-brine,,2026-05-30
https://alkallier.itch.io/the-saint-is-a-crimelord,,2026-05-30
https://mylifewithfel.itch.io/ah7,,2026-05-30
https://jasperthepark.itch.io/ratescape,,2026-05-30
https://zyrasyn.itch.io/grimdark-lore-ttrpg-ambient-music-pack,,2026-05-30
https://dyrewrites.itch.io/got-your-nose,,2026-05-30
https://sporian.itch.io/my-cultivations-and-harvests,,2026-05-30
https://demigrz.itch.io/motor-trader-mashinomat,,2026-05-30
https://thediscothief.itch.io/protomon,,2026-05-30
https://zillagames.itch.io/the-gilded-black-knight,,2026-05-30
https://rideryue.itch.io/kuroescape,,2026-05-30
https://mylifewithfel.itch.io/ah6,,2026-05-30
https://pixelsheart.itch.io/car-parking-adventure,,2026-05-30
https://blueanimatronic.itch.io/sheperd-of-the-melten-halls,,2026-05-30
https://mtw1man2.itch.io/ui-audio-feedback-router-event-driven-interface-sound-middleware,,2026-05-30
https://raroki.itch.io/sunset,,2026-05-30
https://ahdevgames.itch.io/colors-mobile,,2026-05-30
https://pixel-banner.itch.io/earth-elemental-animated-rpg-enemy,,2026-05-30
https://leapgs.itch.io/retailhell-demo,,2026-05-30
https://kbrie.itch.io/le-nom-du-chat,,2026-05-30
https://jayclock.itch.io/car-cat-curling,,2026-05-30
https://ts-gamer77.itch.io/pet-rock-simulator-2-201,,2026-05-30
https://michele-pavani.itch.io/svart-slott,,2026-05-30
https://hobby-fuzion.itch.io/the-calculus-of-waaaaagh,,2026-05-30
https://teamousegames.itch.io/mouse-in-a-house,,2026-05-30
https://scarybaboonfixer.itch.io/og-scary-baboon-battle-royal-working-servers,,2026-05-30
https://ljpoolbr.itch.io/discarding-boredom,,2026-05-30
https://xhsac.itch.io/starblocks3d,,2026-05-30
https://juan1639.itch.io/invaders-clon-zx,,2026-05-30
https://suu123.itch.io/the-jump-game,,2026-05-30
https://jacksonmeira.itch.io/ultimate-statue-collection,,2026-05-30
https://whitegarouu.itch.io/dominate,,2026-05-30
https://amatsumaps.itch.io/post-apocalyptic-battlemap-desert-crane-site,,2026-05-30
https://sakpix.itch.io/premium-enchanted-forest-pixel-art-characters-for-fantasy-rpgs-roguelikes-magic,,2026-05-30
https://ctukct.itch.io/tank-battle-classic-remastered,,2026-05-30
https://darkto-kun.itch.io/auuao,,2026-05-30
https://rodrigues-estudios.itch.io/ultimate-90s-action-hero-duke-inspired-character-asset,,2026-05-30
https://pinogames.itch.io/dark-green-wizard-sprite-pack,,2026-05-30
https://pakin929.itch.io/all-you-need-is-typing,,2026-05-30
https://runebitdice.itch.io/cathedral-window-polyhedral,,2026-05-30
https://hiisukurifu.itch.io/shadow-protocol,,2026-05-30
https://serisoto.itch.io/survivors-luck-opr-writing-jam-14,,2026-05-30
https://iroo012.itch.io/hellsouls,,2026-05-30
https://jw608art.itch.io/monster-art-pack-01,,2026-05-30
https://kanea-tahiti.itch.io/good-job-puppy,,2026-05-30
https://txcnooo.itch.io/ashvein,,2026-05-30
https://lottieflocks.itch.io/a-last-request,,2026-05-30
https://serbew.itch.io/la-forma-del-olvido,,2026-05-30
https://litlekiddy.itch.io/geometry-dash-scracth-edition,,2026-05-30
https://pantssmell.itch.io/who-am-i,,2026-05-30
https://t1cyan.itch.io/be-still,,2026-05-30
https://litlekiddy.itch.io/downlaodebla-gd,,2026-05-30
https://badllama1210.itch.io/retro-creatures-fire-pack,,2026-05-30
https://lottieflocks.itch.io/in-soft-moonlight,,2026-05-30
https://kanea-tahiti.itch.io/te-aito-o-te-marae,,2026-05-30
https://layzbonez.itch.io/chess-crush,,2026-05-30
https://theonedingus-school-alt.itch.io/austins-little-game-project,,2026-05-30
https://hirogucci.itch.io/image-arena-surviver,,2026-05-30
https://narbehouse.itch.io/bennyshub,,2026-05-30
https://kanea-tahiti.itch.io/te-ahi,,2026-05-30
https://gabyaraujo.itch.io/superrongorongologosyllable,,2026-05-30
https://shrimpusss.itch.io/firequacker,,2026-05-30
https://itomi.itch.io/catan-printable-maps-through-the-desert,,2026-05-30
https://askatasuna.itch.io/gravity-chef,,2026-05-30
https://joker-thief-publishing.itch.io/the-crooked-fen-bog-mother,,2026-05-30
https://beesgeetar.itch.io/sunnyland-fantasy,,2026-05-30
https://smithypico8.itch.io/slimes-revenge,,2026-05-30
https://outretaupe.itch.io/slimes-merger,,2026-05-30
https://theos24.itch.io/portfolio,,2026-05-30
https://soyouwannabeadm.itch.io/the-time-aliens-crashed-prom,,2026-05-30
https://ntpn294.itch.io/the-lot,,2026-05-30
https://adularia25.itch.io/relative-gods,,2026-05-30
https://yonbidev.itch.io/red-grannies,,2026-05-30
https://blessed-mask.itch.io/mask,,2026-05-30
https://kentangs.itch.io/math-mastery,,2026-05-30
https://implimits.itch.io/parasite-shake,,2026-05-30
https://papapil.itch.io/low-poly-rpg,,2026-05-30
https://rocky-road25.itch.io/stay-safe,,2026-05-30
https://jaldps.itch.io/zombie-typing-gpt,,2026-05-30
https://jaldps.itch.io/typing-dead,,2026-05-30
https://cyprien11.itch.io/hypercube,,2026-05-30
https://jaldps.itch.io/typeseek,,2026-05-30
https://papapil.itch.io/zabuzas-sword,,2026-05-30
https://comrademcduck.itch.io/smokov,,2026-05-30
https://wotet.itch.io/concern,,2026-05-30
https://dyrewrites.itch.io/weald-and-wen,,2026-05-30
https://eomord.itch.io/kakarini-roguelike-public-beta,,2026-05-30
https://kingwasab.itch.io/monoformer,,2026-05-30
https://smalltowncreepy.itch.io/vhs-collecting,,2026-05-30
https://flyday-chinatown.itch.io/cosmo-clash,,2026-05-30
https://haleemburn.itch.io/paper-minecraft,,2026-05-30
https://wolvezgt.itch.io/wolvez-taggers,,2026-05-30
https://phillthebacon.itch.io/godot-city-generator,,2026-05-30
https://arocha791.itch.io/neonrush,,2026-05-30
https://zeroforest.itch.io/memory-card-1,,2026-05-30
https://kaedegames.itch.io/horror,,2026-05-30
https://ixi.itch.io/platform-crafter,,2026-05-30
https://giovabonifacio.itch.io/turbo-racer,,2026-05-30
https://therealsaphi.itch.io/mistgen,,2026-05-30
https://farmergar.itch.io/pioneer-branded-seeds,,2026-05-30
https://wevans1.itch.io/astro-quest-2d-platformer,,2026-05-30
https://tlatoanimocte.itch.io/defensa-del-castillo,,2026-05-30
https://donpierogov.itch.io/bort,,2026-05-30
https://creativegeorge.itch.io/eliana-loves-tag,,2026-05-30
https://cainele-smecher.itch.io/mad-streets,,2026-05-30
https://vramosx.itch.io/infinity-space,,2026-05-30
https://from-chris.itch.io/rustpunk,,2026-05-30
https://zathoz.itch.io/8-bit-soundtrack-vol-2,,2026-05-30
https://heysmil.itch.io/skill-icons-pack-warlock,,2026-05-30
https://stryderz.itch.io/ink,,2026-05-30
https://dereny.itch.io/craft-and-defend,,2026-05-30
https://thenothing12.itch.io/wish-i-knew,,2026-05-30
https://bongo6.itch.io/flatout,,2026-05-30
https://toonly-dev.itch.io/v1-umg,,2026-05-30
https://from-chris.itch.io/battle-plateau,,2026-05-30
https://bardon.itch.io/cube-catcher,,2026-05-30
https://adajsaan9-eng.itch.io/denied-basics-chapter-4-but-its-quincy-basics-chapter-4,,2026-05-30
https://garase.itch.io/the-garase-pack-1,,2026-05-30
https://batzzjj.itch.io/write-with-your-heart,,2026-05-30
https://catastrophical.itch.io/report-from-the-argonaut,,2026-05-30
https://from-chris.itch.io/dont-slap-the-duck,,2026-05-30
https://kevinyang0824.itch.io/detectivepeter,,2026-05-30
https://emidub.itch.io/zombies-game,,2026-05-30
https://gameidea-studio.itch.io/godot-precious-stones-gemstone-shaders,,2026-05-30
https://griffman.itch.io/popcorn-machine,,2026-05-30
https://from-chris.itch.io/boulders-gate,,2026-05-30
https://afonsopm-dev.itch.io/new-frontier-star-racing,,2026-05-30
https://antipodegames.itch.io/antipoda,,2026-05-30
https://meganerd-studio.itch.io/undead-goblins-ogres,,2026-05-30
https://oneguygames1.itch.io/gamble-forge-v1,,2026-05-30
https://adajsaan9-eng.itch.io/billy-basics-11-years-later-but-its-zach-epic-tutorials-4-downfall-of-zach,,2026-05-30
https://frilli.itch.io/dribble-deck-demo,,2026-05-30
https://mario-kiami.itch.io/pulsar,,2026-05-30
https://nextdayaru.itch.io/3d-maze-by-rpg-maker-mz,,2026-05-30
https://catana-catalina.itch.io/shiftrun,,2026-05-30
https://amir27.itch.io/in-search-of-lost-calls,,2026-05-30
https://releaseplay.itch.io/bonkrush-demo,,2026-05-30
https://youcan1673.itch.io/ai,,2026-05-30
https://adularia25.itch.io/the-perilous-plot,,2026-05-30
https://adajsaan9-eng.itch.io/captain-basics-adventure-but-its-scp-containment-breach,,2026-05-30
https://omarmahany35-png.itch.io/runnersambitionz,,2026-05-30
https://gzimbra.itch.io/ascending-from-sub5-hell,,2026-05-30
https://niveklc.itch.io/blackout,,2026-05-30
https://barbarroc.itch.io/grimori-transmutacio-tipografica,,2026-05-30
https://alexanderandrewwood.itch.io/psychologist-ink-blot-test,,2026-05-30
https://adajsaan9-eng.itch.io/mugman-basics-2-in-haunted-house-but-its-garfelf-guide-2-and-the-secrets-withi,,2026-05-30
https://sien56.itch.io/orfeos-harp,,2026-05-30
https://dungeon-cat.itch.io/playable-daydreaming-srd,,2026-05-30
https://tedins.itch.io/signal-cartel,,2026-05-30
https://tlatoanimocte.itch.io/two-queens,,2026-05-30
https://ricardofnv.itch.io/dungeon-realms,,2026-05-30
https://crypticmermaid.itch.io/horror-hotline,,2026-05-30
https://bunesky.itch.io/valune,,2026-05-30
https://sutin1234.itch.io/orecraft,,2026-05-30
https://nytecomics.itch.io/alma-monster-hunter-pitfall,,2026-05-30
https://jacopogamer.itch.io/thedarkgodzillapart4,,2026-05-30
https://bloxy1513.itch.io/pixel-platforms,,2026-05-30
https://comitial.itch.io/the-price-of-success,,2026-05-30
https://hostilegamerx.itch.io/confectionary-cosmos,,2026-05-30
https://vegatoantares.itch.io/basic-pong-in-godot,,2026-05-30
https://chasing-pixels.itch.io/golds-folly,,2026-05-30
https://simr4.itch.io/platformer-pack-16x16,,2026-05-30
https://itmeanspencil.itch.io/dss2,,2026-05-30
https://haroldo-ok.itch.io/dangerous-dave-sms,,2026-05-30
https://mtw1man2.itch.io/game-notification-router-middleware-context-aware-alert-reward-routing,,2026-05-30
https://dathem.itch.io/claw-pixel-dungeon-tile-set,,2026-05-30
https://makunochi.itch.io/unlinkin,,2026-05-30
https://cloverpatchdev.itch.io/wheely,,2026-05-30
https://gaborkepes.itch.io/punch-card-panic,,2026-05-30
https://flexs-studio.itch.io/rain,,2026-05-30
https://lauracreativesupply.itch.io/circo-de-medianoche-30-dark-academia-circus-ambient-tracks-vol-4,,2026-05-30
https://inkfrompen.itch.io/ripoff-flappy-bird-for-challege,,2026-05-30
https://justalittlebirb.itch.io/the-dumbest-parappa-fannot-game-ever-created,,2026-05-30
https://gokolokgjo.itch.io/iron-covenant,,2026-05-30
https://lunovel.itch.io/dessert-icons,,2026-05-30
https://dathem.itch.io/claw-pixel-sci-fi-tile-set,,2026-05-30
https://radical18.itch.io/exposal,,2026-05-30
https://atroproductions.itch.io/lowgrav,,2026-05-30
https://dathem.itch.io/claw-pixel-nature-tile-set,,2026-05-30
https://cd-developer.itch.io/poopy-doopys-bathrooms,,2026-05-30
https://dathem.itch.io/claw-pixel-fantasy-icon-set,,2026-05-30
https://arhimed122.itch.io/abyss-bug-sprite-pack,,2026-05-30
https://ollievr1.itch.io/temmolalsh,,2026-05-30
https://ambiantcreative.itch.io/teamay-beta,,2026-05-30
https://maxime-itch.itch.io/night-shift,,2026-05-30
https://mtw1man2.itch.io/save-settings-persistence-middleware-slots-autosave-migration,,2026-05-30
https://neonvoidstudio.itch.io/bibles,,2026-05-30
https://aste83.itch.io/picoshoot,,2026-05-30
https://dathem.itch.io/claw-pixel-crab-tavern-pack,,2026-05-30
https://jorgedevreact.itch.io/plugin-animate-emote-frame,,2026-05-30
https://dathem.itch.io/depths,,2026-05-30
https://hello-im-zane.itch.io/solar-system-toy,,2026-05-30
https://cearensebread.itch.io/canguruproject-for-school,,2026-05-30
https://chance-dixon.itch.io/skippys-scrap-shop,,2026-05-30
https://galitie.itch.io/tylermon2,,2026-05-30
https://lukyaforge.itch.io/enemy-pack-worm,,2026-05-30
https://neonvoidstudio.itch.io/glass-horse-luce-drive,,2026-05-30
https://himeka190.itch.io/my-first-game,,2026-05-30
https://lauracreativesupply.itch.io/la-facultad-olvidada-30-dark-academia-ambient-tracks-vol-2,,2026-05-30
https://bullettime23.itch.io/corrupted-forest-platformer,,2026-05-30
https://maklecrf.itch.io/runplunder,,2026-05-30
https://jlc0.itch.io/dead-verdic,,2026-05-30
https://savage-bruski.itch.io/throwing-rocks-opr-writing-jam-14-submission,,2026-05-30
https://adajsaan9-eng.itch.io/kaden-fun-house-of-objects-but-its-baldi-playhouse,,2026-05-30
https://mtw1man2.itch.io/interaction-prompt-icon-pack-action-quest-world-interaction-ui,,2026-05-30
https://mutterpixel-studio.itch.io/ruined-medieval-buildings-pixel-art-assets,,2026-05-30
https://koner0see.itch.io/bartzhunt-reiginited,,2026-05-30
https://enzikipedia.itch.io/forest-meal,,2026-05-30
https://alex-cheban.itch.io/language-trainer,,2026-05-30
https://l3rnkal.itch.io/scratchpaper,,2026-05-30
https://lauracreativesupply.itch.io/el-teatro-vaco-30-dark-academia-theatrical-ambient-tracks-vol-3,,2026-05-30
https://adajsaan9-eng.itch.io/dave-fun-algebra-class-2-future-is-here-v143-with-original-script,,2026-05-30
https://sirtotti.itch.io/sidedrop-demo,,2026-05-30
https://squik-s.itch.io/winter-breath-effect-rpg-maker-mvmz-plugin,,2026-05-30
https://fen-c.itch.io/poshy-must-jump,,2026-05-30
https://elbranda.itch.io/fastsave-cpp-fast-binary-saving-for-godot-4,,2026-05-30
https://luissexto.itch.io/street-viper,,2026-05-30
https://sinclarity.itch.io/flame-spirit-pack,,2026-05-30
https://mesh0.itch.io/mazescare,,2026-05-30
https://kubesitodev.itch.io/nexus-prototipo,,2026-05-30
https://bullyaustin.itch.io/descend-rougelike-shooter,,2026-05-30
https://seth-genigma.itch.io/i-love-david-bowie,,2026-05-30
https://superwaylonr.itch.io/asteroids,,2026-05-30
https://rinurmdev.itch.io/ui-buttons,,2026-05-30
https://eesayg.itch.io/crows-abode,,2026-05-30
https://budross.itch.io/facet-demo,,2026-05-30
https://wednesdayweezer.itch.io/happiness-v2-update,,2026-05-30
https://underdevlar.itch.io/umg,,2026-05-30
https://lunafolf.itch.io/diver-danger,,2026-05-30
https://pretzelbyte.itch.io/archive-of-error,,2026-05-30
https://pelglep.itch.io/snake,,2026-05-30
https://your-dishwasher.itch.io/slimeste,,2026-05-30
https://sskakaba.itch.io/anime-pick-by-mood,,2026-05-30
https://pocket-studio.itch.io/atrapado-con-perros,,2026-05-30
https://alessgt3rs.itch.io/hud-pack-pixel-art,,2026-05-30
https://milan-gijsen.itch.io/pi,,2026-05-30
https://domino2442.itch.io/cantua-segundo-avance,,2026-05-30
https://jinyewushi.itch.io/pointzero,,2026-05-30
https://polysw.itch.io/sunflower,,2026-05-30
https://gamedev-hero.itch.io/sword-and-shield-animation-bundle-uefbx,,2026-05-30
https://shinobugaen.itch.io/pixelabyss-character-tester,,2026-05-30
https://chris-software.itch.io/bunker,,2026-05-30
https://krystals-lily.itch.io/teach-me-miss-ayae,,2026-05-30
https://dunsany.itch.io/try-angles,,2026-05-30
https://takkom.itch.io/miggycrossing,,2026-05-30
https://mululavgmloops.itch.io/lounge-bossa-nova-vol-1,,2026-05-30
https://1stiggy1.itch.io/swp,,2026-05-30
https://anteger.itch.io/concha,,2026-05-30
https://ycckl31.itch.io/faster-type,,2026-05-30
https://vacuous2409.itch.io/beat-drive-battle-bgm-collection-vol06,,2026-05-30
https://red-slime-games.itch.io/forge-mind,,2026-05-30
https://yoshiyuki-miyazaki.itch.io/labyrinth-wanderer,,2026-05-30
https://axolooter.itch.io/copter,,2026-05-30
https://basilpun.itch.io/reaction-speed-scorer,,2026-05-30
https://samcastle2004.itch.io/typing-fire,,2026-05-30
https://liberula.itch.io/spinfall-playable-ad-prototype,,2026-05-30
https://explodingcatins123.itch.io/unfinished-game,,2026-05-30
https://charizardfan.itch.io/mr-mustard-finds-your-cabin,,2026-05-30
https://acorn10.itch.io/8-ball-pool-online,,2026-05-30
https://hiyokokairo.itch.io/squishy-defense,,2026-05-30
https://exgriffins.itch.io/mayu-hose-suit,,2026-05-30
https://marlcc.itch.io/el-alguacil,,2026-05-30
https://toastmortem.itch.io/no-escape,,2026-05-30
https://zkrause33.itch.io/trika,,2026-05-30
https://pingudroid.itch.io/game-boy-terror-ost-ostcompjam-overtime,,2026-05-30
https://qklnxm.itch.io/astromart,,2026-05-30
https://lkvr.itch.io/interspace-lecture-serie-game-boy-studio-tutorial,,2026-05-30
https://nose214.itch.io/downloader-pro,,2026-05-30
https://gamedev-hero.itch.io/spear-combat-animation-v2-ue-fbx,,2026-05-30
https://nurd.itch.io/octotoss,,2026-05-30
https://blossomyxs.itch.io/blossomxs-gth-cloud-edition-slop,,2026-05-30
https://vozka-limon.itch.io/absolute-crisis,,2026-05-30
https://nonmajornerd.itch.io/accused,,2026-05-30
https://zombie-ebot.itch.io/easy-solutions,,2026-05-30
https://bilelfr.itch.io/dont-look-for-it,,2026-05-30
https://rodrigues-estudios.itch.io/2d-skater-character-concepts-tony-style-pack,,2026-05-30
https://jiusand.itch.io/two-years-later,,2026-05-30
https://sakaue.itch.io/shadow-siege,,2026-05-30
https://maxidandyt.itch.io/lime-test,,2026-05-30
https://s4088036.itch.io/bunny-dash,,2026-05-30
https://fun30330.itch.io/pixelfailboatshimeji,,2026-05-30
https://doublerareworld.itch.io/pixel-guns-3d-models,,2026-05-30
https://raven-games-studios.itch.io/mime-joe,,2026-05-30
https://sou-hazuki.itch.io/mercenary-of-zero,,2026-05-30
https://flyber.itch.io/squish-scale,,2026-05-30
https://faktorystudiosgames.itch.io/required-field-guard,,2026-05-30
https://zsouldev.itch.io/pushing-through-it,,2026-05-30
https://madrep.itch.io/cashier-mania,,2026-05-30
https://ultea.itch.io/ball-fall,,2026-05-30
https://panpan17.itch.io/16-bit-npc-pack-vol1,,2026-05-30
https://foexes.itch.io/vizer,,2026-05-30
https://cottonballs.itch.io/lithic-programming-language,,2026-05-30
https://wastedhours.itch.io/exam-game,,2026-05-30
https://comshadow.itch.io/three-kingdoms-pixel-art-tileset,,2026-05-30
https://nightzard-productions.itch.io/son-get-me-a-beer,,2026-05-30
https://rodrigues-estudios.itch.io/free-skater-character-concept-big-mike,,2026-05-30
https://aquagtag.itch.io/gorilla-tag-horror-by-lemmon-revived,,2026-05-30
https://bingwalker.itch.io/the-adventure,,2026-05-30
https://aramyx.itch.io/xenoblade-ass-pack,,2026-05-30
https://comshadow.itch.io/chinese-wuxia-tileset,,2026-05-30
https://salma175.itch.io/monash-nexus-for-emerging-technologies-mnet-campusguessr,,2026-05-30
https://mr-kd.itch.io/the-floating-park,,2026-05-30
https://amran-zain.itch.io/amega-fall,,2026-05-30
https://rapiolio.itch.io/space-dodgers,,2026-05-30
https://serafim2002.itch.io/leandrotiagospaceskulls,,2026-05-30
https://bennieb.itch.io/unreal-blueprint-fps,,2026-05-30
https://laurindo.itch.io/leandrotiagospaceskull,,2026-05-30
https://hltranx.itch.io/assension-rise-of-guardians,,2026-05-30
https://caliberuk.itch.io/psx-rural-environment,,2026-05-30
https://skyjakesz.itch.io/sprunki-swap-but-alive-bonus-character-sky-jakes-project,,2026-05-30
https://journeytozibabweguy.itch.io/journey-to-zimbabwe-demo-0,,2026-05-30
https://umilio.itch.io/sulponticello,,2026-05-30
https://owenhenn33.itch.io/super-goofballs-bros,,2026-05-30
https://kuzzigames.itch.io/rejected-draft,,2026-05-30
https://ainnzqh.itch.io/math-blast,,2026-05-30
https://nulltexture.itch.io/rat-race,,2026-05-30
https://purplesouth.itch.io/2dsimpleplatformer,,2026-05-30
https://pozac.itch.io/gameoverse-inspired-brawler-kit-pack-2d-beat-em-up-character,,2026-05-30
https://ppeak.itch.io/jazzy-piano,,2026-05-30
https://strawberrybraingames.itch.io/overworld,,2026-05-30
https://westparkhs.itch.io/all-star-rumble,,2026-05-30
https://pitao-tat.itch.io/bag-v1,,2026-05-30
https://ajsalas.itch.io/plataformas-2d,,2026-05-30
https://westparkhs.itch.io/dashy-doggy,,2026-05-30
https://westparkhs.itch.io/clearence,,2026-05-30
https://gnuchanos.itch.io/space-invaders,,2026-05-30
https://thamilyn.itch.io/thefeed,,2026-05-30
https://marcochan1224.itch.io/porkys-plunge,,2026-05-30
https://rimazdev.itch.io/express-run,,2026-05-30
https://westparkhs.itch.io/chess-boxing,,2026-05-30
https://alejandra-perez.itch.io/dark-forest-milestone-3,,2026-05-30
https://bigplastic.itch.io/incredibox-otherside-sprunki-mix,,2026-05-30
https://westparkhs.itch.io/sands-of-rebirth,,2026-05-30
https://scype723.itch.io/pvz-gw-4,,2026-05-30
https://themimicmouth.itch.io/tetrarch,,2026-05-30
https://aliceproject.itch.io/a-cold-night,,2026-05-30
https://westparkhs.itch.io/no-name-campaign,,2026-05-30
https://hellowht.itch.io/your-only-move-is-aoe,,2026-05-30
https://funkychickencape.itch.io/futuristic-revolver,,2026-05-30
https://benevides-pedro.itch.io/fecafire,,2026-05-30
https://jamesash.itch.io/sneklaban,,2026-05-30
https://loreshapergames.itch.io/bitcascade,,2026-05-30
https://flash-dreams-studios.itch.io/the-lost-streamer-play-now,,2026-05-30
https://sweetorange-loop.itch.io/aged-lo-fi-texture,,2026-05-30
https://westparkhs.itch.io/the-singularity-shift,,2026-05-30
https://zhaojiuxiao.itch.io/village-oddity,,2026-05-30
https://hazelnutcloud.itch.io/godot-kart-style-raycast-vehice,,2026-05-30
https://westparkhs.itch.io/the-14th-dimension,,2026-05-30
https://mutterpixel-studio.itch.io/ruined-village-buildings-pixel-art-assets,,2026-05-30
https://zhaojiuxiao.itch.io/interpersonal-relationship-simulator,,2026-05-30
https://rukshan-0.itch.io/vesak-runner,,2026-05-30
https://zhaojiuxiao.itch.io/city-zero,,2026-05-30
https://unzoqueterandom.itch.io/roguelette,,2026-05-30
https://chiewaters.itch.io/fissure-forge-automation-platformers,,2026-05-30
https://neravin.itch.io/homecoming,,2026-05-30
https://quwcbzh.itch.io/the-mayor-of-new-cat-city,,2026-05-30
https://rupodupo.itch.io/fold-your-laundry,,2026-05-30
https://zhaojiuxiao.itch.io/endless-deep-blue,,2026-05-30
https://grayplayz8279.itch.io/sprunki-phase-7-my-version,,2026-05-30
https://thraeh.itch.io/carnal-apprentice-chapter-5,,2026-05-30
https://chiewaters.itch.io/cadence-protocol-rhythm-tactics,,2026-05-30
https://skryblink.itch.io/slime-hoard-demo,,2026-05-30
https://belezoro.itch.io/matema,,2026-05-30
https://tangzie.itch.io/urbex-chicken,,2026-05-30
https://jutoqui.itch.io/secreto,,2026-05-30
https://litlekiddy.itch.io/kiddy-kong-baller-mobile,,2026-05-30
https://bigplastic.itch.io/baldis-laboratory,,2026-05-30
https://yellowmarkers.itch.io/positive-emblems-in-negative-space,,2026-05-30
https://gnuchanos.itch.io/asteroid-blast,,2026-05-30
https://yashyb.itch.io/dreaming-zed-world-2d,,2026-05-30
https://marioman98.itch.io/point-tale,,2026-05-30
https://quizpea.itch.io/a-simple-spellcard-collection-2,,2026-05-30
https://zaku-118.itch.io/the-impossible,,2026-05-30
https://nowajoestar.itch.io/yoru-poster,,2026-05-30
https://theprismdev.itch.io/deck-readme,,2026-05-30
https://imbiancabirdsarebad.itch.io/thisistherealaagtaal,,2026-05-30
https://gnuchanos.itch.io/another-flapybird-clone,,2026-05-30
https://bigplastic.itch.io/orin-sprunki,,2026-05-30
https://zukiaoki.itch.io/space-impact-defender-web,,2026-05-30
https://kobedenshigame.itch.io/grab-strike,,2026-05-30
https://adornesibley.itch.io/good-friction,,2026-05-30
https://the-cooked-games.itch.io/buildscape-prototype,,2026-05-30
https://slutwriter.itch.io/sqs5,,2026-05-30
https://kobedenshigame.itch.io/space-blitz,,2026-05-30
https://theprismdev.itch.io/gen-jam,,2026-05-30
https://bilaluci.itch.io/totally-normal-rps-milestone-3,,2026-05-30
https://theprismdev.itch.io/portfolio-os,,2026-05-30
https://translantis.itch.io/2nd-life-art-show-gallery-zine-march-2026,,2026-05-30
https://firefoxylegibus.itch.io/emergency-call,,2026-05-30
https://hylalou.itch.io/miettes,,2026-05-30
https://chiewaters.itch.io/neon-shadows-detective-visual-novels,,2026-05-30
https://gnuchanos.itch.io/another-pong-clone,,2026-05-30
https://mad-canid.itch.io/le-pilote,,2026-05-30
https://dynamice.itch.io/echvntc,,2026-05-30
https://rodrigues-estudios.itch.io/pacote-de-referncia-2d-de-fantasia-desrtica-personagens-e-objetos-para-modelad,,2026-05-30
https://bedevilinc.itch.io/bedevils-hidden-objects-2-abandoned,,2026-05-30
https://theprismdev.itch.io/gen-palette,,2026-05-30
https://theprismdev.itch.io/swap-sprite,,2026-05-30
https://mdimkov.itch.io/durak-card-game,,2026-05-30
https://rawformula.itch.io/undercover-cop-3,,2026-05-30
https://maximlandlord.itch.io/holy-lands,,2026-05-30
https://mx-vixen.itch.io/marecenaries,,2026-05-30
https://m0nzt3r7.itch.io/robo-pau-adventures,,2026-05-30
https://ran4erep.itch.io/dead-storm,,2026-05-30
https://not9033.itch.io/the-pefect-plate-c,,2026-05-30
https://iridark.itch.io/item-pack,,2026-05-30
https://nacros79.itch.io/gosp,,2026-05-30
https://zhaojiuxiao.itch.io/seeking-the-beam,,2026-05-30
https://littlelostmedia.itch.io/industrial-hell,,2026-05-30
https://sermigur.itch.io/sp-36,,2026-05-30
https://bjyxszd95bx.itch.io/sebas-table-pet,,2026-05-30
https://asdfdude2077.itch.io/mouse-accuracy-testing-tool,,2026-05-30
https://robolab-team.itch.io/muggle-memory-mayhem,,2026-05-30
https://softsheep.itch.io/ceritakita,,2026-05-30
https://kirunakulturskola.itch.io/roguelike,,2026-05-30
https://ikemura-hiroichi.itch.io/term116-rewardsr18,,2026-05-30
https://mtw1man2.itch.io/save-slot-ui-pack-save-autosave-load-screen-assets,,2026-05-30
https://robolab-team.itch.io/robo-dash,,2026-05-30
https://raspberrypi5nerd.itch.io/slurpee-delivery,,2026-05-30
https://smoneone.itch.io/alpha-test,,2026-05-30
https://iridark.itch.io/accessories-pack,,2026-05-30
https://r1zzard.itch.io/halogen,,2026-05-30
https://iridark.itch.io/relic-pack,,2026-05-30
https://gbraad.itch.io/rx7-patcher-web,,2026-05-30
https://iridark.itch.io/staff-pack,,2026-05-30
https://rg-poly.itch.io/smart-editor,,2026-05-30
https://neonvoidstudio.itch.io/owl-270-night-hunter,,2026-05-30
https://slesi.itch.io/silent-hall,,2026-05-30
https://mikaael-iman2763.itch.io/my-teardrop-horror-mod-apk-port,,2026-05-30
https://carrie-l.itch.io/moneys-memory,,2026-05-30
https://derpything129.itch.io/naturebox-natural-box,,2026-05-30
https://mtw1man2.itch.io/input-device-detector-prompt-swapper-input-context-middleware,,2026-05-30
https://theetechcoffeebean.itch.io/cycle-quest,,2026-05-30
https://black-reaper11.itch.io/wrong-floor,,2026-05-30
https://coa-100.itch.io/myreci,,2026-05-30
https://noaheqxixz.itch.io/star-trek,,2026-05-30
https://fitraariyadin07gmailcom.itch.io/tiktok-interactive-game-software,,2026-05-30
https://team-tea-mascot.itch.io/bunny-girl-healing-service-demo-ver,,2026-05-30
https://isaacdinn0.itch.io/pygame-2d-jumepera1,,2026-05-30
https://guilipinos.itch.io/guighostgym,,2026-05-30
https://rasekh.itch.io/kolibri-2,,2026-05-30
https://domasasanananas.itch.io/wacky-wizards,,2026-05-30
https://arzvi.itch.io/blue-vsi-red,,2026-05-30
https://theprismdev.itch.io/gen-name,,2026-05-30
https://theprismdev.itch.io/map-npc,,2026-05-30
https://theprismdev.itch.io/map-dialogue,,2026-05-30
https://voasiz-games.itch.io/zombie-city-io,,2026-05-30
https://theprismdev.itch.io/ledger-creature,,2026-05-30
https://mayo-guro.itch.io/2026-05,,2026-05-30
https://theprismdev.itch.io/ledger-encounter,,2026-05-30
https://theprismdev.itch.io/deck-lore,,2026-05-30
https://lizhaohui12138gmailcom.itch.io/140-for-survival-games-and-dark-fantasy-rpgs,,2026-05-30
https://the-lionheart.itch.io/in-then-out-opr-writing-jam-14,,2026-05-30
https://theprismdev.itch.io/map-dungeon,,2026-05-30
https://viznic.itch.io/arma,,2026-05-30
https://kun-cmd.itch.io/ember-journey-of-clinbo,,2026-05-30
https://theonlye.itch.io/total-reboot,,2026-05-30
https://belfroststudios.itch.io/the-options-menu,,2026-05-30
https://controller816.itch.io/crystal-worm,,2026-05-30
https://mtw1man2.itch.io/bug-report-overlay-screenshot-logger,,2026-05-30
https://pixel-banner.itch.io/air-elemental-animated-rpg-enemy-32x32,,2026-05-30
https://yznt.itch.io/rocket3d,,2026-05-30
https://ruiruivo83.itch.io/project-tracker,,2026-05-30
https://mr-sheriffen.itch.io/voltcore,,2026-05-30
https://puddingevan.itch.io/rougedungeon,,2026-05-30
https://nelsonlan01.itch.io/cat-make-me-laugh,,2026-05-30
https://mtw1man2.itch.io/achievement-unlock-middleware-progress-dependencies-queue-system,,2026-05-30
https://pixelsheart.itch.io/find-the-hole,,2026-05-30
https://ethan-simple-animation.itch.io/bugs-animation-pixel-32x32,,2026-05-30
https://alh1da9.itch.io/tbh-taskbarherotrainer,,2026-05-30
https://eeleeeveen.itch.io/sonando-con-abril,,2026-05-30
https://crunchycookie.itch.io/the-button-web-edition,,2026-05-30
https://journey1997.itch.io/game-prototype-2,,2026-05-30
https://journey1997.itch.io/deathball,,2026-05-30
https://clairefitch.itch.io/ffdead,,2026-05-30
https://jonibonfemme.itch.io/birthday-simulator-2,,2026-05-30
https://whoppagamer.itch.io/communitybuild,,2026-05-30
https://whoppagamer.itch.io/john-dungeon,,2026-05-30
https://kayipkux.itch.io/yeet-the-baldi,,2026-05-30
https://clairefitch.itch.io/we-called-it-dirt,,2026-05-30
https://clairefitch.itch.io/look-ffebcd,,2026-05-30
https://clairefitch.itch.io/and-the-birds-sang,,2026-05-30
https://clairefitch.itch.io/questioning-the-elements,,2026-05-30
https://clairefitch.itch.io/tale-of-a-great-shametext,,2026-05-30
https://phoebeapfel.itch.io/stuck-at-hone,,2026-05-30
https://crafto.itch.io/jump-and-jump,,2026-05-30
https://jonibonfemme.itch.io/dpng,,2026-05-30
https://itch.io/jam/2025-epic-megajam/rate/3983590,,2026-05-30
https://itch.io/jam/pogjam2026/rate/4311132,,2026-05-30
https://itch.io/jam/pogjam2026/rate/4313483,,2026-05-30
https://itch.io/jam/pogjam2026/rate/4313680,,2026-05-30
https://itch.io/jam/pogjam2026/rate/4313735,,2026-05-30
https://itch.io/jam/pogjam2026/rate/4313707,,2026-05-30
https://itch.io/jam/pogjam2026/rate/4313768,,2026-05-30
https://itch.io/jam/pogjam2026/rate/4313774,,2026-05-30
https://itch.io/jam/pogjam2026/rate/4313775,,2026-05-30
https://itch.io/jam/pogjam2026/rate/4313783,,2026-05-30
https://itch.io/jam/pogjam2026/rate/4313779,,2026-05-30
https://itch.io/jam/pogjam2026/rate/4313808,,2026-05-30
https://itch.io/jam/pogjam2026/rate/4313806,,2026-05-30
https://itch.io/jam/pogjam2026/rate/4313829,,2026-05-30
https://itch.io/jam/pogjam2026/rate/4313822,,2026-05-30
https://itch.io/jam/pogjam2026/rate/4313833,,2026-05-30
https://itch.io/jam/pogjam2026/rate/4313837,,2026-05-30
https://itch.io/jam/pogjam2026/rate/4313862,,2026-05-30
https://itch.io/jam/pogjam2026/rate/4313864,,2026-05-30
https://itch.io/jam/pogjam2026/rate/4313869,,2026-05-30
https://itch.io/jam/pogjam2026/rate/4313870,,2026-05-30
https://itch.io/jam/pogjam2026/rate/4313872,,2026-05-30
https://itch.io/jam/pogjam2026/rate/4313844,,2026-05-30
https://itch.io/jam/pogjam2026/rate/4313857,,2026-05-30
https://itch.io/jam/pogjam2026/rate/4313875,,2026-05-30
https://itch.io/jam/pogjam2026/rate/4313847,,2026-05-30
https://itch.io/jam/pogjam2026/rate/4313854,,2026-05-30
https://itch.io/jam/pogjam2026/rate/4313874,,2026-05-30
https://itch.io/jam/tryst26/rate/4025737,,2026-05-30
https://itch.io/jam/1001-nights-game-jam/rate/4321415,,2026-05-30
https://itch.io/jam/1001-nights-game-jam/rate/4321326,,2026-05-30
https://itch.io/jam/1001-nights-game-jam/rate/4321478,,2026-05-30
https://itch.io/jam/1001-nights-game-jam/rate/4321319,,2026-05-30
https://itch.io/jam/1001-nights-game-jam/rate/4321345,,2026-05-30
https://itch.io/jam/1001-nights-game-jam/rate/4321841,,2026-05-30
https://itch.io/jam/1001-nights-game-jam/rate/4321138,,2026-05-30
https://itch.io/jam/1001-nights-game-jam/rate/4321865,,2026-05-30
https://itch.io/jam/1001-nights-game-jam/rate/4321842,,2026-05-30
https://itch.io/jam/1001-nights-game-jam/rate/4322020,,2026-05-30
https://itch.io/jam/1001-nights-game-jam/rate/4322011,,2026-05-30
https://itch.io/jam/1001-nights-game-jam/rate/4322234,,2026-05-30
https://itch.io/jam/1001-nights-game-jam/rate/4322337,,2026-05-30
https://itch.io/jam/1001-nights-game-jam/rate/4322531,,2026-05-30
https://itch.io/jam/1001-nights-game-jam/rate/4323091,,2026-05-30
https://itch.io/jam/1001-nights-game-jam/rate/4315638,,2026-05-30
https://itch.io/jam/1001-nights-game-jam/rate/4323192,,2026-05-30
https://itch.io/jam/1001-nights-game-jam/rate/4323255,,2026-05-30
https://itch.io/jam/1001-nights-game-jam/rate/4323257,,2026-05-30
https://itch.io/jam/tryst26/rate/4323885,,2026-05-30
https://itch.io/jam/tryst26/rate/4323925,,2026-05-30
https://itch.io/jam/tryst26/rate/4324325,,2026-05-30
https://itch.io/jam/tryst26/rate/4326060,,2026-05-30
https://itch.io/jam/tryst26/rate/4328627,,2026-05-30
https://itch.io/jam/tryst26/rate/4327166,,2026-05-30
https://itch.io/jam/tryst26/rate/4328804,,2026-05-30
https://itch.io/jam/tryst26/rate/4328773,,2026-05-30
https://itch.io/jam/tryst26/rate/4328635,,2026-05-30
https://itch.io/jam/tryst26/rate/4328792,,2026-05-30
https://itch.io/jam/tryst26/rate/4161652,,2026-05-30
https://itch.io/jam/1001-nights-game-jam/rate/4229347,,2026-05-30
https://itch.io/jam/flame-game-jam-2026/rate/4367541,,2026-05-30
https://itch.io/jam/beyond-game-jam-biasbreakers/rate/4373627,,2026-05-30
https://itch.io/jam/flame-game-jam-2026/rate/4373765,,2026-05-30
https://itch.io/jam/flame-game-jam-2026/rate/4362832,,2026-05-30
https://itch.io/jam/scientific-game-jam-2026/rate/4375491,,2026-05-30
https://itch.io/jam/beyond-game-jam-biasbreakers/rate/4375388,,2026-05-30
https://itch.io/jam/arcadia-2026/rate/4376339,,2026-05-30
https://itch.io/jam/flame-game-jam-2026/rate/4369127,,2026-05-30
https://itch.io/jam/beyond-game-jam-biasbreakers/rate/4376867,,2026-05-30
https://itch.io/jam/beyond-game-jam-biasbreakers/rate/4355146,,2026-05-30
https://itch.io/jam/beyond-game-jam-biasbreakers/rate/4378769,,2026-05-30
https://itch.io/jam/flame-game-jam-2026/rate/4378070,,2026-05-30
https://itch.io/jam/beyond-game-jam-biasbreakers/rate/4378939,,2026-05-30
https://itch.io/jam/beyond-game-jam-biasbreakers/rate/4379204,,2026-05-30
https://itch.io/jam/beyond-game-jam-biasbreakers/rate/4379254,,2026-05-30
https://itch.io/jam/beyond-game-jam-biasbreakers/rate/4379322,,2026-05-30
https://itch.io/jam/beyond-game-jam-biasbreakers/rate/4379350,,2026-05-30
https://itch.io/jam/beyond-game-jam-biasbreakers/rate/4376572,,2026-05-30
https://itch.io/jam/beyond-game-jam-biasbreakers/rate/4379451,,2026-05-30
https://itch.io/jam/beyond-game-jam-biasbreakers/rate/4379522,,2026-05-30
https://itch.io/jam/beyond-game-jam-biasbreakers/rate/4379537,,2026-05-30
https://itch.io/jam/beyond-game-jam-biasbreakers/rate/4379544,,2026-05-30
https://itch.io/jam/beyond-game-jam-biasbreakers/rate/4376290,,2026-05-30
https://itch.io/jam/beyond-game-jam-biasbreakers/rate/4379558,,2026-05-30
https://itch.io/jam/beyond-game-jam-biasbreakers/rate/4379157,,2026-05-30
https://itch.io/jam/beyond-game-jam-biasbreakers/rate/4379405,,2026-05-30
https://itch.io/jam/beyond-game-jam-biasbreakers/rate/4379488,,2026-05-30
https://itch.io/jam/beyond-game-jam-biasbreakers/rate/4379399,,2026-05-30
https://itch.io/jam/beyond-game-jam-biasbreakers/rate/4378730,,2026-05-30
https://itch.io/jam/beyond-game-jam-biasbreakers/rate/4379586,,2026-05-30
https://itch.io/jam/beyond-game-jam-biasbreakers/rate/4379597,,2026-05-30
https://itch.io/jam/beyond-game-jam-biasbreakers/rate/4379431,,2026-05-30
https://itch.io/jam/beyond-game-jam-biasbreakers/rate/4379519,,2026-05-30
https://itch.io/jam/beyond-game-jam-biasbreakers/rate/4379590,,2026-05-30
https://itch.io/jam/beyond-game-jam-biasbreakers/rate/4379625,,2026-05-30
https://itch.io/jam/beyond-game-jam-biasbreakers/rate/4379567,,2026-05-30
https://itch.io/jam/flame-game-jam-2026/rate/4366994,,2026-05-30
https://itch.io/jam/beyond-game-jam-biasbreakers/rate/4377788,,2026-05-30
https://itch.io/jam/flame-game-jam-2026/rate/4379875,,2026-05-30
https://itch.io/jam/scientific-game-jam-2026/rate/4370568,,2026-05-30
https://itch.io/jam/scientific-game-jam-2026/rate/4379800,,2026-05-30
https://itch.io/jam/scientific-game-jam-2026/rate/4377698,,2026-05-30
https://itch.io/jam/flame-game-jam-2026/rate/4377413,,2026-05-30
https://itch.io/jam/beyond-game-jam-biasbreakers/rate/4379540,,2026-05-30
https://itch.io/jam/scientific-game-jam-2026/rate/4378641,,2026-05-30
https://itch.io/jam/scientific-game-jam-2026/rate/4377712,,2026-05-30
https://itch.io/jam/scientific-game-jam-2026/rate/4379559,,2026-05-30
https://itch.io/jam/flame-game-jam-2026/rate/4380502,,2026-05-30
https://itch.io/jam/flame-game-jam-2026/rate/4380930,,2026-05-30
https://itch.io/jam/flame-game-jam-2026/rate/4381036,,2026-05-30
https://itch.io/jam/flame-game-jam-2026/rate/4380213,,2026-05-30
https://itch.io/jam/flame-game-jam-2026/rate/4381494,,2026-05-30
https://itch.io/jam/flame-game-jam-2026/rate/4354121,,2026-05-30
https://itch.io/jam/flame-game-jam-2026/rate/4381636,,2026-05-30
https://itch.io/jam/flame-game-jam-2026/rate/4381027,,2026-05-30
https://itch.io/jam/flame-game-jam-2026/rate/4353931,,2026-05-30
https://itch.io/jam/beyond-game-jam-biasbreakers/rate/4380435,,2026-05-30
https://itch.io/jam/scientific-game-jam-2026/rate/4243228,,2026-05-30
https://itch.io/jam/scientific-game-jam-2026/rate/4244666,,2026-05-30
https://itch.io/jam/flame-game-jam-2026/rate/4379428,,2026-05-30
https://itch.io/jam/scientific-game-jam-2026/rate/4244881,,2026-05-30
https://itch.io/jam/arcadia-2026/rate/4385082,,2026-05-30
https://itch.io/jam/arcadia-2026/rate/4386008,,2026-05-30
https://itch.io/jam/flame-game-jam-2026/rate/4376346,,2026-05-30
https://itch.io/jam/arcadia-2026/rate/4387212,,2026-05-30
https://itch.io/jam/arcadia-2026/rate/4387352,,2026-05-30
https://itch.io/jam/arcadia-2026/rate/4387560,,2026-05-30
https://itch.io/jam/arcadia-2026/rate/4389815,,2026-05-30
https://itch.io/jam/scientific-game-jam-2026/rate/4244917,,2026-05-30
https://itch.io/jam/arcadia-2026/rate/4392325,,2026-05-30
https://itch.io/jam/scientific-game-jam-2026/rate/4402066,,2026-05-30
https://itch.io/jam/scientific-game-jam-2026/rate/4404187,,2026-05-30
https://itch.io/jam/scientific-game-jam-2026/rate/4402629,,2026-05-30
https://itch.io/jam/scientific-game-jam-2026/rate/4402791,,2026-05-30
https://itch.io/jam/scientific-game-jam-2026/rate/4407573,,2026-05-30
https://itch.io/jam/scientific-game-jam-2026/rate/4402118,,2026-05-30
https://itch.io/jam/scientific-game-jam-2026/rate/4407924,,2026-05-30
https://itch.io/jam/scientific-game-jam-2026/rate/4402658,,2026-05-30
https://itch.io/jam/scientific-game-jam-2026/rate/4245852,,2026-05-30
https://itch.io/jam/scientific-game-jam-2026/rate/4425619,,2026-05-30
https://itch.io/jam/scientific-game-jam-2026/rate/4428556,,2026-05-30
https://itch.io/jam/scientific-game-jam-2026/rate/4425558,,2026-05-30
https://itch.io/jam/scientific-game-jam-2026/rate/4428017,,2026-05-30
https://itch.io/jam/scientific-game-jam-2026/rate/4428004,,2026-05-30
https://itch.io/jam/scientific-game-jam-2026/rate/4425008,,2026-05-30
https://itch.io/jam/austcse-patihash-gamejam/rate/4447789,,2026-05-30
https://itch.io/jam/austcse-patihash-gamejam/rate/4448130,,2026-05-30
https://itch.io/jam/austcse-patihash-gamejam/rate/4448095,,2026-05-30
https://itch.io/jam/austcse-patihash-gamejam/rate/4448255,,2026-05-30
https://itch.io/jam/austcse-patihash-gamejam/rate/4447563,,2026-05-30
https://itch.io/jam/austcse-patihash-gamejam/rate/4448377,,2026-05-30
https://itch.io/jam/austcse-patihash-gamejam/rate/4448265,,2026-05-30
https://itch.io/jam/austcse-patihash-gamejam/rate/4448579,,2026-05-30
https://itch.io/jam/madar-games-contest-/rate/4450346,,2026-05-30
https://itch.io/jam/drsmart04collab/rate/4443738,,2026-05-30
https://itch.io/jam/bayojajojam-vol2-2026/rate/4457027,,2026-05-30
https://itch.io/jam/drsmart04collab/rate/4443731,,2026-05-30
https://itch.io/jam/drsmart04collab/rate/4443733,,2026-05-30
https://itch.io/jam/drsmart04collab/rate/4443734,,2026-05-30
https://itch.io/jam/drsmart04collab/rate/4443735,,2026-05-30
https://itch.io/jam/drsmart04collab/rate/4443737,,2026-05-30
https://itch.io/jam/drsmart04collab/rate/4443739,,2026-05-30
https://itch.io/jam/drsmart04collab/rate/4443740,,2026-05-30
https://itch.io/jam/drsmart04collab/rate/4443741,,2026-05-30
https://itch.io/jam/drsmart04collab/rate/4443727,,2026-05-30
https://itch.io/jam/bayojajojam-vol2-2026/rate/4468684,,2026-05-30
https://itch.io/jam/scientific-game-jam-2026/rate/4469409,,2026-05-30
https://itch.io/jam/scientific-game-jam-2026/rate/4469378,,2026-05-30
https://itch.io/jam/scientific-game-jam-2026/rate/4468479,,2026-05-30
https://itch.io/jam/bayojajojam-vol2-2026/rate/4469831,,2026-05-30
https://itch.io/jam/bayojajojam-vol2-2026/rate/4450966,,2026-05-30
https://itch.io/jam/scientific-game-jam-2026/rate/4469439,,2026-05-30
https://itch.io/jam/bayojajojam-vol2-2026/rate/4469372,,2026-05-30
https://itch.io/jam/bayojajojam-vol2-2026/rate/4469967,,2026-05-30
https://itch.io/jam/bayojajojam-vol2-2026/rate/4469990,,2026-05-30
https://itch.io/jam/bayojajojam-vol2-2026/rate/4469814,,2026-05-30
https://itch.io/jam/bayojajojam-vol2-2026/rate/4464685,,2026-05-30
https://itch.io/jam/bayojajojam-vol2-2026/rate/4469698,,2026-05-30
https://itch.io/jam/scientific-game-jam-2026/rate/4470675,,2026-05-30
https://itch.io/jam/madar-games-contest-/rate/4474235,,2026-05-30
https://itch.io/jam/scientific-game-jam-2026/rate/4477545,,2026-05-30
https://itch.io/jam/madar-games-contest-/rate/4477566,,2026-05-30
https://itch.io/jam/ejvm-spring-jam-2026/rate/4486566,,2026-05-30
https://itch.io/jam/pixel-glitch/rate/4491276,,2026-05-30
https://itch.io/jam/pixel-glitch/rate/4489423,,2026-05-30
https://itch.io/jam/madar-games-contest-/rate/4441428,,2026-05-30
https://itch.io/jam/pixel-glitch/rate/4492049,,2026-05-30
https://itch.io/jam/pixel-glitch/rate/4492128,,2026-05-30
https://itch.io/jam/pixel-glitch/rate/4492222,,2026-05-30
https://itch.io/jam/pixel-glitch/rate/4492360,,2026-05-30
https://itch.io/jam/pixel-glitch/rate/4492387,,2026-05-30
https://itch.io/jam/pixel-glitch/rate/4492361,,2026-05-30
https://itch.io/jam/pixel-glitch/rate/4492329,,2026-05-30
https://itch.io/jam/pixel-glitch/rate/4492426,,2026-05-30
https://itch.io/jam/pixel-glitch/rate/4492267,,2026-05-30
https://itch.io/jam/pixel-glitch/rate/4492457,,2026-05-30
https://itch.io/jam/ejvm-spring-jam-2026/rate/4496968,,2026-05-30
https://itch.io/jam/ejvm-spring-jam-2026/rate/4505505,,2026-05-30
https://itch.io/jam/ejvm-spring-jam-2026/rate/4503996,,2026-05-30
https://itch.io/jam/ejvm-spring-jam-2026/rate/4497753,,2026-05-30
https://itch.io/jam/ejvm-spring-jam-2026/rate/4496174,,2026-05-30
https://itch.io/jam/ejvm-spring-jam-2026/rate/4508353,,2026-05-30
https://itch.io/jam/madar-games-contest-/rate/4508914,,2026-05-30
https://itch.io/jam/ejvm-spring-jam-2026/rate/4507921,,2026-05-30
https://itch.io/jam/ejvm-spring-jam-2026/rate/4509449,,2026-05-30
https://itch.io/jam/ejvm-spring-jam-2026/rate/4505041,,2026-05-30
https://itch.io/jam/gdai-women-game-jam-2026/rate/4509364,,2026-05-30
https://itch.io/jam/ejvm-spring-jam-2026/rate/4498893,,2026-05-30
https://itch.io/jam/ejvm-spring-jam-2026/rate/4500140,,2026-05-30
https://itch.io/jam/ejvm-spring-jam-2026/rate/4509778,,2026-05-30
https://itch.io/jam/ejvm-spring-jam-2026/rate/4499225,,2026-05-30
https://itch.io/jam/ejvm-spring-jam-2026/rate/4509417,,2026-05-30
https://itch.io/jam/gdai-women-game-jam-2026/rate/4512127,,2026-05-30
https://itch.io/jam/gdai-women-game-jam-2026/rate/4512512,,2026-05-30
https://itch.io/jam/418-gdais-gamejam/rate/4512994,,2026-05-30
https://itch.io/jam/418-gdais-gamejam/rate/4510615,,2026-05-30
https://itch.io/jam/418-gdais-gamejam/rate/4512496,,2026-05-30
https://itch.io/jam/418-gdais-gamejam/rate/4513218,,2026-05-30
https://itch.io/jam/418-gdais-gamejam/rate/4513307,,2026-05-30
https://itch.io/jam/418-gdais-gamejam/rate/4513410,,2026-05-30
https://itch.io/jam/418-gdais-gamejam/rate/4513420,,2026-05-30
https://itch.io/jam/418-gdais-gamejam/rate/4513427,,2026-05-30
https://itch.io/jam/418-gdais-gamejam/rate/4513433,,2026-05-30
https://itch.io/jam/418-gdais-gamejam/rate/4513445,,2026-05-30
https://itch.io/jam/418-gdais-gamejam/rate/4513472,,2026-05-30
https://itch.io/jam/gdai-women-game-jam-2026/rate/4513473,,2026-05-30
https://itch.io/jam/418-gdais-gamejam/rate/4513805,,2026-05-30
https://itch.io/jam/gdai-women-game-jam-2026/rate/4513822,,2026-05-30
https://itch.io/jam/gdai-women-game-jam-2026/rate/4513942,,2026-05-30
https://itch.io/jam/gdai-women-game-jam-2026/rate/4513944,,2026-05-30
https://itch.io/jam/gdai-women-game-jam-2026/rate/4513950,,2026-05-30
https://itch.io/jam/gdai-women-game-jam-2026/rate/4513999,,2026-05-30
https://itch.io/jam/gdai-women-game-jam-2026/rate/4513895,,2026-05-30
https://itch.io/jam/gdai-women-game-jam-2026/rate/4514056,,2026-05-30
https://itch.io/jam/gdai-women-game-jam-2026/rate/4514082,,2026-05-30
https://itch.io/jam/gdai-women-game-jam-2026/rate/4514085,,2026-05-30
https://itch.io/jam/gdai-women-game-jam-2026/rate/4514111,,2026-05-30
https://itch.io/jam/gdai-women-game-jam-2026/rate/4513852,,2026-05-30
https://itch.io/jam/gdai-women-game-jam-2026/rate/4514121,,2026-05-30
https://itch.io/jam/gdai-women-game-jam-2026/rate/4514126,,2026-05-30
https://itch.io/jam/gdai-women-game-jam-2026/rate/4514108,,2026-05-30
https://itch.io/jam/gdai-women-game-jam-2026/rate/4514150,,2026-05-30
https://itch.io/jam/gdai-women-game-jam-2026/rate/4514158,,2026-05-30
https://itch.io/jam/gdai-women-game-jam-2026/rate/4514081,,2026-05-30
https://itch.io/jam/gdai-women-game-jam-2026/rate/4514119,,2026-05-30
https://itch.io/jam/gdai-women-game-jam-2026/rate/4514165,,2026-05-30
https://itch.io/jam/gdai-women-game-jam-2026/rate/4514133,,2026-05-30
https://itch.io/jam/gdai-women-game-jam-2026/rate/4514167,,2026-05-30
https://itch.io/jam/gdai-women-game-jam-2026/rate/4514172,,2026-05-30
https://itch.io/jam/gdai-women-game-jam-2026/rate/4514186,,2026-05-30
https://itch.io/jam/gdai-women-game-jam-2026/rate/4514265,,2026-05-30
https://itch.io/jam/gdai-women-game-jam-2026/rate/4514328,,2026-05-30
https://itch.io/jam/gdai-women-game-jam-2026/rate/4514184,,2026-05-30
https://itch.io/jam/gdai-women-game-jam-2026/rate/4512074,,2026-05-30
https://itch.io/jam/gdai-women-game-jam-2026/rate/4514101,,2026-05-30
https://itch.io/jam/gdai-women-game-jam-2026/rate/4514061,,2026-05-30
https://itch.io/jam/madar-games-contest-/rate/4481022,,2026-05-30
https://itch.io/jam/american-gothic-jam-2026/rate/4527304,,2026-05-30
https://itch.io/jam/american-gothic-jam-2026/rate/4530233,,2026-05-30
https://itch.io/jam/wheeljam-2/rate/4550141,,2026-05-30
https://itch.io/jam/wheeljam-2/rate/4550764,,2026-05-30
https://itch.io/jam/wheeljam-2/rate/4554734,,2026-05-30
https://itch.io/jam/wheeljam-2/rate/4554710,,2026-05-30
https://itch.io/jam/wheeljam-2/rate/4554823,,2026-05-30
https://itch.io/jam/wheeljam-2/rate/4555136,,2026-05-30
https://itch.io/jam/wheeljam-2/rate/4555602,,2026-05-30
https://itch.io/jam/wheeljam-2/rate/4555553,,2026-05-30
https://itch.io/jam/wheeljam-2/rate/4552996,,2026-05-30
https://itch.io/jam/wheeljam-2/rate/4555839,,2026-05-30
https://itch.io/jam/wheeljam-2/rate/4556113,,2026-05-30
https://itch.io/jam/wheeljam-2/rate/4556188,,2026-05-30
https://itch.io/jam/wheeljam-2/rate/4556227,,2026-05-30
https://itch.io/jam/wheeljam-2/rate/4555686,,2026-05-30
https://itch.io/jam/wheeljam-2/rate/4556360,,2026-05-30
https://itch.io/jam/wheeljam-2/rate/4556359,,2026-05-30
https://itch.io/jam/wheeljam-2/rate/4545256,,2026-05-30
https://itch.io/jam/wheeljam-2/rate/4556536,,2026-05-30
https://itch.io/jam/wheeljam-2/rate/4556574,,2026-05-30
https://itch.io/jam/wheeljam-2/rate/4556611,,2026-05-30
https://itch.io/jam/wheeljam-2/rate/4540800,,2026-05-30
https://itch.io/jam/wheeljam-2/rate/4553707,,2026-05-30
https://itch.io/jam/wheeljam-2/rate/4532827,,2026-05-30
https://itch.io/jam/wheeljam-2/rate/4556542,,2026-05-30
https://itch.io/jam/wheeljam-2/rate/4556708,,2026-05-30
https://itch.io/jam/wheeljam-2/rate/4547140,,2026-05-30
https://itch.io/jam/wheeljam-2/rate/4556686,,2026-05-30
https://itch.io/jam/wheeljam-2/rate/4556604,,2026-05-30
https://itch.io/jam/wheeljam-2/rate/4555775,,2026-05-30
https://itch.io/jam/wheeljam-2/rate/4556727,,2026-05-30
https://itch.io/jam/wheeljam-2/rate/4556726,,2026-05-30
https://itch.io/jam/wheeljam-2/rate/4556725,,2026-05-30
https://itch.io/jam/wheeljam-2/rate/4556712,,2026-05-30
https://itch.io/jam/wheeljam-2/rate/4556569,,2026-05-30
https://itch.io/jam/wheeljam-2/rate/4556737,,2026-05-30
https://itch.io/jam/wheeljam-2/rate/4556697,,2026-05-30
https://itch.io/jam/wheeljam-2/rate/4556745,,2026-05-30
https://itch.io/jam/doga-jam-2026/rate/4557386,,2026-05-30
https://itch.io/jam/wheeljam-2/rate/4558402,,2026-05-30
https://itch.io/jam/wheeljam-2/rate/4558419,,2026-05-30
https://itch.io/jam/doga-jam-2026/rate/4559668,,2026-05-30
https://itch.io/jam/doga-jam-2026/rate/4559710,,2026-05-30
https://itch.io/jam/doga-jam-2026/rate/4559734,,2026-05-30
https://itch.io/jam/doga-jam-2026/rate/4559801,,2026-05-30
https://itch.io/jam/doga-jam-2026/rate/4559841,,2026-05-30
https://itch.io/jam/doga-jam-2026/rate/4559843,,2026-05-30
https://itch.io/jam/doga-jam-2026/rate/4559662,,2026-05-30
https://itch.io/jam/doga-jam-2026/rate/4559924,,2026-05-30
https://itch.io/jam/doga-jam-2026/rate/4559357,,2026-05-30
https://itch.io/jam/doga-jam-2026/rate/4560092,,2026-05-30
https://itch.io/jam/doga-jam-2026/rate/4560090,,2026-05-30
https://itch.io/jam/doga-jam-2026/rate/4560110,,2026-05-30
https://itch.io/jam/doga-jam-2026/rate/4559807,,2026-05-30
https://itch.io/jam/doga-jam-2026/rate/4560081,,2026-05-30
https://itch.io/jam/doga-jam-2026/rate/4560170,,2026-05-30
https://itch.io/jam/doga-jam-2026/rate/4560135,,2026-05-30
https://itch.io/jam/doga-jam-2026/rate/4559586,,2026-05-30
https://itch.io/jam/doga-jam-2026/rate/4560234,,2026-05-30
https://itch.io/jam/doga-jam-2026/rate/4557985,,2026-05-30
https://itch.io/jam/doga-jam-2026/rate/4560004,,2026-05-30
https://itch.io/jam/doga-jam-2026/rate/4560264,,2026-05-30
https://itch.io/jam/doga-jam-2026/rate/4560240,,2026-05-30
https://itch.io/jam/doga-jam-2026/rate/4558242,,2026-05-30
https://itch.io/jam/doga-jam-2026/rate/4557364,,2026-05-30
https://itch.io/jam/doga-jam-2026/rate/4560095,,2026-05-30
https://itch.io/jam/doga-jam-2026/rate/4560250,,2026-05-30
https://itch.io/jam/doga-jam-2026/rate/4560028,,2026-05-30
https://itch.io/jam/doga-jam-2026/rate/4560294,,2026-05-30
https://itch.io/jam/doga-jam-2026/rate/4559310,,2026-05-30
https://itch.io/jam/doga-jam-2026/rate/4559835,,2026-05-30
https://itch.io/jam/doga-jam-2026/rate/4560185,,2026-05-30
https://itch.io/jam/wheeljam-2/rate/4562171,,2026-05-30
https://itch.io/jam/american-gothic-jam-2026/rate/4512006,,2026-05-30
https://itch.io/jam/american-gothic-jam-2026/rate/4578508,,2026-05-30
https://itch.io/jam/wheeljam-2/rate/4568799,,2026-05-30
https://itch.io/jam/nda-26/rate/4592566,,2026-05-30
https://itch.io/jam/it231-os-games/rate/4600123,,2026-05-30
https://itch.io/jam/it231-os-games/rate/4600162,,2026-05-30
https://itch.io/jam/it231-os-games/rate/4600437,,2026-05-30
https://itch.io/jam/it231-os-games/rate/4600502,,2026-05-30
https://itch.io/jam/it231-os-games/rate/4600425,,2026-05-30
https://itch.io/jam/it231-os-games/rate/4600823,,2026-05-30
https://itch.io/jam/it231-os-games/rate/4577028,,2026-05-30
https://itch.io/jam/it231-os-games/rate/4601544,,2026-05-30
https://itch.io/jam/it231-os-games/rate/4601379,,2026-05-30
https://itch.io/jam/it231-os-games/rate/4601626,,2026-05-30
https://itch.io/jam/it231-os-games/rate/4602807,,2026-05-30
https://itch.io/jam/it231-os-games/rate/4600749,,2026-05-30
https://itch.io/jam/it231-os-games/rate/4603056,,2026-05-30
https://itch.io/jam/it231-os-games/rate/4602973,,2026-05-30
https://itch.io/jam/it231-os-games/rate/4601716,,2026-05-30
https://itch.io/jam/it231-os-games/rate/4603034,,2026-05-30
https://itch.io/jam/it231-os-games/rate/4603233,,2026-05-30
https://itch.io/jam/it231-os-games/rate/4603360,,2026-05-30
https://itch.io/jam/it231-os-games/rate/4600665,,2026-05-30
https://itch.io/jam/it231-os-games/rate/4603369,,2026-05-30
https://itch.io/jam/it231-os-games/rate/4602795,,2026-05-30
https://itch.io/jam/it231-os-games/rate/4603669,,2026-05-30
https://itch.io/jam/it231-os-games/rate/4603773,,2026-05-30
https://itch.io/jam/it231-os-games/rate/4603479,,2026-05-30
https://itch.io/jam/it231-os-games/rate/4604055,,2026-05-30
https://itch.io/jam/it231-os-games/rate/4604060,,2026-05-30
https://itch.io/jam/it231-os-games/rate/4587638,,2026-05-30
https://itch.io/jam/it231-os-games/rate/4603555,,2026-05-30
https://itch.io/jam/it231-os-games/rate/4604131,,2026-05-30
https://itch.io/jam/it231-os-games/rate/4604149,,2026-05-30
https://itch.io/jam/it231-os-games/rate/4604357,,2026-05-30
https://itch.io/jam/it231-os-games/rate/4604401,,2026-05-30
https://itch.io/jam/it231-os-games/rate/4604498,,2026-05-30
https://itch.io/jam/it231-os-games/rate/4604575,,2026-05-30
https://itch.io/jam/16bits-2nd-caravan-jam/rate/4613532,,2026-05-30
https://itch.io/jam/snowhornet-game-jam-2026/rate/4620775,,2026-05-30
https://itch.io/jam/tiny-disaster-jam/rate/4620855,,2026-05-30
https://itch.io/jam/ct4gamdev-final-2025/rate/4620911,,2026-05-30
https://itch.io/jam/blo-xys-crafty-jam/rate/4620894,,2026-05-30
https://itch.io/jam/rpg-in-a-box-monsters/rate/4620907,,2026-05-30
https://itch.io/jam/one-game-a-month-59/rate/4573738,,2026-05-30
https://itch.io/jam/oprwj14/rate/4621062,,2026-05-30
https://itch.io/jam/liminal4/rate/4613927,,2026-05-30
https://itch.io/jam/mym-harn-jam/rate/4621348,,2026-05-30
https://itch.io/jam/mixed-media-jam/rate/4614320,,2026-05-30
https://itch.io/jam/20-years-game-jam/rate/4614320,,2026-05-30
https://itch.io/jam/bad-parody-games/rate/4614320,,2026-05-30
https://itch.io/jam/how-long-can-we-jam/rate/4614320,,2026-05-30
https://itch.io/jam/5-year-long-jam/rate/4614320,,2026-05-30
https://itch.io/jam/islife/rate/4614320,,2026-05-30
https://itch.io/jam/decadejam/rate/4614320,,2026-05-30
https://itch.io/jam/efpse-y2k-jam-2026/rate/4614320,,2026-05-30
https://itch.io/jam/liminal4/rate/4614320,,2026-05-30
https://itch.io/jam/2026-jam/rate/4614320,,2026-05-30
https://itch.io/jam/pixelverse-jam-2026/rate/4614320,,2026-05-30
https://itch.io/jam/accountability-jam-may-2026/rate/4614320,,2026-05-30
https://itch.io/jam/accountability-jam-may-2026/rate/3401362,,2026-05-30
https://itch.io/jam/accountability-jam-may-2026/rate/2941777,,2026-05-30
https://itch.io/jam/accountability-jam-may-2026/rate/2821847,,2026-05-30
https://itch.io/jam/flexible-2025/rate/4614320,,2026-05-30
https://itch.io/jam/indiepocalypse-issue-79-paying-anthology/rate/4378232,,2026-05-30
https://itch.io/jam/oprwj14/rate/4621451,,2026-05-30
https://itch.io/jam/phillytron-arcade-jam/rate/4571913,,2026-05-30
https://itch.io/jam/gamebridge-2026/rate/4450837,,2026-05-30
https://itch.io/jam/snowhornet-game-jam-2026/rate/4619198,,2026-05-30
https://itch.io/jam/gamebridge-2026/rate/4588707,,2026-05-30
https://itch.io/jam/blo-xys-crafty-jam/rate/4621501,,2026-05-30
https://itch.io/jam/islife/rate/4611691,,2026-05-30
https://itch.io/jam/how-long-can-we-jam/rate/4611691,,2026-05-30
https://itch.io/jam/20-years-game-jam/rate/4611691,,2026-05-30
https://itch.io/jam/biggest-souls-like-game-jam/rate/4611691,,2026-05-30
https://itch.io/jam/tiny-disaster-jam/rate/4621720,,2026-05-30
https://itch.io/jam/indie-park-game-jam-5/rate/4621777,,2026-05-30
https://itch.io/jam/blo-xys-crafty-jam/rate/4621973,,2026-05-30
https://itch.io/jam/eternal-ttrpg-jam-may-2026/rate/4622025,,2026-05-30
https://itch.io/jam/fuck-capitalism-jam-2026/rate/4621277,,2026-05-30
https://itch.io/jam/tweettweetjam-11/rate/4621799,,2026-05-30
https://itch.io/jam/playtest-feedback-exchange-jam-4/rate/4456069,,2026-05-30
https://itch.io/jam/blo-xys-crafty-jam/rate/4622083,,2026-05-30
https://itch.io/jam/blo-xys-crafty-jam/rate/4621975,,2026-05-30
https://itch.io/jam/uplifting-game-jam-315-in-cash-prizes/rate/4621928,,2026-05-30
https://itch.io/jam/blo-xys-crafty-jam/rate/4621892,,2026-05-30
https://itch.io/jam/tombstone-jam/rate/4618522,,2026-05-30
https://itch.io/jam/secret-jam-of-games-29/rate/4578925,,2026-05-30
https://itch.io/jam/games-to-pass-time/rate/4622156,,2026-05-30
https://itch.io/jam/tiny-disaster-jam/rate/4622149,,2026-05-30
https://itch.io/jam/ost-composing-jam-overtime/rate/4621669,,2026-05-30
https://itch.io/jam/blo-xys-crafty-jam/rate/4622182,,2026-05-30
https://itch.io/jam/blo-xys-crafty-jam/rate/4622187,,2026-05-30
https://itch.io/jam/blo-xys-crafty-jam/rate/4622198,,2026-05-30
https://itch.io/jam/always-learning-jam-4/rate/4622180,,2026-05-30
https://itch.io/jam/migjam-40/rate/4621283,,2026-05-30
https://itch.io/jam/oprwj14/rate/4619085,,2026-05-30
https://itch.io/jam/tiny-disaster-jam/rate/4622128,,2026-05-30
https://itch.io/jam/gamebridge-2026/rate/4546001,,2026-05-30
https://itch.io/jam/blo-xys-crafty-jam/rate/4622353,,2026-05-30
https://itch.io/jam/blo-xys-crafty-jam/rate/4622341,,2026-05-30
https://itch.io/jam/tombstone-jam/rate/4622364,,2026-05-30
https://itch.io/jam/blo-xys-crafty-jam/rate/4622369,,2026-05-30
https://itch.io/jam/oprwj14/rate/4622376,,2026-05-30
https://itch.io/jam/days-of-horror-3/rate/4622124,,2026-05-30
https://itch.io/jam/uon-summer-jam-26/rate/4616183,,2026-05-30
https://itch.io/jam/blo-xys-crafty-jam/rate/4622458,,2026-05-30
https://itch.io/jam/token-jam-1/rate/4622457,,2026-05-30
https://itch.io/jam/power-word-unity-2026-jam/rate/391372,,2026-05-30
https://itch.io/jam/power-word-unity-2026-jam/rate/597162,,2026-05-30
https://itch.io/jam/uon-summer-jam-26/rate/4622483,,2026-05-30
https://itch.io/jam/snowhornet-game-jam-2026/rate/4622417,,2026-05-30
https://itch.io/jam/games-to-pass-time/rate/3007598,,2026-05-30
https://itch.io/jam/trijam-374/rate/4621743,,2026-05-30
https://itch.io/jam/untitled-game-jam-128/rate/3753109,,2026-05-30
https://itch.io/jam/kifass-4/rate/4605489,,2026-05-30
https://itch.io/jam/snowhornet-game-jam-2026/rate/4622644,,2026-05-30
https://itch.io/jam/noise-jam-3/rate/4612679,,2026-05-30
https://itch.io/jam/the-wildzine-jam-spring-26/rate/4622690,,2026-05-30
https://itch.io/jam/sizescale-game-jam-2026-astrocade/rate/4622697,,2026-05-30
https://itch.io/jam/sizescale-game-jam-2026-astrocade/rate/4614967,,2026-05-30
https://itch.io/jam/the-wildzine-jam-spring-26/rate/4622747,,2026-05-30
https://itch.io/jam/ost-composing-jam-overtime/rate/4622704,,2026-05-30
https://itch.io/jam/islife/rate/4582603,,2026-05-30
https://itch.io/jam/sc232s-gtag-fangame-expo-26/rate/4120994,,2026-05-30
https://itch.io/jam/oprwj14/rate/4622784,,2026-05-30
https://itch.io/jam/oprwj14/rate/4622702,,2026-05-30
https://itch.io/jam/sc232s-gtag-fangame-expo-26/rate/4587144,,2026-05-30
https://itch.io/jam/sizescale-game-jam-2026-astrocade/rate/4622796,,2026-05-30
https://itch.io/jam/sizescale-game-jam-2026-astrocade/rate/4622824,,2026-05-30
https://itch.io/jam/really-bad-if-3/rate/4622330,,2026-05-30
https://itch.io/jam/sizescale-game-jam-2026-astrocade/rate/4432092,,2026-05-30
https://itch.io/jam/sizescale-game-jam-2026-astrocade/rate/4622839,,2026-05-30
https://itch.io/jam/snowhornet-game-jam-2026/rate/4622827,,2026-05-30
https://itch.io/jam/tombstone-jam/rate/4598346,,2026-05-30
https://itch.io/jam/snowhornet-game-jam-2026/rate/4608401,,2026-05-30
https://itch.io/jam/always-learning-jam-4/rate/4618936,,2026-05-30
https://itch.io/jam/uplifting-game-jam-315-in-cash-prizes/rate/4612120,,2026-05-30
https://itch.io/jam/oprwj14/rate/4622938,,2026-05-30
https://itch.io/jam/decadejam/rate/4618986,,2026-05-30
https://itch.io/jam/sizescale-game-jam-2026-astrocade/rate/4622942,,2026-05-30
https://itch.io/jam/decadejam/rate/4606010,,2026-05-30
https://itch.io/jam/islife/rate/4618986,,2026-05-30
https://itch.io/jam/days-of-horror-3/rate/4618986,,2026-05-30
https://itch.io/jam/tombstone-jam/rate/4622946,,2026-05-30
https://itch.io/jam/oprwj14/rate/4622954,,2026-05-30
https://itch.io/jam/oprwj14/rate/4622980,,2026-05-30
https://itch.io/jam/uplifting-game-jam-315-in-cash-prizes/rate/4616534,,2026-05-30
https://itch.io/jam/sizescale-game-jam-2026-astrocade/rate/4623027,,2026-05-30
https://itch.io/jam/tweettweetjam-11/rate/4623008,,2026-05-30
https://itch.io/jam/snowhornet-game-jam-2026/rate/4610033,,2026-05-30
https://itch.io/jam/snowhornet-game-jam-2026/rate/4623072,,2026-05-30
https://itch.io/jam/oprwj14/rate/4623095,,2026-05-30
https://itch.io/jam/oprwj14/rate/4623097,,2026-05-30
https://itch.io/jam/oprwj14/rate/4623098,,2026-05-30
https://itch.io/jam/jamlytics/rate/4623054,,2026-05-30
https://itch.io/jam/oprwj14/rate/4623127,,2026-05-30
https://itch.io/jam/oprwj14/rate/4623213,,2026-05-30
https://itch.io/jam/sizescale-game-jam-2026-astrocade/rate/4623217,,2026-05-30
https://itch.io/jam/sizescale-game-jam-2026-astrocade/rate/4623255,,2026-05-30
https://itch.io/jam/ost-composing-jam-overtime/rate/4623191,,2026-05-30
https://itch.io/jam/sizescale-game-jam-2026-astrocade/rate/4623282,,2026-05-30
https://itch.io/jam/always-learning-jam-4/rate/4616733,,2026-05-30
https://itch.io/jam/noise-jam-3/rate/4621175,,2026-05-30
https://itch.io/jam/fuck-capitalism-jam-2026/rate/4620260,,2026-05-30
https://itch.io/jam/oprwj14/rate/4623410,,2026-05-30
https://itch.io/jam/sizescale-game-jam-2026-astrocade/rate/4623416,,2026-05-30
https://itch.io/jam/secret-jam-of-games-29/rate/4617497,,2026-05-30
https://itch.io/jam/uon-summer-jam-26/rate/4617765,,2026-05-30
https://itch.io/jam/uon-summer-jam-26/rate/4623588,,2026-05-30
https://itch.io/jam/snowhornet-game-jam-2026/rate/4622166,,2026-05-30
https://itch.io/jam/oprwj14/rate/4621528,,2026-05-30
https://itch.io/jam/indie-park-game-jam-5/rate/4621975,,2026-05-30
https://itch.io/jam/always-learning-jam-4/rate/4621975,,2026-05-30
https://itch.io/jam/3gameaweek/rate/4623605,,2026-05-30
https://itch.io/jam/uon-summer-jam-26/rate/4620671,,2026-05-30
https://itch.io/jam/always-learning-jam-4/rate/4622014,,2026-05-30
https://itch.io/jam/sizescale-game-jam-2026-astrocade/rate/4623634,,2026-05-30
https://itch.io/jam/sizescale-game-jam-2026-astrocade/rate/4623645,,2026-05-30
https://itch.io/jam/uon-summer-jam-26/rate/4618367,,2026-05-30
https://itch.io/jam/bit-game-jam-2026/rate/4621283,,2026-05-30
https://itch.io/jam/uon-summer-jam-26/rate/4618710,,2026-05-30
https://itch.io/jam/oprwj14/rate/4623705,,2026-05-30
https://itch.io/jam/uon-summer-jam-26/rate/4615247,,2026-05-30
https://itch.io/jam/uon-summer-jam-26/rate/4623712,,2026-05-30
https://itch.io/jam/dis-may-2026-feedback-jam/rate/3096634,,2026-05-30
https://itch.io/jam/sizescale-game-jam-2026-astrocade/rate/4623790,,2026-05-30
https://itch.io/jam/rayuela-de-arena-2026/rate/4623717,,2026-05-30
https://itch.io/jam/always-learning-jam-4/rate/4537272,,2026-05-30
https://itch.io/jam/sizescale-game-jam-2026-astrocade/rate/4621518,,2026-05-30
https://itch.io/jam/ggj-2026-individual-archive,,2026-05-30
https://itch.io/jam/mspa-jam-1,,2026-05-30
https://itch.io/jam/2026-summer-break-jam,,2026-05-30
https://itch.io/jam/mechanistic-interpretability-hackathon-4,,2026-05-30
https://itch.io/jam/migjam-41,,2026-05-30
https://itch.io/jam/galway-game-jam-26,,2026-05-30
https://itch.io/jam/anything-jam2026,,2026-05-30
https://itch.io/jam/stockholm-level-design-jam,,2026-05-30
https://itch.io/jam/you-are-your-own-enemy,,2026-05-30
https://itch.io/jam/unreal-build-jam,,2026-05-30
https://itch.io/jam/cvj-game-jam,,2026-05-30
https://itch.io/jam/mini-jam-212-control,,2026-05-30
https://itch.io/jam/game-jam-estival,,2026-05-30
https://itch.io/jam/3d-modelling-jam-12,,2026-05-30
https://itch.io/jam/decade-jam-2026,,2026-05-30
https://itch.io/jam/vgdc-at-spring-2026-games,,2026-05-30
https://itch.io/jam/heaj-sprint-3-tfc-b3-25-26,,2026-05-30
https://itch.io/jam/vr01-2026-tugas-3,,2026-05-30
https://itch.io/jam/vr02-2026-tugas-3,,2026-05-30
https://itch.io/jam/rolesias,,2026-05-30
https://itch.io/jam/trijam-375,,2026-05-30
https://itch.io/jam/minizamjam-cyl-games-show-edition-2026,,2026-05-30
https://itch.io/jam/online-game-jam-may-2026,,2026-05-30
https://itch.io/jam/nelsonlan-ggj-2024-archives,,2026-05-30
https://itch.io/jam/space-jam-sd,,2026-05-30
https://modestcatastrophegames.itch.io,,2026-05-30
https://apogee-lab.itch.io,,2026-05-30
https://phillthebacon.itch.io,,2026-05-30
https://slapworth.itch.io,,2026-05-30
https://dzoi.itch.io,,2026-05-30
https://kerry12138.itch.io,,2026-05-30
https://keromante.itch.io,,2026-05-30
https://marko-p.itch.io,,2026-05-30
https://theos24.itch.io,,2026-05-30
https://cynocephalophore.itch.io,,2026-05-30
https://zesodev.itch.io,,2026-05-30
https://paracoginteractive.itch.io,,2026-05-30
https://eneko-ctav3.itch.io,,2026-05-30
https://acorn10.itch.io,,2026-05-30
https://samako.itch.io,,2026-05-30
https://jackalpants.itch.io,,2026-05-30
https://mikudevs.itch.io,,2026-05-30
https://sky-developer.itch.io,,2026-05-30
https://anteger.itch.io,,2026-05-30
https://100notyos.itch.io,,2026-05-30
https://that-blind-artist.itch.io,,2026-05-30
https://timoose777.itch.io,,2026-05-30
https://bennieb.itch.io,,2026-05-30
https://sluzyy.itch.io,,2026-05-30
https://guywithbeanie.itch.io,,2026-05-30
https://niveklc.itch.io,,2026-05-30
https://xenkkronar.itch.io,,2026-05-30
https://phil42.itch.io,,2026-05-30
https://kmseop.itch.io,,2026-05-30
https://drevniyx96.itch.io,,2026-05-30
https://terrasima.itch.io,,2026-05-30
https://vr3xy.itch.io,,2026-05-30
https://seth-genigma.itch.io,,2026-05-30
https://isaiah752.itch.io,,2026-05-30
https://kaage2009.itch.io,,2026-05-30
https://flyday-chinatown.itch.io,,2026-05-30
https://gaming-nonsense.itch.io,,2026-05-30
https://shidh.itch.io,,2026-05-30
https://oilbiscuit.itch.io,,2026-05-30
https://beepr.itch.io,,2026-05-30
https://yourlocalbluefella.itch.io,,2026-05-30
https://necessary-insanity.itch.io,,2026-05-30
https://benwesty.itch.io,,2026-05-30
https://boomercat.itch.io,,2026-05-30
https://ayhamatos.itch.io,,2026-05-30
https://krazykase0.itch.io,,2026-05-30
https://griffman.itch.io,,2026-05-30
https://sn0wy0nt0p.itch.io,,2026-05-30
https://olivedreams.itch.io,,2026-05-30
https://sirius-asset.itch.io,,2026-05-30
https://ikarushun.itch.io,,2026-05-30
https://mmelectric.itch.io,,2026-05-30
https://hammichonitch.itch.io,,2026-05-30
https://felipinaz.itch.io,,2026-05-30
https://vladislavelistratov.itch.io,,2026-05-30
https://boss665.itch.io,,2026-05-30
https://need-free-assets.itch.io,,2026-05-30
https://maklecrf.itch.io,,2026-05-30
https://mrmarcoboy.itch.io,,2026-05-30
https://jalakandev.itch.io,,2026-05-30
https://pilot2254.itch.io,,2026-05-30
https://mogenasu.itch.io,,2026-05-30
https://another-studios.itch.io,,2026-05-30
https://hw-games.itch.io,,2026-05-30
https://fun30330.itch.io,,2026-05-30
https://bongo6.itch.io,,2026-05-30
https://dynamice.itch.io,,2026-05-30
https://anyaawsum.itch.io,,2026-05-30
https://johnathancrimson.itch.io,,2026-05-30
https://eizenhower.itch.io,,2026-05-30
https://iamaneggwhoeatseggs.itch.io,,2026-05-30
https://jaldps.itch.io,,2026-05-30
https://palidone.itch.io,,2026-05-30
https://theonlye.itch.io,,2026-05-30
https://ben-bk.itch.io,,2026-05-30
https://softly-midnight.itch.io,,2026-05-30
https://bullettime23.itch.io,,2026-05-30
https://brayayin03.itch.io,,2026-05-30
https://hihiha-store.itch.io,,2026-05-30
https://tunajun.itch.io,,2026-05-30
https://tooncartoons.itch.io,,2026-05-30
https://karaclan.itch.io,,2026-05-30
https://dr0zd-64.itch.io,,2026-05-30
https://darshhak.itch.io,,2026-05-30
https://h-potato.itch.io,,2026-05-30
https://hatchi-developer.itch.io,,2026-05-30
https://devplaygames.itch.io,,2026-05-30
https://arocha791.itch.io,,2026-05-30
https://yumikobyby.itch.io,,2026-05-30
https://shihan-ayman.itch.io,,2026-05-30
https://libernoidev.itch.io,,2026-05-30
https://narbehouse.itch.io,,2026-05-30
https://qyigamesstudio.itch.io,,2026-05-30
https://pneumoneyp.itch.io,,2026-05-30
https://xrayengine.itch.io,,2026-05-30
https://ilikemcsm.itch.io,,2026-05-30
https://stien95.itch.io,,2026-05-30
https://diidithecreator.itch.io,,2026-05-30
https://tarkod.itch.io,,2026-05-30
https://nouriyx.itch.io,,2026-05-30
https://eesayg.itch.io,,2026-05-30
https://theevilent.itch.io,,2026-05-30
https://onyxsoul-the-king.itch.io,,2026-05-30
https://vramosx.itch.io,,2026-05-30
https://briamarks.itch.io,,2026-05-30
https://fen-c.itch.io,,2026-05-30
https://candyflozzia.itch.io,,2026-05-30
https://leapgs.itch.io,,2026-05-30
https://kompres-rar.itch.io,,2026-05-30
https://soupergamer.itch.io,,2026-05-30
https://juanirabe.itch.io,,2026-05-30
https://iroo012.itch.io,,2026-05-30
https://mahammad-ali.itch.io,,2026-05-30
https://arsniuk.itch.io,,2026-05-30
https://leesurely.itch.io,,2026-05-30
https://pixelshmak.itch.io,,2026-05-30
https://freefallstudio.itch.io,,2026-05-30
https://naobu.itch.io,,2026-05-30
https://bangwoori.itch.io,,2026-05-30
https://catana-catalina.itch.io,,2026-05-30
https://tarataratara555.itch.io,,2026-05-30
https://smoneone.itch.io,,2026-05-30
https://layzbonez.itch.io,,2026-05-30
https://comrademcduck.itch.io,,2026-05-30
https://josuejarre.itch.io,,2026-05-30
https://dalooola.itch.io,,2026-05-30
https://nikolaiaa.itch.io,,2026-05-30
https://friend-developments.itch.io,,2026-05-30
https://pretzelbyte.itch.io,,2026-05-30
https://mrravano.itch.io,,2026-05-30
https://critchie.itch.io,,2026-05-30
https://sourkiwi.itch.io,,2026-05-30
https://imbiancabirdsarebad.itch.io,,2026-05-30
https://ll1llk.itch.io,,2026-05-30
https://sbobbolo.itch.io,,2026-05-30
https://hollowbrand.itch.io,,2026-05-30
https://the-mandarin.itch.io,,2026-05-30
https://raymondn.itch.io,,2026-05-30
https://themimicmouth.itch.io,,2026-05-30
https://griiimgamer.itch.io,,2026-05-30
https://teafeaster.itch.io,,2026-05-30
https://incostruzione.itch.io,,2026-05-30
https://eeleeeveen.itch.io,,2026-05-30
https://below-negative89.itch.io,,2026-05-30
https://3swordstiles.itch.io,,2026-05-30
https://olddrives.itch.io,,2026-05-30
https://jackx107.itch.io,,2026-05-30
https://zetxine.itch.io,,2026-05-30
https://smoothspine.itch.io,,2026-05-30
https://txcnooo.itch.io,,2026-05-30
https://crimson-pearl-games.itch.io,,2026-05-30
https://hexxgt.itch.io,,2026-05-30
https://lamb-roast.itch.io,,2026-05-30
https://realcoolkidddeveloper.itch.io,,2026-05-30
https://carrie-l.itch.io,,2026-05-30
https://annamallol.itch.io,,2026-05-30
https://tainia.itch.io,,2026-05-30
https://snakeblair.itch.io,,2026-05-30
https://psreeanuj.itch.io,,2026-05-30
https://nicevy.itch.io,,2026-05-30
https://baldedboi55.itch.io,,2026-05-30
https://ollievr1.itch.io,,2026-05-30
https://stripesmc2026thru2027.itch.io,,2026-05-30
https://theconedcattzz.itch.io,,2026-05-30
https://nathanandreddish.itch.io,,2026-05-30
https://not9033.itch.io,,2026-05-30
https://87accident.itch.io,,2026-05-30
https://ascch.itch.io,,2026-05-30
https://meangrip.itch.io,,2026-05-30
https://vexneth.itch.io,,2026-05-30
https://phnomtr.itch.io,,2026-05-30
https://42-vibe-coder.itch.io,,2026-05-30
https://blessed-mask.itch.io,,2026-05-30
https://ichiban-vibe.itch.io,,2026-05-30
https://innerspaced.itch.io,,2026-05-30
https://bayconzz.itch.io,,2026-05-30
https://owenhenn33.itch.io,,2026-05-30
https://zhaojiuxiao.itch.io,,2026-05-30
https://loopbounder.itch.io,,2026-05-30
https://domino2442.itch.io,,2026-05-30
https://homemadestudios.itch.io,,2026-05-30
https://lilpluhmakesgames.itch.io,,2026-05-30
https://redwattsoftware.itch.io,,2026-05-30
https://vfx4game.itch.io,,2026-05-30
https://anymaxy.itch.io,,2026-05-30
https://voivoda-games.itch.io,,2026-05-30
https://raviool.itch.io,,2026-05-30
https://deathplastic.itch.io,,2026-05-30
https://rectanangle.itch.io,,2026-05-30
https://maxidandyt.itch.io,,2026-05-30
https://omarmahany35-png.itch.io,,2026-05-30
https://blueanimatronic.itch.io,,2026-05-30
https://toonly-dev.itch.io,,2026-05-30
https://revmagames.itch.io,,2026-05-30
https://theember.itch.io,,2026-05-30
https://kuzgun-bey.itch.io,,2026-05-30
https://adventuroussoulhusband.itch.io,,2026-05-30
https://vegatoantares.itch.io,,2026-05-30
https://tempname1234.itch.io,,2026-05-30
https://restbit.itch.io,,2026-05-30
https://asil4835.itch.io,,2026-05-30
https://harudd.itch.io,,2026-05-30
https://mundane-failure.itch.io,,2026-05-30
https://chellins.itch.io,,2026-05-30
https://dereny.itch.io,,2026-05-30
https://pararapper.itch.io,,2026-05-30
https://roheet.itch.io,,2026-05-30
https://ghanimek71-arch.itch.io,,2026-05-30
https://nsyzwnqyla.itch.io,,2026-05-30
https://baconmonke.itch.io,,2026-05-30
https://hofjager.itch.io,,2026-05-30
https://megametadev.itch.io,,2026-05-30
https://roscvit.itch.io,,2026-05-30
https://ella-22.itch.io,,2026-05-30
https://daniilpixel.itch.io,,2026-05-30
https://cybersummerstudio.itch.io,,2026-05-30
https://veralynndarcy.itch.io,,2026-05-30
https://tuans-nest.itch.io,,2026-05-30
https://furryguy13.itch.io,,2026-05-30
https://metrorace.itch.io,,2026-05-30
https://ceruleanmoss.itch.io,,2026-05-30
https://catastrophical.itch.io,,2026-05-30
https://deri255.itch.io,,2026-05-30
https://nattehandoek31.itch.io,,2026-05-30
https://yamadasousuke.itch.io,,2026-05-30
https://dhruti.itch.io,,2026-05-30
https://gameswithdna.itch.io,,2026-05-30
https://itimoreoo.itch.io,,2026-05-30
https://froggin6.itch.io,,2026-05-30
https://tcffan20.itch.io,,2026-05-30
https://ferital.itch.io,,2026-05-30
https://alecray.itch.io,,2026-05-30
https://firemetdm.itch.io,,2026-05-30
https://fated-the-musical-games.itch.io,,2026-05-30
https://a-lagos.itch.io,,2026-05-30
https://mckenna-a1.itch.io,,2026-05-30
https://slesi.itch.io,,2026-05-30
https://simplesodastudios.itch.io,,2026-05-30
https://dead-static-interactive.itch.io,,2026-05-30
https://gzimbra.itch.io,,2026-05-30
https://mabytale.itch.io,,2026-05-30
https://alsmsld.itch.io,,2026-05-30
https://midore248.itch.io,,2026-05-30
https://potetoninja.itch.io,,2026-05-30
https://cadstudios.itch.io,,2026-05-30
https://jayyddd1111.itch.io,,2026-05-30
https://yshastiy.itch.io,,2026-05-30
https://grayplayz8279.itch.io,,2026-05-30
https://chrisau.itch.io,,2026-05-30
https://arts-theatre.itch.io,,2026-05-30
https://13than.itch.io,,2026-05-30
https://gansjoojs.itch.io,,2026-05-30
https://deadtapestudio.itch.io,,2026-05-30
https://komechl.itch.io,,2026-05-30
https://steeldown.itch.io,,2026-05-30
https://sprunkiandnyankofan67.itch.io,,2026-05-30
https://synthletic.itch.io,,2026-05-30
https://axolooter.itch.io,,2026-05-30
https://animalsrediskans.itch.io,,2026-05-30
https://puercatena.itch.io,,2026-05-30
https://savage-bruski.itch.io,,2026-05-30
https://chasanhall.itch.io,,2026-05-30
https://clockworkdropout.itch.io,,2026-05-30
https://stonebooklab.itch.io,,2026-05-30
https://stonedpixel.itch.io,,2026-05-30
https://oddloomstudio.itch.io,,2026-05-30
https://whitefacepaint.itch.io,,2026-05-30
https://jjani.itch.io,,2026-05-30
https://mari-rose7.itch.io,,2026-05-30
https://jeristoncio.itch.io,,2026-05-30
https://fantafur.itch.io,,2026-05-30
https://jaibastlalpenas.itch.io,,2026-05-30
https://waterfowlgames.itch.io,,2026-05-30
https://digitalcraf.itch.io,,2026-05-30
https://wtplayer88.itch.io,,2026-05-30
https://ismail-official.itch.io,,2026-05-30
https://charmiproductionsx.itch.io,,2026-05-30
https://bluerobin000.itch.io,,2026-05-30
https://kayomistudio.itch.io,,2026-05-30
https://jgreegames.itch.io,,2026-05-30
https://wanderpulse.itch.io,,2026-05-30
https://sou-hazuki.itch.io,,2026-05-30
https://sasazuka-games.itch.io,,2026-05-30
https://zaku-118.itch.io,,2026-05-30
https://unforgivingmuse.itch.io,,2026-05-30
https://dispencermedia.itch.io,,2026-05-30
https://maximlandlord.itch.io,,2026-05-30
https://superwaylonr.itch.io,,2026-05-30
https://wowz-gt.itch.io,,2026-05-30
https://nullsignal-studio.itch.io,,2026-05-30
https://molerbear-cool.itch.io,,2026-05-30
https://mdimkov.itch.io,,2026-05-30
https://ddkkitch.itch.io,,2026-05-30
https://nowysoft.itch.io,,2026-05-30
https://lazarus-interactive.itch.io,,2026-05-30
https://david123asus.itch.io,,2026-05-30
https://damandeep999.itch.io,,2026-05-30
https://lyvric.itch.io,,2026-05-30
https://dathem.itch.io,,2026-05-30
https://ctrobbins1.itch.io,,2026-05-30
https://whostolequickz.itch.io,,2026-05-30
https://yoshi-hiro.itch.io,,2026-05-30
https://joseaphh.itch.io,,2026-05-30
https://mb-game.itch.io,,2026-05-30
https://roman-irhin.itch.io,,2026-05-30
https://im-already-different.itch.io,,2026-05-30
https://papput.itch.io,,2026-05-30
https://lolarenzo2000.itch.io,,2026-05-30
https://methodcs.itch.io,,2026-05-30
https://jiusand.itch.io,,2026-05-30
https://bjyxszd95bx.itch.io,,2026-05-30
https://bernord73.itch.io,,2026-05-30
https://external-gills.itch.io,,2026-05-30
https://pakin929.itch.io,,2026-05-30
https://therosethapelo.itch.io,,2026-05-30
https://lemonety.itch.io,,2026-05-30
https://chacotic-creatures.itch.io,,2026-05-30
https://nulldog.itch.io,,2026-05-30
https://vozka-limon.itch.io,,2026-05-30
https://coolsealion26.itch.io,,2026-05-30
https://pedrobpinheiro.itch.io,,2026-05-30
https://cosmosthecreation.itch.io,,2026-05-30
https://aream723.itch.io,,2026-05-30
https://alfasol.itch.io,,2026-05-30
https://art3mis-studios.itch.io,,2026-05-30
https://jinyewushi.itch.io,,2026-05-30
https://mi-koto2.itch.io,,2026-05-30
https://juanchope574.itch.io,,2026-05-30
https://afterdarkdevs.itch.io,,2026-05-30
https://room24c.itch.io,,2026-05-30
https://rikaphys.itch.io,,2026-05-30
https://danisweg.itch.io,,2026-05-30
https://nacros79.itch.io,,2026-05-30
https://zenithhorizon.itch.io,,2026-05-30
https://bedulgy.itch.io,,2026-05-30
https://marinaomi.itch.io,,2026-05-30
https://orikeys.itch.io,,2026-05-30
https://jean1243.itch.io,,2026-05-30
https://raspberrypi5nerd.itch.io,,2026-05-30
https://kirathetgwolf.itch.io,,2026-05-30
https://jajalys.itch.io,,2026-05-30
https://tronicbsb.itch.io,,2026-05-30
https://jg19polymer.itch.io,,2026-05-30
https://chaosfeaturingcubes.itch.io,,2026-05-30
https://kswzzz.itch.io,,2026-05-30
https://vladsgamingcartel.itch.io,,2026-05-30
https://harvodestroyer.itch.io,,2026-05-30
https://goros-05.itch.io,,2026-05-30
https://thycrowly.itch.io,,2026-05-30
https://joan-blaeu.itch.io,,2026-05-30
https://little-lion-dragon-studio.itch.io,,2026-05-30
https://claraador.itch.io,,2026-05-30
https://vauxazi.itch.io,,2026-05-30
https://kalevideogames.itch.io,,2026-05-30
https://sirieshki.itch.io,,2026-05-30
https://jjeojun.itch.io,,2026-05-30
https://domasasanananas.itch.io,,2026-05-30
https://nikala1234.itch.io,,2026-05-30
https://andulasiancrustacean.itch.io,,2026-05-30
https://thediscothief.itch.io,,2026-05-30
https://dalissareyes10gmailcom.itch.io,,2026-05-30
https://xhsac.itch.io,,2026-05-30
https://zyrasyn.itch.io,,2026-05-30
https://annexguy.itch.io,,2026-05-30
https://jw608art.itch.io,,2026-05-30
https://damir-games.itch.io,,2026-05-30
https://leiathecat1220.itch.io,,2026-05-30
https://toxxii.itch.io,,2026-05-30
https://clicktally.itch.io,,2026-05-30
https://ribun.itch.io,,2026-05-30
https://jasperthepark.itch.io,,2026-05-30
https://whitegarouu.itch.io,,2026-05-30
https://lolliopcy.itch.io,,2026-05-30
https://ainnzqh.itch.io,,2026-05-30
https://nyynkoteemu-games.itch.io,,2026-05-30
https://teamousegames.itch.io,,2026-05-30
https://shawnbusiness.itch.io,,2026-05-30
https://ctukct.itch.io,,2026-05-30
https://krystals-lily.itch.io,,2026-05-30
https://suu123.itch.io,,2026-05-30
https://serisoto.itch.io,,2026-05-30
https://chrol-promethazine.itch.io,,2026-05-30
https://theonedingus-school-alt.itch.io,,2026-05-30
https://pantssmell.itch.io,,2026-05-30
https://wieoni.itch.io,,2026-05-30
https://kubesitodev.itch.io,,2026-05-30
https://mr-shakespeare.itch.io,,2026-05-30
https://alessgt3rs.itch.io,,2026-05-30
https://gabyaraujo.itch.io,,2026-05-30
https://kentangs.itch.io,,2026-05-30
https://papapil.itch.io,,2026-05-30
https://therealsaphi.itch.io,,2026-05-30
https://advelore.itch.io,,2026-05-30
https://wolvezgt.itch.io,,2026-05-30
https://lunovel.itch.io,,2026-05-30
https://garase.itch.io,,2026-05-30
https://hbouzourdaz.itch.io,,2026-05-30
https://doomguymodder.itch.io,,2026-05-30
https://rangeranglerfish.itch.io,,2026-05-30
https://cainele-smecher.itch.io,,2026-05-30
https://lxnaspiralll.itch.io,,2026-05-30
https://stryderz.itch.io,,2026-05-30
https://sys67654tdcm.itch.io,,2026-05-30
https://thenothing12.itch.io,,2026-05-30
https://hazberg-studios.itch.io,,2026-05-30
https://gdfireinthehole.itch.io,,2026-05-30
https://alex-cheban.itch.io,,2026-05-30
https://nose214.itch.io,,2026-05-30
https://gokolokgjo.itch.io,,2026-05-30
https://comitial.itch.io,,2026-05-30
https://cvanhouten75.itch.io,,2026-05-30
https://ricardofnv.itch.io,,2026-05-30
https://sien56.itch.io,,2026-05-30
https://love8898.itch.io,,2026-05-30
https://bunesky.itch.io,,2026-05-30
https://ambiantcreative.itch.io,,2026-05-30
https://mr-kd.itch.io,,2026-05-30
https://denverbrown.itch.io,,2026-05-30
https://chasing-pixels.itch.io,,2026-05-30
https://rustedsoul.itch.io,,2026-05-30
https://1stiggy1.itch.io,,2026-05-30
https://himeka190.itch.io,,2026-05-30
https://witherstormvr2.itch.io,,2026-05-30
https://barnscreeching.itch.io,,2026-05-30
https://cement-ik.itch.io,,2026-05-30
https://balfithecoolguy99.itch.io,,2026-05-30
https://mrjimmythetroller.itch.io,,2026-05-30
https://jim12d.itch.io,,2026-05-30
https://samcastle2004.itch.io,,2026-05-30
https://explodingcatins123.itch.io,,2026-05-30
https://ahthegreat.itch.io,,2026-05-30
https://taytumzehner-alt.itch.io,,2026-05-30
https://hiyokokairo.itch.io,,2026-05-30
https://timmytummytim.itch.io,,2026-05-30
https://zkrause33.itch.io,,2026-05-30
https://hunter-the-creatok.itch.io,,2026-05-30
https://voltrii.itch.io,,2026-05-30
https://bingwalker.itch.io,,2026-05-30
https://journeytozibabweguy.itch.io,,2026-05-30
https://rapiolio.itch.io,,2026-05-30
https://amran-zain.itch.io,,2026-05-30
https://thebrokimbo.itch.io,,2026-05-30
https://hltranx.itch.io,,2026-05-30
https://jazieee03.itch.io,,2026-05-30
https://pamperedd.itch.io,,2026-05-30
https://nor-a-coder.itch.io,,2026-05-30
https://amazing-swagger-nathan.itch.io,,2026-05-30
https://yoyotiger.itch.io,,2026-05-30
https://powered-by-dice.itch.io,,2026-05-30
https://bigplastic.itch.io,,2026-05-30
https://jamesash.itch.io,,2026-05-30
https://zurberusvoid.itch.io,,2026-05-30
https://rupodupo.itch.io,,2026-05-30
https://jutoqui.itch.io,,2026-05-30
https://judgey2525.itch.io,,2026-05-30
https://secrets-ai.itch.io,,2026-05-30
https://sermigur.itch.io,,2026-05-30
https://translantis.itch.io,,2026-05-30
https://hadi-029.itch.io,,2026-05-30
https://hylalou.itch.io,,2026-05-30
https://videocompressorpro.itch.io,,2026-05-30
https://breederhold.itch.io,,2026-05-30
https://mir-azhar-ubaid.itch.io,,2026-05-30
https://robolab-team.itch.io,,2026-05-30
https://m0nzt3r7.itch.io,,2026-05-30
https://noaheqxixz.itch.io,,2026-05-30
https://littlelostmedia.itch.io,,2026-05-30
https://fazrebirth-entertainment.itch.io,,2026-05-30
https://softsheep.itch.io,,2026-05-30
https://shivambhati.itch.io,,2026-05-30
https://arzvi.itch.io,,2026-05-30
https://fitraariyadin07gmailcom.itch.io,,2026-05-30
https://guilipinos.itch.io,,2026-05-30
https://followservice24.itch.io,,2026-05-30
https://the-lionheart.itch.io,,2026-05-30
https://alh1da9.itch.io,,2026-05-30
https://ubaidjani.itch.io,,2026-05-30
https://untitled-oyun-studios.itch.io,,2026-05-30
https://emmareads.itch.io,,2026-05-30
https://bohdanzoshchenkothefirst.itch.io,,2026-05-30
https://jonibonfemme.itch.io,,2026-05-30
https://phoebeapfel.itch.io,,2026-05-30
https://anothergenericguy.itch.io,,2026-05-30
https://whoppagamer.itch.io,,2026-05-30
https://journey1997.itch.io,,2026-05-30
https://adam-al-taie.itch.io,,2026-05-30
https://armor-games-inc.itch.io,,2026-05-30
https://mynxdelynx.itch.io,,2026-05-30
https://brahmavidya.itch.io,,2026-05-30
https://l3rnkal.itch.io,,2026-05-30
https://clairefitch.itch.io,,2026-05-30
https://radiastudio.itch.io,,2026-05-30
https://alienjson.itch.io,,2026-05-30
https://gabicuesta.itch.io,,2026-05-30
https://yuyusoft.itch.io,,2026-05-30
https://embolia.itch.io,,2026-05-30
https://angelsofttoy.itch.io,,2026-05-30
https://madladdesigns.itch.io,,2026-05-30
https://elimata-px.itch.io,,2026-05-30
https://cbrucher.itch.io,,2026-05-30
https://biggerspider.itch.io,,2026-05-30
https://sumanthp.itch.io,,2026-05-30
https://vzeddie.itch.io,,2026-05-30
https://randomcmd.itch.io,,2026-05-30
https://controller816.itch.io,,2026-05-30
https://rimazdev.itch.io,,2026-05-30
https://remcodeberk.itch.io,,2026-05-30
https://batzzjj.itch.io,,2026-05-30
https://rivercrusader.itch.io,,2026-05-30
https://foexes.itch.io,,2026-05-30
https://thatguyzako.itch.io,,2026-05-30
https://toomuchenzo.itch.io,,2026-05-30
https://manolavoid.itch.io,,2026-05-30
https://benallengamer.itch.io,,2026-05-30
https://banjtheman.itch.io,,2026-05-30
https://saladrine-scripts.itch.io,,2026-05-30
https://sorrowofwind.itch.io,,2026-05-30
https://anmorphic.itch.io,,2026-05-30
https://justageorge.itch.io,,2026-05-30
https://cemsvs.itch.io,,2026-05-30
https://nobody-gd.itch.io,,2026-05-30
https://sir-volt.itch.io,,2026-05-30
https://stawr1x.itch.io,,2026-05-30
https://hazelnutcloud.itch.io,,2026-05-30
https://jjc-studios.itch.io,,2026-05-30
https://yexalony.itch.io,,2026-05-30
https://blyghtmare.itch.io,,2026-05-30
https://rak404.itch.io,,2026-05-30
https://quietingofthelamps.itch.io,,2026-05-30
https://nalabug.itch.io,,2026-05-30
