loc,lastmodified,added_date
https://epicdevr.itch.io/gorg-the-game/devlog/491636/bug-fix-v102,,2026-04-30
https://epicdevr.itch.io/gorg-the-game/devlog/491639/tutorial-update-v103,,2026-04-30
https://mtcteam.itch.io/bsamt-beta/devlog/494090/bsamt-version-20230114-updated,,2026-04-30
https://mtcteam.itch.io/bsamt-beta/devlog/500783/bsamt-version-20230310-updated,,2026-04-30
https://ketchup-dev.itch.io/gain/devlog/511495/hi,,2026-04-30
https://hidden1te.itch.io/cyberside-picnic/devlog/532981/cyberside-picnic-released,,2026-04-30
https://hidden1te.itch.io/cyberside-picnic/devlog/536068/cyberside-picnic-launch,,2026-04-30
https://hidden1te.itch.io/cyberside-picnic/devlog/539031/cyberside-picnic-bug-fixes,,2026-04-30
https://hidden1te.itch.io/grimace-fxxking-milkshake/devlog/552070/grimace-fxxking-milkshake,,2026-04-30
https://pro-human.itch.io/vergessen/devlog/575069/vergessen-released,,2026-04-30
https://sarah-noor.itch.io/meteor-defense/devlog/613414/gx-game-meteor-defense,,2026-04-30
https://pro-human.itch.io/technophobia-dagth/devlog/620478/technophobia-released,,2026-04-30
https://pro-human.itch.io/do-it-tomorrow/devlog/654376/do-it-tomorrow-released,,2026-04-30
https://pro-human.itch.io/do-it-tomorrow/devlog/657761/do-it-tomorrow-ver-110,,2026-04-30
https://tomo-games.itch.io/echoes/devlog/689759/new-character-new-level,,2026-04-30
https://pro-human.itch.io/technophobia-dagth/devlog/691357/technophobia-price-change,,2026-04-30
https://pflovv.itch.io/ctab/devlog/726940/will-it-be-something,,2026-04-30
https://pflovv.itch.io/ctab/devlog/727472/ok-now-you-can-saveload-desktop-only,,2026-04-30
https://tomo-games.itch.io/castlemania/devlog/732019/quick-fix,,2026-04-30
https://pflovv.itch.io/ctab/devlog/734591/now-it-supports-font-savingloading,,2026-04-30
https://mtcteam.itch.io/bsamt-beta/devlog/737411/bsamt-version-20230120-updated,,2026-04-30
https://pflovv.itch.io/ctab/devlog/738953/020-alpha,,2026-04-30
https://k3an1107.itch.io/th3-0nly-sav10r-chapter-1/devlog/744574/135-version-out,,2026-04-30
https://polygoneclipse.itch.io/ardanian-kingdoms/devlog/746807/v020-hold-off-the-goblin-hordes-level-rage-temple-barbarians,,2026-04-30
https://hidden1te.itch.io/cyberside-picnic/devlog/746924/cyberside-picnic-unlocked-build-live,,2026-04-30
https://iv-orbit.itch.io/topoloco/devlog/758928/topoloco,,2026-04-30
https://iv-orbit.itch.io/topoloco/devlog/759183/topoloco-update-v204l,,2026-04-30
https://antonispylos.itch.io/pyrions/devlog/764418/version-11,,2026-04-30
https://mtcteam.itch.io/bsamt-beta/devlog/771377/bsamt-version-20230130-updated,,2026-04-30
https://mtcteam.itch.io/bsamt-beta/devlog/772866/bsamt-version-20230204-updated,,2026-04-30
https://ugligames.itch.io/portal-pals/devlog/772982/become-the-portal-pal-champion,,2026-04-30
https://antonispylos.itch.io/mystic-fog-maze-jam/devlog/777045/game-release,,2026-04-30
https://antonispylos.itch.io/mystic-fog-maze-jam/devlog/778387/version-11,,2026-04-30
https://antonispylos.itch.io/mystic-fog-maze-jam/devlog/779793/version-12,,2026-04-30
https://vci-old-builds.itch.io/monkevoyage/devlog/783431/08,,2026-04-30
https://untold3.itch.io/samosbor2000/devlog/783599/update-in-two-weeks,,2026-04-30
https://antonispylos.itch.io/deadly-expressions-survival-mode/devlog/784193/game-release,,2026-04-30
https://untold3.itch.io/samosbor2000/devlog/784260/fix,,2026-04-30
https://vci-old-builds.itch.io/monkevoyage/devlog/784667/v09,,2026-04-30
https://vci-old-builds.itch.io/monkevoyage/devlog/785412/shop-update,,2026-04-30
https://vci-old-builds.itch.io/monkevoyage/devlog/785941/v011,,2026-04-30
https://untold3.itch.io/samosbor2000/devlog/789390/a-weeks-worth-of-apathy,,2026-04-30
https://polygoneclipse.itch.io/ardanian-kingdoms/devlog/790934/v030-death-temple-priestesses-life-temple-healers,,2026-04-30
https://untold3.itch.io/samosbor2000/devlog/791391/new-update,,2026-04-30
https://untold3.itch.io/samosbor2000/devlog/794272/new-map-incoming,,2026-04-30
https://untold3.itch.io/samosbor2000/devlog/795892/interim-update,,2026-04-30
https://untold3.itch.io/samosbor2000/devlog/799606/interim-update-2-interim-update-2-next-final-for-this-location,,2026-04-30
https://untold3.itch.io/samosbor2000/devlog/803272/update-014,,2026-04-30
https://untold3.itch.io/samosbor2000/devlog/807120/not-number-update-gamejam,,2026-04-30
https://untold3.itch.io/samosbor2000/devlog/818813/little-update,,2026-04-30
https://apex-aurora-games.itch.io/zombzerro999/devlog/825500/wishlist-on-steam-is-now-available,,2026-04-30
https://apex-aurora-games.itch.io/zombzerro999/devlog/825624/zomb-zerro-999-demo-v102,,2026-04-30
https://pro-human.itch.io/brain-reader/devlog/832821/brain-reader-released,,2026-04-30
https://cenondiez.itch.io/xibalba/devlog/834090/added-free-preview,,2026-04-30
https://apex-aurora-games.itch.io/zombzerro999/devlog/836599/vr-fighting-with-fists,,2026-04-30
https://hub1x.itch.io/system-takeover/devlog/854291/beta-011-is-here,,2026-04-30
https://hub1x.itch.io/system-takeover/devlog/866870/020-optimization-update,,2026-04-30
https://pro-human.itch.io/technophobia-dagth/devlog/871760/technophobia-is-now-free,,2026-04-30
https://maltazar-m.itch.io/box-resource-simulator/devlog/917388/new-sounds-update,,2026-04-30
https://apex-aurora-games.itch.io/zombzerro999/devlog/920395/zomb-zerro-999-demo-updated,,2026-04-30
https://pro-human.itch.io/eyeland/devlog/935313/eyeland-release-post,,2026-04-30
https://cautblam.itch.io/button-clicker/devlog/947826/button-clicker-status-update,,2026-04-30
https://dragonforge-development.itch.io/the-bakery-at-the-end-of-the-universe/devlog/953206/post-mortem-the-bakery-at-the-end-of-the-universe,,2026-04-30
https://polygoneclipse.itch.io/ardanian-kingdoms/devlog/969192/v040-undead-vengeance-level-quest-for-the-crown-level,,2026-04-30
https://apex-aurora-games.itch.io/zombzerro999/devlog/980134/zomb-zerro-999-steam-demo-page-now-live,,2026-04-30
https://polygoneclipse.itch.io/ardanian-kingdoms/devlog/984251/v042-localisation-support,,2026-04-30
https://polygoneclipse.itch.io/ardanian-kingdoms/devlog/988951/v043-level-selector-island,,2026-04-30
https://inktrauma.itch.io/mindbound/devlog/990527/devlog-1-trapped-in-your-own-house,,2026-04-30
https://apex-aurora-games.itch.io/zombzerro999/devlog/993376/selected-for-hungry-ghost-festival-2025,,2026-04-30
https://inktrauma.itch.io/mindbound/devlog/1001073/devlog-2-meet-marty-the-man-trapped-in-the-nightmare,,2026-04-30
https://apex-aurora-games.itch.io/zombzerro999/devlog/1002512/steam-demo-released-access-to-zomb-zerro-999,,2026-04-30
https://inktrauma.itch.io/mindbound/devlog/1005691/devlog-3-you-are-not-alone,,2026-04-30
https://abrig67.itch.io/apraworks/devlog/1015416/aubreymaker-v17,,2026-04-30
https://canyapark.itch.io/dreamcollapse-reborn/devlog/1016806/development-update-taking-time-for-quality-august-25th,,2026-04-30
https://barnabe-wild.itch.io/low-poly-rigged-character/devlog/1026602/added-ik-and-rotation-constrain-to-the-legs,,2026-04-30
https://lunardevz.itch.io/yolkmoney/devlog/1031979/yolkmoney,,2026-04-30
https://lunardevz.itch.io/yolkmoney/devlog/1031982/yolkmoney,,2026-04-30
https://colepowered.itch.io/shadows/devlog/1039051/shadows-of-doubt-dev-blog-44-the-modifiers-update-is-live,,2026-04-30
https://goldengoose-games.itch.io/biskit-frog/devlog/1040296/bkfg-v103-update,,2026-04-30
https://kenmaster-q2x.itch.io/tropica-rainforest-adventure/devlog/1061358/tropical-rainforest-adventure,,2026-04-30
https://abrig67.itch.io/apraworks/devlog/1061577/aubreymaker-v19,,2026-04-30
https://hub1x.itch.io/system-takeover/devlog/1062801/demo-version-is-here,,2026-04-30
https://kenmaster-q2x.itch.io/tropica-rainforest-adventure/devlog/1064003/3-days-later-tropical-rainforest-adventure-update,,2026-04-30
https://kenmaster-q2x.itch.io/tropica-rainforest-adventure/devlog/1064269/about-update,,2026-04-30
https://kenmaster-q2x.itch.io/tropica-rainforest-adventure/devlog/1065188/2-days-later-tropical-rainforest-adventure-game-update,,2026-04-30
https://kenmaster-q2x.itch.io/tropica-rainforest-adventure/devlog/1065220/30-minutes-left-until-the-game-update-is-released,,2026-04-30
https://abrig67.itch.io/apraworks/devlog/1065988/aubreyworks-v20,,2026-04-30
https://kenmaster-q2x.itch.io/tropical-rainforest/devlog/1067469/the-update-will-be-in-10-days-please-stay-tuned,,2026-04-30
https://kenmaster-q2x.itch.io/invisible-monster-v055/devlog/1067920/about-my-first-horror-game,,2026-04-30
https://kenmaster-q2x.itch.io/invisible-monster-v055/devlog/1068489/5-days-later-invisible-monster-will-be-update-to-v060,,2026-04-30
https://wjdghwns9696.itch.io/myisland/devlog/1068550/proto-character-creation,,2026-04-30
https://kenmaster-q2x.itch.io/invisible-monster-v055/devlog/1069282/3-days-later-invisible-monster-v070-will-be-update,,2026-04-30
https://kenmaster-q2x.itch.io/tropical-rainforest/devlog/1069341/discount-in-tropical-rainforest-adventure-120-version,,2026-04-30
https://kenmaster-q2x.itch.io/invisible-monster-v055/devlog/1070427/1-days-later-invisible-monster-will-be-update,,2026-04-30
https://kenmaster-q2x.itch.io/invisible-monster-v055/devlog/1079767/7-hours-later-my-horror-game-will-be-update,,2026-04-30
https://kenmaster-q2x.itch.io/invisible-monster-v055/devlog/1081451/wait-for-2-hours-there-are-some-issues-in-the-game,,2026-04-30
https://ck-creates.itch.io/project/devlog/1081488/devlog-0-the-birth-of-feed-the-machine,,2026-04-30
https://kenmaster-q2x.itch.io/invisible-monster-v070/devlog/1081564/invisible-monster-v070-will-be-update,,2026-04-30
https://kenmaster-q2x.itch.io/tropical-rainforest/devlog/1081573/tropical-rainforest-adventure-now-can-play-in-html,,2026-04-30
https://node-olo.itch.io/tiny-frequencies/devlog/1087783/a-little-shine,,2026-04-30
https://cotistudios.itch.io/jump-ball/devlog/65093/jump-ball-10,,2026-04-30
https://cptmorman.itch.io/helios/devlog/80023/establishing-a-visual-identity,,2026-04-30
https://cptmorman.itch.io/a-scholars-tale/devlog/80024/helios-the-next-chapter,,2026-04-30
https://cptmorman.itch.io/helios/devlog/80340/in-search-of-a-logo,,2026-04-30
https://cptmorman.itch.io/helios/devlog/80415/raise-the-curtain-its-time-for-a-pitch,,2026-04-30
https://cptmorman.itch.io/a-scholars-tale/devlog/80935/a-retrospective-on-perspective,,2026-04-30
https://cptmorman.itch.io/helios/devlog/82024/building-culture,,2026-04-30
https://cptmorman.itch.io/helios/devlog/84565/trivia-time-3-fun-facts-about-helios,,2026-04-30
https://ivywhitemusic.itch.io/rpg-mansion/devlog/84998/my-first-game,,2026-04-30
https://mrgigabuster.itch.io/gigabuster/devlog/86114/now-on-kickstarter-demo-update,,2026-04-30
https://cptmorman.itch.io/helios/devlog/86492/a-touch-of-class,,2026-04-30
https://cptmorman.itch.io/helios/devlog/89118/early-access-play-helios-now,,2026-04-30
https://cptmorman.itch.io/helios/devlog/90243/buildings-update-beefing-stuff-up,,2026-04-30
https://cptmorman.itch.io/helios/devlog/91123/early-access-update-2-out-now,,2026-04-30
https://cptmorman.itch.io/helios/devlog/92032/early-access-update-3-out-now,,2026-04-30
https://cptmorman.itch.io/helios/devlog/92331/timelapse-challenge,,2026-04-30
https://cptmorman.itch.io/helios/devlog/93234/early-access-update-4-out-now,,2026-04-30
https://matt-san.itch.io/l1ght/devlog/93353/-bugfix-1,,2026-04-30
https://cptmorman.itch.io/helios/devlog/93591/helios-teaser-trailer,,2026-04-30
https://cptmorman.itch.io/helios/devlog/93769/building-an-empire,,2026-04-30
https://cptmorman.itch.io/helios/devlog/93981/release-play-helios-now,,2026-04-30
https://cptmorman.itch.io/helios-ost/devlog/94104/helios-soundtrack-out-now,,2026-04-30
https://cptmorman.itch.io/helios/devlog/94580/passing-one-last-milestone,,2026-04-30
https://freshfromthecoven.itch.io/inter-view/devlog/99462/im-making-a-new-game,,2026-04-30
https://cptmorman.itch.io/a-scholars-tale/devlog/99562/developer-interview-watch-now,,2026-04-30
https://cptmorman.itch.io/helios/devlog/99564/developer-interview-watch-now,,2026-04-30
https://freshfromthecoven.itch.io/divinuet/devlog/103587/crowdfunding-now-live-on-indiegogo,,2026-04-30
https://kenmaster-q2x.itch.io/all-animation-pikachu-pack/devlog/1089767/free-pikachu-pack-in-2025-please-fast-to-get,,2026-04-30
https://kenmaster-q2x.itch.io/all-animation-pikachu-pack/devlog/1090342/pikachu-package-fully-updated-version,,2026-04-30
https://extinct-fear.itch.io/the-eye/devlog/1091136/two-weeks-more-like-two-days,,2026-04-30
https://abrig67.itch.io/apraworks/devlog/1091240/aubreyworks-v21,,2026-04-30
https://polygoneclipse.itch.io/ardanian-kingdoms/devlog/1098248/v044-performance-update,,2026-04-30
https://ehg-bob-studios.itch.io/billy1/devlog/1099303/my-desktop-pet-is-published-for-halloween,,2026-04-30
https://kenmaster-q2x.itch.io/new-game-tales-of-makaia-the-lost-crown/devlog/1104362/the-demo-version-will-be-released-in-6-days,,2026-04-30
https://kenmaster-q2x.itch.io/new-game-tales-of-makaia-the-lost-crown/devlog/1106688/new-game-tales-of-makaia-the-lost-crown-now-can-play-demo-version,,2026-04-30
https://kenmaster-q2x.itch.io/new-game-tales-of-makaia-the-lost-crown/devlog/1108460/tales-of-makaia-the-lost-crown-demo-v001-will-update-some-function,,2026-04-30
https://thestardog.itch.io/stupid-game/devlog/1111273/hello-im-new-to-games,,2026-04-30
https://mtcteam.itch.io/bsamt-beta/devlog/1111544/bsamt-version-20230502-updated,,2026-04-30
https://abrig67.itch.io/apraworks/devlog/1112389/aubreyworks-v22,,2026-04-30
https://digital-workshop22.itch.io/female-forge-demo/devlog/1116691/all-devlogs,,2026-04-30
https://bughani.itch.io/reel-of-memories/devlog/1118434/development-journey,,2026-04-30
https://kenmaster-q2x.itch.io/new-game-tales-of-makaia-the-lost-crown/devlog/1122012/tales-of-makaia-the-lost-crown-demo-v001-will-update-some-function,,2026-04-30
https://abrig67.itch.io/apraworks/devlog/1127227/aubreyworks-v23,,2026-04-30
https://kenmaster-q2x.itch.io/the-old-machine-mage-knight-pixel-art-attack-animation-only/devlog/1128466/the-old-series-pixel-art-old-machine-mage-knight-attack-animation-only-released,,2026-04-30
https://kenmaster-q2x.itch.io/shadow-war-surge-template-version/devlog/1133944/my-new-game-template-will-be-relesed-in-2-days,,2026-04-30
https://kenmaster-q2x.itch.io/shadow-war-surge-template-version/devlog/1134446/my-new-game-shadow-war-surge-template-will-be-released,,2026-04-30
https://kenmaster-q2x.itch.io/shadow-war-surge-template-version/devlog/1134453/post,,2026-04-30
https://maltazar-m.itch.io/box-resource-simulator/devlog/1137471/small-update-check-it-out,,2026-04-30
https://kenmaster-q2x.itch.io/shadow-war-surge-template-version/devlog/1142222/demo-version-002-will-be-update-in-3-hours,,2026-04-30
https://kenmaster-q2x.itch.io/shadow-war-surge-template-version/devlog/1142659/demo-version-002-now-can-play-in-my-channel,,2026-04-30
https://memostudio.itch.io/insomnia-club/devlog/1145059/v011,,2026-04-30
https://kenmaster-q2x.itch.io/shadow-war-surge-template-version/devlog/1148949/new-update,,2026-04-30
https://abrig67.itch.io/apraworks/devlog/1149669/aubreyworks-v24,,2026-04-30
https://d3sirem3.itch.io/expoler/devlog/1151472/semester-one-progress,,2026-04-30
https://kenmaster-q2x.itch.io/the-old-series-pixel-art-old-machine-guards-full-animation/devlog/1179362/the-old-series-pixel-art-old-machine-guards-free-full-animation-released,,2026-04-30
https://memostudio.itch.io/insomnia-club/devlog/1179897/v012,,2026-04-30
https://kenmaster-q2x.itch.io/the-old-series-pixel-art-old-machine-guards-full-animation/devlog/1187639/now-for-free-in-winter-sale,,2026-04-30
https://kenmaster-q2x.itch.io/the-old-machine-mage-knight-pixel-art-attack-animation-only/devlog/1187640/now-for-free-in-winter-sale,,2026-04-30
https://kenmaster-q2x.itch.io/the-old-series-pixel-art-old-machine-heavy-guards-full-animation/devlog/1188153/the-old-series-pixel-art-old-heavy-guards-released,,2026-04-30
https://dark-reflex-games.itch.io/altitude-intrusion/devlog/1276458/minor-update-v004,,2026-04-30
https://barnabe-wild.itch.io/low-poly-rigged-character/devlog/1281411/new-rework-before-the-new-year,,2026-04-30
https://firewood-studio.itch.io/firetime-2/devlog/1284751/firetime-2-1014,,2026-04-30
https://polygoneclipse.itch.io/ardanian-kingdoms/devlog/1284808/v050-darkness-falls-solar-temple,,2026-04-30
https://dark-reflex-games.itch.io/altitude-intrusion/devlog/1286063/minor-quality-of-life-update-v005,,2026-04-30
https://firewood-studio.itch.io/firetime-2/devlog/1307712/firetime-2-1015,,2026-04-30
https://quimproductions.itch.io/shed-of-terter/devlog/1308616/updated-page,,2026-04-30
https://firewood-studio.itch.io/firetime-classic/devlog/1308622/firetime-108-,,2026-04-30
https://firewood-studio.itch.io/firetime-2/devlog/1309303/firetime-2-,,2026-04-30
https://firewood-studio.itch.io/firetime-2/devlog/1310494/firetime-2-1017,,2026-04-30
https://firewood-studio.itch.io/firetime-2/devlog/1311643/firetime-2-1018,,2026-04-30
https://firewood-studio.itch.io/firetime-2/devlog/1314024/firetime-2-1020,,2026-04-30
https://copokasasagi.itch.io/card-game-demo/devlog/1317372/art-fidelity,,2026-04-30
https://copokasasagi.itch.io/card-game-demo/devlog/1317379/art-fidelity,,2026-04-30
https://skwiggs1983.itch.io/destimonium-nevermores-decent/devlog/1318265/bugfix-nevermores-decent-042,,2026-04-30
https://abrig67.itch.io/apraworks/devlog/1326475/aubreyworks-v25,,2026-04-30
https://dark-reflex-games.itch.io/altitude-intrusion/devlog/1330052/update-v006,,2026-04-30
https://xxvoltarxx.itch.io/revolunar/devlog/1332090/first-build,,2026-04-30
https://polygoneclipse.itch.io/ardanian-kingdoms/devlog/1332991/v051-mausoleum-construction-rotation-mode,,2026-04-30
https://coyote321.itch.io/lycheejelly/devlog/1337837/cc-weekly-progress-report-devlog-1,,2026-04-30
https://coyote321.itch.io/lycheejelly/devlog/1339645/sf-weekly-progress-report-devlog-1,,2026-04-30
https://coyote321.itch.io/lycheejelly/devlog/1342090/eh-weekly-progress-report-devlog-1,,2026-04-30
https://coyote321.itch.io/lycheejelly/devlog/1342104/jh-weekly-progress-report-devlog-1,,2026-04-30
https://quimproductions.itch.io/shed-of-terter-2/devlog/1342160/updated-page,,2026-04-30
https://coyote321.itch.io/lycheejelly/devlog/1342171/rh-weekly-progress-report-devlog-1,,2026-04-30
https://d3sirem3.itch.io/expoler/devlog/1343903/updated-game-page-new-devlog,,2026-04-30
https://xxvoltarxx.itch.io/revolunar/devlog/1344287/build-2,,2026-04-30
https://firewood-studio.itch.io/firetime-3/devlog/1345112/firetime-3-global-update-104,,2026-04-30
https://ygtg.itch.io/broke/devlog/1349950/selfmire,,2026-04-30
https://coyote321.itch.io/lycheejelly/devlog/1360762/sf-weekly-progress-report-devlog-2,,2026-04-30
https://coyote321.itch.io/lycheejelly/devlog/1360811/eh-weekly-progress-report-devlog-2,,2026-04-30
https://coyote321.itch.io/lycheejelly/devlog/1360836/cc-weekly-progress-report-devlog-2,,2026-04-30
https://coyote321.itch.io/lycheejelly/devlog/1360928/jh-weekly-progress-report-devlog-2,,2026-04-30
https://coyote321.itch.io/lycheejelly/devlog/1361045/rh-weekly-progress-report-devlog-2,,2026-04-30
https://xxvoltarxx.itch.io/revolunar/devlog/1364125/build-3,,2026-04-30
https://bradash.itch.io/streaming-talents/devlog/1367397/owen-s-streamingtalents-devlog-alpha,,2026-04-30
https://firewood-studio.itch.io/firetime-3/devlog/1369742/firetime-3-107,,2026-04-30
https://abrig67.itch.io/apraworks/devlog/1375265/aubreyworks-v26,,2026-04-30
https://bessamu.itch.io/coordinates-unknown/devlog/1375759/coordinates-unknown-postmortem-what-i-learned,,2026-04-30
https://bessamu.itch.io/coordinates-unknown/devlog/1380870/coordinates-unknown-fix-collision-and-dithering,,2026-04-30
https://xxvoltarxx.itch.io/revolunar/devlog/1389147/build-4,,2026-04-30
https://firewood-studio.itch.io/firetime-3/devlog/1390987/firetime-3-108,,2026-04-30
https://franciszekrakowiecki.itch.io/pierats/devlog/1397319/week02-the-first-prototypes,,2026-04-30
https://cautblam.itch.io/button-clicker/devlog/1402410/button-clicker-news-future-of-the-project,,2026-04-30
https://taplegends.itch.io/belle-clicker6/devlog/1403694/belle-clicker-release,,2026-04-30
https://antonispylos.itch.io/pyrions/devlog/1407127/version-12,,2026-04-30
https://sporrik.itch.io/gp31transhumance/devlog/1411877/devlog-2302,,2026-04-30
https://arcadedeck.itch.io/galaxy-launch-infinite-fleet/devlog/1412605/-initial-release-welcome-to-galaxy-launch,,2026-04-30
https://xxvoltarxx.itch.io/revolunar/devlog/1413353/build-5,,2026-04-30
https://firewood-studio.itch.io/firetime-3/devlog/1417121/firetime-3-109-,,2026-04-30
https://memostudio.itch.io/insomnia-club/devlog/1426933/v013,,2026-04-30
https://demigrz.itch.io/mashinomat-car-dealer/devlog/1434441/prototype,,2026-04-30
https://mumeinano.itch.io/orange-smash/devlog/1435384/devlog-080-i-got-hacked-new-itch-page,,2026-04-30
https://ne0-se0.itch.io/folly-demo-v1-3/devlog/1436859/hotfix-11,,2026-04-30
https://coyote321.itch.io/lycheejelly/devlog/1438638/cc-weekly-progress-report-devlog-3,,2026-04-30
https://coyote321.itch.io/lycheejelly/devlog/1438943/jh-weekly-progress-report-devlog-3,,2026-04-30
https://coyote321.itch.io/lycheejelly/devlog/1439130/sf-weekly-progress-report-devlog-3,,2026-04-30
https://will-bowerman.itch.io/sword-squire/devlog/1439167/sword-squire-design-notes,,2026-04-30
https://coyote321.itch.io/lycheejelly/devlog/1439316/eh-weekly-progress-report-devlog-3,,2026-04-30
https://coyote321.itch.io/lycheejelly/devlog/1439329/rh-weekly-progress-report-devlog-3,,2026-04-30
https://memostudio.itch.io/insomnia-club/devlog/1441341/v014,,2026-04-30
https://ne0-se0.itch.io/folly-demo-v1-3/devlog/1442227/hotfix-12,,2026-04-30
https://sporrik.itch.io/gp31transhumance/devlog/1443782/defining-the-game,,2026-04-30
https://xxvoltarxx.itch.io/revolunar/devlog/1447572/build-6-022,,2026-04-30
https://ne0-se0.itch.io/folly-demo-v1-3/devlog/1448481/art-tweak,,2026-04-30
https://polygoneclipse.itch.io/ardanian-kingdoms/devlog/1448691/v052-lunar-temple-adepts-wind-spells,,2026-04-30
https://kenmaster-q2x.itch.io/endless-dungeon/devlog/1450968/new-horror-game-endless-dugeon,,2026-04-30
https://coyote321.itch.io/lycheejelly/devlog/1451726/cc-weekly-progress-report-devlog-4,,2026-04-30
https://mumeinano.itch.io/orange-smash/devlog/1452333/devlog-081-winter-is-over-,,2026-04-30
https://coyote321.itch.io/lycheejelly/devlog/1452587/sf-weekly-progress-report-devlog-4,,2026-04-30
https://coyote321.itch.io/lycheejelly/devlog/1452740/jh-weekly-progress-report-devlog-4,,2026-04-30
https://xxvoltarxx.itch.io/revolunar/devlog/1452904/build-7-023,,2026-04-30
https://coyote321.itch.io/lycheejelly/devlog/1452948/eh-weekly-progress-report-devlog-4,,2026-04-30
https://coyote321.itch.io/lycheejelly/devlog/1452977/rh-weekly-progress-report-devlog-4,,2026-04-30
https://sporrik.itch.io/gp31transhumance/devlog/1453342/final-prototyping,,2026-04-30
https://franciszekrakowiecki.itch.io/pierats/devlog/1453687/week04-the-final-prototype,,2026-04-30
https://abrig67.itch.io/apraworks/devlog/1453940/aubreyworks-v27,,2026-04-30
https://fractalistic-games.itch.io/keling-bengkel-keliling-g4c/devlog/1455777/keling-update-alpha-100,,2026-04-30
https://barnabe-wild.itch.io/low-poly-rigged-character/devlog/1458338/endless-animation-possibilities,,2026-04-30
https://aaronaway256.itch.io/enlisted/devlog/1459526/01072025-etri-dev-log-1-the-beginnings,,2026-04-30
https://aaronaway256.itch.io/enlisted/devlog/1459608/02102025-etri-devlog-2-timedial-concept,,2026-04-30
https://mumeinano.itch.io/orange-smash/devlog/1459625/devlog-083-development-continues-,,2026-04-30
https://aaronaway256.itch.io/enlisted/devlog/1459669/19112025-etri-devlog-3-spacewalking,,2026-04-30
https://aaronaway256.itch.io/enlisted/devlog/1459674/05122025-etri-devlog-4-animated-timedial-and-timedial-screens,,2026-04-30
https://aaronaway256.itch.io/enlisted/devlog/1459695/13012025-etri-devlog-5-new-weapon-and-new-ammo-pickup-system,,2026-04-30
https://aaronaway256.itch.io/enlisted/devlog/1459701/30012026-etri-devlog-6-improvements-to-pipe-animations-timedial-improvements-and-new-mechanics,,2026-04-30
https://aaronaway256.itch.io/enlisted/devlog/1459709/02-07022026-etri-devlog-7-the-inventory-system-and-a-new-weapon,,2026-04-30
https://digital-workshop22.itch.io/female-forge-demo/devlog/1459714/10-release-date,,2026-04-30
https://digital-workshop22.itch.io/female-forge-demo/devlog/1459719/v10-preview-screen-resolution-support,,2026-04-30
https://aaronaway256.itch.io/enlisted/devlog/1459721/09022026-etri-devlog-8-items-dropbut-dont-drop-right,,2026-04-30
https://aaronaway256.itch.io/enlisted/devlog/1459725/11022026-etri-devlog-9-general-tweaks-and-building-a-recycling-machine,,2026-04-30
https://aaronaway256.itch.io/enlisted/devlog/1459732/16022026-etri-devlog-10-introducing-the-recycolator,,2026-04-30
https://aaronaway256.itch.io/enlisted/devlog/1459765/18022026-etri-devlog-11-ammo-counter-rework,,2026-04-30
https://aaronaway256.itch.io/enlisted/devlog/1459781/24022026-etri-devlog-12-explosive-development,,2026-04-30
https://aaronaway256.itch.io/enlisted/devlog/1459802/24022026-etri-devlog-13-new-interaction-system-and-hold-item-system-rework,,2026-04-30
https://aaronaway256.itch.io/enlisted/devlog/1459841/22022026-etri-devlog-14-crafting,,2026-04-30
https://sporrik.itch.io/gp31transhumance/devlog/1460808/starting-production,,2026-04-30
https://xxvoltarxx.itch.io/revolunar/devlog/1461642/build-8-0242,,2026-04-30
https://lucashaley.itch.io/battlefleas/devlog/1462305/tidying-up,,2026-04-30
https://eggedmuffinman.itch.io/anarchy/devlog/1463479/update-v02-multiplayer-fix-and-ui-changes,,2026-04-30
https://freezecode.itch.io/captains/devlog/1464100/captain-concept,,2026-04-30
https://digital-workshop22.itch.io/female-forge-demo/devlog/1464283/pricing-version-changes,,2026-04-30
https://aaronaway256.itch.io/enlisted/devlog/1465355/02032026-etri-devlog-15-timedial-rework,,2026-04-30
https://kenmaster-q2x.itch.io/cocos-creator-component-button-effect/devlog/1465984/cocos-component-button-effect-v01,,2026-04-30
https://mumeinano.itch.io/orange-smash/devlog/1466325/devlog-084-a-social-week-,,2026-04-30
https://coyote321.itch.io/lycheejelly/devlog/1466742/cc-weekly-progress-report-devlog-5,,2026-04-30
https://coyote321.itch.io/lycheejelly/devlog/1466787/sf-weekly-progress-report-devlog-5,,2026-04-30
https://kenmaster-q2x.itch.io/retro-lines-tiny-double-edged-sword-hero/devlog/1466873/weapon-adjustment-added-animation,,2026-04-30
https://kenmaster-q2x.itch.io/retro-lines-tiny-sword-hero/devlog/1466889/updated-animation,,2026-04-30
https://coyote321.itch.io/lycheejelly/devlog/1466906/jh-weekly-progress-report-devlog-5,,2026-04-30
https://coyote321.itch.io/lycheejelly/devlog/1467022/rh-weekly-progress-report-devlog-5,,2026-04-30
https://cb-unite.itch.io/supernova-clicker/devlog/1467058/supernova-clicker-x-v794,,2026-04-30
https://cb-unite.itch.io/supernova-clicker/devlog/1467068/supernova-clicker-x-v7104,,2026-04-30
https://cb-unite.itch.io/supernova-clicker/devlog/1467078/supernova-clicker-x-v7114,,2026-04-30
https://cb-unite.itch.io/supernova-clicker/devlog/1467079/supernova-clicker-x-v7124,,2026-04-30
https://cb-unite.itch.io/supernova-clicker/devlog/1467089/supernova-clicker-x-v7134,,2026-04-30
https://cb-unite.itch.io/supernova-clicker/devlog/1467091/supernova-clicker-x-v7144,,2026-04-30
https://cb-unite.itch.io/supernova-clicker/devlog/1467117/supernova-clicker-x-v7145,,2026-04-30
https://cb-unite.itch.io/supernova-clicker/devlog/1467254/supernova-clicker-x-v7146,,2026-04-30
https://cb-unite.itch.io/supernova-clicker/devlog/1467256/supernova-clicker-x-v7156,,2026-04-30
https://cb-unite.itch.io/supernova-clicker/devlog/1467274/supernova-clicker-x-v7166,,2026-04-30
https://sporrik.itch.io/gp31transhumance/devlog/1467425/making-progress,,2026-04-30
https://xxvoltarxx.itch.io/revolunar/devlog/1467979/build-9-0301,,2026-04-30
https://cb-unite.itch.io/supernova-clicker/devlog/1468943/supernova-clicker-x-v7177,,2026-04-30
https://cb-unite.itch.io/supernova-clicker/devlog/1469749/supernova-clicker-x-v7178,,2026-04-30
https://cb-unite.itch.io/supernova-clicker/devlog/1469848/supernova-clicker-x-v801,,2026-04-30
https://half-made-studios.itch.io/fkcoqpf-fgcvj-caeser-cipher/devlog/1470120/patch-2-update-1,,2026-04-30
https://polygoneclipse.itch.io/ardanian-kingdoms/devlog/1470335/v060-trade-routes-level,,2026-04-30
https://cb-unite.itch.io/supernova-clicker/devlog/1470589/supernova-clicker-x-v900,,2026-04-30
https://cb-unite.itch.io/supernova-clicker/devlog/1470745/supernova-clicker-x-v911,,2026-04-30
https://cb-unite.itch.io/supernova-clicker/devlog/1470787/supernova-clicker-x-v921,,2026-04-30
https://ketchup-dev.itch.io/tile-game-test/devlog/1471236/plans,,2026-04-30
https://thatdevv.itch.io/thewisper/devlog/1471335/my-first-jam,,2026-04-30
https://mumeinano.itch.io/orange-smash/devlog/1472849/devlog-085-a-week-full-of-surprises-,,2026-04-30
https://cb-unite.itch.io/supernova-clicker/devlog/1473558/supernova-clicker-x-v931,,2026-04-30
https://cb-unite.itch.io/supernova-clicker/devlog/1473565/supernova-clicker-x-v942,,2026-04-30
https://copokasasagi.itch.io/card-game-demo/devlog/1473574/prologue-release,,2026-04-30
https://cb-unite.itch.io/supernova-clicker/devlog/1473576/supernova-clicker-x-v952,,2026-04-30
https://cb-unite.itch.io/supernova-clicker/devlog/1473614/supernova-clicker-x-v962,,2026-04-30
https://cb-unite.itch.io/supernova-clicker/devlog/1473619/supernova-clicker-x-v963,,2026-04-30
https://cb-unite.itch.io/supernova-clicker/devlog/1473704/supernova-clicker-x-v964,,2026-04-30
https://cb-unite.itch.io/supernova-clicker/devlog/1473759/supernova-clicker-x-v974,,2026-04-30
https://ygtg.itch.io/broke/devlog/1474034/selfmire-bug-ang-lag-fixes,,2026-04-30
https://xxvoltarxx.itch.io/revolunar/devlog/1474361/build-10-031,,2026-04-30
https://cb-unite.itch.io/supernova-clicker/devlog/1474470/supernova-clicker-x-v984,,2026-04-30
https://diogoandrade.itch.io/dance-on-the-murderfloor/devlog/1474776/dance-brawler,,2026-04-30
https://kenmaster-q2x.itch.io/goku-vs-frieza-visual-demo/devlog/1476529/major-update,,2026-04-30
https://neophitebyte.itch.io/the-heat-seek-sun/devlog/1476943/new-aesthetic-new-direction-delays,,2026-04-30
https://b4sh3cl1ps3.itch.io/kosmodromzv/devlog/1478376/road-to-release-new-levels,,2026-04-30
https://b4sh3cl1ps3.itch.io/gridbuffer/devlog/1478730/dev-build-edycja-humorystyczna,,2026-04-30
https://jiang-studios.itch.io/the-carpark/devlog/1478870/the-carpark-is-now-published,,2026-04-30
https://b4sh3cl1ps3.itch.io/kosmodromzv/devlog/1479085/my-retro-dev-battlestation-c64-rpi,,2026-04-30
https://yeslililililimc.itch.io/some-random-gaem/devlog/1479116/beta-1-of-some-random-gaem-110,,2026-04-30
https://cb-unite.itch.io/supernova-clicker/devlog/1479422/supernova-clicker-x-995,,2026-04-30
https://celtstudio.itch.io/karadeshev/devlog/1479778/devlog-3-building-the-tutorial-system,,2026-04-30
https://b4sh3cl1ps3.itch.io/kosmodromzv/devlog/1479821/custom-tools-xum-floppy-drives-my-retro-workflow,,2026-04-30
https://yeslililililimc.itch.io/some-random-gaem/devlog/1479833/beta-1-of-some-random-gaem-120,,2026-04-30
https://mumeinano.itch.io/orange-smash/devlog/1480823/devlog-086-happy-easter-everyone-,,2026-04-30
https://b4sh3cl1ps3.itch.io/kosmodromzv/devlog/1480890/dirty-release-incoming,,2026-04-30
https://thestardog.itch.io/soda-soloists-demo/devlog/1481180/the-game-is-going-well,,2026-04-30
https://tygedev.itch.io/tyges-hardest-platformer-demo/devlog/1482840/demo-out-now,,2026-04-30
https://xxvoltarxx.itch.io/revolunar/devlog/1482869/build-11-032,,2026-04-30
https://abrig67.itch.io/apraworks/devlog/1482975/aubreyworks-v28,,2026-04-30
https://lazyc0ffee.itch.io/imp-escape/devlog/1483661/devlog-1-initial-playtest,,2026-04-30
https://cb-unite.itch.io/supernova-clicker/devlog/1483974/supernova-clicker-x-v1022,,2026-04-30
https://xxvoltarxx.itch.io/revolunar/devlog/1484624/build-12-0323,,2026-04-30
https://tygedev.itch.io/tyges-hardest-platformer-demo/devlog/1485117/demo-for-linux-is-out-now,,2026-04-30
https://tygedev.itch.io/tyges-hardest-platformer-demo/devlog/1485137/demo-for-phone-not-iphone-out-now,,2026-04-30
https://cb-unite.itch.io/supernova-clicker/devlog/1485624/supernova-clicker-x-v1032,,2026-04-30
https://derfern.itch.io/rbg-yay/devlog/1485983/rubberballgame-yay-update-1-v11,,2026-04-30
https://polygoneclipse.itch.io/ardanian-kingdoms/devlog/1486062/v061-lvl-2-temples-spells,,2026-04-30
https://b4sh3cl1ps3.itch.io/zorb-cosmic-breaker/devlog/1486129/devlog-v057-linux-to-freebsd-terminal-port,,2026-04-30
https://digital-workshop22.itch.io/female-forge-demo/devlog/1486418/entering-final-testing-polish-phase,,2026-04-30
https://yeslililililimc.itch.io/some-random-gaem/devlog/1486563/beta-1-of-some-random-gaem-121,,2026-04-30
https://kenmaster-q2x.itch.io/hell-assault/devlog/1486663/update-patch-notes-demo-v011,,2026-04-30
https://memostudio.itch.io/insomnia-club/devlog/1487278/v015,,2026-04-30
https://noblemaster.itch.io/chrono-commander/devlog/1487495/chrono-commander-grandfather-paradox,,2026-04-30
https://mumeinano.itch.io/orange-smash/devlog/1487580/devlog-087-game-got-reindexed-,,2026-04-30
https://ehg-bob-studios.itch.io/mmnana/devlog/1487677/mmnana-now-on-itchio,,2026-04-30
https://kenmaster-q2x.itch.io/hell-assault/devlog/1487695/major-update-demo-v015,,2026-04-30
https://coyote321.itch.io/lycheejelly/devlog/1487865/sf-weekly-progress-report-devlog-6,,2026-04-30
https://ti-mah.itch.io/pulsevoid/devlog/1487948/pulse-beat-high-contrast-arcade-chaos-is-live,,2026-04-30
https://coyote321.itch.io/lycheejelly/devlog/1488037/cc-weekly-progress-report-devlog-6,,2026-04-30
https://coyote321.itch.io/lycheejelly/devlog/1488120/eh-weekly-progress-report-devlog-6,,2026-04-30
https://coyote321.itch.io/lycheejelly/devlog/1488225/jh-weekly-progress-report-devlog-6,,2026-04-30
https://coyote321.itch.io/lycheejelly/devlog/1488233/rh-weekly-progress-report-devlog-6,,2026-04-30
https://phandalin-games.itch.io/1/devlog/1488333/added-stats-block,,2026-04-30
https://syndicate98.itch.io/blooded/devlog/1488580/first-launch,,2026-04-30
https://kenmaster-q2x.itch.io/hell-assault/devlog/1488610/update-patch-notes-demo-v017,,2026-04-30
https://tygedev.itch.io/tyges-hardest-platformer-demo/devlog/1489083/better-looking-page,,2026-04-30
https://grazara.itch.io/my-neighbors-hot-girlfriend-reddit/devlog/1489183/new-and-upcomming-updates,,2026-04-30
https://starea.itch.io/fragminer/devlog/1489303/fragminer-v06-demo-update-translations-special-bombs-hazards-qol-and-more,,2026-04-30
https://xxvoltarxx.itch.io/revolunar/devlog/1489327/build-13-033,,2026-04-30
https://bessamu.itch.io/coordinates-unknown/devlog/1489386/web-version-now-available-no-download-required,,2026-04-30
https://explaray.itch.io/vgame/devlog/1489514/010,,2026-04-30
https://kenmaster-q2x.itch.io/hell-assault/devlog/1489958/update-patch-notes-demo-v019,,2026-04-30
https://vdindie.itch.io/ratrac/devlog/1490196/ratrac-engine-v001,,2026-04-30
https://kenmaster-q2x.itch.io/hell-assault/devlog/1490241/update-patch-notes-demo-v020,,2026-04-30
https://b4sh3cl1ps3.itch.io/zorb-cosmic-breaker/devlog/1490260/zorb-cosmic-breaker-v10-released-,,2026-04-30
https://g2shoes.itch.io/hairfense/devlog/1490441/v11-update,,2026-04-30
https://copokasasagi.itch.io/card-game-demo/devlog/1490647/new-beginnings,,2026-04-30
https://luzari-games.itch.io/atomic-drifter/devlog/1491037/changelog-v0010260416,,2026-04-30
https://aaronaway256.itch.io/enlisted/devlog/1491315/etri-testing-round-1-16042026,,2026-04-30
https://lordanomander.itch.io/carterra/devlog/1491711/a-novel-cartography-game,,2026-04-30
https://hwmonitor-softwares.itch.io/hwmonitor/devlog/1492139/gpu-temperature-voltage-monitoring-with-hwmonitor,,2026-04-30
https://hotpocket14.itch.io/forsaken-gorilla-horror/devlog/1493042/forsaken-gorilla-horror-v4-time-is-changing,,2026-04-30
https://hypelander.itch.io/illegal-alien-tower-defense/devlog/1493576/illegal-alien-tower-defense-now-live,,2026-04-30
https://benana21.itch.io/bit/devlog/1493731/concept-devlog,,2026-04-30
https://maverickbit.itch.io/sky-strike-overdrive/devlog/1493760/devlog-01-sky-strike-overdrive,,2026-04-30
https://kayan-657.itch.io/kayans-pixelizer/devlog/1493762/kayanss-pixel-v11,,2026-04-30
https://harryl3.itch.io/concealed-clanker-working-title/devlog/1493786/game-devlog-concealed-clanker-working-title,,2026-04-30
https://coyote321.itch.io/lycheejelly/devlog/1494191/cc-weekly-progress-report-devlog-7,,2026-04-30
https://pyropecool.itch.io/nightsofartifice1/devlog/1494323/follow-the-game,,2026-04-30
https://coyote321.itch.io/lycheejelly/devlog/1494441/sf-weekly-progress-report-devlog-7,,2026-04-30
https://coyote321.itch.io/lycheejelly/devlog/1494475/eh-weekly-progress-report-devlog-7,,2026-04-30
https://coyote321.itch.io/lycheejelly/devlog/1494523/jh-weekly-progress-report-devlog-7,,2026-04-30
https://mishanancegmailcom.itch.io/myfable/devlog/1494569/build-your-own-rpg-system-in-myfable,,2026-04-30
https://coyote321.itch.io/lycheejelly/devlog/1494594/rh-weekly-progress-report-devlog-7,,2026-04-30
https://luzari-games.itch.io/atomic-drifter/devlog/1494700/changelog-v0011260420,,2026-04-30
https://sporrik.itch.io/gp31transhumance/devlog/1495243/a-growing-environment,,2026-04-30
https://nikitatranchell.itch.io/nikita/devlog/1495420/week-5-makerking-player-experience-feedback-reflections,,2026-04-30
https://wubingliang77.itch.io/game-design-journey-at-waikato/devlog/1495432/media-309-game-project-week6-7,,2026-04-30
https://jm1117.itch.io/media309-26a-tutorial-week-2/devlog/1495450/week-6-devlog,,2026-04-30
https://potato-software.itch.io/wip-very-good-game/devlog/1495473/week-8-build,,2026-04-30
https://carnej.itch.io/first-contact/devlog/1495518/devlog-3,,2026-04-30
https://xxvoltarxx.itch.io/revolunar/devlog/1495562/build-14-040,,2026-04-30
https://aj-studio-com.itch.io/aj-audio-player/devlog/1495588/v213-changelog,,2026-04-30
https://anianicha.itch.io/anianichange3/devlog/1495642/release-v100-is-live-welcome-to-anianichange,,2026-04-30
https://fragolina-studio.itch.io/kamogawa-island/devlog/1495665/-kamogawa-island-one-year-anniversary,,2026-04-30
https://masn3.itch.io/aethermancer/devlog/1495685/v202-investing-in-the-future,,2026-04-30
https://eggedmuffinman.itch.io/anarchy/devlog/1495701/update-v03-cpu-mode-animations,,2026-04-30
https://migidi.itch.io/sideris/devlog/1495705/sideris-update-2d-pixel-art-shmup-technical-prototype,,2026-04-30
https://ruleralva.itch.io/gp22/devlog/1495798/devlog-8-all-is-fair,,2026-04-30
https://crowthorne.itch.io/seedbed-patch/devlog/1495960/v09x,,2026-04-30
https://migidi.itch.io/sideris/devlog/1496006/sideris-update-the-sound-of-space,,2026-04-30
https://de-alpe-game-art.itch.io/project-space-wars-work-in/devlog/1496049/update-alpha-3,,2026-04-30
https://ugly2.itch.io/full-life-first-thought/devlog/1496301/week-8-devlog,,2026-04-30
https://fidocats.itch.io/pmg/devlog/1496358/beta-11,,2026-04-30
https://luzari-games.itch.io/atomic-drifter/devlog/1496470/changelog-v0012260422,,2026-04-30
https://trooopes.itch.io/politicvs/devlog/1496536/major-fixes-features-1,,2026-04-30
https://jay-boky.itch.io/ghost-of-the-frontier-reserve/devlog/1496571/update,,2026-04-30
https://thomasthewest.itch.io/cardestia/devlog/1496604/041,,2026-04-30
https://migidi.itch.io/sideris/devlog/1496667/new-update-survival-tactics-interface-overhaul,,2026-04-30
https://migidi.itch.io/sideris/devlog/1496753/sideris-update-survival-tactics-interface-overhaul,,2026-04-30
https://reathearchmage.itch.io/outnowbyrea/devlog/1497037/brainstorm,,2026-04-30
https://ranju.itch.io/35-npc-portrait-set/devlog/1497190/new-release-2d-pixel-npc-portraits-packenkr-,,2026-04-30
https://iv-orbit.itch.io/validation/devlog/1497218/inmersin-sonora-oxgeno-crtico-y-secretos-en-la-oscuridad,,2026-04-30
https://okiddy-games.itch.io/wheel-balance/devlog/1497414/new-update-polished-build-d,,2026-04-30
https://karolina-leonovich.itch.io/project-morytongue/devlog/1497457/devlog-2-project-morytongue-enru,,2026-04-30
https://reathearchmage.itch.io/outnowbyrea/devlog/1497571/composing-the-main-room,,2026-04-30
https://toupeira.itch.io/ministry-of-fun/devlog/1497764/test,,2026-04-30
https://interestedsc2.itch.io/code-clash/devlog/1497847/preversion-002,,2026-04-30
https://utas-shemek-tschirch.itch.io/109-wet-it-be-game-prototype-02/devlog/1497877/new-game-prototype-uploaded,,2026-04-30
https://the-tower-of-capi.itch.io/basic-dungeon2-platformer-asset-pack/devlog/1497893/-devlog-volviendo-a-lo-simple,,2026-04-30
https://facundogomez25.itch.io/sonic-before-the-sequel-26/devlog/1497903/progress-rocky-ride-zone-preview-1,,2026-04-30
https://migidi.itch.io/sideris/devlog/1498004/sideris-update-core-game-loop-and-ui-refinement,,2026-04-30
https://iv-orbit.itch.io/validation/devlog/1498101/ncleo-de-jugabilidad,,2026-04-30
https://anianicha.itch.io/anianichange3/devlog/1498103/anianichange-v101-hotfix-update,,2026-04-30
https://ranju.itch.io/35-npc-portrait-set/devlog/1498187/new-update-grab-4-free-character-portraits,,2026-04-30
https://luzari-games.itch.io/atomic-drifter/devlog/1498272/changelog-v0013260424,,2026-04-30
https://blitsgames.itch.io/scoutmaster-season/devlog/1498284/goro-nomoru-figure-pre-sale,,2026-04-30
https://nonhumans.itch.io/hell/devlog/1498385/devlogs-moved-to-new-page,,2026-04-30
https://wormteeeth.itch.io/playdate-play-pen/devlog/1498445/dithering-drawline,,2026-04-30
https://mobilelast.itch.io/hanaa/devlog/1498526/happened-in-hanaa-vol-47-april-20-26-2026,,2026-04-30
https://froghousedev.itch.io/anthrim/devlog/1498694/anthrim-b0260,,2026-04-30
https://geekzebra.itch.io/astriom/devlog/1498734/chaos-part-1-v008,,2026-04-30
https://ttotoat.itch.io/cyberdefense/devlog/1498955/abstracting-tower-debuffs,,2026-04-30
https://kenmaster-q2x.itch.io/hell-assault/devlog/1499359/major-update-demo-v025,,2026-04-30
https://roezmv.itch.io/coalridge-score-builder-web-app-for-blades-in-the-dark/devlog/1499417/coalridge-expansion-the-old-railyards-hold-hidden-treasures,,2026-04-30
https://cscc-game-projects.itch.io/2026sp-hallowed-puzzle/devlog/1499529/week-13-update,,2026-04-30
https://reathearchmage.itch.io/outnowbyrea/devlog/1499568/scripting-camera-movement,,2026-04-30
https://migidi.itch.io/sideris/devlog/1499580/sideris-update-structural-refinement-combat-balancing,,2026-04-30
https://aa4-zine-2026.itch.io/aa4zine2026/devlog/1499664/fixes-spread-versions,,2026-04-30
https://afterhoursgames.itch.io/lena-our-story/devlog/1499850/lena-my-ntr-girlfriend-early-release-v010,,2026-04-30
https://migidi.itch.io/sideris/devlog/1499967/new-update-to-the-space-leveling-up-the-architecture,,2026-04-30
https://reathearchmage.itch.io/outnowbyrea/devlog/1500009/damn,,2026-04-30
https://leef6010.itch.io/paper-lily-chapter-1/devlog/1500012/update-3-its-been-a-while,,2026-04-30
https://orhstudio.itch.io/wuxia-swords-asset-pack/devlog/1500079/first-day-update-thank-you-for-the-support-whats-next,,2026-04-30
https://iv-orbit.itch.io/validation/devlog/1500150/sistemas-core-hud-dinmico-y-refuerzo-de-inmersin,,2026-04-30
https://rossiter.itch.io/guild-of-monsters-sage-2025-demo/devlog/1500155/version-023-and-024-update,,2026-04-30
https://afterhoursgames.itch.io/lena-our-story/devlog/1500161/android-version-is-live-v010,,2026-04-30
https://kenmaster-q2x.itch.io/hell-assault/devlog/1500167/test-opening-animation,,2026-04-30
https://afterhoursgames.itch.io/lena-our-story/devlog/1500217/android-fix,,2026-04-30
https://orhstudio.itch.io/wuxia-shields-asset-pack/devlog/1500221/orh-studios-2nd-release-the-mystic-shield-collection-is-live,,2026-04-30
https://avonoen.itch.io/game-projects-group-27/devlog/1500228/devlog-6-sprint-2-week-1-development,,2026-04-30
https://kenmaster-q2x.itch.io/hell-assault/devlog/1500382/test-volume-control-system,,2026-04-30
https://mumeinano.itch.io/orange-smash/devlog/1500396/devlog-089-new-partial-design-attempt-,,2026-04-30
https://migidi.itch.io/sideris/devlog/1500422/sideris-update-leveling-up-the-architecture,,2026-04-30
https://ignavilla.itch.io/breadyornot/devlog/1500426/week-7-waffle-hell-am-i-doing-here,,2026-04-30
https://sungraphica.itch.io/mega-retro-icon-pack-600-pixel-assets/devlog/1500470/mega-pixel-icon-pack-600-retro-assets,,2026-04-30
https://itch.io/blog/1500472/cassette-emulation-incl-4track-workflow-for-your-daw-1-year-itchio-anniversary-article,,2026-04-30
https://reathearchmage.itch.io/outnowbyrea/devlog/1500495/major-code-update,,2026-04-30
https://yeslililililimc.itch.io/some-random-gaem/devlog/1500586/beta-1-of-some-random-gaem-131,,2026-04-30
https://teresitawig.itch.io/magical-princess-trainer/devlog/1500615/shapez-2-cheat-launched,,2026-04-30
https://syndicate98.itch.io/blooded/devlog/1500617/1st-update,,2026-04-30
https://migidi.itch.io/sideris/devlog/1500682/sideris-update-the-memory-materials-update,,2026-04-30
https://ygtg.itch.io/broke/devlog/1500686/selfmire-free,,2026-04-30
https://yohansouls.itch.io/stylized-ninjas-pack/devlog/1500693/stylized-ninjas-pack,,2026-04-30
https://brother-jem.itch.io/order-of-the-cerulean-body/devlog/1500699/update-chapters-4-5,,2026-04-30
https://huevoquilmes.itch.io/the-golden-caravan/devlog/1500701/new-rules-in-the-city,,2026-04-30
https://robsterskip.itch.io/group15-gameprojects/devlog/1500706/devlog-7-getting-there,,2026-04-30
https://thedarck67.itch.io/fnop/devlog/1500724/fnop-ultimate-version-new-screens-release-coming-soon,,2026-04-30
https://tomycase.itch.io/megaman-dxtreme/devlog/1500731/v12-bug-fixes-changes-thank-you,,2026-04-30
https://moirexstudio.itch.io/dejadamnation/devlog/1500772/official-trailer-required-synergy-workshop-deja-damnation,,2026-04-30
https://polygonmyth.itch.io/wavecraftlegends/devlog/1500842/the-first-demo-for-wavecraft-legends-out-now,,2026-04-30
https://iv-orbit.itch.io/validation/devlog/1500889/mejora-visual-iluminacin-y-balance-de-ia,,2026-04-30
https://bartholomeus666.itch.io/ourgame/devlog/1500895/animals-on-set-week-07-first-week-production-sprint-2,,2026-04-30
https://itch.io/blog/1500920/atualizaes,,2026-04-30
https://itch.io/blog/1500924/new-game-soon,,2026-04-30
https://gothul.itch.io/complete-32x32-dungeon-rpg-combat-pack/devlog/1500939/v10-pixel-art-pack-release,,2026-04-30
https://romanpenguin.itch.io/nuclear-throne-archipelago/devlog/1500945/version-112,,2026-04-30
https://orion-co.itch.io/field-guide-to-arpeggio/devlog/1500948/version-1012-player-gm-facing-lcp-file,,2026-04-30
https://retronick2020.itch.io/vecdraw-v10-for-qbasicgwbasicqb64pe/devlog/1500975/version-13,,2026-04-30
https://255ping.itch.io/awaken/devlog/1500990/update-v030,,2026-04-30
https://conap.itch.io/sea-king/devlog/1501005/release-v01,,2026-04-30
https://the-pixel-nook.itch.io/gb-studio-overworld-rpg-tiles/devlog/1501011/cave-system-expansion,,2026-04-30
https://hachy.itch.io/blox/devlog/1501027/add-new-block,,2026-04-30
https://art-core.itch.io/grimhold-demo/devlog/1501030/grimhold-00002,,2026-04-30
https://brianchz.itch.io/gnomorewitches/devlog/1501037/post-jam-updates-and-fixes,,2026-04-30
https://xxvoltarxx.itch.io/revolunar/devlog/1501069/build-15-041,,2026-04-30
https://aris-loehr.itch.io/gp39projectname/devlog/1501075/devlog-7-magnetizing-work,,2026-04-30
https://bazeldex-studio.itch.io/alter-gate/devlog/1501087/alter-gate-v030,,2026-04-30
https://flynnutas.itch.io/one-last-crawl/devlog/1501119/devlog-2-enemy-and-level-design,,2026-04-30
https://wisteriagames.itch.io/twincovesdemo/devlog/1501128/2026-update,,2026-04-30
https://cesarmanriquegames.itch.io/cesar-minigames/devlog/1501148/ms-minijuegos-ms-diversin,,2026-04-30
https://stephenhilllikesthings.itch.io/formation-removal-rpgmmv/devlog/1501155/devlog-removeformation-v10-released,,2026-04-30
https://dgheld.itch.io/dv/devlog/1501172/devlog-b2-looking-for-the-right-testers,,2026-04-30
https://pozzanghera33.itch.io/dead-before-work-the-commute/devlog/1501195/devlog-dressing-for-disaster-inside-the-new-fitting-room-physics-chaos-v030-progress-report,,2026-04-30
https://romeestudio27.itch.io/farmers-market-v30-demo/devlog/1501198/devlog-grow-wait-or-sell-building-farmers-market,,2026-04-30
https://mao-linyan.itch.io/game-design-journey-at-waikato/devlog/1501201/week-6,,2026-04-30
https://luzari-games.itch.io/atomic-drifter/devlog/1501230/changelog-v0014260427,,2026-04-30
https://jiawen-li.itch.io/my-game-design-world/devlog/1501236/branching-narratives-first-time-experience,,2026-04-30
https://itch.io/blog/1501245/vaultborn-dash-level-3-gameplay-video,,2026-04-30
https://wai-am.itch.io/russian-roulette/devlog/1501246/russian-roulette-released,,2026-04-30
https://maciaz.itch.io/deal/devlog/1501247/deal-whats-coming-mini-games-and-mechanical-depth,,2026-04-30
https://mamonbshqairat.itch.io/swords-and-fantasy-medieval-weapons-unity3d/devlog/1501248/175-vorgefertigte-modelle-von-schwertern-und-mittelalterlichen-fantasy-waffen-unity3d-low-poly-paket,,2026-04-30
https://mariedem.itch.io/gp05flameborn/devlog/1501249/production-sprint-2-blazing-away,,2026-04-30
https://esodev.itch.io/esoteric-erotica/devlog/1501250/esoteric-update-351-this-article-was-redirected,,2026-04-30
https://goonerunleashed.itch.io/yes-i-am-a-furry/devlog/1501252/ver-021,,2026-04-30
https://muyou215.itch.io/the-first-spring/devlog/1501253/the-first-spring-is-now-on-steam-add-to-your-wishlist,,2026-04-30
https://orhstudio.itch.io/wuxia-armors-asset-pack/devlog/1501254/new-arrival-9-elite-wuxia-armor-sets-are-live,,2026-04-30
https://relicandrune.itch.io/48-fantasy-rpg-item-icons/devlog/1501255/pack-01-is-live-heres-whats-inside,,2026-04-30
https://itch.io/blog/1501256/patch-notes-v1184,,2026-04-30
https://scippie75.itch.io/remnant-humanity/devlog/1501257/research-research-research,,2026-04-30
https://nobarudev.itch.io/spacesnake/devlog/1501258/patch-update,,2026-04-30
https://frozen-iris.itch.io/lock/devlog/1501260/-2300,,2026-04-30
https://berrymint.itch.io/batomon-showdown/devlog/1501261/new-trainers-public-demo-out-on-steam,,2026-04-30
https://brockolantern.itch.io/5th-grade-simulator/devlog/1501262/-5th-grade-simulator-biggest-update-of-2026,,2026-04-30
https://orixel-dev.itch.io/parkour-2d/devlog/1501263/parkour-2d,,2026-04-30
https://itch.io/blog/1501264/what-is-liothyronine-t3-a-complete-guide-to-t3-thyroid-medication,,2026-04-30
https://mamonbshqairat.itch.io/swords-and-fantasy-medieval-weapons-unity3d/devlog/1501265/175-unity3d-,,2026-04-30
https://mamonbshqairat.itch.io/swords-and-fantasy-medieval-weapons-unity3d/devlog/1501266/-175-modelos-prefabricados-de-espadas-y-armas-medievales-de-fantasa-unity3d-paquete-de-baja-poligonizacin,,2026-04-30
https://dlou-saiyan.itch.io/urban-city-tileset-32-32-2d-pixel-art-street-environment/devlog/1501267/new-release-urban-city-tileset-32x32-px-edition,,2026-04-30
https://mamonbshqairat.itch.io/swords-and-fantasy-medieval-weapons-unity3d/devlog/1501268/175-modelli-prefabbricati-di-spade-e-armi-fantasy-medievali-unity3d-lowpoly-package,,2026-04-30
https://mamonbshqairat.itch.io/swords-and-fantasy-medieval-weapons-unity3d/devlog/1501269/175-m-hnh-prefab-kim-v-v-kh-trung-c-gi-tng-unity3d-gi-lowpoly,,2026-04-30
https://mamonbshqairat.itch.io/swords-and-fantasy-medieval-weapons-unity3d/devlog/1501270/175-model-prefab-pedang-dan-senjata-abad-pertengahan-fantasi-unity3d-paket-lowpoly,,2026-04-30
https://puszke.itch.io/pucks-pixelizer/devlog/1501271/mac-os-palette-loader-fix,,2026-04-30
https://saxonarts.itch.io/run-goblin-girl-run/devlog/1501272/v-1236,,2026-04-30
https://mintfroste.itch.io/charmbound/devlog/1501273/charmbound-002-progress-update,,2026-04-30
https://qilei-yin.itch.io/game-design/devlog/1501274/week6,,2026-04-30
https://parmn.itch.io/crazy-camel/devlog/1501275/added-mobile-support-on-web,,2026-04-30
https://endrewa.itch.io/bandidos-em-brasilia/devlog/1501276/improvements-on-design-and-sound,,2026-04-30
https://devducellier.itch.io/slackers-never-dies/devlog/1501277/thank-you-for-playing-and-ranking-our-game-,,2026-04-30
https://samasgari.itch.io/gjerdingsaeterkvadet/devlog/1501278/om-volver-og-vl-renskrevet,,2026-04-30
https://feycomics.itch.io/selphina-legacy/devlog/1501279/v016-released-,,2026-04-30
https://itch.io/blog/1501280/threshold-event-65-off-all-nodes,,2026-04-30
https://rolistespod.itch.io/paris-gondo/devlog/1501281/24h-left-to-back-us-on-kickstarter,,2026-04-30
https://maxponting.itch.io/eternal-dread/devlog/1501282/v040-tutorial-v2,,2026-04-30
https://bennymakesgames.itch.io/prayer-on-a-hill/devlog/1501283/v101-update,,2026-04-30
https://arnav-garg.itch.io/cryptoph/devlog/1501284/cryptoph-new-launch,,2026-04-30
https://darumagame.itch.io/ant/devlog/1501285/added-a-leaderboard-,,2026-04-30
https://marchalade.itch.io/impossible-snake/devlog/1501286/impossible-snake-114-patch-update,,2026-04-30
https://kap00t.itch.io/group09-game-project-demo/devlog/1501287/devlog-7-the-soup-cart-comes-alive-explosive-enemies,,2026-04-30
https://phantomaxisstudios.itch.io/trueromangame/devlog/1501288/demo-update-western-visual-novel-ancient-rome,,2026-04-30
https://merry-anne.itch.io/proper-sonic-origins-plus/devlog/1501289/a-confounding-post-mortem,,2026-04-30
https://petern.itch.io/the-last-survivor/devlog/1501290/week-1-devlog,,2026-04-30
https://estebans-games.itch.io/in-control-rocketry-playtest/devlog/1501291/docking-and-major-bux-fixes,,2026-04-30
https://butterflybehemot.itch.io/states-of-thesaura/devlog/1501292/looter-party-sheet,,2026-04-30
https://aris-oww.itch.io/australia-pine-gap-goverment-facility/devlog/1501293/australia-pine-gap-goverment-facility,,2026-04-30
https://miguedev.itch.io/scrap-races/devlog/1501295/the-prototype,,2026-04-30
https://amonielove.itch.io/betweentwopoints/devlog/1501296/episode-2-release-date-announced-,,2026-04-30
https://itch.io/blog/1501297/ai-in-game-development-what-do-you-think,,2026-04-30
https://anomalocaris-games.itch.io/cubic-glitch/devlog/1501298/cubic-glitch-soundtrack-is-now-public,,2026-04-30
https://witch-fleurdelis.itch.io/crimson-fate/devlog/1501299/crimson-fate-v11-is-released,,2026-04-30
https://mm-13.itch.io/huntsman-isle/devlog/1501300/new-capsule-art,,2026-04-30
https://cri-ten.itch.io/terrene/devlog/1501301/update-on-releasing-v013-of-terrene-on-itch,,2026-04-30
https://l-d-lucas.itch.io/kids-emoji-search-pack-1/devlog/1501302/emoji-search-pack-1-is-now-live,,2026-04-30
https://crabcode.itch.io/ascend-or-die/devlog/1501304/v0100-a-random-appears,,2026-04-30
https://elushis.itch.io/cielchan-desktop-ai-companion/devlog/1501305/cielchan-v162-released,,2026-04-30
https://karmallamafarmer.itch.io/loueysleftovers/devlog/1501306/platoon-movement,,2026-04-30
https://elushis.itch.io/cielchan-desktop-ai-companion-free/devlog/1501307/cielchan-v162-released,,2026-04-30
https://itch.io/blog/1501308/what-am-i-with-what-ai,,2026-04-30
https://wowdannm.itch.io/ratfullight/devlog/1501309/started-working-on-enemies-behavior,,2026-04-30
https://momomoring.itch.io/escapeline/devlog/1501310/emergency-fix-you-can-start-the-game-again-in-the-eclipse-chat-interface,,2026-04-30
https://ypsilon.itch.io/desktop-aquarium/devlog/1501311/devlog-7-post-jam-update,,2026-04-30
https://just-a-vibecoder.itch.io/flashcardenjp/devlog/1501312/101-beta-avaliable-in-website,,2026-04-30
https://wowdannm.itch.io/ratfullight/devlog/1501313/slightly-fixed-path-grid-and-now-throwing-random-trash-at-mob,,2026-04-30
https://dreamlike-studios.itch.io/lemonade-tycoon/devlog/1501314/demo-version-01,,2026-04-30
https://xeradeph.itch.io/depth-unlimited/devlog/1501315/v160a,,2026-04-30
https://memostudio.itch.io/insomnia-club/devlog/1501316/v020,,2026-04-30
https://mlw-project.itch.io/fleas/devlog/1501317/fleas-update-logs-v15,,2026-04-30
https://seyloj.itch.io/clanker-dynamics/devlog/1501318/update-002,,2026-04-30
https://yolwoocle.itch.io/bugscraper/devlog/1501319/bugscraper-release-date-new-demo,,2026-04-30
https://megaberry.itch.io/megaberry-building-collection/devlog/1501320/two-additional-buildings,,2026-04-30
https://louisrigaud.itch.io/lavaloop/devlog/1501321/major-playtest-update-music-driven-2d-shooter,,2026-04-30
https://haileygold77.itch.io/shoot-the-dummy/devlog/1501322/break-down-post,,2026-04-30
https://haileygold77.itch.io/shoot-the-dummy/devlog/1501323/housekit,,2026-04-30
https://tallenlin.itch.io/syntaxoverload/devlog/1501324/playtest-is-open-now,,2026-04-30
https://kawanka.itch.io/petal-bots/devlog/1501325/controls-are-hard,,2026-04-30
https://nathan-warden.itch.io/train-set-game/devlog/1501326/lazy-train-game-released,,2026-04-30
https://megaberry.itch.io/megaberry-npc-collection/devlog/1501327/added-lizard-npc-portrait,,2026-04-30
https://syndicate98.itch.io/blooded/devlog/1501328/name-change,,2026-04-30
https://lockeff.itch.io/2etoilessontnees/devlog/1501329/2-toiles-sont-nes-demo,,2026-04-30
https://dyea.itch.io/world-breaker-209/devlog/1501331/v041update,,2026-04-30
https://shadowportal.itch.io/slutcraft/devlog/1501332/-devlog-37,,2026-04-30
https://pokpak39.itch.io/pokker/devlog/1501334/-pokker,,2026-04-30
https://jamega.itch.io/wrenchline-a-racingmechanic-simulator/devlog/1501335/v65-v94,,2026-04-30
https://stephenhilllikesthings.itch.io/customzoom-mv-plugin/devlog/1501336/devlog-customzoom-v10-released,,2026-04-30
https://roadkillcandy.itch.io/saturn-striker-force/devlog/1501337/333-am,,2026-04-30
https://greenwizardgames.itch.io/dwarf-eats-mountain/devlog/1501338/dwarf-eats-mountain-releases-on-may-18th,,2026-04-30
https://berside.itch.io/lucky-kiss/devlog/1501339/ver-015,,2026-04-30
https://alcyone-legends.itch.io/ilias-alcyone-legends/devlog/1501340/important-poll,,2026-04-30
https://alcyone-legends.itch.io/ilias-alcyone-legends-paid-version/devlog/1501341/important-poll,,2026-04-30
https://lifeschool22.itch.io/graphic-designer-amiga/devlog/1501342/graphic-designer-amiga-rc1,,2026-04-30
https://antagonistry.itch.io/basket-engine/devlog/1501343/basket-engine-version-008-out,,2026-04-30
https://softsavage.itch.io/royal-flush-rush/devlog/1501344/card-themes-ui-update-gameplay-fixes-are-live-in-v095,,2026-04-30
https://goldengoose-games.itch.io/biskit-frog/devlog/1501345/bkfg-110-drop,,2026-04-30
https://per10dev.itch.io/dual-decode/devlog/1501347/from-wordle-to-wordless-designing-a-two-board-number-puzzle,,2026-04-30
https://kzfol.itch.io/mr-thornes-office/devlog/1501348/v100-emily-phase-5,,2026-04-30
https://rileyflowersbargen.itch.io/tenacious-d-in-the-descent-into-hell-beta-1/devlog/1501349/major-update-011,,2026-04-30
https://supremesussy15.itch.io/hassys-hotel/devlog/1501350/12-upd,,2026-04-30
https://animaniacslover8.itch.io/crab-clicker/devlog/1501351/easter-frenzy-patch,,2026-04-30
https://marlisstudio.itch.io/boredwife/devlog/1501352/game-update-027,,2026-04-30
https://kakurianiki.itch.io/sekaishinet/devlog/1501353/05npc2ver25,,2026-04-30
https://gasbank.itch.io/dungeon-cartographer/devlog/1501354/-1-,,2026-04-30
https://kiernbr.itch.io/bean-quest-2-demo/devlog/1501355/01-demo-update,,2026-04-30
https://itch.io/blog/1501356/new-game,,2026-04-30
https://bcsstudio.itch.io/expansion-evolution/devlog/1501358/new-wip-update-02-click-merge,,2026-04-30
https://kidshideaway.itch.io/hat-trick-v3/devlog/1501359/weekly-update-april-25-2026-wk-25-debugging-match-3,,2026-04-30
https://cookiedraggy.itch.io/kincaid/devlog/1501360/devlog-04242026-hot-feet-cold-tracks,,2026-04-30
https://grandma-studio.itch.io/obsidia/devlog/1501361/27-apr-2026-update,,2026-04-30
https://kidshideaway.itch.io/black-cat-adventures-v3/devlog/1501362/weekly-update-april-25-2026-wk-1-added-player-movement,,2026-04-30
https://itch.io/blog/1501363/amoris-a-short-delay,,2026-04-30
https://ashidev.itch.io/veil/devlog/1501364/veil-ch1-update-2b-fix,,2026-04-30
https://celestewish.itch.io/gamma-guardian-alpha-demo/devlog/1501365/beta-11-update,,2026-04-30
https://norschee.itch.io/femboy-futa-date-house-free-dowloand/devlog/1501366/femboy-futa-date-house-free-dowloand,,2026-04-30
https://kamencesc.itch.io/el-trio-mala-pea/devlog/1501367/gel-i-llums,,2026-04-30
https://grid-dev.itch.io/quecade-merge-swap-puzzle-strategy-game/devlog/1501368/why-i-built-quecade-around-one-simple-swap-rule,,2026-04-30
https://mrmatras.itch.io/forgottenmemories/devlog/1501369/2-years-and-my-birthday,,2026-04-30
https://indiebee.itch.io/navalempires/devlog/1501370/27042026-devlog,,2026-04-30
https://pizzadoggy.itch.io/the-humble-bundle/devlog/1501371/updated-one-of-the-samples,,2026-04-30
https://kidshideaway.itch.io/tower-defense-timer/devlog/1501372/weekly-update-april-25-2026-wk-7-ground-timer-etc,,2026-04-30
https://yiff-fantasy.itch.io/honeypot-ant/devlog/1501373/thank-you,,2026-04-30
https://flydragonio.itch.io/fly-dragon-io-online/devlog/1501374/update-poster,,2026-04-30
https://amazingjameso.itch.io/horse-racing/devlog/1501375/screen-size-fixed-to-be-compatible-with-all-resolutions,,2026-04-30
https://theshadyshade.itch.io/return-null/devlog/1501376/102,,2026-04-30
https://unemployed-dev.itch.io/idk-i-have-no-title-yet/devlog/1501377/prototype-build-5,,2026-04-30
https://starlit.itch.io/solace-creek/devlog/1501378/devlog-were-back-with-a-new-friend,,2026-04-30
https://timiocean.itch.io/starchitect-demo/devlog/1501379/a-housebuilding-deckbuilder,,2026-04-30
https://sahile.itch.io/trailblaze/devlog/1501380/version-14-bugfixes,,2026-04-30
https://blobthejob.itch.io/echoesofvengence/devlog/1501381/game-drop-v112,,2026-04-30
https://hammermichael.itch.io/terraria-mod-manage/devlog/1501382/patch-02v,,2026-04-30
https://mrjacksart.itch.io/my-shut-in-demon/devlog/1501383/mac-version-is-up,,2026-04-30
https://sweetchiel.itch.io/saving-grace/devlog/1501384/update-2742026,,2026-04-30
https://spoiboi.itch.io/chaoshi/devlog/1501385/unl-game-dev-club-showcase,,2026-04-30
https://rmyszka.itch.io/magic-crafting-prototype/devlog/1501386/update-2,,2026-04-30
https://elvismacklay.itch.io/employee/devlog/1501387/new-update-003,,2026-04-30
https://jaceg2918.itch.io/qtfoj/devlog/1501388/we-released-a-game,,2026-04-30
https://blackseam.itch.io/signal-a-cassette-story/devlog/1501389/signal-a-cassette-story-devlog-1,,2026-04-30
https://aissaounnane.itch.io/deep-core/devlog/1501390/small-update-improved-clarity,,2026-04-30
https://chrisdbhr.itch.io/resultarias/devlog/1501391/update-08248-some-fixes-and-new-skin-about-the-time-since-the-last-update,,2026-04-30
https://timman2013.itch.io/thief-pro-maze-escape/devlog/1501392/first-big-project,,2026-04-30
https://itch.io/blog/1501393/new-gallery-out-on-jobbercomicscom,,2026-04-30
https://itch.io/blog/1501394/ok-i-can-use-my-main-pateron-account-again,,2026-04-30
https://poochdad.itch.io/baby-beamers/devlog/1501395/added-intro-video-and-game-images,,2026-04-30
https://jackchancer.itch.io/idlepunk/devlog/1501396/update-0380-contacts-and-identity,,2026-04-30
https://frostpunchgames.itch.io/active-ragdoll/devlog/1501397/self-balancing-active-ragdoll-major-enhancements,,2026-04-30
https://reroll.itch.io/recursos-medula/devlog/1501398/nuevas-etapas,,2026-04-30
https://digital-workshop22.itch.io/female-forge-demo/devlog/1501399/update-100,,2026-04-30
https://crispy-chicken-prod.itch.io/the-arson-betrayal/devlog/1501400/monthly-polls-march-april,,2026-04-30
https://driftingsignal.itch.io/stuck-on-set/devlog/1501401/devlog-3-clarity-pass-ui-updates,,2026-04-30
https://evildojo.itch.io/projectrpg/devlog/1501402/v0086,,2026-04-30
https://hooligapps-games.itch.io/town-of-sins/devlog/1501403/whole-of-thrones,,2026-04-30
https://digital-realms-studio.itch.io/elite-mma-manager/devlog/1501404/elite-mma-manager-world-main-actors,,2026-04-30
https://puree-adventure.itch.io/pulsepop/devlog/1501405/souffle-steam-page-is-out,,2026-04-30
https://merlinbecker.itch.io/hans-dither/devlog/1501406/switching-to-the-playdate-lua-sdk,,2026-04-30
https://blobthejob.itch.io/echoes-of-vengance-demo/devlog/1501407/minor-tweak,,2026-04-30
https://arry2705.itch.io/pixel-escape/devlog/1501408/pixel-escape-overdrive,,2026-04-30
https://raikiri-games.itch.io/just-one-man/devlog/1501409/just-one-man-early-access-out-now,,2026-04-30
https://roadkillcandy.itch.io/saturn-striker-force/devlog/1501410/books-on-dreams,,2026-04-30
https://robertdeadth.itch.io/titts/devlog/1501411/patch-11-has-just-been-released,,2026-04-30
https://modexon.itch.io/imperfect-life/devlog/1501412/weekly-devlog-phone-system,,2026-04-30
https://another-yaoi-zine.itch.io/another-yaoi-zine-vol-1/devlog/1501413/ayz-volume-1-release,,2026-04-30
https://itch.io/blog/1501415/damn-bro-i-am-falling-off,,2026-04-30
https://adriftingcloud.itch.io/my-type-of-jam/devlog/1501416/post-jam-bug-fix,,2026-04-30
https://witchpotion.itch.io/witch-potions-craft-of-lust/devlog/1501418/chubby-story-fuck-the-piggy,,2026-04-30
https://diskonavt.itch.io/deadwing-demo/devlog/1501419/public-technical-demo-available,,2026-04-30
https://estebans-games.itch.io/in-control-rocketry-playtest/devlog/1501420/bug-fix,,2026-04-30
https://somedudewithnoballs.itch.io/five-scary-nights-at-matitis1/devlog/1501421/fsnam-2-dropping-soon,,2026-04-30
https://antilopinae.itch.io/warped-realms/devlog/1501422/warped-realms,,2026-04-30
https://brittlstar.itch.io/ir-overdrive/devlog/1501423/physical-copies-available,,2026-04-30
https://blobthejob.itch.io/echoes-of-vengance-demo/devlog/1501424/bug-fix-1,,2026-04-30
https://syckotik.itch.io/jolly-roger-jetstream/devlog/1501425/released-011,,2026-04-30
https://hakuenstudio.itch.io/hakuen-studio-camera-manager-for-rpg-maker/devlog/1501426/130-new-features,,2026-04-30
https://nonamedev12.itch.io/kill-the-invaders/devlog/1501428/kill-the-invaders-mobile-out-now,,2026-04-30
https://frost-mist.itch.io/goth-gasp/devlog/1501429/goth-gasp-12-roadmap,,2026-04-30
https://maru-98.itch.io/fantasy-weapons-pack-vol2-enhanced-set-1616/devlog/1501430/fantasy-weapons-pack-vol2-enhanced-set-16x16-15-launch-discount,,2026-04-30
https://moonlightcreations.itch.io/dildo-delivery-free/devlog/1501431/more-than-2k-downloads,,2026-04-30
https://onekit.itch.io/gardener/devlog/1501433/in-game-computer-with-3-in-a-row,,2026-04-30
https://geodesicdragon.itch.io/charity-shop-clicker/devlog/1501434/version-11139,,2026-04-30
https://redship-games.itch.io/vesxel-land-of-southern-lights/devlog/1501435/prototype-v01-now-out,,2026-04-30
https://poltergasm.itch.io/draw-n-plunder/devlog/1501436/ahoy-were-live,,2026-04-30
https://killahseven.itch.io/my-new-family/devlog/1501437/progress-update-27042026,,2026-04-30
https://kenmaster-q2x.itch.io/hell-assault/devlog/1501438/test-combat-system,,2026-04-30
https://cururugames.itch.io/springwings/devlog/1501439/post-jam-hotfix,,2026-04-30
https://andr3mar.itch.io/ascension-tower/devlog/1501440/v14,,2026-04-30
https://ofkeres.itch.io/tails-on-the-rocks/devlog/1501441/patreon-release-v10-early-access,,2026-04-30
https://binbun3d.itch.io/godot-ultimate-toon-shader/devlog/1501442/update-12-new-stuff,,2026-04-30
https://antagonistry.itch.io/basket-engine/devlog/1501443/basket-engine-version-009-out,,2026-04-30
https://ryjthhtr.itch.io/crimson-desert/devlog/1501444/-crimson-desert,,2026-04-30
https://polygoneclipse.itch.io/ardanian-kingdoms/devlog/1501445/v070-conspiracy-theory-level,,2026-04-30
https://valkyrie-initiative.itch.io/kettlebell-inferno-hotel/devlog/1501446/new-gameplay-trailer-revealed,,2026-04-30
https://dicegoblingames.itch.io/danger-close-tactical-skirmish-ttrpg/devlog/1501447/version-0968-pressure-srd-digital-play-aid,,2026-04-30
https://ryjthhtr.itch.io/vampire-crawlers-rack-free-download-full-version-rack-free-download-full-ver/devlog/1501448/crystar-rack-free-download-full-version,,2026-04-30
https://ryjthhtr.itch.io/flock-around/devlog/1501449/flock-around-rack-free-download-full-version,,2026-04-30
https://dragoniator.itch.io/why-should-i/devlog/1501450/wassupp-i-didnt-know-what-else-to-write,,2026-04-30
https://ryjthhtr.itch.io/shapez-2-factory-free-download-full-version/devlog/1501451/shapez-2-factory-free-download-full-version,,2026-04-30
https://andr3mar.itch.io/ascension-tower/devlog/1501452/plans-adjustment,,2026-04-30
https://ryjthhtr.itch.io/slay-the-spire-2/devlog/1501453/slay-the-spire-2-free,,2026-04-30
https://cristian-caputo.itch.io/ball-jump/devlog/1501454/un-ringraziamento-speciale-,,2026-04-30
https://terrellhugo29.itch.io/captured-2-rack-free-download-full-version/devlog/1501455/titanium-court-free-download,,2026-04-30
https://theinfamousmrmeow.itch.io/moonbeam-mayhem/devlog/1501456/ui-and-grokkability-passes,,2026-04-30
https://itch.io/blog/1501457/the-turning-my-first-project,,2026-04-30
https://terrellhugo29.itch.io/solarpunk/devlog/1501458/solarpunk-pc-rack-free-download-full-version,,2026-04-30
https://ulysseandcharybde.itch.io/legendes-diaboliques/devlog/1501459/lgendes-diabloques-devils-legends-ttrpg-fr,,2026-04-30
https://snapmods.itch.io/detective-girls-pack-snapshot-community-pack/devlog/1501460/new-snapshot-bonus-content,,2026-04-30
https://terrellhugo29.itch.io/pratfall-rack-free-download-full-version/devlog/1501461/pratfall-rack-free-download-full-version,,2026-04-30
https://terrellhugo29.itch.io/outbound/devlog/1501462/outbound-pc-rack-free-download-full-version,,2026-04-30
https://silverhandgames.itch.io/dont-be-first/devlog/1501463/first-release,,2026-04-30
https://terrellhugo29.itch.io/gothic-1-remake/devlog/1501464/gothic-1-remake-pc-rack-free-download-full-version,,2026-04-30
https://tinysecretgames.itch.io/snapshot/devlog/1501465/bonus-content-gen-sin-impact-2,,2026-04-30
https://ulysses7.itch.io/story-of-a-hill/devlog/1501466/improve-your-games-visuals,,2026-04-30
https://terrellhugo29.itch.io/captured-2-rack/devlog/1501467/captured-2-rack-free-download-full-version,,2026-04-30
https://gamecreator772.itch.io/sillyshot/devlog/1501468/major-update-11,,2026-04-30
https://alice-karavotas.itch.io/group08gameprojects/devlog/1501469/devlog-07-declawed,,2026-04-30
https://terrellhugo29.itch.io/agrivore-incremental-farming/devlog/1501470/agrivore-incremental-farming-pc-rack-free-download-full-version,,2026-04-30
https://copokasasagi.itch.io/sotor/devlog/1501471/new-update,,2026-04-30
https://redtgfhbet.itch.io/vending-machine-co/devlog/1501472/vending-machine-co-rack-free-download-full-version,,2026-04-30
https://jelena-r.itch.io/gp07gameproject/devlog/1501473/devlog-week-7-sprint-2,,2026-04-30
https://limitedinput.itch.io/terminalidlecrawler/devlog/1501474/terminal-idle-crawler,,2026-04-30
https://redtgfhbet.itch.io/vampire-crawlers/devlog/1501475/vampire-crawlers-rack-free-download-full-version,,2026-04-30
https://nh-lz.itch.io/nuggetadventure/devlog/1501476/nugget-adventure-is-realesing-on-3-october-2027,,2026-04-30
https://itch.io/blog/1501477/a-vingana-ecos-do-ao,,2026-04-30
https://totallysoulless.itch.io/lms/devlog/1501478/devlog-6-a-look-at-cherry-a-few-bugfixes,,2026-04-30
https://redtgfhbet.itch.io/numeral-strike/devlog/1501479/numeral-strike-rack-free-download-full-version,,2026-04-30
https://redtgfhbet.itch.io/pragmata-rack-free-download-full-version/devlog/1501481/pragmata-pc-rack-free-download-full-version,,2026-04-30
https://sickmaiden.itch.io/no-human-here/devlog/1501482/added-playable-in-browser-file,,2026-04-30
https://apepatrick.itch.io/garbage-growth/devlog/1501484/big-update,,2026-04-30
https://deadwing.itch.io/crystal-funkadelic-prototype-3/devlog/1501485/v8-released-tons-of-improvements-and-fixes,,2026-04-30
https://thebastusage.itch.io/the-nightwardens/devlog/1501486/teaser-for-record-v,,2026-04-30
https://wypok.itch.io/szkeletal/devlog/1501487/-pl-wizualna-harmonia-nowy-szkeletal-en-visual-harmony-refreshed-szkeletal,,2026-04-30
https://purplehat-productions.itch.io/re-education/devlog/1501488/re-education-071-nagu-14-has-been-released,,2026-04-30
https://aquasit.itch.io/group-3/devlog/1501489/week-8-sprint-week,,2026-04-30
https://hanyicrobert.itch.io/rob-ball/devlog/1501490/exciting-update-news-paddle-mouse-support-in-development,,2026-04-30
https://lemonblood.itch.io/soulstation/devlog/1501491/devlogue-apr-25-how-to-remember-love,,2026-04-30
https://shadow-of-red.itch.io/teaching-raphtalia/devlog/1501492/new-update,,2026-04-30
https://realtayediggs.itch.io/sidechain/devlog/1501493/sidechain-in-matter-news,,2026-04-30
https://hamdanakmal.itch.io/a-level-below/devlog/1501494/update-the-level-below,,2026-04-30
https://younes-a-a.itch.io/drugs-are-not-cool/devlog/1501496/drugs-are-not-cool-v30,,2026-04-30
https://jarkaz.itch.io/gdaal/devlog/1501497/return-to-the-dungeons,,2026-04-30
https://latenightstudios.itch.io/happy-endings/devlog/1501498/demo-updates-1,,2026-04-30
https://oppaiodyssey.itch.io/oppai-odyssey/devlog/1501499/051-release-dates,,2026-04-30
https://roadkillcandy.itch.io/saturn-striker-force/devlog/1501500/new-room-51,,2026-04-30
https://sahile.itch.io/trailblaze/devlog/1501501/version-15-bugfixes,,2026-04-30
https://alex-rassloff.itch.io/meathook-demo/devlog/1501502/v106-ui-animation-small-gameplay-level-changes,,2026-04-30
https://versegm.itch.io/an-intersex-writing-reference/devlog/1501503/fixed-the-epub,,2026-04-30
https://p3rmaban.itch.io/dead-carnival/devlog/1501504/dead-carnival-v157-minor,,2026-04-30
https://thedarck67.itch.io/fnop/devlog/1501505/fnop-ultimate-version-new-screens-release-coming-soon,,2026-04-30
https://charles-rho.itch.io/petri-dish-solitaire/devlog/1501506/minor-fixes,,2026-04-30
https://snailtank.itch.io/anima-fight/devlog/1501507/art-and-mechanics-behind-the-game,,2026-04-30
https://explaray.itch.io/vgame/devlog/1501508/011,,2026-04-30
https://jarkaz.itch.io/perigon-falls/devlog/1501509/return-to-the-dungeons,,2026-04-30
https://jarkaz.itch.io/static137/devlog/1501510/return-to-the-dungeons,,2026-04-30
https://mhgamesbg.itch.io/dope-life/devlog/1501511/dope-life-update-v07-major,,2026-04-30
https://jarkaz.itch.io/the-summer-of-secret-places/devlog/1501512/return-to-the-dungeons,,2026-04-30
https://migidi.itch.io/sideris/devlog/1501513/sideris-update-unleash-the-heat,,2026-04-30
https://youlocal-meleira.itch.io/sprunki-phase-8-but-i-made-it-better/devlog/1501514/updated-v002-1-animation-update,,2026-04-30
https://pseudoku.itch.io/last-4-days-in-heiwa-city/devlog/1501515/post-jam-update-11,,2026-04-30
https://definenarrative.itch.io/chimeric-dysplasia/devlog/1501516/12-update,,2026-04-30
https://cobour.itch.io/hydron/devlog/1501517/we-are-sprinting,,2026-04-30
https://keeper4.itch.io/the-rift-between/devlog/1501518/thank-you-for-playing-my-game,,2026-04-30
https://utshamil.itch.io/traffic-regulations-game/devlog/1501519/update-10-2,,2026-04-30
https://itch.io/blog/1501520/semester-game-showcase,,2026-04-30
https://naughtybitsinteractive.itch.io/lustria/devlog/1501521/end-of-month-update,,2026-04-30
https://erkymreow.itch.io/the-lettuce-game/devlog/1501523/b22,,2026-04-30
https://sudakagames.itch.io/wealth/devlog/1501524/bug-fixes,,2026-04-30
https://xanthippe42.itch.io/dionysusinwisconsin/devlog/1501525/formatting-updates,,2026-04-30
https://amari-eve246.itch.io/lusty-tales-monster-guys-awaken/devlog/1501526/progress-check-nova,,2026-04-30
https://darkbluesnowfox.itch.io/gp14gameproject/devlog/1501527/week-7-second-sprint-begins,,2026-04-30
https://big-bread.itch.io/ants-cubed/devlog/1501528/ants-cubed,,2026-04-30
https://retvis.itch.io/power-inherited/devlog/1501529/development-update-closer-look-at-what-weve-been-up-to,,2026-04-30
https://game-senmu.itch.io/musashi-bastion/devlog/1501530/musashi-bastion-demo-v012-update,,2026-04-30
https://alexisgelin.itch.io/chop-chains/devlog/1501531/itchio-release,,2026-04-30
https://redbatnick.itch.io/iwktk3plus/devlog/1501532/the-great-wall,,2026-04-30
https://wenudu.itch.io/selvema/devlog/1501533/selvema-ii-carlos,,2026-04-30
https://epicdevr.itch.io/gorg-the-game/devlog/1501534/gtg-qol-update-2026-v11,,2026-04-30
https://0tvdslt.itch.io/1337/devlog/1501535/comecei-a-desenvolv-lo,,2026-04-30
https://snowbat.itch.io/krisper-the-impostor/devlog/1501536/v1130,,2026-04-30
https://itch.io/blog/1501537/asd,,2026-04-30
https://gnomelackey.itch.io/hunted-house/devlog/1501538/v2-update-hunted-house,,2026-04-30
https://hrackpot.itch.io/seedbed-farming/devlog/1501539/monday-farm-report-20260404,,2026-04-30
https://itch.io/blog/1501541/check-my-new-game-out,,2026-04-30
https://itch.io/blog/1501542/official-meta-quest-app-lab-release,,2026-04-30
https://itch.io/blog/1501543/asd,,2026-04-30
https://strange-girl-studios.itch.io/from-hero-to-futa/devlog/1501544/version-12-is-out,,2026-04-30
https://clicktuck.itch.io/crouton-off-fangame/devlog/1501545/more-bugfixes,,2026-04-30
https://ayk0-bo.itch.io/chesslantis/devlog/1501546/roadmap-whats-coming-in-005-and-006,,2026-04-30
https://indigolay.itch.io/pixelcardui/devlog/1501547/-devlog-creating-a-pixel-art-card-ui-asset,,2026-04-30
https://itch.io/blog/1501548/evasion-the-cycle-of-existence-game,,2026-04-30
https://philoverflow.itch.io/farmastrophy/devlog/1501549/devlog-1-it-begins,,2026-04-30
https://dev-trev.itch.io/pod-operator/devlog/1501550/v11-update,,2026-04-30
https://werewolfhitchhiker.itch.io/at-first-belonging/devlog/1501551/just-a-quick-post-to-get-something-set-up,,2026-04-30
https://lambduhh.itch.io/deckdecks/devlog/1501552/beginnings,,2026-04-30
https://itch.io/blog/1501553/honkai-star-rail-hack-ultimate-private-pack-2026,,2026-04-30
https://manikiran949.itch.io/orbit-sling/devlog/1501554/the-pilots-progression-streamlined-space,,2026-04-30
https://0tvdslt.itch.io/1337/devlog/1501555/funcionamento,,2026-04-30
https://axioxmedia.itch.io/kepler186f/devlog/1501556/kepler-186f-early-access-v01134-35-small-updates,,2026-04-30
https://itch.io/blog/1501557/fruit-incremental-im-making-a-game-,,2026-04-30
https://ahmedtony.itch.io/desclock-pro-desktop-clock-widget/devlog/1501558/desktop-clock-widget,,2026-04-30
https://aircongamer.itch.io/beast-master-2/devlog/1501559/update,,2026-04-30
https://gemroomgames.itch.io/the-gem-room-games-blog/devlog/1501560/lie-with-fictional-maps,,2026-04-30
https://itch.io/blog/1501561/valorant-external-cheat-free-download-2026,,2026-04-30
https://jpzin11.itch.io/dragon-legend/devlog/1501562/new-update,,2026-04-30
https://itch.io/blog/1501563/valorant-skin-changer-free-download-2026,,2026-04-30
https://keergame.itch.io/king-for-a-minute/devlog/1501564/the-game-is-on-hold-we-will-be-back,,2026-04-30
https://syndicate98.itch.io/blooded/devlog/1501566/mobile-compatability,,2026-04-30
https://khertet.itch.io/panic-poopers/devlog/1501567/playtest-3-is-live,,2026-04-30
https://itch.io/blog/1501568/genshin-impact-fps-booster-free-download-2026,,2026-04-30
https://nixtrixj2.itch.io/fateofdawn/devlog/1501569/new-crafting-recipes-for-maces,,2026-04-30
https://leifenberg.itch.io/shoot-for-the-stars-journey-home/devlog/1501570/the-great-visual-revamp,,2026-04-30
https://wowdannm.itch.io/ratfullight/devlog/1501571/post,,2026-04-30
https://antoniopedrox.itch.io/balburdia/devlog/1501572/balbrdia-evil,,2026-04-30
https://keergame.itch.io/king-for-a-minute/devlog/1501573/king-for-a-minute-next-update,,2026-04-30
https://itch.io/blog/1501574/genshin-impact-cheat-free-download-2026,,2026-04-30
https://cristian-caputo.itch.io/ball-jump/devlog/1501575/secret-game-file,,2026-04-30
https://maxfrub.itch.io/acute-cube/devlog/1501576/update-v03,,2026-04-30
https://mark-dowen.itch.io/adventure-a-dwarfs-story/devlog/1501577/build-17773208007812,,2026-04-30
https://sandsowo.itch.io/iconoclast/devlog/1501579/patch-v101-released,,2026-04-30
https://kidshideaway.itch.io/space-pirates-prototype/devlog/1501580/weekly-update-april-25-2026-wk-8-tweaks-and-art-assets,,2026-04-30
https://itch.io/blog/1501581/new-short-game-incoming-pinipani,,2026-04-30
https://maksel636new.itch.io/gp21hamstermayham/devlog/1501582/devlog8-2nd-production-sprint,,2026-04-30
https://sparky230.itch.io/before-the-end/devlog/1501583/voice-acting-dev-log-written,,2026-04-30
https://itch.io/blog/1501584/honkai-star-rail-hack-free-download-2026,,2026-04-30
https://renaissance-quest.itch.io/renaissance-quest/devlog/1501585/renquest-restart-rollout,,2026-04-30
https://itch.io/blog/1501586/s-o-u-n-d-s-o-r-i-a-l-ad,,2026-04-30
https://butterdawgg.itch.io/gp02-fireballin/devlog/1501587/fireballin-production-sprint-2-week-1,,2026-04-30
https://spicy-well-studio.itch.io/gogopizzaboy/devlog/1501588/gogopizzaboy-v-020-release-date-,,2026-04-30
https://strimps-kitchen.itch.io/kirby-soft-and-wet/devlog/1501589/kirby-soft-wet-version-120-android-port-teaser-trailer,,2026-04-30
https://itch.io/blog/1501590/fortnite-skin-changer-free-download-2026,,2026-04-30
https://mac182games.itch.io/rotten-depths-masacre-of-the-inmortals/devlog/1501591/registro-4-y-un-cambio-en-el-modo-de-desarrollo,,2026-04-30
https://zyloth.itch.io/zcgtc/devlog/1501592/reminds-me-of-when-i-used-to-mod-gtag,,2026-04-30
https://albertoha94.itch.io/dungeonloop/devlog/1501593/version-15-is-live,,2026-04-30
https://aidendes.itch.io/iron-rise/devlog/1501594/planned-first-patch,,2026-04-30
https://cleverandbrave.itch.io/combat-search-rescue/devlog/1501595/under-the-hood-of-combat-search-rescue,,2026-04-30
https://feufollet38.itch.io/open-the-door/devlog/1501596/open-the-door-330,,2026-04-30
https://velvetvortex.itch.io/my-femdom-wife/devlog/1501597/devlog-v06-development-update,,2026-04-30
https://tomcuthbertson.itch.io/pulp-action-shotgun-arena/devlog/1501598/pulp-action-shotgun-playtest-update,,2026-04-30
https://klamtii.itch.io/dissident-hunt/devlog/1501599/version-020-now-linux-is-supported,,2026-04-30
https://maledollstudio.itch.io/raw-signal/devlog/1501600/raw-signal-is-now-available,,2026-04-30
https://communistsister.itch.io/videotome-heartbreak/devlog/1501601/v04b-fixed-choices,,2026-04-30
https://toadman1.itch.io/weird-fishes/devlog/1501602/update-11,,2026-04-30
https://utshamil.itch.io/traffic-regulations-game/devlog/1501603/update-10-3,,2026-04-30
https://moonrootforge.itch.io/one-small-place/devlog/1501604/post-jam-update,,2026-04-30
https://bisonblackdesign.itch.io/blackest-jack/devlog/1501607/from-a-conversation-to-a-game-the-blackest-jack-story,,2026-04-30
https://itch.io/blog/1501608/hwid-spoofer-free-download-2026,,2026-04-30
https://trueog.itch.io/humanity-true-monster/devlog/1501609/devlog-4,,2026-04-30
https://aseronni.itch.io/project-aero/devlog/1501610/beta-0056,,2026-04-30
https://xrevvox.itch.io/the-red-approach/devlog/1501611/progress-update-26,,2026-04-30
https://waddledev.itch.io/waddle-knight-deluxe/devlog/1501612/waddle-knight-deluxe-demo-hotfix-100,,2026-04-30
https://ahhgames.itch.io/japitown/devlog/1501613/update-011,,2026-04-30
https://itch.io/blog/1501614/gta-5-cheat-free-download-2026,,2026-04-30
https://feline78.itch.io/mission-eternal-souls-uni/devlog/1501615/mission-eternal-souls-uni-v0002bg,,2026-04-30
https://gypsystudio.itch.io/pinefall/devlog/1501616/first-screenshots-of-pinefall,,2026-04-30
https://munkybot.itch.io/its-not-borderlands-android-friendly/devlog/1501617/this-is-not-borderlands,,2026-04-30
https://itch.io/blog/1501618/kiddions-mod-menu-gta-5-free-download-2026,,2026-04-30
https://georgetennant7421.itch.io/bountyhunteriframe-frameborder0-srchttpsitchioembed4448387bg-color2/devlog/1501619/full-game-out-now,,2026-04-30
https://elschorscho.itch.io/drunk-woodcutter/devlog/1501620/update-gamepad-support-ui-fixes,,2026-04-30
https://paulsgames.itch.io/ink-blob/devlog/1501621/major-update-preset-creation,,2026-04-30
https://itch.io/blog/1501622/arc-raiders-cheat-free-download-2026,,2026-04-30
https://casper-gaming.itch.io/cgmz-move-route-shortcuts/devlog/1501623/version-alpha-r2-release-notes,,2026-04-30
https://kak4p0.itch.io/fungi-bello-ptbr/devlog/1501624/fungi-bello-na-rpgpdia-e-formato-panfleto,,2026-04-30
https://kak4p0.itch.io/magi-citrico/devlog/1501625/magi-ctrico-na-rpgpdia-e-formato-panfleto,,2026-04-30
https://dzerofive.itch.io/dragon-game/devlog/1501626/city-blocking-pixelated-textures,,2026-04-30
https://melinda2424.itch.io/melindas-life-2/devlog/1501627/melindas-life-ii-151-is-now-released,,2026-04-30
https://pdavisalvarez.itch.io/inked/devlog/1501628/week08,,2026-04-30
https://hornyunion.itch.io/horny-union/devlog/1501629/community-poll-results-,,2026-04-30
https://v3x3d.itch.io/whacky-joe/devlog/1501630/improved-turkish-support-fixed-missing-glyph,,2026-04-30
https://noselazarus.itch.io/strawberry-outfit/devlog/1501631/strawberry-outfit-27042026,,2026-04-30
https://jackchancer.itch.io/idlepunk/devlog/1501633/update-0390-plans,,2026-04-30
https://kipperit.itch.io/roguevaults/devlog/1501634/image-hosting-service-migration,,2026-04-30
https://pixel-moon-studio.itch.io/hunters-hand/devlog/1501635/the-martyr-subclass-arrives-heres-everything-in-the-update,,2026-04-30
https://ggeardev.itch.io/deck-tactics/devlog/1501636/changelog-36,,2026-04-30
https://helianthus-games.itch.io/pixelosopher/devlog/1501637/italic-version-added,,2026-04-30
https://danilo-freire.itch.io/laserguy/devlog/1501638/check-out-the-new-levels-weve-been-crafting-,,2026-04-30
https://ethan-elitez.itch.io/minigame-trials/devlog/1501639/support-for-higher-resolutions,,2026-04-30
https://hopelessly-depraved.itch.io/niifa/devlog/1501640/niifa-the-horniest-game-of-nsfw-mini-jam-28,,2026-04-30
https://sea-apes.itch.io/revila/devlog/1501641/044-a-new-awakening,,2026-04-30
https://georgetennant7421.itch.io/bountyhunteriframe-frameborder0-srchttpsitchioembed4448387bg-color2/devlog/1501642/delay,,2026-04-30
https://eliott-charon.itch.io/project-stomp/devlog/1501644/devlog-7-titan-animations,,2026-04-30
https://tamschi.itch.io/dynamic-faces/devlog/1501645/ver-124-equipment-previews-and-paintopacity-support,,2026-04-30
https://jackchancer.itch.io/idlepunk/devlog/1501646/update-0391-mobile-keyboard,,2026-04-30
https://lazypolarbear.itch.io/happymerryparty/devlog/1501647/devlog-2026,,2026-04-30
https://orixel-dev.itch.io/bird-hunt/devlog/1501648/bird-hunt,,2026-04-30
https://met-wally-games.itch.io/metally-man-a-quest-for-glory/devlog/1501649/all-games-for-free,,2026-04-30
https://maxponting.itch.io/eternal-dread/devlog/1501650/v041-checkpoints,,2026-04-30
https://vibegtag.itch.io/sprunki-retake-humans-new-sb3-found/devlog/1501651/1-year-later,,2026-04-30
https://alex-astashov.itch.io/beegame/devlog/1501652/contest,,2026-04-30
https://ethan-elitez.itch.io/spaceparkour/devlog/1501653/support-for-higher-resolutions,,2026-04-30
https://xionworld.itch.io/gw2-nexus/devlog/1501654/gw2-nexus-v030-devlog,,2026-04-30
https://aaronbest.itch.io/the-curse-of-planet-x/devlog/1501655/devlog-1-flash-gordon-rubber-suits-and-sentient-roaches,,2026-04-30
https://itch.io/blog/1501656/anime-apocalypse-scripts-april-2026,,2026-04-30
https://itch.io/blog/1501657/new-game-coming,,2026-04-30
https://lizziejperez.itch.io/gridventure-toolkit-16x16-pixel-assets-free/devlog/1501658/version-3-released-new-assets-variations-and-palette-update,,2026-04-30
https://eberload.itch.io/glyphcoder/devlog/1501659/102,,2026-04-30
https://itch.io/blog/1501660/oil-empire-scripts-no-key-april-2026,,2026-04-30
https://ramzesproduction.itch.io/echo-eteru/devlog/1501661/echo-eteru-projekt-wychodzi-z-cienia-nowy-etap-prac-nad-enklaw,,2026-04-30
https://keergame.itch.io/king-for-a-minute/devlog/1501662/update-04-royal-economy-kinetic-combat,,2026-04-30
https://itch.io/blog/1501663/spring-flash-sale-50-off-all-rpg-maker-mz-plugins,,2026-04-30
https://itch.io/blog/1501664/new-video-release,,2026-04-30
https://sisyphean-games.itch.io/cardalaxy/devlog/1501665/alpha-082-update,,2026-04-30
https://itch.io/blog/1501666/gimme-10-hours-an-ill-update-what-i-have-for-the,,2026-04-30
https://ijacek007.itch.io/love-sex-second-base-hack-mod/devlog/1501667/version-032,,2026-04-30
https://bluestar-games.itch.io/pro-dart-2026/devlog/1501668/darts-career-mode-patch-notes-version-120,,2026-04-30
https://roadkillcandy.itch.io/saturn-striker-force/devlog/1501670/artificial-reincarnation-back-story,,2026-04-30
https://pneumana.itch.io/cookie-clicker/devlog/1501671/update-4272026,,2026-04-30
https://anildemir.itch.io/glaide-demo/devlog/1501672/v026-update-shieldbearer-and-magnus-upgrades,,2026-04-30
https://itch.io/blog/1501673/shoot-lasers-for-brainrots-scripts-no-key-april-2026,,2026-04-30
https://gulliver-de-clercq.itch.io/gp40hardlink/devlog/1501674/devlog-week-08-merging-assets,,2026-04-30
https://itch.io/blog/1501675/arc-raiders-cheat-free-download-2026,,2026-04-30
https://fausto-rolero.itch.io/famulus/devlog/1501676/salimos-adelante,,2026-04-30
https://ethan-elitez.itch.io/blizzard-ball/devlog/1501677/support-for-higher-resolutions,,2026-04-30
https://agergo100.itch.io/love-miner/devlog/1501678/0016,,2026-04-30
https://gothul.itch.io/complete-32x32-dungeon-rpg-combat-pack/devlog/1501679/v11-new-decoration-props,,2026-04-30
https://jackchancer.itch.io/idlepunk/devlog/1501680/update-0392-fieldkeyboard,,2026-04-30
https://sidsummons.itch.io/flicker/devlog/1501681/v061-a-way-out-of-the-second-age-and-a-few-smaller-things,,2026-04-30
https://hbeezly.itch.io/dasher/devlog/1501682/v-alpha-11-minor-update,,2026-04-30
https://starhold.itch.io/starhold/devlog/1501683/asteroid-mining,,2026-04-30
https://itch.io/blog/1501684/the-handheld-heritage-bundle-origins,,2026-04-30
https://azkron.itch.io/rogue-collector/devlog/1501685/-rogue-collector-v0021,,2026-04-30
https://alice-vasilenko.itch.io/group-17-games-project/devlog/1501686/devlog-7-production-sprint-2-week-1,,2026-04-30
https://scanix.itch.io/showdown/devlog/1501687/version-065,,2026-04-30
https://spellbookgaming.itch.io/bite-the-hand/devlog/1501688/v10-patch-notes,,2026-04-30
https://itch.io/blog/1501689/coming-soon-wife-of-two-crows,,2026-04-30
https://scriptorum.itch.io/hands-free-rpg/devlog/1501690/pacing-for-rpgs,,2026-04-30
https://xeoyoona.itch.io/futureproof/devlog/1501691/demo-is-out,,2026-04-30
https://river-tam.itch.io/saving-beauty/devlog/1501692/finding-inspiration,,2026-04-30
https://synrecrpgmaker.itch.io/rpg-maker-mvmz-understrike/devlog/1501693/v121-removed-strict-evals,,2026-04-30
https://mxapps.itch.io/midnight-outrun/devlog/1501694/160-20260427-more-credits,,2026-04-30
https://ethan-elitez.itch.io/zombie-swarm/devlog/1501695/support-for-higher-resolutions,,2026-04-30
https://bmoke.itch.io/game/devlog/1501696/new-upd,,2026-04-30
https://ninjachicle.itch.io/ge-lie-boyxreader/devlog/1501697/wandering-npcs,,2026-04-30
https://delveriagames.itch.io/dungeons-of-delveria/devlog/1501698/patch-022-book-of-sigils,,2026-04-30
https://patstudio.itch.io/tarot-requiem/devlog/1501699/updated-demo,,2026-04-30
https://dannyboi05.itch.io/gp16thelastconduit/devlog/1501700/devlog-week-7-gameplay-changes-ui-and-animations,,2026-04-30
https://ulisoft.itch.io/ulisoftassets/devlog/1501701/chubby-boy-and-girl,,2026-04-30
https://ethan-elitez.itch.io/space-simulation/devlog/1501702/support-for-higher-resolutions,,2026-04-30
https://hornycoon.itch.io/ramna-run/devlog/1501703/new-game,,2026-04-30
https://itch.io/blog/1501704/kanelinha-first-concept-art-reveal,,2026-04-30
https://chalkboard-games.itch.io/gas-leak/devlog/1501705/explosions-enemy-movement,,2026-04-30
https://river-tam.itch.io/ilinca/devlog/1501706/finding-inspiration,,2026-04-30
https://araarathain.itch.io/gp01riskybusiness/devlog/1501707/devlog-week-8-starting-off-sprint-2,,2026-04-30
https://ethan-elitez.itch.io/vr-mathematics/devlog/1501708/support-for-higher-resolutions,,2026-04-30
https://unsame.itch.io/runway/devlog/1501709/version-72-is-now-live,,2026-04-30
https://bitetherosestudio.itch.io/paper-hearts/devlog/1501710/-dev-log-update-on-chapter-6,,2026-04-30
https://smgeofficial.itch.io/stalker-coast/devlog/1501711/update-v10,,2026-04-30
https://justepyx.itch.io/beer-rescue/devlog/1501712/a-poster-format-artwork-of-the-game-packaging,,2026-04-30
https://watashiwadesu.itch.io/immortals-and-heroes/devlog/1501713/full-working-stats-reading-from-json,,2026-04-30
https://maverickbit.itch.io/sky-strike-overdrive/devlog/1501714/devlog-02-the-evolution-of-nyc-neon,,2026-04-30
https://sugarsingames.itch.io/waifu-dating-phone/devlog/1501715/waifu-dating-phone-game-launch-v10,,2026-04-30
https://leafygames.itch.io/idols-of-ash/devlog/1501716/version-131,,2026-04-30
https://0matssss.itch.io/debts-and-orbits/devlog/1501717/alfa-launch-v00,,2026-04-30
https://ludonauta.itch.io/milkywaymail/devlog/1501718/top-down-vs-twin-stick-controllers-in-godot-engine,,2026-04-30
https://itch.io/blog/1501719/trying-a-new-perspective-on-imagery,,2026-04-30
https://trooopes.itch.io/politicvs/devlog/1501720/update-1,,2026-04-30
https://river-tam.itch.io/saving-beauty/devlog/1501721/that-time-when-you-see-things-everywhere,,2026-04-30
https://viktor-knobloch.itch.io/vertical-slice/devlog/1501722/274-2325,,2026-04-30
https://amberfalcongames.itch.io/triple-triad/devlog/1501723/v100-beta2,,2026-04-30
https://ludorino.itch.io/billiard-ocean/devlog/1501724/maximum-lossgain-of-strokes-per-level,,2026-04-30
https://mkrstudio.itch.io/rgbsnaky/devlog/1501725/rgb-snaky-early-access,,2026-04-30
https://styxgrimoire.itch.io/magecraft/devlog/1501727/patch-notes-v113,,2026-04-30
https://alb-pixel-store.itch.io/caveman-story-assets/devlog/1501728/caveman-story-assets,,2026-04-30
https://am2126.itch.io/am2126-devlog-journal/devlog/1501729/310326-workshop-devlog,,2026-04-30
https://nf30.itch.io/survivor7/devlog/1501730/update-11,,2026-04-30
https://itch.io/blog/1501731/call-to-wishlist-on-steam,,2026-04-30
https://justepyx.itch.io/beersuckers/devlog/1501732/tape-version-of-the-game,,2026-04-30
https://itch.io/blog/1501733/rest-area-simulator-final-version-2026-pc-download-full-version,,2026-04-30
https://arquete.itch.io/bullet-time/devlog/1501734/bug-fix-html,,2026-04-30
https://itch.io/blog/1501735/simpleplanes-2-2026-master-edition-pc-game-free-download,,2026-04-30
https://lara-gg.itch.io/gp19projectname/devlog/1501736/devlog-7-production-sprint-2-week-1,,2026-04-30
https://waharocket.itch.io/faith/devlog/1501737/v20-beta-10-build-58,,2026-04-30
https://voylin.itch.io/gozen/devlog/1501738/gozen-v094-alpha,,2026-04-30
https://sheryb.itch.io/mixup/devlog/1501740/local-co-op-added,,2026-04-30
https://gooseburber.itch.io/16-x-16-pixel-ui-input-icons/devlog/1501741/itchio-page-upgrade,,2026-04-30
https://itch.io/blog/1501742/moomintroll-winters-warmth-complete-game-free-download-2026,,2026-04-30
https://sebastianscaini.itch.io/unreal-dev-build-launcher/devlog/1501743/101,,2026-04-30
https://ethan-elitez.itch.io/game-night-stuck-in-space/devlog/1501744/support-for-higher-resolutions,,2026-04-30
https://itch.io/blog/1501745/agrivore-incremental-farming-complete-game-free-download-2026,,2026-04-30
https://itch.io/blog/1501746/vending-machine-co-complete-game-free-download-2026,,2026-04-30
https://watada.itch.io/not-today-frog/devlog/1501747/after-trijam-369,,2026-04-30
https://charlesedwardpipe.itch.io/bandit-hideout-generator/devlog/1501748/fixed-a-slight-formatting-error,,2026-04-30
https://lordkarlitos.itch.io/goldenspire/devlog/1501749/goldenspire-beta-released,,2026-04-30
https://itch.io/blog/1501751/vending-machine-co-complete-game-free-download-2026,,2026-04-30
https://itch.io/blog/1501752/flock-around-complete-game-free-download-2026,,2026-04-30
https://itch.io/blog/1501753/yunyun-syndrome-rhythm-psychosis-complete-game-free-download-2026,,2026-04-30
https://itch.io/blog/1501754/shapez-2-factory-complete-game-free-download-2026,,2026-04-30
https://itch.io/blog/1501755/tides-of-tomorrow-complete-game-free-download-2026,,2026-04-30
https://itch.io/blog/1501756/together-moon-escape-complete-game-free-download-2026,,2026-04-30
https://itch.io/blog/1501757/vampire-crawlers-the-turbo-wildcard-from-vampire-survivors-complete-game-free-download-2026,,2026-04-30
https://itch.io/blog/1501758/all-hail-the-orb-complete-game-free-download-2026,,2026-04-30
https://itch.io/blog/1501759/pragmata-complete-game-free-download-2026,,2026-04-30
https://itch.io/blog/1501760/fishing-inc-complete-game-free-download-2026,,2026-04-30
https://itch.io/blog/1501762/city-transport-simulator-complete-game-free-download-2026,,2026-04-30
https://bmoke.itch.io/game/devlog/1501763/lore-owner-hat,,2026-04-30
https://sophiebe.itch.io/gp10necrogangsters/devlog/1501764/devlog-7-the-game-is-coming-together,,2026-04-30
https://theowlgorithm.itch.io/sprung-donuts/devlog/1501765/remove-the-no-number-jam-limit-add-spanish,,2026-04-30
https://sphynxg101.itch.io/dodge-n-dash/devlog/1501766/demo-update-again,,2026-04-30
https://lounadev.itch.io/dancing-line-fan-edition/devlog/1501768/dlfe-0154a-is-here,,2026-04-30
https://itch.io/blog/1501769/terrafactor-complete-game-free-download-2026,,2026-04-30
https://itch.io/blog/1501770/city-transport-simulator-complete-game-free-download-2026,,2026-04-30
https://itch.io/blog/1501771/raccoin-coin-pusher-roguelike-complete-game-free-download-2026,,2026-04-30
https://itch.io/blog/1501772/hozy-complete-game-free-download-2026,,2026-04-30
https://itch.io/blog/1501773/life-is-strange-reunion-complete-game-free-download-2026,,2026-04-30
https://itch.io/blog/1501774/way-of-the-hunter-2-complete-game-free-download-2026,,2026-04-30
https://itch.io/blog/1501775/the-bus-complete-game-free-download-2026,,2026-04-30
https://itch.io/blog/1501776/screamer-complete-game-free-download-2026,,2026-04-30
https://itch.io/blog/1501777/mall-rivals-complete-game-free-download-2026,,2026-04-30
https://itch.io/blog/1501778/crimson-desert-complete-game-free-download-2026,,2026-04-30
https://itch.io/blog/1501779/death-stranding-2-on-the-beach-complete-game-free-download-2026,,2026-04-30
https://itch.io/blog/1501780/scritchy-scratchy-complete-game-free-download-2026,,2026-04-30
https://itch.io/blog/1501781/timber-rush-complete-game-free-download-2026,,2026-04-30
https://copaceticat.itch.io/candyboxu/devlog/1501782/candy-box-u-beta-119-update,,2026-04-30
https://itch.io/blog/1501783/one-day-you-wont-be-able-to-ask-them-anymore,,2026-04-30
https://itch.io/blog/1501784/everwind-complete-game-free-download-2026,,2026-04-30
https://itch.io/blog/1501785/retro-rewind-video-store-simulator-complete-game-free-download-2026,,2026-04-30
https://itch.io/blog/1501786/monster-hunter-stories-3-twisted-reflection-complete-game-free-download-2026,,2026-04-30
https://itch.io/blog/1501787/timberborn-complete-game-free-download-2026,,2026-04-30
https://itch.io/blog/1501788/solasta-ii-complete-game-free-download-2026,,2026-04-30
https://itch.io/blog/1501789/packing-life-complete-game-free-download-2026,,2026-04-30
https://itch.io/blog/1501790/over-the-top-wwi-complete-game-free-download-2026,,2026-04-30
https://itch.io/blog/1501791/mr-farmboy-complete-game-free-download-2026,,2026-04-30
https://sparkgapgames.itch.io/socrates/devlog/1501792/ti-994a-socrates-game-development-devlog-18-dialog-spacing-and-color-scheme-adjustments,,2026-04-30
https://nixtrixj2.itch.io/fateofdawn/devlog/1501793/new-skills-overview,,2026-04-30
https://itch.io/blog/1501794/slay-the-spire-2-complete-game-free-download-2026,,2026-04-30
https://itch.io/blog/1501795/drainsim-complete-game-free-download-2026,,2026-04-30
https://itch.io/blog/1501796/esoteric-ebb-complete-game-free-download-2026,,2026-04-30
https://itch.io/blog/1501797/resident-evil-requiem-complete-game-free-download-2026,,2026-04-30
https://duckymat.itch.io/sticks-fun-and-tricky-i-game/devlog/1501798/013,,2026-04-30
https://itch.io/blog/1501799/dice-a-million-complete-game-free-download-2026,,2026-04-30
https://vaporstrike19.itch.io/barrage-ttrpg-pre-alpha/devlog/1501800/hiatus,,2026-04-30
https://itch.io/blog/1501801/super-battle-golf-complete-game-free-download-2026,,2026-04-30
https://the-humanoid.itch.io/sand-simulator/devlog/1501802/ui-improvements-and-performance-fixes,,2026-04-30
https://itch.io/blog/1501803/horsey-game-complete-game-free-download-2026,,2026-04-30
https://itch.io/blog/1501804/star-trek-voyager-across-the-unknown-complete-game-free-download-2026,,2026-04-30
https://jackchancer.itch.io/idlepunk/devlog/1501805/update-0393-ddg-browser,,2026-04-30
https://itch.io/blog/1501806/roadside-research-complete-game-free-download-2026,,2026-04-30
https://itch.io/blog/1501807/diablo-ii-resurrected-infernal-edition-complete-game-free-download-2026,,2026-04-30
https://itch.io/blog/1501808/starsand-island-complete-game-free-download-2026,,2026-04-30
https://itch.io/blog/1501809/mewgenics-complete-game-free-download-2026,,2026-04-30
https://itch.io/blog/1501810/car-service-together-complete-game-free-download-2026,,2026-04-30
https://itch.io/blog/1501811/yapyap-complete-game-free-download-2026,,2026-04-30
https://itch.io/blog/1501812/megastore-simulator-complete-game-free-download-2026,,2026-04-30
https://itch.io/blog/1501813/dwarves-glory-death-and-loot-complete-game-free-download-2026,,2026-04-30
https://itch.io/blog/1501814/quarantine-zone-the-last-check-complete-game-free-download-2026,,2026-04-30
https://itch.io/blog/1501815/starrupture-complete-game-free-download-2026,,2026-04-30
https://itch.io/blog/1501816/pioneers-of-pagonia-complete-game-free-download-2025,,2026-04-30
https://pogromca.itch.io/hall-7/devlog/1501817/yo,,2026-04-30
https://itch.io/blog/1501818/octopath-traveler-0-complete-game-free-download-2025,,2026-04-30
https://giyhome.itch.io/universal-2d-game/devlog/1501819/devlog-03a,,2026-04-30
https://itch.io/blog/1501820/solo-leveling-arise-overdrive-complete-game-free-download-2025,,2026-04-30
https://itch.io/blog/1501821/assetto-corsa-rally-complete-game-free-download-2025,,2026-04-30
https://itch.io/blog/1501822/anno-117-pax-romana-complete-game-free-download-2025,,2026-04-30
https://itch.io/blog/1501823/the-last-caretaker-complete-game-free-download-2025,,2026-04-30
https://itch.io/blog/1501824/europa-universalis-v-complete-game-free-download-2025,,2026-04-30
https://itch.io/blog/1501825/leaf-it-alone-complete-game-free-download-2025,,2026-04-30
https://itch.io/blog/1501826/arc-raiders-complete-game-free-download-2025,,2026-04-30
https://itch.io/blog/1501827/the-outer-worlds-2-complete-game-free-download-2025,,2026-04-30
https://itch.io/blog/1501828/escape-simulator-2-complete-game-free-download-2025,,2026-04-30
https://itch.io/blog/1501829/mimesis-complete-game-free-download-2025,,2026-04-30
https://itch.io/blog/1501830/farthest-frontier-complete-game-free-download-2025,,2026-04-30
https://itch.io/blog/1501832/powerwash-simulator-2-complete-game-free-download-2025,,2026-04-30
https://itch.io/blog/1501833/escape-the-backrooms-complete-game-free-download-2025,,2026-04-30
https://itch.io/blog/1501834/dispatch-complete-game-free-download-2025,,2026-04-30
https://itch.io/blog/1501836/jurassic-world-evolution-3-complete-game-free-download-2025,,2026-04-30
https://itch.io/blog/1501837/rv-there-yet-complete-game-free-download-2025,,2026-04-30
https://tristan-delheye.itch.io/game-projects/devlog/1501838/production-sprint-3,,2026-04-30
https://itch.io/blog/1501839/ball-x-pit-complete-game-free-download-2025,,2026-04-30
https://itch.io/blog/1501840/the-farmer-was-replaced-complete-game-free-download-2025,,2026-04-30
https://icanfixthatgames.itch.io/midnight-shifts-with-femboy/devlog/1501841/do-you-want-dlc-of-this-game,,2026-04-30
https://itch.io/blog/1501843/train-sim-world-6-complete-game-free-download-2025,,2026-04-30
https://nekopreto.itch.io/cubics-ad-venture/devlog/1501844/final-version-released,,2026-04-30
https://itch.io/blog/1501845/final-fantasy-tactics-the-ivalice-chronicles-complete-game-free-download-2025,,2026-04-30
https://itch.io/blog/1501846/cloverpit-complete-game-free-download-2025,,2026-04-30
https://count-shaman.itch.io/atan-garden-quest/devlog/1501847/updated-knockback-game-over-and-background-props,,2026-04-30
https://itch.io/blog/1501848/ea-sports-fc-26-complete-game-free-download-2025,,2026-04-30
https://intelios.itch.io/music-icon/devlog/1501849/beta-4-023-update,,2026-04-30
https://itch.io/blog/1501850/hades-ii-complete-game-free-download-2025,,2026-04-30
https://itch.io/blog/1501851/sonic-racing-crossworlds-complete-game-free-download-2025,,2026-04-30
https://itch.io/blog/1501852/silent-hill-f-complete-game-free-download-2025,,2026-04-30
https://mallcreeps.itch.io/mall-creeps/devlog/1501853/weekly-notice-april-27-2006,,2026-04-30
https://itch.io/blog/1501854/slime-rancher-2-complete-game-free-download-2025,,2026-04-30
https://pogromca.itch.io/hall-7/devlog/1501855/femboy-from-hall-7,,2026-04-30
https://dampfrad420.itch.io/plasma-path/devlog/1501856/plasma-path-003d,,2026-04-30
https://itch.io/blog/1501857/the-crew-motorfest-complete-game-free-download-2024,,2026-04-30
https://creativenarwhal.itch.io/rosu/devlog/1501858/main-character,,2026-04-30
https://itch.io/blog/1501859/total-war-warhammer-complete-game-free-download-2016,,2026-04-30
https://itch.io/blog/1501860/dark-souls-iii-complete-game-free-download-2016,,2026-04-30
https://itch.io/blog/1501861/kingdom-come-deliverance-ii-complete-game-free-download-2025,,2026-04-30
https://itch.io/blog/1501862/anno-complete-game-free-download-2019,,2026-04-30
https://itch.io/blog/1501863/elden-ring-complete-game-free-download-2022,,2026-04-30
https://itch.io/blog/1501864/baldurs-gate-3-complete-game-free-download-2023,,2026-04-30
https://itch.io/blog/1501865/total-war-warhammer-iii-complete-game-free-download-2022,,2026-04-30
https://itch.io/blog/1501866/red-dead-redemption-2-complete-game-free-download-2019,,2026-04-30
https://itch.io/blog/1501867/call-of-duty-black-ops-iii-complete-game-free-download-2015,,2026-04-30
https://itch.io/blog/1501868/warhammer-40000-space-marine-2-complete-game-free-download-2024,,2026-04-30
https://aisuuuuu.itch.io/akasen-powerleak/devlog/1501869/updates-on-v03,,2026-04-30
https://itch.io/blog/1501870/dying-light-the-beast-complete-game-free-download-2025,,2026-04-30
https://mostafa-tareq.itch.io/zombie-survival-last-cannon-defense/devlog/1501871/zombie-survival-last-cannon-defense,,2026-04-30
https://itch.io/blog/1501872/total-war-warhammer-ii-complete-game-free-download-2017,,2026-04-30
https://itch.io/blog/1501873/god-of-war-ragnark-complete-game-free-download-2024,,2026-04-30
https://nominanteouest.itch.io/city-of-sand/devlog/1501874/petits-ajustements,,2026-04-30
https://itch.io/blog/1501875/ready-or-not-complete-game-free-download-2023,,2026-04-30
https://itch.io/blog/1501876/dead-island-2-complete-game-free-download-2024,,2026-04-30
https://itch.io/blog/1501877/mount-blade-ii-bannerlord-complete-game-free-download-2022,,2026-04-30
https://itch.io/blog/1501878/hearts-of-iron-iv-complete-game-free-download-2016,,2026-04-30
https://itch.io/blog/1501879/victoria-3-complete-game-free-download-2022,,2026-04-30
https://itch.io/blog/1501880/warhammer-40000-rogue-trader-complete-game-free-download-2023,,2026-04-30
https://itch.io/blog/1501881/the-last-of-us-part-ii-remastered-complete-game-free-download-2025,,2026-04-30
https://itch.io/blog/1501882/planet-coaster-2-complete-game-free-download-2024,,2026-04-30
https://itch.io/blog/1501883/dayz-complete-game-free-download-2018,,2026-04-30
https://itch.io/blog/1501884/7-days-to-die-complete-game-free-download-2024,,2026-04-30
https://itch.io/blog/1501885/roadcraft-complete-game-free-download-2025,,2026-04-30
https://gamestabletop.itch.io/dame/devlog/1501886/prototype-for-dame,,2026-04-30
https://itch.io/blog/1501887/dark-souls-remastered-complete-game-free-download-2018,,2026-04-30
https://itch.io/blog/1501888/clair-obscur-expedition-33-complete-game-free-download-2025,,2026-04-30
https://itch.io/blog/1501889/helldivers-2-complete-game-free-download-2024,,2026-04-30
https://itch.io/blog/1501890/gray-zone-warfare-complete-game-free-download-2024,,2026-04-30
https://itch.io/blog/1501891/arma-reforger-complete-game-free-download-2023,,2026-04-30
https://itch.io/blog/1501892/stellaris-complete-game-free-download-2016,,2026-04-30
https://stafi-lynx.itch.io/dormitory23/devlog/1501893/dormitory-06-devlog,,2026-04-30
https://isuzuhinode.itch.io/woy-r/devlog/1501894/-0019-has-been-released-changes-to-race-names-etc,,2026-04-30
https://itch.io/blog/1501895/dark-souls-ii-scholar-of-the-first-sin-complete-game-free-download-2015,,2026-04-30
https://itch.io/blog/1501897/fallout-76-complete-game-free-download-2020,,2026-04-30
https://itch.io/blog/1501898/elden-ring-nightreign-complete-game-free-download-2025,,2026-04-30
https://itch.io/blog/1501899/the-elder-scrolls-v-skyrim-special-edition-complete-game-free-download-2016,,2026-04-30
https://itch.io/blog/1501900/city-transport-simulator-complete-game-free-download-2026,,2026-04-30
https://itch.io/blog/1501901/warhammer-40000-darktide-complete-game-free-download-2022,,2026-04-30
https://marc-vittorini.itch.io/silent-attack/devlog/1501902/silent-attack-92nd-atari-2600-game-demo-available-to-download-or-play-in-browser,,2026-04-30
https://epic-dog-games.itch.io/the-adventures-of-bjorn-the-bold/devlog/1501903/long-overdue-update,,2026-04-30
https://itch.io/blog/1501904/le-mans-ultimate-complete-game-free-download-2025,,2026-04-30
https://itch.io/blog/1501905/inzoi-complete-game-free-download-2025,,2026-04-30
https://itch.io/blog/1501906/conan-exiles-complete-game-free-download-2018,,2026-04-30
https://itch.io/blog/1501907/resident-evil-4-complete-game-free-download-2023,,2026-04-30
https://itch.io/blog/1501908/manor-lords-complete-game-free-download-2024,,2026-04-30
https://syckotik.itch.io/jolly-roger-jetstream/devlog/1501909/working-on-012,,2026-04-30
https://itch.io/blog/1501910/mafia-the-old-country-complete-game-free-download-2025,,2026-04-30
https://itch.io/blog/1501911/disney-dreamlight-valley-complete-game-free-download-2023,,2026-04-30
https://itch.io/blog/1501912/diablo-ii-resurrected-infernal-edition-complete-game-free-download-2026,,2026-04-30
https://itch.io/blog/1501913/assassins-creed-iv-black-flag-complete-game-free-download-2026,,2026-04-30
https://itch.io/blog/1501914/physical-version-now-available,,2026-04-30
https://itch.io/blog/1501915/house-flipper-2-complete-game-free-download-2023,,2026-04-30
https://itch.io/blog/1501916/avowed-complete-game-free-download-2025,,2026-04-30
https://itch.io/blog/1501917/kerbal-space-program-complete-game-free-download-2015,,2026-04-30
https://itch.io/blog/1501918/the-hundred-line-last-defense-academy-complete-game-free-download-2025,,2026-04-30
https://itch.io/blog/1501919/split-fiction-complete-game-free-download-2025,,2026-04-30
https://zmijanc.itch.io/tve-client/devlog/1501920/version-130-is-out-now,,2026-04-30
https://itch.io/blog/1501921/silent-hill-2-complete-game-free-download-2024,,2026-04-30
https://itch.io/blog/1501922/metaphor-refantazio-complete-game-free-download-2024,,2026-04-30
https://tastyace.itch.io/an-anniversary-with-a-sexy-sylveon/devlog/1501923/sexy-sylveon-3-update-3-domme-mommy-cock-worship,,2026-04-30
https://itch.io/blog/1501924/wartales-complete-game-free-download-2023,,2026-04-30
https://cautblam.itch.io/button-clicker/devlog/1501925/v2-has-released-well-kind-of,,2026-04-30
https://yeetrs.itch.io/pecknsend/devlog/1501926/devlog7-gameloop,,2026-04-30
https://itch.io/blog/1501927/call-to-arms-gates-of-hell-ostfront-complete-game-free-download-2021,,2026-04-30
https://itch.io/blog/1501928/icarus-complete-game-free-download-2021,,2026-04-30
https://dataerase.itch.io/labyrinthos/devlog/1501929/labyrinthos-v15,,2026-04-30
https://itch.io/blog/1501930/foundation-complete-game-free-download-2025,,2026-04-30
https://tomycase.itch.io/megaman-dxtreme/devlog/1501931/important-youtube-bot-has-flagged-some-dxtreme-videos,,2026-04-30
https://itch.io/blog/1501932/last-epoch-complete-game-free-download-2024,,2026-04-30
https://itch.io/blog/1501933/factorio-complete-game-free-download-2020,,2026-04-30
https://itch.io/blog/1501934/rimworld-complete-game-free-download-2018,,2026-04-30
https://r-creator.itch.io/gp11labyrinth/devlog/1501935/dev-log-7-second-sprint-go,,2026-04-30
https://itch.io/blog/1501936/omsi-2-steam-edition-complete-game-free-download-2013,,2026-04-30
https://andrewapplabs.itch.io/joytaggers/devlog/1501937/launch,,2026-04-30
https://itch.io/blog/1501938/forza-horizon-5-complete-game-free-download-2021,,2026-04-30
https://itch.io/blog/1501939/tom-clancys-the-division-2-complete-game-free-download-2023,,2026-04-30
https://itch.io/blog/1501940/teardown-complete-game-free-download-2022,,2026-04-30
https://itch.io/blog/1501941/farming-simulator-25-complete-game-free-download-2024,,2026-04-30
https://itch.io/blog/1501942/lies-of-p-complete-game-free-download-2023,,2026-04-30
https://itch.io/blog/1501943/kingdom-come-deliverance-complete-game-free-download-2018,,2026-04-30
https://itch.io/blog/1501944/grounded-2-complete-game-free-download-2025,,2026-04-30
https://itch.io/blog/1501945/final-fantasy-vii-rebirth-complete-game-free-download-2025,,2026-04-30
https://itch.io/blog/1501946/avatar-frontiers-of-pandora-complete-game-free-download-2024,,2026-04-30
https://itch.io/blog/1501947/blue-prince-complete-game-free-download-2025,,2026-04-30
https://isuzuhinode.itch.io/woyr-lang/devlog/1501948/yelekanis-inscription-a-linguistic-dungeon-crawler-spinoff-of-witch-of-yelekedis,,2026-04-30
https://metamuffin1.itch.io/hurrycurry/devlog/1501949/hurry-curry-310-big-screen-release-changelog,,2026-04-30
https://itch.io/blog/1501950/sons-of-the-forest-complete-game-free-download-2024,,2026-04-30
https://gamecreator772.itch.io/sillyshot/devlog/1501951/minor-11-update,,2026-04-30
https://satyrnstudios.itch.io/hearthcrawl/devlog/1501952/hearthcrawl-release-roadmap-and-payment-model,,2026-04-30
https://evildojo.itch.io/projectrpg/devlog/1501953/v0087,,2026-04-30
https://nixtrixj2.itch.io/fateofdawn/devlog/1501954/fateofdawn-3rd-year-aniversity-celebration,,2026-04-30
https://polygonmyth.itch.io/wavecraftlegends/devlog/1501955/demo-for-wavecraft-legends-out-now,,2026-04-30
https://wwirvingww.itch.io/she-does-not-belong-here/devlog/1501956/she-does-not-belong-here,,2026-04-30
https://belgus.itch.io/gp06burglinbirds/devlog/1501957/devlog-7-progress,,2026-04-30
https://rainyangel.itch.io/the-rift/devlog/1501958/dev-log-1-4272026,,2026-04-30
https://pizzadoggy.itch.io/psx-textures-2/devlog/1501960/expanded-the-free-sample,,2026-04-30
https://itch.io/blog/1501961/new-themed-bundles-are-here-save-more-,,2026-04-30
https://returnerreign.itch.io/dark-returner/devlog/1501962/wide-range-attack-by-boss,,2026-04-30
https://goldleafinteractive.itch.io/dread-and-breakfast/devlog/1501963/patch-notes-v090-beta,,2026-04-30
https://beambrain.itch.io/guardian-cry/devlog/1501964/v11-released,,2026-04-30
https://eucatastrophic.itch.io/downrooted/devlog/1501965/we-are-funded,,2026-04-30
https://kadajah.itch.io/kadajahs-damage-popup-for-rpg-maker-mz/devlog/1501966/version-35-update-custom-icons-backgrounds-new-animations,,2026-04-30
https://artemiourbina.itch.io/240p-test-suite/devlog/1501968/nintendo-64-240p-test-suite-release-candidate,,2026-04-30
https://doomcat-studios-official.itch.io/gunventure/devlog/1501969/crafting-and-quests,,2026-04-30
https://nightwingfanboy.itch.io/another-unoriginal-bullet-hell-game/devlog/1501970/waves-waves-waves,,2026-04-30
https://syckotik.itch.io/jolly-roger-jetstream/devlog/1501971/013-complete,,2026-04-30
https://samuelknowsbest.itch.io/clix-the-traffix/devlog/1501972/version-2,,2026-04-30
https://elise-keersebilck.itch.io/game-projects-group-twelve/devlog/1501973/devlog-7-the-aliens-are-lurking-in-the-ship,,2026-04-30
https://cotistudios.itch.io/tatola-adventures/devlog/1501975/devlog-1-the-journey-begins-from-award-winning-prototype-to-full-adventure,,2026-04-30
https://pixdoom.itch.io/pixdoom-hero-heads-ultimate-customization-pack/devlog/1501976/-the-forge-is-overflowing-hero-heads-pack-arrives-tomorrow,,2026-04-30
https://furia-divina.itch.io/project-neon-light-children/devlog/1501977/upgraded-f-b,,2026-04-30
https://firework-enema.itch.io/story-of-my-life/devlog/1501978/you-can-only-make-a-first-impression-once-fing-kill-me,,2026-04-30
https://oleonze.itch.io/birb/devlog/1501979/version-0994,,2026-04-30
https://latenightstudios.itch.io/happy-endings/devlog/1501980/demo-updates-2,,2026-04-30
https://dylanmadeley.itch.io/the-fate-of-lenn/devlog/1501981/typo-fix-page-170,,2026-04-30
https://dataerase.itch.io/labyrinthos/devlog/1501982/labyrinthos-151,,2026-04-30
https://esbionarshadow.itch.io/gms-crisis-catalogue/devlog/1501983/minor-update,,2026-04-30
https://jabbonk.itch.io/homelander/devlog/1501984/homelander-chapter-5-part-2,,2026-04-30
https://spartaorb.itch.io/xanix/devlog/1501985/xanix-aint-dead-also-hello-after-a-crapton,,2026-04-30
https://posionfox.itch.io/mission-dive/devlog/1501986/post-jam-changes,,2026-04-30
https://boxdudestudio.itch.io/endless-tetris/devlog/1501987/bug-patched,,2026-04-30
https://yalt.itch.io/astracide/devlog/1501988/visual-overhaul-of-game,,2026-04-30
https://devsangwook.itch.io/labyrinth/devlog/1501989/v0428-,,2026-04-30
https://maledollstudio.itch.io/raw-signal/devlog/1501990/quick-pach-v101b,,2026-04-30
https://boorch.itch.io/grampus/devlog/1501991/v070-bonesaw-engine-polivoks-filters,,2026-04-30
https://idlehandzonline.itch.io/wild-spirits-alpha/devlog/1501992/initial-upload,,2026-04-30
https://inkdorittle.itch.io/minecraft-the-withered-knight-unofficial-comic-graphic-novel/devlog/1501993/the-withered-knight-a-minecraft-comic,,2026-04-30
https://kweepa.itch.io/unity-underground/devlog/1501994/unity-underground-devlog-10-achievement-fixes,,2026-04-30
https://supermario727.itch.io/mud-to-wires/devlog/1501995/unit-combat-and-buildings,,2026-04-30
https://hakuenstudio.itch.io/eli-super-text/devlog/1501996/110-bug-fixes-performance-improvement-new-features-and-jsdoc,,2026-04-30
https://one-tap-studios.itch.io/the-last-orbit/devlog/1501997/the-last-orbit-update,,2026-04-30
https://jetpoweredgaming.itch.io/iron-dogs/devlog/1501998/v022-linux-is-calling,,2026-04-30
https://arthurparadox.itch.io/echoes-of-darkness/devlog/1501999/update-037,,2026-04-30
https://itch.io/blog/1502000/whats-next-for-hypnomaker-and-what-do-you-want-to-see,,2026-04-30
https://lithun.itch.io/the-deck-of-consequences/devlog/1502001/deck-of-consequences,,2026-04-30
https://syckotik.itch.io/jolly-roger-jetstream/devlog/1502002/014-complete,,2026-04-30
https://gerection.itch.io/beta-safe-app/devlog/1502004/beta-safe-app-update-20,,2026-04-30
https://duckdruid.itch.io/maggot-town/devlog/1502005/maggot-town-update,,2026-04-30
https://tomycase.itch.io/megaman-dxtreme/devlog/1502007/update-on-the-youtube-situation,,2026-04-30
https://kadajah.itch.io/kadajahs-battle-trigger/devlog/1502008/update-v50-defensive-qtes-ajust-10-built-in-presets-and-new-controls,,2026-04-30
https://mitchellgeorge.itch.io/social-crimes/devlog/1502009/the-future-of-social-crimes,,2026-04-30
https://afterhoursgames.itch.io/lena-our-story/devlog/1502010/-update-011-is-live,,2026-04-30
https://itch.io/blog/1502011/devblog-new-game-scp-087,,2026-04-30
https://lemniscarte.itch.io/ergastulum/devlog/1502012/pronto-para-imprimir-print-ready,,2026-04-30
https://double-system-games.itch.io/friendly-fire/devlog/1502013/how-enemy-ai-works-in-friendly-fire-v10,,2026-04-30
https://teitofriends.itch.io/chatarra-orbital/devlog/1502014/gracias-por-probar-chatarra-orbital-prximas-actualizaciones,,2026-04-30
https://sevencrane.itch.io/neodrive/devlog/1502015/itch-development-ending-soon-because-the-game-is-getting-too-big,,2026-04-30
https://epicdevr.itch.io/gorg-the-game/devlog/1502016/small-mostly-visual-update-v111,,2026-04-30
https://isuzuhinode.itch.io/woy-r/devlog/1502017/april-progress-report-2026,,2026-04-30
https://warpedcat1.itch.io/incredibox-whimzi-rejoy-v2/devlog/1502018/update-101,,2026-04-30
https://mrstrangelove.itch.io/fookin-living/devlog/1502019/fookin-living-demo-is-live-now,,2026-04-30
https://mrstrangelove.itch.io/welcome-to-free-will/devlog/1502020/fookin-living-demo-is-live-now,,2026-04-30
https://darkchibishadow.itch.io/the-fall-of-the-rose-princess/devlog/1502021/chapter-6-is-out-now,,2026-04-30
https://itch.io/blog/1502022/kalans-brikks-is-not-going-to-be-made,,2026-04-30
https://itch.io/blog/1502023/bbv-report-9-darens-new-look,,2026-04-30
https://byronbulb.itch.io/bandestar/devlog/1502024/030,,2026-04-30
https://imurlilgoddess.itch.io/pixelpumper/devlog/1502025/pixel-pumper-124-faster-exports-batched-exports-and-more,,2026-04-30
https://esbionarshadow.itch.io/gms-crisis-catalogue/devlog/1502026/another-one-lmao,,2026-04-30
https://patchy-illusion-team.itch.io/legend-of-door/devlog/1502027/small-update,,2026-04-30
https://byronbulb.itch.io/bandestar/devlog/1502028/031,,2026-04-30
https://akmal-hie.itch.io/titan-tower/devlog/1502029/update-021,,2026-04-30
https://bisonblackdesign.itch.io/blackest-jack/devlog/1502030/devlog-1-the-math-doesnt-changemostly,,2026-04-30
https://chromaticdev.itch.io/chromatic-chapter-one/devlog/1502033/new-version-and-fixes-42626,,2026-04-30
https://beagleguy.itch.io/streetlight-syndicate/devlog/1502034/big-demo-update,,2026-04-30
https://itch.io/blog/1502035/download-esp-pro-rainbow-six-siege-hack,,2026-04-30
https://danyagonsales.itch.io/diamartyr/devlog/1502036/diamartyr-an-executable-scream,,2026-04-30
https://optheflavour.itch.io/unbind-demo/devlog/1502037/unbind-demo-update-28042026,,2026-04-30
https://itch.io/blog/1502038/valorant-aimbot-pro-vg587-cheat-download-2025,,2026-04-30
https://dekawolf.itch.io/golden-days-furry-visual-novel/devlog/1502039/new-update,,2026-04-30
https://missdataninja.itch.io/stellar-codex/devlog/1502040/update-13,,2026-04-30
https://ingjuego.itch.io/gravedad/devlog/1502041/bug-on-three,,2026-04-30
https://lison-ja.itch.io/project-singularity/devlog/1502042/the-start,,2026-04-30
https://pgshiho.itch.io/outland-shelter/devlog/1502043/add-sounds,,2026-04-30
https://indigolay.itch.io/pixelcardui/devlog/1502044/-devlog-pixel-art-card-ui-kit-illustration-windows-master-psb-update,,2026-04-30
https://dalar8.itch.io/impact/devlog/1502045/impact-11,,2026-04-30
https://gleick-pereira.itch.io/typing-show/devlog/1502046/new-version-16,,2026-04-30
https://noodlynoodlbo.itch.io/prince-peter-and-the-dooming-adventure/devlog/1502047/prince-peter-atda-42726-update,,2026-04-30
https://dekawolf.itch.io/golden-days-furry-visual-novel/devlog/1502048/whats-next,,2026-04-30
https://milo-el-real.itch.io/snaby-/devlog/1502049/snaby,,2026-04-30
https://1stfool.itch.io/crazy-fish-drift-kart/devlog/1502050/v10-release,,2026-04-30
https://theconsequenceofgods.itch.io/eastwynne-rpg/devlog/1502051/hotfix-2-eastwynne-mpq-demo,,2026-04-30
https://lison-ja.itch.io/project-singularity/devlog/1502052/plan,,2026-04-30
https://jason-cai.itch.io/miami-vandal/devlog/1502053/update-game-controls-instructions,,2026-04-30
https://starlight-studios.itch.io/runes-of-pandemonium/devlog/1502054/version-466-released-update-crosspost,,2026-04-30
https://tenstudiosbc.itch.io/ssia-vanguard-chronicles/devlog/1502055/android-apk-client-update-new-improvements-on-android,,2026-04-30
https://sophiepixel.itch.io/throughtheglass/devlog/1502056/working-on-the-story,,2026-04-30
https://backterria.itch.io/the-mystery/devlog/1502057/mystery-pack-87,,2026-04-30
https://abi27.itch.io/unearthed-game-concept/devlog/1502059/player-movement,,2026-04-30
https://miyoshi-shizuka.itch.io/inner-truth/devlog/1502060/inner-truth-version-25-release-notes,,2026-04-30
https://freeeazy.itch.io/gravi-sling-3d/devlog/1502061/improved-tutorial-leviathan-prototype,,2026-04-30
https://concluse-dev.itch.io/busy-boy-fan-game/devlog/1502062/update-no-more-slowdown,,2026-04-30
https://laura-alvs.itch.io/drone/devlog/1502063/github-lfs-debugging,,2026-04-30
https://syckotik.itch.io/jolly-roger-jetstream/devlog/1502064/new-release-version-015,,2026-04-30
https://rojy.itch.io/playground-for-monkeys/devlog/1502065/shop,,2026-04-30
https://keyofw.itch.io/tms84-demo/devlog/1502066/working-build-724,,2026-04-30
https://gghf.itch.io/randgirls00/devlog/1502067/build-url-httpsloc-cdt-coins-selltrycloudflarecom,,2026-04-30
https://itch.io/blog/1502068/eby-transpork-v2-coming-soon,,2026-04-30
https://syntaxterrordev.itch.io/iron-trident/devlog/1502069/the-crew-finally-talks-back,,2026-04-30
https://studiowasp.itch.io/red-spider-vengeance-remastered/devlog/1502070/update-notice-ver-120,,2026-04-30
https://jumplineofficial.itch.io/plood/devlog/1502071/the-biggest-update-ever-added-in-plood-best-update-ever-added-in-plood-this-is-the-best-update-and-biggest,,2026-04-30
https://cockherogame.itch.io/cock-hero/devlog/1502072/cock-hero-v005-launches-june-19th-2026,,2026-04-30
https://zionh.itch.io/ghostling/devlog/1502073/ghostling-is-live-multitask-like-a-phantom,,2026-04-30
https://designroom.itch.io/tassu/devlog/1502074/tassu-release-v125-team-and-language-update,,2026-04-30
https://roguedev48.itch.io/astro-riches/devlog/1502075/update-patch-and-future-plans,,2026-04-30
https://itch.io/blog/1502076/quizland,,2026-04-30
https://divisionplus.itch.io/fantasy-land-locales/devlog/1502077/names-for-your-fantasy-land,,2026-04-30
https://iubioiubiei.itch.io/iubioiubiei/devlog/1502078/devlog-background-hazards-overhaul,,2026-04-30
https://sirius5.itch.io/domminion/devlog/1502079/domminion51,,2026-04-30
https://skechanhn.itch.io/skechnotes/devlog/1502080/103,,2026-04-30
https://synrecrpgmaker.itch.io/rpg-maker-mvmz-level-stats/devlog/1502081/released,,2026-04-30
https://willroberts.itch.io/oath-eternal/devlog/1502082/patch-v013,,2026-04-30
https://axiomnova.itch.io/the-last-lord/devlog/1502084/version-v0581-update-time-2026427,,2026-04-30
https://falconpilot.itch.io/manifest-333/devlog/1502085/100,,2026-04-30
https://dakotitah.itch.io/cat-a-gun/devlog/1502086/bug-fixes,,2026-04-30
https://quarter2.itch.io/slopfighter/devlog/1502087/prompting-update,,2026-04-30
https://thearcadean.itch.io/corrupted-kingdoms/devlog/1502088/v022-bugfix-update,,2026-04-30
https://mikeybeers7.itch.io/xeldor/devlog/1502089/xeldor-update,,2026-04-30
https://dakotitah.itch.io/broomstick-joyride/devlog/1502090/few-changes-v01,,2026-04-30
https://mr-kirby.itch.io/fresh-start/devlog/1502091/fresh-start,,2026-04-30
https://thestardog.itch.io/soda-soloists-demo/devlog/1502092/official-launch-announcement,,2026-04-30
https://el-programador-pobre.itch.io/readcraftery/devlog/1502093/two-new-reading-activities-and-a-light-feedback-system,,2026-04-30
https://makham.itch.io/pixel-composer/devlog/1502094/1210-stable,,2026-04-30
https://makham.itch.io/pixel-composer/devlog/1502095/121-change-since-120,,2026-04-30
https://dustyoldcoat.itch.io/shootergame/devlog/1502096/added-blood,,2026-04-30
https://gflo412.itch.io/void-descent/devlog/1502097/bug-fixes,,2026-04-30
https://albawuff.itch.io/sinter/devlog/1502098/sinter-chapter-1-release,,2026-04-30
https://itch.io/blog/1502099/notebook-that-remember-visual-novel,,2026-04-30
https://cyberpenguin404.itch.io/gp20projectpegasus/devlog/1502100/devlog-7-refining-and-expanding,,2026-04-30
https://lowpowgamer.itch.io/on-the-train/devlog/1502101/new-background,,2026-04-30
https://rasiail.itch.io/aerodream/devlog/1502102/convert-to-web-version,,2026-04-30
https://nolimelightproductions.itch.io/prosperon-cyberpunk-setting/devlog/1502103/new-supplement-in-the-works-get-ready-for-a-gangs-factions-supplement,,2026-04-30
https://geekrampage.itch.io/uprising-on-antares-9/devlog/1502104/new-update-to-uprising-on-antares-9,,2026-04-30
https://ghostkitchen.itch.io/voidburn/devlog/1502105/many-new-features-balancing-updates-bug-fixes,,2026-04-30
https://piquin-piquin.itch.io/piquin-piquin/devlog/1502106/cambio-de-interfaz,,2026-04-30
https://harlevin.itch.io/celestial-crowns/devlog/1502107/celesial-crowns-patch,,2026-04-30
https://itch.io/blog/1502108/introduction,,2026-04-30
https://itch.io/blog/1502109/my-bad-i-forgor,,2026-04-30
https://cap7ainskull.itch.io/knockouts-only-by-eshan-divecha/devlog/1502110/my-bad,,2026-04-30
https://neons-studio.itch.io/neon-vector-dash/devlog/1502111/neon-vector-coming-soon-may-the-4th-be-with-you,,2026-04-30
https://pots-and-pans.itch.io/ziusudras-last-stand/devlog/1502112/patch-ii-overview-of-changes,,2026-04-30
https://itch.io/blog/1502113/new-game-idea,,2026-04-30
https://1tslek.itch.io/minesweeper-minus/devlog/1502114/more-info-to-update-031,,2026-04-30
https://biokompott.itch.io/wordrap/devlog/1502116/wordrap-is-now-playable-in-your-browser-available-in-english,,2026-04-30
https://mr-kirby.itch.io/fresh-start/devlog/1502117/sdad,,2026-04-30
https://robinmurder.itch.io/definitely-not-botting/devlog/1502118/v020,,2026-04-30
https://mrstaleman.itch.io/inscribed-heartstealer/devlog/1502119/update-15-inscribed-cards-and-custom-templates,,2026-04-30
https://samfa12.itch.io/possum-cafe/devlog/1502120/update-v032,,2026-04-30
https://programminglogic.itch.io/scoundrel/devlog/1502121/v040-prerelease-1,,2026-04-30
https://snom-platinum.itch.io/moonlight/devlog/1502122/11-post-release-update,,2026-04-30
https://itch.io/blog/1502123/my-first-visual-novel-mi-primera-novela-visual,,2026-04-30
https://unpainted-productions.itch.io/cake-or-fake/devlog/1502124/i-joined-a-jam-late,,2026-04-30
https://henrique-esilva.itch.io/vortech2/devlog/1502125/novo-sistema-de-input,,2026-04-30
https://trueworldstudios.itch.io/alteredblood/devlog/1502127/3000-downloads-whats-next,,2026-04-30
https://huza1994.itch.io/exponential-hero/devlog/1502128/v1016-set-up-some-texts-for-ascension,,2026-04-30
https://starscape-universes.itch.io/happiness-laboratory/devlog/1502129/thank-you-small-update,,2026-04-30
https://joongix.itch.io/copypxl-bitmap-font-generator/devlog/1502130/copypxl-update-always-on-server-new-domain-and-glyph-spacing-lessons,,2026-04-30
https://mossycl.itch.io/deep-inside/devlog/1502131/devlog-report-3,,2026-04-30
https://g2shoes.itch.io/hairfense/devlog/1502132/regarding-v103,,2026-04-30
https://otaku-argento.itch.io/imo-tsuyo/devlog/1502133/imotsuyo-v030,,2026-04-30
https://light-candle.itch.io/rainbow-dice/devlog/1502134/minor-bug-fix,,2026-04-30
https://tritanus.itch.io/delos-cozy-bestiary-vol-1/devlog/1502135/vol-1-is-live-12-animated-pixel-creatures-999-free-demo-inside,,2026-04-30
https://ticksoft.itch.io/numberlogic/devlog/1502137/privacy-policy,,2026-04-30
https://itch.io/blog/1502138/ai-art-pack-fo-altria-laner-341-images-bundle-prgnancy-huge-brests-armor-break,,2026-04-30
https://katona-zoltan-github.itch.io/free-poker/devlog/1502139/the-game-of-poker-has-become-mobile-friendly,,2026-04-30
https://zillatronics.itch.io/zombiemecha/devlog/1502141/unlocking-all-units-to-build-real-content,,2026-04-30
https://niemand2d.itch.io/femboy-survival/devlog/1502142/beta-110-is-available,,2026-04-30
https://quick-bigly.itch.io/match-bigly/devlog/1502144/launching-match-bigly,,2026-04-30
https://katona-zoltan-github.itch.io/rezident-zombie/devlog/1502145/update,,2026-04-30
https://yl0711.itch.io/deadline-survivors/devlog/1502146/deadline-survivors-v026-is-now-playable-on-windows-macos-and-linux,,2026-04-30
https://symmetrybreak.itch.io/deep-fog-signals/devlog/1502147/major-demo-update-v034-for-interfacex26,,2026-04-30
https://rtncdrgmz.itch.io/bald-prairie-driver/devlog/1502148/bald-prairie-driver-10-released,,2026-04-30
https://huza1994.itch.io/exponential-hero/devlog/1502149/v1017-goddess-raid-status-saves-resume-run-away,,2026-04-30
https://synapse-dev.itch.io/synapse/devlog/1502150/greetings-to-all,,2026-04-30
https://dragonsisle.itch.io/hungry-for-loot/devlog/1502151/compatibility-update,,2026-04-30
https://dragonsisle.itch.io/dragon-fire-ice-melt/devlog/1502152/compatibility-update,,2026-04-30
https://dragonsisle.itch.io/chromatic-dragon-pattern-perception/devlog/1502153/compatibility-update,,2026-04-30
https://abdonor-game.itch.io/this-is-the-demo/devlog/1502154/please-rate-my-game-its-also-for-sale,,2026-04-30
https://guachafitagames.itch.io/skull-launcher-playtest/devlog/1502155/-skull-launcher-mobile-telemetry-playtest-update,,2026-04-30
https://chimeralab123.itch.io/monster-girl-pixel-art-vol1-slime-girls/devlog/1502156/release-monster-girl-pixel-art-character-assets-vol1-slime-girls,,2026-04-30
https://niao-k.itch.io/1/devlog/1502157/update-log-chinese-style-indoor-tiles-v15,,2026-04-30
https://itch.io/blog/1502158/looking-for-an-asset,,2026-04-30
https://modernvintagegamer.itch.io/zippy-race/devlog/1502159/v10-is-out-now,,2026-04-30
https://dingodeer.itch.io/new-world-paradise/devlog/1502161/v029-phase-1-is-now-available-for-elder-tier-at-patreon,,2026-04-30
https://xalezar.itch.io/nymble-2/devlog/1502162/nymble-2-demo-is-now-live-on-itchio,,2026-04-30
https://time-for-games.itch.io/mission-codename-pale-whisper/devlog/1502163/mission-codename-pale-whisper,,2026-04-30
https://farchani.itch.io/ruwatan/devlog/1502164/massive-update-v05-alur-cerita-penuh-3-minigame-terintegrasi,,2026-04-30
https://starzysvk.itch.io/the-thing-engine-demo/devlog/1502165/the-game-is-now-on-itch,,2026-04-30
https://lispy-gopher-show.itch.io/dl-roc-lisp/devlog/1502166/six-dimensional-hextille-boondoggle-acl2-mcclim-common-lisp,,2026-04-30
https://donna99.itch.io/below-the-earth/devlog/1502167/sprint-01-bugs,,2026-04-30
https://chamberlaindev.itch.io/chamberlain/devlog/1502168/alpha-275,,2026-04-30
https://munchmo.itch.io/xenodochium/devlog/1502169/npc-refactor-planning-time,,2026-04-30
https://mamonbshqairat.itch.io/complete-low-poly-furniture-pack-collection/devlog/1502170/furniture-low-poly-home-interior-pack-unity3d,,2026-04-30
https://mamonbshqairat.itch.io/doors-systems-pack-unity3d/devlog/1502171/doors-systems-pack-for-unity-3d-door-gate-portal,,2026-04-30
https://mamonbshqairat.itch.io/swords-and-fantasy-medieval-weapons-unity3d/devlog/1502172/175-prefab-of-swords-bludgeon-shield-spear-dagger-bludgeon-axe-bow-mace-hammer-archery-arrow-club-fantasy-medieval-weapons-pack-of-unity,,2026-04-30
https://retropiq.itch.io/serumfall/devlog/1502173/windows-macos-installers-for-serumfall,,2026-04-30
https://mamonbshqairat.itch.io/fantasy-medieval-weapons-old-low-poly-collection/devlog/1502174/fantasy-medieval-weapons-swords-for-lowpoly-pack-for-unity-3d,,2026-04-30
https://mamonbshqairat.itch.io/100-potions-prefabs-unity-collection/devlog/1502175/-100-potions-prefabs-pack-for-unity-magic-potion-blender-3d,,2026-04-30
https://mamonbshqairat.itch.io/flags-prefabs-pack-animated-cloth-flags-for-unity/devlog/1502176/-flags-animated-cloth-pack-unity-3d-falg,,2026-04-30
https://mamonbshqairat.itch.io/weapons-and-guns-low-poly-collection/devlog/1502177/-weapons-and-guns-pack-unity-3d-pistol-shotgun-machinegun-rifle-plasma-rocketlauncher-bazuka-chaingun-sawnoff-granades-uzi-sniper-pack,,2026-04-30
https://mamonbshqairat.itch.io/anatomy-medical-human-organs-blood-system-unity5/devlog/1502178/-anatomy-medical-human-organs-blood-system-pack-for-unity-3d,,2026-04-30
https://mamonbshqairat.itch.io/anatomy-medical-human-skeleton-bones/devlog/1502179/-anatomy-skeleton-and-bones-pack-for-unity-3d,,2026-04-30
https://hongluanyu.itch.io/abyss-sweeper/devlog/1502180/abyss-sweeper-10-release-candidate-is-now-available,,2026-04-30
https://flex-unreal.itch.io/wilddawn/devlog/1502181/important-message-and-wd-016a-devlog,,2026-04-30
https://idlehandzonline.itch.io/wild-spirits/devlog/1502182/initial-version-live,,2026-04-30
https://iheartfunnyboys.itch.io/stop-and-smell-the-flowers/devlog/1502183/added-steam-transition-support,,2026-04-30
https://nightledevs.itch.io/dark-night/devlog/1502184/changes,,2026-04-30
https://donna99.itch.io/below-the-earth/devlog/1502185/sprint-02-bugs,,2026-04-30
https://itch.io/blog/1502186/update-for-april,,2026-04-30
https://cristian-caputo.itch.io/ball-jump/devlog/1502187/prima-immagine-evento-1900,,2026-04-30
https://100hourlater.itch.io/next-morning/devlog/1502188/development-on-hold,,2026-04-30
https://ch3sh1r3.itch.io/untitle-ttrpg/devlog/1502189/dev-log-1,,2026-04-30
https://celtstudio.itch.io/karadeshev/devlog/1502190/devlog-4-building-the-weather-disaster-system-,,2026-04-30
https://teambonkgames.itch.io/aegis/devlog/1502191/development-update-version-03,,2026-04-30
https://oddterra.itch.io/hover/devlog/1502192/hover-early-observations,,2026-04-30
https://itch.io/blog/1502193/4,,2026-04-30
https://galoxyum.itch.io/project-rainboots-temporary-page/devlog/1502194/en-project-rainboots-timemap,,2026-04-30
https://jackchancer.itch.io/idlepunk/devlog/1502196/update-0394-fix-for-starting-dialogue-boxes,,2026-04-30
https://agentn0va.itch.io/dragon-incarnate/devlog/1502197/dragon-incarnate-v021,,2026-04-30
https://viznity.itch.io/hellasure/devlog/1502198/hellasure-tier-lv4-exclusive-rewards,,2026-04-30
https://maxmum.itch.io/minimaldefense/devlog/1502199/version-10-release,,2026-04-30
https://agentn0va.itch.io/dragon-incarnate-free-demo/devlog/1502200/dragon-incarnate-v021-change-log,,2026-04-30
https://ayyemtea.itch.io/first-love/devlog/1502201/wow-suddenly-a-game,,2026-04-30
https://galoxyum.itch.io/project-rainboots-temporary-page/devlog/1502202/fr-project-rainboots-dans-le-temps,,2026-04-30
https://h4baner0.itch.io/mantis3dm3d-rpg-maker-mz-3d-integration/devlog/1502203/update-121,,2026-04-30
https://digx7.itch.io/thrust-pets/devlog/1502204/update-0212,,2026-04-30
https://cefo3dmagic.itch.io/galaxystrikemultiplayer/devlog/1502205/galaxystrike,,2026-04-30
https://itch.io/blog/1502206/nom-nom-dragon-remake-update-9,,2026-04-30
https://creamy-games.itch.io/help-i-married-a-slut/devlog/1502207/public-dev-log-5,,2026-04-30
https://norschee.itch.io/made-in-glory-hole-lewd-painters-never-die-free-dowloand/devlog/1502208/made-in-glory-hole-lewd-painters-never-die-free-dowloand,,2026-04-30
https://rettdrake.itch.io/thecave/devlog/1502209/the-cave-v12,,2026-04-30
https://niao-k.itch.io/pixel-art-ancient-style-mini-indoor-tileset/devlog/1502211/chinese-style-indoor-tiles-v15,,2026-04-30
https://iubioiubiei.itch.io/iubioiubiei/devlog/1502212/balance-and-fixes,,2026-04-30
https://ohminen.itch.io/grease-monkey-in-space/devlog/1502213/060,,2026-04-30
https://pgshiho.itch.io/outland-shelter/devlog/1502214/hotfix,,2026-04-30
https://butterflybehemot.itch.io/states-of-thesaura/devlog/1502215/new-state-argyra,,2026-04-30
https://jadeddreams.itch.io/silent-echo/devlog/1502216/silent-echo-040a-is-now-live,,2026-04-30
https://chococoeur.itch.io/chocolat/devlog/1502217/chococoeur,,2026-04-30
https://randomelephants.itch.io/beeline-bloom/devlog/1502219/game-jam-post-mortem-and-thoughts,,2026-04-30
https://matseke123.itch.io/gp34noname/devlog/1502220/week-7-devlog,,2026-04-30
https://cooldude3210.itch.io/absolute-end/devlog/1502221/absolute-end-150-is-public,,2026-04-30
https://hneifar.itch.io/crossword/devlog/1502222/new-update,,2026-04-30
https://studiozooka.itch.io/1bitman/devlog/1502224/we-create-a-discord-server,,2026-04-30
https://survivingthegameinvited.itch.io/the-invited/devlog/1502225/surviving-the-game-the-invited,,2026-04-30
https://squirclegames.itch.io/hey-waifu-ai/devlog/1502226/-secretwaifu-50-off-spring-sale-,,2026-04-30
https://hypohyphen.itch.io/classroom/devlog/1502227/-v101,,2026-04-30
https://itch.io/blog/1502228/shadow-strike-coming-may-2026,,2026-04-30
https://villagera.itch.io/the-velvet-green-witch-a-quiet-life/devlog/1502229/bug-fix,,2026-04-30
https://faithhondeghem.itch.io/gp26splashroom/devlog/1502230/devlog-7-start-of-production-sprint-2,,2026-04-30
https://timo-uudev.itch.io/unending-universe/devlog/1502231/unending-universe-91,,2026-04-30
https://donna99.itch.io/below-the-earth/devlog/1502232/sprint-03-bugs,,2026-04-30
https://ethankim.itch.io/52weeks/devlog/1502233/52weeks-windows-beta-release-transparency-note,,2026-04-30
https://tickingclockgames.itch.io/the-last-lighthouse/devlog/1502234/dev-update-28042026-getting-there,,2026-04-30
https://black-hope.itch.io/detona/devlog/1502235/uiux-audio-achievements-pass,,2026-04-30
https://rbc-games.itch.io/nock-nock-loose/devlog/1502236/my-first-prototype,,2026-04-30
https://sparky230.itch.io/before-the-end/devlog/1502237/devlog-2-my-game-is-getting-voice-acting,,2026-04-30
https://donna99.itch.io/below-the-earth/devlog/1502239/sprint-1-historias-de-usuario,,2026-04-30
https://boisterousfox.itch.io/hole-in-one-18/devlog/1502241/propper-idle-animations,,2026-04-30
https://moonwave-studios.itch.io/keybeat/devlog/1502242/keybeat-patch-1,,2026-04-30
https://donna99.itch.io/below-the-earth/devlog/1502243/sprint-2-historias-de-usuario,,2026-04-30
https://samasgari.itch.io/gjerdingsaeterkvadet/devlog/1502244/ny-balansering-for-nevene-og-crit-system,,2026-04-30
https://nukeissss.itch.io/the-sugar-brain/devlog/1502245/sugar-mining-4,,2026-04-30
https://sparky230.itch.io/before-the-end/devlog/1502246/3d-modler-process-devlog-written,,2026-04-30
https://itch.io/blog/1502247/bruhh-invite-invalid,,2026-04-30
https://orhstudio.itch.io/wuxia-staves-asset-pack/devlog/1502248/the-arsenal-grows-9-mystic-wuxia-staves-are-live,,2026-04-30
https://alexanniken.itch.io/livefire-league/devlog/1502249/sound-in-livefire-league,,2026-04-30
https://donna99.itch.io/below-the-earth/devlog/1502250/sprint-3-historias-de-usuario,,2026-04-30
https://jeungwonkyo.itch.io/field-of-cards/devlog/1502251/changed-the-battle-system-to-single-card-selection,,2026-04-30
https://hijoke.itch.io/extra-rig2-content/devlog/1502252/gimp-tuts-for-making-your-own-characters,,2026-04-30
https://phandalin-games.itch.io/1/devlog/1502253/first-release-of-the-road-to-phandalin,,2026-04-30
https://codingiscoolergmailcom.itch.io/arizona-tea-game/devlog/1502254/update-111,,2026-04-30
https://erkymreow.itch.io/the-lettuce-game/devlog/1502255/b23,,2026-04-30
https://aj-studio-com.itch.io/aj-audio-player/devlog/1502256/v213-out-now,,2026-04-30
https://sunwsk.itch.io/markskeys/devlog/1502257/web-soon,,2026-04-30
https://maciaz.itch.io/layer-snapper-for-aseprite/devlog/1502258/layer-snapper-scratching-my-own-itch,,2026-04-30
https://konekosoft.itch.io/tokyo-reconnect/devlog/1502259/tokyo-reconnect-new-kickstarter-campaign,,2026-04-30
https://leonisx.itch.io/nextbasic-examples/devlog/1502260/one-more-demo-from-matt-neale,,2026-04-30
https://bananamoray.itch.io/gp30projectnametbd/devlog/1502261/devlog-7-fly-me-away-now,,2026-04-30
https://firework-enema.itch.io/story-of-my-life/devlog/1502263/bugtesting,,2026-04-30
https://vikingplugins.itch.io/vp-messagestyledefaults/devlog/1502264/devlog-message-style-system-update,,2026-04-30
https://hiisileiri.itch.io/mind-invader/devlog/1502265/major-update-v20-21,,2026-04-30
https://fonserbc.itch.io/marges-destimbats/devlog/1502266/post-jam-fixes,,2026-04-30
https://err0r4224699.itch.io/fpe-the-fangame2/devlog/1502267/-,,2026-04-30
https://xanderlescroart.itch.io/123gnome/devlog/1502268/start-of-the-next-production-sprint,,2026-04-30
https://err0r4224699.itch.io/fpe-the-fangame2/devlog/1502269/-14042026,,2026-04-30
https://rookmilk.itch.io/merrymaiden/devlog/1502270/the-merry-maiden-vn-has-been-released,,2026-04-30
https://err0r4224699.itch.io/fpe-the-fangame2/devlog/1502271/small-update-15042026,,2026-04-30
https://err0r4224699.itch.io/fpe-the-fangame2/devlog/1502272/small-update-16042026,,2026-04-30
https://err0r4224699.itch.io/fpe-the-fangame2/devlog/1502273/-18042026,,2026-04-30
https://zaingroup.itch.io/tebakhub/devlog/1502274/devlog-tebak-hub-1-perjalanan-menuju-play-store,,2026-04-30
https://miumomo.itch.io/lost-ark-r18-videos/devlog/1502275/new-videos,,2026-04-30
https://gbubr-company.itch.io/samprotocol/devlog/1502276/-100,,2026-04-30
https://err0r4224699.itch.io/fpe-the-fangame2/devlog/1502277/-hud-update-19042026,,2026-04-30
https://err0r4224699.itch.io/fpe-the-fangame2/devlog/1502278/-20042026,,2026-04-30
https://err0r4224699.itch.io/fpe-the-fangame2/devlog/1502279/fundamental-paper-school-update,,2026-04-30
https://futotori.itch.io/with-her-and-the-sky/devlog/1502280/final-release-extended-to-may-3rd,,2026-04-30
https://err0r4224699.itch.io/fpe-the-fangame2/devlog/1502281/small-update-21042026,,2026-04-30
https://amaraha.itch.io/cuteice-cream/devlog/1502282/-new-release-cute-ice-cream-starter-bundle-is-here,,2026-04-30
https://backstube-gaming.itch.io/comfyworkbench/devlog/1502283/comfyworkbench-version-112,,2026-04-30
https://err0r4224699.itch.io/fpe-the-fangame2/devlog/1502284/small-update-lices-mode-22042026,,2026-04-30
https://err0r4224699.itch.io/fpe-the-fangame2/devlog/1502285/small-update-23042026,,2026-04-30
https://amaraha.itch.io/cute-sheep/devlog/1502286/-new-release-stylized-cute-sheep-full-source-files,,2026-04-30
https://err0r4224699.itch.io/fpe-the-fangame2/devlog/1502287/fundamental-paper-school-update,,2026-04-30
https://err0r4224699.itch.io/fpe-the-fangame2/devlog/1502288/general-update-24042026,,2026-04-30
https://err0r4224699.itch.io/fpe-the-fangame2/devlog/1502289/-map-update-26042026,,2026-04-30
https://dmitriysalnikov.itch.io/obs-notifier/devlog/1502290/135-and-136-updates,,2026-04-30
https://err0r4224699.itch.io/fpe-the-fangame2/devlog/1502291/-props-update-27042026,,2026-04-30
https://err0r4224699.itch.io/fpe-the-fangame2/devlog/1502292/fundamental-paper-school-update,,2026-04-30
https://jeremiahvb.itch.io/gp33ghouls-and-fools/devlog/1502293/start-of-production-sprint-2,,2026-04-30
https://mfrajkow.itch.io/jungle-swinger/devlog/1502294/jungle-swinger-v07-language-options,,2026-04-30
https://krishnamohan-yagneswaran.itch.io/rpg-village-generator-pro/devlog/1502295/devlog-1-rpg-village-generator-pro-v10-is-now-live,,2026-04-30
https://dice-friendly.itch.io/librarian/devlog/1502296/added-folder-based-annotation,,2026-04-30
https://abk911lol.itch.io/neon-district-free-cyberpunk-pixel-art-starter-kit-16x16-unitygodotrpg-maker/devlog/1502297/welcome-to-the-neon-district-free-starter-kit-out-now,,2026-04-30
https://bruja-aprendiza.itch.io/group-38-game-projects/devlog/1502298/dev-log-07-on-the-second-week-of-sprintmas,,2026-04-30
https://randgamedev.itch.io/pbs-2d/devlog/1502299/v025-and-asset-store-release,,2026-04-30
https://suchetkazah.itch.io/tennison-summer-camp/devlog/1502300/displaying-my-characters-in-game,,2026-04-30
https://gamecreatorz.itch.io/maze-3d/devlog/1502301/new-maze-3d-is-out-here,,2026-04-30
https://mechanicuskai.itch.io/wipkaipabots-testversion-20/devlog/1502302/-testversion-24-drone-system-rewrite-action-bar-expansion-tower-defense-gameplay,,2026-04-30
https://halow-studios.itch.io/shodow-jumper/devlog/1502303/shadow-jumper,,2026-04-30
https://entros.itch.io/gp37roombarena/devlog/1502304/devlog-7-rainbow-rocket-roomba-rumble,,2026-04-30
https://grazara.itch.io/my-neighbors-hot-girlfriend/devlog/1502305/new-accounts,,2026-04-30
https://backstube-gaming.itch.io/comfyworkbench-full/devlog/1502306/comfyworkbench-version-112,,2026-04-30
https://auratan.itch.io/retro-danmaku-tamahime/devlog/1502307/zero-to-bullet-hell-6-every-shooter-needs-a-boss-right,,2026-04-30
https://cibulak12.itch.io/gp24lastgrasp/devlog/1502308/devlog-8,,2026-04-30
https://itch.io/blog/1502309/peak-racer-3d-hill-climb-coming-soon,,2026-04-30
https://ennix.itch.io/hexlands/devlog/1502310/new-mechanics-and-number-tweaks,,2026-04-30
https://mugenlinkworks.itch.io/the-legacy-of-hedonia-forbidden-paradise-alpha-demo/devlog/1502311/alpha-0182,,2026-04-30
https://distilledproductions.itch.io/lost-selves/devlog/1502312/major-update-music-art-and-more,,2026-04-30
https://mendatecnologia.itch.io/floatbot-android-beta/devlog/1502313/floatbot-for-android-released,,2026-04-30
https://yekkusu.itch.io/luna-lake-visual-novel/devlog/1502314/031-public-critical-fix-and-08-release-on-patreon,,2026-04-30
https://sirsalt.itch.io/gp28eclipse/devlog/1502315/week-10-start-of-sprint-2,,2026-04-30
https://psyra-productions.itch.io/wheels-of-prio/devlog/1502316/hexagonal-update,,2026-04-30
https://tmunns.itch.io/kit207-portfolio/devlog/1502317/tutorial-week05-post-processing-and-cinemachine,,2026-04-30
https://itch.io/blog/1502318/from-billboard-to-certified-game-development,,2026-04-30
https://omist.itch.io/omist/devlog/1502319/030-release-for-everyone,,2026-04-30
https://dedev-doubled.itch.io/le-nozze-bianche/devlog/1502320/after-playtesting,,2026-04-30
https://lekastudios.itch.io/they-choose/devlog/1502321/they-choose-a-bullet-heaven,,2026-04-30
https://drludos.itch.io/dangerous-demolition/devlog/1502323/handheld-heritage-bundle-30-game-boy-games-for-30,,2026-04-30
https://leifenberg.itch.io/shoot-for-the-stars-journey-home/devlog/1502324/release-notes-v254,,2026-04-30
https://star2578.itch.io/the-wardroom/devlog/1502326/prototype-out,,2026-04-30
https://wolfalarmgames.itch.io/infected-grocery-store/devlog/1502327/a-new-horror-grocery-market-experience-is-now-live,,2026-04-30
https://fillerdev.itch.io/myerostory/devlog/1502328/-version-04-is-officially-live-for-everyone-,,2026-04-30
https://comma69.itch.io/ethereal-threads/devlog/1502329/ep4-devlog-13,,2026-04-30
https://kyarat-0912.itch.io/tranquility/devlog/1502330/updated-changed-the-file-name-of-the-japanese-version-changed-the-logo-of-the-japanese-version-made-stage-strategies-easier,,2026-04-30
https://syndicate98.itch.io/syns-sprite-studio/devlog/1502331/breaking-ground,,2026-04-30
https://pots-and-pans.itch.io/ziusudras-last-stand/devlog/1502333/patch-iii-overview-of-changes,,2026-04-30
https://evelorien.itch.io/the-creation-of-wonder/devlog/1502334/awards-a-new-version-a-price-increase,,2026-04-30
https://starsickle.itch.io/isle-of-power/devlog/1502335/development-report-almost-end-of-spring-2026,,2026-04-30
https://giuilgkuyjg.itch.io/pc/devlog/1502336/jikage-rising-full-pc-game-v232a-act-3,,2026-04-30
https://heromc.itch.io/potionsawry/devlog/1502337/itchio-version-updated,,2026-04-30
https://joseph-hein.itch.io/gp25cattlefield/devlog/1502339/devlog-7-grass-growth,,2026-04-30
https://libertas-dev.itch.io/as-you-wished-demo/devlog/1502340/v072-patch-notes,,2026-04-30
https://cb-unite.itch.io/supernova-clicker/devlog/1502341/supernova-clicker-x-v1100,,2026-04-30
https://cb-unite.itch.io/supernova-clicker/devlog/1502342/supernova-clicker-x-v1200,,2026-04-30
https://switikumariindia-pixel.itch.io/swift/devlog/1502343/swift,,2026-04-30
https://itch.io/blog/1502344/contact-info,,2026-04-30
https://mechars.itch.io/pongerground/devlog/1502345/pongerground-available-on-playdate-catalog-and-big-update-for-the-itchio-version,,2026-04-30
https://leplacard.itch.io/loopy-dungeon/devlog/1502346/loopy-dungeon-gamejam-edition,,2026-04-30
https://bastosgames.itch.io/duck-hit/devlog/1502347/bug-fix-and-downloadable-versions,,2026-04-30
https://itch.io/blog/1502348/the-last-outpost-a-high-stakes-trading-survival-concept,,2026-04-30
https://itch.io/blog/1502349/im-coming-sweetie-a-short-psychological-horror-game-releasing-soon,,2026-04-30
https://toxxytroxxy.itch.io/on-area-1/devlog/1502350/on-devlog-3,,2026-04-30
https://illtemperedtuna.itch.io/the-seacrit-fish-game/devlog/1502351/tomb-of-the-unknown,,2026-04-30
https://makeoli.itch.io/base-idle/devlog/1502352/web-version-is-here-no-download-needed,,2026-04-30
https://itch.io/blog/1502353/020-of-the-prototype,,2026-04-30
https://insomnia-syndicate.itch.io/sucker-punch-ai/devlog/1502355/devlog-036-watch-me-make-slop-,,2026-04-30
https://gushy-guy.itch.io/premium-notes/devlog/1502356/my-first-project,,2026-04-30
https://jackchancer.itch.io/idlepunk/devlog/1502357/update-0395-further-browser-fixes,,2026-04-30
https://giuilgkuyjg.itch.io/pc/devlog/1502358/unlimited-pleasure-free-pc-game-v111,,2026-04-30
https://mikemo.itch.io/uberloop/devlog/1502360/introduction,,2026-04-30
https://bluestar-games.itch.io/pro-dart-2026/devlog/1502361/pro-darts-2026-reworked,,2026-04-30
https://giuilgkuyjg.itch.io/pc/devlog/1502362/grandmas-house-free-pc-game-part-7-v0102,,2026-04-30
https://omegatmods.itch.io/love-sex-second-base-harem-helper-mod/devlog/1502363/v0013-added-fafmw-milf,,2026-04-30
https://keergame.itch.io/king-for-a-minute/devlog/1502364/-update-v05-coming-soon,,2026-04-30
https://morithil.itch.io/ecole-de-sorcieres/devlog/1502365/alpha-05,,2026-04-30
https://giuilgkuyjg.itch.io/pc/devlog/1502366/lust-village-full-pc-game-v105,,2026-04-30
https://quantumagentgame.itch.io/quantum-agent/devlog/1502367/welcome,,2026-04-30
https://gbgamesllc.itch.io/toytles-leaf-raking/devlog/1502368/freshly-squeezed-progress-report-ios-sdl3-porting-struggles,,2026-04-30
https://cabbageheadgames.itch.io/protocol-3/devlog/1502369/community-copies,,2026-04-30
https://samasgari.itch.io/gjerdingsaeterkvadet/devlog/1502370/hrfrersystem-videreutvikling,,2026-04-30
https://gandalfhardcore.itch.io/pixel-art-characters-npc-pack/devlog/1502371/added-4-new-characters-,,2026-04-30
https://tenstudiosbc.itch.io/ssia-vanguard-chronicles/devlog/1502372/update-android-game-updates-version-100-280426,,2026-04-30
https://lingus-productions.itch.io/5d6e/devlog/1502373/forms-adjusted,,2026-04-30
https://samasgari.itch.io/gjerdingsaeterkvadet/devlog/1502374/en-liten-setning,,2026-04-30
https://itch.io/blog/1502376/confusing-project-22,,2026-04-30
https://jhadah.itch.io/ghostghostbuster/devlog/1502377/patch-030a,,2026-04-30
https://catologic.itch.io/fawat/devlog/1502378/-,,2026-04-30
https://massimog.itch.io/dioramabreak/devlog/1502379/diorama-break-is-live-on-kickstarter,,2026-04-30
https://trueclash-games.itch.io/trueclash-games/devlog/1502380/patch-08-patch-notes-drops-may-1st-2026,,2026-04-30
https://smel111.itch.io/deadrun/devlog/1502381/dead-run-setup-pc-version,,2026-04-30
https://popotoproductions.itch.io/tabletops-and-bottoms/devlog/1502382/tabletops-bottoms-releases-may-14th-on-steam,,2026-04-30
https://maliface.itch.io/big-o/devlog/1502383/biweekly-breakdown-2-secretarial-duties,,2026-04-30
https://engank.itch.io/modular-spaceships/devlog/1502384/v01106,,2026-04-30
https://auscan.itch.io/multiplayer-test-game-unlisted/devlog/1502385/networking-changes-player-spawn-and-polish-and-more,,2026-04-30
https://ibc-corp.itch.io/10-reputation-points/devlog/1502386/the-game-has-been-downloaded-15-times,,2026-04-30
https://nightledevs.itch.io/dark-night/devlog/1502387/sog-godot-progress,,2026-04-30
https://ioannis-giavroglou.itch.io/elerrant/devlog/1502388/version-011-update,,2026-04-30
https://kkg-fap-studio.itch.io/pullhouse/devlog/1502389/260428-progress,,2026-04-30
https://itch.io/blog/1502390/a-way-out-complete-game-free-download-2018,,2026-04-30
https://itch.io/blog/1502391/age-of-empires-ii-definitive-edition-complete-game-free-download-2019,,2026-04-30
https://itch.io/blog/1502392/age-of-empires-iv-anniversary-edition-complete-game-free-download-2021,,2026-04-30
https://itch.io/blog/1502393/age-of-mythology-retold-complete-game-free-download-2024,,2026-04-30
https://itch.io/blog/1502394/alchemy-factory-complete-game-free-download-2025,,2026-04-30
https://itch.io/blog/1502395/alien-isolation-complete-game-free-download-2014,,2026-04-30
https://andrasdarkmist.itch.io/arcana-punk-ttrpg/devlog/1502396/the-game-is-finished,,2026-04-30
https://itch.io/blog/1502397/aliens-dark-descent-complete-game-free-download-2023,,2026-04-30
https://itch.io/blog/1502398/aliens-fireteam-elite-complete-game-free-download-2021,,2026-04-30
https://itch.io/blog/1502399/american-truck-simulator-complete-game-free-download-2016,,2026-04-30
https://itch.io/blog/1502400/among-us-complete-game-free-download-2018,,2026-04-30
https://auteddy.itch.io/dice-tech-dominion-enter-the-shadow-circuit/devlog/1502401/version-11-update,,2026-04-30
https://itch.io/blog/1502402/anno-complete-game-free-download-2019,,2026-04-30
https://itch.io/blog/1502403/ark-survival-evolved-complete-game-free-download-2017,,2026-04-30
https://honeybunny-of.itch.io/bound-inferno/devlog/1502404/small-delay-on-todays-update,,2026-04-30
https://itch.io/blog/1502405/devlog2-wood-to-chew,,2026-04-30
https://itch.io/blog/1502406/assassins-creed-valhalla-complete-game-free-download-2022,,2026-04-30
https://itch.io/blog/1502407/assassins-creed-odyssey-complete-game-free-download-2018,,2026-04-30
https://itch.io/blog/1502409/assassins-creed-unity-complete-game-free-download-2014,,2026-04-30
https://zombie-kyk.itch.io/bananagameitchver/devlog/1502410/update-v111-itch-version,,2026-04-30
https://itch.io/blog/1502411/assetto-corsa-complete-game-free-download-2014,,2026-04-30
https://itch.io/blog/1502412/assetto-corsa-competizione-complete-game-free-download-2019,,2026-04-30
https://itch.io/blog/1502413/atomic-heart-complete-game-free-download-2023,,2026-04-30
https://itch.io/blog/1502414/red-dead-redemption-2-full-version-2026,,2026-04-30
https://itch.io/blog/1502415/automobilista-2-complete-game-free-download-2020,,2026-04-30
https://itch.io/blog/1502416/backrooms-escape-together-complete-game-free-download-2022,,2026-04-30
https://itch.io/blog/1502417/balatro-complete-game-free-download-2024,,2026-04-30
https://itch.io/blog/1502418/barony-complete-game-free-download-2015,,2026-04-30
https://itch.io/blog/1502419/battlefield-3-complete-game-free-download-2011,,2026-04-30
https://itch.io/blog/1502420/battlefield-4-complete-game-free-download-2013,,2026-04-30
https://itch.io/blog/1502421/battlefield-1-complete-game-free-download-2016,,2026-04-30
https://itch.io/blog/1502422/battlefield-v-complete-game-free-download-2018,,2026-04-30
https://itch.io/blog/1502423/beamngdrive-complete-game-free-download-2015,,2026-04-30
https://itch.io/blog/1502424/beat-saber-complete-game-free-download-2019,,2026-04-30
https://itch.io/blog/1502425/bellwright-complete-game-free-download-2024,,2026-04-30
https://itch.io/blog/1502426/black-desert-complete-game-free-download-2017,,2026-04-30
https://itch.io/blog/1502427/bloons-td-6-complete-game-free-download-2018,,2026-04-30
https://itch.io/blog/1502428/captain-of-industry-complete-game-free-download-2022,,2026-04-30
https://supremesussy15.itch.io/hassys-hotel/devlog/1502429/update-3,,2026-04-30
https://daydori.itch.io/lightclock/devlog/1502430/fixed-space-time-distortion-devlog-4,,2026-04-30
https://itch.io/blog/1502431/car-dealer-simulator-complete-game-free-download-2025,,2026-04-30
https://itch.io/blog/1502432/car-mechanic-simulator-complete-game-free-download-2021,,2026-04-30
https://itch.io/blog/1502433/chained-together-complete-game-free-download-2024,,2026-04-30
https://itch.io/blog/1502434/cities-skylines-complete-game-free-download-2015,,2026-04-30
https://zyloth.itch.io/zcgtc/devlog/1502435/anti-report-and-a-bug-fix,,2026-04-30
https://itch.io/blog/1502436/city-bus-manager-complete-game-free-download-2024,,2026-04-30
https://itch.io/blog/1502437/valheim-v629-advanced-valheim-cheat-with-esp-aimbot-wallhack-vanguard-,,2026-04-30
https://itch.io/blog/1502438/city-transport-simulator-complete-game-free-download-2026,,2026-04-30
https://itch.io/blog/1502439/valheim-pro-v822-premium-cheating-solution-with-hwid-spoofer-uefi-loader,,2026-04-30
https://itch.io/blog/1502440/commandos-origins-complete-game-free-download-2025,,2026-04-30
https://itch.io/blog/1502441/team-fortress-2-v558-advanced-team-fortress-2-cheat-with-esp-aimbot-wal,,2026-04-30
https://itch.io/blog/1502442/construction-simulator-complete-game-free-download-2022,,2026-04-30
https://itch.io/blog/1502443/content-warning-complete-game-free-download-2024,,2026-04-30
https://baffledengineer.itch.io/legion-breaker/devlog/1502444/steam-demo-now-available-new-spells-and-upgrades,,2026-04-30
https://itch.io/blog/1502445/crime-simulator-complete-game-free-download-2025,,2026-04-30
https://itch.io/blog/1502446/crusader-kings-iii-complete-game-free-download-2020,,2026-04-30
https://wpt-games.itch.io/chubby-story/devlog/1502447/witch-potion-craft-of-lust-cross-promo,,2026-04-30
https://itch.io/blog/1502448/cult-of-the-lamb-complete-game-free-download-2022,,2026-04-30
https://itch.io/blog/1502449/cyberpunk-complete-game-free-download-2020,,2026-04-30
https://itch.io/blog/1502450/darksiders-genesis-complete-game-free-download-2019,,2026-04-30
https://itch.io/blog/1502451/darksiders-ii-deathinitive-edition-complete-game-free-download-2015,,2026-04-30
https://worldofglomlings.itch.io/this-to-that-prompt-generator/devlog/1502452/update-001,,2026-04-30
https://qz-productions.itch.io/pavane-see-no-evil/devlog/1502453/demo-almost-finished,,2026-04-30
https://itch.io/blog/1502454/darksiders-iii-complete-game-free-download-2018,,2026-04-30
https://itch.io/blog/1502455/dave-the-diver-complete-game-free-download-2023,,2026-04-30
https://jason-cai.itch.io/miami-vandal/devlog/1502456/fixed-bugs-bugs-,,2026-04-30
https://grbil.itch.io/donjons-et-chatons-aventures-spatiales/devlog/1502457/la-v2-est-l-,,2026-04-30
https://itch.io/blog/1502458/days-gone-complete-game-free-download-2021,,2026-04-30
https://itch.io/blog/1502459/dead-by-daylight-complete-game-free-download-2016,,2026-04-30
https://darklink85.itch.io/symetrink/devlog/1502460/tile-spaw-fix,,2026-04-30
https://itch.io/blog/1502461/dead-space-complete-game-free-download-2023,,2026-04-30
https://itch.io/blog/1502462/dg2-defense-grid-2-complete-game-free-download-2014,,2026-04-30
https://itch.io/blog/1502463/diablo-ii-resurrected-infernal-edition-complete-game-free-download-2026,,2026-04-30
https://itch.io/blog/1502464/the-witcher-3-aimbot-triggerbot-final-128-cheat-download-2026,,2026-04-30
https://itch.io/blog/1502465/dice-fold-complete-game-free-download-2024,,2026-04-30
https://itch.io/blog/1502466/the-witcher-3-pro-silent-aim-aimbot-esp-pro-633-undetected-cheat-2026,,2026-04-30
https://itch.io/blog/1502467/dirt-rally-20-complete-game-free-download-2019,,2026-04-30
https://itch.io/blog/1502468/dome-keeper-complete-game-free-download-2022,,2026-04-30
https://itch.io/blog/1502469/dragon-ball-xenoverse-2-complete-game-free-download-2016,,2026-04-30
https://itch.io/blog/1502470/dragon-ball-sparking-zero-complete-game-free-download-2024,,2026-04-30
https://itch.io/blog/1502471/dredge-complete-game-free-download-2023,,2026-04-30
https://itch.io/blog/1502472/drive-beyond-horizons-complete-game-free-download-2025,,2026-04-30
https://itch.io/blog/1502473/drova-forsaken-kin-complete-game-free-download-2024,,2026-04-30
https://roadkillcandy.itch.io/saturn-striker-force/devlog/1502474/dream-styles,,2026-04-30
https://itch.io/blog/1502475/dune-awakening-complete-game-free-download-2025,,2026-04-30
https://itch.io/blog/1502476/dyson-sphere-program-complete-game-free-download-2021,,2026-04-30
https://itch.io/blog/1502477/eiyuden-chronicle-hundred-heroes-complete-game-free-download-2024,,2026-04-30
https://itch.io/blog/1502478/but-what-about-elysian-mirror-of-epiphany,,2026-04-30
https://itch.io/blog/1502479/enshrouded-complete-game-free-download-2024,,2026-04-30
https://itch.io/blog/1502480/equinox-homecoming-complete-game-free-download-2026,,2026-04-30
https://aperockt.itch.io/the-last-gap-demo/devlog/1502481/new-mechanic-the-ghost-clone-is-here-to-mess-with-your-brain-,,2026-04-30
https://itch.io/blog/1502482/-devlog-2-the-foundation-compiles,,2026-04-30
https://ozea-studio.itch.io/low-poly-sci-fi-industrial-props-pack-hs-003/devlog/1502483/hs-003-released-sci-fi-industrial-props-pack,,2026-04-30
https://itch.io/blog/1502484/deep-rock-galactic-silent-aim-wallhack-no-recoil-ult-159-cheat-download-2026,,2026-04-30
https://blood-seller.itch.io/ruins/devlog/1502485/devlog-1,,2026-04-30
https://itch.io/blog/1502486/deep-rock-galactic-pro-triggerbot-silent-aim-elite-563-undetected-cheat-2026,,2026-04-30
https://itch.io/blog/1502487/overwatch-2-no-recoil-wallhack-elite-840-cheat-download-2026,,2026-04-30
https://itch.io/blog/1502488/overwatch-2-pro-aimbot-wallhack-ult-995-undetected-cheat-2026,,2026-04-30
https://itch.io/blog/1502489/diablo-iv-cheat-menu-final568-infinite-health-free-download-2026,,2026-04-30
https://itch.io/blog/1502490/diablo-iv-mega-cheat-menu-trainer-291-all-features-unlocked-2026,,2026-04-30
https://itch.io/blog/1502491/dayz-wallhack-triggerbot-no-recoil-reloaded-634-cheat-download-2026,,2026-04-30
https://itch.io/blog/1502492/dayz-pro-silent-aim-wallhack-vg362-undetected-cheat-2026,,2026-04-30
https://itch.io/blog/1502493/world-of-warcraft-no-recoil-wallhack-triggerbot-elite415-cheat-download-2026,,2026-04-30
https://itch.io/blog/1502494/world-of-warcraft-pro-wallhack-aimbot-ult727-undetected-cheat-2026,,2026-04-30
https://itch.io/blog/1502496/apex-legends-no-recoil-triggerbot-trainer-238-cheat-download-2026,,2026-04-30
https://itch.io/blog/1502497/apex-legends-pro-aimbot-esp-silent-aim-ult-844-undetected-cheat-2026,,2026-04-30
https://blood-seller.itch.io/ruins-walls/devlog/1502498/background-fix,,2026-04-30
https://srobinson111.itch.io/free-cannon-bullet/devlog/1502499/new-free-cannon-bullet-asset,,2026-04-30
https://itch.io/blog/1502500/eve-online-wallhack-no-recoil-triggerbot-final-883-cheat-download-2026,,2026-04-30
https://cb-unite.itch.io/supernova-clicker/devlog/1502501/supernova-clicker-x-v1300,,2026-04-30
https://itch.io/blog/1502502/eve-online-pro-wallhack-aimbot-silent-aim-reloaded252-undetected-cheat-2026,,2026-04-30
https://mlw-project.itch.io/fleas/devlog/1502503/fleas-update-logs-v16,,2026-04-30
https://itch.io/blog/1502504/destiny-2-triggerbot-wallhack-final-725-cheat-download-2026,,2026-04-30
https://devpsych.itch.io/everything-in-its-place/devlog/1502505/major-bug-fixes,,2026-04-30
https://itch.io/blog/1502506/destiny-2-pro-triggerbot-silent-aim-final-926-undetected-cheat-2026,,2026-04-30
https://itch.io/blog/1502507/runescape-triggerbot-no-recoil-silent-aim-ult-442-cheat-download-2026,,2026-04-30
https://itch.io/blog/1502508/runescape-pro-no-recoil-silent-aim-aimbot-reloaded-934-undetected-cheat-2026,,2026-04-30
https://itch.io/blog/1502509/cyberpunk-2077-enhancer-pro915-infinite-health-free-download-2026,,2026-04-30
https://itch.io/blog/1502510/cyberpunk-2077-mega-mod-menu-trainer934-all-features-unlocked-2026,,2026-04-30
https://itch.io/blog/1502511/factorio-mod-menu-v-222-god-mode-free-download-2026,,2026-04-30
https://itch.io/blog/1502512/factorio-mega-enhancer-reloaded-869-all-features-unlocked-2026,,2026-04-30
https://itch.io/blog/1502513/albion-online-wallhack-esp-aimbot-reloaded-109-cheat-download-2026,,2026-04-30
https://itch.io/blog/1502514/albion-online-pro-no-recoil-silent-aim-vg192-undetected-cheat-2026,,2026-04-30
https://itch.io/blog/1502515/war-thunder-esp-triggerbot-no-recoil-pro826-cheat-download-2026,,2026-04-30
https://itch.io/blog/1502516/war-thunder-pro-triggerbot-aimbot-silent-aim-final910-undetected-cheat-2026,,2026-04-30
https://itch.io/blog/1502517/skyrim-cheat-menu-reloaded-761-unlimited-resources-free-download-2026,,2026-04-30
https://itch.io/blog/1502518/skyrim-mega-mod-menu-vg-251-all-features-unlocked-2026,,2026-04-30
https://itch.io/blog/1502519/fortnite-triggerbot-wallhack-trainer-526-cheat-download-2026,,2026-04-30
https://itch.io/blog/1502520/fortnite-pro-aimbot-triggerbot-esp-vg472-undetected-cheat-2026,,2026-04-30
https://itch.io/blog/1502521/farming-simulator-22-cheat-menu-v-238-one-hit-kill-free-download-2026,,2026-04-30
https://itch.io/blog/1502522/farming-simulator-22-mega-trainer-vg835-all-features-unlocked-2026,,2026-04-30
https://itch.io/blog/1502523/minecraft-mod-menu-pro762-god-mode-free-download-2026,,2026-04-30
https://orsonik.itch.io/scav-prototype/devlog/1502524/steam-demo-release,,2026-04-30
https://itch.io/blog/1502525/minecraft-mega-mod-menu-final-565-all-features-unlocked-2026,,2026-04-30
https://itch.io/blog/1502526/hunt-showdown-no-recoil-aimbot-final-914-cheat-download-2026,,2026-04-30
https://itch.io/blog/1502527/hunt-showdown-pro-wallhack-triggerbot-silent-aim-v396-undetected-cheat-2026,,2026-04-30
https://itch.io/blog/1502528/dont-starve-together-mod-menu-v-915-one-hit-kill-free-download-2026,,2026-04-30
https://itch.io/blog/1502529/dont-starve-together-mega-cheat-menu-reloaded316-all-features-unlocked-2026,,2026-04-30
https://itch.io/blog/1502530/project-zomboid-enhancer-final-679-one-hit-kill-free-download-2026,,2026-04-30
https://sandsowo.itch.io/iconoclast/devlog/1502531/patch-v102-released,,2026-04-30
https://itch.io/blog/1502532/project-zomboid-mega-mod-menu-reloaded-181-all-features-unlocked-2026,,2026-04-30
https://deaddove-studio.itch.io/the-bigfoot-snow-massacre/devlog/1502533/launch-devlog,,2026-04-30
https://itch.io/blog/1502534/payday-3-esp-aimbot-no-recoil-elite-886-cheat-download-2026,,2026-04-30
https://horusforgedev.itch.io/dot-dash-defense/devlog/1502535/devlog-2-visual-update-models-added,,2026-04-30
https://objrand.itch.io/this-cannot-continue/devlog/1502536/stamina,,2026-04-30
https://itch.io/blog/1502537/payday-3-pro-silent-aim-aimbot-pro590-undetected-cheat-2026,,2026-04-30
https://itch.io/blog/1502538/magical-princess-complete-game-free-download-2026,,2026-04-30
https://itch.io/blog/1502539/dead-by-daylight-esp-silent-aim-triggerbot-ult658-cheat-download-2026,,2026-04-30
https://city41.itch.io/pixel-pup-demo/devlog/1502540/early-release-bug-fix,,2026-04-30
https://itch.io/blog/1502541/opus-prism-peak-complete-game-free-download-2026,,2026-04-30
https://itch.io/blog/1502542/dead-by-daylight-pro-silent-aim-no-recoil-wallhack-pro-101-undetected-cheat,,2026-04-30
https://itch.io/blog/1502543/guild-wars-2-esp-triggerbot-trainer-104-cheat-download-2026,,2026-04-30
https://itch.io/blog/1502544/kingdom-hearts-hd-1525-remix-complete-game-free-download-2024,,2026-04-30
https://pixdoom.itch.io/pixdoom-hero-heads-ultimate-customization-pack/devlog/1502545/-the-forge-is-open-36-modular-hero-heads-skins-pack-out-now,,2026-04-30
https://itch.io/blog/1502546/guild-wars-2-pro-no-recoil-aimbot-reloaded110-undetected-cheat-2026,,2026-04-30
https://itch.io/blog/1502547/persona-3-reload-complete-game-free-download-2024,,2026-04-30
https://itch.io/blog/1502548/stray-enhancer-elite703-one-hit-kill-free-download-2026,,2026-04-30
https://itch.io/blog/1502549/octopath-traveler-ii-complete-game-free-download-2023,,2026-04-30
https://atoshim3566gmailcom.itch.io/atos-fantasy-rpg-demo-legacy-of-the-light-prologue/devlog/1502550/demo-update-formation-system-auto-battle-added,,2026-04-30
https://itch.io/blog/1502551/stray-mega-enhancer-reloaded-367-all-features-unlocked-2026,,2026-04-30
https://teresitawig.itch.io/magical-princess-trainer/devlog/1502552/magical-princess-cheat-launched,,2026-04-30
https://itch.io/blog/1502553/persona-5-royal-complete-game-free-download-2022,,2026-04-30
https://itch.io/blog/1502554/hogwarts-legacy-trainer-v494-one-hit-kill-free-download-2026,,2026-04-30
https://itch.io/blog/1502555/octopath-traveler-complete-game-free-download-2019,,2026-04-30
https://itch.io/blog/1502556/hogwarts-legacy-mega-mod-menu-reloaded-724-all-features-unlocked-2026,,2026-04-30
https://itch.io/blog/1502557/nierautomata-complete-game-free-download-2017,,2026-04-30
https://itch.io/blog/1502558/counter-strike-2-enhancer-elite-409-god-mode-free-download-2026,,2026-04-30
https://o-guts.itch.io/solatro/devlog/1502559/jokers,,2026-04-30
https://itch.io/blog/1502560/counter-strike-2-mega-trainer-v-508-all-features-unlocked-2026,,2026-04-30
https://itch.io/blog/1502561/baldurs-gate-3-enhancer-vg251-unlimited-resources-free-download-2026,,2026-04-30
https://itch.io/blog/1502562/baldurs-gate-3-mega-cheat-menu-elite-229-all-features-unlocked-2026,,2026-04-30
https://itch.io/blog/1502563/dead-space-remake-cheat-menu-ult-689-infinite-health-free-download-2026,,2026-04-30
https://itch.io/blog/1502564/dead-space-remake-mega-trainer-reloaded-957-all-features-unlocked-2026,,2026-04-30
https://itch.io/blog/1502565/resident-evil-4-remake-trainer-reloaded187-god-mode-free-download-2026,,2026-04-30
https://itch.io/blog/1502566/resident-evil-4-remake-mega-enhancer-v-787-all-features-unlocked-2026,,2026-04-30
https://vhschmidt.itch.io/justanotheridle/devlog/1502567/caelumora-combat-duel,,2026-04-30
https://itch.io/blog/1502568/sekiro-mod-menu-final-380-one-hit-kill-free-download-2026,,2026-04-30
https://itch.io/blog/1502569/sekiro-mega-mod-menu-elite-886-all-features-unlocked-2026,,2026-04-30
https://pixel-salvaje.itch.io/isometric-character-template-64-pixel-art/devlog/1502570/added-a-new-animation,,2026-04-30
https://itch.io/blog/1502571/star-citizen-no-recoil-esp-aimbot-pro-263-cheat-download-2026,,2026-04-30
https://itch.io/blog/1502572/star-citizen-pro-no-recoil-wallhack-aimbot-ult-111-undetected-cheat-2026,,2026-04-30
https://itch.io/blog/1502573/phasmophobia-aimbot-silent-aim-no-recoil-reloaded-633-cheat-download-2026,,2026-04-30
https://itch.io/blog/1502574/phasmophobia-pro-aimbot-no-recoil-triggerbot-reloaded-575-undetected-cheat-2,,2026-04-30
https://itch.io/blog/1502575/team-fortress-2-wallhack-esp-elite789-cheat-download-2026,,2026-04-30
https://itch.io/blog/1502576/team-fortress-2-pro-esp-wallhack-silent-aim-vg880-undetected-cheat-2026,,2026-04-30
https://itch.io/blog/1502577/cities-skylines-cheat-menu-final-821-one-hit-kill-free-download-2026,,2026-04-30
https://itch.io/blog/1502578/cities-skylines-mega-trainer-elite364-all-features-unlocked-2026,,2026-04-30
https://alythse.itch.io/opasu/devlog/1502579/android-early-test-build,,2026-04-30
https://itch.io/blog/1502580/horizon-zero-dawn-enhancer-v839-one-hit-kill-free-download-2026,,2026-04-30
https://itch.io/blog/1502581/horizon-zero-dawn-mega-cheat-menu-pro858-all-features-unlocked-2026,,2026-04-30
https://itch.io/blog/1502582/killing-floor-2-wallhack-esp-v-949-cheat-download-2026,,2026-04-30
https://jack7534.itch.io/free-use-of-engineer-adventurer-continuous-update/devlog/1502583/free-ai-dog-character-use-it-for-your-game-,,2026-04-30
https://itch.io/blog/1502584/killing-floor-2-pro-silent-aim-wallhack-triggerbot-final-167-undetected-chea,,2026-04-30
https://itch.io/blog/1502585/black-desert-online-esp-no-recoil-trainer-338-cheat-download-2026,,2026-04-30
https://itch.io/blog/1502586/solar-expanse-space-exploration-manager-complete-game-free-download-2026,,2026-04-30
https://itch.io/blog/1502587/black-desert-online-pro-no-recoil-wallhack-v228-undetected-cheat-2026,,2026-04-30
https://itch.io/blog/1502588/going-medieval-complete-game-free-download-2026,,2026-04-30
https://itch.io/blog/1502589/borderlands-3-aimbot-no-recoil-v593-cheat-download-2026,,2026-04-30
https://itch.io/blog/1502590/borderlands-3-pro-esp-triggerbot-v576-undetected-cheat-2026,,2026-04-30
https://itch.io/blog/1502591/diablo-ii-resurrected-infernal-edition-complete-game-free-download-2026,,2026-04-30
https://dustyoldcoat.itch.io/shootergame/devlog/1502592/camera-adjustment-2,,2026-04-30
https://itch.io/blog/1502593/final-fantasy-xiv-esp-no-recoil-reloaded-175-cheat-download-2026,,2026-04-30
https://itch.io/blog/1502594/frosthaven-complete-game-free-download-2025,,2026-04-30
https://itch.io/blog/1502595/final-fantasy-xiv-pro-esp-wallhack-no-recoil-ult670-undetected-cheat-2026,,2026-04-30
https://itch.io/blog/1502596/stronghold-crusader-definitive-edition-complete-game-free-download-2025,,2026-04-30
https://itch.io/blog/1502597/red-dead-redemption-2-mod-menu-elite-478-god-mode-free-download-2026,,2026-04-30
https://itch.io/blog/1502598/backpack-battles-complete-game-free-download-2025,,2026-04-30
https://itch.io/blog/1502599/red-dead-redemption-2-mega-cheat-menu-final-271-all-features-unlocked-2026,,2026-04-30
https://itch.io/blog/1502600/schedule-i-complete-game-free-download-2025,,2026-04-30
https://itch.io/blog/1502601/gta-5-mod-menu-vg-555-infinite-health-free-download-2026,,2026-04-30
https://itch.io/blog/1502602/gta-5-mega-cheat-menu-pro-403-all-features-unlocked-2026,,2026-04-30
https://itch.io/blog/1502603/mechabellum-complete-game-free-download-2024,,2026-04-30
https://itch.io/blog/1502604/battlefield-2042-aimbot-triggerbot-esp-final611-cheat-download-2026,,2026-04-30
https://itch.io/blog/1502605/satisfactory-complete-game-free-download-2024,,2026-04-30
https://itch.io/blog/1502606/battlefield-2042-pro-triggerbot-wallhack-no-recoil-pro822-undetected-cheat-2,,2026-04-30
https://itch.io/blog/1502607/age-of-wonders-4-complete-game-free-download-2023,,2026-04-30
https://itch.io/blog/1502608/rocket-league-aimbot-no-recoil-v639-cheat-download-2026,,2026-04-30
https://itch.io/blog/1502609/rocket-league-pro-no-recoil-aimbot-esp-reloaded538-undetected-cheat-2026,,2026-04-30
https://itch.io/blog/1502610/raft-complete-game-free-download-2022,,2026-04-30
https://itch.io/blog/1502611/forza-horizon-5-trainer-final-744-unlimited-resources-free-download-2026,,2026-04-30
https://itch.io/blog/1502612/age-of-empires-iv-anniversary-edition-complete-game-free-download-2021,,2026-04-30
https://awozaka7mak.itch.io/2a-2-ggua/devlog/1502613/2a-2-ggua-tsathoggua-update-ver005,,2026-04-30
https://planettzero.itch.io/paracreat/devlog/1502614/paracreat-in-a-world-you-never-exited,,2026-04-30
https://itch.io/blog/1502615/free-valorant-cheat-esp-wallhack,,2026-04-30
https://reathearchmage.itch.io/outnowbyrea/devlog/1502616/moving-to-audio,,2026-04-30
https://manabreak.itch.io/yasc/devlog/1502617/yasc-100-is-out-now,,2026-04-30
https://romanpenguin.itch.io/nuclear-throne-archipelago/devlog/1502618/bug-fix,,2026-04-30
https://froey.itch.io/a-taste-of-her-blood/devlog/1502619/a-taste-of-her-blood-releases-april-30th,,2026-04-30
https://leplacard.itch.io/loopy-dungeon/devlog/1502620/loopy-dungeon-02-map-loop-and-shop-,,2026-04-30
https://itch.io/blog/1502621/drill-core-the-machine-world-complete-game-free-download-2026,,2026-04-30
https://itch.io/blog/1502622/a-fox-tale-complete-game-free-download-2026,,2026-04-30
https://itch.io/blog/1502623/rust-esp-wallhack-silent-aim-pro530-cheat-download-2026,,2026-04-30
https://itch.io/blog/1502624/protectors-of-prucia-complete-game-free-download-2026,,2026-04-30
https://itch.io/blog/1502625/rust-pro-esp-silent-aim-wallhack-vg808-undetected-cheat-2026,,2026-04-30
https://itch.io/blog/1502626/elementallis-soundtrack-complete-game-free-download-2026,,2026-04-30
https://itch.io/blog/1502627/pubg-battlegrounds-wallhack-no-recoil-trainer-558-cheat-download-2026,,2026-04-30
https://itch.io/blog/1502628/animal-style-complete-game-free-download-2026,,2026-04-30
https://itch.io/blog/1502629/pubg-battlegrounds-pro-silent-aim-esp-wallhack-v400-undetected-cheat-2026,,2026-04-30
https://itch.io/blog/1502630/cropdeck-complete-game-free-download-2026,,2026-04-30
https://itch.io/blog/1502631/world-of-tanks-esp-silent-aim-ult435-cheat-download-2026,,2026-04-30
https://itch.io/blog/1502632/mrker-complete-game-free-download-2026,,2026-04-30
https://itch.io/blog/1502633/world-of-tanks-pro-silent-aim-no-recoil-aimbot-reloaded156-undetected-cheat,,2026-04-30
https://wyndervale.itch.io/internal-ambience-vore-audio/devlog/1502634/internal-ambience-create-free-tier-and-lowered-price,,2026-04-30
https://itch.io/blog/1502635/elementallis-complete-game-free-download-2026,,2026-04-30
https://itch.io/blog/1502636/the-forest-cheat-menu-trainer-660-infinite-health-free-download-2026,,2026-04-30
https://itch.io/blog/1502637/the-forest-mega-enhancer-elite-110-all-features-unlocked-2026,,2026-04-30
https://itch.io/blog/1502638/factory-magnate-complete-game-free-download-2026,,2026-04-30
https://mountainfoot.itch.io/beneath-ahknoor/devlog/1502639/beneath-ahknoor-in-improve-my-game-jam-44,,2026-04-30
https://itch.io/blog/1502640/hades-cheat-menu-final872-infinite-health-free-download-2026,,2026-04-30
https://sweet-buns.itch.io/harem-fantasy-free-version/devlog/1502641/devlog-were-working-hard-on-new-dlc,,2026-04-30
https://itch.io/blog/1502642/grimwatch-mutation-protocol-complete-game-free-download-2026,,2026-04-30
https://itch.io/blog/1502643/hades-mega-trainer-vg-536-all-features-unlocked-2026,,2026-04-30
https://itch.io/blog/1502644/ram-downloader-complete-game-free-download-2026,,2026-04-30
https://hvackkw.itch.io/shrimprium/devlog/1502645/cloud-save-update-play-from-anywhere,,2026-04-30
https://itch.io/blog/1502646/cuphead-enhancer-elite472-infinite-health-free-download-2026,,2026-04-30
https://phantomaxisstudios.itch.io/trueromangame/devlog/1502647/patch-ii,,2026-04-30
https://sweet-buns.itch.io/harem-fantasy/devlog/1502648/devlog-were-working-hard-on-new-dlc,,2026-04-30
https://itch.io/blog/1502650/case-complete-game-free-download-2026,,2026-04-30
https://itch.io/blog/1502651/cuphead-mega-mod-menu-reloaded-859-all-features-unlocked-2026,,2026-04-30
https://itch.io/blog/1502652/sukusuku-hakutakus-class-complete-game-free-download-2026,,2026-04-30
https://itch.io/blog/1502653/vermintide-2-aimbot-silent-aim-no-recoil-final875-cheat-download-2026,,2026-04-30
https://v3x3d.itch.io/micro-chat/devlog/1502654/fixed-missing-glpyhs-and-more,,2026-04-30
https://itch.io/blog/1502655/next-quintillionaire-complete-game-free-download-2026,,2026-04-30
https://itch.io/blog/1502656/vermintide-2-pro-wallhack-aimbot-reloaded-289-undetected-cheat-2026,,2026-04-30
https://itch.io/blog/1502657/keines-expanding-class-complete-game-free-download-2026,,2026-04-30
https://itch.io/blog/1502658/hollow-knight-cheat-menu-vg625-god-mode-free-download-2026,,2026-04-30
https://itch.io/blog/1502659/hollow-knight-mega-cheat-menu-ult940-all-features-unlocked-2026,,2026-04-30
https://itch.io/blog/1502660/coinsweeper-complete-game-free-download-2026,,2026-04-30
https://itch.io/blog/1502661/lost-ark-no-recoil-silent-aim-triggerbot-trainer969-cheat-download-2026,,2026-04-30
https://beejoo7237.itch.io/awag2/devlog/1502662/12-release,,2026-04-30
https://mamonbshqairat.itch.io/100-potions-prefabs-unity-collection/devlog/1502663/-100-models-potions-prefabs-pack-for-unity-magic-potion-blender-3d,,2026-04-30
https://itch.io/blog/1502664/bastionos-complete-game-free-download-2026,,2026-04-30
https://itch.io/blog/1502665/lost-ark-pro-esp-wallhack-ult380-undetected-cheat-2026,,2026-04-30
https://itch.io/blog/1502666/adobe-photoshop-pre-activated-patch-pro652-free-download-2026,,2026-04-30
https://itch.io/blog/1502667/criticality-complete-game-free-download-2026,,2026-04-30
https://itch.io/blog/1502668/new-world-esp-triggerbot-final141-cheat-download-2026,,2026-04-30
https://halleynato.itch.io/tenebrarium/devlog/1502669/tenebrarium-devlog-v021,,2026-04-30
https://itch.io/blog/1502670/adobe-premiere-pro-full-version-portable-vg-568-free-download-2026,,2026-04-30
https://itch.io/blog/1502671/watts-the-limit-complete-game-free-download-2026,,2026-04-30
https://itch.io/blog/1502672/new-world-pro-silent-aim-aimbot-pro-564-undetected-cheat-2026,,2026-04-30
https://itch.io/blog/1502674/adobe-after-effects-pre-activated-full-version-elite-249-free-download-2026,,2026-04-30
https://itch.io/blog/1502675/futurepuck-manager-complete-game-free-download-2026,,2026-04-30
https://itch.io/blog/1502676/green-hell-mod-menu-ult-952-unlimited-resources-free-download-2026,,2026-04-30
https://itch.io/blog/1502677/adobe-illustrator-full-version-crack-elite196-free-download-2026,,2026-04-30
https://itch.io/blog/1502678/soviet-shop-simulator-complete-game-free-download-2026,,2026-04-30
https://itch.io/blog/1502679/green-hell-mega-cheat-menu-final-892-all-features-unlocked-2026,,2026-04-30
https://itch.io/blog/1502680/adobe-indesign-crack-full-version-vg-965-free-download-2026,,2026-04-30
https://itch.io/blog/1502681/league-of-legends-aimbot-no-recoil-pro-407-cheat-download-2026,,2026-04-30
https://itch.io/blog/1502682/apokerlypse-complete-game-free-download-2026,,2026-04-30
https://itch.io/blog/1502683/adobe-lightroom-patch-keygen-vg946-free-download-2026,,2026-04-30
https://itch.io/blog/1502684/league-of-legends-pro-no-recoil-triggerbot-trainer-600-undetected-cheat-2026,,2026-04-30
https://itch.io/blog/1502685/mind-biotics-complete-game-free-download-2026,,2026-04-30
https://itch.io/blog/1502686/adobe-acrobat-portable-full-version-vg-377-free-download-2026,,2026-04-30
https://itch.io/blog/1502687/warframe-wallhack-silent-aim-aimbot-reloaded-738-cheat-download-2026,,2026-04-30
https://itch.io/blog/1502688/sky-reach-complete-game-free-download-2026,,2026-04-30
https://itch.io/blog/1502689/adobe-animate-crack-full-version-pro566-free-download-2026,,2026-04-30
https://itch.io/blog/1502690/warframe-pro-triggerbot-silent-aim-pro-502-undetected-cheat-2026,,2026-04-30
https://itch.io/blog/1502691/hollow-inn-complete-game-free-download-2026,,2026-04-30
https://itch.io/blog/1502692/adobe-audition-full-version-crack-vg162-free-download-2026,,2026-04-30
https://itch.io/blog/1502693/path-of-exile-aimbot-wallhack-reloaded-747-cheat-download-2026,,2026-04-30
https://just-a-vibecoder.itch.io/flashcardenjp/devlog/1502694/101-new-version-released,,2026-04-30
https://itch.io/blog/1502695/adobe-dreamweaver-crack-full-version-ult748-free-download-2026,,2026-04-30
https://yrbiax.itch.io/word-hullabaloo/devlog/1502696/word-hullabaloo-v103,,2026-04-30
https://itch.io/blog/1502697/tales-of-justice-academy-winds-arise-soundtrack-complete-game-free-download-2026,,2026-04-30
https://itch.io/blog/1502698/path-of-exile-pro-esp-triggerbot-wallhack-v712-undetected-cheat-2026,,2026-04-30
https://itch.io/blog/1502699/adobe-substance-3d-crack-keygen-pro651-free-download-2026,,2026-04-30
https://itch.io/blog/1502700/tales-of-justice-academy-winds-arise-complete-game-free-download-2026,,2026-04-30
https://itch.io/blog/1502701/left-4-dead-2-wallhack-no-recoil-reloaded-407-cheat-download-2026,,2026-04-30
https://itch.io/blog/1502702/adobe-xd-keygen-crack-crack-828-free-download-2026,,2026-04-30
https://itch.io/blog/1502703/motogp26-complete-game-free-download-2026,,2026-04-30
https://itch.io/blog/1502704/left-4-dead-2-pro-triggerbot-esp-no-recoil-vg975-undetected-cheat-2026,,2026-04-30
https://daoimmerser.itch.io/dao-ascension/devlog/1502705/20th-public-rewrite-update,,2026-04-30
https://itch.io/blog/1502706/adobe-fresco-full-version-portable-elite-417-free-download-2026,,2026-04-30
https://itch.io/blog/1502707/demon-lord-just-a-block-complete-game-free-download-2026,,2026-04-30
https://itch.io/blog/1502708/insurgency-sandstorm-silent-aim-wallhack-trainer-596-cheat-download-2026,,2026-04-30
https://itch.io/blog/1502709/adobe-bridge-portable-full-version-elite-732-free-download-2026,,2026-04-30
https://itch.io/blog/1502710/demon-lord-just-a-block-supporter-pack-complete-game-free-download-2026,,2026-04-30
https://itch.io/blog/1502711/insurgency-sandstorm-pro-silent-aim-triggerbot-pro-358-undetected-cheat-2026,,2026-04-30
https://itch.io/blog/1502712/adobe-media-encoder-crack-pre-activated-ult-653-free-download-2026,,2026-04-30
https://itch.io/blog/1502713/forza-horizon-5-enhancer-elite613-infinite-health-free-download-2026,,2026-04-30
https://itch.io/blog/1502714/puzzle-atlas-complete-game-free-download-2026,,2026-04-30
https://itch.io/blog/1502715/adobe-character-animator-crack-pre-activated-vg-889-free-download-2026,,2026-04-30
https://itch.io/blog/1502716/forza-horizon-5-mega-cheat-menu-pro-253-all-features-unlocked-2026,,2026-04-30
https://quetzalcoutl.itch.io/avoid-the-shadows/devlog/1502717/v011-has-been-released-and-im-resuming-the-project,,2026-04-30
https://itch.io/blog/1502718/yamigatari-for3st-complete-game-free-download-2026,,2026-04-30
https://itch.io/blog/1502719/adobe-dimension-full-version-keygen-pro317-free-download-2026,,2026-04-30
https://itch.io/blog/1502720/no-mans-sky-mod-menu-trainer509-infinite-health-free-download-2026,,2026-04-30
https://simon3tortora-ui.itch.io/endless-asphalt/devlog/1502721/endless-asphalt,,2026-04-30
https://itch.io/blog/1502722/myth-requiem-complete-game-free-download-2026,,2026-04-30
https://itch.io/blog/1502723/adobe-incopy-crack-patch-elite401-free-download-2026,,2026-04-30
https://itch.io/blog/1502724/no-mans-sky-mega-enhancer-ult875-all-features-unlocked-2026,,2026-04-30
https://itch.io/blog/1502725/adobe-firefly-pre-activated-portable-crack452-free-download-2026,,2026-04-30
https://itch.io/blog/1502726/become-emperor-my-trillion-beauties-planet-empire-complete-game-free-download-2026,,2026-04-30
https://itch.io/blog/1502727/fifa-23-enhancer-ult-686-god-mode-free-download-2026,,2026-04-30
https://itch.io/blog/1502728/adobe-express-pre-activated-crack-crack-504-free-download-2026,,2026-04-30
https://itch.io/blog/1502729/brooks-investment-simulator-complete-game-free-download-2026,,2026-04-30
https://itch.io/blog/1502730/fifa-23-mega-cheat-menu-pro-339-all-features-unlocked-2026,,2026-04-30
https://itch.io/blog/1502731/dungeon-gatekeeper-complete-game-free-download-2026,,2026-04-30
https://itch.io/blog/1502732/back-4-blood-triggerbot-wallhack-vg-768-cheat-download-2026,,2026-04-30
https://itch.io/blog/1502733/whampunch-complete-game-free-download-2026,,2026-04-30
https://itch.io/blog/1502734/back-4-blood-pro-wallhack-esp-pro383-undetected-cheat-2026,,2026-04-30
https://itch.io/blog/1502735/animal-shelter-2-hunting-dogs-pack-complete-game-free-download-2026,,2026-04-30
https://itch.io/blog/1502736/god-of-war-enhancer-pro707-god-mode-free-download-2026,,2026-04-30
https://itch.io/blog/1502737/the-board-is-yours-complete-game-free-download-2026,,2026-04-30
https://itch.io/blog/1502738/god-of-war-mega-enhancer-elite-481-all-features-unlocked-2026,,2026-04-30
https://itch.io/blog/1502739/payday-2-wallhack-triggerbot-no-recoil-reloaded210-cheat-download-2026,,2026-04-30
https://itch.io/blog/1502740/test-project-complete-game-free-download-2026,,2026-04-30
https://itch.io/blog/1502741/payday-2-pro-no-recoil-wallhack-reloaded920-undetected-cheat-2026,,2026-04-30
https://itch.io/blog/1502742/homgard-complete-game-free-download-2026,,2026-04-30
https://itch.io/blog/1502743/ark-survival-evolved-wallhack-triggerbot-aimbot-trainer-383-cheat-download-2,,2026-04-30
https://itch.io/blog/1502744/real-estate-simulator-2-complete-game-free-download-2026,,2026-04-30
https://itch.io/blog/1502745/ark-survival-evolved-pro-esp-aimbot-silent-aim-ult-946-undetected-cheat-2026,,2026-04-30
https://itch.io/blog/1502746/r-type-dx-music-encore-original-soundtrack-complete-game-free-download-2026,,2026-04-30
https://itch.io/blog/1502747/disco-elysium-mod-menu-elite-216-god-mode-free-download-2026,,2026-04-30
https://funandgamesplus.itch.io/fnam-turno-de-noche/devlog/1502748/prototipo-01,,2026-04-30
https://itch.io/blog/1502749/dont-push-your-luck-complete-game-free-download-2026,,2026-04-30
https://itch.io/blog/1502750/disco-elysium-mega-mod-menu-pro376-all-features-unlocked-2026,,2026-04-30
https://itch.io/blog/1502751/-soundtrack-complete-game-free-download-2026,,2026-04-30
https://itch.io/blog/1502752/rainbow-six-siege-silent-aim-wallhack-aimbot-pro863-cheat-download-2026,,2026-04-30
https://funandgamesplus.itch.io/fnam-turno-de-noche/devlog/1502753/prototipo-03,,2026-04-30
https://itch.io/blog/1502754/r-type-dx-music-encore-complete-game-free-download-2026,,2026-04-30
https://itch.io/blog/1502755/rainbow-six-siege-pro-aimbot-esp-elite-608-undetected-cheat-2026,,2026-04-30
https://itch.io/blog/1502756/vr-live-yuzuki-yukari-m-stay-with-me-complete-game-free-download-2026,,2026-04-30
https://itch.io/blog/1502757/squad-esp-aimbot-final-597-cheat-download-2026,,2026-04-30
https://itch.io/blog/1502758/kugayama-shioris-death-diary-complete-game-free-download-2026,,2026-04-30
https://itch.io/blog/1502759/squad-pro-esp-no-recoil-wallhack-ult709-undetected-cheat-2026,,2026-04-30
https://itch.io/blog/1502760/bob-bobbed-bob-complete-game-free-download-2026,,2026-04-30
https://itch.io/blog/1502761/sons-of-the-forest-enhancer-reloaded288-one-hit-kill-free-download-2026,,2026-04-30
https://itch.io/blog/1502762/capybara-roulette-complete-game-free-download-2026,,2026-04-30
https://itch.io/blog/1502763/sons-of-the-forest-mega-enhancer-reloaded371-all-features-unlocked-2026,,2026-04-30
https://itch.io/blog/1502764/ariana-and-the-elder-codex-complete-game-free-download-2026,,2026-04-30
https://itch.io/blog/1502765/elden-ring-mod-menu-trainer-156-infinite-health-free-download-2026,,2026-04-30
https://itch.io/blog/1502766/magin-the-rat-project-stories-complete-game-free-download-2026,,2026-04-30
https://itch.io/blog/1502767/elden-ring-mega-enhancer-final-589-all-features-unlocked-2026,,2026-04-30
https://davidoss12a.itch.io/untitled-basketball-game/devlog/1502768/v326-test,,2026-04-30
https://itch.io/blog/1502769/hel-survivor-complete-game-free-download-2026,,2026-04-30
https://itch.io/blog/1502770/escape-from-tarkov-no-recoil-aimbot-wallhack-v-318-cheat-download-2026,,2026-04-30
https://cherrysock.itch.io/house-of-pleasure/devlog/1502771/project-cancelation,,2026-04-30
https://itch.io/blog/1502772/escape-from-tarkov-pro-aimbot-wallhack-trainer768-undetected-cheat-2026,,2026-04-30
https://itch.io/blog/1502773/the-gamble-maze-complete-game-free-download-2026,,2026-04-30
https://itch.io/blog/1502775/outer-wilds-enhancer-elite-221-god-mode-free-download-2026,,2026-04-30
https://itch.io/blog/1502776/sfxengine-sound-pack-jingles-complete-game-free-download-2026,,2026-04-30
https://itch.io/blog/1502777/outer-wilds-mega-trainer-v-992-all-features-unlocked-2026,,2026-04-30
https://itch.io/blog/1502778/off-the-beaten-track-complete-game-free-download-2026,,2026-04-30
https://itch.io/blog/1502779/call-of-duty-warzone-aimbot-silent-aim-reloaded-665-cheat-download-2026,,2026-04-30
https://itch.io/blog/1502780/istikan-chai-complete-game-free-download-2026,,2026-04-30
https://itch.io/blog/1502781/call-of-duty-warzone-pro-aimbot-triggerbot-esp-pro-325-undetected-cheat-2026,,2026-04-30
https://itch.io/blog/1502782/crimson-waves-on-the-emerald-sea-amaranthine-moon-complete-game-free-download-2026,,2026-04-30
https://itch.io/blog/1502783/last-epoch-enhancer-elite-278-infinite-health-free-download-2026,,2026-04-30
https://roasdev.itch.io/trophies/devlog/1502784/trophies-a-corruption-tale-0170,,2026-04-30
https://itch.io/blog/1502785/hadean-tactics-moonhunter-dlc-complete-game-free-download-2026,,2026-04-30
https://itch.io/blog/1502786/last-epoch-mega-trainer-ult-708-all-features-unlocked-2026,,2026-04-30
https://hellsing16.itch.io/fruit-campus-survivors/devlog/1502787/fruit-campus-survivors,,2026-04-30
https://itch.io/blog/1502788/dota-2-silent-aim-triggerbot-pro883-cheat-download-2026,,2026-04-30
https://itch.io/blog/1502789/industria-2-complete-game-free-download-2026,,2026-04-30
https://itch.io/blog/1502790/dota-2-pro-wallhack-silent-aim-triggerbot-final245-undetected-cheat-2026,,2026-04-30
https://itch.io/blog/1502791/bobo-bay-complete-game-free-download-2026,,2026-04-30
https://itch.io/blog/1502792/elder-scrolls-online-esp-aimbot-v390-cheat-download-2026,,2026-04-30
https://itch.io/blog/1502793/mini-tank-mayhem-complete-game-free-download-2026,,2026-04-30
https://itch.io/blog/1502794/elder-scrolls-online-pro-no-recoil-esp-wallhack-elite-575-undetected-cheat-2,,2026-04-30
https://itch.io/blog/1502795/pixelmint-complete-game-free-download-2026,,2026-04-30
https://itch.io/blog/1502796/the-cycle-frontier-esp-aimbot-pro938-cheat-download-2026,,2026-04-30
https://itch.io/blog/1502797/crimson-waves-on-the-emerald-sea-amaranthine-moon-artbook-complete-game-free-download-2026,,2026-04-30
https://itch.io/blog/1502798/the-cycle-frontier-pro-no-recoil-silent-aim-esp-reloaded236-undetected-cheat,,2026-04-30
https://itch.io/blog/1502799/suggestions,,2026-04-30
https://itch.io/blog/1502800/magic-hero-incremental-complete-game-free-download-2026,,2026-04-30
https://itch.io/blog/1502801/subnautica-mod-menu-elite-250-one-hit-kill-free-download-2026,,2026-04-30
https://sm-pantokrator.itch.io/sinner-maker/devlog/1502802/numbers-update,,2026-04-30
https://antilopinae.itch.io/warped-realms/devlog/1502803/warped-realms-version-0001,,2026-04-30
https://itch.io/blog/1502804/iammeteor-complete-game-free-download-2026,,2026-04-30
https://itch.io/blog/1502805/subnautica-mega-cheat-menu-reloaded-939-all-features-unlocked-2026,,2026-04-30
https://itch.io/blog/1502806/gene-jackpot-complete-game-free-download-2026,,2026-04-30
https://itch.io/blog/1502807/crossout-wallhack-aimbot-esp-final276-cheat-download-2026,,2026-04-30
https://tstrikebrasil.itch.io/meu-restaurante-brazuca/devlog/1502808/were-on-steam-wholesome-kitchen-event-2026,,2026-04-30
https://itch.io/blog/1502809/the-parking-garage-complete-game-free-download-2026,,2026-04-30
https://itch.io/blog/1502810/crossout-pro-esp-wallhack-no-recoil-v130-undetected-cheat-2026,,2026-04-30
https://itch.io/blog/1502811/jinis-potion-shop-complete-game-free-download-2026,,2026-04-30
https://itch.io/blog/1502812/valorant-triggerbot-silent-aim-no-recoil-vg-668-cheat-download-2026,,2026-04-30
https://itch.io/blog/1502813/scooterflow-supporters-pack-complete-game-free-download-2026,,2026-04-30
https://itch.io/blog/1502814/valorant-pro-no-recoil-aimbot-esp-reloaded-651-undetected-cheat-2026,,2026-04-30
https://joelheath42.itch.io/a-demon-hunters-guide-to-passing-finals/devlog/1502815/development-update-waypoints-updated,,2026-04-30
https://itch.io/blog/1502816/pegture-complete-game-free-download-2026,,2026-04-30
https://kaylousberg.itch.io/kaykit-complete/devlog/1502817/the-complete-kaykit-v5,,2026-04-30
https://itch.io/blog/1502818/euro-truck-simulator-2-trainer-v-362-infinite-health-free-download-2026,,2026-04-30
https://itch.io/blog/1502819/euro-truck-simulator-2-mega-mod-menu-pro298-all-features-unlocked-2026,,2026-04-30
https://itch.io/blog/1502820/exit-plan-complete-game-free-download-2026,,2026-04-30
https://seembuilds.itch.io/test-title/devlog/1502821/test-update,,2026-04-30
https://itch.io/blog/1502822/world-war-z-esp-wallhack-v-835-cheat-download-2026,,2026-04-30
https://itch.io/blog/1502823/legends-of-wasteland-complete-game-free-download-2026,,2026-04-30
https://itch.io/blog/1502824/world-war-z-pro-wallhack-esp-triggerbot-elite-716-undetected-cheat-2026,,2026-04-30
https://itch.io/blog/1502825/core-awaken-rurumus-will-complete-game-free-download-2026,,2026-04-30
https://roadkillcandy.itch.io/saturn-striker-force/devlog/1502826/new-rooms-52,,2026-04-30
https://itch.io/blog/1502827/terraria-cheat-menu-pro354-one-hit-kill-free-download-2026,,2026-04-30
https://itch.io/blog/1502828/mystery-cube-black-dragon-jarl-complete-game-free-download-2026,,2026-04-30
https://aissaounnane.itch.io/deep-core/devlog/1502829/tools-masks-oxygen-rework-save-system,,2026-04-30
https://itch.io/blog/1502830/hell-let-loose-esp-no-recoil-wallhack-v-630-cheat-download-2026,,2026-04-30
https://itch.io/blog/1502831/hell-let-loose-pro-wallhack-esp-no-recoil-vg551-undetected-cheat-2026,,2026-04-30
https://itch.io/blog/1502832/sunbreak-war-sister-of-condemnation-complete-game-free-download-2026,,2026-04-30
https://itch.io/blog/1502833/fallout-4-trainer-reloaded-399-one-hit-kill-free-download-2026,,2026-04-30
https://itch.io/blog/1502834/switch-out-complete-game-free-download-2026,,2026-04-30
https://itch.io/blog/1502835/fallout-4-mega-enhancer-reloaded476-all-features-unlocked-2026,,2026-04-30
https://itch.io/blog/1502836/path-of-gear-blacksmiths-legend-complete-game-free-download-2026,,2026-04-30
https://3dragons.itch.io/dungeon-heist/devlog/1502837/dungeon-heist-released,,2026-04-30
https://itch.io/blog/1502838/magical-girl-os-98-complete-game-free-download-2026,,2026-04-30
https://itch.io/blog/1502839/pixelarium-free-lands-complete-game-free-download-2026,,2026-04-30
https://itch.io/blog/1502840/cosmic-dream-complete-game-free-download-2026,,2026-04-30
https://itch.io/blog/1502841/pseudo-world-complete-game-free-download-2026,,2026-04-30
https://itch.io/blog/1502842/missing-myself-full-release-date,,2026-04-30
https://b34stk1ng.itch.io/sokoban-game-1/devlog/1502843/new-version-20,,2026-04-30
https://itch.io/blog/1502844/the-aurora-chronicles-complete-game-free-download-2026,,2026-04-30
https://itch.io/blog/1502845/ram-munchers-neon-complete-game-free-download-2026,,2026-04-30
https://itch.io/blog/1502846/quick-brown-complete-game-free-download-2026,,2026-04-30
https://itch.io/blog/1502847/zero-warning-burnt-out-complete-game-free-download-2026,,2026-04-30
https://itch.io/blog/1502848/campfire-harmony-complete-game-free-download-2026,,2026-04-30
https://itch.io/blog/1502849/alice-landing-complete-game-free-download-2026,,2026-04-30
https://itch.io/blog/1502850/dilemma-complete-game-free-download-2026,,2026-04-30
https://saxonarts.itch.io/run-goblin-girl-run/devlog/1502851/v-1237,,2026-04-30
https://itch.io/blog/1502852/quiet-soul-complete-game-free-download-2026,,2026-04-30
https://itch.io/blog/1502853/mega-load-on-complete-game-free-download-2026,,2026-04-30
https://richenberg.itch.io/waifu-tapper-universe/devlog/1502854/new-support-option-subscribestar-is-now-live,,2026-04-30
https://itch.io/blog/1502855/optico-complete-game-free-download-2026,,2026-04-30
https://itch.io/blog/1502856/what-did-the-chicken-see-complete-game-free-download-2026,,2026-04-30
https://itch.io/blog/1502857/core-hustlers-complete-game-free-download-2026,,2026-04-30
https://itch.io/blog/1502858/the-curse-404-complete-game-free-download-2026,,2026-04-30
https://itch.io/blog/1502859/challengers-sleep-complete-game-free-download-2026,,2026-04-30
https://ylvanaar.itch.io/said-the-stars/devlog/1502860/talas-route-guide-is-now-available,,2026-04-30
https://itch.io/blog/1502861/8-,,2026-04-30
https://itch.io/blog/1502862/deprivation-complete-game-free-download-2026,,2026-04-30
https://itch.io/blog/1502863/defective-detectives-2-complete-game-free-download-2026,,2026-04-30
https://itch.io/blog/1502864/clover-town-cozy-solitaire-complete-game-free-download-2026,,2026-04-30
https://kamencesc.itch.io/el-trio-mala-pea/devlog/1502865/animaci-de-personatges,,2026-04-30
https://itch.io/blog/1502866/dice-n-grids-complete-game-free-download-2026,,2026-04-30
https://itch.io/blog/1502867/cozy-aquarium-complete-game-free-download-2026,,2026-04-30
https://bitmysteries.itch.io/depthrangers/devlog/1502868/depthrangers-now-available-in-html,,2026-04-30
https://itch.io/blog/1502869/dimension-ranger-complete-game-free-download-2026,,2026-04-30
https://itch.io/blog/1502870/sea-pets-match-merge-complete-game-free-download-2026,,2026-04-30
https://itch.io/blog/1502871/cell-racers-complete-game-free-download-2026,,2026-04-30
https://itch.io/blog/1502872/banana-belt-miner-complete-game-free-download-2026,,2026-04-30
https://smel111.itch.io/deadrun/devlog/1502873/new-builds-uploaded-browser-update-windows-exe-and-android-apk,,2026-04-30
https://itch.io/blog/1502874/101-cats-in-florence-complete-game-free-download-2026,,2026-04-30
https://chottoinc.itch.io/the-background-warrior/devlog/1502875/hotfix-280426,,2026-04-30
https://itch.io/blog/1502876/scoundrel-complete-game-free-download-2026,,2026-04-30
https://itch.io/blog/1502877/just-aaron-art-update-30,,2026-04-30
https://itch.io/blog/1502878/the-last-voyage-of-the-ss-aurelia-complete-game-free-download-2026,,2026-04-30
https://itch.io/blog/1502879/sklesh-complete-game-free-download-2026,,2026-04-30
https://debianarchist.itch.io/cybram/devlog/1502880/update-5-4,,2026-04-30
https://itch.io/blog/1502881/101-dogs-hidden-in-new-delhi-complete-game-free-download-2026,,2026-04-30
https://itch.io/blog/1502882/spinova-complete-game-free-download-2026,,2026-04-30
https://itch.io/blog/1502883/thekku-island-soundtrack-complete-game-free-download-2026,,2026-04-30
https://itch.io/blog/1502884/breath-of-digital-god-complete-game-free-download-2026,,2026-04-30
https://itch.io/blog/1502885/operation-anti-robot-complete-game-free-download-2026,,2026-04-30
https://itch.io/blog/1502886/ugly-mansion-complete-game-free-download-2026,,2026-04-30
https://itch.io/blog/1502887/adobe-photoshop-crack-keygen-v702-free-download-2026,,2026-04-30
https://itch.io/blog/1502888/reality-stability-office-complete-game-free-download-2026,,2026-04-30
https://itch.io/blog/1502889/mrgo-mixed-reality-go-complete-game-free-download-2026,,2026-04-30
https://itch.io/blog/1502890/adobe-premiere-pro-v914-full-version-crack-full-version-2026,,2026-04-30
https://nasseyref.itch.io/solstice/devlog/1502891/horizontal-slice,,2026-04-30
https://josepvalls.itch.io/haikuhike/devlog/1502892/first-post-jam-update,,2026-04-30
https://itch.io/blog/1502893/steamcloudshare-complete-game-free-download-2026,,2026-04-30
https://itch.io/blog/1502894/adobe-after-effects-v204-pre-activated-keygen-full-version-2026,,2026-04-30
https://itch.io/blog/1502895/soul-astray-soundtrack-complete-game-free-download-2026,,2026-04-30
https://itch.io/blog/1502896/adobe-illustrator-v791-offline-installer-full-version-full-version-2026,,2026-04-30
https://itch.io/blog/1502897/download-adobe-indesign-keygen-crack-v340-working-2026,,2026-04-30
https://itch.io/blog/1502898/the-adventurers-trial-complete-game-free-download-2026,,2026-04-30
https://itch.io/blog/1502899/adobe-lightroom-v985-pre-activated-full-version-full-version-2026,,2026-04-30
https://itch.io/blog/1502900/kiosk-199x-complete-game-free-download-2026,,2026-04-30
https://itch.io/blog/1502901/adobe-acrobat-pro-v260-offline-installer-patch-full-version-2026,,2026-04-30
https://katona-zoltan-github.itch.io/chess-rpg/devlog/1502902/new-chess-rpg-is-launched,,2026-04-30
https://itch.io/blog/1502903/you-all-know-arm-tank-volley-complete-game-free-download-2026,,2026-04-30
https://itch.io/blog/1502904/download-adobe-animate-pre-activated-patch-v948-working-2026,,2026-04-30
https://itch.io/blog/1502905/nightmare-drive-complete-game-free-download-2026,,2026-04-30
https://itch.io/blog/1502906/adobe-audition-offline-installer-crack-v159-free-download-2026,,2026-04-30
https://polygonaldreams.itch.io/forgottentrails/devlog/1502907/forgotten-trails-our-first-official-mod-is-here,,2026-04-30
https://itch.io/blog/1502908/flower-survivors-dlc-bodyguard-an-ji-ye-complete-game-free-download-2026,,2026-04-30
https://itch.io/blog/1502909/adobe-dreamweaver-v617-offline-installer-patch-full-version-2026,,2026-04-30
https://itch.io/blog/1502910/tableparty-liars-dice-complete-game-free-download-2026,,2026-04-30
https://itch.io/blog/1502911/download-adobe-substance-3d-keygen-offline-installer-v439-working-2026,,2026-04-30
https://bitqueststudio.itch.io/advanced-weather-system/devlog/1502912/advanced-weather-system-now-available,,2026-04-30
https://itch.io/blog/1502913/download-adobe-xd-offline-installer-keygen-v944-working-2026,,2026-04-30
https://itch.io/blog/1502914/adobe-fresco-patch-portable-v991-free-download-2026,,2026-04-30
https://epicwolfstudio.itch.io/primalodyssey/devlog/1502915/early-access,,2026-04-30
https://itch.io/blog/1502916/adobe-bridge-offline-installer-patch-v210-free-download-2026,,2026-04-30
https://itch.io/blog/1502917/adobe-media-encoder-full-version-patch-v962-free-download-2026,,2026-04-30
https://geraldglitch.itch.io/machine-pets/devlog/1502918/this-is-the-process-i-did-for-the-drawing-style,,2026-04-30
https://itch.io/blog/1502919/adobe-character-animator-keygen-full-version-v687-free-download-2026,,2026-04-30
https://itch.io/blog/1502920/adobe-dimension-v214-offline-installer-pre-activated-full-version-2026,,2026-04-30
https://printerjoe.itch.io/rogue-invaders/devlog/1502921/new-enemy-new-upgrade,,2026-04-30
https://paperminecraftreborn1.itch.io/paper-minecraft-reborn/devlog/1502922/beta-05-released,,2026-04-30
https://itch.io/blog/1502923/adobe-incopy-v392-full-version-keygen-full-version-2026,,2026-04-30
https://itch.io/blog/1502924/adobe-firefly-offline-installer-pre-activated-v720-free-download-2026,,2026-04-30
https://itch.io/blog/1502925/download-adobe-express-portable-keygen-v238-working-2026,,2026-04-30
https://itch.io/blog/1502926/adobe-photoshop-elements-v155-offline-installer-full-version-full-version,,2026-04-30
https://itch.io/blog/1502927/download-adobe-premiere-elements-offline-installer-portable-v676-working-,,2026-04-30
https://itch.io/blog/1502928/download-adobe-spark-offline-installer-pre-activated-v992-working-2026,,2026-04-30
https://merlinbecker.itch.io/hans-dither/devlog/1502929/why-i-use-ai-agents-for-assisted-coding-in-hans-dither,,2026-04-30
https://itch.io/blog/1502930/adobe-portfolio-crack-full-version-v412-free-download-2026,,2026-04-30
https://raznag.itch.io/for-dragonbane/devlog/1502931/le-bestiaire-de-raznag,,2026-04-30
https://ti-mah.itch.io/pulsevoid/devlog/1502932/devlog-01-from-heartbeat-to-the-void-the-evolution-of-pulse-void,,2026-04-30
https://itch.io/blog/1502933/adobe-fonts-v428-offline-installer-full-version-full-version-2026,,2026-04-30
https://itch.io/blog/1502934/download-adobe-scan-portable-patch-v550-working-2026,,2026-04-30
https://itch.io/blog/1502935/adobe-fill-sign-v698-portable-crack-full-version-2026,,2026-04-30
https://itch.io/blog/1502936/download-adobe-acrobat-reader-crack-pre-activated-v456-working-2026,,2026-04-30
https://itch.io/blog/1502937/adobe-creative-cloud-desktop-v879-portable-pre-activated-full-version-2026,,2026-04-30
https://itch.io/blog/1502938/hard-ops-boxcutter-complete-free-version,,2026-04-30
https://itch.io/blog/1502939/adobe-lightroom-classic-v741-offline-installer-patch-full-version-2026,,2026-04-30
https://itch.io/blog/1502940/adobe-camera-raw-v197-full-version-patch-full-version-2026,,2026-04-30
https://timberwolfgames.itch.io/arcaneearth/devlog/1502941/golem-expeditions,,2026-04-30
https://itch.io/blog/1502942/adobe-after-effects-cc-v159-keygen-patch-full-version-2026,,2026-04-30
https://itch.io/blog/1502943/adobe-premiere-rush-keygen-full-version-v959-free-download-2026,,2026-04-30
https://itch.io/blog/1502944/download-adobe-aero-offline-installer-full-version-v373-working-2026,,2026-04-30
https://itch.io/blog/1502945/-fluent-material-mesh-tools-complete-free-version-for-licensed-blender-,,2026-04-30
https://itch.io/blog/1502946/adobe-captivate-v955-full-version-crack-full-version-2026,,2026-04-30
https://itch.io/blog/1502947/-mesh-machine-hard-surface-retopo-full-free-version-for-licensed-blender-,,2026-04-30
https://itch.io/blog/1502948/adobe-robohelp-v401-offline-installer-portable-full-version-2026,,2026-04-30
https://itch.io/blog/1502949/-decal-machine-decals-warnings-stickers-complete-free-version-500-decals-2026-,,2026-04-30
https://itch.io/blog/1502950/adobe-framemaker-full-version-offline-installer-v435-free-download-2026,,2026-04-30
https://itch.io/blog/1502951/-yt-tools-youtube-channel-manager-for-blender-full-free-version-,,2026-04-30
https://itch.io/blog/1502952/download-adobe-technical-communication-suite-full-version-keygen-v295-wor,,2026-04-30
https://itch.io/blog/1502953/-kit-ops-pro-asset-manager-kitbash-library-complete-free-version-2026-,,2026-04-30
https://itch.io/blog/1502954/-retopoflow-3-ultimate-retopology-tool-complete-free-version-for-licensed-blender-,,2026-04-30
https://itch.io/blog/1502955/download-adobe-presenter-pre-activated-patch-v687-working-2026,,2026-04-30
https://anarchy-creations.itch.io/system-breakdown/devlog/1502956/-system-breakdown-early-playtest-live-,,2026-04-30
https://itch.io/blog/1502957/-geo-scatter-55-massive-scattering-complete-free-pro-version-2026-,,2026-04-30
https://itch.io/blog/1502958/download-adobe-connect-offline-installer-full-version-v939-working-2026,,2026-04-30
https://itch.io/blog/1502959/far-far-west-complete-game-free-download-2026,,2026-04-30
https://itch.io/blog/1502960/-botaniq-flora-tree-library-complete-free-version-800-plants-2026-,,2026-04-30
https://itch.io/blog/1502961/download-adobe-experience-manager-crack-full-version-v861-working-2026,,2026-04-30
https://itch.io/blog/1502962/-scatterflow-dynamic-scatter-erosion-complete-free-version-for-licensed-blender-,,2026-04-30
https://itch.io/blog/1502963/diablo-ii-resurrected-infernal-edition-complete-game-free-download-2026,,2026-04-30
https://itch.io/blog/1502964/adobe-campaign-offline-installer-crack-v349-free-download-2026,,2026-04-30
https://itch.io/blog/1502965/-physical-starlight-and-atmosphere-real-sky-stars-complete-free-version-,,2026-04-30
https://itch.io/blog/1502966/night-swarm-complete-game-free-download-2025,,2026-04-30
https://itch.io/blog/1502967/-flip-fluids-liquid-simulator-complete-free-version-gpu-acceleration-2026-,,2026-04-30
https://itch.io/blog/1502968/download-adobe-target-patch-crack-v552-working-2026,,2026-04-30
https://itch.io/blog/1502969/cloudheim-complete-game-free-download-2025,,2026-04-30
https://itch.io/blog/1502970/adobe-analytics-v748-patch-keygen-full-version-2026,,2026-04-30
https://itch.io/blog/1502971/-auto-rig-pro-full-character-rigging-complete-free-version-for-licensed-blender-,,2026-04-30
https://itch.io/blog/1502972/download-adobe-audience-manager-patch-pre-activated-v180-working-2026,,2026-04-30
https://itch.io/blog/1502973/wobbly-life-complete-game-free-download-2025,,2026-04-30
https://itch.io/blog/1502974/-uvpackmaster-3-pro-ultimate-uv-packing-complete-free-version-for-licensed-blender-,,2026-04-30
https://itch.io/blog/1502975/download-adobe-commerce-portable-full-version-v456-working-2026,,2026-04-30
https://itch.io/blog/1502976/-hairtg-hair-fur-generator-complete-free-version-for-licensed-blender-,,2026-04-30
https://itch.io/blog/1502977/hollow-knight-silksong-complete-game-free-download-2025,,2026-04-30
https://itch.io/blog/1502978/adobe-marketo-engage-v548-crack-pre-activated-full-version-2026,,2026-04-30
https://itch.io/blog/1502979/adobe-marketo-engage-v548-crack-pre-activated-full-version-2026,,2026-04-30
https://itch.io/blog/1502980/scum-complete-game-free-download-2025,,2026-04-30
https://itch.io/blog/1502981/adobe-workfront-full-version-keygen-v765-free-download-2026,,2026-04-30
https://goosede-v.itch.io/steel-void/devlog/1502982/version-02,,2026-04-30
https://itch.io/blog/1502983/peak-complete-game-free-download-2025,,2026-04-30
https://itch.io/blog/1502984/adobe-creative-cloud-express-v371-pre-activated-full-version-full-versi,,2026-04-30
https://yekkusu.itch.io/just-friends-visual-novel/devlog/1502985/build-083-is-available-for-patrons,,2026-04-30
https://itch.io/blog/1502986/fortnite-cheat-free-download-2026,,2026-04-30
https://itch.io/blog/1502987/adobe-substance-3d-painter-v367-full-version-patch-full-version-2026,,2026-04-30
https://itch.io/blog/1502988/stellar-blade-complete-game-free-download-2025,,2026-04-30
https://ppeak.itch.io/gentle-exploration/devlog/1502989/cozy-piano-update-added-new-track-reorganized,,2026-04-30
https://itch.io/blog/1502990/download-adobe-substance-3d-designer-pre-activated-crack-v395-working-2026,,2026-04-30
https://itch.io/blog/1502991/tainted-grail-the-fall-of-avalon-complete-game-free-download-2025,,2026-04-30
https://itch.io/blog/1502992/adobe-substance-3d-sampler-patch-full-version-v718-free-download-2026,,2026-04-30
https://itch.io/blog/1502993/grand-theft-auto-v-enhanced-complete-game-free-download-2025,,2026-04-30
https://itch.io/blog/1502995/adobe-substance-3d-stager-portable-crack-v511-free-download-2026,,2026-04-30
https://rabbitbitgames.itch.io/nmtf/devlog/1502996/nmtf-released,,2026-04-30
https://itch.io/blog/1502997/repo-complete-game-free-download-2025,,2026-04-30
https://itch.io/blog/1502998/adobe-substance-3d-modeler-v125-patch-crack-full-version-2026,,2026-04-30
https://itch.io/blog/1502999/download-adobe-substance-3d-collection-keygen-portable-v588-working-2026,,2026-04-30
https://itch.io/blog/1503000/eternal-strands-complete-game-free-download-2025,,2026-04-30
https://itch.io/blog/1503001/adobe-creative-cloud-photography-offline-installer-patch-v980-free-downlo,,2026-04-30
https://itch.io/blog/1503002/path-of-exile-2-complete-game-free-download-2024,,2026-04-30
https://mtc-0852.itch.io/the-splash-pad/devlog/1503003/bug-fix-language-display-issue-fixed,,2026-04-30
https://itch.io/blog/1503004/adobe-creative-cloud-video-offline-installer-portable-v641-free-downloa,,2026-04-30
https://itch.io/blog/1503005/stalker-2-heart-of-chornobyl-complete-game-free-download-2024,,2026-04-30
https://itch.io/blog/1503006/adobe-creative-cloud-all-apps-v742-crack-portable-full-version-2026,,2026-04-30
https://itch.io/blog/1503007/red-dead-redemption-complete-game-free-download-2024,,2026-04-30
https://itch.io/blog/1503008/adobe-stock-v335-portable-crack-full-version-2026,,2026-04-30
https://msweb.itch.io/dimenshaper/devlog/1503009/v081-input-mapping-is-allowed,,2026-04-30
https://itch.io/blog/1503010/god-of-war-ragnark-complete-game-free-download-2024,,2026-04-30
https://itch.io/blog/1503011/download-adobe-behance-pre-activated-portable-v785-working-2026,,2026-04-30
https://itch.io/blog/1503012/adobe-color-keygen-pre-activated-v506-free-download-2026,,2026-04-30
https://itch.io/blog/1503013/final-fantasy-xvi-complete-game-free-download-2024,,2026-04-30
https://itch.io/blog/1503014/adobe-capture-crack-offline-installer-v415-free-download-2026,,2026-04-30
https://itch.io/blog/1503015/the-lord-of-the-rings-return-to-moria-complete-game-free-download-2024,,2026-04-30
https://rlrken.itch.io/flicker/devlog/1503016/flicker-new-update,,2026-04-30
https://itch.io/blog/1503017/uboat-complete-game-free-download-2024,,2026-04-30
https://pureloser.itch.io/spheed/devlog/1503018/spheed-reworked-saves-and-fixed-some-bugs,,2026-04-30
https://itch.io/blog/1503019/ghost-of-tsushima-directors-cut-complete-game-free-download-2024,,2026-04-30
https://itch.io/blog/1503020/no-rest-for-the-wicked-complete-game-free-download-2024,,2026-04-30
https://itch.io/blog/1503021/palworld-complete-game-free-download-2024,,2026-04-30
https://itch.io/blog/1503022/lethal-company-complete-game-free-download-2023,,2026-04-30
https://itch.io/blog/1503023/fortnite-external-free-cheat-2026,,2026-04-30
https://itch.io/blog/1503024/street-fighter-6-complete-game-free-download-2023,,2026-04-30
https://itch.io/blog/1503025/far-cry-6-complete-game-free-download-2023,,2026-04-30
https://msweb.itch.io/dimenshaper/devlog/1503026/v082-minor-improvements,,2026-04-30
https://gofantasy542.itch.io/the-awakenings/devlog/1503027/the-rest-of-the-crew,,2026-04-30
https://itch.io/blog/1503028/star-wars-jedi-survivor-complete-game-free-download-2023,,2026-04-30
https://itch.io/blog/1503029/vampire-survivors-complete-game-free-download-2022,,2026-04-30
https://itch.io/blog/1503030/grounded-complete-game-free-download-2022,,2026-04-30
https://marsdky.itch.io/the-dome-of-cognis/devlog/1503031/2026-04-28-bug,,2026-04-30
https://itch.io/blog/1503032/final-fantasy-vii-remake-intergrade-complete-game-free-download-2022,,2026-04-30
https://yeehaw-games.itch.io/mongirl-conquest/devlog/1503033/weekly-report-for-mongirl-conquest-v093,,2026-04-30
https://itch.io/blog/1503034/plants-vs-zombies-garden-warfare-2-deluxe-edition-complete-game-free-download-2022,,2026-04-30
https://mhm-productions.itch.io/neon-blades-2/devlog/1503035/neon-blades-2-full-game,,2026-04-30
https://itch.io/blog/1503036/fortnite-cheat-free-download-2026,,2026-04-30
https://tomycase.itch.io/megaman-dxtreme/devlog/1503037/v121-yt-safety-update,,2026-04-30
https://dreadnoughtentertainment.itch.io/operator-1013-swat/devlog/1503038/operator-1013-swat-dev-report-week-4,,2026-04-30
https://mundaneescapists.itch.io/armas-quest/devlog/1503039/new-demo-0210,,2026-04-30
https://baydene.itch.io/monster-mystery/devlog/1503040/monster-mystery-list-of-all-monsters,,2026-04-30
https://yellaskip.itch.io/proto-cuckoo-64/devlog/1503041/mouse-control-build,,2026-04-30
https://azsgames.itch.io/country-slime-demo/devlog/1503042/demo-012-hotfix,,2026-04-30
https://ludonauta.itch.io/milkywaymail/devlog/1503044/addressing-feedback-why-we-chose-twin-stick-controllers,,2026-04-30
https://scoobythedeveloper.itch.io/my-weird-gme/devlog/1503045/my-weird-gme-second-chapter-just-drop-now,,2026-04-30
https://itch.io/blog/1503046/wimpy-kid-dating-sim,,2026-04-30
https://kerosine-ntr.itch.io/we-another-world/devlog/1503047/development-status,,2026-04-30
https://msweb.itch.io/dimenshaper/devlog/1503048/v083-minor-improvements,,2026-04-30
https://adam256a.itch.io/racket-pong-68/devlog/1503049/hello,,2026-04-30
https://minkmin.itch.io/cyber-shell-template/devlog/1503050/update-v11-npc-logic-optimization-ui-fix,,2026-04-30
https://sad-crab.itch.io/innocent-witchesfree/devlog/1503051/speedpaint-64,,2026-04-30
https://sad-crab.itch.io/innocent-witches/devlog/1503052/speedpaint-64,,2026-04-30
https://itch.io/blog/1503053/johns-size-implant-chapter-13-is-now-available,,2026-04-30
https://gasbank.itch.io/dungeon-cartographer/devlog/1503054/-,,2026-04-30
https://lordbooka.itch.io/vecchio-furioso/devlog/1503055/development-update-13-steam-demo-deployment-and-arsenal-expansion-progress-62,,2026-04-30
https://itch.io/blog/1503056/new-horror-audio-bundle-is-live-,,2026-04-30
https://sanobusiness.itch.io/bad-beat/devlog/1503057/demo-patch-notes-v025,,2026-04-30
https://gosty2021.itch.io/aeternum/devlog/1503058/aeternum-23-actualizacin,,2026-04-30
https://danielilett.itch.io/psx-shaders-pro-for-unity-urp/devlog/1503059/version-153-normal-maps-wrap-modes-unity-64-support-huge-sale,,2026-04-30
https://itch.io/blog/1503060/various-bits-updates-equine-vagina-improvements,,2026-04-30
https://inmento.itch.io/my-first-idle-game/devlog/1503061/version-110,,2026-04-30
https://strive4power.itch.io/strive-conquest/devlog/1503062/0142-release,,2026-04-30
https://hermitcrabster.itch.io/catch-dem-eggz/devlog/1503063/hey-just-published-my-first-game-ever,,2026-04-30
https://printerjoe.itch.io/rogue-invaders/devlog/1503064/windows-version,,2026-04-30
https://ly-lily.itch.io/tet-do/devlog/1503065/demo-tt-11,,2026-04-30
https://daniel-yee.itch.io/pit-pot/devlog/1503066/4282026-version-03-beta,,2026-04-30
https://triangulargames.itch.io/ouroboros-constricting-devotion/devlog/1503067/whats-been-happening,,2026-04-30
https://itch.io/blog/1503068/all-games-updates-shastescom-release-,,2026-04-30
https://viktor-knobloch.itch.io/vertical-slice/devlog/1503069/284-1845,,2026-04-30
https://carosigames.itch.io/1720-naval-battle-simulator-beta-build/devlog/1503070/beta-12-update-the-frigate,,2026-04-30
https://riftborne.itch.io/riftborne/devlog/1503071/stability-updates-and-new-colony-progression,,2026-04-30
https://nefty828.itch.io/date-in-the-park/devlog/1503072/demo-02-update,,2026-04-30
https://imakestuffsc.itch.io/imssc-news/devlog/1503073/about-my-fursona,,2026-04-30
https://err0r4224699.itch.io/fpe-the-fangame2/devlog/1503074/paper-world-update,,2026-04-30
https://itch.io/blog/1503075/catel-albastru-joc-video-v200-news-2,,2026-04-30
https://lollipopbro.itch.io/chess/devlog/1503076/v000008,,2026-04-30
https://itch.io/blog/1503077/insect-wing-flapping-sound-from-scratch-with-a-coffee-can,,2026-04-30
https://fractalistic-games.itch.io/keling-bengkel-keliling-g4c/devlog/1503078/keling-update-alpha-200,,2026-04-30
https://b16ent.itch.io/devils-beta/devlog/1503079/new-design-logo,,2026-04-30
https://aaronoldenburg.itch.io/night-walks/devlog/1503080/bug-fix,,2026-04-30
https://thebreckters.itch.io/sonics-speedy-nights/devlog/1503081/some-big-things-will-come,,2026-04-30
https://cristian-caputo.itch.io/ball-jump/devlog/1503082/secret-file-,,2026-04-30
https://afterhoursgames.itch.io/lena-our-story/devlog/1503083/-project-update-name-change,,2026-04-30
https://copaceticat.itch.io/candyboxu/devlog/1503084/candy-box-u-beta-120-update,,2026-04-30
https://badcolor.itch.io/goblin-nest/devlog/1503085/update-v132,,2026-04-30
https://klottersupply.itch.io/fixelpont/devlog/1503086/fixelpont-10-is-out-,,2026-04-30
https://pinebrook-games.itch.io/project-thrust-early-access/devlog/1503087/070-progress-and-release-date-info,,2026-04-30
https://itch.io/blog/1503088/colordash,,2026-04-30
https://boisterousfox.itch.io/hole-in-one-18/devlog/1503089/fingering-is-a-thing-now,,2026-04-30
https://deadlinedev.itch.io/jingles-field-3d-test/devlog/1503090/fixed-major-multiplayer-bug-and-game-loop,,2026-04-30
https://clayfreddy.itch.io/falling-rocks/devlog/1503091/sorry,,2026-04-30
https://xlllida.itch.io/petting-lover/devlog/1503092/-demo-v135-is-here-and-a-little-update-from-us,,2026-04-30
https://itch.io/blog/1503093/fortnite-external-updated-2026,,2026-04-30
https://smoresfish.itch.io/bleed/devlog/1503094/i-uploaded-the-game-yay,,2026-04-30
https://3dexter.itch.io/shotgun-ps1/devlog/1503095/v20-mossberg-shotgun-overhaul,,2026-04-30
https://ex-ocutive.itch.io/abbey-the-cheats/devlog/1503096/big-update,,2026-04-30
https://tykki19.itch.io/too-many-goblins/devlog/1503098/tower-defense-with-active-player-too-many-goblins,,2026-04-30
https://itch.io/blog/1503099/fortnite-external-cheat-2026-edition,,2026-04-30
https://itch.io/blog/1503100/-r6s-cheat-esp-aimbot-radar-complete-free-for-rainbow-six-siege-2026-,,2026-04-30
https://the-actual-demon-buer.itch.io/tetrogue/devlog/1503101/tetrogue-19-released,,2026-04-30
https://cristian-caputo.itch.io/ball-jump/devlog/1503102/secret-file-,,2026-04-30
https://sirchett.itch.io/fd/devlog/1503104/pre-release-update-0070-suppliers-voting-tutorial-and-in-game-guide,,2026-04-30
https://lightshadowgames.itch.io/hamstered/devlog/1503105/hamstered-part-20-the-skeleton-waltz-reactive-victories-and-the-nearly-living-hamster,,2026-04-30
https://hooligapps-games.itch.io/dirty-league/devlog/1503107/bound-by-night,,2026-04-30
https://beckpachgames.itch.io/ctrlaltdefeat-zero-humanity/devlog/1503108/wishlist-campaign,,2026-04-30
https://charmerscove.itch.io/love-at-work/devlog/1503109/did-i-hit-the-spot,,2026-04-30
https://ne0-se0.itch.io/folly-demo-v1-3/devlog/1503110/folly-13-is-out,,2026-04-30
https://adeptuscat.itch.io/litt/devlog/1503111/040-scenario-picker,,2026-04-30
https://deadwing.itch.io/crystal-funkadelic-prototype-3/devlog/1503112/v9-released-many-improvements-on-movement,,2026-04-30
https://gatewayrpg.itch.io/gateway-rpg-rules/devlog/1503113/new-pocket-sized-character-sheets-for-standard-advanced-rules,,2026-04-30
https://anklebreaker64.itch.io/sophiahauntedasylum/devlog/1503114/bugs-fix-and-update,,2026-04-30
https://pixeljam.itch.io/dino-run-2/devlog/1503115/076-performance,,2026-04-30
https://amenable-bouncer.itch.io/gallant-hearts-ii/devlog/1503116/major-issue-known,,2026-04-30
https://itch.io/blog/1503117/a-sanctuary-for-you-release-date-582026,,2026-04-30
https://amenable-bouncer.itch.io/gallant-hearts/devlog/1503118/major-issue-known,,2026-04-30
https://itch.io/blog/1503119/made-by-insect-ant-ant-and-human,,2026-04-30
https://inmento.itch.io/my-first-idle-game/devlog/1503120/112,,2026-04-30
https://snapmods.itch.io/off-the-street-pack/devlog/1503121/new-snapshot-bonus-content,,2026-04-30
https://patchwork-int.itch.io/farm-idle-mobile/devlog/1503122/farm-idle-mobile-released,,2026-04-30
https://drphoenixgames.itch.io/milfania/devlog/1503123/welcome-to-steam,,2026-04-30
https://cenjiyt.itch.io/crown-chaos/devlog/1503124/version-019,,2026-04-30
https://silkworm-sweatshop.itch.io/summoners-cookbook/devlog/1503125/demo-v050-more-qol,,2026-04-30
https://indie-vine-studio.itch.io/jungle-escape/devlog/1503126/minor-update,,2026-04-30
https://b4yr0n20dev.itch.io/run-square/devlog/1503127/run-square-alpha-003-april-28th-2026,,2026-04-30
https://woblogames.itch.io/woblo/devlog/1503128/performance-triggers-original-assets-and-more,,2026-04-30
https://vector-byte.itch.io/vinci-fly/devlog/1503129/first-boss-design-hazmat-suit-update,,2026-04-30
https://gameomatric.itch.io/boatsio/devlog/1503130/alpha-6,,2026-04-30
https://max-aucube.itch.io/shabtimove/devlog/1503131/first-release-,,2026-04-30
https://spacepad.itch.io/spacepad/devlog/1503132/designing-for-emotional-charge,,2026-04-30
https://epiphanius.itch.io/flowers/devlog/1503133/ep10,,2026-04-30
https://faxi-studios-ltda.itch.io/alphacraft/devlog/1503134/alphacraft-124-alphafix-update,,2026-04-30
https://mr-nickname.itch.io/flex-appeal/devlog/1503135/02-lunch-tier-release,,2026-04-30
https://kiobe.itch.io/final-fantasy-tifa-hentai-clicker/devlog/1503136/final-fantasy-tifa-hentai-clicker,,2026-04-30
https://iammiaaa.itch.io/kill-the-mias/devlog/1503137/update-1,,2026-04-30
https://simon8019.itch.io/orc-slayer/devlog/1503138/orc-slayer-demo-v002,,2026-04-30
https://snowbat.itch.io/krisper-the-impostor/devlog/1503139/v1131-bug-fix,,2026-04-30
https://sidsummons.itch.io/flicker/devlog/1503140/v062-a-few-asks-from-the-comments,,2026-04-30
https://itch.io/blog/1503141/fortnite-hack-free-download-2026,,2026-04-30
https://itch.io/blog/1503142/fortnite-hack-free-download-v472-2026,,2026-04-30
https://shadow-crawl-assets.itch.io/the-apothecary-of-exile/devlog/1503143/-devlog-3-the-apothecary-is-open,,2026-04-30
https://studio-lzrain.itch.io/blood-spine-black-chapter-ep1/devlog/1503144/final-remaster,,2026-04-30
https://derfern.itch.io/rbg-yay/devlog/1503145/rubberballgame-yay-update-2-v12,,2026-04-30
https://itch.io/blog/1503146/fortnite-visual-suite-free-download-v210-2026,,2026-04-30
https://itch.io/blog/1503147/r6s-wallhack-esp-see-through-walls-full-free-2026,,2026-04-30
https://itch.io/blog/1503148/fortnite-esp-aimbot-free-download-v351-2026,,2026-04-30
https://latenightstudios.itch.io/happy-endings/devlog/1503149/demo-updates-3,,2026-04-30
https://vanir-software.itch.io/project-reverie/devlog/1503150/day-7,,2026-04-30
https://itch.io/blog/1503151/r6s-cheat-esp-aimbot-radar-full-free-package-2026,,2026-04-30
https://itch.io/blog/1503152/fortnite-wallhack-free-download-v190-2026,,2026-04-30
https://itch.io/blog/1503153/-r6s-aimbot-silent-aim-perfect-headshots-free-2026-,,2026-04-30
https://polymad.itch.io/chaosrolla/devlog/1503154/pre-alpha,,2026-04-30
https://itch.io/blog/1503155/-r6s-radar-hack-sound-esp-never-get-flanked-free-2026-,,2026-04-30
https://itch.io/blog/1503156/undetected-fortnite-esp-aimbot,,2026-04-30
https://itch.io/blog/1503157/-r6s-triggerbot-auto-wallbang-free-full-2026-,,2026-04-30
https://itch.io/blog/1503158/-r6s-skin-changer-unlock-all-free-version-2026-,,2026-04-30
https://jonasz-o.itch.io/3d-directional-sprite-behavior/devlog/1503159/update-2-automatization,,2026-04-30
https://itch.io/blog/1503160/-r6s-ranked-safe-cheat-low-profile-free-2026-,,2026-04-30
https://funkyjt-yt.itch.io/one-night-at-a-boba-shop/devlog/1503161/update,,2026-04-30
https://i-am-happy-to-see-you.itch.io/incremental-rts/devlog/1503162/visuals-juice-and-fixes,,2026-04-30
https://itch.io/blog/1503163/-r6s-cheat-full-config-menu-free-2026-,,2026-04-30
https://itch.io/blog/1503164/fortnite-undetected-cheat-v613-2026,,2026-04-30
https://itch.io/blog/1503165/-r6s-no-recoil-no-spread-free-standalone-2026-,,2026-04-30
https://sidsummons.itch.io/flicker/devlog/1503166/v063-fixing-a-confusing-modal-under-patron-eras,,2026-04-30
https://itch.io/blog/1503167/-r6s-anti-ban-hwid-spoofer-complete-free-bundle-2026-,,2026-04-30
https://itch.io/blog/1503168/fortnite-cheat-hwid-spoofer-free-download-v320-2026,,2026-04-30
https://balzackgames.itch.io/pinkybites/devlog/1503169/pinkybites-is-now-released,,2026-04-30
https://gothgirlgames.itch.io/family-trouble-public/devlog/1503171/family-trouble-0970-is-live-also-0975-for-paid-users-and-0981-for-patreon,,2026-04-30
https://black-heart-games-studio.itch.io/messy-hearts/devlog/1503172/messy-hearts-volume-1-full-release,,2026-04-30
https://viktor-knobloch.itch.io/vertical-slice/devlog/1503173/284-2035,,2026-04-30
https://playerstrange0.itch.io/recoil-bot/devlog/1503174/version-106,,2026-04-30
https://filwarka.itch.io/luckyboxes/devlog/1503175/new-lucky-boxes-icons,,2026-04-30
https://iammiaaa.itch.io/kill-the-mias/devlog/1503176/html-version,,2026-04-30
https://disneyclickers.itch.io/grace-porn-clicker/devlog/1503177/re-grace-porn-clicker-nsfw-release,,2026-04-30
https://archlichmedia.itch.io/fatal-exception/devlog/1503178/core-dump-v029,,2026-04-30
https://iamlufus.itch.io/edm-gaming-music-collection/devlog/1503179/edm-gaming-x-is-now-part-of-the-collection,,2026-04-30
https://pizzadoggy.itch.io/psx-mega-pack-2/devlog/1503180/updated-the-sample,,2026-04-30
https://nixtrixj2.itch.io/fateofdawn/devlog/1503181/new-pet,,2026-04-30
https://ennix.itch.io/hexlands/devlog/1503182/gem-spawner-and-more,,2026-04-30
https://migidi.itch.io/sideris/devlog/1503183/sideris-update-a-new-name-a-bigger-journey,,2026-04-30
https://paper-bag-software.itch.io/grapple/devlog/1503184/grapple-version-11,,2026-04-30
https://viktor9765.itch.io/bloodlush/devlog/1503185/discord-server,,2026-04-30
https://sddnd.itch.io/dungeon-cookbook/devlog/1503186/a-small-but-important-error,,2026-04-30
https://manux-creations.itch.io/mothers-eye-demo/devlog/1503187/official-trailer-released,,2026-04-30
https://iamlufus.itch.io/8-bit-music-collection-chiptune-arcade-racing-16-bit-adventure-rpg-casual-retr/devlog/1503188/8-bit-action-vi-vii-and-8-bit-casual-xiii-are-now-part-of-the-collection,,2026-04-30
https://thebeesknees13.itch.io/starclaim/devlog/1503189/frontier-update-colonies-ship-frames-refinery-and-a-much-bigger-midgame,,2026-04-30
https://nevermind3476.itch.io/resume/devlog/1503190/postjam-update,,2026-04-30
https://sidsummons.itch.io/flicker/devlog/1503191/v064-your-progress-where-you-can-keep-it,,2026-04-30
https://itch.io/blog/1503192/nba-2k24-cheat-menu-ult527-one-hit-kill-free-download-2026,,2026-04-30
https://itch.io/blog/1503193/nba-2k24-mega-cheat-menu-vg-259-all-features-unlocked-2026,,2026-04-30
https://itch.io/blog/1503195/undertale-cheat-menu-v186-infinite-health-free-download-2026,,2026-04-30
https://majestic-studios.itch.io/the-evil-apple-3/devlog/1503196/120-3-apples-old-ones,,2026-04-30
https://itch.io/blog/1503197/undertale-mega-enhancer-v911-all-features-unlocked-2026,,2026-04-30
https://itch.io/blog/1503198/call-of-duty-black-ops-6-mod-menu-final397-unlimited-resources-free-download,,2026-04-30
https://itch.io/blog/1503199/call-of-duty-black-ops-6-mega-enhancer-elite-270-all-features-unlocked-2026,,2026-04-30
https://srcfrcg.itch.io/buildisopro/devlog/1503200/new-logo-of-buildiso,,2026-04-30
https://itch.io/blog/1503201/celeste-trainer-ult346-unlimited-resources-free-download-2026,,2026-04-30
https://demigrz.itch.io/mashinomat-car-dealer/devlog/1503202/001,,2026-04-30
https://itch.io/blog/1503203/celeste-mega-enhancer-elite211-all-features-unlocked-2026,,2026-04-30
https://itch.io/blog/1503204/celeste-mega-enhancer-elite211-all-features-unlocked-2026,,2026-04-30
https://itch.io/blog/1503205/into-the-radius-2-complete-game-free-download-2026,,2026-04-30
https://itch.io/blog/1503206/two-point-hospital-cheat-menu-reloaded638-infinite-health-free-download-2026,,2026-04-30
https://itch.io/blog/1503207/city-transport-simulator-complete-game-free-download-2026,,2026-04-30
https://itch.io/blog/1503208/two-point-hospital-mega-cheat-menu-v681-all-features-unlocked-2026,,2026-04-30
https://itch.io/blog/1503209/subnautica-below-zero-cheat-menu-v-370-unlimited-resources-free-download-202,,2026-04-30
https://itch.io/blog/1503210/syberia-remastered-complete-game-free-download-2025,,2026-04-30
https://itch.io/blog/1503211/subnautica-below-zero-mega-mod-menu-ult788-all-features-unlocked-2026,,2026-04-30
https://itch.io/blog/1503212/car-mechanic-simulator-enhancer-vg-583-god-mode-free-download-2026,,2026-04-30
https://itch.io/blog/1503213/supermarket-simulator-complete-game-free-download-2025,,2026-04-30
https://itch.io/blog/1503214/car-mechanic-simulator-mega-enhancer-pro603-all-features-unlocked-2026,,2026-04-30
https://itch.io/blog/1503215/tour-de-france-complete-game-free-download-2025,,2026-04-30
https://itch.io/blog/1503216/scum-mod-menu-reloaded-524-one-hit-kill-free-download-2026,,2026-04-30
https://itch.io/blog/1503217/scum-mega-trainer-trainer-260-all-features-unlocked-2026,,2026-04-30
https://itch.io/blog/1503218/cash-cleaner-simulator-complete-game-free-download-2025,,2026-04-30
https://itch.io/blog/1503219/construction-simulator-mod-menu-pro-345-unlimited-resources-free-download-20,,2026-04-30
https://itch.io/blog/1503220/forever-skies-complete-game-free-download-2025,,2026-04-30
https://itch.io/blog/1503221/construction-simulator-mega-trainer-ult847-all-features-unlocked-2026,,2026-04-30
https://linkkedi123.itch.io/vvillage-island/devlog/1503222/karakter-fikirleri,,2026-04-30
https://itch.io/blog/1503223/fast-food-simulator-complete-game-free-download-2024,,2026-04-30
https://itch.io/blog/1503224/american-truck-simulator-cheat-menu-trainer293-infinite-health-free-download,,2026-04-30
https://thefish0510.itch.io/rainbow-route/devlog/1503225/prototype-3,,2026-04-30
https://itch.io/blog/1503226/sengoku-dynasty-complete-game-free-download-2024,,2026-04-30
https://exr879.itch.io/tdnf/devlog/1503227/minor-update-v112,,2026-04-30
https://itch.io/blog/1503228/american-truck-simulator-mega-enhancer-pro802-all-features-unlocked-2026,,2026-04-30
https://itch.io/blog/1503229/the-planet-crafter-complete-game-free-download-2024,,2026-04-30
https://adikt2.itch.io/pawn-pleasure/devlog/1503230/v0518-experimental-mac-linux-port,,2026-04-30
https://itch.io/blog/1503231/iracing-trainer-final945-unlimited-resources-free-download-2026,,2026-04-30
https://itch.io/blog/1503232/iracing-mega-cheat-menu-trainer844-all-features-unlocked-2026,,2026-04-30
https://itch.io/blog/1503233/lightyear-frontier-complete-game-free-download-2024,,2026-04-30
https://itch.io/blog/1503234/planet-coaster-enhancer-trainer910-god-mode-free-download-2026,,2026-04-30
https://itch.io/blog/1503235/pumping-simulator-2-complete-game-free-download-2023,,2026-04-30
https://finch-e.itch.io/tethered-to-you/devlog/1503236/chapter-two-available-now,,2026-04-30
https://itch.io/blog/1503237/planet-coaster-mega-mod-menu-v-632-all-features-unlocked-2026,,2026-04-30
https://itch.io/blog/1503238/out-of-ore-complete-game-free-download-2022,,2026-04-30
https://itch.io/blog/1503239/microsoft-flight-simulator-mod-menu-v-630-one-hit-kill-free-download-2026,,2026-04-30
https://itch.io/blog/1503240/powerwash-simulator-complete-game-free-download-2022,,2026-04-30
https://itch.io/blog/1503241/microsoft-flight-simulator-mega-enhancer-elite559-all-features-unlocked-2026,,2026-04-30
https://tinysecretgames.itch.io/snapshot/devlog/1503242/new-gift-code-on-x,,2026-04-30
https://itch.io/blog/1503243/call-of-duty-modern-warfare-iii-cheat-menu-reloaded695-one-hit-kill-free-dow,,2026-04-30
https://itch.io/blog/1503244/gunfire-reborn-complete-game-free-download-2021,,2026-04-30
https://adikt2.itch.io/pawn-pleasure-free/devlog/1503245/v0516-free-release,,2026-04-30
https://1rety1.itch.io/fruitclicker/devlog/1503246/fruiteclicker-v12-new-skins-button-animations-bug-fixes,,2026-04-30
https://itch.io/blog/1503247/call-of-duty-modern-warfare-iii-mega-cheat-menu-vg-792-all-features-unlocked,,2026-04-30
https://itch.io/blog/1503248/inscryption-complete-game-free-download-2021,,2026-04-30
https://itch.io/blog/1503249/titanfall-2-enhancer-reloaded-697-one-hit-kill-free-download-2026,,2026-04-30
https://itch.io/blog/1503250/medieval-dynasty-complete-game-free-download-2021,,2026-04-30
https://itch.io/blog/1503251/new-logo-of-buildiso-explained,,2026-04-30
https://itch.io/blog/1503252/titanfall-2-mega-enhancer-vg649-all-features-unlocked-2026,,2026-04-30
https://itch.io/blog/1503253/-minecraft-fps-booster-ultra-optimizer-free,,2026-04-30
https://itch.io/blog/1503254/uncrashed-fpv-drone-simulator-complete-game-free-download-2021,,2026-04-30
https://itch.io/blog/1503255/splitgate-trainer-final732-god-mode-free-download-2026,,2026-04-30
https://itch.io/blog/1503256/car-mechanic-simulator-complete-game-free-download-2021,,2026-04-30
https://itch.io/blog/1503257/splitgate-mega-enhancer-ult266-all-features-unlocked-2026,,2026-04-30
https://itch.io/blog/1503258/-monster-hunter-wilds-fps-booster-optimizer,,2026-04-30
https://itch.io/blog/1503259/hell-let-loose-complete-game-free-download-2021,,2026-04-30
https://itch.io/blog/1503260/7-days-to-die-trainer-pro431-god-mode-free-download-2026,,2026-04-30
https://itch.io/blog/1503261/snowrunner-complete-game-free-download-2021,,2026-04-30
https://itch.io/blog/1503262/-oblivion-remastered-fps-booster-engine-tweak,,2026-04-30
https://itch.io/blog/1503263/7-days-to-die-mega-enhancer-vg570-all-features-unlocked-2026,,2026-04-30
https://itch.io/blog/1503264/-cs2-fps-booster-competitive-optimizer,,2026-04-30
https://itch.io/blog/1503265/cyberpunk-complete-game-free-download-2020,,2026-04-30
https://itch.io/blog/1503266/raft-trainer-pro232-unlimited-resources-free-download-2026,,2026-04-30
https://itch.io/blog/1503267/-fortnite-fps-booster-performance-mode-unlocker,,2026-04-30
https://itch.io/blog/1503268/raft-mega-mod-menu-elite-624-all-features-unlocked-2026,,2026-04-30
https://itch.io/blog/1503269/phasmophobia-complete-game-free-download-2020,,2026-04-30
https://itch.io/blog/1503270/-valorant-fps-booster-ranked-optimizer,,2026-04-30
https://startessar.itch.io/cascadite/devlog/1503271/heading-to-steam-and-therell-be-a-demo,,2026-04-30
https://itch.io/blog/1503272/dyson-sphere-program-enhancer-final-694-god-mode-free-download-2026,,2026-04-30
https://itch.io/blog/1503273/ultrakill-complete-game-free-download-2020,,2026-04-30
https://itch.io/blog/1503274/-pubg-fps-booster-battlegrounds-optimizer,,2026-04-30
https://itch.io/blog/1503275/dyson-sphere-program-mega-mod-menu-elite691-all-features-unlocked-2026,,2026-04-30
https://pyrygames.itch.io/submarine-quest/devlog/1503276/whats-new,,2026-04-30
https://itch.io/blog/1503277/star-wars-battlefront-ii-complete-game-free-download-2017,,2026-04-30
https://itch.io/blog/1503278/-apex-legends-fps-booster-source-engine-optimizer,,2026-04-30
https://itch.io/blog/1503279/satisfactory-trainer-final-991-infinite-health-free-download-2026,,2026-04-30
https://itch.io/blog/1503280/need-for-speed-heat-complete-game-free-download-2019,,2026-04-30
https://itch.io/blog/1503281/-warzone-fps-booster-call-of-duty-optimizer,,2026-04-30
https://fede-el-wonejo.itch.io/sonic-jewels-fire-and-love/devlog/1503282/no-estoy-muerto,,2026-04-30
https://itch.io/blog/1503283/satisfactory-mega-enhancer-v476-all-features-unlocked-2026,,2026-04-30
https://itch.io/blog/1503284/-marathon-fps-booster-performance-fix,,2026-04-30
https://powerful-soup.itch.io/recursion-roguelite/devlog/1503285/42826-uis-and-data,,2026-04-30
https://itch.io/blog/1503286/sea-of-thievesedition-complete-game-free-download-2020,,2026-04-30
https://itch.io/blog/1503287/-arc-raiders-fps-booster-optimization-tool,,2026-04-30
https://itch.io/blog/1503288/madden-nfl-24-trainer-v461-infinite-health-free-download-2026,,2026-04-30
https://itch.io/blog/1503289/-escape-from-tarkov-fps-booster-ram-cleaner,,2026-04-30
https://itch.io/blog/1503290/half-life-alyx-complete-game-free-download-2020,,2026-04-30
https://itch.io/blog/1503291/madden-nfl-24-mega-enhancer-pro278-all-features-unlocked-2026,,2026-04-30
https://itch.io/blog/1503292/download-adobe-photoshop-full-version-pre-activated-v533-working-2026,,2026-04-30
https://itch.io/blog/1503293/conan-exiles-enhancer-ult-550-unlimited-resources-free-download-2026,,2026-04-30
https://itch.io/blog/1503294/halo-the-master-chief-collection-complete-game-free-download-2019,,2026-04-30
https://itch.io/blog/1503295/download-adobe-premiere-pro-pre-activated-keygen-v672-working-2026,,2026-04-30
https://itch.io/blog/1503296/conan-exiles-mega-enhancer-reloaded867-all-features-unlocked-2026,,2026-04-30
https://psychickiss.itch.io/the-crane-riders-tale/devlog/1503297/my-new-game-the-crane-riders-tale-is-on-kickstarter-now,,2026-04-30
https://itch.io/blog/1503298/adobe-after-effects-v845-patch-crack-full-version-2026,,2026-04-30
https://itch.io/blog/1503299/battlefield-v-triggerbot-no-recoil-aimbot-trainer298-cheat-download-2026,,2026-04-30
https://itch.io/blog/1503300/adobe-illustrator-v291-crack-full-version-full-version-2026,,2026-04-30
https://itch.io/blog/1503301/battlefield-v-pro-no-recoil-wallhack-v237-undetected-cheat-2026,,2026-04-30
https://itch.io/blog/1503302/adobe-indesign-pre-activated-portable-v650-free-download-2026,,2026-04-30
https://itch.io/blog/1503303/halo-infinite-cheat-menu-pro-465-infinite-health-free-download-2026,,2026-04-30
https://itch.io/blog/1503304/adobe-lightroom-v419-crack-pre-activated-full-version-2026,,2026-04-30
https://itch.io/blog/1503305/halo-infinite-mega-cheat-menu-vg-216-all-features-unlocked-2026,,2026-04-30
https://itch.io/blog/1503306/download-adobe-acrobat-pro-portable-crack-v570-working-2026,,2026-04-30
https://itch.io/blog/1503307/resident-evil-village-cheat-menu-pro-582-infinite-health-free-download-2026,,2026-04-30
https://itch.io/blog/1503308/download-adobe-animate-crack-offline-installer-v880-working-2026,,2026-04-30
https://itch.io/blog/1503309/resident-evil-village-mega-cheat-menu-trainer832-all-features-unlocked-2026,,2026-04-30
https://itch.io/blog/1503310/download-adobe-audition-full-version-patch-v466-working-2026,,2026-04-30
https://itch.io/blog/1503311/grounded-mod-menu-ult-576-one-hit-kill-free-download-2026,,2026-04-30
https://itch.io/blog/1503313/adobe-dreamweaver-v728-full-version-offline-installer-full-version-2026,,2026-04-30
https://itch.io/blog/1503314/grounded-mega-cheat-menu-ult-707-all-features-unlocked-2026,,2026-04-30
https://itch.io/blog/1503315/adobe-substance-3d-crack-keygen-v179-free-download-2026,,2026-04-30
https://itch.io/blog/1503316/callisto-protocol-mod-menu-trainer815-one-hit-kill-free-download-2026,,2026-04-30
https://itch.io/blog/1503317/adobe-xd-v711-offline-installer-pre-activated-full-version-2026,,2026-04-30
https://itch.io/blog/1503318/callisto-protocol-mega-mod-menu-reloaded-718-all-features-unlocked-2026,,2026-04-30
https://itch.io/blog/1503319/download-adobe-fresco-patch-portable-v913-working-2026,,2026-04-30
https://itch.io/blog/1503320/ori-and-the-will-of-the-wisps-mod-menu-vg650-one-hit-kill-free-download-2026,,2026-04-30
https://itch.io/blog/1503321/download-adobe-bridge-crack-keygen-v127-working-2026,,2026-04-30
https://itch.io/blog/1503322/ori-and-the-will-of-the-wisps-mega-enhancer-reloaded956-all-features-unlocke,,2026-04-30
https://marcomeijer.itch.io/crystalrealms/devlog/1503323/alpha-devlog-8-farming-and-beyond,,2026-04-30
https://mattgoode.itch.io/songrunner/devlog/1503324/an-overdue-itch-update,,2026-04-30
https://itch.io/blog/1503325/adobe-media-encoder-offline-installer-patch-v332-free-download-2026,,2026-04-30
https://itch.io/blog/1503326/ufc-5-cheat-menu-reloaded-502-one-hit-kill-free-download-2026,,2026-04-30
https://itch.io/blog/1503327/adobe-character-animator-v825-portable-full-version-full-version-2026,,2026-04-30
https://itch.io/blog/1503328/ufc-5-mega-cheat-menu-pro-185-all-features-unlocked-2026,,2026-04-30
https://itch.io/blog/1503329/download-adobe-dimension-offline-installer-keygen-v910-working-2026,,2026-04-30
https://itch.io/blog/1503330/assetto-corsa-cheat-menu-final499-one-hit-kill-free-download-2026,,2026-04-30
https://tuff-ace.itch.io/underfable/devlog/1503331/alpha-04b,,2026-04-30
https://fishy12233.itch.io/project-fursona/devlog/1503332/alpha-build-051,,2026-04-30
https://itch.io/blog/1503333/adobe-incopy-full-version-pre-activated-v939-free-download-2026,,2026-04-30
https://itch.io/blog/1503334/assetto-corsa-mega-trainer-pro793-all-features-unlocked-2026,,2026-04-30
https://itch.io/blog/1503335/m4rbl3-update-0,,2026-04-30
https://itch.io/blog/1503336/adobe-firefly-offline-installer-full-version-v559-free-download-2026,,2026-04-30
https://itch.io/blog/1503337/horizon-forbidden-west-enhancer-v482-one-hit-kill-free-download-2026,,2026-04-30
https://overlooked-option-vns.itch.io/snowdrift/devlog/1503338/snowdrift-will-be-getting-more-artwork-its-unavailable-while-im-working-on-it,,2026-04-30
https://itch.io/blog/1503339/download-adobe-express-crack-offline-installer-v900-working-2026,,2026-04-30
https://itch.io/blog/1503340/horizon-forbidden-west-mega-cheat-menu-reloaded326-all-features-unlocked-202,,2026-04-30
https://itch.io/blog/1503341/download-adobe-photoshop-elements-patch-full-version-v655-working-2026,,2026-04-30
https://itch.io/blog/1503342/planet-zoo-enhancer-v424-infinite-health-free-download-2026,,2026-04-30
https://itch.io/blog/1503343/download-adobe-premiere-elements-patch-portable-v490-working-2026,,2026-04-30
https://itch.io/blog/1503344/planet-zoo-mega-mod-menu-elite827-all-features-unlocked-2026,,2026-04-30
https://itch.io/blog/1503345/adobe-spark-v807-portable-offline-installer-full-version-2026,,2026-04-30
https://itch.io/blog/1503346/two-point-campus-cheat-menu-reloaded252-unlimited-resources-free-download-20,,2026-04-30
https://itch.io/blog/1503347/adobe-portfolio-v239-offline-installer-crack-full-version-2026,,2026-04-30
https://itch.io/blog/1503348/two-point-campus-mega-trainer-ult-560-all-features-unlocked-2026,,2026-04-30
https://itch.io/blog/1503349/adobe-fonts-v313-portable-pre-activated-full-version-2026,,2026-04-30
https://itch.io/blog/1503350/atomic-heart-mod-menu-reloaded383-unlimited-resources-free-download-2026,,2026-04-30
https://bchaotic.itch.io/bubblexity/devlog/1503351/full-game-out-now,,2026-04-30
https://murrri.itch.io/broken-the-tiny-adventure/devlog/1503352/v0005-death-screen,,2026-04-30
https://itch.io/blog/1503353/adobe-scan-v184-offline-installer-crack-full-version-2026,,2026-04-30
https://itch.io/blog/1503354/atomic-heart-mega-mod-menu-trainer-243-all-features-unlocked-2026,,2026-04-30
https://finnairfall.itch.io/knight-runner/devlog/1503355/first-game,,2026-04-30
https://itch.io/blog/1503356/adobe-fill-sign-pre-activated-portable-v249-free-download-2026,,2026-04-30
https://andersgaustad.itch.io/project-reindeer/devlog/1503357/version-021-live,,2026-04-30
https://itch.io/blog/1503358/elite-overwatch-2-injection-esp-no-recoil-triggerbot-v155-cheat-download-202,,2026-04-30
https://itch.io/blog/1503359/download-adobe-acrobat-reader-pre-activated-keygen-v827-working-2026,,2026-04-30
https://aureolacodes.itch.io/talescape/devlog/1503360/introducing-item-types-variable-stats-v0150,,2026-04-30
https://itch.io/blog/1503361/elite-overwatch-2-injection-pro-esp-wallhack-pro-876-undetected-cheat-2026,,2026-04-30
https://itch.io/blog/1503362/currency-gems-pixel-art-pack-update,,2026-04-30
https://itch.io/blog/1503363/adobe-creative-cloud-desktop-full-version-pre-activated-v637-free-downl,,2026-04-30
https://itch.io/blog/1503364/godly-dota-2-hack-wallhack-esp-v-842-cheat-download-2026,,2026-04-30
https://itch.io/blog/1503365/adobe-lightroom-classic-crack-pre-activated-v443-free-download-2026,,2026-04-30
https://itch.io/blog/1503366/godly-dota-2-hack-pro-no-recoil-esp-triggerbot-trainer181-undetected-cheat-2,,2026-04-30
https://itch.io/blog/1503367/adobe-camera-raw-portable-crack-v256-free-download-2026,,2026-04-30
https://itch.io/blog/1503368/premium-new-world-unlocker-aimbot-silent-aim-triggerbot-vg695-cheat-download,,2026-04-30
https://itch.io/blog/1503369/adobe-after-effects-cc-v627-crack-portable-full-version-2026,,2026-04-30
https://itch.io/blog/1503370/premium-new-world-unlocker-pro-esp-silent-aim-reloaded161-undetected-cheat-2,,2026-04-30
https://itch.io/blog/1503371/adobe-premiere-rush-v628-keygen-crack-full-version-2026,,2026-04-30
https://itch.io/blog/1503372/ultimate-rainbow-six-siege-aimbot-silent-aim-no-recoil-elite-114-cheat-downl,,2026-04-30
https://ftvgames.itch.io/gsr-3032/devlog/1503373/version-20-released-new-difficulties-new-visuals-better-seeding,,2026-04-30
https://itch.io/blog/1503374/adobe-aero-portable-patch-v554-free-download-2026,,2026-04-30
https://itch.io/blog/1503375/ultimate-rainbow-six-siege-aimbot-pro-wallhack-triggerbot-vg-203-undetected,,2026-04-30
https://itch.io/blog/1503376/download-adobe-captivate-pre-activated-portable-v184-working-2026,,2026-04-30
https://itch.io/blog/1503377/pro-rainbow-six-siege-menu-triggerbot-esp-no-recoil-ult120-cheat-download-20,,2026-04-30
https://itch.io/blog/1503378/the-last-gas-station-complete-game-free-download-2026,,2026-04-30
https://itch.io/blog/1503379/adobe-robohelp-crack-keygen-v664-free-download-2026,,2026-04-30
https://itch.io/blog/1503380/pro-rainbow-six-siege-menu-pro-silent-aim-no-recoil-triggerbot-elite-954-und,,2026-04-30
https://itch.io/blog/1503381/adobe-framemaker-v615-keygen-full-version-full-version-2026,,2026-04-30
https://itch.io/blog/1503382/the-three-kingdoms-rebirth-complete-game-free-download-2026,,2026-04-30
https://itch.io/blog/1503383/godly-world-of-tanks-trainer-triggerbot-silent-aim-no-recoil-v-179-cheat-dow,,2026-04-30
https://itch.io/blog/1503384/adobe-technical-communication-suite-v202-crack-portable-full-version-2026,,2026-04-30
https://knight1ess.itch.io/industrial-assets-pack/devlog/1503385/version-03,,2026-04-30
https://itch.io/blog/1503386/godly-world-of-tanks-trainer-pro-silent-aim-esp-no-recoil-elite-495-undetect,,2026-04-30
https://itch.io/blog/1503387/adobe-presenter-v131-crack-full-version-full-version-2026,,2026-04-30
https://itch.io/blog/1503388/aphelion-complete-game-free-download-2026,,2026-04-30
https://itch.io/blog/1503389/adobe-connect-offline-installer-crack-v779-free-download-2026,,2026-04-30
https://itch.io/blog/1503390/premium-lost-ark-menu-no-recoil-wallhack-aimbot-v612-cheat-download-2026,,2026-04-30
https://itch.io/blog/1503391/xenonauts-2-complete-game-free-download-2026,,2026-04-30
https://itch.io/blog/1503392/adobe-experience-manager-patch-full-version-v852-free-download-2026,,2026-04-30
https://itch.io/blog/1503393/premium-lost-ark-menu-pro-esp-aimbot-ult-490-undetected-cheat-2026,,2026-04-30
https://itch.io/blog/1503394/official-download-notice-vaultborn-dash,,2026-04-30
https://ringare.itch.io/silicon-empire/devlog/1503395/silicon-architect-developer-journal-first-dls,,2026-04-30
https://itch.io/blog/1503396/download-adobe-campaign-pre-activated-crack-v991-working-2026,,2026-04-30
https://tracebyphionyx.itch.io/the-wheel-and-the-balance-rpg-starter-kit/devlog/1503397/free-rpg-starter-kit-is-live,,2026-04-30
https://itch.io/blog/1503398/deluxe-phasmophobia-mod-esp-silent-aim-no-recoil-elite466-cheat-download-202,,2026-04-30
https://itch.io/blog/1503399/yakuza-0-directors-cut-complete-game-free-download-2025,,2026-04-30
https://itch.io/blog/1503400/download-adobe-target-crack-pre-activated-v686-working-2026,,2026-04-30
https://itch.io/blog/1503401/deluxe-phasmophobia-mod-pro-silent-aim-triggerbot-wallhack-reloaded604-undet,,2026-04-30
https://yg-devworks.itch.io/venomgrid/devlog/1503402/-first-playable-prototype-venomgrid-is-now-officially-in-a-playable-state,,2026-04-30
https://itch.io/blog/1503403/download-adobe-analytics-keygen-portable-v476-working-2026,,2026-04-30
https://itch.io/blog/1503404/cronos-the-new-dawn-complete-game-free-download-2025,,2026-04-30
https://itch.io/blog/1503405/pro-killing-floor-2-esp-esp-wallhack-no-recoil-trainer-455-cheat-download-20,,2026-04-30
https://itch.io/blog/1503406/download-adobe-audience-manager-full-version-keygen-v835-working-2026,,2026-04-30
https://itch.io/blog/1503407/pro-killing-floor-2-esp-pro-aimbot-no-recoil-final393-undetected-cheat-2026,,2026-04-30
https://itch.io/blog/1503408/assassins-creed-shadows-complete-game-free-download-2025,,2026-04-30
https://one-tap-studios.itch.io/no-time-to-sleep/devlog/1503409/no-time-to-sleep-a-cozy-idle-clicker,,2026-04-30
https://itch.io/blog/1503410/download-adobe-commerce-keygen-pre-activated-v167-working-2026,,2026-04-30
https://itch.io/blog/1503411/godly-league-of-legends-aimbot-esp-silent-aim-trainer394-cheat-download-2026,,2026-04-30
https://itch.io/blog/1503412/lost-records-bloom-rage-complete-game-free-download-2025,,2026-04-30
https://itch.io/blog/1503413/adobe-marketo-engage-full-version-portable-v417-free-download-2026,,2026-04-30
https://itch.io/blog/1503414/godly-league-of-legends-aimbot-pro-wallhack-no-recoil-trainer-264-undetected,,2026-04-30
https://whatisthegreenplant.itch.io/rarityrng/devlog/1503415/new-update,,2026-04-30
https://itch.io/blog/1503416/the-sims-2-legacy-collection-complete-game-free-download-2025,,2026-04-30
https://itch.io/blog/1503417/adobe-workfront-v171-full-version-patch-full-version-2026,,2026-04-30
https://itch.io/blog/1503418/master-hunt-showdown-esp-wallhack-aimbot-esp-final353-cheat-download-2026,,2026-04-30
https://itch.io/blog/1503419/adobe-creative-cloud-express-pre-activated-full-version-v529-free-downl,,2026-04-30
https://itch.io/blog/1503420/hello-kitty-island-adventure-complete-game-free-download-2025,,2026-04-30
https://itch.io/blog/1503421/master-hunt-showdown-esp-pro-esp-wallhack-final269-undetected-cheat-2026,,2026-04-30
https://itch.io/blog/1503422/adobe-substance-3d-painter-patch-keygen-v871-free-download-2026,,2026-04-30
https://itch.io/blog/1503423/legendary-squad-enhancer-esp-triggerbot-aimbot-elite914-cheat-download-2026,,2026-04-30
https://itch.io/blog/1503424/black-myth-wukong-complete-game-free-download-2024,,2026-04-30
https://itch.io/blog/1503425/download-adobe-substance-3d-designer-portable-keygen-v140-working-2026,,2026-04-30
https://itch.io/blog/1503426/legendary-squad-enhancer-pro-no-recoil-wallhack-reloaded-960-undetected-chea,,2026-04-30
https://itch.io/blog/1503427/adobe-substance-3d-sampler-v713-portable-full-version-full-version-2026,,2026-04-30
https://itch.io/blog/1503428/pro-ark-survival-evolved-tool-aimbot-silent-aim-no-recoil-pro-164-cheat-down,,2026-04-30
https://itch.io/blog/1503429/the-last-of-us-part-i-complete-game-free-download-2023,,2026-04-30
https://itch.io/blog/1503430/adobe-substance-3d-stager-v151-pre-activated-offline-installer-full-versi,,2026-04-30
https://itch.io/blog/1503431/pro-ark-survival-evolved-tool-pro-esp-wallhack-aimbot-trainer363-undetected,,2026-04-30
https://itch.io/blog/1503432/it-takes-two-friends-pass-complete-game-free-download-2021,,2026-04-30
https://iammiaaa.itch.io/kill-the-mias/devlog/1503433/update-2,,2026-04-30
https://itch.io/blog/1503434/adobe-substance-3d-modeler-v567-offline-installer-full-version-full-versi,,2026-04-30
https://itch.io/blog/1503435/godly-squad-enhancer-aimbot-wallhack-vg636-cheat-download-2026,,2026-04-30
https://itch.io/blog/1503436/mass-effect-legendary-edition-complete-game-free-download-2021,,2026-04-30
https://itch.io/blog/1503437/download-adobe-substance-3d-collection-keygen-offline-installer-v415-wo,,2026-04-30
https://itch.io/blog/1503438/godly-squad-enhancer-pro-esp-no-recoil-reloaded148-undetected-cheat-2026,,2026-04-30
https://itch.io/blog/1503439/adobe-creative-cloud-photography-offline-installer-portable-v607-free-d,,2026-04-30
https://itch.io/blog/1503440/it-takes-two-complete-game-free-download-2021,,2026-04-30
https://extra-artsy.itch.io/out-of-orbit/devlog/1503441/101-update,,2026-04-30
https://itch.io/blog/1503442/mega-pubg-battlegrounds-enhancer-aimbot-silent-aim-triggerbot-ult957-cheat-d,,2026-04-30
https://itch.io/blog/1503443/download-adobe-creative-cloud-video-portable-offline-installer-v522-wor,,2026-04-30
https://itch.io/blog/1503444/little-nightmares-ii-complete-game-free-download-2021,,2026-04-30
https://itch.io/blog/1503445/mega-pubg-battlegrounds-enhancer-pro-silent-aim-esp-trainer992-undetected-ch,,2026-04-30
https://jlobo-dev.itch.io/pastelo/devlog/1503446/conhea-pastelo,,2026-04-30
https://itch.io/blog/1503447/download-adobe-creative-cloud-all-apps-keygen-full-version-v832-working-2026,,2026-04-30
https://itch.io/blog/1503448/cyberpunk-complete-game-free-download-2020,,2026-04-30
https://itch.io/blog/1503449/elite-borderlands-3-hack-no-recoil-wallhack-vg-443-cheat-download-2026,,2026-04-30
https://itch.io/blog/1503450/adobe-stock-v330-crack-full-version-full-version-2026,,2026-04-30
https://itch.io/blog/1503451/hades-complete-game-free-download-2020,,2026-04-30
https://itch.io/blog/1503452/elite-borderlands-3-hack-pro-triggerbot-wallhack-aimbot-v352-undetected-chea,,2026-04-30
https://ahmedcav956gmailcom.itch.io/nature/devlog/1503453/post,,2026-04-30
https://itch.io/blog/1503454/download-adobe-behance-offline-installer-pre-activated-v666-working-2026,,2026-04-30
https://itch.io/blog/1503455/advanced-overwatch-2-esp-no-recoil-esp-aimbot-elite-315-cheat-download-2026,,2026-04-30
https://itch.io/blog/1503456/star-wars-jedi-fallen-order-complete-game-free-download-2019,,2026-04-30
https://itch.io/blog/1503457/adobe-color-v459-full-version-keygen-full-version-2026,,2026-04-30
https://itch.io/blog/1503458/advanced-overwatch-2-esp-pro-esp-no-recoil-ult-513-undetected-cheat-2026,,2026-04-30
https://itch.io/blog/1503459/graveyard-keeper-complete-game-free-download-2018,,2026-04-30
https://itch.io/blog/1503460/download-adobe-capture-portable-full-version-v492-working-2026,,2026-04-30
https://itch.io/blog/1503461/super-call-of-duty-black-ops-6-tool-mod-menu-trainer562-unlimited-resources,,2026-04-30
https://alc0l.itch.io/cultiste-en-peril/devlog/1503462/proto-21,,2026-04-30
https://itch.io/blog/1503464/the-elder-scrolls-online-complete-game-free-download-2014,,2026-04-30
https://itch.io/blog/1503465/super-call-of-duty-black-ops-6-tool-mega-mod-menu-vg-604-all-features-unlock,,2026-04-30
https://itch.io/blog/1503466/little-nightmares-complete-game-free-download-2017,,2026-04-30
https://itch.io/blog/1503467/deluxe-counter-strike-2-injection-enhancer-final967-unlimited-resources-free,,2026-04-30
https://big-shield-games.itch.io/tiny-towers-playtest/devlog/1503468/update-v034-plus-windows-desktop-build,,2026-04-30
https://itch.io/blog/1503469/fallout-4-complete-game-free-download-2015,,2026-04-30
https://itch.io/blog/1503470/deluxe-counter-strike-2-injection-mega-trainer-pro-365-all-features-unlocked,,2026-04-30
https://itch.io/blog/1503471/super-pubg-battlegrounds-injection-no-recoil-aimbot-wallhack-pro-561-cheat-d,,2026-04-30
https://itch.io/blog/1503472/super-pubg-battlegrounds-injection-pro-silent-aim-triggerbot-reloaded-160-un,,2026-04-30
https://wai-am.itch.io/russian-roulette/devlog/1503473/play-with-friends,,2026-04-30
https://itch.io/blog/1503474/elite-back-4-blood-menu-no-recoil-wallhack-silent-aim-trainer-162-cheat-down,,2026-04-30
https://itch.io/blog/1503475/elite-back-4-blood-menu-pro-triggerbot-esp-silent-aim-reloaded-400-undetecte,,2026-04-30
https://itch.io/blog/1503476/legendary-valorant-menu-esp-aimbot-final-334-cheat-download-2026,,2026-04-30
https://itch.io/blog/1503477/legendary-valorant-menu-pro-wallhack-no-recoil-pro520-undetected-cheat-2026,,2026-04-30
https://jlobo-dev.itch.io/pastelo/devlog/1503478/procura-se-pasteleiros,,2026-04-30
https://itch.io/blog/1503479/ultimate-squad-trainer-triggerbot-wallhack-elite-175-cheat-download-2026,,2026-04-30
https://itch.io/blog/1503480/ultimate-squad-trainer-pro-triggerbot-no-recoil-esp-pro660-undetected-cheat,,2026-04-30
https://itch.io/blog/1503481/mega-war-thunder-hack-esp-aimbot-wallhack-vg823-cheat-download-2026,,2026-04-30
https://itch.io/blog/1503482/mega-war-thunder-hack-pro-silent-aim-aimbot-trainer271-undetected-cheat-2026,,2026-04-30
https://wtltsrpg.itch.io/wtlts-haunted-space/devlog/1503483/haunted-space-is-now-compatible-with-linux,,2026-04-30
https://stalov.itch.io/echolocation/devlog/1503484/update-light-anomaly-detectedv14,,2026-04-30
https://itch.io/blog/1503485/mega-call-of-duty-black-ops-6-cheat-enhancer-pro-147-one-hit-kill-free-downl,,2026-04-30
https://itch.io/blog/1503486/mega-call-of-duty-black-ops-6-cheat-mega-enhancer-v342-all-features-unlocked,,2026-04-30
https://itch.io/blog/1503487/blauwelpengedchtnisleckspiel,,2026-04-30
https://itch.io/blog/1503488/deluxe-hell-let-loose-injection-wallhack-no-recoil-triggerbot-pro645-cheat-d,,2026-04-30
https://itch.io/blog/1503489/deluxe-hell-let-loose-injection-pro-esp-aimbot-trainer-677-undetected-cheat,,2026-04-30
https://alterstaff.itch.io/ai2u/devlog/1503490/server-outage-342-pm-edt,,2026-04-30
https://itch.io/blog/1503491/advanced-hunt-showdown-menu-aimbot-silent-aim-triggerbot-pro-309-cheat-downl,,2026-04-30
https://itch.io/blog/1503492/advanced-hunt-showdown-menu-pro-triggerbot-wallhack-esp-reloaded-960-undetec,,2026-04-30
https://sisyphean-games.itch.io/cardalaxy/devlog/1503493/alpha-083-patch,,2026-04-30
https://itch.io/blog/1503494/legendary-phasmophobia-mod-aimbot-no-recoil-wallhack-final-111-cheat-downloa,,2026-04-30
https://itch.io/blog/1503495/legendary-phasmophobia-mod-pro-aimbot-esp-elite-353-undetected-cheat-2026,,2026-04-30
https://itch.io/blog/1503496/advanced-titanfall-2-cheat-trainer-reloaded142-one-hit-kill-free-download-20,,2026-04-30
https://itch.io/blog/1503497/advanced-titanfall-2-cheat-mega-cheat-menu-v-571-all-features-unlocked-2026,,2026-04-30
https://overgrown-gameworks.itch.io/manacore/devlog/1503498/going-at-it,,2026-04-30
https://itch.io/blog/1503499/master-new-world-enhancer-silent-aim-esp-triggerbot-trainer-685-cheat-downlo,,2026-04-30
https://itch.io/blog/1503500/master-new-world-enhancer-pro-triggerbot-wallhack-final-775-undetected-cheat,,2026-04-30
https://itch.io/blog/1503501/pro-dota-2-trainer-silent-aim-no-recoil-elite902-cheat-download-2026,,2026-04-30
https://azkron.itch.io/rogue-collector/devlog/1503502/-rogue-collector-v0022,,2026-04-30
https://itch.io/blog/1503503/pro-dota-2-trainer-pro-esp-silent-aim-final481-undetected-cheat-2026,,2026-04-30
https://itch.io/blog/1503504/deluxe-call-of-duty-modern-warfare-iii-hack-trainer-vg543-god-mode-free-down,,2026-04-30
https://itch.io/blog/1503505/deluxe-call-of-duty-modern-warfare-iii-hack-mega-trainer-pro-288-all-feature,,2026-04-30
https://itch.io/blog/1503506/ultimate-valorant-hack-triggerbot-no-recoil-trainer673-cheat-download-2026,,2026-04-30
https://ferrostudio.itch.io/sexfluencer-studio/devlog/1503507/development-update-april-2026,,2026-04-30
https://itch.io/blog/1503508/ultimate-valorant-hack-pro-triggerbot-esp-silent-aim-reloaded932-undetected,,2026-04-30
https://reathearchmage.itch.io/outnowbyrea/devlog/1503509/i-need-to-sleep,,2026-04-30
https://itch.io/blog/1503510/master-the-forest-hack-trainer-ult320-unlimited-resources-free-download-2026,,2026-04-30
https://itch.io/blog/1503511/master-the-forest-hack-mega-mod-menu-elite-204-all-features-unlocked-2026,,2026-04-30
https://itch.io/blog/1503512/mega-hell-let-loose-menu-no-recoil-wallhack-silent-aim-reloaded194-cheat-dow,,2026-04-30
https://unirion.itch.io/waifu-elements/devlog/1503513/v039-new-look-beginning,,2026-04-30
https://itch.io/blog/1503514/mega-hell-let-loose-menu-pro-no-recoil-triggerbot-wallhack-pro802-undetected,,2026-04-30
https://itch.io/blog/1503515/ultimate-battlefield-2042-menu-silent-aim-wallhack-no-recoil-elite217-cheat,,2026-04-30
https://itch.io/blog/1503516/ultimate-battlefield-2042-menu-pro-triggerbot-aimbot-elite973-undetected-che,,2026-04-30
https://itch.io/blog/1503517/godly-call-of-duty-black-ops-6-unlocker-trainer-v834-infinite-health-free-do,,2026-04-30
https://itch.io/blog/1503518/godly-call-of-duty-black-ops-6-unlocker-mega-enhancer-trainer-776-all-featur,,2026-04-30
https://itch.io/blog/1503519/pro-borderlands-3-menu-no-recoil-wallhack-silent-aim-final-783-cheat-downloa,,2026-04-30
https://itch.io/blog/1503520/pro-borderlands-3-menu-pro-no-recoil-triggerbot-v638-undetected-cheat-2026,,2026-04-30
https://itch.io/blog/1503521/godly-rocket-league-enhancer-wallhack-aimbot-esp-ult545-cheat-download-2026,,2026-04-30
https://8bitllama.itch.io/llarma-escape-1/devlog/1503522/llarma-escape-imperial-docks,,2026-04-30
https://itch.io/blog/1503523/godly-rocket-league-enhancer-pro-no-recoil-esp-vg-563-undetected-cheat-2026,,2026-04-30
https://itch.io/blog/1503524/elite-rocket-league-esp-esp-triggerbot-no-recoil-pro170-cheat-download-2026,,2026-04-30
https://devkidd.itch.io/shift-cel/devlog/1503525/update-v11-incremental-auto-offset-per-layer,,2026-04-30
https://itch.io/blog/1503526/elite-rocket-league-esp-pro-silent-aim-esp-aimbot-final464-undetected-cheat,,2026-04-30
https://itch.io/blog/1503527/hyper-titanfall-2-aimbot-cheat-menu-ult-527-unlimited-resources-free-downloa,,2026-04-30
https://itch.io/blog/1503528/hyper-titanfall-2-aimbot-mega-mod-menu-v174-all-features-unlocked-2026,,2026-04-30
https://itch.io/blog/1503529/elite-rainbow-six-siege-menu-no-recoil-esp-v777-cheat-download-2026,,2026-04-30
https://itch.io/blog/1503530/elite-rainbow-six-siege-menu-pro-no-recoil-triggerbot-v797-undetected-cheat,,2026-04-30
https://boisterousfox.itch.io/hole-in-one-18/devlog/1503531/all-characters-have-been-implemented,,2026-04-30
https://itch.io/blog/1503532/advanced-pubg-battlegrounds-trainer-wallhack-silent-aim-no-recoil-reloaded-437,,2026-04-30
https://itch.io/blog/1503533/advanced-pubg-battlegrounds-trainer-pro-esp-triggerbot-no-recoil-final-480-u,,2026-04-30
https://itch.io/blog/1503534/elite-rocket-league-trainer-aimbot-triggerbot-reloaded-812-cheat-download-20,,2026-04-30
https://moonwave-studios.itch.io/keybeat/devlog/1503535/patch-2,,2026-04-30
https://itch.io/blog/1503536/elite-rocket-league-trainer-pro-triggerbot-aimbot-no-recoil-final545-undetec,,2026-04-30
https://devkidd.itch.io/shift-cel/devlog/1503537/update-v12-cel-property-preservation,,2026-04-30
https://itch.io/blog/1503538/hyper-warframe-hack-wallhack-esp-v-686-cheat-download-2026,,2026-04-30
https://itch.io/blog/1503539/hyper-warframe-hack-pro-wallhack-esp-no-recoil-final-799-undetected-cheat-20,,2026-04-30
https://itch.io/blog/1503540/super-left-4-dead-2-cheat-no-recoil-aimbot-ult865-cheat-download-2026,,2026-04-30
https://e-challe.itch.io/gustein/devlog/1503541/gustein-island-v06a,,2026-04-30
https://itch.io/blog/1503542/super-left-4-dead-2-cheat-pro-silent-aim-triggerbot-wallhack-final758-undete,,2026-04-30
https://itch.io/blog/1503543/pro-overwatch-2-cheat-silent-aim-esp-v765-cheat-download-2026,,2026-04-30
https://itch.io/blog/1503544/pro-overwatch-2-cheat-pro-wallhack-no-recoil-trainer783-undetected-cheat-202,,2026-04-30
https://ziemelmeita.itch.io/ikars/devlog/1503545/windows-xp-experimental-build-info,,2026-04-30
https://broken-curse-studios.itch.io/terminalhecateskids/devlog/1503546/arg-release-hecates-kids-terminal-edition,,2026-04-30
https://nezt50.itch.io/killer-bun/devlog/1503547/cutscene-revamp-1,,2026-04-30
https://notwriting.itch.io/kassandra-king-devils-dice/devlog/1503548/version-21,,2026-04-30
https://normalmentionlessdev.itch.io/ascii-toy-suite/devlog/1503549/panic-at-the-charactermancer-compact-update,,2026-04-30
https://judoanimates.itch.io/slime-battlegrounds/devlog/1503551/game-version-326,,2026-04-30
https://viktor-knobloch.itch.io/vertical-slice/devlog/1503552/234-2210,,2026-04-30
https://objrand.itch.io/this-cannot-continue/devlog/1503553/plans,,2026-04-30
https://codyford.itch.io/heatwave-sams-stay-demo/devlog/1503554/one-month-until-release,,2026-04-30
https://emliomago.itch.io/ascensao-na-ruina/devlog/1503555/o-que-existe-por-trs-da-runa,,2026-04-30
https://furia-divina.itch.io/project-neon-light-children/devlog/1503556/added-strong-blows,,2026-04-30
https://noselazarus.itch.io/strawberry-outfit/devlog/1503557/strawberry-outfit-28042026,,2026-04-30
https://itch.io/blog/1503558/genzo-takeda,,2026-04-30
https://willphillips.itch.io/hexingtide/devlog/1503559/two-spots-unexpectedly-open-for-the-hexingtide-one-shot-this-saturday-may-2nd,,2026-04-30
https://slaystudio.itch.io/slay-or-lay/devlog/1503560/act-1-going-public-this-week,,2026-04-30
https://jonasz-o.itch.io/fallout2remake3d/devlog/1503561/update,,2026-04-30
https://codyford.itch.io/heatwave-sams-stay/devlog/1503562/one-month-until-release,,2026-04-30
https://harrypujols.itch.io/sex-dungeon-missionary/devlog/1503563/oops-i-did-a-porno,,2026-04-30
https://gregouar.itch.io/grind-to-rust/devlog/1503564/new-season-and-ssf-option,,2026-04-30
https://okami-liqueur.itch.io/our-bloody-secret/devlog/1503565/update-from-demo-to-full-game-language-change,,2026-04-30
https://pandaatraash.itch.io/route-locked-you/devlog/1503566/release-date,,2026-04-30
https://dezritawre.itch.io/shadow-man-the-kitchen-flux/devlog/1503567/v2,,2026-04-30
https://autobioarchitech.itch.io/headsrest/devlog/1503568/one-year-aniversary-art,,2026-04-30
https://saqirmdevx.itch.io/kingdom-of-pixels/devlog/1503569/update-v101-karith-enters-the-world,,2026-04-30
https://leafygames.itch.io/idols-of-ash/devlog/1503571/version-132,,2026-04-30
https://purplebot.itch.io/lil-claw/devlog/1503572/v20-the-first-update-,,2026-04-30
https://nish-4nt.itch.io/epsteins-island-nqa-edition/devlog/1503573/update-26,,2026-04-30
https://bitqueststudio.itch.io/gift-system/devlog/1503575/complete-gift-system-now-available,,2026-04-30
https://creapoly-studios.itch.io/simple-finite-state-machine/devlog/1503576/fixed-some-stuff-with-the-state-machine,,2026-04-30
https://migidi.itch.io/sideris/devlog/1503578/sideris-update-a-new-name-a-bigger-journey,,2026-04-30
https://casper-gaming.itch.io/cgmz-custom-vehicles/devlog/1503579/version-alpha-r7-release-notes,,2026-04-30
https://strochetto.itch.io/padihorror/devlog/1503580/update-v11,,2026-04-30
https://sdsposting.itch.io/banana-bash/devlog/1503581/v100,,2026-04-30
https://sdsposting.itch.io/banana-bash/devlog/1503582/v101,,2026-04-30
https://sdsposting.itch.io/banana-bash/devlog/1503583/v102,,2026-04-30
https://yeslililililimc.itch.io/some-random-gaem/devlog/1503584/beta-1-of-some-random-gaem-132,,2026-04-30
https://sdsposting.itch.io/banana-bash/devlog/1503585/v110,,2026-04-30
https://sdsposting.itch.io/banana-bash/devlog/1503587/v111,,2026-04-30
https://sdsposting.itch.io/banana-bash/devlog/1503588/v112,,2026-04-30
https://feycomics.itch.io/selphina-legacy/devlog/1503589/v0161-hotfix,,2026-04-30
https://delautrer.itch.io/voxelengine/devlog/1503590/update-031-alpha,,2026-04-30
https://itch.io/blog/1503591/devlog-2-what-is-new,,2026-04-30
https://wasteland-gms.itch.io/ranger-of-ancuria-demo/devlog/1503592/ranger-of-ancuria-demo-is-up-now,,2026-04-30
https://jleavvv.itch.io/arms-race-v1/devlog/1503594/arms-race-v1-launch,,2026-04-30
https://sdsposting.itch.io/banana-bash/devlog/1503595/v120,,2026-04-30
https://sparkgapgames.itch.io/socrates/devlog/1503596/ti-994a-socrates-game-development-devlog-19-player-input-routine-fix-title-screen-music,,2026-04-30
https://gesodaone.itch.io/clicker-knights-closed-beta/devlog/1503597/overhaul-started-need-opinions-now,,2026-04-30
https://conrad-frostfoe.itch.io/velvet-vexian/devlog/1503598/velvet-vexian-fixes-update-103,,2026-04-30
https://team-spark.itch.io/melli-star-comet/devlog/1503599/melli-star-comet-devlog-4,,2026-04-30
https://eggedmuffinman.itch.io/anarchy/devlog/1503600/update-v04-quality-of-life-update,,2026-04-30
https://sunwsk.itch.io/markskeys/devlog/1503601/web-out,,2026-04-30
https://cleytonram.itch.io/bormo/devlog/1503602/devlog-04,,2026-04-30
https://oneflowman.itch.io/67-minutes-in-heaven/devlog/1503603/steam-release-announcement-patch-105,,2026-04-30
https://gesodaone.itch.io/clicker-knights-closed-beta/devlog/1503604/oh-also,,2026-04-30
https://ericsb.itch.io/quokka-games-lite-unwanted-host/devlog/1503605/today-is-your-lucky-day,,2026-04-30
https://italiafresh.itch.io/gameframe-studio/devlog/1503606/gameframe-studio-is-now-available-save-borderless-resolution-and-monitor-profiles-for-your-games,,2026-04-30
https://gomesrotwang.itch.io/coffee-break-paradise/devlog/1503607/patch-3,,2026-04-30
https://adamoveritas.itch.io/antarctica-campaign/devlog/1503608/more-abilities,,2026-04-30
https://hardtonik.itch.io/night-at-the-castle-1992/devlog/1503609/trailer-release-date-reveal-and-more-,,2026-04-30
https://peanut-panda.itch.io/starport-merchants/devlog/1503610/new-feature-enhancing-the-space-trucker-role,,2026-04-30
https://innovate-industries.itch.io/vapol-spanish-edition/devlog/1503611/anuncio-parche-v010,,2026-04-30
https://itch.io/blog/1503613/season-update-3-2026-australian-autumn,,2026-04-30
https://itch.io/blog/1503614/devblock1,,2026-04-30
https://itch.io/blog/1503615/week-2-release-emotional-combat-ratio-v-motus,,2026-04-30
https://migidi.itch.io/sideris/devlog/1503616/sideris-update-new-screen-to-select-your-ship,,2026-04-30
https://0matssss.itch.io/debts-and-orbits/devlog/1503618/alfa-v05,,2026-04-30
https://sparkgapgames.itch.io/friezas-fury-a-dragon-ball-z-fan-project/devlog/1503620/friezas-fury-game-development-devlog-15-sound-effects-sparking-animations-bug-fixes,,2026-04-30
https://bsj52.itch.io/the-grind/devlog/1503621/credits,,2026-04-30
https://gusvfx.itch.io/dronesquad/devlog/1503622/fleet-expansion-tactical-ui-improvements,,2026-04-30
https://mtm79.itch.io/timer-app/devlog/1503623/updates-this-far,,2026-04-30
https://bartosso-spiral.itch.io/the-watcher-mb/devlog/1503624/final-version-15,,2026-04-30
https://cctu.itch.io/claw-pybara/devlog/1503625/claw-pybara-update,,2026-04-30
https://1stfool.itch.io/crazy-fish-drift-kart/devlog/1503626/v11-new-map,,2026-04-30
https://andorios.itch.io/lo-fi-and-eco-fi-set-pack-bundle/devlog/1503627/added-2-lofis-to-this-folder-to-organize-pack,,2026-04-30
https://bitqueststudio.itch.io/open-world-system/devlog/1503628/open-world-system-playtesters-wanted,,2026-04-30
https://delveriagames.itch.io/dungeons-of-delveria/devlog/1503629/hotfix-0221,,2026-04-30
https://ikoty.itch.io/what-frog-doin/devlog/1503630/what-frog-doin-small-update,,2026-04-30
https://mtm79.itch.io/flappy-scratch-v32/devlog/1503632/updates-this-far,,2026-04-30
https://nevenvn.itch.io/ethereal-ties/devlog/1503633/ethereal-ties-holiday-special-free-version-available-now,,2026-04-30
https://miseri-accordion.itch.io/cupids-bargain/devlog/1503634/were-still-going-strong,,2026-04-30
https://greatnategame.itch.io/the-queens-quest/devlog/1503635/-queens-quest-is-out-now-,,2026-04-30
https://jjboy4141.itch.io/but-more-things-that-just-f1234ck-around/devlog/1503636/i-likeyou-know-updated-it,,2026-04-30
https://inmento.itch.io/my-first-idle-game/devlog/1503638/113,,2026-04-30
https://clockwork-horologist.itch.io/fantasy-manager/devlog/1503639/what-im-doing,,2026-04-30
https://marb7e.itch.io/esoterica/devlog/1503640/0-press-e-to-admire-bonzai,,2026-04-30
https://candy64.itch.io/adventure-in-the-crypt-talp-2026/devlog/1503641/minor-update-to-the-story-file,,2026-04-30
https://eggedmuffinman.itch.io/anarchy/devlog/1503643/update-v041-package-fix,,2026-04-30
https://alenia-studios.itch.io/10-pixel-art-atmospheric-vfx-pack/devlog/1503644/20-pixel-art-atmospheric-vfx-pack-update,,2026-04-30
https://alenia-studios.itch.io/giftly-alenia/devlog/1503645/giftly-alenia-gifpreview-v30-release,,2026-04-30
https://dotorodev.itch.io/free-500-pixel-food-icons-rpg-asset-pack/devlog/1503646/200-more-yummy-cute-chicken-food-plates-added,,2026-04-30
https://mr-dr-bean.itch.io/nightlives-gj/devlog/1503647/qol-improvements-and-new-game,,2026-04-30
https://retroteamgames.itch.io/chrome-horizon/devlog/1503648/level-2-map-preview,,2026-04-30
https://itch.io/blog/1503650/pub2hub-is-live,,2026-04-30
https://acneproduction.itch.io/mundialito-2/devlog/1503651/mundialito-2,,2026-04-30
https://maybemee.itch.io/diaper-dimension-escape/devlog/1503652/devlog-1-lots-and-lots-of-work,,2026-04-30
https://detonationzone.itch.io/echolink-recursion/devlog/1503653/demo-official-launch-qol-update-bug-fixes,,2026-04-30
https://copaceticat.itch.io/candyboxu/devlog/1503654/candy-box-u-beta-121-update,,2026-04-30
https://alterstaff.itch.io/ai2u/devlog/1503655/server-update-partial-fix-monitoring-609-pm-edt,,2026-04-30
https://thisistesty.itch.io/the-edge-of-the-map/devlog/1503656/first-renders,,2026-04-30
https://siixu.itch.io/godstorm/devlog/1503657/alpha-version-3-is-out-now-lifepath-included,,2026-04-30
https://normalmentionlessdev.itch.io/ascii-toy-suite/devlog/1503658/panic-at-the-charactermancer-update,,2026-04-30
https://vrce.itch.io/vrce-race-setup-flow-charts/devlog/1503659/2026-update,,2026-04-30
https://pocketacegames.itch.io/tangled-by-tentacles/devlog/1503660/cowgirl-update-197,,2026-04-30
https://casiem.itch.io/pet-incremental/devlog/1503661/v007-is-now-here,,2026-04-30
https://migidi.itch.io/sideris/devlog/1503662/sideris,,2026-04-30
https://casiem.itch.io/pet-incremental/devlog/1503663/fixed-update-1,,2026-04-30
https://arthurstrabelli.itch.io/momentum-fracture/devlog/1503664/demo-v10-out,,2026-04-30
https://desty-games.itch.io/vampire-invasion/devlog/1503665/vampire-invasion-news,,2026-04-30
https://misterm.itch.io/mistermrsand/devlog/1503666/-mistermrsand,,2026-04-30
https://shrimpcat-games.itch.io/cherrypop/devlog/1503668/cherrypop-033-update,,2026-04-30
https://oleonze.itch.io/birb/devlog/1503671/version-0995,,2026-04-30
https://michal-jenco.itch.io/particle-collect-the-universe/devlog/1503672/v140-discovery-planner-physics-accurate-collisions-and-a-milestone-rebalance,,2026-04-30
https://clkairos.itch.io/navy-scout/devlog/1503673/v010,,2026-04-30
https://alexmans.itch.io/lombre-du-mal-scnario-jdr-sombre-et-immersif/devlog/1503674/-dsormais-en-prix-libre-lombre-du-mal,,2026-04-30
https://stawer.itch.io/lucky-paradox/devlog/1503675/crafting-lucky-paradox-60-lucky-paradox-new-update-is-ready-and-whats-next,,2026-04-30
https://alexmans.itch.io/the-shadow-within/devlog/1503676/-now-pay-what-you-want-the-shadow-within,,2026-04-30
https://ggearth.itch.io/efe-role-playing-system-core-rules-excendris-tomb/devlog/1503677/efe-character-sheet-digital-and-fully-interactive-right-in-your-browser-saveprintclear,,2026-04-30
https://m-ku66.itch.io/tactics-v7/devlog/1503678/beta-is-available,,2026-04-30
https://ultrasuperporkchop.itch.io/the-masterverse/devlog/1503679/the-masterverse-is-back,,2026-04-30
https://allexnaa.itch.io/pps/devlog/1503680/test-title,,2026-04-30
https://met-wally-games.itch.io/metally-man-son-son-valley/devlog/1503682/sring-time-special,,2026-04-30
https://jaydenandressen.itch.io/pixelspritesuniverse/devlog/1503683/pixel-sprites-universe-update-6,,2026-04-30
https://bumbles02.itch.io/coinclashers/devlog/1503685/itchio-page-made-and-current-progress,,2026-04-30
https://pieceoffcake.itch.io/polarity/devlog/1503686/current-week-updates,,2026-04-30
https://nicocoun.itch.io/su-93-survivor/devlog/1503687/su-93-survivor-playtest-now,,2026-04-30
https://jackchancer.itch.io/idlepunk/devlog/1503688/update-0400-optimization,,2026-04-30
https://andrewpelham.itch.io/enigma/devlog/1503689/convention-success-freebies,,2026-04-30
https://met-wally-games.itch.io/metally-man-son-son-valley/devlog/1503690/spring-sale,,2026-04-30
https://lumpytelevision.itch.io/larry/devlog/1503691/image-fix,,2026-04-30
https://beyongthesecondwall.itch.io/beyond-the-second-wall/devlog/1503692/03,,2026-04-30
https://frenexstudios.itch.io/melonrio/devlog/1503693/mobile-support-demand-to-high-adding-in-next-update,,2026-04-30
https://afterhoursgames.itch.io/lena-our-story/devlog/1503694/-update-011a-small-qol-improvements,,2026-04-30
https://dwrgames.itch.io/naughty-lyanna-season-1/devlog/1503695/loft-muse,,2026-04-30
https://dwrgames.itch.io/naughty-lyanna-season-2/devlog/1503696/loft-muse,,2026-04-30
https://lumpytelevision.itch.io/larry/devlog/1503697/fullscreen,,2026-04-30
https://itch.io/blog/1503698/fairy-springs-demo-patch-notes,,2026-04-30
https://mrmop44.itch.io/twilight-haven/devlog/1503699/big-update-for-twilight-haven-main-storyline,,2026-04-30
https://noxis-sound.itch.io/sci-fi-game-audio-pack-music-loops-sfx/devlog/1503700/update-improved-sci-fi-audio-packs-new-content-coming,,2026-04-30
https://prerisen.itch.io/echos-rift/devlog/1503701/028-alpha,,2026-04-30
https://coneworks.itch.io/coneworks-prototype/devlog/1503702/i-went-overboard,,2026-04-30
https://tirelesslurker.itch.io/incarnasoul/devlog/1503703/incarnasoul-alpha-36-patch-1,,2026-04-30
https://fotb.itch.io/loose-juice/devlog/1503704/version-v100-now-available,,2026-04-30
https://snonukilaxton.itch.io/eldritch-lust/devlog/1503706/update-to-game,,2026-04-30
https://parodos.itch.io/goblinlayer/devlog/1503708/april-status-post,,2026-04-30
https://epsylon-games.itch.io/bit-bot/devlog/1503709/actualizacion-00,,2026-04-30
https://ivan-bros-games.itch.io/barney-marcywuanneandsashaerror/devlog/1503710/an-update-regarding-my-errors-os-games,,2026-04-30
https://nulldreams.itch.io/isometric-garden/devlog/1503711/devlog-upgrading-my-free-sprite-pack-new-paid-version-2,,2026-04-30
https://dancingpandastudios.itch.io/neural-descent/devlog/1503712/017,,2026-04-30
https://codingmojo.itch.io/feelcraft/devlog/1503713/how-to-make-your-game-feel-awesome-,,2026-04-30
https://senfineco-games.itch.io/peys/devlog/1503714/v0065-refining-the-basics,,2026-04-30
https://utas-shemek-tschirch.itch.io/109-wet-it-be-game-prototype-02/devlog/1503715/graphics-level-connections,,2026-04-30
https://itch.io/blog/1503716/building-blocks-for-a-small-city-soundscapes-ive-made,,2026-04-30
https://slynnart.itch.io/characterset/devlog/1503718/devlog-1,,2026-04-30
https://axiomnova.itch.io/the-last-lord/devlog/1503719/version-v0582-update-time-2026428,,2026-04-30
https://fixedgerald.itch.io/taskmaster-scoreboard/devlog/1503720/ver-3,,2026-04-30
https://matthew-gd23.itch.io/hellfeed/devlog/1503721/hellfeed-prototype-goes-public,,2026-04-30
https://fliam76-0fficial.itch.io/a-pigeon-game/devlog/1503722/should-i-make-a-remake,,2026-04-30
https://ameta4.itch.io/bunnerts-world-demo1/devlog/1503724/meta4s-devlog-1,,2026-04-30
https://freezecode.itch.io/captains/devlog/1503725/captains-devlog-weekly-summary-01,,2026-04-30
https://n-sstudio.itch.io/zendash/devlog/1503726/zendash,,2026-04-30
https://tunditur-unda.itch.io/rpg17/devlog/1503727/authors-notes,,2026-04-30
https://dataerase.itch.io/labyrinthos/devlog/1503728/labyrinthos-v152,,2026-04-30
https://itch.io/blog/1503729/point-talk-and-voice-actors-reveal,,2026-04-30
https://the-pineapple-fox.itch.io/coffeefox/devlog/1503730/adding-the-shop-to-the-game,,2026-04-30
https://gypso.itch.io/voidhawk/devlog/1503731/v14,,2026-04-30
https://absolutemyro.itch.io/dungeon-of-the-balded-skulls/devlog/1503732/post-jam-update-changelog,,2026-04-30
https://itch.io/blog/1503733/bfdi-branches-v037-branchspring-update-patch-notes,,2026-04-30
https://teambranches.itch.io/bfdi-branches/devlog/1503734/bfdi-branches-v037-branchspring-update-patch-notes,,2026-04-30
https://bluecup1243.itch.io/basementcrypt/devlog/1503735/devlog-3,,2026-04-30
https://unity-red5.itch.io/linewars2/devlog/1503737/new-cover-image-updated,,2026-04-30
https://vliu09.itch.io/coup-dkoala/devlog/1503738/first-post-coup-dkoala,,2026-04-30
https://migidi.itch.io/sideris/devlog/1503739/sideris,,2026-04-30
https://bloodaroundcost53.itch.io/dragon6/devlog/1503740/83-aim-assist-2026-silent-aimbot-recoil-control-after-april-22-early-access-hotfix-zero-spread-perfect-tracking,,2026-04-30
https://godistimeredhulk.itch.io/enjoy92/devlog/1503741/arc-raiders-aimbot-2026-precision-extraction-mastery-after-april-22-hotfix-smooth-stealth-fully-stable-april-29,,2026-04-30
https://wimpatrikadams.itch.io/mell92/devlog/1503742/above-the-snow-mod-menu-2026-god-mode-survival-full-mountain-editor-after-april-22-hotfix-unlimited-resources-avalanche-control-stable-high-altitude-empire,,2026-04-30
https://godistimeredhulk.itch.io/enjoy92/devlog/1503743/baldurs-gate-3-trainer-2026-god-mode-party-infinite-spell-slots-instant-level-up,,2026-04-30
https://bloodaroundcost53.itch.io/dragon6/devlog/1503744/83-cheats-2026-god-mode-infinite-ammo-after-april-22-early-access-hotfix-unlimited-supplies-vehicle-mastery-private-server-safe,,2026-04-30
https://wimpatrikadams.itch.io/mell92/devlog/1503745/above-the-snow-trainer-2026-infinite-stamina-god-mode-unlimited-supplies-after-april-22-hotfix-avalanche-immunity-resource-mastery-stable-mountain-survival,,2026-04-30
https://multik1.itch.io/faring/devlog/1503746/black-desert-macros-2026-auto-combat-rotations-life-skill-automation-grinding-scripts-fully-updated-post-balance-patch-safe-in-solo-low-pop-channels,,2026-04-30
https://godistimeredhulk.itch.io/enjoy92/devlog/1503747/baldurs-gate-3-cheat-menu-2026-real-time-god-editor-infinite-resources-full-campaign-control,,2026-04-30
https://wimpatrikadams.itch.io/mell92/devlog/1503748/age-of-empires-ii-definitive-edition-mod-menu-2026-in-game-radar-instant-tech-full-unit-control-fully-adapted-post-balance-patch-clean-in-single-player-private-customs,,2026-04-30
https://bloodaroundcost53.itch.io/dragon6/devlog/1503749/83-esp-2026-wallhack-enemy-positions-after-april-22-early-access-hotfix-real-time-radar-team-vehicle-tags,,2026-04-30
https://multik1.itch.io/faring/devlog/1503750/black-desert-trainer-2026-unlimited-silver-god-mode-auto-enhancement-after-april-22-hotfix,,2026-04-30
https://mikemo.itch.io/uberloop/devlog/1503751/recent-updates,,2026-04-30
https://godistimeredhulk.itch.io/enjoy92/devlog/1503752/black-desert-cheat-menu-2026-in-game-esp-auto-combat-unlimited-silver-post-hotfix-ready-reliable-in-solo-private-channels,,2026-04-30
https://wimpatrikadams.itch.io/mell92/devlog/1503753/age-of-empires-ii-definitive-edition-trainer-2026-unlimited-resources-instant-age-up-god-mode-stable-april-29-2026-safe-in-single-player-custom-lobbies,,2026-04-30
https://bloodaroundcost53.itch.io/dragon6/devlog/1503754/83-mod-menu-2026-god-mode-full-tactical-suite-after-april-22-early-access-hotfix-infinite-ammo-vehicle-god-esp-loadout-editor,,2026-04-30
https://multik1.itch.io/faring/devlog/1503755/blood-reaver-aim-assist-2026-precision-blood-tracking-zero-recoil-smooth-silent-aim,,2026-04-30
https://mikdaclicker.itch.io/milk-clicker-idle-cow-tycoon-game/devlog/1503756/new-game-lets-gooooooo,,2026-04-30
https://multik1.itch.io/faring/devlog/1503757/blood-reaver-aim-module-wall-vision-2026-hybrid-precision-tracking-full-demon-esp-silent-aim-combo,,2026-04-30
https://luciano-dalbert.itch.io/runner-of-the-wastelands/devlog/1503758/runner-of-the-wastelands-third-extra-material-prestige-and-handler,,2026-04-30
https://tvcoders.itch.io/colors/devlog/1503759/new-fast-pacing-logical-game-just-posted,,2026-04-30
https://brinkkilingspree30.itch.io/h901/devlog/1503760/counter-strike-2-faceit-tools-2026-advanced-aim-full-esp-real-time-radar-suite-stable-after-april-22-hotfix,,2026-04-30
https://finklousen.itch.io/l92/devlog/1503761/blood-reaver-undetected-cheat-2026-god-mode-blood-harvest-aimbot-full-esp-suite-stable-after-april-22-hotfix,,2026-04-30
https://byronbulb.itch.io/bandestar/devlog/1503762/032,,2026-04-30
https://boss1netokeax.itch.io/nl3/devlog/1503763/cthulhu-the-cosmic-abyss-mod-menu-2026-real-time-sanity-editor-mind-palace-god-tools-eldritch-reality-control,,2026-04-30
https://brinkkilingspree30.itch.io/h901/devlog/1503764/counter-strike-2-radar-vision-2026-full-map-enemy-radar-real-time-positions-ultimate-awareness-stable-after-april-22-hotfix,,2026-04-30
https://exe-533.itch.io/tot9/devlog/1503765/dead-by-daylight-trainer-2026-survivor-god-mode-infinite-items-killer-vision,,2026-04-30
https://finklousen.itch.io/l92/devlog/1503766/blood-reaver-esp-overlay-2026-full-demon-wallhack-resource-item-vision-stable-after-april-24-hotfix,,2026-04-30
https://boss1netokeax.itch.io/nl3/devlog/1503767/cthulhu-the-cosmic-abyss-trainer-2026-god-mode-infinite-sanity-investigation-mastery,,2026-04-30
https://brinkkilingspree30.itch.io/h901/devlog/1503768/crusader-kings-iii-cheat-menu-2026-in-game-editor-unlimited-gold-dynasty-tools-stress-control,,2026-04-30
https://loretenele.itch.io/hoppolu-shelter/devlog/1503769/regarding-fixes-and-new-characters,,2026-04-30
https://exe-533.itch.io/tot9/devlog/1503770/delta-force-ai-aim-assist-2026-humanized-predictive-tracking-recoil-ai-silent-aim,,2026-04-30
https://boss1netokeax.itch.io/nl3/devlog/1503771/dead-by-daylight-cheat-menu-2026-real-time-god-editor-killer-vision-survivor-mastery,,2026-04-30
https://brinkkilingspree30.itch.io/h901/devlog/1503772/crusader-kings-iii-trainer-2026-unlimited-gold-prestige-piety-dynasty-control-stable-after-april-23-hotfix,,2026-04-30
https://finklousen.itch.io/l92/devlog/1503773/city-states-medieval-mod-menu-2026-real-time-empire-editor-god-mode-diplomacy-tower-defense-mastery,,2026-04-30
https://exe-533.itch.io/tot9/devlog/1503774/delta-force-aimbot-2026-humanized-predictive-silent-aim-recoil-mastery,,2026-04-30
https://boss1netokeax.itch.io/nl3/devlog/1503775/dead-by-daylight-esp-2026-full-aura-reading-survivor-killer-vision-stable-after-april-22-hotfix,,2026-04-30
https://finklousen.itch.io/l92/devlog/1503776/city-states-medieval-trainer-2026-god-mode-infinite-resources-trade-empire-tools-stable-after-april-22-hotfix,,2026-04-30
https://mrkane.itch.io/aperturereconstructed/devlog/1503777/bugfix-build-0400,,2026-04-30
https://utas-shemek-tschirch.itch.io/109-wet-it-be-game-prototype-02/devlog/1503778/more-art-examples,,2026-04-30
https://glitch-master11.itch.io/backrooms-escape-game/devlog/1503779/how-i-made-this-game,,2026-04-30
https://exe-533.itch.io/tot9/devlog/1503780/delta-force-cheats-2026-advanced-aimbot-full-esp-extraction-god-mode,,2026-04-30
https://makaroon4.itch.io/kirka90/devlog/1503781/delta-force-private-hack-2026-undetected-aimbot-full-esp-extraction-god-mode,,2026-04-30
https://forth5.itch.io/sexyguy/devlog/1503782/final-fantasy-xiv-online-mod-menu-2026-in-game-esp-gil-tools-job-freedom-pre-patch-75-compatible-careful-use-in-solo-duties-low-pop-areas,,2026-04-30
https://forth5.itch.io/sexyguy/devlog/1503783/football-manager-2026-cheat-menu-2026-real-time-god-editor-infinite-budget-match-domination,,2026-04-30
https://calil-vtt-assets.itch.io/mercenary-figures/devlog/1503784/mercenary-figures,,2026-04-30
https://makaroon4.itch.io/kirka90/devlog/1503786/efootball-cheat-menu-2026-in-game-esp-unlimited-gp-match-control-fully-adapted-post-balance-update-,,2026-04-30
https://rkmaymay.itch.io/shadow-convoy/devlog/1503787/just-artin-around,,2026-04-30
https://forth5.itch.io/sexyguy/devlog/1503788/football-manager-2026-mod-menu-2026-real-time-god-editor-infinite-budget-tactical-mastery,,2026-04-30
https://makaroon4.itch.io/kirka90/devlog/1503789/efootball-trainer-2026-unlimited-gp-player-boost-match-domination,,2026-04-30
https://goofanader.itch.io/shuukura-dreaming-of-her-life/devlog/1503790/shuukura-dreaming-of-her-life-is-out,,2026-04-30
https://kingmancoolcold142.itch.io/killer3/devlog/1503791/global-rescue-mod-menu-2026-in-game-incident-radar-unlimited-resources-command-tools,,2026-04-30
https://itch.io/blog/1503793/-new-awesome-itchio-games-list-on-github,,2026-04-30
https://forth5.itch.io/sexyguy/devlog/1503794/football-manager-2026-trainer-infinite-budget-instant-player-development-match-engine-control,,2026-04-30
https://makaroon4.itch.io/kirka90/devlog/1503795/final-fantasy-xiv-online-cheat-menu-2026-in-game-esp-gil-stat-tools-post-patch-75-ready-low-profile-in-private-low-pop-instances,,2026-04-30
https://kingmancoolcold142.itch.io/killer3/devlog/1503796/-cheat-menu-2026-in-game-esp-auto-riichi-jade-freedom-stable-april-29-2026-,,2026-04-30
https://kingmancoolcold142.itch.io/killer3/devlog/1503797/hearts-of-iron-iv-cheat-menu-2026-real-time-country-editor-instant-research-total-war-control,,2026-04-30
https://kingmancoolcold142.itch.io/killer3/devlog/1503798/hearts-of-iron-iv-trainer-2026-god-mode-armies-infinite-resources-instant-research-stable-after-april-22-hotfix,,2026-04-30
https://bradwell96.itch.io/mirrox/devlog/1503799/last-flag-cheat-2026-undetected-aimbot-full-esp-flag-carrier-god-mode,,2026-04-30
https://prostoboss-188.itch.io/r92/devlog/1503800/hunt-showdown-1896-mod-menu-2026-advanced-esp-aimbot-resource-mods-stealth-tools,,2026-04-30
https://bradwell96.itch.io/mirrox/devlog/1503801/last-flag-mod-menu-2026-advanced-god-mode-real-time-player-editor-full-arena-vision-stable-after-april-22-hotfix,,2026-04-30
https://prostoboss-188.itch.io/r92/devlog/1503802/hunt-showdown-1896-trainer-2026-god-mode-esp-unlimited-ammo-stealth-suite,,2026-04-30
https://yasiaforever2.itch.io/belka92/devlog/1503803/league-of-legends-skin-changer-2026-unlock-all-skins-chromas-animations,,2026-04-30
https://bradwell96.itch.io/mirrox/devlog/1503804/last-flag-speed-boost-god-mode-2026-infinite-mobility-total-invulnerability-flag-rush-dominance-stable-after-april-22-hotfix,,2026-04-30
https://finklousen2047.itch.io/v92/devlog/1503805/league-of-legends-auto-dodge-script-2026-smart-skillshot-evasion-reaction-training-post-vanguard-update-practice-tool-custom-games,,2026-04-30
https://prostoboss-188.itch.io/r92/devlog/1503806/into-the-radius-2-aim-assist-2026-silent-aimbot-recoil-control-after-april-24-hotfix-perfect-tracking-zero-spread-stable-10-vr-gunplay,,2026-04-30
https://yasiaforever2.itch.io/belka92/devlog/1503807/league-of-legends-tft-auto-bot-2026-smart-auto-play-roll-comp-builder,,2026-04-30
https://bradwell96.itch.io/mirrox/devlog/1503808/last-flag-trainer-2026-god-mode-infinite-abilities-flag-rush-tools,,2026-04-30
https://prostoboss-188.itch.io/r92/devlog/1503809/into-the-radius-2-cheats-menu-2026-god-mode-infinite-ammo-after-april-24-hotfix-unlimited-artifacts-weapon-mastery-stable-vr-anomaly-survival,,2026-04-30
https://finklousen2047.itch.io/v92/devlog/1503810/league-of-legends-cheat-menu-2026-in-game-esp-unlimited-blue-essence-script-tools,,2026-04-30
https://yasiaforever2.itch.io/belka92/devlog/1503811/legionbound-cheat-2026-unlimited-gold-god-legion-full-ascension-control-after-april-28-hotfix,,2026-04-30
https://finklousen2047.itch.io/v92/devlog/1503812/league-of-legends-combo-scripts-2026-advanced-orbwalking-auto-combos-champion-scripts-post-vanguard-update-ready-,,2026-04-30
https://yasiaforever2.itch.io/belka92/devlog/1503813/legionbound-cheat-menu-2026-in-game-legion-radar-unlimited-gold-ascension-freedom,,2026-04-30
https://finklousen2047.itch.io/v92/devlog/1503814/league-of-legends-map-vision-hack-2026-full-fog-reveal-ward-esp-real-time-tracking-safe-for-custom-bots-isolated-testing,,2026-04-30
https://asideglide.itch.io/sabre78/devlog/1503815/magical-princess-trainer-2026-unlimited-affection-stats-boost-instant-training,,2026-04-30
https://mell7switok.itch.io/r1992/devlog/1503816/legionbound-trainer-2026-unlimited-gold-god-mode-legion-instant-ascensions-stable-april-29-2026-launch-day-ready-,,2026-04-30
https://asideglide.itch.io/sabre78/devlog/1503817/mount-blade-ii-bannerlord-cheat-2026-god-mode-armies-infinite-denars-kingdom-domination,,2026-04-30
https://itch.io/blog/1503818/memolith-forsaken-by-light-complete-game-free-download-2026,,2026-04-30
https://bambina9.itch.io/sa6/devlog/1503819/naraka-bladepoint-aim-assist-2026-humanized-predictive-tracking-combo-flow-silent-aim-stable-after-april-22-hotfix,,2026-04-30
https://mell7switok.itch.io/r1992/devlog/1503820/league-of-legends-aram-auto-pilot-2026-smart-combat-dodging-build-automation-vanguard-compatible-in-practice-custom-aram,,2026-04-30
https://bambina9.itch.io/sa6/devlog/1503821/naraka-bladepoint-cheat-2026-humanized-aimbot-full-esp-hero-god-mode,,2026-04-30
https://asideglide.itch.io/sabre78/devlog/1503822/mount-blade-ii-bannerlord-mod-menu-2026-real-time-kingdom-editor-god-mode-armies-tactical-mastery-stable-after-april-22-hotfix,,2026-04-30
https://bowhoute7.itch.io/o37/devlog/1503823/nested-lands-cheat-menu-2026-god-mode-resource-god-editor-plague-dominion-controls,,2026-04-30
https://mell7switok.itch.io/r1992/devlog/1503824/league-of-legends-summoners-rift-autopilot-2026-intelligent-5v5-auto-play-build-execution-vanguard-safe-in-practice-tool-custom-bot-games-,,2026-04-30
https://itch.io/blog/1503825/memolith-forsaken-by-light-tactical-turn-based-combat-edition-free,,2026-04-30
https://bowhoute7.itch.io/o37/devlog/1503826/nested-lands-mod-menu-2026-advanced-god-mode-real-time-resource-editor-full-settlement-controls,,2026-04-30
https://bambina9.itch.io/sa6/devlog/1503827/naraka-bladepoint-full-esp-2026-real-time-enemy-vision-hero-ability-tracking-loot-radar,,2026-04-30
https://asideglide.itch.io/sabre78/devlog/1503828/mount-blade-ii-bannerlord-trainer-2026-god-mode-armies-infinite-denars-instant-progression,,2026-04-30
https://itch.io/blog/1503829/-memolith-forsaken-by-light-story-rich-complete-edition-free-2026,,2026-04-30
https://mell7switok.itch.io/r1992/devlog/1503830/magical-princess-mod-menu-2026-in-game-affection-radar-instant-growth-story-freedom-early-access-optimized-,,2026-04-30
https://bambina9.itch.io/sa6/devlog/1503831/naraka-bladepoint-macros-2026-advanced-combo-macros-grapple-assist-hero-skill-bindings-stable-after-april-22-hotfix,,2026-04-30
https://ritsukabee.itch.io/in-the-end/devlog/1503832/update-finally-managed-to-make-it-playable-in-the-browser,,2026-04-30
https://bowhoute7.itch.io/o37/devlog/1503833/nested-lands-trainer-2026-god-mode-infinite-resources-village-god-tools-stable-after-april-22-hotfix,,2026-04-30
https://an-account6328.itch.io/title/devlog/1503834/progress-update,,2026-04-30
https://bowhoute7.itch.io/o37/devlog/1503835/persona-5-royal-cheat-2026-unlimited-yen-instant-persona-fusion-god-mode-stable-april-29-2026-post-hotfix-ready-,,2026-04-30
https://itsmeavdul.itch.io/malverious/devlog/1503836/lore,,2026-04-30
https://webspider2951.itch.io/mister/devlog/1503837/persona-5-royal-cheat-menu-2026-in-game-persona-radar-unlimited-yen-instant-fusion,,2026-04-30
https://tel83.itch.io/e98/devlog/1503838/repo-mod-menu-2026-real-time-god-editor-object-mastery-extraction-control-stable-after-april-22-hotfix,,2026-04-30
https://itch.io/blog/1503839/-memolith-forsaken-by-light-performance-optimized-edition-free-2026,,2026-04-30
https://frampfastik.itch.io/archer/devlog/1503840/pratfall-cheat-menu-2026-god-mode-physics-overhaul-infinite-explosives-after-april-22-hotfix-unlimited-dig-fall-immunity-co-op-chaos-booster,,2026-04-30
https://webspider2951.itch.io/mister/devlog/1503841/persona-5-royal-mod-menu-2026-in-game-persona-radar-instant-fusion-story-freedom,,2026-04-30
https://tel83.itch.io/e98/devlog/1503842/repo-trainer-2026-god-mode-infinite-resources-extraction-mastery,,2026-04-30
https://deathlord348.itch.io/tonaro/devlog/1503843/resident-evil-4-remake-mod-menu-2026-in-game-esp-god-mode-creative-tools,,2026-04-30
https://wideeyedpope.itch.io/the-house-on-cherry-lane-chapter-1/devlog/1503844/ver222,,2026-04-30
https://tel83.itch.io/e98/devlog/1503845/rainbow-six-siege-aim-assist-2026-humanized-silent-aim-recoil-control-predictive-tracking,,2026-04-30
https://frampfastik.itch.io/archer/devlog/1503846/pratfall-mods-menu-2026-god-mode-physics-sandbox-unlimited-explosives-after-april-22-hotfix-infinite-dig-depth-co-op-rescue-overhaul-stable-cave-mayhem,,2026-04-30
https://deathlord348.itch.io/tonaro/devlog/1503847/resident-evil-4-remake-trainer-2026-unlimited-ammo-god-mode-item-spawner-safe-in-single-player-new-game,,2026-04-30
https://webspider2951.itch.io/mister/devlog/1503848/persona-5-royal-trainer-2026-unlimited-yen-instant-fusion-god-mode-post-hotfix-ready-safe-in-single-player-new-game,,2026-04-30
https://superpizza.itch.io/crimpo-quest/devlog/1503849/crungo-crap,,2026-04-30
https://tel83.itch.io/e98/devlog/1503850/ready-or-not-cheat-menu-2026-tactical-command-suite-after-april-22-hotfix-undetected-stability-full-feature-control-safe-april-29,,2026-04-30
https://deathlord348.itch.io/tonaro/devlog/1503851/resident-evil-4-remake-weapon-mods-2026-custom-guns-infinite-ammo-stats-new-attachments,,2026-04-30
https://frampfastik.itch.io/archer/devlog/1503852/pratfall-trainer-2026-infinite-dig-god-mode-physics-toggle-after-april-22-hotfix-unlimited-bombs-fall-protection-stable-cave-explorer,,2026-04-30
https://itch.io/blog/1503853/genesis-war-complete-game-free-download-2026,,2026-04-30
https://webspider2951.itch.io/mister/devlog/1503854/pratfall-cheat-2026-infinite-health-god-mode-explosive-physics-after-april-22-hotfix-unlimited-dig-bombs-stable-co-op-cave-diving,,2026-04-30
https://frampfastik.itch.io/archer/devlog/1503855/repo-cheat-menu-2026-real-time-god-editor-object-mastery-extraction-domination,,2026-04-30
https://deathlord348.itch.io/tonaro/devlog/1503856/rimworld-mod-menu-2026-real-time-god-editor-colonist-mastery-storyteller-control,,2026-04-30
https://lifeland.itch.io/world-users-alpha/devlog/1503857/try-out-my-animation-control-sequence-editor,,2026-04-30
https://itch.io/blog/1503858/genesis-war-multiplayer-co-op-edition-free,,2026-04-30
https://lumpytelevision.itch.io/larry/devlog/1503859/added-new-storyline,,2026-04-30
https://lemondigal2664.itch.io/r69/devlog/1503860/rimworld-trainer-2026-god-mode-colonists-infinite-resources-storyteller-control,,2026-04-30
https://itch.io/blog/1503861/genesis-war-hero-units-rpg-edition-all-heroes-unlocked-2026,,2026-04-30
https://drifmotown82.itch.io/a92/devlog/1503862/schedule-i-mod-menu-2026-in-game-esp-instant-growth-empire-tools-fully-updated-post-hotfix-reliable-in-solo-private-lobbies,,2026-04-30
https://itch.io/blog/1503863/genesis-war-classic-rts-mode-low-spec-optimized-free,,2026-04-30
https://lemondigal2664.itch.io/r69/devlog/1503864/satisfactory-cheat-menu-2026-esp-radar-instant-unlock-god-tools-stable-april-29-2026-post-hotfix-ready-undetected-in-solo-private-worlds,,2026-04-30
https://stne515.itch.io/muffin5/devlog/1503865/stardew-valley-mod-menu-2026-real-time-god-editor-relationship-mastery-valley-sandbox,,2026-04-30
https://toybonniebigboy.itch.io/realboy/devlog/1503866/the-long-dark-mod-menu-2026-real-time-condition-editor-weather-dominion-full-survival-sandbox,,2026-04-30
https://toybonniebigboy.itch.io/realboy/devlog/1503867/the-long-dark-trainer-2026-god-mode-infinite-calories-weather-mastery-stable-after-april-22-hotfix,,2026-04-30
https://lemondigal2664.itch.io/r69/devlog/1503868/satisfactory-mod-menu-2026-in-game-esp-resource-radar-creative-tools,,2026-04-30
https://drifmotown82.itch.io/a92/devlog/1503869/schedule-i-trainer-2026-unlimited-money-god-mode-fast-growth-after-april-22-hotfix,,2026-04-30
https://stne515.itch.io/muffin5/devlog/1503870/street-fighter-6-cheat-menu-2026-god-mode-training-instant-unlock-combo-mastery,,2026-04-30
https://yander-corps.itch.io/bloody-heart-club/devlog/1503871/chapter-3-release-planned-for-junejuly,,2026-04-30
https://toybonniebigboy.itch.io/realboy/devlog/1503873/the-red-pearls-of-borneo-mod-menu-2026-timeline-god-mode-full-echo-unlock-after-april-22-hotfix-unlimited-psychic-jumps-deduction-assistant-stable-mystery-solver,,2026-04-30
https://donisa.itch.io/fabled-warlords-3-thrones-of-stone-and-scale/devlog/1503875/patch-12,,2026-04-30
https://lemondigal2664.itch.io/r69/devlog/1503876/satisfactory-trainer-2026-unlimited-resources-god-mode-build-freedom,,2026-04-30
https://drifmotown82.itch.io/a92/devlog/1503877/simpleplanes-2-mods-menu-2026-in-game-physics-radar-unlimited-parts-creative-tools-stable-april-27-2026,,2026-04-30
https://stne515.itch.io/muffin5/devlog/1503878/sudden-strike-5-cheat-2026-unlimited-resources-god-mode-units-fog-reveal,,2026-04-30
https://myudalimo.itch.io/transformation-casino/devlog/1503879/tf-casino-update-and-finalized-mostly,,2026-04-30
https://toybonniebigboy.itch.io/realboy/devlog/1503880/the-red-pearls-of-borneo-trainer-2026-full-timeline-reveal-deduction-assist-after-april-22-hotfix-unlimited-echoes-stable-puzzle-solver,,2026-04-30
https://itch.io/blog/1503881/so-many-projects-so-little-time,,2026-04-30
https://stne515.itch.io/muffin5/devlog/1503882/sudden-strike-5-mod-menu-2026-in-game-unit-radar-unlimited-supplies-command-tools,,2026-04-30
https://itch.io/blog/1503883/nte-neverness-to-everness-complete-game-free-download,,2026-04-30
https://syndicate98.itch.io/syns-sprite-studio/devlog/1503884/official-release,,2026-04-30
https://drifmotown82.itch.io/a92/devlog/1503885/simpleplanes-2-trainer-2026-unlimited-parts-god-mode-instant-flight-safe-in-single-player-sandbox-modes,,2026-04-30
https://huntersussy.itch.io/bubs-weather/devlog/1503886/next-big-update-of-like-uhh-idk,,2026-04-30
https://themaxditmosephad.itch.io/mrrip92/devlog/1503887/the-spotter-dig-or-die-cheat-2026-god-mode-infinite-resources-night-horde-domination-stable-after-april-22-hotfix,,2026-04-30
https://itch.io/blog/1503888/nte-neverness-to-everness-explorers-edition-free,,2026-04-30
https://blackgirl821.itch.io/cart30/devlog/1503889/valorant-esp-2026-full-enemy-wallhack-ability-reveal-info-overlay-post-hotfix-compatible-,,2026-04-30
https://themaxditmosephad.itch.io/mrrip92/devlog/1503890/the-spotter-dig-or-die-mod-menu-2026-real-time-resource-god-editor-night-wave-mastery-full-tech-tree-control,,2026-04-30
https://leo416.itch.io/dragon8/devlog/1503891/the-witcher-3-wild-hunt-trainer-2026-unlimited-health-money-skill-points-post-hotfix-compatible-safe-in-single-player-new-game,,2026-04-30
https://itch.io/blog/1503892/nte-neverness-to-everness-action-combat-edition-free-2026,,2026-04-30
https://leo416.itch.io/dragon8/devlog/1503893/tom-clancys-rainbow-six-siege-cheats-2026-undetected-aimbot-full-esp-operator-god-mode,,2026-04-30
https://blackgirl821.itch.io/cart30/devlog/1503894/valorant-radar-hack-2026-full-minimap-reveal-enemy-tracking-rotation-esp-stable-april-29-2026-post-hotfix-compatible-,,2026-04-30
https://itch.io/blog/1503895/-nte-neverness-to-everness-complete-story-edition,,2026-04-30
https://ghost37jasper.itch.io/sexyboy/devlog/1503896/world-of-tanks-wallhack-2026-full-enemy-esp-weak-spot-reveal-minimap-radar-post-hotfix-ready-,,2026-04-30
https://themaxditmosephad.itch.io/mrrip92/devlog/1503897/the-spotter-dig-or-die-trainer-2026-god-mode-infinite-resources-night-defense-mastery-stable-after-april-22-hotfix,,2026-04-30
https://leo416.itch.io/dragon8/devlog/1503898/valorant-aim-assist-2026-smart-aim-recoil-control-triggerbot-post-hotfix-ready-practice-range-custom-games-deathmatch,,2026-04-30
https://blackgirl821.itch.io/cart30/devlog/1503899/valorant-skin-changer-2026-unlock-all-skins-chromas-animations-vanguard-safe-in-practice-range-custom-games-full-cosmetic-freedom,,2026-04-30
https://themaxditmosephad.itch.io/mrrip92/devlog/1503900/the-witcher-3-wild-hunt-cheat-menu-2026-in-game-esp-god-mode-instant-builds,,2026-04-30
https://leo416.itch.io/dragon8/devlog/1503901/valorant-aimbot-2026-smooth-silent-aim-recoil-control-triggerbot-stable-april-29-2026-vanguard-optimized-,,2026-04-30
https://ghost37jasper.itch.io/sexyboy/devlog/1503902/-cheat-menu-2026-in-game-esp-auto-riichi-jade-freedom,,2026-04-30
https://itch.io/blog/1503903/mistfall-hunter-complete-game-free-download,,2026-04-30
https://blackgirl821.itch.io/cart30/devlog/1503904/world-of-tanks-aimbot-2026-smooth-auto-aim-recoil-control-penetration-assist-stable-april-27-2026-post-hotfix-ready-,,2026-04-30
https://jackchancer.itch.io/idlepunk/devlog/1503905/update-0401-plan-advancement,,2026-04-30
https://wideeyedpope.itch.io/the-house-on-cherry-lane-chapter-1/devlog/1503906/ver223,,2026-04-30
https://ghost37jasper.itch.io/sexyboy/devlog/1503907/-trainer-2026-unlimited-jade-auto-riichi-point-multiplier-post-hotfix-compatible-safe-in-private-rooms-practice-modes,,2026-04-30
https://utas-shemek-tschirch.itch.io/109-wet-it-be-game-prototype-02/devlog/1503908/small-sample-from-l4-the-cave,,2026-04-30
https://itch.io/blog/1503909/mistfall-hunter-co-op-multiplayer-edition-free-download-2026,,2026-04-30
https://itch.io/blog/1503911/mistfall-hunter-tactical-combat-edition-all-weapons-unlocked-2026-,,2026-04-30
https://migidi.itch.io/sideris/devlog/1503912/sideris,,2026-04-30
https://candy64.itch.io/adventure-in-the-crypt-talp-2026/devlog/1503913/adventure-in-the-crypt-hard-version,,2026-04-30
https://monsterjunkee.itch.io/phantasmagoric-record-the-first-file/devlog/1503914/11-updates,,2026-04-30
https://itch.io/blog/1503915/-mistfall-hunter-performance-optimized-edition-free-2026-,,2026-04-30
https://naughtyskunk.itch.io/the-way-love-goes/devlog/1503916/the-way-love-goes-chapter-32-released,,2026-04-30
https://wafflestoo.itch.io/max/devlog/1503917/max-setting,,2026-04-30
https://lumpytelevision.itch.io/larry/devlog/1503918/grammar,,2026-04-30
https://wideeyedpope.itch.io/red-storm/devlog/1503919/teaser-images-release,,2026-04-30
https://doaproduction.itch.io/erlik-the-ninth-branch/devlog/1503922/erlik-the-ninth-branch,,2026-04-30
https://fusyon.itch.io/tinymund/devlog/1503923/alpha-222-hotfix,,2026-04-30
https://rysaea.itch.io/griseus/devlog/1503924/chapter-4-teaser,,2026-04-30
https://unrealbyte.itch.io/permaban/devlog/1503925/steam-page-is-live-and-a-quick-recap-of-where-permaban-stands,,2026-04-30
https://huza1994.itch.io/exponential-hero/devlog/1503926/v1018-save-audio-setting,,2026-04-30
https://ironhide1975.itch.io/school-quest/devlog/1503927/version-2-is-here,,2026-04-30
https://rob771.itch.io/loz-another-adventure/devlog/1503928/24,,2026-04-30
https://dashoe1.itch.io/jack-of-all-cars/devlog/1503931/updated-demo-available,,2026-04-30
https://lifebrew.itch.io/lifebrew/devlog/1503932/v030-added-due-date-edit,,2026-04-30
https://utas-shemek-tschirch.itch.io/109-wet-it-bee-devlog/devlog/1503933/graphics-level-connections,,2026-04-30
https://utas-shemek-tschirch.itch.io/109-wet-it-bee-devlog/devlog/1503934/small-sample-from-l4-the-cave,,2026-04-30
https://itch.io/blog/1503935/aphelion-complete-game-free-download-2026,,2026-04-30
https://itch.io/blog/1503936/-aphelion-full-free-version-story-rich-exploration,,2026-04-30
https://itch.io/blog/1503937/aphelion-cracked-version-full-game-unlocked,,2026-04-30
https://itch.io/blog/1503938/-aphelion-download-torrent-performance-optimized-2026-,,2026-04-30
https://fingertease.itch.io/typecrush/devlog/1503940/vote-for-the-next-girl-coming-on-typecrush,,2026-04-30
https://nbrsgames.itch.io/underthedesk/devlog/1503941/-under-the-desk-06-exclusive-build-for-paid-members,,2026-04-30
https://huza1994.itch.io/exponential-hero/devlog/1503942/v1019-track-inactive-tab-as-playtime-text-update,,2026-04-30
https://kshk.itch.io/under-the-desk-day-1-web/devlog/1503943/-under-the-desk-06-exclusive-build-for-paid-members,,2026-04-30
https://alexpoopy1.itch.io/procedural-plot-kit/devlog/1503944/procedural-plot-kit-drag-n-drop,,2026-04-30
https://itch.io/blog/1503945/what-a-cute-picture-3,,2026-04-30
https://jean-heon.itch.io/fayro-kampo-vr/devlog/1503946/version-5210-released,,2026-04-30
https://the-b-listers.itch.io/metal-fury-duel/devlog/1503947/networking-i-sure-hope-it-is,,2026-04-30
https://heartflame359.itch.io/ut0/devlog/1503948/garrys-mod-trainer-2026-god-mode-infinite-props-sandbox-mastery-stable-after-april-22-hotfix,,2026-04-30
https://spear2634.itch.io/d97/devlog/1503949/apex-legends-aimbot-2026-humanized-predictive-silent-aim-recoil-mastery,,2026-04-30
https://beast711.itch.io/a626/devlog/1503950/gang-of-frogs-aim-tools-2026-smart-aimbot-recoil-control-tracking,,2026-04-30
https://ditteparanoya.itch.io/okie1/devlog/1503951/conan-exiles-cheat-menu-2026-in-game-map-radar-unlimited-resources-god-mode,,2026-04-30
https://heartflame359.itch.io/ut0/devlog/1503952/garrys-mod-cheat-menu-2026-god-mode-unlimited-props-sandbox-domination,,2026-04-30
https://beast711.itch.io/a626/devlog/1503953/gang-of-frogs-cheat-2026-in-game-enemy-radar-unlimited-loot-god-mode-crew-stable-april-27-2026-early-access-ready-,,2026-04-30
https://ditteparanoya.itch.io/okie1/devlog/1503954/counter-strike-2-aim-assist-2026-smooth-silent-aim-recoil-mastery-humanized-tracking,,2026-04-30
https://spear2634.itch.io/d97/devlog/1503955/apex-legends-cheat-2026-undetected-aimbot-full-esp-legend-god-mode,,2026-04-30
https://heartflame359.itch.io/ut0/devlog/1503956/garrys-mod-free-addons-unlocker-2026-instant-workshop-access-premium-content-all-dlc-unlocked,,2026-04-30
https://gutsaproductions.itch.io/gladiator-arena-sim/devlog/1503957/alpha-v090-the-armory-ui-expansion,,2026-04-30
https://beast711.itch.io/a626/devlog/1503958/gang-of-frogs-mods-menu-2026-in-game-enemy-radar-deck-builder-god-mode-crew-early-access-optimized-reliable-in-single-player-private-co-op,,2026-04-30
https://ditteparanoya.itch.io/okie1/devlog/1503959/counter-strike-2-bots-2026-custom-bot-spawn-god-bots-advanced-training-suite,,2026-04-30
https://beast711.itch.io/a626/devlog/1503960/gang-of-frogs-trainer-2026-unlimited-loot-god-mode-crew-instant-deck-upgrades,,2026-04-30
https://heartflame359.itch.io/ut0/devlog/1503961/global-rescue-cheat-menu-2026-incident-radar-unlimited-resources-full-command-override-early-access-optimized-,,2026-04-30
https://spear2634.itch.io/d97/devlog/1503962/apex-legends-private-cheat-2026-humanized-aimbot-full-esp-legend-god-mode-stable-after-april-22-hotfix,,2026-04-30
https://ditteparanoya.itch.io/okie1/devlog/1503963/counter-strike-2-faceit-radar-tools-2026-real-time-full-map-radar-flank-alerts-enemy-tracking-stable-after-april-22-hotfix,,2026-04-30
https://mr-kirby.itch.io/fresh-start/devlog/1503964/about-v002,,2026-04-30
https://spear2634.itch.io/d97/devlog/1503965/apex-legends-skinchanger-2026-unlimited-legendary-skins-heirlooms-cosmetic-unlocker,,2026-04-30
https://dezritawre.itch.io/shadow-man-the-kitchen-flux/devlog/1503966/final-v10-enjoy-and-share,,2026-04-30
https://nadineheadshot.itch.io/akira92/devlog/1503967/hearts-of-iron-iv-trainer-2026-god-mode-armies-infinite-resources-instant-research-stable-after-april-22-hotfix,,2026-04-30
https://bluecup1243.itch.io/basementcrypt/devlog/1503968/devlog-4,,2026-04-30
https://mountainman91how.itch.io/k92/devlog/1503969/heroes-of-hammerwatch-ii-cheat-menu-2026-god-mode-infinite-gold-after-april-22-hotfix-unlimited-skill-points-relic-mastery-stable-co-op-dungeon-crawler,,2026-04-30
https://itch.io/blog/1503970/games-rebuilt-in-web,,2026-04-30
https://montdish.itch.io/ab870/devlog/1503971/sudden-strike-5-trainer-2026-unlimited-supplies-god-mode-units-instant-build,,2026-04-30
https://amazing2286.itch.io/banshee/devlog/1503972/skull-horde-cheat-menu-2026-infinite-horde-mastery-after-april-22-hotfix-god-mode-loot-esp-massive-builds-stable-april-29,,2026-04-30
https://nadineheadshot.itch.io/akira92/devlog/1503973/helldivers-2-aim-assist-2026-humanized-predictive-tracking-recoil-control-stratagem-flow,,2026-04-30
https://mountainman91how.itch.io/k92/devlog/1503974/heroes-of-hammerwatch-ii-mod-menu-2026-god-mode-relic-forge-infinite-gold-after-april-22-hotfix-full-build-editor-town-mastery-stable-co-op-pixel-mayhem,,2026-04-30
https://itch.io/blog/1503975/survivor-mercs-10-complete-game-free-download-2026,,2026-04-30
https://amazing2286.itch.io/banshee/devlog/1503976/solar-expanse-cheat-menu-2026-god-mode-colonies-infinite-resources-after-april-22-early-access-hotfix-instant-tech-full-system-control-stable-empire-builder,,2026-04-30
https://itch.io/blog/1503977/survivor-mercs-10-full-free-version-all-classes-unlocked-2026,,2026-04-30
https://nadineheadshot.itch.io/akira92/devlog/1503978/helldivers-2-cheat-menu-2026-god-mode-squad-infinite-stratagems-full-mission-control,,2026-04-30
https://montdish.itch.io/ab870/devlog/1503979/super-robot-wars-y-cheat-menu-2026-infinite-pp-god-mode-unit-editor-after-april-22-infinite-dimensions-hotfix-max-stats-stable-srw-tactics,,2026-04-30
https://mountainman91how.itch.io/k92/devlog/1503980/heroes-of-hammerwatch-ii-trainer-2026-god-mode-infinite-gold-unlimited-skill-points-stable-co-op-dungeon-runs,,2026-04-30
https://itch.io/blog/1503981/survivor-mercs-10-cracked-version-drm-free-full-game-2026,,2026-04-30
https://amazing2286.itch.io/banshee/devlog/1503982/solar-expanse-mod-menu-2026-god-mode-colonies-instant-tech-tree-after-april-22-early-access-hotfix-unlimited-resources-full-system-editor-stable-space-empire-builder,,2026-04-30
https://jay-boky.itch.io/ghost-of-the-frontier-reserve/devlog/1503983/extentions,,2026-04-30
https://nadineheadshot.itch.io/akira92/devlog/1503984/helldivers-2-esp-2026-full-enemy-vision-stratagem-radar-objective-awareness-stable-after-april-22-hotfix,,2026-04-30
https://itch.io/blog/1503985/survivor-mercs-10-download-torrent-repack-optimized,,2026-04-30
https://mountainman91how.itch.io/k92/devlog/1503986/hunt-showdown-1896-cheat-menu-2026-internal-menu-esp-aimbot-god-mode-stable-post-april-22-hotfix,,2026-04-30
https://montdish.itch.io/ab870/devlog/1503987/super-robot-wars-y-mod-menu-2026-infinite-pp-god-mode-deep-unit-editor-after-april-22-infinite-dimensions-hotfix-full-roster-unlock-assist-link-mastery-stable-srw-strategy,,2026-04-30
https://amazing2286.itch.io/banshee/devlog/1503988/solar-expanse-trainer-2026-unlimited-money-instant-research-after-april-22-early-access-hotfix-god-mode-colonies-resource-mastery-stable-space-empire-builder,,2026-04-30
https://montdish.itch.io/ab870/devlog/1503989/super-robot-wars-y-trainer-2026-infinite-pp-god-mode-full-unit-unlock-after-april-22-infinite-dimensions-hotfix-max-stats-stable-srw-tactics,,2026-04-30
https://minchindrunken2917.itch.io/an571/devlog/1503990/world-of-tanks-cheats-2026-full-esp-gold-hack-aim-tools-stable-april-29-2026-post-hotfix-ready-,,2026-04-30
https://itch.io/blog/1503991/inkonbini-one-store-many-stories-complete-game-free-download,,2026-04-30
https://minchindrunken2917.itch.io/an571/devlog/1503992/world-of-tanks-modding-tools-2026-full-skin-editor-ui-overhaul-replay-tools,,2026-04-30
https://mboffin.itch.io/lil-bitty-things/devlog/1503993/bug-fixes-new-features-and-next-features,,2026-04-30
https://syndicate98.itch.io/syns-sprite-studio/devlog/1503994/spritefeed,,2026-04-30
https://cenjiyt.itch.io/crown-chaos/devlog/1503995/version-020,,2026-04-30
https://itch.io/blog/1503996/inkonbini-one-store-many-stories-full-free-version-all-stories-unlocked,,2026-04-30
https://minchindrunken2917.itch.io/an571/devlog/1503997/world-of-tanks-replay-mods-2026-advanced-replay-analyzer-camera-tools-stats-overlays-stable-april-27-2026-post-hotfix-ready-,,2026-04-30
https://itch.io/blog/1503998/inkonbini-one-store-many-stories-cracked-version-drm-free-full-game,,2026-04-30
https://minchindrunken2917.itch.io/an571/devlog/1503999/world-of-tanks-sound-mods-2026-premium-audio-overhaul-custom-engine-sounds-voice-packs-post-hotfix-compatible-,,2026-04-30
https://itch.io/blog/1504000/inkonbini-one-store-many-stories-download-torrent-lightweight-repack,,2026-04-30
https://nexus-interactive-games.itch.io/chronicles-zero/devlog/1504001/alpha-update-merchant-restock-quality-of-life-fixes,,2026-04-30
https://djraptor.itch.io/edm-lover-3/devlog/1504002/-edm-lover-version-60-is-out-now-,,2026-04-30
https://celestewish.itch.io/gamma-guardian-alpha-demo/devlog/1504003/beta-12,,2026-04-30
https://byronbulb.itch.io/bandestar/devlog/1504004/033,,2026-04-30
https://gate.itch.io/derelict-star/devlog/1504005/update-v1080,,2026-04-30
https://grens067.itch.io/for-the-favor-of-the-goddess/devlog/1504006/errors-in-the-game,,2026-04-30
https://notzavier888.itch.io/finish-the-job-with-mobile-support/devlog/1504007/game-mobile-fixed,,2026-04-30
https://nazmussadiq.itch.io/palashi-sword-and-betrayal/devlog/1504008/problems-we-faced-during-developing-palashi-sword-and-betrayal,,2026-04-30
https://cscc-game-projects.itch.io/2026sp-aida-nowe-the-arc-of-history/devlog/1504010/week-13-more-improvements,,2026-04-30
https://celestewish.itch.io/gamma-guardian-alpha-demo/devlog/1504011/improving-accessibility-stretch-goals,,2026-04-30
https://yfsyfs2001.itch.io/battle-time/devlog/1504012/post,,2026-04-30
https://lilpro783gmailcom.itch.io/3d-road-crosser-/devlog/1504013/3d-road-crosser,,2026-04-30
https://skrazilla.itch.io/h3xatr0n/devlog/1504014/first-post,,2026-04-30
https://celestewish.itch.io/fishgame/devlog/1504016/fishgame-beta-10,,2026-04-30
https://alexander12356.itch.io/under-the-desk/devlog/1504017/-under-the-desk-06-exclusive-build-for-paid-members,,2026-04-30
https://mcpato.itch.io/cursed-parish-psx-environment/devlog/1504018/cursed-parish-psx-environment,,2026-04-30
https://serysstudio.itch.io/deadwalk-survival/devlog/1504019/-deadwalk-survival-v151-update-worker-system-expanded-,,2026-04-30
https://migidi.itch.io/sideris/devlog/1504020/sideris,,2026-04-30
https://turtleburgle.itch.io/a-cold-place/devlog/1504021/a-cold-place-pre-alpha-v-01,,2026-04-30
https://inmento.itch.io/my-first-idle-game/devlog/1504022/114,,2026-04-30
https://ai-sd.itch.io/sex-dolls/devlog/1504023/version-030-meet-katia,,2026-04-30
https://fiver-156.itch.io/donogan-light-preview/devlog/1504024/bloom,,2026-04-30
https://grifth.itch.io/test/devlog/1504027/modification-of-pokemon-interfaces,,2026-04-30
https://frosted-pixel.itch.io/bleakreach/devlog/1504028/combat-feel-and-finding-the-look,,2026-04-30
https://sundercroft.itch.io/envoy-the-kings-gambit/devlog/1504029/envoy-v04-the-map-and-the-mantle,,2026-04-30
https://freeeazy.itch.io/gravi-sling-3d/devlog/1504030/titlescreen-90,,2026-04-30
https://smile-hero.itch.io/tizzza/devlog/1504031/3-this-project-is-still-alive,,2026-04-30
https://conviction-srpg.itch.io/rmmz-chimakitilesway/devlog/1504035/update-20260429-,,2026-04-30
https://pots-and-pans.itch.io/ziusudras-last-stand/devlog/1504037/hotfix-i-overview-of-changes,,2026-04-30
https://rawspagh3tt.itch.io/creature-collector-command/devlog/1504038/updated-staff-and-upgrade-feedback-and-backend,,2026-04-30
https://55games.itch.io/arthur-cumalot/devlog/1504039/arthur-cumalot,,2026-04-30
https://evildojo.itch.io/projectrpg/devlog/1504040/v0088,,2026-04-30
https://ethanthegrand.itch.io/the-powder-box-pc-edition/devlog/1504041/v001-savingloading,,2026-04-30
https://thomy-project.itch.io/pokmon-version-wood/devlog/1504042/test,,2026-04-30
https://son-ofhiro.itch.io/native-heroes/devlog/1504043/native-heroes-items-durability,,2026-04-30
https://fogbank-labs.itch.io/compound-09/devlog/1504044/compound-09-anomaly-horror-game-launch,,2026-04-30
https://braydenzw.itch.io/the-last-waltz/devlog/1504045/day-1-patch,,2026-04-30
https://dlxsoft.itch.io/candy-powder-cafe/devlog/1504047/full-version-release-date-upcoming-dlc,,2026-04-30
https://silvermedal.itch.io/case-cryosleep-killer/devlog/1504048/a-new-project,,2026-04-30
https://concluse-dev.itch.io/busy-boy-fan-game/devlog/1504049/more-performance-updates,,2026-04-30
https://littlepim.itch.io/hex-a-wing/devlog/1504050/hex-a-wing-v021-update,,2026-04-30
https://gypso.itch.io/voidhawk/devlog/1504051/v15,,2026-04-30
https://mokaaja.itch.io/prism-deck-survival/devlog/1504052/steam-page-available,,2026-04-30
https://fletchpike.itch.io/live-tracks/devlog/1504053/live-tracks-update-v130,,2026-04-30
https://psychoflux.itch.io/low-level-hunters/devlog/1504054/low-level-hunters-development-news-5-world-renovation,,2026-04-30
https://x86paul.itch.io/dont-block-me/devlog/1504055/launch-of-dont-block-me,,2026-04-30
https://arquete.itch.io/bullet-time/devlog/1504056/new-mechanics,,2026-04-30
https://cursorist.itch.io/wayward-samaritan/devlog/1504057/devlog-042026,,2026-04-30
https://doricdream.itch.io/dungeon-gals/devlog/1504058/v103-update,,2026-04-30
https://itch.io/blog/1504059/idle-devils-ultimate-edition-complete-game-free-download-2026,,2026-04-30
https://itch.io/blog/1504060/idle-devils-ultimate-edition-full-free-version-all-demons-unlocked,,2026-04-30
https://light-candle.itch.io/rainbow-dice/devlog/1504061/minor-bug-fix-429,,2026-04-30
https://itch.io/blog/1504062/-idle-devils-ultimate-edition-cracked-version-infinite-resources-2026,,2026-04-30
https://itch.io/blog/1504063/-idle-devils-ultimate-edition-download-torrent-ultra-lightweight,,2026-04-30
https://the-raccoon-cave.itch.io/an-untitled-arqueology-game/devlog/1504064/realese-version-10,,2026-04-30
https://furia-divina.itch.io/project-neon-light-children/devlog/1504065/lifebar-portraits,,2026-04-30
https://munchmo.itch.io/xenodochium/devlog/1504067/npcs-updated-definition,,2026-04-30
https://weird420xl.itch.io/fluttershy-is-in-pregnants/devlog/1504069/i-really-need-support-but-wont-get-it,,2026-04-30
https://rir-ie.itch.io/eclectic-deck/devlog/1504070/may-first,,2026-04-30
https://imaginationarcade.itch.io/deadweightrpg/devlog/1504071/core-book-tweaks,,2026-04-30
https://itch.io/blog/1504072/-gambonanza-complete-game-free-download-2026,,2026-04-30
https://warped-games.itch.io/warped-universe/devlog/1504073/monthly-development-update-march-2026,,2026-04-30
https://cass-bay-games.itch.io/below-deckrss/devlog/1504074/demo-launch-next-week-april-2026,,2026-04-30
https://itch.io/blog/1504075/-gambonanza-full-free-version-unlimited-credits-all-games-unlocked-2026-,,2026-04-30
https://itch.io/blog/1504076/gambonanza-cracked-version-no-drm-infinite-chips-2026,,2026-04-30
https://huza1994.itch.io/exponential-hero/devlog/1504077/v1020-add-raid-interaction-with-active-skills,,2026-04-30
https://itch.io/blog/1504078/-gambonanza-download-torrent-ultra-light-repack-2026-,,2026-04-30
https://syllphana.itch.io/sdl/devlog/1504079/an-update-and-a-resolve,,2026-04-30
https://itch.io/blog/1504080/motorslice-complete-game-free-download-2026,,2026-04-30
https://itch.io/blog/1504081/motorslice-full-free-version-all-vehicles-parts-unlocked-2026,,2026-04-30
https://iv-orbit.itch.io/validation/devlog/1504082/sistemas-de-audio-narrativa-y-gestin-de-recursos,,2026-04-30
https://itch.io/blog/1504083/download-motorslice-cracked-version-no-drm,,2026-04-30
https://itch.io/blog/1504084/motorslice-download-torrent-fast-repack-2026,,2026-04-30
https://thestardog.itch.io/soda-soloists-demo/devlog/1504085/good-marketing,,2026-04-30
https://venrose-games.itch.io/seas-of-temptation/devlog/1504086/episode-3-v11-early-access-now-available,,2026-04-30
https://ugonomamenoko.itch.io/magareyo/devlog/1504087/the-mystery-of-the-crazygames-rejection,,2026-04-30
https://itch.io/blog/1504088/cyberpunk-2077-phantom-liberty-2023-torrent-download,,2026-04-30
https://itch.io/blog/1504089/baldurs-gate-3-2023-repack-download-updated,,2026-04-30
https://itch.io/blog/1504090/dispatch-2025-no-install,,2026-04-30
https://itch.io/blog/1504091/red-dead-redemption-portable-download-2024-updated,,2026-04-30
https://samuelknowsbest.itch.io/clix-the-traffix/devlog/1504092/cttv3,,2026-04-30
https://itch.io/blog/1504093/atomic-heart-2023-pc-download-multiplayer,,2026-04-30
https://itch.io/blog/1504094/battlefield-v-direct-download-2018,,2026-04-30
https://itch.io/blog/1504095/silent-hill-2-2024-repack-download,,2026-04-30
https://itch.io/blog/1504096/escape-the-backrooms-2025-repack-download,,2026-04-30
https://itch.io/blog/1504097/inzoi-2025-full-version-download,,2026-04-30
https://itch.io/blog/1504098/stellar-blade-2025-torrent-download-license,,2026-04-30
https://itch.io/blog/1504099/microsoft-flight-simulator-2020-40th-anniversary-edition-2020-direct-download,,2026-04-30
https://cptember.itch.io/shields-up/devlog/1504100/storytellerauthoring-changes,,2026-04-30
https://m4rcjo-g4ming.itch.io/nightfall-chapter-one/devlog/1504101/introducing-nightfall,,2026-04-30
https://itch.io/blog/1504102/resident-evil-3-2020-repack-download,,2026-04-30
https://itch.io/blog/1504103/tekken-8-portable-download-2024-all-dlc,,2026-04-30
https://itch.io/blog/1504105/resident-evil-village-2021-full-version-download,,2026-04-30
https://itch.io/blog/1504106/mass-effect-legendary-edition-2021-full-version-download,,2026-04-30
https://itch.io/blog/1504107/poker-night-at-the-inventory-torrent-download-2026,,2026-04-30
https://shadowzz88.itch.io/rock-clicker/devlog/1504108/creation,,2026-04-30
https://romanpenguin.itch.io/nuclear-throne-archipelago/devlog/1504109/bug-fix,,2026-04-30
https://stukuandghich.itch.io/the-forest-whisper/devlog/1504110/new-updates,,2026-04-30
https://itch.io/blog/1504111/discord-link,,2026-04-30
https://hall-ai-fbb-jp.itch.io/star-pulse/devlog/1504112/-star-pulse,,2026-04-30
https://neonvintageproductions.itch.io/road-cruiser-drive-forever-stay-alive-with-friends/devlog/1504113/005-update,,2026-04-30
https://devsangwook.itch.io/labyrinth/devlog/1504114/v0429-,,2026-04-30
https://itch.io/blog/1504115/octo-lunar-hunter-is-live-,,2026-04-30
https://bisonblackdesign.itch.io/blackest-jack/devlog/1504116/devlog-2-the-old-man-deserves-it,,2026-04-30
https://foxboxxx.itch.io/doki-doki-pokenronpa/devlog/1504123/making-the-game-downloadable,,2026-04-30
https://returnerreign.itch.io/dark-returner/devlog/1504124/boss-battle,,2026-04-30
https://nessiegames.itch.io/cold-case-demo/devlog/1504125/cold-case-demo-conclusion-case-file-3-available,,2026-04-30
https://subzero3069.itch.io/axiom-engine/devlog/1504126/what-is-axiom-engine,,2026-04-30
https://iubioiubiei.itch.io/iubioiubiei/devlog/1504127/visual-mechanical-evolution-update,,2026-04-30
https://anry88.itch.io/river-king/devlog/1504128/riverking-040,,2026-04-30
https://itch.io/blog/1504129/apex-esp-wallhack-ultimate-radar-visuals-free-download,,2026-04-30
https://h4baner0.itch.io/mantis3dm3d-rpg-maker-mz-3d-integration/devlog/1504131/update-122,,2026-04-30
https://domegeekart.itch.io/dragonmaids-color-code/devlog/1504132/game-this-mouth,,2026-04-30
https://arfalex.itch.io/bencana/devlog/1504133/devlog-1-starting-up-from-not-so-scratch,,2026-04-30
https://rhealv.itch.io/comasinfection/devlog/1504134/05-bugs-fix,,2026-04-30
https://comshadow.itch.io/space-station-interior/devlog/1504135/rpgmaker-mvmz-updated,,2026-04-30
https://cscc-game-projects.itch.io/2026sp-cozy-night-shift/devlog/1504136/week-13-devlog,,2026-04-30
https://ravenholm-car.itch.io/mishuzoologistavatar/devlog/1504137/changelog-12,,2026-04-30
https://sir-nuckarilious.itch.io/chicken-on-the-loose/devlog/1504139/spriting-and-implementations,,2026-04-30
https://itch.io/blog/1504140/grand-theft-auto-san-andreas-the-definitive-edition-2023-direct-download-gog,,2026-04-30
https://itch.io/blog/1504141/the-elder-scrolls-iv-oblivion-remastered-2025-portable-download-multiplayer,,2026-04-30
https://itch.io/blog/1504142/download-mafia-definitive-edition-2020-pc,,2026-04-30
https://itch.io/blog/1504143/djmax-respect-v-2020-portable-download-license,,2026-04-30
https://itch.io/blog/1504144/date-everything-direct-download-2025,,2026-04-30
https://elvunen23.itch.io/fantasy-game/devlog/1504145/version-013,,2026-04-30
https://itch.io/blog/1504146/like-a-dragon-infinite-wealth-2024-pc-download-steam,,2026-04-30
https://mickeyfan254.itch.io/testing-project/devlog/1504147/this-game-is-finally-fucking-out,,2026-04-30
https://itch.io/blog/1504148/echoes-of-aincrad-2026-torrent-download,,2026-04-30
https://itch.io/blog/1504149/heros-adventure-road-to-passion-2023-torrent-download-license,,2026-04-30
https://itch.io/blog/1504150/needy-streamer-overload-cracked-download-2022,,2026-04-30
https://itch.io/blog/1504151/devour-2021-direct-download,,2026-04-30
https://itch.io/blog/1504152/download-mafia-ii-definitive-edition-2020-direct,,2026-04-30
https://itch.io/blog/1504153/disco-elysium-the-final-cut-2019-pc-download,,2026-04-30
https://fataltomb.itch.io/fatal-tomb/devlog/1504154/fatal-tomb-website-is-now-live,,2026-04-30
https://itch.io/blog/1504155/download-fatal-fury-city-of-the-wolves-2026-cracked,,2026-04-30
https://itch.io/blog/1504156/assassins-creed-origins-2017-cracked-download,,2026-04-30
https://itch.io/blog/1504157/download-house-party-2022-repack,,2026-04-30
https://itch.io/blog/1504158/devil-may-cry-5-2019-cracked-download,,2026-04-30
https://itch.io/blog/1504159/the-quarry-2022-pc-download,,2026-04-30
https://mamonbshqairat.itch.io/fantasy-medieval-weapons-old-low-poly-collection/devlog/1504160/fantasy-medieval-weapons-swords-for-lowpoly-pack-for-unity-3d,,2026-04-30
https://mamonbshqairat.itch.io/weapons-and-guns-low-poly-collection/devlog/1504161/-weapons-and-guns-pack-unity-3d-pistol-shotgun-machinegun-rifle-plasma-rocketlauncher-bazuka-chaingun-sawnoff-granades-uzi-sniper-pack,,2026-04-30
https://itch.io/blog/1504162/download-the-elder-scrolls-v-skyrim-anniversary-upgrade-2021-pc,,2026-04-30
https://mamonbshqairat.itch.io/100-potions-prefabs-unity-collection/devlog/1504163/-100-models-potions-prefabs-pack-for-unity-magic-potion-blender-3d,,2026-04-30
https://mamonbshqairat.itch.io/anatomy-medical-human-organs-blood-system-unity5/devlog/1504164/-anatomy-medical-human-organs-blood-system-pack-for-unity-3d,,2026-04-30
https://mamonbshqairat.itch.io/anatomy-medical-human-skeleton-bones/devlog/1504165/-anatomy-skeleton-and-bones-pack-for-unity-3d,,2026-04-30
https://mamonbshqairat.itch.io/flags-prefabs-pack-animated-cloth-flags-for-unity/devlog/1504166/-flags-models-animated-cloth-pack-unity-3d-falg,,2026-04-30
https://itch.io/blog/1504167/bayonetta-2017-direct-download,,2026-04-30
https://mamonbshqairat.itch.io/complete-low-poly-furniture-pack-collection/devlog/1504168/furniture-models-low-poly-home-interior-pack-unity-3d,,2026-04-30
https://mamonbshqairat.itch.io/doors-systems-pack-unity3d/devlog/1504169/doors-systems-prefabs-pack-for-unity-3d-door-gate-portal,,2026-04-30
https://mamonbshqairat.itch.io/swords-and-fantasy-medieval-weapons-unity3d/devlog/1504170/175-prefab-of-swords-bludgeon-shield-spear-dagger-bludgeon-axe-bow-mace-hammer-archery-arrow-club-fantasy-medieval-weapons-pack-of-unity,,2026-04-30
https://itch.io/blog/1504171/download-code-vein-ii-2026-pc,,2026-04-30
https://itch.io/blog/1504172/horizon-forbidden-west-complete-edition-2024-torrent-download,,2026-04-30
https://itch.io/blog/1504173/high-on-life-2022-pc-download,,2026-04-30
https://itch.io/blog/1504174/the-sims-4-cats-dogs-portable-download-2017,,2026-04-30
https://itch.io/blog/1504175/muse-dash-pc-download-2019-all-dlc,,2026-04-30
https://itch.io/blog/1504176/scorn-2022-full-version-download,,2026-04-30
https://itch.io/blog/1504177/the-sims-4-seasons-portable-download-2018-multiplayer,,2026-04-30
https://itch.io/blog/1504178/download-miside-2024-pc,,2026-04-30
https://itch.io/blog/1504179/far-cry-primal-portable-download-2016,,2026-04-30
https://itch.io/blog/1504180/call-of-duty-black-ops-cold-war-2023-portable-download,,2026-04-30
https://itch.io/blog/1504181/mortal-kombat-11-2019-full-version-download-multiplayer,,2026-04-30
https://binbun3d.itch.io/effects-collection-vol1/devlog/1504182/update-ultimate-toon-shader-improvements,,2026-04-30
https://itch.io/blog/1504183/ai-limit-2025-torrent-download,,2026-04-30
https://manikiran949.itch.io/orbit-sling/devlog/1504184/powering-up-the-cosmos,,2026-04-30
https://itch.io/blog/1504185/life-is-strange-remastered-2022-no-install,,2026-04-30
https://itch.io/blog/1504186/vampyr-2018-repack-download-multiplayer,,2026-04-30
https://itch.io/blog/1504187/the-saboteur-2024-cracked-download,,2026-04-30
https://itch.io/blog/1504188/tales-of-arise-2023-cracked-download,,2026-04-30
https://itch.io/blog/1504189/dread-trials-2026-pc-download-all-dlc,,2026-04-30
https://itch.io/blog/1504190/raging-loop-2017-direct-download,,2026-04-30
https://brockolantern.itch.io/5th-grade-simulator/devlog/1504191/-5th-grade-simulator-recent-update-devlog,,2026-04-30
https://itch.io/blog/1504192/back-to-the-dawn-pc-download-2025,,2026-04-30
https://itch.io/blog/1504193/dragon-age-ii-ultimate-edition-full-version-download-2011,,2026-04-30
https://jogu74.itch.io/sr-playlist-forge/devlog/1504194/sr-playlist-forge-22-update,,2026-04-30
https://recuerdosolvidados.itch.io/eljuego/devlog/1504195/errores-detectados,,2026-04-30
https://itch.io/blog/1504196/fatesamurai-remnant-cracked-download-2023,,2026-04-30
https://itch.io/blog/1504197/demonic-mahjong-full-version-download-2025,,2026-04-30
https://itch.io/blog/1504198/living-with-sister-monochrome-fantasy-2024-portable-download-updated,,2026-04-30
https://itch.io/blog/1504199/dracu-riot-2026-full-version-download-gog,,2026-04-30
https://itch.io/blog/1504200/fairy-tail-2020-repack-download,,2026-04-30
https://itch.io/blog/1504202/dawn-break-2026-portable-download,,2026-04-30
https://itch.io/blog/1504203/download-rusty-lake-paradise-2018-full-version,,2026-04-30
https://itch.io/blog/1504204/sword-and-fairy-7-2021-pc-download-multiplayer,,2026-04-30
https://itch.io/blog/1504205/download-gundam-breaker-4-2024-direct,,2026-04-30
https://itch.io/blog/1504206/download-knowledge-or-know-lady-2024-repack,,2026-04-30
https://itch.io/blog/1504207/like-a-dragon-ishin-2023-torrent-download-license,,2026-04-30
https://itch.io/blog/1504208/warriors-orochi-4-2018-cracked-download-steam,,2026-04-30
https://itch.io/blog/1504209/steinsgate-0-2018-direct-download,,2026-04-30
https://itch.io/blog/1504210/wonderful-everyday-down-the-rabbit-hole-cracked-download-2017,,2026-04-30
https://darot-games.itch.io/the-lust-tavern/devlog/1504211/the-orc-bouncer-has-her-illustration-update,,2026-04-30
https://itch.io/blog/1504212/rezero-starting-life-in-another-world-the-prophecy-of-the-throne-2021-full-version,,2026-04-30
https://itch.io/blog/1504213/download-ninja-gaiden-2-ninja-gaiden-master-collection-2021-direct,,2026-04-30
https://itch.io/blog/1504214/download-the-witcher-3-wild-hunt-blood-and-wine-2016-direct,,2026-04-30
https://itch.io/blog/1504215/catherine-classic-2019-pc-download-updated,,2026-04-30
https://itch.io/blog/1504216/wicked-seed-2026-full-version-download,,2026-04-30
https://itch.io/blog/1504217/download-sani-yangs-laboratory-2025-direct,,2026-04-30
https://itch.io/blog/1504218/download-greedfall-2019-repack,,2026-04-30
https://itch.io/blog/1504219/legend-of-mortal-2024-portable-download,,2026-04-30
https://itch.io/blog/1504220/yakuza-6-the-song-of-life-2021-free-download-all-dlc,,2026-04-30
https://itch.io/blog/1504221/download-magical-girl-celesphonia-2022-free,,2026-04-30
https://itch.io/blog/1504222/quick-release-date,,2026-04-30
https://itch.io/blog/1504223/download-dream-of-corpse-lady-2026-torrent,,2026-04-30
https://itch.io/blog/1504224/succubus-2021-free-download-updated,,2026-04-30
https://itch.io/blog/1504225/summer-memories-expansion-dlc-2021-full-version-download-steam,,2026-04-30
https://itch.io/blog/1504226/download-the-dungeon-of-naheulbeuk-the-amulet-of-chaos-2020-cracked,,2026-04-30
https://phandalin-games.itch.io/1/devlog/1504227/added-weapon-mastery,,2026-04-30
https://itch.io/blog/1504228/amnesia-memories-cracked-download-2015,,2026-04-30
https://itch.io/blog/1504229/roommates-romance-and-ringing-hearts-2026-full-version-download-gog,,2026-04-30
https://itch.io/blog/1504230/-apex-esp-wallhack-lightweight-insane-fps-free-download,,2026-04-30
https://itch.io/blog/1504231/fpv-kamikaze-drone-2023-repack-download,,2026-04-30
https://itch.io/blog/1504232/taiwan-love-story-2024-free-download,,2026-04-30
https://alfredncy.itch.io/serenitrove/devlog/1504233/v117-minor-update,,2026-04-30
https://natthrafn.itch.io/breknbubble/devlog/1504234/new-mac-and-pc-version-now-available,,2026-04-30
https://itch.io/blog/1504235/star-witch-2026-torrent-download,,2026-04-30
https://itch.io/blog/1504237/download-nekopara-vol-1-2014-free,,2026-04-30
https://itch.io/blog/1504238/heros-adventure-her-vanishing-silhouette-cracked-download-2024,,2026-04-30
https://itch.io/blog/1504239/the-medium-direct-download-2021-gog,,2026-04-30
https://itch.io/blog/1504240/sickly-days-and-summer-traces-2025-no-install-license,,2026-04-30
https://itch.io/blog/1504241/gal-guardians-servants-of-the-dark-2025-pc-download,,2026-04-30
https://laaaaaaaaake1.itch.io/quiet-blue-and-falling/devlog/1504242/update-1-names,,2026-04-30
https://itch.io/blog/1504243/apex-esp-wallhack-kernel-driver-fully-undetected-download-2026,,2026-04-30
https://itch.io/blog/1504244/killer7-2018-full-version-download,,2026-04-30
https://itch.io/blog/1504245/apex-legends-hack-esp-aimbot-radar-all-in-one-free-download-2026,,2026-04-30
https://itch.io/blog/1504246/god-eater-3-2019-repack-download,,2026-04-30
https://itch.io/blog/1504247/apex-esp-loot-radar-no-aimbot-safer-than-ever-free-download-2026,,2026-04-30
https://itch.io/blog/1504248/-torrent-download-2025-gog,,2026-04-30
https://protagonist-games.itch.io/blokwarz/devlog/1504249/substantial-re-write,,2026-04-30
https://itch.io/blog/1504250/chaoshead-noah-2022-cracked-download-steam,,2026-04-30
https://winterdreamgamescreator.itch.io/rpg-maker-mz-plugin-questlog/devlog/1504251/questlog-v24-quality-of-life-system-upgrade,,2026-04-30
https://itch.io/blog/1504253/witch-of-eclipse-direct-download-2025-all-dlc,,2026-04-30
https://southwindstudio.itch.io/farmchef/devlog/1504254/farm-chef-is-available-now,,2026-04-30
https://itch.io/blog/1504255/blazblue-centralfiction-2017-pc-download-multiplayer,,2026-04-30
https://itch.io/blog/1504256/pathfinder-kingmaker-enhanced-plus-edition-2018-no-install,,2026-04-30
https://itch.io/blog/1504257/-apex-esp-streamer-mode-hide-from-obs-free-download-2026,,2026-04-30
https://itch.io/blog/1504258/musynx-2018-free-download,,2026-04-30
https://itch.io/blog/1504259/download-changed-2018-pc,,2026-04-30
https://itch.io/blog/1504260/samabakescramble-free-download-2025,,2026-04-30
https://lu-ciel.itch.io/ultimate-shift-controller/devlog/1504261/ultimate-shift-controller-v247,,2026-04-30
https://itch.io/blog/1504262/-apex-esp-for-beginners-easy-setup-safe-free-download-2026,,2026-04-30
https://itch.io/blog/1504263/natsu-no-sagashimono-what-we-found-that-summer-2024-no-install-license,,2026-04-30
https://itch.io/blog/1504264/-apex-predator-esp-advanced-aimbot-configs-free-download-2026,,2026-04-30
https://itch.io/blog/1504265/sweet-home-2025-direct-download,,2026-04-30
https://itch.io/blog/1504266/-free-apex-esp-vs-paid-cheats-same-features-0-download-2026,,2026-04-30
https://itch.io/blog/1504267/rebooted-fate-2026-full-version-download,,2026-04-30
https://itch.io/blog/1504268/-apex-esp-for-laptops-low-end-pcs-60-fps-guaranteed-free-2026,,2026-04-30
https://itch.io/blog/1504269/apex-team-esp-see-allies-enemies-ping-system-free,,2026-04-30
https://itch.io/blog/1504270/download-deathloop-2021-no-install,,2026-04-30
https://itch.io/blog/1504271/apex-esp-config-cloud-500-community-presets-free-download,,2026-04-30
https://itch.io/blog/1504272/nekopara-after-2025-portable-download,,2026-04-30
https://itch.io/blog/1504273/apex-esp-anti-ban-mode-safe-playbook-free-download,,2026-04-30
https://infinitydoom.itch.io/monster-layer-supporter-edition/devlog/1504274/sylvia-crown-update,,2026-04-30
https://itch.io/blog/1504275/senran-kagura-burst-renewal-2019-portable-download,,2026-04-30
https://itch.io/blog/1504276/internet-cafe-simulator-2-2022-pc-download,,2026-04-30
https://itch.io/blog/1504277/neptunia-sisters-vs-sisters-2023-full-version-download,,2026-04-30
https://itch.io/blog/1504278/star-ocean-the-divine-force-2022-portable-download-license,,2026-04-30
https://infinitydoom.itch.io/monster-layer/devlog/1504279/snekfucker-update,,2026-04-30
https://itch.io/blog/1504280/download-kingdom-come-deliverance-band-of-bastards-2019-full-version,,2026-04-30
https://itch.io/blog/1504281/download-heros-adventure-the-great-conquest-2024-direct,,2026-04-30
https://itch.io/blog/1504282/hush-hush-only-your-love-can-save-them-2023-free-download,,2026-04-30
https://itch.io/blog/1504283/sonicomi-cracked-download-2016,,2026-04-30
https://itch.io/blog/1504284/fantasista-asuka-2026-pc-download,,2026-04-30
https://itch.io/blog/1504285/makinglovers-first-blush-2026-full-version-download,,2026-04-30
https://itch.io/blog/1504286/download-bloody-spell-2022-full-version,,2026-04-30
https://itch.io/blog/1504287/riddle-joker-no-install-2020-gog,,2026-04-30
https://itch.io/blog/1504288/bright-memory-infinite-2021-repack-download,,2026-04-30
https://itch.io/blog/1504289/-portable-download-2026,,2026-04-30
https://itch.io/blog/1504290/kingdom-come-deliverance-the-amorous-adventures-of-bold-sir-hans-capon-2018-cracked-down,,2026-04-30
https://itch.io/blog/1504291/download-hamidashi-creative-2022-repack,,2026-04-30
https://exotic-rat-studios.itch.io/murder-at-the-clocktower/devlog/1504292/murder-at-the-clocktower-gold-master-out-now,,2026-04-30
https://slav911.itch.io/match-of-madness/devlog/1504293/our-first-demo-is-live-match-3-meets-tower-defense-and-battleship,,2026-04-30
https://itch.io/blog/1504294/the-witcher-3-wild-hunt-hearts-of-stone-2015-cracked-download,,2026-04-30
https://itch.io/blog/1504295/arena-of-sacrifice-2026-pc-download,,2026-04-30
https://itch.io/blog/1504296/heroines-through-my-lens-2025-portable-download,,2026-04-30
https://wichmann.itch.io/plinkbo/devlog/1504297/03-preview,,2026-04-30
https://itch.io/blog/1504298/download-171-2022-pc,,2026-04-30
https://itch.io/blog/1504299/love-love-mystery-club-2026-cracked-download,,2026-04-30
https://itch.io/blog/1504300/outlast-whistleblower-dlc-2014-full-version-download,,2026-04-30
https://itch.io/blog/1504302/scars-of-summer-after-full-version-download-2025-multiplayer,,2026-04-30
https://itch.io/blog/1504303/heros-adventure-canvas-of-heroes-cracked-download-2024,,2026-04-30
https://itch.io/blog/1504304/download-enishia-and-the-binding-brand-2024-torrent,,2026-04-30
https://itch.io/blog/1504305/download-lovejuiced-hi-neighbor-meet-gamer-2026-direct,,2026-04-30
https://itch.io/blog/1504306/fallout-4-vr-2017-pc-download,,2026-04-30
https://furia-divina.itch.io/project-neon-light-children/devlog/1504307/cpu-fix,,2026-04-30
https://itch.io/blog/1504308/download-lunar-eclipse-2025-cracked,,2026-04-30
https://itch.io/blog/1504309/senran-kagura-peach-beach-splash-2018-no-install,,2026-04-30
https://itch.io/blog/1504310/download-heartbeat-in-thailand-2025-torrent,,2026-04-30
https://itch.io/blog/1504311/sacred-2-remaster-free-download-2025-steam,,2026-04-30
https://itch.io/blog/1504312/megadimension-neptunia-vii-pc-download-2016-multiplayer,,2026-04-30
https://itch.io/blog/1504313/download-2022-torrent,,2026-04-30
https://itch.io/blog/1504314/download-dynasty-warriors-9-empires-2021-repack,,2026-04-30
https://itch.io/blog/1504315/ghost-watchers-2025-repack-download,,2026-04-30
https://itch.io/blog/1504317/island-notes-torrent-download-2025-gog,,2026-04-30
https://itch.io/blog/1504318/dreamlike-love-with-seira-2024-cracked-download,,2026-04-30
https://itch.io/blog/1504319/exposed-livestream-2025-direct-download,,2026-04-30
https://itch.io/blog/1504320/cyberdimension-neptunia-4-goddesses-online-2018-portable-download-license,,2026-04-30
https://itch.io/blog/1504321/onee-chanbara-origin-2020-repack-download-steam,,2026-04-30
https://itch.io/blog/1504322/nekopara-vol-4-2020-full-version-download-license,,2026-04-30
https://itch.io/blog/1504323/haven-2020-no-install-all-dlc,,2026-04-30
https://voltclash.itch.io/sonotone/devlog/1504324/new-mode-for-winner,,2026-04-30
https://itch.io/blog/1504325/-2025-free-download-all-dlc,,2026-04-30
https://itch.io/blog/1504326/livestream-2-escape-from-togaezuka-happy-place-cracked-download-2023-steam,,2026-04-30
https://itch.io/blog/1504327/beta-kafe-write-your-love-story-repack-download-2026-updated,,2026-04-30
https://itch.io/blog/1504328/futamata-renai-two-times-the-trouble-2025-repack-download-gog,,2026-04-30
https://itch.io/blog/1504329/paper-dolls-2-2020-full-version-download-multiplayer,,2026-04-30
https://itch.io/blog/1504330/lunar-mirrorthe-pavilion-of-desire-2023-free-download,,2026-04-30
https://itch.io/blog/1504331/tekken-8-miary-zo-2025-repack-download,,2026-04-30
https://pixela7e.itch.io/paracausal-technologies-institution/devlog/1504332/update-027-item-changes,,2026-04-30
https://pidrakakagold.itch.io/omega3/devlog/1504333/second-end,,2026-04-30
https://lesbiangames.itch.io/the-checkmate-girls/devlog/1504334/4-chapter-2-is-in-the-works,,2026-04-30
https://raviool.itch.io/ile-set-generator-instant-auto-tiles-816243248-system/devlog/1504335/initial-release-tile-set-tester-tool,,2026-04-30
https://fernsugi.itch.io/month-cycle-table/devlog/1504336/major-ui-update,,2026-04-30
https://untold3.itch.io/wolf-hunter/devlog/1504337/wolf-hunter-game-from-gamejam,,2026-04-30
https://feendrache.itch.io/manaseed-character-animator-for-godot/devlog/1504338/update-to-110,,2026-04-30
https://cristian-caputo.itch.io/ball-jump/devlog/1504339/linea-dei-regali,,2026-04-30
https://supremesussy15.itch.io/hassys-hotel/devlog/1504340/upd-4,,2026-04-30
https://oddwarg.itch.io/distributrains/devlog/1504341/train-temperaments,,2026-04-30
https://iggi97.itch.io/pocket-incoming-rpg/devlog/1504342/bug-fix-v334,,2026-04-30
https://foxbywhitepuppy.itch.io/the-very-silly-adventures-of-sir-carrot/devlog/1504343/the-beginning-le-commencement,,2026-04-30
https://mmgamess.itch.io/extreme-reversi-27/devlog/1504344/extreme-reversi-27-release,,2026-04-30
https://jt-eagle.itch.io/fengshua-farm-story-lite/devlog/1504345/new-version-will-be-upcoming-in-may,,2026-04-30
https://ohminen.itch.io/grease-monkey-in-space/devlog/1504347/070,,2026-04-30
https://snowbat.itch.io/krisper-the-impostor/devlog/1504348/v1133-bug-fix-and-new-ambient-sounds,,2026-04-30
https://kubota-productions.itch.io/sns/devlog/1504349/sns-20-public-beta-test,,2026-04-30
https://sos.itch.io/lazy-kickers/devlog/1504350/lazy-kickers-demo-v03-update,,2026-04-30
https://magnuszane.itch.io/horderazer/devlog/1504351/a-long-roadand-new-buildingsprops,,2026-04-30
https://maciaz.itch.io/29-stylized-city-backgrounds/devlog/1504352/29-nordic-city-pixel-art-backgrounds-now-on-itch,,2026-04-30
https://rekmodus.itch.io/a-zombie-game/devlog/1504353/tiny-mobile-support-update,,2026-04-30
https://maciaz.itch.io/29-nature-themed-realistic-oil-painted-backgrounds/devlog/1504354/29-pixel-art-nature-backgrounds-now-on-itch,,2026-04-30
https://cpiyaphum.itch.io/random-artwork-go-fighty/devlog/1504355/making-this-post-to-reward-myself,,2026-04-30
https://ardorlyceum.itch.io/bios/devlog/1504356/log-update-audio-layer-sync-frequency-verification,,2026-04-30
https://noppy-x.itch.io/nox/devlog/1504357/built-nox-in-a-week-for-elevenhacks-6,,2026-04-30
https://fidocats.itch.io/pmg/devlog/1504358/beta-12,,2026-04-30
https://zelgas.itch.io/janwar/devlog/1504359/janwar-update-visual-overhaul-enemy-journal-balance-changes-qol-improvements,,2026-04-30
https://brlmeftl.itch.io/doom-maze-the-hunt-28-animaze-supported/devlog/1504360/priv-server-coming-soon,,2026-04-30
https://widijou.itch.io/thumps-and-blows/devlog/1504361/public-demo-available,,2026-04-30
https://thecreative8.itch.io/tic-tac-master/devlog/1504362/release,,2026-04-30
https://marojagames.itch.io/donut-clicker/devlog/1504364/10,,2026-04-30
https://pinkedandowned.itch.io/pinked-and-owned/devlog/1504366/v025-release,,2026-04-30
https://darthlocius.itch.io/block-zero/devlog/1504367/first-major-update-,,2026-04-30
https://poltergasm.itch.io/draw-n-plunder/devlog/1504368/hello-golf,,2026-04-30
https://watashiwadesu.itch.io/immortals-and-heroes/devlog/1504369/core-refactor-and-disconnect,,2026-04-30
https://haroldo-ok.itch.io/pocket-platformer-sms/devlog/1504370/v005-implement-red-and-blue-blocks-as-well-as-the-redblue-switch,,2026-04-30
https://itch.io/blog/1504371/make-me-a-game-i-like-horror-most,,2026-04-30
https://janosbiro.itch.io/fully-automated-space-capitalism/devlog/1504372/the-dialectical-refactor-bugfixes,,2026-04-30
https://mrmop44.itch.io/twilight-haven/devlog/1504373/big-storyline-progression-update,,2026-04-30
https://nixtrixj2.itch.io/fateofdawn/devlog/1504374/new-blocks-and-furniture,,2026-04-30
https://vladimir-shangeev.itch.io/7dtd-owl-hard-mod/devlog/1504375/7-day-to-die-owl-hard-mod-v-122-for-26,,2026-04-30
https://codeofdusk.itch.io/ntr-series/devlog/1504377/public-release-version-100-is-now-available,,2026-04-30
https://oz97.itch.io/idle-junkyard-empire/devlog/1504379/big-update-workers-wow-and-less-buttons-,,2026-04-30
https://yaxworks.itch.io/pixel-orbit/devlog/1504380/pixel-orbit-overload-prestige-system,,2026-04-30
https://bu30808.itch.io/project-sjhg/devlog/1504381/dev-notes-april-2829,,2026-04-30
https://vrvervss.itch.io/gamer/devlog/1504382/my-best-deal-game-v455,,2026-04-30
https://vrvervss.itch.io/gamer/devlog/1504383/resort-of-temptation-game-v020,,2026-04-30
https://vrvervss.itch.io/gamer/devlog/1504384/young-again-game-s2-ch11-public,,2026-04-30
https://karmadreamer.itch.io/level-bound/devlog/1504385/dev-update-4,,2026-04-30
https://vrvervss.itch.io/gamer/devlog/1504386/lust-and-power-game-v076-regular,,2026-04-30
https://allen-rodger.itch.io/beyond-the-forest/devlog/1504387/devlog-01-what-ive-done-so-far,,2026-04-30
https://matteomarelli.itch.io/final-year-project/devlog/1504388/blog-8-the-last-implementation,,2026-04-30
https://barely-stable-games.itch.io/pulbere/devlog/1504389/pulbere-enters-v10,,2026-04-30
https://icebox-interactive.itch.io/inkognito/devlog/1504390/11a,,2026-04-30
https://alhajdeveloper.itch.io/moviewebsitess/devlog/1504391/best-movies-app,,2026-04-30
https://alexkingy.itch.io/spellsword/devlog/1504392/major-update-6-quality-of-life,,2026-04-30
https://auratan.itch.io/retro-danmaku-tamahime/devlog/1504393/zero-to-bullet-hell-7-why-is-the-pilot-a-cute-girl-a-serious-answer,,2026-04-30
https://aaronaway256.itch.io/enlisted/devlog/1504394/etri-testing-round-2-24042026,,2026-04-30
https://indie-vine-studio.itch.io/jungle-escape/devlog/1504395/major-update-in-jungle-escape,,2026-04-30
https://janosbiro.itch.io/capitalismo-espacial-totalmente-automatizado/devlog/1504396/correes,,2026-04-30
https://fucu99.itch.io/aparylis-demo/devlog/1504397/cursor-issue-solved,,2026-04-30
https://lymphocyte.itch.io/skyfall/devlog/1504398/v4-after-feedback,,2026-04-30
https://xphilq.itch.io/here-alone/devlog/1504399/v03,,2026-04-30
https://ajunkalagames.itch.io/dungeon-craver/devlog/1504400/an-icon,,2026-04-30
https://xentorstudio.itch.io/yokozuna/devlog/1504401/intgration-ennemis,,2026-04-30
https://b34stk1ng.itch.io/sokoban-game-1/devlog/1504403/new-version-21,,2026-04-30
https://atomicrealm.itch.io/industrial-characters-space/devlog/1504404/space-robots-characters,,2026-04-30
https://zhang-yilin.itch.io/zhang-yilins-project/devlog/1504406/week-6-twine,,2026-04-30
https://lyeeedar.itch.io/ascend-from-nine-mountains/devlog/1504407/version-0653,,2026-04-30
https://sucrosie.itch.io/mazin-hamsters-rewritten/devlog/1504408/hamlet-challenges-v080,,2026-04-30
https://fucu99.itch.io/aparylis/devlog/1504409/the-demo-has-arrived-on-game-jolt,,2026-04-30
https://vortexvisualxtreme.itch.io/thegoblinraid/devlog/1504410/version-14-the-true-boss-goblin,,2026-04-30
https://reathearchmage.itch.io/outnowbyrea/devlog/1504411/known-bugs-and-stuff,,2026-04-30
https://exoplanet-dev-00001.itch.io/watching-the-dark-skies-above/devlog/1504412/mini-upd,,2026-04-30
https://djedi-knight.itch.io/hollow-castle/devlog/1504414/hollow-castle-v071-pogo-hops-button-mash-combat-and-custom-keys,,2026-04-30
https://brainzy.itch.io/godot-rankdrop-leaderboards-in-60-seconds-no-monthly-costs-and-own-your-data/devlog/1504416/godot-rankdrop-leaderboards-in-60-seconds-no-monthly-costs-and-own-your-data,,2026-04-30
https://ale-11011.itch.io/bunker-7/devlog/1504417/added-macos-and-linux,,2026-04-30
https://passghost.itch.io/iggmmorpg/devlog/1504419/zero-punctuation,,2026-04-30
https://alexchmilar.itch.io/zirka-dominium/devlog/1504420/alpha-20-update-stock-market-and-multiplayer-improvements,,2026-04-30
https://pure-angst-vn-studio.itch.io/wrong-side-of-mars/devlog/1504421/chapter-4-is-scheduled-to-be-released-on-8th-of-may,,2026-04-30
https://gooselevram.itch.io/returner-child-of-ash/devlog/1504422/update-0-returner-a-metroidvania-where-you-possess-enemies,,2026-04-30
https://orama-interactive.itch.io/pixelorama/devlog/1504423/pixelorama-v1110-is-out-v12-enters-its-beta-stage,,2026-04-30
https://forbiddenlemon.itch.io/outer-shoal/devlog/1504424/outer-shoal-011,,2026-04-30
https://brodyaga1griefer.itch.io/m109/devlog/1504425/battlefield-6-esp-ultime-2026-vision-totale-wallhack-infos-ennemis-aprs-hotfix-22-avril-stable-en-conqute-128-joueurs,,2026-04-30
https://iwanticanreberry69.itch.io/smailik/devlog/1504426/ea-sports-fc-26-cheat-menu-ultime-2026-options-illimites-dition-avance-contrle-total-aprs-mise-jour-23-avril-stable-en-offline,,2026-04-30
https://brodyaga1griefer.itch.io/m109/devlog/1504427/call-of-duty-black-ops-6-aimbot-prcision-2026-vise-humanise-silent-aim-aprs-hotfix-24-avril-stable-en-warzone-ranked,,2026-04-30
https://wayne1049.itch.io/spear92/devlog/1504428/gta-v-cheat-menu-ultime-2026-god-mode-recovery-spawn-avancs-aprs-mise-jour-avril-2026-stable-en-online-fivem,,2026-04-30
https://iwanticanreberry69.itch.io/smailik/devlog/1504429/ea-sports-fc-26-mod-menu-ultime-2026-menu-complet-dition-joueurs-contrle-match-aprs-mise-jour-24-avril-stable-discret,,2026-04-30
https://brodyaga1griefer.itch.io/m109/devlog/1504430/call-of-duty-black-ops-6-aim-assist-lite-2026-vise-assiste-humanise-silent-aim-aprs-hotfix-22-avril-stable-en-multi-warzone,,2026-04-30
https://iwanticanreberry69.itch.io/smailik/devlog/1504431/ea-sports-fc-26-trainer-ultime-2026-boosts-illimits-jeu-parfait-modes-offline-aprs-mise-jour-22-avril-stable-undetected,,2026-04-30
https://wayne1049.itch.io/spear92/devlog/1504432/gta-v-mod-menu-ultime-2026-god-mode-money-drop-options-online-aprs-mise-jour-avril-2026-stable-discret,,2026-04-30
https://brodyaga1griefer.itch.io/m109/devlog/1504433/call-of-duty-black-ops-6-cheat-hack-ultime-2026-aimbot-esp-god-mode-aprs-hotfix-23-avril-stable-en-multiplayer-warzone,,2026-04-30
https://iwanticanreberry69.itch.io/smailik/devlog/1504434/fivem-mod-menu-ultime-2026-god-mode-esp-recovery-serveur-aprs-mises-jour-avril-2026-stable-sur-la-majorit-des-serveurs-rp,,2026-04-30
https://wayne1049.itch.io/spear92/devlog/1504435/call-of-duty-black-ops-6-aimbot-prcision-2026-vise-humanise-silent-aim-aprs-hotfix-24-avril-stable-en-warzone-ranked,,2026-04-30
https://radcodex.itch.io/swatch-squares/devlog/1504436/new-levels-small-changes-hints-and-future-plans,,2026-04-30
https://pomchan.itch.io/fry-ja-carimo/devlog/1504437/-,,2026-04-30
https://leifenberg.itch.io/shoot-for-the-stars-journey-home/devlog/1504438/release-notes-v2523,,2026-04-30
https://lunardust.itch.io/chomp-garden/devlog/1504439/v070-major-update,,2026-04-30
https://scottander.itch.io/eternal-troops/devlog/1504440/steam-page,,2026-04-30
https://lusdraz.itch.io/mystic-lust/devlog/1504441/mystic-lust-072-early-access-6-new-animations-new-world-map-with-more-fast-travel-options,,2026-04-30
https://pink-gum.itch.io/animeverse-island/devlog/1504442/animeverse-island-v09,,2026-04-30
https://nexus-interactive-games.itch.io/chronicles-zero/devlog/1504443/hotfix-combat-damage-restored-dynamic-skills,,2026-04-30
https://egoglitch.itch.io/syuuakenokimiha-try/devlog/1504444/devlog-brush-up-for-the-full-release-and-scenario-volume,,2026-04-30
https://zonein-games.itch.io/kaelith-and-lycan/devlog/1504445/level-5-is-addet-to-the-demo,,2026-04-30
https://trisutridi.itch.io/ella-metahuman-ai/devlog/1504447/update-58,,2026-04-30
https://prikarin.itch.io/killer-trait/devlog/1504448/a-10-cm-oz-plushie-is-now-available,,2026-04-30
https://aaronaway256.itch.io/enlisted/devlog/1504449/etri-devlog-16-overall-expansion,,2026-04-30
https://letomnadache118.itch.io/rinder4/devlog/1504450/assassins-creed-shadows-cheat-menu-ultime-2026-contrle-total-god-mode-exploration-libre-aprs-mise-jour-26-avril-stable-en-single-player,,2026-04-30
https://doomcliffiron.itch.io/ks801/devlog/1504451/fortnite-aim-assist-ultra-2026-prcision-chirurgicale-aprs-hotfix-22-avril-stable-optimis-pour-le-mta-actuel,,2026-04-30
https://iiiiinkink.itch.io/pip-is-me/devlog/1504452/i-added-cherry-blossom-rain-to-my-desktop-idle-game-made-in-godot-,,2026-04-30
https://letomnadache118.itch.io/rinder4/devlog/1504453/assassins-creed-shadows-trainer-ultime-2026-sant-infinie-stealth-god-mode-progression-acclre-aprs-mise-jour-28-avril-stable-sans-dtection,,2026-04-30
https://doomcliffiron.itch.io/ks801/devlog/1504454/fortnite-aimbot-precision-2026-vise-automatique-intelligente-humanise-aprs-hotfix-27-avril-stable-en-ranked,,2026-04-30
https://letomnadache118.itch.io/rinder4/devlog/1504455/battlefield-6-aimbot-prcision-2026-vise-humanise-silent-aim-aprs-hotfix-avril-stable-en-conqute-128-joueurs,,2026-04-30
https://doomcliffiron.itch.io/ks801/devlog/1504457/fortnite-macros-pro-2026-dition-construction-ultra-rapide-aprs-hotfix-22-avril-stable-en-ranked-creative,,2026-04-30
https://letomnadache118.itch.io/rinder4/devlog/1504458/battlefield-6-cheats-ultime-2026-aimbot-prcis-esp-god-mode-vhicules-aprs-hotfix-25-avril-stable-discret-en-conqute,,2026-04-30
https://moaaztamer.itch.io/gravity-leap/devlog/1504459/super-dangerous-platformer,,2026-04-30
https://simply-wrong.itch.io/under-the-iris/devlog/1504460/under-the-iris-april-2026-update,,2026-04-30
https://doomcliffiron.itch.io/ks801/devlog/1504461/fortnite-skin-changer-lite-2026-dblocage-complet-skins-cosmetics-aprs-hotfix-22-avril-ultra-discret-mise-jour-instantane,,2026-04-30
https://ankuladin.itch.io/ld59/devlog/1504462/post-jam-polish-pass-ui-smoother-lightingaudio,,2026-04-30
https://ingatkodingstudio.itch.io/efer-sprite/devlog/1504463/020,,2026-04-30
https://akmal-hie.itch.io/titan-tower/devlog/1504464/update-022,,2026-04-30
https://evermore0.itch.io/skyros-isles/devlog/1504465/skyros-isles-maturing,,2026-04-30
https://distilledproductions.itch.io/zombie-elevator/devlog/1504469/soundtrack-release,,2026-04-30
https://latenightstudios.itch.io/happy-endings/devlog/1504470/whats-coming-next,,2026-04-30
https://dogandemir.itch.io/the-botanist/devlog/153630/devlog-1,,2026-04-30
https://matt-san.itch.io/loosy-tire/devlog/179076/build-de-pc-aadida,,2026-04-30
https://matt-san.itch.io/loosy-tire/devlog/179113/scripts-gamejam-online2020,,2026-04-30
https://hidden1te.itch.io/airwaves/devlog/180648/airwaves-cheat-sheet-available,,2026-04-30
https://hidden1te.itch.io/days-dark/devlog/185687/days-dark-a-hand-drawn-walk-sim-is-published,,2026-04-30
https://superduperhyper.itch.io/fanmade-amongo-us-clausured/devlog/208453/im-not-wonna-work-on-the-game-any-more,,2026-04-30
https://hidden1te.itch.io/aog/devlog/211291/asteroid-orchard-grievances-published,,2026-04-30
https://lxqy.itch.io/coffeeman/devlog/297807/coffeman-update,,2026-04-30
https://hidden1te.itch.io/aog/devlog/303490/aog-windows-fix,,2026-04-30
https://hidden1te.itch.io/days-dark/devlog/305546/days-dark-high-refresh-rate-monitor-update,,2026-04-30
https://hidden1te.itch.io/vcafjfgt/devlog/307735/very-cool-awesome-fruit-jello-fork-game-thing-released,,2026-04-30
https://hidden1te.itch.io/vcafjfgt/devlog/307740/very-cool-awesome-fruit-jello-fork-game-thing-webgl-working,,2026-04-30
https://hidden1te.itch.io/moma/devlog/327286/museum-of-mediocre-appropriations-released,,2026-04-30
https://hidden1te.itch.io/press-w-to-move-forward/devlog/352274/press-w-to-move-forward,,2026-04-30
https://hidden1te.itch.io/marinated-guide-to-game-making/devlog/360875/marinated-guide-to-game-making-learn-essential-game-design-skills-now,,2026-04-30
https://hidden1te.itch.io/aog/devlog/364207/asteroid-orchard-grievances-webgl-update,,2026-04-30
https://hidden1te.itch.io/days-dark/devlog/364209/days-dark-webgl-update,,2026-04-30
https://epicdevr.itch.io/gorg-the-game/devlog/386355/-2-levels-patch-demo,,2026-04-30
https://enochia.itch.io/phantasma/devlog/397263/prologue-published,,2026-04-30
https://enochia.itch.io/phantasma/devlog/402823/chapter-1-update,,2026-04-30
https://epicdevr.itch.io/gorg-the-game/devlog/426660/bug-fixes-demo,,2026-04-30
https://neophitebyte.itch.io/the-heat-seek-sun/devlog/430837/dev-found-back-on-track,,2026-04-30
https://epicdevr.itch.io/gorg-the-game/devlog/439234/release-v10,,2026-04-30
https://k3an1107.itch.io/bluemist/devlog/440571/another-blue-mist-jumpscare-no-download,,2026-04-30
https://hidden1te.itch.io/juvenoia/devlog/449088/juvenoia-a-visual-poem-collage,,2026-04-30
https://hidden1te.itch.io/pong-for-one/devlog/456204/pong-for-one,,2026-04-30
https://objrand.itch.io/floppa/devlog/458520/im-still-working-on-it-,,2026-04-30
https://mtcteam.itch.io/bsamt-beta/devlog/482235/basic-school-and-mister-three-is-here,,2026-04-30
https://mtcteam.itch.io/bsamt-beta/devlog/484623/bsamt-version-20221120-updated,,2026-04-30
https://mtcteam.itch.io/bsamt-beta/devlog/484630/bsamt-version-20230112-updated,,2026-04-30
https://epicdevr.itch.io/gorg-the-game/devlog/486990/bug-fixes-nerfs-v101,,2026-04-30
https://itch.io/c/6973/lilis-collection,,2026-04-30
https://itch.io/c/204512/jessmess92s-collection,,2026-04-30
https://itch.io/c/375520/nich123s-collection,,2026-04-30
https://itch.io/c/3390058/games,,2026-04-30
https://itch.io/c/3404969/theanchents-collection,,2026-04-30
https://itch.io/c/3410868/robi13s-collection,,2026-04-30
https://itch.io/c/3415926/yea,,2026-04-30
https://itch.io/c/3424561/itchio-wishlist,,2026-04-30
https://itch.io/c/3463012/skydrouss-collection,,2026-04-30
https://itch.io/c/3469925/pc-games,,2026-04-30
https://itch.io/c/3472535/check-out-2,,2026-04-30
https://itch.io/c/3475473/happy-bananas-collection,,2026-04-30
https://itch.io/c/3492178/rebel311s-collection,,2026-04-30
https://itch.io/c/3557212/chalkoutlines-collection,,2026-04-30
https://itch.io/c/3565479/favoritos,,2026-04-30
https://itch.io/c/3571347/flynnvvs-collection,,2026-04-30
https://itch.io/c/3603954/thebagelboii69s-collection,,2026-04-30
https://itch.io/c/3605599/my-old-games,,2026-04-30
https://itch.io/c/3624247/games-i-was-on-the-development-team-of,,2026-04-30
https://itch.io/c/3636805/6,,2026-04-30
https://itch.io/c/3637429/1,,2026-04-30
https://itch.io/c/3639788/marcelbernardis-collection,,2026-04-30
https://itch.io/c/3665653/7,,2026-04-30
https://itch.io/c/3724661/snakecakes-collection,,2026-04-30
https://itch.io/c/3730601/shesthevillains-collection,,2026-04-30
https://itch.io/c/3733322/whwfs-collection,,2026-04-30
https://itch.io/c/3752584/retired-1,,2026-04-30
https://itch.io/c/3775202/horror-games-review,,2026-04-30
https://itch.io/c/3784468/kiinng2013s-collection,,2026-04-30
https://itch.io/c/3788363/proyects-i-loved,,2026-04-30
https://itch.io/c/3888756/edaneves-collection,,2026-04-30
https://itch.io/c/3911937/vegan,,2026-04-30
https://itch.io/c/3913658/miloutchkas-collection,,2026-04-30
https://itch.io/c/3923737/wishlist,,2026-04-30
https://itch.io/c/3997147/baremetalalchemists-collection,,2026-04-30
https://itch.io/c/4014806/thirenoos-collection,,2026-04-30
https://itch.io/c/4023524/stuff,,2026-04-30
https://itch.io/c/4067174/jadepeis-collection,,2026-04-30
https://itch.io/c/4097611/rhyzpers-collection,,2026-04-30
https://itch.io/c/4184404/deadabandoned-,,2026-04-30
https://itch.io/c/4196063/edyamrs-collection,,2026-04-30
https://itch.io/c/4228590/oops-all-fuzz-really-good-fvns,,2026-04-30
https://itch.io/c/4229941/games-im-crazy-about,,2026-04-30
https://itch.io/c/4243098/armi0s-collection,,2026-04-30
https://itch.io/c/4243208/clica-e-puzzle,,2026-04-30
https://itch.io/c/4249912/litiiams-collection,,2026-04-30
https://itch.io/c/4307213/try-this,,2026-04-30
https://itch.io/c/4319543/game-dev-resources,,2026-04-30
https://itch.io/c/4329942/game-to-play-later,,2026-04-30
https://itch.io/c/4334363/3,,2026-04-30
https://itch.io/c/4334415/5,,2026-04-30
https://itch.io/c/4338360/game-jams,,2026-04-30
https://itch.io/c/4351655/1303000s-collection,,2026-04-30
https://itch.io/c/4360976/vn-assets,,2026-04-30
https://itch.io/c/4374781/psx,,2026-04-30
https://itch.io/c/4394358/mike422111s-collection,,2026-04-30
https://itch.io/c/4417595/4,,2026-04-30
https://itch.io/c/4432651/drav3n76s-collection,,2026-04-30
https://itch.io/c/4465263/zorojuro7s-collection,,2026-04-30
https://itch.io/c/4484248/dr-vermicellis-collection,,2026-04-30
https://itch.io/c/4493604/enjoyable-games,,2026-04-30
https://itch.io/c/4501739/codenamess-collection,,2026-04-30
https://itch.io/c/4502799/gavazzis-collection,,2026-04-30
https://itch.io/c/4534428/codenamess-collection,,2026-04-30
https://itch.io/c/4552835/2,,2026-04-30
https://itch.io/c/4556673/brent129s-collection,,2026-04-30
https://itch.io/c/4557088/neoonyxs-collection,,2026-04-30
https://itch.io/c/4570596/games,,2026-04-30
https://itch.io/c/4579439/fhfjddcjs-collection,,2026-04-30
https://itch.io/c/4647711/olulu0611s-collection,,2026-04-30
https://itch.io/c/4660289/ququ45s-collection,,2026-04-30
https://itch.io/c/4691548/keemsamas-collection,,2026-04-30
https://itch.io/c/4718503/gdtormans-collection,,2026-04-30
https://itch.io/c/4739910/wanna-play-one-day,,2026-04-30
https://itch.io/c/4740466/you-should-play-these-highly-reccomended,,2026-04-30
https://itch.io/c/4753603/desktop-only-games,,2026-04-30
https://itch.io/c/4755098/shuakeyaois-collection,,2026-04-30
https://itch.io/c/4764588/bara,,2026-04-30
https://itch.io/c/4770750/chloe-xofans-collection,,2026-04-30
https://itch.io/c/4776407/recueils-de-scnarios-6,,2026-04-30
https://itch.io/c/4782840/ber3baras-collection,,2026-04-30
https://itch.io/c/4841095/icy-guidances-collection,,2026-04-30
https://itch.io/c/4851202/yeahahahahahahaa,,2026-04-30
https://itch.io/c/4857303/platformers,,2026-04-30
https://itch.io/c/4860284/games,,2026-04-30
https://itch.io/c/4862129/jagd-katzes-collection,,2026-04-30
https://itch.io/c/4898482/barongkantos-collection,,2026-04-30
https://itch.io/c/4911825/aesthetic-games,,2026-04-30
https://itch.io/c/4928191/dating-sims,,2026-04-30
https://itch.io/c/4933617/pirates,,2026-04-30
https://itch.io/c/4943547/deepcrimsns-collection,,2026-04-30
https://itch.io/c/4948067/kb,,2026-04-30
https://itch.io/c/4952541/gojan016s-collection,,2026-04-30
https://itch.io/c/4957213/mechwarrior19s-collection,,2026-04-30
https://itch.io/c/5007438/cuitecravens-collection,,2026-04-30
https://itch.io/c/5013483/jeagermungmailcoms-collection,,2026-04-30
https://itch.io/c/5018214/one-shots,,2026-04-30
https://itch.io/c/5037909/xianyyys-collection,,2026-04-30
https://itch.io/c/5040905/byegbyes-collection,,2026-04-30
https://itch.io/c/5047971/benczetomi1s-collection,,2026-04-30
https://itch.io/c/5052448/anagrammes-collection,,2026-04-30
https://itch.io/c/5059034/vyss-collection,,2026-04-30
https://itch.io/c/5064798/juegos,,2026-04-30
https://itch.io/c/5081845/marc10300s-collection,,2026-04-30
https://itch.io/c/5087985/chat-games,,2026-04-30
https://itch.io/c/5110775/random,,2026-04-30
https://itch.io/c/5144215/wishlist,,2026-04-30
https://itch.io/c/5152726/ampas169s-collection,,2026-04-30
https://itch.io/c/5163344/my-games,,2026-04-30
https://itch.io/c/5176099/wishlist,,2026-04-30
https://itch.io/c/5180378,,2026-04-30
https://itch.io/c/5217606/shana-bundle-click-here,,2026-04-30
https://itch.io/c/5238712/wormbookfrays-collection,,2026-04-30
https://itch.io/c/5251376/finished,,2026-04-30
https://itch.io/c/5270147/caesarcub-games-,,2026-04-30
https://itch.io/c/5284248/anthology,,2026-04-30
https://itch.io/c/5290532/shadowdark,,2026-04-30
https://itch.io/c/5305630/hot,,2026-04-30
https://itch.io/c/5323344/-click-me-,,2026-04-30
https://itch.io/c/5335198/the-black-hack,,2026-04-30
https://itch.io/c/5343958/backgrounds,,2026-04-30
https://itch.io/c/5382690/lunelopes-collection,,2026-04-30
https://itch.io/c/5384691/liljauwts-collection,,2026-04-30
https://itch.io/c/5396173/good-puzzle-games,,2026-04-30
https://itch.io/c/5405016/best-horror-games,,2026-04-30
https://itch.io/c/5444631/gigel901s-collection,,2026-04-30
https://itch.io/c/5446773/my-favorite-pico8s,,2026-04-30
https://itch.io/c/5446880/genre-sports,,2026-04-30
https://itch.io/c/5447621/games-that-changed-my-brain-chemistry,,2026-04-30
https://itch.io/c/5481190/mist3rfoxys-collection,,2026-04-30
https://itch.io/c/5486694/alexthesteakbois-collection,,2026-04-30
https://itch.io/c/5494962/wizineds-collection,,2026-04-30
https://itch.io/c/5506107/text-games-,,2026-04-30
https://itch.io/c/5514355,,2026-04-30
https://itch.io/c/5517912/nastyjennys-collection,,2026-04-30
https://itch.io/c/5523390/to-play,,2026-04-30
https://itch.io/c/5541450/blues,,2026-04-30
https://itch.io/c/5546233/finished-games,,2026-04-30
https://itch.io/c/5565787/waste-of-money,,2026-04-30
https://itch.io/c/5577446/cookieofkingss-collection,,2026-04-30
https://itch.io/c/5604233/ankeddeknas-collection,,2026-04-30
https://itch.io/c/5611981/simppimps-collection,,2026-04-30
https://itch.io/c/5613367/theatlas29s-collection,,2026-04-30
https://itch.io/c/5615875/exoduss-collection,,2026-04-30
https://itch.io/c/5616908/junos-games-2025,,2026-04-30
https://itch.io/c/5654180/v4mpsoultakers-collection,,2026-04-30
https://itch.io/c/5662256/inaba398s-collection,,2026-04-30
https://itch.io/c/5671476/hungryrings-collection,,2026-04-30
https://itch.io/c/5675317/finchssmuttyaccs-collection,,2026-04-30
https://itch.io/c/5676091/art-games,,2026-04-30
https://itch.io/c/5680835/hallowmosquitos-collection,,2026-04-30
https://itch.io/c/5700399/mipaangs-collection,,2026-04-30
https://itch.io/c/5713111/dating-sims,,2026-04-30
https://itch.io/c/5718519/bestosterones-collection,,2026-04-30
https://itch.io/c/5726410/software,,2026-04-30
https://itch.io/c/5730426/idk131313s-collection,,2026-04-30
https://itch.io/c/5734078/jm-arantesss-collection,,2026-04-30
https://itch.io/c/5734780/luvbatsss-collection,,2026-04-30
https://itch.io/c/5744809/illusionaryzs-collection,,2026-04-30
https://itch.io/c/5747570/saucytabs-collection,,2026-04-30
https://itch.io/c/5761502/sky-dreamss-collection,,2026-04-30
https://itch.io/c/5772489/nah-ma-own-thing,,2026-04-30
https://itch.io/c/5775457/lancer,,2026-04-30
https://itch.io/c/5788896/qcesvtguhis-collection,,2026-04-30
https://itch.io/c/5794261/to-play-later,,2026-04-30
https://itch.io/c/5799120/random,,2026-04-30
https://itch.io/c/5802732/ijohn3is-collection,,2026-04-30
https://itch.io/c/5808882/annereas-collection,,2026-04-30
https://itch.io/c/5853412/kordhelllls-collection,,2026-04-30
https://itch.io/c/5866230/mordekaiser120s-collection,,2026-04-30
https://itch.io/c/5871624/games-to-play,,2026-04-30
https://itch.io/c/5891821/made-for-jams,,2026-04-30
https://itch.io/c/5892761/following,,2026-04-30
https://itch.io/c/5895007/favorite-games,,2026-04-30
https://itch.io/c/5928227/missylov3s-collection,,2026-04-30
https://itch.io/c/5936243/asura453s-collection,,2026-04-30
https://itch.io/c/5953970/bad,,2026-04-30
https://itch.io/c/5957217/drone2335s-collection,,2026-04-30
https://itch.io/c/5958580/game-asset,,2026-04-30
https://itch.io/c/5965522/personal-collection,,2026-04-30
https://itch.io/c/5971980/1,,2026-04-30
https://itch.io/c/6019461/darkfate337s-collection,,2026-04-30
https://itch.io/c/6019730/orangecakegamess-collection,,2026-04-30
https://itch.io/c/6036139/2012728s-collection,,2026-04-30
https://itch.io/c/6059789/lovetzus-collection,,2026-04-30
https://itch.io/c/6059964/xxfurryxxs-collection,,2026-04-30
https://itch.io/c/6061208/fenrix101s-collection,,2026-04-30
https://itch.io/c/6068659/visual-novels-i-will-never-forget,,2026-04-30
https://itch.io/c/6089672/carlosc96s-collection,,2026-04-30
https://itch.io/c/6101254/will-try-later,,2026-04-30
https://itch.io/c/6101711/demos-to-check-up-on,,2026-04-30
https://itch.io/c/6102376/game-jam,,2026-04-30
https://itch.io/c/6107537/horror-games,,2026-04-30
https://itch.io/c/6118802/glaubsss-collection,,2026-04-30
https://itch.io/c/6172789/krioquixs-collection,,2026-04-30
https://itch.io/c/6176321/onigaqses-collection,,2026-04-30
https://itch.io/c/6181910/godjadars-collection,,2026-04-30
https://itch.io/c/6193018/interesantes,,2026-04-30
https://itch.io/c/6195823/queercorals-collection,,2026-04-30
https://itch.io/c/6197620/ernestovills-collection,,2026-04-30
https://itch.io/c/6203446/games-with-romance-you-may-like-,,2026-04-30
https://itch.io/c/6205043/drake42s-collection,,2026-04-30
https://itch.io/c/6217804/art-assets-of-note,,2026-04-30
https://itch.io/c/6223561/davidwdaws-collection,,2026-04-30
https://itch.io/c/6228610/brockerxs-collection,,2026-04-30
https://itch.io/c/6235971/sim,,2026-04-30
https://itch.io/c/6248918/done,,2026-04-30
https://itch.io/c/6253234/woof,,2026-04-30
https://itch.io/c/6258005/adventures,,2026-04-30
https://itch.io/c/6260269/-,,2026-04-30
https://itch.io/c/6262454/keep-eye-out-on-full-release,,2026-04-30
https://itch.io/c/6264267/emilie-sorensens-collection,,2026-04-30
https://itch.io/c/6267260/zeph0-s1s-collection,,2026-04-30
https://itch.io/c/6271318/fr1essssssssssssssssssssss-collection,,2026-04-30
https://itch.io/c/6274489/ma2as-collection,,2026-04-30
https://itch.io/c/6278824/valiant-9s-collection,,2026-04-30
https://itch.io/c/6283152/playing-soon,,2026-04-30
https://itch.io/c/6284307/lgbt,,2026-04-30
https://itch.io/c/6290890/0-dmd-0s-collection,,2026-04-30
https://itch.io/c/6297125/dasdwasd-wadsf131s-collection,,2026-04-30
https://itch.io/c/6299142/m0sspawzs-collection,,2026-04-30
https://itch.io/c/6302605/itsokey180s-collection,,2026-04-30
https://itch.io/c/6308777/3eyzs-collection,,2026-04-30
https://itch.io/c/6321902/collection,,2026-04-30
https://itch.io/c/6326257/nakisam0s-collection,,2026-04-30
https://itch.io/c/6330950/paachi8s-collection,,2026-04-30
https://itch.io/c/6339327/elitopdu3030s-collection,,2026-04-30
https://itch.io/c/6339589/caoxils-collection,,2026-04-30
https://itch.io/c/6342550/no-est,,2026-04-30
https://itch.io/c/6349531/shawnbbys-collection,,2026-04-30
https://itch.io/c/6351976/caligaris-collection,,2026-04-30
https://itch.io/c/6353020/vibes-and-aura,,2026-04-30
https://itch.io/c/6362893/ggggggggggggggus-collection,,2026-04-30
https://itch.io/c/6368361/ryan6577s-collection,,2026-04-30
https://itch.io/c/6370316/varca01s-collection,,2026-04-30
https://itch.io/c/6383437/play-again,,2026-04-30
https://itch.io/c/6385873/henry114s-collection,,2026-04-30
https://itch.io/c/6389078/mustangguys-collection,,2026-04-30
https://itch.io/c/6392365/stickygojos-collection,,2026-04-30
https://itch.io/c/6394788/ldanis-collection,,2026-04-30
https://itch.io/c/6398979/maniacneos-collection,,2026-04-30
https://itch.io/c/6401371/gabeknights-collection,,2026-04-30
https://itch.io/c/6405223/cocoworlds-collection,,2026-04-30
https://itch.io/c/6405224/cocoworlds-collection,,2026-04-30
https://itch.io/c/6406431/gta2436s-collection,,2026-04-30
https://itch.io/c/6410434/greatassets,,2026-04-30
https://itch.io/c/6410808/narrative-games,,2026-04-30
https://itch.io/c/6412648/lucieliens-collection,,2026-04-30
https://itch.io/c/6414058/to-play,,2026-04-30
https://itch.io/c/6419412/skuqis-collection,,2026-04-30
https://itch.io/c/6423890/rory11mrs-collection,,2026-04-30
https://itch.io/c/6424175/akaibarastudioss-collection,,2026-04-30
https://itch.io/c/6426438/mobile-browser-babes,,2026-04-30
https://itch.io/c/6429956/thatgreenguy99s-collection,,2026-04-30
https://itch.io/c/6432401/games,,2026-04-30
https://itch.io/c/6434686/collaborations,,2026-04-30
https://itch.io/c/6436758/kkzzzotss-collection,,2026-04-30
https://itch.io/c/6447231/kristinays-collection,,2026-04-30
https://itch.io/c/6447245/kristinays-collection,,2026-04-30
https://itch.io/c/6449894/play-later,,2026-04-30
https://itch.io/c/6450273/lucycamille7w7s-collection,,2026-04-30
https://itch.io/c/6454109/game-a-week-marco,,2026-04-30
https://itch.io/c/6455789/twistedmind77s-collection,,2026-04-30
https://itch.io/c/6457826/altaics-collection,,2026-04-30
https://itch.io/c/6461646/treeeater23456s-collection,,2026-04-30
https://itch.io/c/6463155/penguwoodganons-collection,,2026-04-30
https://itch.io/c/6465787/blazejfranklins-collection,,2026-04-30
https://itch.io/c/6465908/swag,,2026-04-30
https://itch.io/c/6467821/vo1dk1ll3r1s-collection,,2026-04-30
https://itch.io/c/6467870/rainaarpgs-collection,,2026-04-30
https://itch.io/c/6473014/goodgamestuff,,2026-04-30
https://itch.io/c/6473113/and-more-games-,,2026-04-30
https://itch.io/c/6477759/coularous-collection,,2026-04-30
https://itch.io/c/6480801/lunarumas-collection,,2026-04-30
https://itch.io/c/6489836/porngames,,2026-04-30
https://itch.io/c/6507327/mausies,,2026-04-30
https://itch.io/c/6515732/kamiaos-collection,,2026-04-30
https://itch.io/c/6522325/h-game,,2026-04-30
https://itch.io/c/6528217/datesim,,2026-04-30
https://itch.io/c/6537151/leskhins-collection,,2026-04-30
https://itch.io/c/6548330/thomson-mo5-mo6-to8,,2026-04-30
https://itch.io/c/6549797/notgiulzs-collection,,2026-04-30
https://itch.io/c/6554379/midnightwolf1512s-collection,,2026-04-30
https://itch.io/c/6554479/favs,,2026-04-30
https://itch.io/c/6554731/im-in-,,2026-04-30
https://itch.io/c/6558131/wishlist,,2026-04-30
https://itch.io/c/6558680/raykvs-collection,,2026-04-30
https://itch.io/c/6560267/is-that-you-ozo-lol-it-must-bes-collection,,2026-04-30
https://itch.io/c/6565497/korn19167394s-collection,,2026-04-30
https://itch.io/c/6570316/tis12345ttss-collection,,2026-04-30
https://itch.io/c/6570629/d3monkitsus-collection,,2026-04-30
https://itch.io/c/6571547/megxexes-collection,,2026-04-30
https://itch.io/c/6573959/-,,2026-04-30
https://itch.io/c/6577981/peeplingss-collection,,2026-04-30
https://itch.io/c/6584145/h,,2026-04-30
https://itch.io/c/6589466/play-later,,2026-04-30
https://itch.io/c/6590577/cnsu26s-collection,,2026-04-30
https://itch.io/c/6591317/thesillycreatureowos-collection,,2026-04-30
https://itch.io/c/6592931/mrs-tepess-collection,,2026-04-30
https://itch.io/c/6594200/my-game,,2026-04-30
https://itch.io/c/6594879/johnnysonnylongs-collection,,2026-04-30
https://itch.io/c/6597163/verdantmoonatmidnights-collection,,2026-04-30
https://itch.io/c/6599441/bluepens-collection,,2026-04-30
https://itch.io/c/6614634/youngmoneygangs-collection,,2026-04-30
https://itch.io/c/6615524/cain,,2026-04-30
https://itch.io/c/6621653/tj08,,2026-04-30
https://itch.io/c/6626189/farming,,2026-04-30
https://itch.io/c/6626870/myobus-collection,,2026-04-30
https://itch.io/c/6627077/brubbermans-collection,,2026-04-30
https://itch.io/c/6641002/spiritbuddys-collection-2,,2026-04-30
https://itch.io/c/6650520/fun-reading,,2026-04-30
https://itch.io/c/6654010/kittycat34enfps-collection,,2026-04-30
https://itch.io/c/6655046/icedodin1s-collection,,2026-04-30
https://itch.io/c/6656932/ebm69s-collection,,2026-04-30
https://itch.io/c/6659763/bunnygirl404s-collection,,2026-04-30
https://itch.io/c/6690442/4nub1ss-collection,,2026-04-30
https://itch.io/c/6701489/modestcthus-collection,,2026-04-30
https://itch.io/c/6704695/xwh123456s-collection,,2026-04-30
https://itch.io/c/6706153/hjkfssss-collection,,2026-04-30
https://itch.io/c/6706370/crowlens-collection,,2026-04-30
https://itch.io/c/6708515/i-love-these-games,,2026-04-30
https://itch.io/c/6715637/zore6669s-collection,,2026-04-30
https://itch.io/c/6721789/xorets-collection,,2026-04-30
https://itch.io/c/6729282/saness-009s-collection,,2026-04-30
https://itch.io/c/6731347/nsfw,,2026-04-30
https://itch.io/c/6737008/shadowdark-settings-ressources,,2026-04-30
https://itch.io/c/6741387/absolutelads-collection,,2026-04-30
https://itch.io/c/6741923/fairy-souls-collection,,2026-04-30
https://itch.io/c/6746681/thats-sus-boi,,2026-04-30
https://itch.io/c/6750521/user-19s-collection,,2026-04-30
https://itch.io/c/6753782/favourites,,2026-04-30
https://itch.io/c/6755175/bigbrainlizs-collection,,2026-04-30
https://itch.io/c/6758452/grimalkeens-collection,,2026-04-30
https://itch.io/c/6762239/dodgeus-collection,,2026-04-30
https://itch.io/c/6763410/tommycolliers-collection,,2026-04-30
https://itch.io/c/6766398/dgdevlabs-collection,,2026-04-30
https://itch.io/c/6771274/northstar-000s-collection,,2026-04-30
https://itch.io/c/6781065/rukarukias-collection,,2026-04-30
https://itch.io/c/6785072/solaria1118s-collection,,2026-04-30
https://itch.io/c/6787262/zovschigamess-collection,,2026-04-30
https://itch.io/c/6788983/wolfie-as-collection,,2026-04-30
https://itch.io/c/6790479/fe1ix60s-collection,,2026-04-30
https://itch.io/c/6803328/lolos-horror-games-2026,,2026-04-30
https://itch.io/c/6805278/ttrpg,,2026-04-30
https://itch.io/c/6805542/godkiller1s-collection,,2026-04-30
https://itch.io/c/6808102/lil-games-to-try-out,,2026-04-30
https://itch.io/c/6811730/interesting-finds,,2026-04-30
https://itch.io/c/6812021/bambybam36s-collection,,2026-04-30
https://itch.io/c/6823035/dark1nzs-collection,,2026-04-30
https://itch.io/c/6828531/want,,2026-04-30
https://itch.io/c/6835176/wlw,,2026-04-30
https://itch.io/c/6837281/ivantillys-collection,,2026-04-30
https://itch.io/c/6841917/nuikaile123s-collection,,2026-04-30
https://itch.io/c/6842119/roguelite,,2026-04-30
https://itch.io/c/6845539/westleythedreadpirates-collection,,2026-04-30
https://itch.io/c/6851354/justjess0-0s-collection,,2026-04-30
https://itch.io/c/6851957/narfi04s-collection,,2026-04-30
https://itch.io/c/6853573/games-still-in-development,,2026-04-30
https://itch.io/c/6854467/nikolaus01s-collection,,2026-04-30
https://itch.io/c/6859556/juanitoxd3s-collection,,2026-04-30
https://itch.io/c/6860175/nrohgods-collection,,2026-04-30
https://itch.io/c/6865234/k23567s-collection,,2026-04-30
https://itch.io/c/6867601/arty4s-collection,,2026-04-30
https://itch.io/c/6870013/stuff,,2026-04-30
https://itch.io/c/6871127/characters,,2026-04-30
https://itch.io/c/6871193/savorypastrys-collection,,2026-04-30
https://itch.io/c/6874865/nutnbutmangravys-collection,,2026-04-30
https://itch.io/c/6875200/games-that-stand-out,,2026-04-30
https://itch.io/c/6875713/kittareis-collection,,2026-04-30
https://itch.io/c/6876161/wishlist,,2026-04-30
https://itch.io/c/6887267/cie969s-collection,,2026-04-30
https://itch.io/c/6890636/favorites,,2026-04-30
https://itch.io/c/6891562/toffeeman85s-collection,,2026-04-30
https://itch.io/c/6892792/hh,,2026-04-30
https://itch.io/c/6894497/to-play,,2026-04-30
https://itch.io/c/6897871/vibeshifters-collection,,2026-04-30
https://itch.io/c/6898838/minigames,,2026-04-30
https://itch.io/c/6900052/interactive,,2026-04-30
https://itch.io/c/6901027/kami04s-collection,,2026-04-30
https://itch.io/c/6903006/addyroses-collection,,2026-04-30
https://itch.io/c/6904031/da,,2026-04-30
https://itch.io/c/6906725/kelseyteehees-collection,,2026-04-30
https://itch.io/c/6907082/dblackplays-collection,,2026-04-30
https://itch.io/c/6910362/timmy238s-collection,,2026-04-30
https://itch.io/c/6913439/zacbytesgames-contributions,,2026-04-30
https://itch.io/c/6920135/namiii04s-collection,,2026-04-30
https://itch.io/c/6920210/fun,,2026-04-30
https://itch.io/c/6922780/ravinolis-collection,,2026-04-30
https://itch.io/c/6926092/tqras-collection,,2026-04-30
https://itch.io/c/6927499/treeeater-23s-collection,,2026-04-30
https://itch.io/c/6929425/shadik20s-collection,,2026-04-30
https://itch.io/c/6931545/jam-games,,2026-04-30
https://itch.io/c/6931771/sheepy,,2026-04-30
https://itch.io/c/6932248/horny-3,,2026-04-30
https://itch.io/c/6939323/amiga-originals,,2026-04-30
https://itch.io/c/6944824/thenovaxs-collection,,2026-04-30
https://itch.io/c/6946276/good,,2026-04-30
https://itch.io/c/6946968/greenteeth2s-collection,,2026-04-30
https://itch.io/c/6948878/xdalexdxs-collection,,2026-04-30
https://itch.io/c/6949255/-saved-for-later-paid,,2026-04-30
https://itch.io/c/6950149/nicholas5373s-collection,,2026-04-30
https://itch.io/c/6957566/thelatexgods-collection,,2026-04-30
https://itch.io/c/6960865/random-games-ive-found-and-happen-to-like,,2026-04-30
https://itch.io/c/6964362/thepanestpansexuals-collection,,2026-04-30
https://itch.io/c/6965587/shanea7189s-collection,,2026-04-30
https://itch.io/c/6968100/joaocampos032s-collection,,2026-04-30
https://itch.io/c/6969305/super-love-2026,,2026-04-30
https://itch.io/c/6970771/dalkartass-collection,,2026-04-30
https://itch.io/c/6972136/t3ng0ku0s-collection,,2026-04-30
https://itch.io/c/6973161/ggboom123s-collection,,2026-04-30
https://itch.io/c/6974521/jogueiupdate-new,,2026-04-30
https://itch.io/c/6974868/not-on-mac,,2026-04-30
https://itch.io/c/6975296/play-on-laptop,,2026-04-30
https://itch.io/c/6980595/myuoys-collection,,2026-04-30
https://itch.io/c/6981844/drakepups-collection,,2026-04-30
https://itch.io/c/6993080/revisits,,2026-04-30
https://itch.io/c/6994218/liliz8s-collection,,2026-04-30
https://itch.io/c/6998463/kuras-collection,,2026-04-30
https://itch.io/c/7006308/visual-novels,,2026-04-30
https://itch.io/c/7006603/bloobiks-collection,,2026-04-30
https://itch.io/c/7010988/myrells-collection,,2026-04-30
https://itch.io/c/7013811/amig910s-collection,,2026-04-30
https://itch.io/c/7016938/cryptiozs-collection,,2026-04-30
https://itch.io/c/7017422/games-i-want-to-buy,,2026-04-30
https://itch.io/c/7019869/renrens-collection,,2026-04-30
https://itch.io/c/7022058/drzuess1962s-collection,,2026-04-30
https://itch.io/c/7022078/interesting,,2026-04-30
https://itch.io/c/7022227/ekodas89s-collection,,2026-04-30
https://itch.io/c/7022737/roinuggets-collection,,2026-04-30
https://itch.io/c/7023640/5,,2026-04-30
https://itch.io/c/7026665/my-lve-games,,2026-04-30
https://itch.io/c/7027477/margiuxs-collection,,2026-04-30
https://itch.io/c/7029067/lauexxos-collection,,2026-04-30
https://itch.io/c/7032045/hell1ghosts-collection,,2026-04-30
https://itch.io/c/7033236/pyroxzs-collection,,2026-04-30
https://itch.io/c/7041135/free,,2026-04-30
https://itch.io/c/7043419/itchyxs-collection-not-claimed,,2026-04-30
https://itch.io/c/7044335/dpplnoms-collection,,2026-04-30
https://itch.io/c/7044823/me11ons-collection,,2026-04-30
https://itch.io/c/7047497/isaacvoos-collection,,2026-04-30
https://itch.io/c/7047974/jackaljenkinss-collection,,2026-04-30
https://itch.io/c/7048864/zuttx12s-collection,,2026-04-30
https://itch.io/c/7049154/kaitlynmeadersyahoocoms-collection,,2026-04-30
https://itch.io/c/7052497/kaiku03s-collection,,2026-04-30
https://itch.io/c/7053501/queue,,2026-04-30
https://itch.io/c/7058984/ttrpgs,,2026-04-30
https://itch.io/c/7059942/dedelovesgamess-collection,,2026-04-30
https://itch.io/c/7063879/royal-mist102s-collection,,2026-04-30
https://itch.io/c/7066114/blackfox1200s-collection,,2026-04-30
https://itch.io/c/7068037/oluxxs-collection,,2026-04-30
https://itch.io/c/7070107/bluem7s-collection,,2026-04-30
https://itch.io/c/7074879/limes-line,,2026-04-30
https://itch.io/c/7078500/play,,2026-04-30
https://itch.io/c/7081687/crustyredbeard9s-collection,,2026-04-30
https://itch.io/c/7081924/random-games-that-look-fun,,2026-04-30
https://itch.io/c/7082759/to-play,,2026-04-30
https://itch.io/c/7083018/gelbiontes-collection,,2026-04-30
https://itch.io/c/7084600/other-miscellaneous-errors-os-games,,2026-04-30
https://itch.io/c/7084613/hacchimilcos-collection,,2026-04-30
https://itch.io/c/7086996/in-progress,,2026-04-30
https://itch.io/c/7088085/chichabbs-collection,,2026-04-30
https://itch.io/c/7088955/ziyi0103s-collection,,2026-04-30
https://itch.io/c/7089108/-voir,,2026-04-30
https://itch.io/c/7089259/low-poly-terrain,,2026-04-30
https://itch.io/c/7092205/yukari-akiyama-yts-collection,,2026-04-30
https://itch.io/c/7093923/xgames,,2026-04-30
https://itch.io/c/7094819/echterterrors-collection,,2026-04-30
https://itch.io/c/7095141/joguinhos,,2026-04-30
https://itch.io/c/7097458/georginangates-collection,,2026-04-30
https://itch.io/c/7098798/dreys-collection,,2026-04-30
https://itch.io/c/7101641/yogmays-collection,,2026-04-30
https://itch.io/c/7107776/visual-novels,,2026-04-30
https://itch.io/c/7109043/sohn93s-collection,,2026-04-30
https://itch.io/c/7109902/killa-quinns-collection,,2026-04-30
https://itch.io/c/7112010/favvv-end,,2026-04-30
https://itch.io/c/7112217/game-jams,,2026-04-30
https://itch.io/c/7113238/dexx56s-collection,,2026-04-30
https://itch.io/c/7115213/ntuts-collection,,2026-04-30
https://itch.io/c/7117321/purplss-collection,,2026-04-30
https://itch.io/c/7121101/download-games,,2026-04-30
https://itch.io/c/7123557/chunaiembogangs-collection,,2026-04-30
https://itch.io/c/7125534/drnickts-next-games,,2026-04-30
https://itch.io/c/7128074/ibvidals-collection,,2026-04-30
https://itch.io/c/7132209/dorianheffnergmailcoms-collection,,2026-04-30
https://itch.io/c/7134086/well-made-incredibox-mods,,2026-04-30
https://itch.io/c/7134553/cherrywavees-collection,,2026-04-30
https://itch.io/c/7137749/cairn,,2026-04-30
https://itch.io/c/7137868/coolsoccerballfuns-collection,,2026-04-30
https://itch.io/c/7141102/music,,2026-04-30
https://itch.io/c/7143005/could-be-good,,2026-04-30
https://itch.io/c/7143709/peace-moons-collection,,2026-04-30
https://itch.io/c/7145159/yanto-sulawesis-collection,,2026-04-30
https://itch.io/c/7150060/bunnystar647s-collection,,2026-04-30
https://itch.io/c/7150187/tianming2077s-collection,,2026-04-30
https://itch.io/c/7153052/fer-fresitas-collection,,2026-04-30
https://itch.io/c/7153149/devpatel01s-collection,,2026-04-30
https://itch.io/c/7153367/frenny2,,2026-04-30
https://itch.io/c/7154836/rucorus-collection,,2026-04-30
https://itch.io/c/7155055/n3kr0ns-collection,,2026-04-30
https://itch.io/c/7155672/vns,,2026-04-30
https://itch.io/c/7155789/naru0886sasus-collection,,2026-04-30
https://itch.io/c/7156161/elamzhahs-collection,,2026-04-30
https://itch.io/c/7156849/bloodbornepcs-collection,,2026-04-30
https://itch.io/c/7157537/jogos-de-gamejam,,2026-04-30
https://itch.io/c/7158543/deadneko-officials-collection,,2026-04-30
https://itch.io/c/7160912/koziol009s-collection,,2026-04-30
https://itch.io/c/7163967/jcsa21s-collection,,2026-04-30
https://itch.io/c/7164314/holidaynas-collection,,2026-04-30
https://itch.io/c/7164545/weirdo72s-collection,,2026-04-30
https://itch.io/c/7167462/rat1143s-collection,,2026-04-30
https://itch.io/c/7167485/2025-winter-term,,2026-04-30
https://itch.io/c/7167726/contentkhans-collection,,2026-04-30
https://itch.io/c/7169494/wish-icould,,2026-04-30
https://itch.io/c/7170642/play-w-2,,2026-04-30
https://itch.io/c/7171750/tiles,,2026-04-30
https://itch.io/c/7178154/marco-gms-collection,,2026-04-30
https://itch.io/c/7182408/jogar-mais-tarde,,2026-04-30
https://itch.io/c/7188039/onetime-13s-collection,,2026-04-30
https://itch.io/c/7189835/vr,,2026-04-30
https://itch.io/c/7192531/sachi-punpuns-collection,,2026-04-30
https://itch.io/c/7195882/vn,,2026-04-30
https://itch.io/c/7202548/shush78s-collection,,2026-04-30
https://itch.io/c/7206309/dishonoredreapers-collection,,2026-04-30
https://itch.io/c/7207803/phd-in-everythings-collection,,2026-04-30
https://itch.io/c/7209280/dolpinos-collection,,2026-04-30
https://itch.io/c/7212110/nitnuxs-collection,,2026-04-30
https://itch.io/c/7214238/sirdignxs-collection,,2026-04-30
https://itch.io/c/7216176/games,,2026-04-30
https://itch.io/c/7216729/camii-st4rs-collection,,2026-04-30
https://itch.io/c/7217312/ananpiwer31s-collection,,2026-04-30
https://itch.io/c/7220108/silent-turtle420s-collection,,2026-04-30
https://itch.io/c/7221965/username4555s-collection,,2026-04-30
https://itch.io/c/7223457/azzzyros-collection,,2026-04-30
https://itch.io/c/7225349/mems-collection,,2026-04-30
https://itch.io/c/7228137/k455s-collection,,2026-04-30
https://itch.io/c/7229004/ivyscarlets-collection,,2026-04-30
https://itch.io/c/7232467/deman20s-collection,,2026-04-30
https://itch.io/c/7233401/ifa5858s-collection,,2026-04-30
https://itch.io/c/7234991/bible-camp-victim-108s-collection,,2026-04-30
https://itch.io/c/7235312/sabastian34s-collection,,2026-04-30
https://itch.io/c/7236159/zax-10090s-collection,,2026-04-30
https://itch.io/c/7236591/itsjuliahhs-collection,,2026-04-30
https://itch.io/c/7238678/asset,,2026-04-30
https://itch.io/c/7239641/want-to-play,,2026-04-30
https://itch.io/c/7240896/future-games,,2026-04-30
https://itch.io/c/7241479/drakos-collection,,2026-04-30
https://itch.io/c/7241848/angelxoxo777s-collection,,2026-04-30
https://itch.io/c/7242052/theinkdemon-99s-collection,,2026-04-30
https://itch.io/c/7242206/ripbxs-collection,,2026-04-30
https://itch.io/c/7242531/game,,2026-04-30
https://itch.io/c/7243541/kellyshamika6gmailcoms-collection,,2026-04-30
https://itch.io/c/7243749/player56765s-collection,,2026-04-30
https://itch.io/c/7248656/hearthlight-assets,,2026-04-30
https://itch.io/c/7248722/s-collection,,2026-04-30
https://itch.io/c/7248961/play-later-3,,2026-04-30
https://itch.io/c/7249147/exodias-collection,,2026-04-30
https://itch.io/c/7249281/thegodlyducks-collection,,2026-04-30
https://itch.io/c/7249935/-,,2026-04-30
https://itch.io/c/7250171/gxp718s-collection,,2026-04-30
https://itch.io/c/7253271/yandre,,2026-04-30
https://itch.io/c/7253437/june444s-collection,,2026-04-30
https://itch.io/c/7253532/mandm112000s-collection,,2026-04-30
https://itch.io/c/7254977/demos-,,2026-04-30
https://itch.io/c/7255016/ghost-losts-collection,,2026-04-30
https://itch.io/c/7257234/km5lbs-collection,,2026-04-30
https://itch.io/c/7258224/p0811s-collection,,2026-04-30
https://itch.io/c/7259816/peng,,2026-04-30
https://itch.io/c/7260466/angel-92s-collection,,2026-04-30
https://itch.io/c/7262540/mparker71s-collection,,2026-04-30
https://itch.io/c/7264833/stuff-i-really-liked,,2026-04-30
https://itch.io/c/7265140/sad-gremlins-collection,,2026-04-30
https://itch.io/c/7265423/lunarrmoonns-collection,,2026-04-30
https://itch.io/c/7267694/wngk0807s-collection,,2026-04-30
https://itch.io/c/7267892/kawakiras-collection,,2026-04-30
https://itch.io/c/7268587/cart-crusaders-collection,,2026-04-30
https://itch.io/c/7268749/rizlacks-collection,,2026-04-30
https://itch.io/c/7271009/darknyx45s-collection,,2026-04-30
https://itch.io/c/7272764/yougocobs-collection,,2026-04-30
https://itch.io/c/7274673/seer-of-stuffs-collection,,2026-04-30
https://itch.io/c/7275933/markirians-collection,,2026-04-30
https://itch.io/c/7277811/juegos-deseados,,2026-04-30
https://itch.io/c/7278132/themegadegens-collection,,2026-04-30
https://itch.io/c/7279323/charon109238s-collection,,2026-04-30
https://itch.io/c/7281067/redintismos-collection,,2026-04-30
https://itch.io/c/7281588/samchus21s-collection,,2026-04-30
https://itch.io/c/7281890/to-play3,,2026-04-30
https://itch.io/c/7283845/janes-collection,,2026-04-30
https://itch.io/c/7283910/inksans50s-collection,,2026-04-30
https://itch.io/c/7284181/scyther-medss-collection,,2026-04-30
https://itch.io/c/7284556/corgnaars-collection,,2026-04-30
https://itch.io/c/7284936/wasdforsters-collection,,2026-04-30
https://itch.io/c/7285398/woah,,2026-04-30
https://itch.io/c/7285758/32502013s-collection,,2026-04-30
https://itch.io/c/7285823/itchyrhino9s-collection,,2026-04-30
https://itch.io/c/7285908/ji2336s-collection,,2026-04-30
https://itch.io/c/7287052/reinecke1s-collection,,2026-04-30
https://itch.io/c/7288156/oichansilks-collection,,2026-04-30
https://itch.io/c/7288460/loyzoos-collection,,2026-04-30
https://itch.io/c/7288904/stolen-tacos-collection,,2026-04-30
https://itch.io/c/7289645/ani-minis-collection,,2026-04-30
https://itch.io/c/7291342/a5-bs-collection,,2026-04-30
https://itch.io/c/7291979/scary-games,,2026-04-30
https://itch.io/c/7293025/hypn007tizereds-collection,,2026-04-30
https://itch.io/c/7294743/tools,,2026-04-30
https://itch.io/c/526505/games,,2026-04-30
https://itch.io/c/549608/cool,,2026-04-30
https://itch.io/c/7297420/web-games-are-cool,,2026-04-30
https://itch.io/c/7297823/deimosuyts-collection,,2026-04-30
https://itch.io/c/7298875/wannaplay,,2026-04-30
https://itch.io/c/7299700/irohakanades-collection,,2026-04-30
https://itch.io/c/7300463/dahao666s-collection,,2026-04-30
https://itch.io/c/7302355/hafers-recommended-games,,2026-04-30
https://itch.io/c/7302819/demos,,2026-04-30
https://itch.io/c/7303911/gamerfox96s-collection,,2026-04-30
https://itch.io/c/7305503/reyeuvs-collection,,2026-04-30
https://itch.io/c/7306056/para-luego,,2026-04-30
https://itch.io/c/7306302/date-at-the-cemetary,,2026-04-30
https://itch.io/c/7306825/bomji42s-collection,,2026-04-30
https://itch.io/c/7311552/faucheur53s-collection,,2026-04-30
https://itch.io/c/7312432/mikamons-collection,,2026-04-30
https://itch.io/c/7312874/omahaman11070s-collection,,2026-04-30
https://itch.io/c/7312948/omahaman11070s-collection,,2026-04-30
https://itch.io/c/7314006/toxic-bats-collection,,2026-04-30
https://itch.io/c/7314197/741511as-collection,,2026-04-30
https://itch.io/c/7315355/good-games,,2026-04-30
https://itch.io/c/7315974/sageosages-collection,,2026-04-30
https://itch.io/c/7316418/games,,2026-04-30
https://itch.io/c/7317416/game-assets-3d,,2026-04-30
https://itch.io/c/7317773/evanniees-collection,,2026-04-30
https://itch.io/c/7318873/icteruss-collection,,2026-04-30
https://itch.io/c/7320175/carla040512s-collection,,2026-04-30
https://itch.io/c/7320245/yuh,,2026-04-30
https://itch.io/c/7322710/kurios64s-collection,,2026-04-30
https://itch.io/c/7322852/rukrioss-collection,,2026-04-30
https://itch.io/c/7323116/role,,2026-04-30
https://itch.io/c/7323286/lolilokys-action-games,,2026-04-30
https://itch.io/c/7323309/lazbs-collection,,2026-04-30
https://itch.io/c/7324566/pc-only,,2026-04-30
https://itch.io/c/7325920/h,,2026-04-30
https://itch.io/c/7325928/kadolin-sashas-collection,,2026-04-30
https://itch.io/c/7326389/naos209s-collection,,2026-04-30
https://itch.io/c/7326744/games-i-want-to-play,,2026-04-30
https://itch.io/c/7326986/shedeenjohnson0gmailcoms-collection,,2026-04-30
https://itch.io/c/7327049/ohgirlsinga-sources-collection,,2026-04-30
https://itch.io/c/7327393/angelsreangelics-collection,,2026-04-30
https://itch.io/c/7327441/migu1755s-collection,,2026-04-30
https://itch.io/c/7327701/bitchin-kitchin420s-collection,,2026-04-30
https://itch.io/c/7327881/cool-shit-i-glanced-at,,2026-04-30
https://itch.io/c/7327953/nazrs-collection,,2026-04-30
https://itch.io/c/7328072/feistyferrets-collection,,2026-04-30
https://itch.io/c/7328123/jeffrybejemans-collection,,2026-04-30
https://itch.io/c/7328518/game-i-want-to-try,,2026-04-30
https://itch.io/c/7329558/dompawzs-collection,,2026-04-30
https://itch.io/c/7330268/lady-ms-collection,,2026-04-30
https://itch.io/c/7331319/kitcat3s-collection,,2026-04-30
https://itch.io/c/7332973/cool-games,,2026-04-30
https://itch.io/c/7333111/doidice,,2026-04-30
https://itch.io/c/7333211/bananaubinorahlovers-collection,,2026-04-30
https://itch.io/c/7333473/vampytechs-collection,,2026-04-30
https://itch.io/c/7335271/nash-olands-collection,,2026-04-30
https://itch.io/c/7335565/check-out-later,,2026-04-30
https://itch.io/c/7337136/muscle-mommy,,2026-04-30
https://itch.io/c/7337583/orphen190s-collection,,2026-04-30
https://itch.io/c/7338973/fan-games,,2026-04-30
https://itch.io/c/7339747/zdzisilaws-collection,,2026-04-30
https://itch.io/c/7340929/mochi-maggies-collection,,2026-04-30
https://itch.io/c/7341121/vnrpg,,2026-04-30
https://itch.io/c/7341346/princessjasmynes-collection-paid,,2026-04-30
https://itch.io/c/7342026/vivi6352s-collection,,2026-04-30
https://itch.io/c/7342135/acktivists-collection,,2026-04-30
https://itch.io/c/7342170/puyyytrrts-collection,,2026-04-30
https://itch.io/c/7342584/eeveehatsunes-collection,,2026-04-30
https://itch.io/c/7343142/yhgn123s-collection,,2026-04-30
https://itch.io/c/7343944/sir6s-collection,,2026-04-30
https://itch.io/c/7343950/very-cool-mods,,2026-04-30
https://itch.io/c/7344782/tristan75s-collection,,2026-04-30
https://itch.io/c/7345400/quangoxs-collection,,2026-04-30
https://itch.io/c/7345854/adis-2s-collection,,2026-04-30
https://itch.io/c/7346154/yumekosunabarigmailcoms-collection,,2026-04-30
https://itch.io/c/7346616/night-gales-collection,,2026-04-30
https://itch.io/c/7346807/pregjam-4,,2026-04-30
https://itch.io/c/7346902/premade-modules-for-lancer,,2026-04-30
https://itch.io/c/7347390/remember,,2026-04-30
https://itch.io/c/7348125/annalovesvfxs-collection,,2026-04-30
https://itch.io/c/7348523/mieruka11s-collection,,2026-04-30
https://itch.io/c/7349013/check-on-later,,2026-04-30
https://itch.io/c/7349064/ying-200s-collection,,2026-04-30
https://itch.io/c/7349502/neders-25d-collection,,2026-04-30
https://itch.io/c/7349807/lbee17s-collection,,2026-04-30
https://itch.io/c/7350064/fkthisshitimouts-collection,,2026-04-30
https://itch.io/c/7350387/very-good,,2026-04-30
https://itch.io/c/7350412/simpleshot5769s-collection,,2026-04-30
https://itch.io/c/7350520/gelluss-collection,,2026-04-30
https://itch.io/c/7350919/tayas15s-collection,,2026-04-30
https://itch.io/c/7352457/astronovalight11s-collection,,2026-04-30
https://itch.io/c/7353267/i3atgravels-collection,,2026-04-30
https://itch.io/c/7353537/1,,2026-04-30
https://itch.io/c/7354293/grettelbbys-collection,,2026-04-30
https://itch.io/c/7354506/gamejam-psx-horror,,2026-04-30
https://itch.io/c/7354510,,2026-04-30
https://itch.io/c/7354933/rapid-game-prototyping-summer-2026,,2026-04-30
https://itch.io/c/7354963/intaeks-collection,,2026-04-30
https://itch.io/c/7355316/kjcollins562s-collection,,2026-04-30
https://itch.io/c/7355391/fjjkks-collection,,2026-04-30
https://itch.io/c/7355434/slasla1122s-collection,,2026-04-30
https://itch.io/c/7356048/crabezors-collection,,2026-04-30
https://itch.io/c/7356120/aleesyas-collection,,2026-04-30
https://itch.io/c/7356980/wadeybeatss-collection,,2026-04-30
https://itch.io/c/7357246/mufiannas-collection,,2026-04-30
https://itch.io/c/7357407/chizzilys-collection,,2026-04-30
https://itch.io/c/7357513/zvbcvs-collection,,2026-04-30
https://itch.io/c/7357872/play-later,,2026-04-30
https://itch.io/c/7358848/nukedbymehahas-collection,,2026-04-30
https://itch.io/c/7358913/pufffpufffs-collection,,2026-04-30
https://itch.io/c/7358991/sumple,,2026-04-30
https://itch.io/c/7359053/visual-novels,,2026-04-30
https://itch.io/c/7359064/nightmfrights-collection,,2026-04-30
https://itch.io/c/7359447/try,,2026-04-30
https://itch.io/c/7359781/elconejomalos-collection,,2026-04-30
https://itch.io/c/7359952/pixel-art-assets,,2026-04-30
https://itch.io/c/7360021/e,,2026-04-30
https://itch.io/c/7360426/milerds-collection,,2026-04-30
https://itch.io/c/7360506/unclelinkster1s-collection,,2026-04-30
https://itch.io/c/7361289/fictional-characters-dating-sim,,2026-04-30
https://itch.io/c/7361315/poor-image,,2026-04-30
https://itch.io/c/7361517/games,,2026-04-30
https://itch.io/c/7361908/killma1ns-collection,,2026-04-30
https://itch.io/c/7361967/ui,,2026-04-30
https://itch.io/c/7362422/lunazz479s-collection,,2026-04-30
https://itch.io/c/7362999/very-nice,,2026-04-30
https://itch.io/c/7363382/play-later-with-da-gorls,,2026-04-30
https://itch.io/c/7363694/sanasdragons-collection,,2026-04-30
https://itch.io/c/7363836/neronerons-collection,,2026-04-30
https://itch.io/c/7364323/try-later,,2026-04-30
https://itch.io/c/7364362/strawberrycereals-collection,,2026-04-30
https://itch.io/c/7364468/justingamins-collection,,2026-04-30
https://itch.io/c/7364681/leighlys-collection,,2026-04-30
https://itch.io/c/7364934/adawnz0921s-collection,,2026-04-30
https://itch.io/c/7364946/almost-fun,,2026-04-30
https://itch.io/c/7365121/games,,2026-04-30
https://itch.io/c/7366030/horror,,2026-04-30
https://itch.io/c/7366299/bean66366s-collection,,2026-04-30
https://itch.io/c/7366471/cece-jades-collection,,2026-04-30
https://itch.io/c/7366639/dating-sim,,2026-04-30
https://itch.io/c/7367432/probar,,2026-04-30
https://itch.io/c/7367598/buurds-collection,,2026-04-30
https://itch.io/c/7367801/lildemons-collection,,2026-04-30
https://itch.io/c/7368214/shambles312s-collection,,2026-04-30
https://itch.io/c/7368435/played,,2026-04-30
https://itch.io/c/7369256/o,,2026-04-30
https://itch.io/c/7369451/whyhathforsakens-collection,,2026-04-30
https://itch.io/c/7369597/yeetthechilds-collection,,2026-04-30
https://itch.io/c/7369877/games-general,,2026-04-30
https://itch.io/c/7369901/shadow356s-collection,,2026-04-30
https://itch.io/c/7370555/wave-defence,,2026-04-30
https://itch.io/c/7370696/vicelies-collection,,2026-04-30
https://itch.io/c/7371471/games-i-enjoy,,2026-04-30
https://itch.io/c/7371503,,2026-04-30
https://itch.io/c/7371799/nonanims-collection,,2026-04-30
https://itch.io/c/7371838/tnaf35s-collection,,2026-04-30
https://itch.io/c/7371949/random,,2026-04-30
https://itch.io/c/7372026/ra3lianas-collection,,2026-04-30
https://itch.io/c/7372467/boop,,2026-04-30
https://itch.io/c/7372587/nawal321s-collection,,2026-04-30
https://itch.io/c/7372592/peakness,,2026-04-30
https://itch.io/c/7372605/edddboygamings-collection,,2026-04-30
https://itch.io/c/7372866/chris311289s-collection,,2026-04-30
https://itch.io/c/7372902/boyka-0827s-collection,,2026-04-30
https://itch.io/c/7373178/favorite-games-play-again,,2026-04-30
https://itch.io/c/7373565/dating-sims,,2026-04-30
https://itch.io/c/7373775/prepucio-lopess-collection,,2026-04-30
https://itch.io/c/7374020/tmontgomery93s-collection,,2026-04-30
https://itch.io/c/7374415/llamamomma965s-collection,,2026-04-30
https://itch.io/c/7374549/fuyuwss-collection,,2026-04-30
https://itch.io/c/7375014/mandelblazy420s-collection,,2026-04-30
https://itch.io/c/7375266/meowmeow,,2026-04-30
https://itch.io/c/7375330/sims,,2026-04-30
https://itch.io/c/7375854/squary-dungeon,,2026-04-30
https://itch.io/c/7375980/diff,,2026-04-30
https://itch.io/c/7377001/rasputinkaisers-collection,,2026-04-30
https://itch.io/c/7377745/waiting-on-translation,,2026-04-30
https://itch.io/c/7377963/redl21s-collection,,2026-04-30
https://itch.io/c/7378003/psdv587s-collection,,2026-04-30
https://itch.io/c/7378243/nightcelestials-collection,,2026-04-30
https://itch.io/c/7378470/rins-collection,,2026-04-30
https://itch.io/c/7378534/malakabdelhamids-collection,,2026-04-30
https://itch.io/c/7379054/lfzinnlfs-collection,,2026-04-30
https://itch.io/c/7379267/gonnawaiting-to-finish,,2026-04-30
https://itch.io/c/7379307/kayn20s-collection,,2026-04-30
https://itch.io/c/7379402/3,,2026-04-30
https://itch.io/c/7379440/oskarfeatherss-collection,,2026-04-30
https://itch.io/c/7379454/ekkamai-studios-collection,,2026-04-30
https://itch.io/c/7379489/annacondaaas-collection,,2026-04-30
https://itch.io/c/7380419/davi4432s-collection,,2026-04-30
https://itch.io/c/7380554/el-carnero-11037s-collection,,2026-04-30
https://itch.io/c/7380702,,2026-04-30
https://itch.io/c/7380861/hry-na-videjka,,2026-04-30
https://itch.io/c/7381000/rafi4s-collection,,2026-04-30
https://itch.io/c/7381139/homunkolossss-collection,,2026-04-30
https://itch.io/c/7381434/want-to-play,,2026-04-30
https://itch.io/c/7381546/shiroine-vs-collection,,2026-04-30
https://itch.io/c/7381656/thegoatpaxs-collection,,2026-04-30
https://itch.io/c/7381752/xxsoftqzs-collection,,2026-04-30
https://itch.io/c/7381933/projectssubmissions-timeline,,2026-04-30
https://itch.io/c/7381984/nikonakatas-collection,,2026-04-30
https://itch.io/c/7382033/ddan-pans-collection,,2026-04-30
https://itch.io/c/7382093/mandelblazy420s-collection,,2026-04-30
https://itch.io/c/7382280,,2026-04-30
https://itch.io/c/7382467/mememememe,,2026-04-30
https://itch.io/c/7382550/trinkss-collection,,2026-04-30
https://itch.io/c/7383020/adeline20003s-collection,,2026-04-30
https://itch.io/c/7383042/danielle-237s-collection,,2026-04-30
https://itch.io/c/7383202/salam777xos-collection,,2026-04-30
https://itch.io/c/7383506/arbuzs-collection,,2026-04-30
https://itch.io/c/7383510/deadlyios-collection,,2026-04-30
https://itch.io/c/7383530/paratrons-collection,,2026-04-30
https://itch.io/c/7383819/visval245s-collection,,2026-04-30
https://itch.io/c/7384086/da,,2026-04-30
https://itch.io/c/7384117/done,,2026-04-30
https://itch.io/c/7384254/bbcking213s-collection,,2026-04-30
https://itch.io/c/7384286/galarticunos-collection,,2026-04-30
https://itch.io/c/7384365/montacks-collection,,2026-04-30
https://itch.io/c/7384389/yugoduzs-collection,,2026-04-30
https://itch.io/c/7384477/musicaddicted0-0s-collection,,2026-04-30
https://itch.io/c/7384702/zekethewanderers-collection,,2026-04-30
https://itch.io/c/7384706/moccadsks-collection,,2026-04-30
https://itch.io/c/7384817/deathtrialss-collection,,2026-04-30
https://itch.io/c/7384871/426,,2026-04-30
https://itch.io/c/7384880/idddddkkkkkks-collection,,2026-04-30
https://itch.io/c/7384908/natori1s-collection,,2026-04-30
https://itch.io/c/7384970/2,,2026-04-30
https://itch.io/c/7385223/can-play-on-windows,,2026-04-30
https://itch.io/c/7385229/can-play-on-linux,,2026-04-30
https://itch.io/c/7385232/can-play-on-macos,,2026-04-30
https://itch.io/c/7385260/kikigirl14s-collection,,2026-04-30
https://itch.io/c/7385391/lordstungas-collection,,2026-04-30
https://itch.io/c/7385413/theyfuhwithmichs-collection,,2026-04-30
https://itch.io/c/7385605/thortshs-collection,,2026-04-30
https://itch.io/c/7385684/m1zucherrys-collection,,2026-04-30
https://itch.io/c/7385752/good,,2026-04-30
https://itch.io/c/7385759/games,,2026-04-30
https://itch.io/c/7385810/crazymonmes-collection,,2026-04-30
https://itch.io/c/7385850/spartacuslovethemes-collection,,2026-04-30
https://itch.io/c/7386069/feedmaks556s-collection,,2026-04-30
https://itch.io/c/7386139/underrated-recs,,2026-04-30
https://itch.io/c/7386423/jackppers-collection,,2026-04-30
https://itch.io/c/7386433/fyr3flys-collection,,2026-04-30
https://itch.io/c/7386501/adult,,2026-04-30
https://itch.io/c/7386522/gamedevjs-jam-2026-my-personal-favorits,,2026-04-30
https://itch.io/c/7386554/lancer,,2026-04-30
https://itch.io/c/7386561/game-boy-dev,,2026-04-30
https://itch.io/c/7386678/renalines-collection,,2026-04-30
https://itch.io/c/7386683/differencs-collection,,2026-04-30
https://itch.io/c/7386705/yarzabalhs-collection,,2026-04-30
https://itch.io/c/7386723/ver,,2026-04-30
https://itch.io/c/7386726/idkididididdidis-collection,,2026-04-30
https://itch.io/c/7386750/fun,,2026-04-30
https://itch.io/c/7386811/into-the-odd,,2026-04-30
https://itch.io/c/7386859/nevershoutjov8s-collection,,2026-04-30
https://itch.io/c/7386888,,2026-04-30
https://itch.io/c/7386920/coisas-fisicas-pra-historia,,2026-04-30
https://itch.io/c/7386946/artemcar23s-collection,,2026-04-30
https://itch.io/c/7386950/davil2002s-collection,,2026-04-30
https://itch.io/c/7386951/noyamafujis-collection,,2026-04-30
https://itch.io/c/7386974,,2026-04-30
https://itch.io/c/7386994,,2026-04-30
https://itch.io/c/7387014/horror,,2026-04-30
https://itch.io/c/7387017/hamnanas-collection,,2026-04-30
https://itch.io/c/7387036/from-videogaming-wiki,,2026-04-30
https://itch.io/c/7387067/dating-sims-i-replay-constantly,,2026-04-30
https://itch.io/c/7387071/jc,,2026-04-30
https://itch.io/c/7387090/fm-xdrs-collection,,2026-04-30
https://itch.io/c/7387101/roroka226s-collection,,2026-04-30
https://itch.io/c/7387116/visual-novels,,2026-04-30
https://itch.io/c/7387138/yourman1803s-collection,,2026-04-30
https://itch.io/c/7387177/32502013s-collection,,2026-04-30
https://itch.io/c/7387189/erickolass-collection,,2026-04-30
https://itch.io/c/7387190/good-games,,2026-04-30
https://itch.io/c/7387196/kratos123542s-collection,,2026-04-30
https://itch.io/c/7387198/yomo179s-collection,,2026-04-30
https://itch.io/c/7387199/zx-game-jam-2026,,2026-04-30
https://itch.io/c/7387203/skiner86s-collection,,2026-04-30
https://itch.io/c/7387208/azarathelys-collection,,2026-04-30
https://itch.io/c/7387210/played,,2026-04-30
https://itch.io/c/7387220/old-tools-and-projects,,2026-04-30
https://itch.io/c/7387240/my-wishlist,,2026-04-30
https://itch.io/c/7387249/cessar6767s-collection,,2026-04-30
https://itch.io/c/7387250/270469,,2026-04-30
https://itch.io/c/7387251/miscellaneous,,2026-04-30
https://itch.io/c/7387282/emrys,,2026-04-30
https://itch.io/c/7387296/frenchcoress-collection,,2026-04-30
https://itch.io/c/7387354/nowherenowhos-collection,,2026-04-30
https://itch.io/c/7387355/love-love,,2026-04-30
https://itch.io/c/7387361/1224674914s-collection,,2026-04-30
https://itch.io/c/7387377/3d,,2026-04-30
https://itch.io/c/7387389/game-creation,,2026-04-30
https://itch.io/c/7387414/sexyleejims-collection,,2026-04-30
https://itch.io/c/7387461/femdom,,2026-04-30
https://itch.io/c/7387465/liuli1120s-collection,,2026-04-30
https://itch.io/c/7387466,,2026-04-30
https://itch.io/c/7387473/normal-sprunki-mods-p-newest-to-oldest,,2026-04-30
https://itch.io/c/7387501/deleeharriss-collection,,2026-04-30
https://itch.io/c/7387509/hmmmmm,,2026-04-30
https://itch.io/c/7387535/glaucianogvan-debugs-collection,,2026-04-30
https://itch.io/c/7387546/njdap,,2026-04-30
https://itch.io/c/7387564/ae,,2026-04-30
https://itch.io/c/7387568/jstarr23s-collection,,2026-04-30
https://itch.io/c/7387580/visualnovels,,2026-04-30
https://itch.io/c/7387592/thisis4porns-collection,,2026-04-30
https://itch.io/c/7387617/roxius-noxies-collection,,2026-04-30
https://itch.io/c/7387628/themagiciankings-collection,,2026-04-30
https://itch.io/c/7387640/vns-ive-played,,2026-04-30
https://itch.io/c/7387703/nature-n-stuff,,2026-04-30
https://itch.io/c/7387707/collection-18,,2026-04-30
https://itch.io/c/7387717/kittylovecats-collection,,2026-04-30
https://itch.io/c/7387723/zombie-attack-series,,2026-04-30
https://itch.io/c/7387743/wasdniks-collection,,2026-04-30
https://itch.io/c/7387745/darktwiters-collection,,2026-04-30
https://itch.io/c/7387754/nenesibis-collection,,2026-04-30
https://itch.io/c/7387755/renpy,,2026-04-30
https://itch.io/c/7387779/video-games,,2026-04-30
https://itch.io/c/7387783/-,,2026-04-30
https://itch.io/c/7387871/lucafoxs-collection,,2026-04-30
https://itch.io/c/7387906/esoenjoyers-collection,,2026-04-30
https://itch.io/c/7387914/roapsos-collection,,2026-04-30
https://itch.io/c/7387924/im-so-lonely-its-not-even-funny,,2026-04-30
https://itch.io/c/7388038/xbb101s-collection,,2026-04-30
https://itch.io/c/7388102/john9807s-collection,,2026-04-30
https://itch.io/c/7388109/windwankerss-collection,,2026-04-30
https://itch.io/c/7388112/okaio-cololect-2,,2026-04-30
https://itch.io/c/7388113/hhhhhhfgfgfs-collection,,2026-04-30
https://itch.io/c/7388116/yuigas-collection,,2026-04-30
https://itch.io/c/7388137/wizineds-collection,,2026-04-30
https://itch.io/c/7388145/megcounts19s-collection,,2026-04-30
https://itch.io/c/7388156/best-hentai-and-3d-porn-games,,2026-04-30
https://itch.io/c/7388186/games-i-need-to-play-3,,2026-04-30
https://itch.io/c/7388205/yandere-boyfriends-yipeee,,2026-04-30
https://itch.io/c/7388222/hhhhhhfgfgfs-collection,,2026-04-30
https://itch.io/c/7388238/porn-games,,2026-04-30
https://itch.io/c/7388246/porn-apps,,2026-04-30
https://itch.io/c/7388252/asdfger23s-collection,,2026-04-30
https://itch.io/c/7388306/red-velvetxxs-collection,,2026-04-30
https://itch.io/c/7388337/lhotssssses-collection,,2026-04-30
https://itch.io/c/7388342/blablabla,,2026-04-30
https://itch.io/c/7388352/akrobatekks-collection,,2026-04-30
https://itch.io/c/7388353/seline-ntss-collection,,2026-04-30
https://itch.io/c/7388354/jacksonk4s-collection,,2026-04-30
https://itch.io/c/7388368/next-play,,2026-04-30
https://itch.io/c/7388392/adaszncus-collection,,2026-04-30
https://itch.io/c/7388393/merchant-haven,,2026-04-30
https://itch.io/c/7388398/oric,,2026-04-30
https://itch.io/c/7388448/nachinichas-collection,,2026-04-30
https://itch.io/c/7388459/fotobismal,,2026-04-30
https://itch.io/c/7388470/justm4nas-collection,,2026-04-30
https://itch.io/c/7388474/assets,,2026-04-30
https://itch.io/c/7388514/personal-recs,,2026-04-30
https://itch.io/c/7388516/igni-desk,,2026-04-30
https://itch.io/c/7388533/lovelysnowballs-collection,,2026-04-30
https://itch.io/c/7388567/local-multiplayer,,2026-04-30
https://itch.io/c/7388572/xyzcxs-collection,,2026-04-30
https://itch.io/c/7388576/s-collection,,2026-04-30
https://itch.io/c/7388594/other-games,,2026-04-30
https://itch.io/c/7388609/otome,,2026-04-30
https://itch.io/c/7388619/metroidvania-mania,,2026-04-30
https://itch.io/c/7388624/slandytubbies-coleo,,2026-04-30
https://itch.io/c/7388632/school-of-sudsud-collection,,2026-04-30
https://itch.io/c/7388666/fph,,2026-04-30
https://itch.io/c/7388670/displacerss-collection,,2026-04-30
https://itch.io/c/7388673/ravenlin68s-collection,,2026-04-30
https://itch.io/c/7388674/nsfw,,2026-04-30
https://itch.io/c/7388686/clownfishguys-collection,,2026-04-30
https://itch.io/c/7388702/catfisbntnts-collection,,2026-04-30
https://itch.io/c/7388718/play-later,,2026-04-30
https://itch.io/c/7388719/ddttheons-collection,,2026-04-30
https://itch.io/c/7388722/alfachad69s-collection,,2026-04-30
https://itch.io/c/7388725/drawing-tools,,2026-04-30
https://itch.io/c/7388736/tools,,2026-04-30
https://itch.io/c/7388757/adulto,,2026-04-30
https://itch.io/c/7388763/flail,,2026-04-30
https://itch.io/c/7388789/coldtoffees-collection,,2026-04-30
https://itch.io/c/7388805/the-bacon-forge,,2026-04-30
https://itch.io/c/7388822/visualnovelstoread,,2026-04-30
https://itch.io/c/7388826/mefkas-collection,,2026-04-30
https://itch.io/c/7388835/igamecioxds-collection,,2026-04-30
https://itch.io/c/7388838/etherane-games-best-stuff-ive-seen,,2026-04-30
https://itch.io/c/7388839/will-try,,2026-04-30
https://itch.io/c/7388850/idleincremental-i-wanna-play,,2026-04-30
https://itch.io/c/7388851/gelvetvoldmines-collection,,2026-04-30
https://itch.io/c/7388854/a-jouer-,,2026-04-30
https://itch.io/c/7388858/lady-ms-collection,,2026-04-30
https://itch.io/c/7388859/web-local-multiplayer,,2026-04-30
https://itch.io/c/7388868/linuz111983s-collection,,2026-04-30
https://itch.io/c/7388874/pico8,,2026-04-30
https://itch.io/c/7388892/waryx34s-collection,,2026-04-30
https://itch.io/c/7388906/web-online-multiplayer,,2026-04-30
https://itch.io/c/7388919/tur-shus-collection,,2026-04-30
https://itch.io/c/7388924/montymustdies-collection,,2026-04-30
https://itch.io/c/7388933/rip-batata2s-collection,,2026-04-30
https://itch.io/c/7388964/artfight-games,,2026-04-30
https://itch.io/c/7388967/artik-wawas-collection,,2026-04-30
https://itch.io/c/7388977/b,,2026-04-30
https://itch.io/c/7389007/sleepybaers-collection,,2026-04-30
https://itch.io/c/7389008/chimeras-vocallection,,2026-04-30
https://itch.io/c/7389026/erikku312s-collection,,2026-04-30
https://itch.io/c/7389057/mmckrs-collection,,2026-04-30
https://itch.io/c/7389073/webster-nd,,2026-04-30
https://itch.io/c/7389085/laxpawers-collection,,2026-04-30
https://itch.io/c/7389107/gamz,,2026-04-30
https://itch.io/c/7389112/gokiokiios-collection,,2026-04-30
https://itch.io/c/7389115/horror-game,,2026-04-30
https://itch.io/c/7389116/selected-jam-games,,2026-04-30
https://itch.io/c/7389119/gameee,,2026-04-30
https://itch.io/c/7389128/fritoguys-collection,,2026-04-30
https://itch.io/c/7389138/k,,2026-04-30
https://itch.io/c/7389142/elemental875s-collection,,2026-04-30
https://itch.io/c/7389155/almost-all-the-sprunki-mods,,2026-04-30
https://itch.io/c/7389159/twistedwonderland69s-collection,,2026-04-30
https://itch.io/c/7389169/vo-sabeeeee,,2026-04-30
https://itch.io/c/7389178/voidframes,,2026-04-30
https://itch.io/c/7389208/random,,2026-04-30
https://itch.io/c/7389248/mrkborg,,2026-04-30
https://itch.io/c/7389265/snailpantzs-collection,,2026-04-30
https://itch.io/c/7389289/dd,,2026-04-30
https://itch.io/c/7389301/android,,2026-04-30
https://itch.io/c/7389304/cutestcat566s-collection,,2026-04-30
https://itch.io/c/7389310/ophies-collection,,2026-04-30
https://itch.io/c/7389346/shuo7891s-collection,,2026-04-30
https://itch.io/c/7389365/strawbxrrypies-collection,,2026-04-30
https://itch.io/c/7389381/itceliacs-collection,,2026-04-30
https://itch.io/c/7389389/eudemonia-exes-collection,,2026-04-30
https://itch.io/c/7389397/pohhjjs-collection,,2026-04-30
https://itch.io/c/7389398/tjlefr0gs-collection,,2026-04-30
https://itch.io/c/7389399/cam-etcs-collection,,2026-04-30
https://itch.io/c/7389401/horror,,2026-04-30
https://itch.io/c/7389404/assets,,2026-04-30
https://itch.io/c/7389420/pending,,2026-04-30
https://itch.io/c/7389431/detrusss-collection,,2026-04-30
https://itch.io/c/7389468/qxtragedys-collection,,2026-04-30
https://itch.io/c/7389469/ashs-played-games,,2026-04-30
https://itch.io/c/7389496/haymer48s-collection,,2026-04-30
https://itch.io/c/7389498/diana-flare-flowers-collection,,2026-04-30
https://itch.io/c/7389501/lancer-books,,2026-04-30
https://itch.io/c/7389502/setperqs-collection,,2026-04-30
https://itch.io/c/7389505/haymer48s-collection,,2026-04-30
https://itch.io/c/7389507/homelesscottages-collection,,2026-04-30
https://itch.io/c/7389524/chow,,2026-04-30
https://itch.io/c/7389557/logindozs-collection,,2026-04-30
https://itch.io/c/7389572/puzzle-book,,2026-04-30
https://itch.io/c/7389580/kale-salads-collection,,2026-04-30
https://itch.io/c/7389599/los-favs,,2026-04-30
https://itch.io/c/7389617/new,,2026-04-30
https://itch.io/c/7389633/ktchii99s-collection,,2026-04-30
https://itch.io/c/7389638/alll83837s-collection,,2026-04-30
https://itch.io/c/7389659/akira-kaus-collection,,2026-04-30
https://itch.io/c/7389671/fnaf-fangames,,2026-04-30
https://itch.io/c/7389674/yanderree,,2026-04-30
https://itch.io/c/7389675/play-at-somepoint,,2026-04-30
https://itch.io/c/7389676/free-collection,,2026-04-30
https://itch.io/c/7389678/mothicbats-collection,,2026-04-30
https://itch.io/c/7389702/reeves-mods,,2026-04-30
https://itch.io/c/7389709/magiciscubeds-collection,,2026-04-30
https://itch.io/c/7389725/short-cute-demos,,2026-04-30
https://itch.io/c/7389730/intriguing,,2026-04-30
https://itch.io/c/7389731/romance,,2026-04-30
https://itch.io/c/7389736/luckyducks69s-collection,,2026-04-30
https://itch.io/c/7389738/yandereeee,,2026-04-30
https://itch.io/c/7389740/visual-novel,,2026-04-30
https://itch.io/c/7389742/bau-bau,,2026-04-30
https://itch.io/c/7389743/braydenderwarts-collection,,2026-04-30
https://itch.io/c/7389746/games-i-wanna-play,,2026-04-30
https://itch.io/c/7389747/later,,2026-04-30
https://itch.io/c/7389750/solo-rpg,,2026-04-30
https://itch.io/c/7389754/productivity,,2026-04-30
https://itch.io/c/7389785/short-journal,,2026-04-30
https://itch.io/c/7389791/one-page-rpg,,2026-04-30
https://itch.io/c/7389804/serenity16s-collection,,2026-04-30
https://itch.io/c/7389818/ruiz101600s-collection,,2026-04-30
https://itch.io/c/7389838/thrway1681s-collection,,2026-04-30
https://itch.io/c/7389840/wips-i-played-will-continue-when-updates-,,2026-04-30
https://itch.io/c/7389849/me-fr,,2026-04-30
https://itch.io/c/7389868/action,,2026-04-30
https://itch.io/c/7389872/wattygamesgos-collection,,2026-04-30
https://itch.io/c/7389879/ruiz101600s-collection,,2026-04-30
https://itch.io/c/7389891/damian-365s-collection,,2026-04-30
https://itch.io/c/7389914/yeamanjrs-collection,,2026-04-30
https://itch.io/c/7389928/lilithborbos-collection,,2026-04-30
https://itch.io/c/7389964/ravensnest69s-collection,,2026-04-30
https://itch.io/c/7389965/farmer662s-collection,,2026-04-30
https://itch.io/c/7389982/sprunki,,2026-04-30
https://itch.io/c/7389985/ntrhunters-collection,,2026-04-30
https://itch.io/c/7389989/game-i-wanna-play,,2026-04-30
https://itch.io/c/7389997/shadowmonster15s-collection,,2026-04-30
https://itch.io/c/7390011/gamedev-js-jam,,2026-04-30
https://itch.io/c/7390024/dino-galletas-collection,,2026-04-30
https://itch.io/c/7390039/on-hold,,2026-04-30
https://itch.io/c/7390087/ciel-moities-collection,,2026-04-30
https://itch.io/c/7390093/lance161s-collection,,2026-04-30
https://itch.io/c/7390094/little-driver,,2026-04-30
https://itch.io/c/7390096/thmabes-collection,,2026-04-30
https://itch.io/c/7390109/ashenveil,,2026-04-30
https://itch.io/c/7390118/rakko-707s-collection,,2026-04-30
https://itch.io/c/7390141/sillyfuls-and-cutiefuls,,2026-04-30
https://itch.io/c/7390145/joseunghyeon96s-collection,,2026-04-30
https://itch.io/c/7390155/shader,,2026-04-30
https://itch.io/c/7390161/bastionland,,2026-04-30
https://itch.io/c/7390173/gothaceofspadess-collection,,2026-04-30
https://itch.io/c/7390179/-,,2026-04-30
https://itch.io/c/7390185/thegreatvoids-collection,,2026-04-30
https://itch.io/c/7390202/kamikazegirlss-collection,,2026-04-30
https://itch.io/c/7390205/joseitogamer08s-collection,,2026-04-30
https://itch.io/c/7390206/bgm,,2026-04-30
https://itch.io/c/7390215/jalbert99s-collection,,2026-04-30
https://itch.io/c/7390245/yandere,,2026-04-30
https://itch.io/c/7390308/goldzombis-collection,,2026-04-30
https://itch.io/c/7390316/ui,,2026-04-30
https://itch.io/c/7390321/ssail02s-collection,,2026-04-30
https://itch.io/c/7390378/akd-338s-collection,,2026-04-30
https://itch.io/c/7390393/pou-sx,,2026-04-30
https://itch.io/c/7390400/feastables,,2026-04-30
https://itch.io/c/7390416/novelenjoyers-collection,,2026-04-30
https://itch.io/c/7390428/lol-idkk,,2026-04-30
https://itch.io/c/7390439/smexyyy,,2026-04-30
https://itch.io/c/7390458/avn,,2026-04-30
https://itch.io/c/7390481/kansaskazs-collection,,2026-04-30
https://itch.io/c/7390493/dh,,2026-04-30
https://itch.io/c/7390495/vamo-a-ver,,2026-04-30
https://itch.io/c/7390512/adult,,2026-04-30
https://itch.io/c/7390529/kaguzeitors-collection,,2026-04-30
https://itch.io/c/7390597/angelzitazyzs-collection,,2026-04-30
https://itch.io/c/7390601/for-later,,2026-04-30
https://itch.io/c/7390606/slipknot01s-collection,,2026-04-30
https://itch.io/c/7390627/gafgat,,2026-04-30
https://itch.io/c/7390634/goon12311s-collection,,2026-04-30
https://itch.io/c/7390636/sasbaoshakaos-collection,,2026-04-30
https://itch.io/c/7390679/crazii-arts-collection,,2026-04-30
https://itch.io/c/7390782/stat-building,,2026-04-30
https://itch.io/c/7390786/pico-8,,2026-04-30
https://itch.io/c/7390810/cairn,,2026-04-30
https://itch.io/c/7390825/sxybunnymnsters-collection,,2026-04-30
https://itch.io/c/7390826/sedses-collection,,2026-04-30
https://itch.io/c/7390840/gr1mr34p3r-21s-collection,,2026-04-30
https://itch.io/c/7390870/jeux-suivre,,2026-04-30
https://itch.io/c/7390876/theawesomekkeeell1s-collection,,2026-04-30
https://itch.io/c/7390878/noteoples-collection,,2026-04-30
https://itch.io/c/7390885/harem,,2026-04-30
https://itch.io/c/7390895/ghost-losts-collection,,2026-04-30
https://itch.io/c/7390929/assets,,2026-04-30
https://itch.io/c/7390936/wolfie-as-collection,,2026-04-30
https://itch.io/c/7390943/asset-library,,2026-04-30
https://itch.io/c/7390944/wanted,,2026-04-30
https://itch.io/c/7390950/programming-project,,2026-04-30
https://itch.io/c/7390951/freaky-games,,2026-04-30
https://itch.io/c/7390952/kttyspunks-collection,,2026-04-30
https://itch.io/c/7390953/death,,2026-04-30
https://itch.io/c/7390995/18,,2026-04-30
https://itch.io/c/7391002/i-love-these-games-,,2026-04-30
https://itch.io/c/7391012/ntrnts,,2026-04-30
https://itch.io/c/7391021/vcast7s-collection,,2026-04-30
https://itch.io/c/7391086/nsfw,,2026-04-30
https://itch.io/c/7391107/cool-games,,2026-04-30
https://itch.io/c/7391112/c12h17n2o4ps-collection,,2026-04-30
https://itch.io/c/7391114/bendydevs-collection,,2026-04-30
https://itch.io/c/7391136/novelas,,2026-04-30
https://itch.io/c/7391146/hhhhhhhh,,2026-04-30
https://itch.io/c/7391157/-fav-visual-novels-,,2026-04-30
https://itch.io/c/7391159/wew-1738s-collection,,2026-04-30
https://itch.io/c/7391179/aro,,2026-04-30
https://itch.io/c/7391190/ghostramens-collection,,2026-04-30
https://itch.io/c/7391196/pototorys-collection,,2026-04-30
https://itch.io/c/7391198/arton05ps-collection,,2026-04-30
https://itch.io/c/7391220/crlxtz08s-collection,,2026-04-30
https://itch.io/c/7391229/loila-sexy-womans-collection,,2026-04-30
https://itch.io/c/7391246/letsgameon399s-collection,,2026-04-30
https://itch.io/c/7391253/acegamer3s-collection,,2026-04-30
https://itch.io/c/7391299/games,,2026-04-30
https://itch.io/c/7391315/yeah,,2026-04-30
https://itch.io/c/7391323/games-played,,2026-04-30
https://itch.io/c/7391330/wanna-play,,2026-04-30
https://itch.io/c/7391334/zebro-ones-collection,,2026-04-30
https://itch.io/c/7391352/wklss-collection,,2026-04-30
https://itch.io/c/7391354/michealjackson34s-collection,,2026-04-30
https://itch.io/c/7391377/comp222,,2026-04-30
https://itch.io/c/7391383/austintacious24s-collection,,2026-04-30
https://itch.io/c/7391411/s9xtrs-collection,,2026-04-30
https://itch.io/c/7391426/games-club,,2026-04-30
https://itch.io/c/7391442/xyf2009s-collection,,2026-04-30
https://itch.io/c/7391448/2d-platform-fighter,,2026-04-30
https://itch.io/c/7391498/otome,,2026-04-30
https://itch.io/c/7391499/psx,,2026-04-30
https://itch.io/c/7391513/jackppers-collection,,2026-04-30
https://itch.io/c/7391566/game-jam-games,,2026-04-30
https://itch.io/c/7391567/ordinaryviss-collection,,2026-04-30
https://itch.io/c/7391581/psx,,2026-04-30
https://itch.io/c/7391582/deathlyvoids-collection,,2026-04-30
https://itch.io/c/7391586/wannatryjakes-collection,,2026-04-30
https://itch.io/c/7391600/cocoheys-collection,,2026-04-30
https://itch.io/c/7391630/amellllls-collection,,2026-04-30
https://itch.io/c/7391673/yuri,,2026-04-30
https://itch.io/c/7391708/cool-games,,2026-04-30
https://itch.io/c/7391714/cool-games-nsfw,,2026-04-30
https://itch.io/c/7391722/1,,2026-04-30
https://itch.io/c/7391751/rune1210s-collection,,2026-04-30
https://itch.io/c/7391770/-,,2026-04-30
https://itch.io/c/7391901/idk-i-maybe-play-these-,,2026-04-30
https://itch.io/c/7391916/coallemons-collection,,2026-04-30
https://itch.io/c/7391936/wanna-play,,2026-04-30
https://itch.io/c/7392074/five-nights-at-everything-but-freddy,,2026-04-30
https://itch.io/c/7392080/eljoseph01s-collection,,2026-04-30
https://itch.io/c/7392095/eljoseph01s-collection,,2026-04-30
https://itch.io/c/7392099/want-to,,2026-04-30
https://itch.io/c/7392115/sick-games-i-recommend,,2026-04-30
https://itch.io/c/7392123/richtschuetzes-collection,,2026-04-30
https://itch.io/c/7392130/tin25123s-collection,,2026-04-30
https://itch.io/c/7392155/need-to-play,,2026-04-30
https://itch.io/c/7392162/things-i-want-,,2026-04-30
https://itch.io/c/7392216/yet-to-play,,2026-04-30
https://itch.io/c/7392231/leina8365s-collection,,2026-04-30
https://itch.io/c/7392269/lhotssssses-collection,,2026-04-30
https://itch.io/c/7392270/akuma7777s-collection,,2026-04-30
https://itch.io/c/7392271/tnt-87s-collection,,2026-04-30
https://itch.io/c/7392273/duck1428s-collection,,2026-04-30
https://itch.io/c/7392290/my-privacy,,2026-04-30
https://itch.io/c/7392310/smixxs-collection,,2026-04-30
https://itch.io/c/7392322/cool-games-to-try,,2026-04-30
https://itch.io/c/7392328/characters,,2026-04-30
https://itch.io/c/7392330/r-visnov,,2026-04-30
https://itch.io/c/7392333/liquidlazors-collection,,2026-04-30
https://itch.io/c/7392342/silly-main-media,,2026-04-30
https://itch.io/c/7392367/cool,,2026-04-30
https://itch.io/c/7392383/bitsy,,2026-04-30
https://itch.io/c/7392448/justa325is-collection,,2026-04-30
https://itch.io/c/7392458/to-play,,2026-04-30
https://itch.io/c/7392498/miamiless-collection,,2026-04-30
https://itch.io/c/7392504/b1llynyxs-collection,,2026-04-30
https://itch.io/c/7392506/flail-ttrpg,,2026-04-30
https://itch.io/c/7392511/brianbennys-collection,,2026-04-30
https://itch.io/c/7392514/hellokittyyy123456s-collection,,2026-04-30
https://itch.io/c/7392518/yddlzs-collection,,2026-04-30
https://itch.io/c/7392552,,2026-04-30
https://itch.io/c/7392560/siren-games,,2026-04-30
https://itch.io/c/7392576/dojiekas-collection,,2026-04-30
https://itch.io/c/7392599/s,,2026-04-30
https://itch.io/c/7392610/fav,,2026-04-30
https://itch.io/c/7392613/lunaa27s-collection,,2026-04-30
https://itch.io/c/7392670/game-r,,2026-04-30
https://itch.io/c/7392681/gg,,2026-04-30
https://itch.io/c/7392707/food,,2026-04-30
https://itch.io/c/7392712/stackers111s-collection,,2026-04-30
https://itch.io/c/7392713/tot0trools-collection,,2026-04-30
https://itch.io/c/7392714/sir-moonlights-collection,,2026-04-30
https://itch.io/c/7392723/smais-the-bests-collection,,2026-04-30
https://itch.io/c/7392726/jmhtseraww,,2026-04-30
https://itch.io/c/7392744/yt,,2026-04-30
https://itch.io/c/7392750/d0llettes-collection,,2026-04-30
https://itch.io/c/7392768/xd,,2026-04-30
https://itch.io/c/7392794/rice-cake-09s-collection,,2026-04-30
https://itch.io/c/7392802/jwoo896s-collection,,2026-04-30
https://itch.io/c/7392811/creepypasta-sims,,2026-04-30
https://itch.io/c/7392816/juiy,,2026-04-30
https://itch.io/c/7392839/lvklwzs-collection,,2026-04-30
https://itch.io/c/7392842/favorites,,2026-04-30
https://itch.io/c/7392844/lobe12345s-collection,,2026-04-30
https://itch.io/c/7392855/games-to-play,,2026-04-30
https://itch.io/c/7392874/yandere-visual-novels,,2026-04-30
https://itch.io/c/7392883/absolutelywastefuls-collection,,2026-04-30
https://itch.io/c/7392901/stupidbreadds-collection,,2026-04-30
https://itch.io/c/7392909/renpy-helpers,,2026-04-30
https://itch.io/c/7392937/sanloks-collection,,2026-04-30
https://itch.io/c/7392939/httpswwwkeviniglesiascom-animations,,2026-04-30
https://itch.io/c/7392945/louuules-collection,,2026-04-30
https://itch.io/c/7392952/9miu9s-collection,,2026-04-30
https://itch.io/c/7392994/video-reviews-from-gamedevjs-jam-2026,,2026-04-30
https://itch.io/c/7392996/os-mais-mais,,2026-04-30
https://itch.io/c/7392998/eternalglow67s-collection,,2026-04-30
https://itch.io/c/7393011/gb,,2026-04-30
https://itch.io/c/7393028/juegos-varios,,2026-04-30
https://itch.io/c/7393032/comics,,2026-04-30
https://itch.io/c/7393033/1,,2026-04-30
https://itch.io/c/7393036/flail-rpg,,2026-04-30
https://itch.io/c/7393044/joeytoadys-collection,,2026-04-30
https://itch.io/c/7393054/ttrpgs,,2026-04-30
https://itch.io/c/7393061/reviewed,,2026-04-30
https://itch.io/c/7393066/game-later,,2026-04-30
https://itch.io/c/7393068/horror-games,,2026-04-30
https://itch.io/c/7393077/ts-xeronzs-collection,,2026-04-30
https://itch.io/c/7393082/pikopikomiis-collection,,2026-04-30
https://itch.io/c/7393085/assets,,2026-04-30
https://itch.io/c/7393094/games-to-download-when-im-rich,,2026-04-30
https://itch.io/c/7393103/dungeon-kings-collection,,2026-04-30
https://itch.io/c/7393107/5-stars-fantastic-ill-come-back-to-it-a-lot,,2026-04-30
https://itch.io/c/7393112/horror-gami,,2026-04-30
https://itch.io/c/7393119/chuuyazitoss-collection,,2026-04-30
https://itch.io/c/7393148/porn,,2026-04-30
https://itch.io/c/7393161/credits-to-kubz-scouts-and-markiplier,,2026-04-30
https://itch.io/c/7393181/punmaster72s-collection,,2026-04-30
https://itch.io/c/7393194/enotffheh-syss-collection,,2026-04-30
https://itch.io/c/7393204/lemonboy11s-collection,,2026-04-30
https://itch.io/c/7393205/dompawzs-collection,,2026-04-30
https://itch.io/c/7393215/crash-bandicoot-coleo,,2026-04-30
https://itch.io/c/7393223/eskinadavidas-collection,,2026-04-30
https://itch.io/c/7393227/linuz111983s-collection,,2026-04-30
https://itch.io/c/7393235/my-collection,,2026-04-30
https://itch.io/c/7393239/lemonboy11s-collection,,2026-04-30
https://itch.io/c/7393247/gbstudio,,2026-04-30
https://itch.io/c/7393248/romance,,2026-04-30
https://itch.io/c/7393265/housekabouters-collection,,2026-04-30
https://itch.io/c/7393290/wishlist,,2026-04-30
https://itch.io/c/7393296/por-jugar,,2026-04-30
https://itch.io/c/7393328/lalisa56s-collection,,2026-04-30
https://itch.io/c/7393365/markos22s-collection,,2026-04-30
https://itch.io/c/7393382/pestilentia0s-collection,,2026-04-30
https://itch.io/c/7393388/games-i-wanna-play,,2026-04-30
https://itch.io/c/7393398/gab57s-collection,,2026-04-30
https://itch.io/c/7393425/genius,,2026-04-30
https://itch.io/c/7393426/horror-renewed,,2026-04-30
https://itch.io/c/7393434/tubby2s-collection,,2026-04-30
https://itch.io/c/7393438/blebbles-collection,,2026-04-30
https://itch.io/c/7393442/foxyiiiiiiis-collection,,2026-04-30
https://itch.io/c/7393453/kuci0s-collection,,2026-04-30
https://itch.io/c/7393474/guttboys-collection,,2026-04-30
https://itch.io/c/7393482/expansion-packs,,2026-04-30
https://itch.io/c/7393483/etherealmolds-collection,,2026-04-30
https://itch.io/c/7393484/lucylesbians-collection,,2026-04-30
https://itch.io/c/7393517/pawners-collection,,2026-04-30
https://itch.io/c/7393520/smilk-simps-collection,,2026-04-30
https://itch.io/c/7393578/single-player-ttrpgs,,2026-04-30
https://itch.io/c/7393599/city-builder,,2026-04-30
https://itch.io/c/7393606/kyndellxmahylas-collection,,2026-04-30
https://itch.io/c/7393627/cleaning-51,,2026-04-30
https://itch.io/c/7393659/lunaluxios-collection,,2026-04-30
https://itch.io/c/7393686/to-play,,2026-04-30
https://itch.io/c/7393696/otome-games,,2026-04-30
https://itch.io/c/7393700/miyoos-collection,,2026-04-30
https://itch.io/c/7393707/fet,,2026-04-30
https://itch.io/c/7393716/davidscranage03gmailcoms-collection,,2026-04-30
https://itch.io/c/7393737/harem,,2026-04-30
https://itch.io/c/7393751/lencantsees-collection,,2026-04-30
https://itch.io/c/7393828/winterknight18s-collection,,2026-04-30
https://itch.io/c/7393842/silly-guy-xds-collection,,2026-04-30
https://itch.io/c/7393843/dokjaaas-collection,,2026-04-30
https://itch.io/c/7393844/emily348hyunas-collection,,2026-04-30
https://itch.io/c/7393851/red81527s-collection,,2026-04-30
https://itch.io/c/7393859/atk97s-collection,,2026-04-30
https://itch.io/c/7393872/3d-game-stuff,,2026-04-30
https://itch.io/c/7393889/sg370165montereycoeorgs-collection,,2026-04-30
https://itch.io/c/7393893/paketik01s-collection,,2026-04-30
https://itch.io/c/7393897/gerecki,,2026-04-30
https://itch.io/c/7393901/iamferciuss-collection,,2026-04-30
https://itch.io/c/7393915/jeu-cool,,2026-04-30
https://itch.io/c/7393921/pac-man-restashed-series,,2026-04-30
https://itch.io/c/7393922/thememelols-collection,,2026-04-30
https://itch.io/c/7393923/bengutsolcams-collection,,2026-04-30
https://itch.io/c/7393930/malioliolios-collection,,2026-04-30
https://itch.io/c/7393938/theflookys-collection,,2026-04-30
https://itch.io/c/7393963/gamedevjs-jam-2026,,2026-04-30
https://itch.io/c/7393987/horror-indies-guays,,2026-04-30
https://itch.io/c/7393989/hanayurins-collection,,2026-04-30
https://itch.io/c/7393996/to-play-3,,2026-04-30
https://itch.io/c/7394002/theotherguy2s-collection,,2026-04-30
https://itch.io/c/7394013/to-play,,2026-04-30
https://itch.io/c/7394043/lotusjuces-collection,,2026-04-30
https://itch.io/c/7394055/c64-roms,,2026-04-30
https://itch.io/c/7394059/nes-rom,,2026-04-30
https://itch.io/c/7394060/looks-cool,,2026-04-30
https://itch.io/c/7394070/genesis-rom,,2026-04-30
https://itch.io/c/7394091/amiga-rom,,2026-04-30
https://itch.io/c/7394093/browser-games,,2026-04-30
https://itch.io/c/7394099/snes-rom,,2026-04-30
https://itch.io/c/7394106/idk-you-tell-me,,2026-04-30
https://itch.io/c/7394109/n,,2026-04-30
https://itch.io/c/7394116/gb-rom,,2026-04-30
https://itch.io/c/7394118/gba-rom,,2026-04-30
https://itch.io/c/7394123/gbc-rom,,2026-04-30
https://itch.io/c/7394134/amstrad-cpc-rom,,2026-04-30
https://itch.io/c/7394145/tarwarmochas-collection,,2026-04-30
https://itch.io/c/7394149/sl-proto-assets,,2026-04-30
https://itch.io/c/7394154/gothikalucioles-collection,,2026-04-30
https://itch.io/c/7394166/ns,,2026-04-30
https://itch.io/c/7394179/pico8,,2026-04-30
https://itch.io/c/7394189/ethansalt1s-collection,,2026-04-30
https://itch.io/c/7394196/rpgs-love-em,,2026-04-30
https://itch.io/c/7394199/zx-spectrum-rom,,2026-04-30
https://itch.io/c/7394230/gb,,2026-04-30
https://itch.io/c/7394235/sky2723s-collection,,2026-04-30
https://itch.io/c/7394239/spectrum-128k-rom,,2026-04-30
https://itch.io/c/7394256/april,,2026-04-30
https://itch.io/c/7394308/roms,,2026-04-30
https://itch.io/c/7394321/games-ive-played,,2026-04-30
https://itch.io/c/7394378/puniitpsks-collection,,2026-04-30
https://itch.io/c/7394397/ss-tier,,2026-04-30
https://itch.io/c/7394416/osoporosos-collection,,2026-04-30
https://itch.io/c/7394418/hell1ghosts-collection,,2026-04-30
https://itch.io/c/7394434/laturner0516s-collection,,2026-04-30
https://itch.io/c/7394454/thingggys,,2026-04-30
https://itch.io/c/7394479/haymer48s-collection,,2026-04-30
https://itch.io/c/7394513/tigra83s-collection,,2026-04-30
https://itch.io/c/7394529/nsfw-games,,2026-04-30
https://itch.io/c/7394551/scaralover3s-collection,,2026-04-30
https://itch.io/c/7394561/stupidbreaddds-collection,,2026-04-30
https://itch.io/c/7394566/mrs-l-jrs-collection,,2026-04-30
https://itch.io/c/7394585/text-based-games,,2026-04-30
https://itch.io/c/7394588/pacotaco462s-collection,,2026-04-30
https://itch.io/c/7394593/dkirby-mss-collection,,2026-04-30
https://itch.io/c/7394610/fun,,2026-04-30
https://itch.io/c/7394611/jogos,,2026-04-30
https://itch.io/c/7394628/rae247s-collection,,2026-04-30
https://itch.io/c/7394632/red0071997s-collection,,2026-04-30
https://itch.io/c/7394636/noodle-conoodles-collection,,2026-04-30
https://itch.io/c/7394638/bleh-now-android,,2026-04-30
https://itch.io/c/7394644/thegoonerpros-collection,,2026-04-30
https://itch.io/c/7394647/angelicguitarspears-collection,,2026-04-30
https://itch.io/c/7394648/otome,,2026-04-30
https://itch.io/c/7394649/horror-2,,2026-04-30
https://itch.io/c/7394652/ver-despus,,2026-04-30
https://itch.io/c/7394655/yuxuanm1s-collection,,2026-04-30
https://itch.io/c/7394657/flame20700s-collection,,2026-04-30
https://itch.io/c/7394663/bunbunkunos-collection,,2026-04-30
https://itch.io/c/7394667/interesting-demos,,2026-04-30
https://itch.io/c/7394678/unicornssparkles-collection,,2026-04-30
https://itch.io/c/7394690/l1,,2026-04-30
https://itch.io/c/7394718/played,,2026-04-30
https://itch.io/c/7394730/gbc-assets,,2026-04-30
https://itch.io/c/7394733/setbug7s-collection,,2026-04-30
https://itch.io/c/7394746/otome,,2026-04-30
https://itch.io/c/7394750/sektorniers-collection,,2026-04-30
https://itch.io/c/7394770/babbling-brooks-collection,,2026-04-30
https://itch.io/c/7394775/fnaf,,2026-04-30
https://itch.io/c/7394778/noodlings-collection,,2026-04-30
https://itch.io/c/7394812/mica67789s-collection,,2026-04-30
https://itch.io/c/7394819/tsukiro11s-collection,,2026-04-30
https://itch.io/c/7394850/music,,2026-04-30
https://itch.io/c/7394882/cherri3lues-collection,,2026-04-30
https://itch.io/c/7394901/goldzombis-collection,,2026-04-30
https://itch.io/c/7394909/kyralives-collection,,2026-04-30
https://itch.io/c/7394910/visual-novels-i-love,,2026-04-30
https://itch.io/c/7394914/chunkings-collection,,2026-04-30
https://itch.io/c/7394921/stacygotbored123s-collection,,2026-04-30
https://itch.io/c/7394936/husbands-or-more,,2026-04-30
https://itch.io/c/7394941/my-boyfriends,,2026-04-30
https://itch.io/c/7394982/froofs-collection,,2026-04-30
https://itch.io/c/7394988/solo-games,,2026-04-30
https://itch.io/c/7394990/downloaded,,2026-04-30
https://itch.io/c/7394991/shelby007s-collection,,2026-04-30
https://itch.io/c/7394997/neo-geo-rom,,2026-04-30
https://itch.io/c/7395041/agdsgasgss-collection,,2026-04-30
https://itch.io/c/7395047/t-shawtyyys-collection,,2026-04-30
https://itch.io/c/7395066/game-probar,,2026-04-30
https://itch.io/c/7395078/arcane-acres,,2026-04-30
https://itch.io/c/7395105/spartacuslovethemes-collection,,2026-04-30
https://itch.io/c/7395119/aetherps-collection,,2026-04-30
https://itch.io/c/7395121/blebbles-collection,,2026-04-30
https://itch.io/c/7395131/the-it-the,,2026-04-30
https://itch.io/c/7395148/3812155s-collection,,2026-04-30
https://itch.io/c/7395168/afflictionns-collection,,2026-04-30
https://itch.io/c/7395172/lilithexiles-collection,,2026-04-30
https://itch.io/c/7395174/evanwins-collection,,2026-04-30
https://itch.io/c/7395176/play-someday-solo-rpgs,,2026-04-30
https://itch.io/c/7395188/lewd-stuff,,2026-04-30
https://itch.io/c/7395202/8x8-survival,,2026-04-30
https://itch.io/c/7395220/lilithexiles-collection,,2026-04-30
https://itch.io/c/7395234/sar08ben-designs-collection,,2026-04-30
https://itch.io/c/7395245,,2026-04-30
https://itch.io/c/7395250/sand-box,,2026-04-30
https://itch.io/c/7395268/games-i-saw-someone-play-idk,,2026-04-30
https://itch.io/c/7395295/fav-games,,2026-04-30
https://itch.io/c/7395296/games-i-wanna-play-when-i-cant-sleep,,2026-04-30
https://itch.io/c/7395308/shadowknight20s-collection,,2026-04-30
https://itch.io/c/7395340/cherryjellieds-collection,,2026-04-30
https://itch.io/c/7395345/prince-patterns-collection,,2026-04-30
https://itch.io/c/7395357/darkous-collection,,2026-04-30
https://itch.io/c/7395385/sashalyns-collection,,2026-04-30
https://itch.io/c/7395390/frutapochadas-collection,,2026-04-30
https://itch.io/c/7395392/greenhat2026s-collection,,2026-04-30
https://itch.io/c/7395394/otomes-raros,,2026-04-30
https://itch.io/c/7395401/aryan452s-collection,,2026-04-30
https://itch.io/c/7395404/ev-sakurs-collection,,2026-04-30
https://itch.io/c/7395405/download,,2026-04-30
https://itch.io/c/7395429/chrismas-horror,,2026-04-30
https://itch.io/c/7395441/classics,,2026-04-30
https://itch.io/c/7395454/aftonreds-collection,,2026-04-30
https://itch.io/c/7395455/games-to-try,,2026-04-30
https://itch.io/c/7395497/illdothefandangooos-collection,,2026-04-30
https://itch.io/c/7395510/corn-worth-remembering,,2026-04-30
https://itch.io/c/7395519/kpizzle-aotps-collection,,2026-04-30
https://itch.io/c/7395539/games-i-need-to-try,,2026-04-30
https://itch.io/c/7395587/misc,,2026-04-30
https://itch.io/c/7395599/yayayaya,,2026-04-30
https://itch.io/c/7395612/games-to-download,,2026-04-30
https://itch.io/c/7395620/anfyjs-collection,,2026-04-30
https://itch.io/c/7395652/limbnulls-collection,,2026-04-30
https://itch.io/c/7395672/jueguios,,2026-04-30
https://itch.io/c/7395676/visual-novels,,2026-04-30
https://itch.io/c/7395683/nsfwtwines-collection,,2026-04-30
https://itch.io/c/7395718,,2026-04-30
https://itch.io/c/7395729/sexy,,2026-04-30
https://itch.io/c/7395731,,2026-04-30
https://itch.io/c/7395735/jocnris-collection,,2026-04-30
https://itch.io/c/7395738/games-ive-streamed,,2026-04-30
https://itch.io/c/7395755/android-games,,2026-04-30
https://itch.io/c/7395756/my-all-time-3,,2026-04-30
https://itch.io/c/7395758/yandere,,2026-04-30
https://itch.io/c/7395793/izzyglizzy67s-collection,,2026-04-30
https://itch.io/c/7395796/weird,,2026-04-30
https://itch.io/c/7395797/need-test,,2026-04-30
https://itch.io/c/7395803/to-play,,2026-04-30
https://itch.io/c/7395805/hulsam,,2026-04-30
https://itch.io/c/7395814/virtual-novels,,2026-04-30
https://itch.io/c/7395820/assets,,2026-04-30
https://itch.io/c/7395822/genverschus-collection,,2026-04-30
https://itch.io/c/7395863/96anons-collection,,2026-04-30
https://itch.io/c/7395864/luksusmuksus-collection,,2026-04-30
https://itch.io/c/7395883/bergnorfs-collection,,2026-04-30
https://itch.io/c/7395895/game-boy-games,,2026-04-30
https://itch.io/c/7395927/mnb234s-collection,,2026-04-30
https://itch.io/c/7395931/big-guy-ivs-collection,,2026-04-30
https://itch.io/c/7395959/wishlist,,2026-04-30
https://itch.io/c/7396028/aseprite-ext,,2026-04-30
https://itch.io/c/7396031/1314520wxjs-collection,,2026-04-30
https://itch.io/c/7396056/twine,,2026-04-30
https://itch.io/c/7396074/kel1xs-collection,,2026-04-30
https://itch.io/c/7396089/neith15s-collection,,2026-04-30
https://itch.io/c/7396096/preggo-jam-4-to-try,,2026-04-30
https://itch.io/c/7396144/games-i-will-play,,2026-04-30
https://itch.io/c/7396148/a-silly-nsfw-collection-2,,2026-04-30
https://itch.io/c/7396157/try-out-later-download,,2026-04-30
https://itch.io/c/7396165/amy1109222s-collection,,2026-04-30
https://itch.io/c/7396195/nyot,,2026-04-30
https://itch.io/c/7396200/adolok14s-collection,,2026-04-30
https://itch.io/c/7396213/1,,2026-04-30
https://itch.io/c/7396219/wish-i-could-play,,2026-04-30
https://itch.io/c/7396224/bookshelf,,2026-04-30
https://itch.io/c/7396246/xtriys-collection,,2026-04-30
https://itch.io/c/7396257/hi,,2026-04-30
https://itch.io/c/7396271/jhsos-collection,,2026-04-30
https://itch.io/c/7396277/k2h2os-collection,,2026-04-30
https://itch.io/c/7396318/sets,,2026-04-30
https://itch.io/c/7396347/subpals11s-collection,,2026-04-30
https://itch.io/c/7396352/played,,2026-04-30
https://itch.io/c/7396354/good-ones,,2026-04-30
https://itch.io/c/7396360/fiksi,,2026-04-30
https://itch.io/c/7396363/toil3ts-collection,,2026-04-30
https://itch.io/c/7396365/kilinierams-collection,,2026-04-30
https://itch.io/c/7396367/pc,,2026-04-30
https://itch.io/c/7396374/game-assets,,2026-04-30
https://itch.io/c/7396376/swiftbanshees-collection,,2026-04-30
https://itch.io/c/7396377/subpals11s-collection,,2026-04-30
https://itch.io/c/7396403/leonssentinel1s-collection,,2026-04-30
https://itch.io/c/7396406/laced-laxatives-collection,,2026-04-30
https://itch.io/c/7396408/fire-vortex09s-collection,,2026-04-30
https://itch.io/c/7396416/to-do-mayba,,2026-04-30
https://itch.io/c/7396418/gaminwithkingdoms-collection,,2026-04-30
https://itch.io/c/7396446/sqrlbaits-collection,,2026-04-30
https://itch.io/c/7396459/thaoers-collection,,2026-04-30
https://itch.io/c/7396482/3d-assets,,2026-04-30
https://itch.io/c/7396537/afxem-08s-collection,,2026-04-30
https://itch.io/c/7396570/want,,2026-04-30
https://itch.io/c/1022773/puzzles,,2026-04-30
https://itch.io/c/1060384/grimjproductionss-collection,,2026-04-30
https://itch.io/c/1132466/codefighterss-collection,,2026-04-30
https://itch.io/c/1193290/jonkilis-collection,,2026-04-30
https://itch.io/c/1288112/theguy87769s-collection,,2026-04-30
https://itch.io/c/1289889/rat-kings-games,,2026-04-30
https://itch.io/c/1334986/freename-your-price-games-to-check-out-sometime,,2026-04-30
https://itch.io/c/1344316/favourites,,2026-04-30
https://itch.io/c/1398450/yoshimon1s-collection,,2026-04-30
https://itch.io/c/1552275/check-out,,2026-04-30
https://itch.io/c/1609246/comprado,,2026-04-30
https://itch.io/c/1876346/random-curious-games,,2026-04-30
https://itch.io/c/1896733/play-while-streaming,,2026-04-30
https://itch.io/c/1921264/pandaman526s-collection,,2026-04-30
https://itch.io/c/1929915/fons-collection,,2026-04-30
https://itch.io/c/1947779/super-cool-games,,2026-04-30
https://itch.io/c/1954538/play-later,,2026-04-30
https://itch.io/c/2061155/exploration,,2026-04-30
https://itch.io/c/2355300/cscousinss-collection,,2026-04-30
https://itch.io/c/2466511/the-games,,2026-04-30
https://itch.io/c/2470640/kuss-is-wolfs-collection,,2026-04-30
https://itch.io/c/2492035/lauriams-collection,,2026-04-30
https://itch.io/c/2536235/dach-gamejamparty-games,,2026-04-30
https://itch.io/c/2558354/cool-softs-ressources,,2026-04-30
https://itch.io/c/2637030/idle-games,,2026-04-30
https://itch.io/c/2648944/chance-paladins-collection,,2026-04-30
https://itch.io/c/2735861/week-jams,,2026-04-30
https://itch.io/c/2737894/tools,,2026-04-30
https://itch.io/c/2761229/razay95s-collection,,2026-04-30
https://itch.io/c/2781591/more-romance,,2026-04-30
https://itch.io/c/2801117/maurofvieiras-collection,,2026-04-30
https://itch.io/c/2825618/xiaoyuo2os-collection,,2026-04-30
https://itch.io/c/2958810/assets,,2026-04-30
https://itch.io/c/2966324/to-play,,2026-04-30
https://itch.io/c/3050515/adult-game,,2026-04-30
https://itch.io/c/3101411/tools,,2026-04-30
https://itch.io/c/3102894/rpg-games,,2026-04-30
https://itch.io/c/3138764,,2026-04-30
https://itch.io/c/3155150/cool-shit,,2026-04-30
https://itch.io/c/3158687/magiciains-collection,,2026-04-30
https://itch.io/c/3161749/favorites,,2026-04-30
https://itch.io/c/3254346/free-horror,,2026-04-30
https://itch.io/c/3264971/porn,,2026-04-30
https://itch.io/c/3284258/magic-spuds-collection,,2026-04-30
https://itch.io/c/3315963/jams,,2026-04-30
https://itch.io/t/5959201/caelumora-v220-combat-duel,,2026-04-30
https://itch.io/t/6276070/-composer-sound-designer-open-for-indie-projects-paid-6-years-of-experience,,2026-04-30
https://itch.io/t/6276984/animation-paid-revshare-animator-and-2d-programmer-first-animation-free,,2026-04-30
https://itch.io/t/6277507/windbenderio-a-physics-based-online-sailing-game,,2026-04-30
https://itch.io/t/6277519/voice-acting-looking-for-a-voice-actor-for-3d-adventure-game,,2026-04-30
https://itch.io/t/6277582/artgodot-small-studio-looking-for-collaborators,,2026-04-30
https://itch.io/t/6277626/-,,2026-04-30
https://itch.io/t/6277633/game-does-not-appear-in-search,,2026-04-30
https://itch.io/t/6277706/my-released-game-is-not-showing-up-in-search-results,,2026-04-30
https://itch.io/t/6277711/vfx-artist-animator-level-designer-seeking-team-members,,2026-04-30
https://itch.io/t/6277721/qu-comen-los-pobres,,2026-04-30
https://itch.io/t/6277781/can-i-lock-browser-based-html-game-behind-paywall,,2026-04-30
https://itch.io/t/6277860/crypt-of-the-void-sovereign,,2026-04-30
https://itch.io/t/6277870/50-post-apocalyptic-2d-game-backgrounds,,2026-04-30
https://itch.io/t/6277971/working-on-a-music-driven-2d-shooter-for-3-years-i-just-release-a-new-version-for-playtest,,2026-04-30
https://itch.io/t/6278033/programmer-needed-3d-artist-looking-to-create-a-short-horror-experience-with-someone,,2026-04-30
https://itch.io/t/6278042/2d-artist-for-hire-artist-looking-for-a-visual-novel-project-to-work-on,,2026-04-30
https://itch.io/t/6278045/music-looking-for-someone-to-create-soundtrack-for-my-game-nsfw,,2026-04-30
https://itch.io/t/6278086/qa-professional-qa-studio-offering-testing-services-for-indie-studios,,2026-04-30
https://itch.io/t/6278087/pixel-art-slime-enemy,,2026-04-30
https://itch.io/t/6278140/reworking-progression-in-our-roguelike-deckbuilder-looking-for-feedback,,2026-04-30
https://itch.io/t/6278173/looking-for-feedback-on-our-roguelike-deckbuilder-poker-based,,2026-04-30
https://itch.io/t/6278303/lfpprogrammerunityunrealgodotpixiphaserpygame-looking-for-work-as-senior-game-developer,,2026-04-30
https://itch.io/t/6278359/mind-incarnated,,2026-04-30
https://itch.io/t/6278416/echo-tower-use-echolocation-to-navigate-in-this-audio-dungeon-crawler,,2026-04-30
https://itch.io/t/6278501/lgendes-diabloques-devils-legends-ttrpg-fr,,2026-04-30
https://itch.io/t/6278527/neovirus-escape-real-time-survival-colony-alpha,,2026-04-30
https://itch.io/t/6278534/looking-for-feedback-on-real-time-survival-colony-system-neovirus-escape-alpha,,2026-04-30
https://itch.io/t/6278549/neovirus-escape-devlog-1-real-time-colony-system-now-live-alpha,,2026-04-30
https://itch.io/t/6278576/new-horror-game,,2026-04-30
https://itch.io/t/6278610/writing-looking-for-a-writer-for-a-visual-novelnarrative-game,,2026-04-30
https://itch.io/t/6278617/the-nightwardens,,2026-04-30
https://itch.io/t/6278639/metheoria-update-unleash-the-heat,,2026-04-30
https://itch.io/t/6278729/music-looking-for-a-composer-for-my-game-battle-brewers,,2026-04-30
https://itch.io/t/6278756/last-4-days-in-heiwa-city,,2026-04-30
https://itch.io/t/6278777/release-modular-pixel-art-card-ui-kit-5-themes-master-psds,,2026-04-30
https://itch.io/t/6278807/writer-writer-looking-for-new-project,,2026-04-30
https://itch.io/t/6279110/kanelinha-concept-art-handmade-in-photoshop-beginning-the-journey,,2026-04-30
https://itch.io/t/6279256/techniques-of-aura,,2026-04-30
https://itch.io/t/6279288/survival-roguelite-concept-looking-for-dev-partner,,2026-04-30
https://itch.io/t/6279414/out-now-animated-east-3d-polyphonic-synthesizer-plugin-for-macos-and-windows,,2026-04-30
https://itch.io/t/6279676/which-one-should-i-finish-making-first,,2026-04-30
https://itch.io/t/6279727/narrative-designer-looking-for-a-project,,2026-04-30
https://itch.io/t/6280126/the-withered-knight-a-minecraft-comic,,2026-04-30
https://itch.io/t/6280157/lfpunityunrealtech-lead-seeking-technical-co-founder-to-build-prototype,,2026-04-30
https://itch.io/t/6280169/dead-fall-frvr,,2026-04-30
https://itch.io/t/6280210/hire-me-paid-experienced-writer-and-spanish-translator-with-a-shipped-title,,2026-04-30
https://itch.io/t/6280244/do-you-believe-you-are-sane-pupa-project-demo-release,,2026-04-30
https://itch.io/t/6280423/astras-call,,2026-04-30
https://itch.io/t/6280534/new-release-astralnub-a-psychological-anomaly-puzzle-experience,,2026-04-30
https://itch.io/t/6280755/the-girl-from-the-marsh-croft,,2026-04-30
https://itch.io/t/6280757/compositor-apoyo-busco-equipo,,2026-04-30
https://itch.io/t/6280758/happy-stoner-3d,,2026-04-30
https://itch.io/t/6280760/jogo-sonho21a,,2026-04-30
https://itch.io/t/6280761/0-to-100day-blueprint-beginner-friendly-online-income-guide,,2026-04-30
https://itch.io/t/6280762/my-new-browser-game-fameviso-catch-followers-and-dodge-trolls,,2026-04-30
https://itch.io/t/6280763/lfp-710-day-prototype-train-survival-concept-no-budget,,2026-04-30
https://itch.io/t/6281052/vtuber-hentai-game-name-it-however-yall-want,,2026-04-30
https://itch.io/t/6281122/final-deal-html5-demo-version,,2026-04-30
https://itch.io/t/6281251/the-road-of-dust-and-sorrow-demo-is-out-now,,2026-04-30
https://itch.io/t/6281254/game-still-not-indexed-after-8-days-living-with-chainsaw-ticket-360711,,2026-04-30
https://itch.io/t/6281265/orc-slayer-demo,,2026-04-30
https://itch.io/t/6281310/for-hire-indie-musician-looking-to-score-a-game,,2026-04-30
https://itch.io/t/6281358/nock-nock-loose,,2026-04-30
https://itch.io/t/6281373/velora-rising,,2026-04-30
https://itch.io/t/6281393/warehouse-robot-my-version-of-sokoban-game,,2026-04-30
https://itch.io/t/6281440/horrors-of-a-secret-maniac,,2026-04-30
https://itch.io/t/6281479/art-unpaid-2d-illustrator-looking-for-opportunities-to-create-environment-concepts-and-illustrations,,2026-04-30
https://itch.io/t/6281480/collaboration-artist-3d-artist-looking-for-parnets-for-a-commercial-project,,2026-04-30
https://itch.io/t/6281496/korean-english-localization-native-korean-fluent-english-genuine-gamer-offering-to-help-korean-english-localization,,2026-04-30
https://itch.io/t/6281578/music-looking-for-breakcorejungle-tracks-for-my-parkour-game,,2026-04-30
https://itch.io/t/6281610/working-on-my-passion-project-for-5-years-its-a-3d-castle-defender-need-feedback-pls,,2026-04-30
https://itch.io/t/6281621/paidartistterrain3d-technical-environment-artist-for-a-godot-46-indoor-cycling-game,,2026-04-30
https://itch.io/t/6281644/endless-asphalt,,2026-04-30
https://itch.io/t/6281672/night-of-the-skwer,,2026-04-30
https://itch.io/t/6282023/fire-burns-low-gamebook-release,,2026-04-30
https://itch.io/t/6282038/issue-with-tax-interview-validation-us-romania-treaty-rate-not-applied-ticket-361951,,2026-04-30
https://itch.io/t/6282064/does-ai-hatred-hurts-artists-my-experience,,2026-04-30
https://itch.io/t/6282339/title-pazzurumon-challenge-match-3-puzzle-with-150-levels-30-creatures,,2026-04-30
https://itch.io/t/6282479/a-new-minesweeper-different-valued-mines,,2026-04-30
https://itch.io/t/6282505/for-hire-hobbyist-voice-actor-for-both-sfwnsfw-games-and-animations,,2026-04-30
https://itch.io/t/6282570/get-ready-to-be-a-badass-liquid-metal-entity-,,2026-04-30
https://itch.io/t/6282574/bloodbane-the-crimson-nocturne-post-ludum-demo-released,,2026-04-30
https://itch.io/t/6282892/colordash,,2026-04-30
https://itch.io/t/6283003/a-sfw-devlog-on-a-nsfw-yuri-colony-builder,,2026-04-30
https://itch.io/t/6283036/cadence-blade,,2026-04-30
https://itch.io/t/6283160/code-blocks-on-the-forum-dont-respect-empty-lines,,2026-04-30
https://itch.io/t/6283305/orc-slayer-demon-version-002-is-here,,2026-04-30
https://itch.io/t/6283315/payout-stuck-in-review-for-almost-30-days,,2026-04-30
https://itch.io/t/6283325/trameway-network-fps,,2026-04-30
https://itch.io/t/6283711/gamedesigner-rpgmaker-lead-game-designer-needed-for-a-horror-rpg-project,,2026-04-30
https://itch.io/t/6283853/some-random-gaem-try-it-on-mac-before-it-releases,,2026-04-30
https://itch.io/t/6283955/sideris,,2026-04-30
https://itch.io/t/6284043/pre-registration-android-samurai-bounce-looking-for-beta-testers-for-upcoming-release,,2026-04-30
https://itch.io/t/6284136/free-tiny-rooms-asset-pack-16x16,,2026-04-30
https://itch.io/t/6284164/stylistic-survival-game-in-ue5-looking-to-form-a-team,,2026-04-30
https://itch.io/t/6284170/ranger-of-ancuria-just-launched-my-demo,,2026-04-30
https://itch.io/t/6284237/car-guy-simulator-is-officially-live,,2026-04-30
https://itch.io/t/6284245/the-secret-of-donut-island-free-trump-parody-browser-game,,2026-04-30
https://itch.io/t/6284260/volunteer-organizerscoordinators-wanted-for-summer-game-jam,,2026-04-30
https://itch.io/t/6284324/neon-slice-v076-the-artifact-expansion-8-new-enemies-9-new-power-ups,,2026-04-30
https://itch.io/t/6284424/defuser-rush-is-now-playable-in-your-browser,,2026-04-30
https://itch.io/t/6284503/caps-kickers-just-released,,2026-04-30
https://itch.io/t/6284509/help-test-3d-rasterizer-engine,,2026-04-30
https://itch.io/t/6284526/hope-01-demo-released-lovechild-of-metroidvania-and-an-extraction-game,,2026-04-30
https://itch.io/t/6284610/coup-dkoala,,2026-04-30
https://itch.io/t/6284692/small-slime-puzzle-game-i-made-is-it-fun,,2026-04-30
https://itch.io/t/6284711/new-pack-out-mercenary-figures,,2026-04-30
https://itch.io/t/6284922/pre-registration-android-samurai-bounce-looking-for-beta-testers-for-upcoming-release,,2026-04-30
https://itch.io/t/6285043/we-want-another-3d-artist-in-our-team,,2026-04-30
https://itch.io/t/6285233/i-turned-my-bachelor-thesis-into-a-15-minute-dystopian-decision-game,,2026-04-30
https://itch.io/t/6285241/word-hullabaloo-looking-for-feedback-on-word-game,,2026-04-30
https://itch.io/t/6285274/artist-revsharepaidseeking-partner-for-strand-type-puzzle-game,,2026-04-30
https://itch.io/t/6285275/i-made-a-pixel-game-where-bombs-are-your-only-way-out-,,2026-04-30
https://itch.io/t/6285278/goanimehelper-app-de-anime-gratis,,2026-04-30
https://itch.io/t/6285279/-rev-share-rpg-card-game-project-looking-for-an-artist,,2026-04-30
https://itch.io/t/6285282/poszukuje-pomocy-w-tworzeniu,,2026-04-30
https://itch.io/t/6285286/poszukuje-pomocy,,2026-04-30
https://itch.io/t/6285293/overdose-delusion-demo-is-officially-live,,2026-04-30
https://itch.io/t/6285302/i-made-new-games,,2026-04-30
https://itch.io/t/6285445/analytics-broken,,2026-04-30
https://itch.io/t/6285757/farm-chef-is-now-available,,2026-04-30
https://itch.io/t/6285849/my-first-published-game-dice-tech-dominion,,2026-04-30
https://itch.io/t/6285915/godotprogrammerrevshares-we-need-a-programmer-to-build-a-co-op-mode,,2026-04-30
https://itch.io/t/6286020/composer-ambientfantasy-composer-looking-for-work,,2026-04-30
https://itch.io/t/6286097/need-help-uploading-game,,2026-04-30
https://itch.io/t/6286114/always-choosing-visual-novel-game-,,2026-04-30
https://itch.io/t/6286123/release-roguelike-game-magical-girl-yusya-chan-and-the-labyrinth-of-lust-demo,,2026-04-30
https://itch.io/t/6286183/roguelike-from-idea-to-release-in-just-a-few-days,,2026-04-30
https://itch.io/t/6286204/50-modern-2d-game-backgrounds,,2026-04-30
https://itch.io/t/6286216/sending-and-receiving-kind-letters-from-strangers-in-a-cozy-game,,2026-04-30
https://itch.io/t/6286243/i-can-do-free-turkish-translation-and-voiceovers,,2026-04-30
https://itch.io/t/6286286/returner-a-metroidvania-where-you-possess-enemies-playtests-starts-soon,,2026-04-30
https://itch.io/t/6286304/question-about-views,,2026-04-30
https://itch.io/t/6286351/i-made-a-free-browser-billiards-puzzle-game-10-levels-neon-glow-works-on-mobile-,,2026-04-30
https://itch.io/t/6286352/shawarma-simulator-3d-is-live,,2026-04-30
https://itch.io/t/6286366/sea-of-notes,,2026-04-30
https://bibeleskas.itch.io/david-sympa,,2026-04-30
https://bibeleskas.itch.io/birdy-nest-fall,,2026-04-30
https://bibeleskas.itch.io/superlife-chanma-12k,,2026-04-30
https://pflovv.itch.io/mow,,2026-04-30
https://pflovv.itch.io/under-the-tree,,2026-04-30
https://pflovv.itch.io/minituta,,2026-04-30
https://pflovv.itch.io/homecat,,2026-04-30
https://vildkiwi.itch.io/kiwi-games,,2026-04-30
https://dreamypixelart.itch.io/pixel-art-effect-water-ice,,2026-04-30
https://dreamypixelart.itch.io/pixel-art-effect-electric,,2026-04-30
https://dreamypixelart.itch.io/pixel-art-effect-skill,,2026-04-30
https://dreamypixelart.itch.io/pixel-art-effect-buff,,2026-04-30
https://dreamypixelart.itch.io/pixel-top-down-enemy-01,,2026-04-30
https://dreamypixelart.itch.io/pixel-top-down-enemy-02,,2026-04-30
https://dreamypixelart.itch.io/pixel-art-interiors,,2026-04-30
https://skanderiskander.itch.io/wings-of-combat,,2026-04-30
https://vildkiwi.itch.io/kiwi-2d,,2026-04-30
https://synthaxed.itch.io/orbital-defence,,2026-04-30
https://lxqy.itch.io/coffeeman,,2026-04-30
https://lxqy.itch.io/green-and-yellows-adventure,,2026-04-30
https://lxqy.itch.io/separated-slimes,,2026-04-30
https://vildkiwi.itch.io/game,,2026-04-30
https://hidden1te.itch.io/vcafjfgt,,2026-04-30
https://wbdevelopsgames.itch.io/heros-path,,2026-04-30
https://wbdevelopsgames.itch.io/the-scuffed-spear,,2026-04-30
https://ghost-filament.itch.io/basement,,2026-04-30
https://vildkiwi.itch.io/wizard-battle,,2026-04-30
https://hidden1te.itch.io/moma,,2026-04-30
https://xxmonsterclawsgamesxx.itch.io/dashie-night-the-horror-game,,2026-04-30
https://hidden1te.itch.io/insanity-catalyst,,2026-04-30
https://vildkiwi.itch.io/parcour-simulator-ultimate,,2026-04-30
https://gander-gaming.itch.io/grok-1e,,2026-04-30
https://hidden1te.itch.io/press-w-to-move-forward,,2026-04-30
https://lxqy.itch.io/cavern-cracker,,2026-04-30
https://hidden1te.itch.io/marinated-guide-to-game-making,,2026-04-30
https://pflovv.itch.io/manpowered-spaceship,,2026-04-30
https://lxqy.itch.io/cascade,,2026-04-30
https://dreamypixelart.itch.io/pixelart-animated-emoticon-pack,,2026-04-30
https://manovel.itch.io/flappy-blue,,2026-04-30
https://synthaxed.itch.io/cooking-bot-9000,,2026-04-30
https://mtcteam.itch.io/bsamt-beta,,2026-04-30
https://mtcteam.itch.io/asamt-beta,,2026-04-30
https://jobo-demo.itch.io/dicey-dans-decline-working-build,,2026-04-30
https://structurefrommotion.itch.io/tanuki-tag,,2026-04-30
https://ketchup-dev.itch.io/watering-dirt-ea,,2026-04-30
https://synthaxed.itch.io/overgrown,,2026-04-30
https://dreamypixelart.itch.io/pixel-top-down-enemy-03,,2026-04-30
https://hidden1te.itch.io/juvenoia,,2026-04-30
https://dreamypixelart.itch.io/pixel-art-effect-poison,,2026-04-30
https://hidden1te.itch.io/pong-for-one,,2026-04-30
https://sidewaygames.itch.io/magically-mundane,,2026-04-30
https://sidewaygames.itch.io/wake-the-witch-web,,2026-04-30
https://lxqy.itch.io/dungeongame,,2026-04-30
https://sidewaygames.itch.io/swiper,,2026-04-30
https://structurefrommotion.itch.io/box-game,,2026-04-30
https://ketchup-dev.itch.io/gain,,2026-04-30
https://lxqy.itch.io/ryan-la,,2026-04-30
https://sebpata.itch.io/mutt,,2026-04-30
https://vildkiwi.itch.io/snake-prototype,,2026-04-30
https://ousamaplays.itch.io/park-chill,,2026-04-30
https://hidden1te.itch.io/cyberside-picnic,,2026-04-30
https://tonguesurgery.itch.io/doppel,,2026-04-30
https://pflovv.itch.io/50-twitch-panels-pixelart-gold-bricks,,2026-04-30
https://pflovv.itch.io/twitch-panels-50-spacebar-pixel-silver,,2026-04-30
https://pflovv.itch.io/twitch-panels-50-pixelart-spacebar-pink,,2026-04-30
https://pflovv.itch.io/tp-spacebarblue,,2026-04-30
https://pflovv.itch.io/twitch-panels-cutie-cookie,,2026-04-30
https://hidden1te.itch.io/grimace-fxxking-milkshake,,2026-04-30
https://dreamypixelart.itch.io/pixel-top-down-enemy-bee,,2026-04-30
https://dreamypixelart.itch.io/pixel-top-down-enemy-seed,,2026-04-30
https://dreamypixelart.itch.io/pixel-top-down-enemy-grimer,,2026-04-30
https://reroll.itch.io/medular-conclave,,2026-04-30
https://structurefrommotion.itch.io/house-of-1000-fowl,,2026-04-30
https://pflovv.itch.io/wavedepth,,2026-04-30
https://suoly.itch.io/january-2017,,2026-04-30
https://bibeleskas.itch.io/butterscotch-shenanijam-initial-blood,,2026-04-30
https://bibeleskas.itch.io/soul-bools,,2026-04-30
https://pflovv.itch.io/tone-friends,,2026-04-30
https://mrgigabuster.itch.io/gigabuster,,2026-04-30
https://pflovv.itch.io/aquarium-equilibrium,,2026-04-30
https://fair-fields.itch.io/proj-am,,2026-04-30
https://hub1x.itch.io/system-takeover,,2026-04-30
https://patitodemarigold.itch.io/a-simple-duck,,2026-04-30
https://oykdon93.itch.io/ari-sokoban,,2026-04-30
https://tomo-games.itch.io/echoes,,2026-04-30
https://kaderblastgames.itch.io/enabled,,2026-04-30
https://kaderblastgames.itch.io/tough-but-fair,,2026-04-30
https://patitodemarigold.itch.io/in-the-dark,,2026-04-30
https://patitodemarigold.itch.io/sir-cumster-the-third-next-journey,,2026-04-30
https://untold3.itch.io/dog-hunter,,2026-04-30
https://untold3.itch.io/uglerod,,2026-04-30
https://patitodemarigold.itch.io/the-frog-vs-the-fly,,2026-04-30
https://stinabina.itch.io/chanterelle,,2026-04-30
https://metalstick.itch.io/saveturkey,,2026-04-30
https://patitodemarigold.itch.io/the-race-between,,2026-04-30
https://residence-studios.itch.io/chickventure,,2026-04-30
https://patitodemarigold.itch.io/a-night-to-live,,2026-04-30
https://xalezar.itch.io/nymble-2,,2026-04-30
https://noncorporaterat.itch.io/last-flight-2d,,2026-04-30
https://supergiraffe11.itch.io/swan-showdown,,2026-04-30
https://patitodemarigold.itch.io/expert-hamster-simulator,,2026-04-30
https://cotistudios.itch.io/little-platformer,,2026-04-30
https://untold3.itch.io/fartingeating,,2026-04-30
https://eggdog-media.itch.io/musicsmaybe,,2026-04-30
https://ygamedev007.itch.io/lets-finish,,2026-04-30
https://artu5000.itch.io/protector,,2026-04-30
https://elvgames.itch.io/hidden-temple-16x16-tileset,,2026-04-30
https://hidden1te.itch.io/mouth-piece,,2026-04-30
https://micz.itch.io/dots-challange-1-game-of-life,,2026-04-30
https://ketchup-dev.itch.io/circular-boost-demo,,2026-04-30
https://tomo-games.itch.io/castlemania,,2026-04-30
https://pflovv.itch.io/ctab,,2026-04-30
https://kaderblastgames.itch.io/the-moonlooker,,2026-04-30
https://tomo-games.itch.io/jump-charge-goal,,2026-04-30
https://k3an1107.itch.io/th3-0nly-sav10r-chapter-1,,2026-04-30
https://bandanagames.itch.io/project-rat,,2026-04-30
https://iv-orbit.itch.io/topoloco,,2026-04-30
https://antonispylos.itch.io/pyrions,,2026-04-30
https://tomo-games.itch.io/parallax-editor,,2026-04-30
https://ugligames.itch.io/portal-pals,,2026-04-30
https://mansilla87.itch.io/the-corpse-collector-v1,,2026-04-30
https://starpunchstudios.itch.io/high-rollers,,2026-04-30
https://antonispylos.itch.io/mystic-fog-maze-jam,,2026-04-30
https://yared.itch.io/flybird,,2026-04-30
https://violetman73.itch.io/duck-hell-infinity,,2026-04-30
https://antonispylos.itch.io/deadly-expressions-survival-mode,,2026-04-30
https://gooselevram.itch.io/i-am-bally,,2026-04-30
https://doppeltilde.itch.io/gelesen,,2026-04-30
https://college-archive-s-2007.itch.io/city-game-first-unity-project,,2026-04-30
https://college-archive-s-2007.itch.io/unity-project-zombie-booming,,2026-04-30
https://dalesi.itch.io/deeply-dark-found-footage,,2026-04-30
https://libbypeteanim.itch.io/the-pumpkin-knight,,2026-04-30
https://mehmethans.itch.io/colorstrike,,2026-04-30
https://antonispylos.itch.io/reclaiming-freedom,,2026-04-30
https://axortheaxolotl.itch.io/the-garn47-archive,,2026-04-30
https://el-espriteador.itch.io/sundera,,2026-04-30
https://hidden1te.itch.io/ground-genie,,2026-04-30
https://antonispylos.itch.io/ancient-potato-alpha,,2026-04-30
https://mgearhart.itch.io/grims-little-helperr,,2026-04-30
https://cevik.itch.io/balsilah,,2026-04-30
https://college-archive-s-2007.itch.io/unity-project-platformer-game-oni-chase,,2026-04-30
https://blackrift-games.itch.io/ammo-aria-2,,2026-04-30
https://permafrost-studios.itch.io/free-platformer-player,,2026-04-30
https://permafrost-studios.itch.io/pumpkin-playerpum,,2026-04-30
https://permafrost-studios.itch.io/drill-player,,2026-04-30
https://permafrost-studios.itch.io/3d-sword,,2026-04-30
https://bandanagames.itch.io/project-aper-alpha,,2026-04-30
https://low-poly-entertainment.itch.io/tori-adventure-chapter-0,,2026-04-30
https://college-archive-s-2007.itch.io/eradication-extreme-jam-submission,,2026-04-30
https://lunardevz.itch.io/digiart3d,,2026-04-30
https://blackrift-games.itch.io/ammo-aria-3,,2026-04-30
https://timelesscode.itch.io/aero,,2026-04-30
https://blackrift-games.itch.io/wrath-unleashed,,2026-04-30
https://dressedcap.itch.io/1,,2026-04-30
https://moxiekiki.itch.io/oldverbambishellscape,,2026-04-30
https://moxiekiki.itch.io/sprunkithedefinitive,,2026-04-30
https://ahmetakar.itch.io/despair,,2026-04-30
https://nerbos.itch.io/horros-labyrinth,,2026-04-30
https://patitodemarigold.itch.io/out-at-sea,,2026-04-30
https://ehg-bob-studios.itch.io/quack,,2026-04-30
https://moxiekiki.itch.io/vsbambithehellscape,,2026-04-30
https://punkryden.itch.io/tidescape,,2026-04-30
https://tomo-games.itch.io/stick-head-bump,,2026-04-30
https://shindins.itch.io/call-to-eire,,2026-04-30
https://nonjaa.itch.io/blue,,2026-04-30
https://bandanagames.itch.io/vrmania,,2026-04-30
https://cevik.itch.io/desertfast,,2026-04-30
https://antonispylos.itch.io/reclaiming-freedom-english,,2026-04-30
https://ethan-elitez.itch.io/game-night-stuck-in-space,,2026-04-30
https://creatureno9.itch.io/game-meowster-magazine-v1-1,,2026-04-30
https://mksf-birdup.itch.io/puzzletd,,2026-04-30
https://mecha176.itch.io/epic-pianogun,,2026-04-30
https://fry-3.itch.io/tag-go,,2026-04-30
https://bandanagames.itch.io/bandanas-horror,,2026-04-30
https://koalasheep.itch.io/froglands-math-test,,2026-04-30
https://mrgigabuster.itch.io/amber-throne,,2026-04-30
https://pro-human.itch.io/eyeland,,2026-04-30
https://3dexter.itch.io/shotgun-ps1,,2026-04-30
https://bobr-utka.itch.io/cbdvs,,2026-04-30
https://last-minute-enjoyers.itch.io/crash-crawl,,2026-04-30
https://charmy55.itch.io/cookietagging,,2026-04-30
https://college-archive-s-2007.itch.io/hexagon-defenders,,2026-04-30
https://bandanagames.itch.io/cactus-tag,,2026-04-30
https://michaelrunderwood.itch.io/bastion-of-hope,,2026-04-30
https://matt-san.itch.io/pixelaxy,,2026-04-30
https://freshfromthecoven.itch.io/inter-view,,2026-04-30
https://pflovv.itch.io/life-simulator,,2026-04-30
https://cpufi.itch.io/1m1l,,2026-04-30
https://threecogsinteractive.itch.io/da-bridge-troll,,2026-04-30
https://mrgigabuster.itch.io/leviathan,,2026-04-30
https://yagistry.itch.io/introspect,,2026-04-30
https://bandanagames.itch.io/m-tag,,2026-04-30
https://fry-3.itch.io/vr-tag,,2026-04-30
https://iterminal.itch.io/terminals-low-poly-pack-roblox,,2026-04-30
https://fibergamesvr.itch.io/fear-factory-test,,2026-04-30
https://isgro-ailin.itch.io/adventures-land,,2026-04-30
https://bandanagames.itch.io/monke-fun-zone,,2026-04-30
https://caitothebaldimodder.itch.io/max-campsite,,2026-04-30
https://hackerm2ol1.itch.io/foodetective,,2026-04-30
https://grigoriy-art.itch.io/quintessential-arctic,,2026-04-30
https://iterminal.itch.io/low-poly-furniture-pack-50-stylized-game-ready-assets-for-unity-unreal-roblox,,2026-04-30
https://bandanagames.itch.io/owl-tag,,2026-04-30
https://bandanagames.itch.io/doodle-tag,,2026-04-30
https://caetanoxd.itch.io/5-days,,2026-04-30
https://otto-sprunki.itch.io/garnoldsrealm,,2026-04-30
https://balkor.itch.io/blindspot,,2026-04-30
https://ahmetakar.itch.io/bird-splash,,2026-04-30
https://modest-cog.itch.io/amp,,2026-04-30
https://hackerm2ol1.itch.io/math-racing,,2026-04-30
https://esfero-gamedev.itch.io/collect-trash,,2026-04-30
https://ehg-bob-studios.itch.io/logloop,,2026-04-30
https://foolish-me-studios.itch.io/a-maze-in-mouse-looping-castle,,2026-04-30
https://noncorporaterat.itch.io/blot-fugitive,,2026-04-30
https://tomo-games.itch.io/an-old-fashioned-please,,2026-04-30
https://esfero-gamedev.itch.io/asteroid,,2026-04-30
https://himpienice-itchdotio.itch.io/sprunkibutiredrawit,,2026-04-30
https://tristenmacpherson.itch.io/educe,,2026-04-30
https://neze.itch.io/wizard-finals-demo,,2026-04-30
https://mohamed-unity-games.itch.io/tiny-warriors-vs-zombies,,2026-04-30
https://threecogsinteractive.itch.io/yes-my-warlord,,2026-04-30
https://afuexistente.itch.io/llautfern,,2026-04-30
https://abrig67.itch.io/apraworks,,2026-04-30
https://ehg-bob-studios.itch.io/mrexplorer,,2026-04-30
https://marconathan.itch.io/risk-it-for-biscuit,,2026-04-30
https://ehg-bob-studios.itch.io/joompus,,2026-04-30
https://foolish-me-studios.itch.io/a-maze-in-mouse-roguelike,,2026-04-30
https://bughani.itch.io/reel-of-memories,,2026-04-30
https://inktrauma.itch.io/chairs-pack-free,,2026-04-30
https://barnabe-wild.itch.io/low-poly-rigged-character,,2026-04-30
https://inktrauma.itch.io/tables-asset-pack,,2026-04-30
https://mcsteeg.itch.io/medieval-weapons-pack,,2026-04-30
https://goldengoose-games.itch.io/biskit-frog,,2026-04-30
https://inktrauma.itch.io/sounds-of-horror,,2026-04-30
https://ehg-bob-studios.itch.io/balance,,2026-04-30
https://lunardevz.itch.io/yolkmoney,,2026-04-30
https://yosoyverso.itch.io/unidos-por-la-musica,,2026-04-30
https://chebbahiyad.itch.io/sop,,2026-04-30
https://marconathan.itch.io/ghost-frame,,2026-04-30
https://noncorporaterat.itch.io/final-plunge,,2026-04-30
https://vancann.itch.io/batak-hami,,2026-04-30
https://caitothebaldimodder.itch.io/ogli-super-mega-scary-tycoon-game-why-i-can-use-the-15th-letter-on-the-spanish-1,,2026-04-30
https://ehg-bob-studios.itch.io/dau,,2026-04-30
https://remnation-productions.itch.io/the-endless-adventure-of-redhead,,2026-04-30
https://kenmaster-q2x.itch.io/tropical-rainforest,,2026-04-30
https://ehg-bob-studios.itch.io/flock,,2026-04-30
https://jasonosmond.itch.io/bakeneko,,2026-04-30
https://tomo-games.itch.io/benis-birthday,,2026-04-30
https://frostpunchgames.itch.io/screen-diffusion-v01,,2026-04-30
https://laggiga.itch.io/paintings,,2026-04-30
https://college-archive-s-2007.itch.io/tanks-and-glory-beta,,2026-04-30
https://kenmaster-q2x.itch.io/invisible-monster-v070,,2026-04-30
https://knokoat.itch.io/kanto-from-leafgreen-in-minecraft,,2026-04-30
https://cstampgames.itch.io/dungeon-break,,2026-04-30
https://marconathan.itch.io/tierra-raz,,2026-04-30
https://d3x-productions.itch.io/sunset-runners,,2026-04-30
https://vexs-forge.itch.io/vexs-forge-modular-start-pack-free-for-life,,2026-04-30
https://odd-packer.itch.io/scary-timmy-01-bugly-edition,,2026-04-30
https://bitbytedev.itch.io/fps-zombie-shooter-project,,2026-04-30
https://leo-boye.itch.io/pi,,2026-04-30
https://marconathan.itch.io/little-soul,,2026-04-30
https://justinh9999.itch.io/justanotherpush,,2026-04-30
https://ehg-bob-studios.itch.io/bloom,,2026-04-30
https://ulysseandcharybde.itch.io/legendes-diaboliques,,2026-04-30
https://quimproductions.itch.io/shed-of-terter,,2026-04-30
https://ehg-bob-studios.itch.io/billy1,,2026-04-30
https://mietekdev.itch.io/sit-not-to-drown,,2026-04-30
https://kenmaster-q2x.itch.io/new-game-tales-of-makaia-the-lost-crown,,2026-04-30
https://dark-reflex-games.itch.io/altitude-intrusion,,2026-04-30
https://marconathan.itch.io/castle-adventure,,2026-04-30
https://caitothebaldimodder.itch.io/degkis-catastrofic-store,,2026-04-30
https://gtwuclagmailcom.itch.io/the-fire-burns-low-book-of-mortals,,2026-04-30
https://jil-hue.itch.io/orb-orb-magi,,2026-04-30
https://625-lkw.itch.io/maurice-mouse-puzzlescript,,2026-04-30
https://kaderblastgames.itch.io/thank-you-come-again,,2026-04-30
https://marconathan.itch.io/fragments-of-memory,,2026-04-30
https://milkmelon69.itch.io/softcore-doa-girls-classic-3d-style,,2026-04-30
https://devkrish.itch.io/atrophy,,2026-04-30
https://marconathan.itch.io/tank-battle,,2026-04-30
https://ifthenelse-interactive.itch.io/deities-eris,,2026-04-30
https://ifthenelse-interactive.itch.io/deities-eris-portraits,,2026-04-30
https://acid-cookie.itch.io/frog-telephone,,2026-04-30
https://firewood-studio.itch.io/firetime-classic,,2026-04-30
https://structurefrommotion.itch.io/welcome-to-the-gap,,2026-04-30
https://ehg-bob-studios.itch.io/dupo,,2026-04-30
https://matzxzx.itch.io/monochromatic-aberration,,2026-04-30
https://kenmaster-q2x.itch.io/the-old-machine-mage-knight-pixel-art-attack-animation-only,,2026-04-30
https://silvermedal.itch.io/case-cryosleep-killer,,2026-04-30
https://milkmelon69.itch.io/aleenes-nnn-shenanigans,,2026-04-30
https://open-alpha-usc.itch.io/neuromancer,,2026-04-30
https://alespalluto.itch.io/omar-e-dubi,,2026-04-30
https://drfb-official.itch.io/gorilla-tag-dead-existence-web-comic-preview,,2026-04-30
https://modest-cog.itch.io/vista-flyer-qa,,2026-04-30
https://mtm79.itch.io/pong-game,,2026-04-30
https://puzzlealan.itch.io/combination-lock,,2026-04-30
https://kayleighforeign.itch.io/mcon-rebound,,2026-04-30
https://dpsa-264940.itch.io/30-seconds-for-live-beta,,2026-04-30
https://foolish-me-studios.itch.io/a-maze-in-mouse-demo-01,,2026-04-30
https://milkmelon69.itch.io/aleenes-nnn-shenanigans-bonus-episode,,2026-04-30
https://memostudio.itch.io/insomnia-club,,2026-04-30
https://ehg-bob-studios.itch.io/ploplet,,2026-04-30
https://thatoneandonly.itch.io/checkerschecking,,2026-04-30
https://college-archive-s-2007.itch.io/midnight-city-showcase,,2026-04-30
https://pflovv.itch.io/bb,,2026-04-30
https://hakanlik.itch.io/tickback,,2026-04-30
https://redfrogu.itch.io/oryxys,,2026-04-30
https://ehg-bob-studios.itch.io/obclus,,2026-04-30
https://kenmaster-q2x.itch.io/the-old-series-pixel-art-old-machine-guards-full-animation,,2026-04-30
https://kenmaster-q2x.itch.io/the-old-series-pixel-art-old-machine-heavy-guards-full-animation,,2026-04-30
https://blackrift-games.itch.io/ammo-aria-4,,2026-04-30
https://caitothebaldimodder.itch.io/the-3house,,2026-04-30
https://chebbahiyad.itch.io/dreams,,2026-04-30
https://firewood-studio.itch.io/firetime-2,,2026-04-30
https://madn-games.itch.io/ponwobs-party-2,,2026-04-30
https://mtw1man2.itch.io/html5-ui-feedback-pack-alerts-dialogs-warning-states-neon-style,,2026-04-30
https://ariverinegypt.itch.io/mech-believe-mega-brawl,,2026-04-30
https://milkmelon69.itch.io/sex-slave-for-bandits-tifa-lockhart,,2026-04-30
https://wjdghwns9696.itch.io/wasm-gameengine-portfolio,,2026-04-30
https://finleyfinley.itch.io/pimpo,,2026-04-30
https://thicagamesarg.itch.io/zona-13,,2026-04-30
https://kaderblastgames.itch.io/we-have-8-minutes,,2026-04-30
https://lunis-moonfire.itch.io/popcorn-chicken,,2026-04-30
https://coyote321.itch.io/lycheejelly,,2026-04-30
https://brincolar.itch.io/fricativos-jump-completo,,2026-04-30
https://fline-1.itch.io/frozen-butterfly,,2026-04-30
https://college-archive-s-2007.itch.io/inter-face-off,,2026-04-30
https://ethan-elitez.itch.io/vr-mathematics,,2026-04-30
https://ghostlovestea.itch.io/ernest-alexander,,2026-04-30
https://625-lkw.itch.io/maurice-mouse-unity,,2026-04-30
https://jer1ko.itch.io/gambit,,2026-04-30
https://thicagamesarg.itch.io/por-qu-mxico-80,,2026-04-30
https://joycereynoldsward.itch.io/beyond-honor-and-other-stories,,2026-04-30
https://joycereynoldsward.itch.io/pledges-of-honor,,2026-04-30
https://joycereynoldsward.itch.io/challenges-of-honor,,2026-04-30
https://joycereynoldsward.itch.io/choices-of-honor,,2026-04-30
https://joycereynoldsward.itch.io/judgment-of-honor,,2026-04-30
https://99-26-3561.itch.io/stillwater-logs,,2026-04-30
https://thicagamesarg.itch.io/conviertet-en-el-verdadero-papoi,,2026-04-30
https://vexs-forge.itch.io/luminous-moths,,2026-04-30
https://star2578.itch.io/the-wardroom,,2026-04-30
https://marconathan.itch.io/sortify,,2026-04-30
https://giibbzziiee.itch.io/adarkescape,,2026-04-30
https://xxvoltarxx.itch.io/revolunar,,2026-04-30
https://d3x-productions.itch.io/hydra-tag,,2026-04-30
https://ifthenelse-interactive.itch.io/victorian-thomas,,2026-04-30
https://ifthenelse-interactive.itch.io/victorian-thomas-portraits,,2026-04-30
https://marconathan.itch.io/last-core,,2026-04-30
https://arcadedeck.itch.io/galaxy-launch-infinite-fleet,,2026-04-30
https://ariel-irala.itch.io/ggj,,2026-04-30
https://iv-orbit.itch.io/puchito,,2026-04-30
https://confusedlucifer.itch.io/pearls,,2026-04-30
https://firewood-studio.itch.io/firetime-3,,2026-04-30
https://vozmog.itch.io/kibble-cats,,2026-04-30
https://cat-on-tch.itch.io/gettin-the-dough,,2026-04-30
https://doaproduction.itch.io/erlik-the-ninth-branch,,2026-04-30
https://kylekiske254.itch.io/money-run,,2026-04-30
https://thatdevv.itch.io/slick-switch,,2026-04-30
https://masayuki18400.itch.io/stick-rotation,,2026-04-30
https://itconsultingszymanowski.itch.io/3chaos,,2026-04-30
https://thatdevv.itch.io/screamybird,,2026-04-30
https://iterminal.itch.io/lucky-block-pack-roblox,,2026-04-30
https://goofygameer.itch.io/goofy-goobers,,2026-04-30
https://tm20489149.itch.io/moon,,2026-04-30
https://kirlosev.itch.io/screen-savior-prototype,,2026-04-30
https://max-aucube.itch.io/shabtimove,,2026-04-30
https://zdesign.itch.io/innatalism,,2026-04-30
https://marconathan.itch.io/freaky-factory,,2026-04-30
https://wings-of-ink.itch.io/betrothed-at-35,,2026-04-30
https://albidalbi.itch.io/jitterlinks,,2026-04-30
https://waheedmohamed.itch.io/zombies-cannon,,2026-04-30
https://depressed-cow-studios.itch.io/who-gives-a-fox-playtest,,2026-04-30
https://pepecronicledev.itch.io/granadier,,2026-04-30
https://j3d3.itch.io/sighted-and-indicted,,2026-04-30
https://timoogi.itch.io/pupa-project,,2026-04-30
https://manabreak.itch.io/yasc,,2026-04-30
https://diefrank.itch.io/dhtowerdefense,,2026-04-30
https://buildtounderstand.itch.io/thebrain,,2026-04-30
https://lochloaded.itch.io/radical-rampage,,2026-04-30
https://argisam.itch.io/bluemoalpha,,2026-04-30
https://sh1rax.itch.io/featherink,,2026-04-30
https://sanros4312.itch.io/basin-dad-on-air,,2026-04-30
https://rabbitbitgames.itch.io/nmtf,,2026-04-30
https://pimpliesq.itch.io/the-the-space-period,,2026-04-30
https://lifeland.itch.io/world-users-alpha,,2026-04-30
https://dice-friendly.itch.io/librarian,,2026-04-30
https://yttikon.itch.io/lady-grey-of-the-beautiful-end,,2026-04-30
https://podelara.itch.io/potion-of-desire,,2026-04-30
https://katt9979.itch.io/guiding-hand,,2026-04-30
https://muura.itch.io/pretty-boy,,2026-04-30
https://maledollstudio.itch.io/raw-signal,,2026-04-30
https://quanty-bandit.itch.io/we-were-children,,2026-04-30
https://kenmaster-q2x.itch.io/endless-dungeon,,2026-04-30
https://ouch-kun.itch.io/wtf-happened-last-night,,2026-04-30
https://studios-cubed.itch.io/a-game-about-spawning-and-throwing-blocks,,2026-04-30
https://fibergamesvr.itch.io/flufflits,,2026-04-30
https://hittable-studio.itch.io/computer-virus,,2026-04-30
https://jaegarhawk.itch.io/clearwater,,2026-04-30
https://407br.itch.io/zipzap-cover,,2026-04-30
https://goodlittlegames.itch.io/epic-space-battles,,2026-04-30
https://pimpliesq.itch.io/ampersands-of-time,,2026-04-30
https://segasky.itch.io/sunrise-eiyuutan-vga-patch,,2026-04-30
https://thebeesknees13.itch.io/cardboard-gold,,2026-04-30
https://blaukeks.itch.io/uncut-gems,,2026-04-30
https://deepysingh800-games.itch.io/sub-humanoidz,,2026-04-30
https://oxygendavid.itch.io/witcombe-park-farm,,2026-04-30
https://hopeah.itch.io/star-hunt,,2026-04-30
https://antezz.itch.io/fastgame,,2026-04-30
https://ricardobellizzi.itch.io/sindicato-de-fleteros-de-nutriville,,2026-04-30
https://numen-games.itch.io/undersex,,2026-04-30
https://1stfool.itch.io/crazy-fish-drift-kart,,2026-04-30
https://privateframegames.itch.io/malibu-golden-hours,,2026-04-30
https://mpc12256.itch.io/phish-hunter,,2026-04-30
https://lilneoo.itch.io/sulemio-vn-2026,,2026-04-30
https://primitivo23893.itch.io/combatpokokopia,,2026-04-30
https://pam-strawberry.itch.io/johns-treatment-pt-4-amy-and-julia-mac-adult-only,,2026-04-30
https://cat-fanatic64.itch.io/pong,,2026-04-30
https://d3x-productions.itch.io/mods-for-gorilla-tag,,2026-04-30
https://fsian-on9.itch.io/hoverboard-penguins-beta,,2026-04-30
https://retro316.itch.io/flow-state,,2026-04-30
https://dendill.itch.io/left-behind,,2026-04-30
https://codekirby.itch.io/the-alleyway-arena,,2026-04-30
https://turtleburgle.itch.io/a-cold-place,,2026-04-30
https://joshoroboto.itch.io/camaron-que-se-duerme,,2026-04-30
https://jaimetumbado.itch.io/cat-laga-tumbado,,2026-04-30
https://kwonsouvenir.itch.io/nature-monster-sprite,,2026-04-30
https://lumbrerasalan2026.itch.io/20260318-lumbreras-a-matamarcianos,,2026-04-30
https://gino-freud-hobayan.itch.io/lipad-adarna,,2026-04-30
https://storytellermeeka.itch.io/the-healers-sun,,2026-04-30
https://storytellermeeka.itch.io/secrets-of-the-emerals-empire-rain-shadow,,2026-04-30
https://storytellermeeka.itch.io/the-bride-of-bluebeard,,2026-04-30
https://the-great-and-powerful-og.itch.io/reign-of-reptiles,,2026-04-30
https://downraindc3d.itch.io/swordsman,,2026-04-30
https://kenmaster-q2x.itch.io/retro-lines-tiny-sword-hero,,2026-04-30
https://wings-of-ink.itch.io/the-scent-of-lavender,,2026-04-30
https://kenmaster-q2x.itch.io/cocos-creator-component-button-effect,,2026-04-30
https://rbc-games.itch.io/nock-nock-loose,,2026-04-30
https://emliomago.itch.io/ascensao-na-ruina,,2026-04-30
https://doughnutdoodles679.itch.io/eldritch-horror-dating-sim,,2026-04-30
https://thatdevv.itch.io/thewisper,,2026-04-30
https://kenmaster-q2x.itch.io/retro-lines-tiny-double-edged-sword-hero,,2026-04-30
https://kenmaster-q2x.itch.io/cocos-creator-component-camera-follow-effect,,2026-04-30
https://otk5000.itch.io/complicit-i,,2026-04-30
https://kenmaster-q2x.itch.io/retro-lines-tiny-barbarian-hero,,2026-04-30
https://oneinzero.itch.io/feed-the-dragon,,2026-04-30
https://aj-207.itch.io/van-racer,,2026-04-30
https://foolish-me-studios.itch.io/squareo-and-juball-forbidden-love,,2026-04-30
https://japp47.itch.io/cliff-hanged,,2026-04-30
https://kenmaster-q2x.itch.io/retro-lines-tiny-ninja-thief-hero,,2026-04-30
https://half-made-studios.itch.io/fkcoqpf-fgcvj-caeser-cipher,,2026-04-30
https://quantumcodemonk.itch.io/deep-state,,2026-04-30
https://tigerstudios800.itch.io/mirror-room,,2026-04-30
https://kenmaster-q2x.itch.io/cocos-creator-component-tooltip-manager,,2026-04-30
https://justfallwithyou.itch.io/money-clicker,,2026-04-30
https://wild-west-entertainment.itch.io/city-slinger,,2026-04-30
https://alesansg.itch.io/tracefall-tactics,,2026-04-30
https://kenmaster-q2x.itch.io/cocos-creator-component-floating-effect,,2026-04-30
https://voltsc.itch.io/harvest,,2026-04-30
https://jjsh1.itch.io/make-the-ball-smile,,2026-04-30
https://bad-games-studios-offical.itch.io/shelter-b-12,,2026-04-30
https://antonyplaysyt.itch.io/sprunki-bi-shifted-all-phases-mobile-port,,2026-04-30
https://mikemo.itch.io/uberloop,,2026-04-30
https://kenmaster-q2x.itch.io/cocos-creator-component-countdown-timer,,2026-04-30
https://nf30.itch.io/survivor7,,2026-04-30
https://adam-192.itch.io/protostar,,2026-04-30
https://patchwork-int.itch.io/farm-idle-mobile,,2026-04-30
https://rigo.itch.io/wastelanders,,2026-04-30
https://quantumflux101.itch.io/drone-defender,,2026-04-30
https://breadheadstudio.itch.io/minacious-demo,,2026-04-30
https://liquiddataarts.itch.io/pocket-ronin,,2026-04-30
https://kenmaster-q2x.itch.io/goku-vs-frieza-visual-demo,,2026-04-30
https://diogoandrade.itch.io/dance-on-the-murderfloor,,2026-04-30
https://gaseous780.itch.io/restaurant-chaos,,2026-04-30
https://the-few.itch.io/the-few-demo,,2026-04-30
https://williamcwalsh.itch.io/synchro,,2026-04-30
https://kreesk.itch.io/oxygen-rush,,2026-04-30
https://jiang-studios.itch.io/the-carpark,,2026-04-30
https://derpywafflz.itch.io/squishy-cube,,2026-04-30
https://cotistudios.itch.io/tatola-adventures,,2026-04-30
https://yeslililililimc.itch.io/some-random-gaem,,2026-04-30
https://teenspiritroshhayin.itch.io/livingmemoriespirit,,2026-04-30
https://mathrixte.itch.io/idle-eurokenne,,2026-04-30
https://mc-amp.itch.io/insectinspect,,2026-04-30
https://hoxgen.itch.io/switchit,,2026-04-30
https://snailtank.itch.io/anima-fight,,2026-04-30
https://hexaris.itch.io/hangman-with-priestess,,2026-04-30
https://amiram.itch.io/dnd-one-shot-adventure-basic-template,,2026-04-30
https://team-cognition.itch.io/cognition-method,,2026-04-30
https://lembrede.itch.io/thelios-e-o-vulcao-fim-dos-tempos-tormenta20,,2026-04-30
https://studentspub.itch.io/anime-character-asset-char-0080,,2026-04-30
https://studentspub.itch.io/anime-character-asset-char-0081,,2026-04-30
https://explaray.itch.io/vgame,,2026-04-30
https://kylew2000.itch.io/the-past-and-the-furious,,2026-04-30
https://zx81coder.itch.io/150-dr-beep-games,,2026-04-30
https://laaaaaaaaake1.itch.io/self-destruction-workshop-for-beautiful-country,,2026-04-30
https://dejorgik.itch.io/catching-strays,,2026-04-30
https://supernewtonbros.itch.io/the-normal-game,,2026-04-30
https://xsugarlemonsx.itch.io/cozy-coney,,2026-04-30
https://kevingraham523.itch.io/plunder,,2026-04-30
https://kevingraham523.itch.io/oops-all-potions,,2026-04-30
https://kevingraham523.itch.io/blackout-protocol,,2026-04-30
https://kevingraham523.itch.io/alice-has-a-gun,,2026-04-30
https://milkmelon69.itch.io/plapping-simulator,,2026-04-30
https://pinguuu-u.itch.io/jinx-noir,,2026-04-30
https://moijoonas.itch.io/iseeabutterfly,,2026-04-30
https://noel-0244.itch.io/the-sound-of-tides-naps,,2026-04-30
https://phandalin-games.itch.io/1,,2026-04-30
https://lov3rgirl.itch.io/milkshake,,2026-04-30
https://len4es.itch.io/the-red-something,,2026-04-30
https://markingbuilds.itch.io/dating-exorcist-wip,,2026-04-30
https://kaylousberg.itch.io/board-game-bits,,2026-04-30
https://popsie3.itch.io/atain,,2026-04-30
https://thiagardo06.itch.io/raccgeon,,2026-04-30
https://sondeirypt-games.itch.io/aortas,,2026-04-30
https://lazyc0ffee.itch.io/imp-escape,,2026-04-30
https://cavonaarts.itch.io/resourcecorp,,2026-04-30
https://dreamypixelart.itch.io/top-down-pixel-art-enemy-green-spider,,2026-04-30
https://craftamodeytbe.itch.io/friday-funkin-night,,2026-04-30
https://mereskagames.itch.io/dirtycity,,2026-04-30
https://sphynxg101.itch.io/robozoo,,2026-04-30
https://jonasz-o.itch.io/hosts-firewall-manager,,2026-04-30
https://frostpunchgames.itch.io/active-ragdoll,,2026-04-30
https://mahad-dareshani.itch.io/paws-of-death,,2026-04-30
https://zaheercheng.itch.io/vessel,,2026-04-30
https://zerotrace.itch.io/iq-tictactoe,,2026-04-30
https://shawnoo12.itch.io/final-for-class,,2026-04-30
https://prismagamelab.itch.io/super-fish-bets,,2026-04-30
https://prismagamelab.itch.io/escape-doom,,2026-04-30
https://ithinknotm8.itch.io/the-crosley-tower-horror,,2026-04-30
https://kitkek.itch.io/overdose-delusion,,2026-04-30
https://bliotz-main.itch.io/reflect-dle,,2026-04-30
https://razzes3r.itch.io/indiana-code,,2026-04-30
https://josefatorres.itch.io/recepcin-en-crisis,,2026-04-30
https://m-ku66.itch.io/tactics-v7,,2026-04-30
https://thomaszitkevitz.itch.io/kaiserheroesofyore,,2026-04-30
https://kenmaster-q2x.itch.io/hell-assault,,2026-04-30
https://goofanader.itch.io/shuukura-dreaming-of-her-life,,2026-04-30
https://matthew-gd23.itch.io/hellfeed,,2026-04-30
https://antigone-press.itch.io/the-limehouse-affair,,2026-04-30
https://bobjamai.itch.io/starfighter,,2026-04-30
https://cat-fanatic64.itch.io/ruin-of-nightmares,,2026-04-30
https://xxnikichenxx.itch.io/december-2025-content-pack-18,,2026-04-30
https://byronbulb.itch.io/bandestar,,2026-04-30
https://xxnikichenxx.itch.io/december-2025-sfw-nsfw-image-pack-18,,2026-04-30
https://azulonstudio.itch.io/hotel-paraiso,,2026-04-30
https://ehg-bob-studios.itch.io/mmnana,,2026-04-30
https://d3x-productions.itch.io/project-hyper-v3,,2026-04-30
https://dan-brand-games.itch.io/dungeon-duelist,,2026-04-30
https://eri-murayama.itch.io/ghost-story-minesweeper,,2026-04-30
https://relictagames.itch.io/prince-heinrich-strategy-engine,,2026-04-30
https://esfero-gamedev.itch.io/hunting-skull-desktop,,2026-04-30
https://ancario.itch.io/desincarnee,,2026-04-30
https://seanreyes.itch.io/coin-rush,,2026-04-30
https://phantaci2006.itch.io/two-keys-to-the-exit,,2026-04-30
https://mrizinto.itch.io/distorted-monochrome-005,,2026-04-30
https://mrizinto.itch.io/distorted-monochrome-008,,2026-04-30
https://mrizinto.itch.io/distorted-monochrome-009,,2026-04-30
https://blaukeks.itch.io/root-vegetables,,2026-04-30
https://lucenttrace.itch.io/lattice-weave,,2026-04-30
https://structurefrommotion.itch.io/shatter-flat,,2026-04-30
https://lordcaos2.itch.io/rocknbones,,2026-04-30
https://inspirezaya.itch.io/jom-bam,,2026-04-30
https://danielg03.itch.io/arithmacrypt,,2026-04-30
https://ninjazzzz.itch.io/project-starmoon-v1,,2026-04-30
https://ugly2.itch.io/full-life-first-thought,,2026-04-30
https://midnightsteep.itch.io/beyond-the-blight,,2026-04-30
https://roskapanda.itch.io/hopperpopper,,2026-04-30
https://goldleafinteractive.itch.io/breathe-arcade,,2026-04-30
https://craftamodeytbe.itch.io/the-ball-pit-gloopo,,2026-04-30
https://kwonsouvenir.itch.io/turn-based-skill-effects-pack,,2026-04-30
https://redemptionforgestudio.itch.io/hades-hinderance,,2026-04-30
https://renaissancestudios.itch.io/concrete-architects,,2026-04-30
https://juan-becerra.itch.io/the-fate-anibus,,2026-04-30
https://phantomdevs.itch.io/dungeon-slayer,,2026-04-30
https://animatedinstruments.itch.io/animated-east,,2026-04-30
https://wolfgangtd.itch.io/cane-dev,,2026-04-30
https://jiwur.itch.io/game-that-needs-a-name,,2026-04-30
https://chao-0610.itch.io/slime,,2026-04-30
https://tianya-shi.itch.io/skylineloneodyssey,,2026-04-30
https://kcmacraeuts.itch.io/snakes-and-ladders-digital-game,,2026-04-30
https://yuhao-x.itch.io/cap-it-hot,,2026-04-30
https://diocechen.itch.io/tightropewalkingmaster,,2026-04-30
https://leonfnr66.itch.io/hull-horizon,,2026-04-30
https://out-edge.itch.io/quiz-sobre-mulheres,,2026-04-30
https://mrstrangelove.itch.io/fookin-living,,2026-04-30
https://bcsm.itch.io/fin-vs-ink,,2026-04-30
https://alahros.itch.io/ship-of-despair,,2026-04-30
https://kruczek79.itch.io/ckziu-runner,,2026-04-30
https://marconathan.itch.io/raya-and-sakina,,2026-04-30
https://trampolinetales.itch.io/whats-the-password,,2026-04-30
https://hornycoon.itch.io/ramna-run,,2026-04-30
https://gbraad.itch.io/nt78-logue,,2026-04-30
https://firewood-studio.itch.io/maze-plus,,2026-04-30
https://esfero-gamedev.itch.io/hunting-skull-mobile,,2026-04-30
https://fishman-waiting.itch.io/biology-game-second-fisherman,,2026-04-30
https://whateverkid07.itch.io/eiscape,,2026-04-30
https://vinnie-itch-offical.itch.io/vam-remake-games,,2026-04-30
https://hiraki-requiem.itch.io/colibri,,2026-04-30
https://dakkaholik.itch.io/siegelords,,2026-04-30
https://antonyplaysyt.itch.io/sprunki-apibsbfm-mobile-port,,2026-04-30
https://tuffpuffy.itch.io/brochacho,,2026-04-30
https://ragman15.itch.io/meet-your-deathline,,2026-04-30
https://vortexcoord.itch.io/ema-na-unifor,,2026-04-30
https://vortexcoord.itch.io/math-run,,2026-04-30
https://vortexcoord.itch.io/fusao-fantastica,,2026-04-30
https://vortexcoord.itch.io/matemagica,,2026-04-30
https://vortexcoord.itch.io/matematicando,,2026-04-30
https://vortexcoord.itch.io/mathwarrior,,2026-04-30
https://vortexcoord.itch.io/mundoquiz,,2026-04-30
https://vortexcoord.itch.io/quiz-do-conhecimento,,2026-04-30
https://doujump.itch.io/click-me,,2026-04-30
https://doujump.itch.io/save-the-ants,,2026-04-30
https://devril.itch.io/polynesian-tattoo-adventure,,2026-04-30
https://doujump.itch.io/game-in-paint,,2026-04-30
https://angus0809.itch.io/test,,2026-04-30
https://doujump.itch.io/mjtt-pack1,,2026-04-30
https://doujump.itch.io/um-bagulho-o-jogo,,2026-04-30
https://jon0506.itch.io/rewpaint,,2026-04-30
https://lefrancha.itch.io/shopping-security,,2026-04-30
https://rannsaka.itch.io/vg-sketchbook,,2026-04-30
https://studentspub.itch.io/visual-novel-asset-gn-0017,,2026-04-30
https://the-great-and-powerful-og.itch.io/conways-game-of-life,,2026-04-30
https://studentspub.itch.io/visual-novel-asset-gn-0015,,2026-04-30
https://studentspub.itch.io/visual-novel-asset-gn-0014,,2026-04-30
https://caramelcupcake.itch.io/princess-carry-the-princesses-or-let-them-carry-you,,2026-04-30
https://the-great-and-powerful-og.itch.io/chat-programm,,2026-04-30
https://ecse-csds290.itch.io/colophon-s2026-team-1,,2026-04-30
https://ecse-csds290.itch.io/audience-of-one-s2026-team-2,,2026-04-30
https://ecse-csds290.itch.io/pinpals-s2026-team-3,,2026-04-30
https://acneproduction.itch.io/mundialito-2,,2026-04-30
https://doujump.itch.io/monsters-in-night-of-dreams-demo,,2026-04-30
https://samstrykah.itch.io/anodyne-demo,,2026-04-30
https://the-great-and-powerful-og.itch.io/asteroids,,2026-04-30
https://ecse-csds290.itch.io/chicken-chow-s2026-team-4,,2026-04-30
https://scrapmetal03.itch.io/ludum-dare-59,,2026-04-30
https://fusion29dev.itch.io/port-semaphore,,2026-04-30
https://kotobuki888888.itch.io/sakuramatutakeume4,,2026-04-30
https://matriaxpro1234pro.itch.io/la-venganza-de-mantecado,,2026-04-30
https://ecse-csds290.itch.io/demon-dance-s2026-team-6,,2026-04-30
https://ecse-csds290.itch.io/cruise-chaos-s2026-team-7,,2026-04-30
https://ecse-csds290.itch.io/tides-of-teeth-s2026-team-8,,2026-04-30
https://ecse-csds290.itch.io/clock-out-s2026-team-9,,2026-04-30
https://ecse-csds290.itch.io/meteors-echo-s2026-team-10,,2026-04-30
https://ecse-csds290.itch.io/plingus-to-the-past-s2026-team-11,,2026-04-30
https://mikebloke.itch.io/slideosnakegba,,2026-04-30
https://the-great-and-powerful-og.itch.io/ping-pong,,2026-04-30
https://venomousmouse.itch.io/drum-n-ice-postjamupdate,,2026-04-30
https://to-hardware.itch.io/two-desperados,,2026-04-30
https://trulyazul.itch.io/cor304-final,,2026-04-30
https://noahwc.itch.io/happyfarmer,,2026-04-30
https://fimbulwinterr.itch.io/time-tective,,2026-04-30
https://pablo-p-e.itch.io/minivalencians,,2026-04-30
https://shahriarlabib000.itch.io/untitled-racing-game,,2026-04-30
https://easily-forgotten.itch.io/the-beast-of-crete,,2026-04-30
https://lenoree.itch.io/avaliacao,,2026-04-30
https://desanium.itch.io/signal-out-of-space,,2026-04-30
https://pehriska.itch.io/astras-call,,2026-04-30
https://javon-dunbar.itch.io/tpoa,,2026-04-30
https://yzziepal.itch.io/a-never-ending-dream,,2026-04-30
https://thenextguy.itch.io/provinces-under-pressure,,2026-04-30
https://c4rtriidge.itch.io/vir0s,,2026-04-30
https://layerlab.itch.io/2d-minimal-enemy-monster-1,,2026-04-30
https://shahdee.itch.io/the-life-of-bird,,2026-04-30
https://orangopontotango.itch.io/spooder,,2026-04-30
https://pac-wolf.itch.io/maxdylan-group-project,,2026-04-30
https://aquaaa-333.itch.io/journal-of-poisonous-experiment,,2026-04-30
https://deraxblaze.itch.io/iron-ivy,,2026-04-30
https://dnalab.itch.io/nightmir,,2026-04-30
https://stensoft.itch.io/fly-pinguin,,2026-04-30
https://yoru-creative-studio.itch.io/vlusp-i-supplement,,2026-04-30
https://eggene.itch.io/green-is-the-color-of-rot,,2026-04-30
https://beth-and-angel-make-games.itch.io/exegenesis,,2026-04-30
https://vacuous2409.itch.io/horror-novel-bgm-collection-vol06,,2026-04-30
https://wasteland-gms.itch.io/ranger-of-ancuria-demo,,2026-04-30
https://sequidhunter0.itch.io/hack-the-words,,2026-04-30
https://fateengraved.itch.io/rawfateengraved,,2026-04-30
https://xsugarlemonsx.itch.io/youre-not-alone-on-frostpeak-mountain,,2026-04-30
https://jimmy-just-quit.itch.io/the-dragonslayers,,2026-04-30
https://seoli0205.itch.io/quiet-goodbye,,2026-04-30
https://fateengraved.itch.io/rusvocalsfe,,2026-04-30
https://sleeptime.itch.io/voice-command-game,,2026-04-30
https://freakrho.itch.io/joust-guns,,2026-04-30
https://spiralwav.itch.io/teazine,,2026-04-30
https://nachoprofeinfo.itch.io/cca-fashion,,2026-04-30
https://robin-schmitz.itch.io/signal-colors,,2026-04-30
https://incarnated9.itch.io/mind-incarnated,,2026-04-30
https://nurzhan28.itch.io/childhood-terrors,,2026-04-30
https://hohey12.itch.io/heros-journey,,2026-04-30
https://blankys.itch.io/sight-between-veils,,2026-04-30
https://jh2025.itch.io/progenitor-apotheosis,,2026-04-30
https://metroindio7.itch.io/3dshapes-videomaker,,2026-04-30
https://quietine.itch.io/placeit,,2026-04-30
https://r3s3rvoir8510.itch.io/cat-laga,,2026-04-30
https://spacedrago.itch.io/carol-kino-error,,2026-04-30
https://onlykairo.itch.io/gpug-ancient-greece-pot-v1,,2026-04-30
https://klykkebo.itch.io/together-is-a-distant-star,,2026-04-30
https://onzenstudio.itch.io/stolen-worlds,,2026-04-30
https://shelshock1.itch.io/what-we-leave-in-the-dark,,2026-04-30
https://meglynnee.itch.io/magical-forest,,2026-04-30
https://sleepingwillow8.itch.io/disassociation,,2026-04-30
https://am-nom-nom.itch.io/recognition,,2026-04-30
https://doomskulltid.itch.io/poppy-playtime-reborn,,2026-04-30
https://stinksurfer213.itch.io/lunar-wish,,2026-04-30
https://pixdoom.itch.io/pixdoom-hero-heads-ultimate-customization-pack,,2026-04-30
https://lifefute12.itch.io/the-milgram-experiment,,2026-04-30
https://cat-skull-press.itch.io/sounds-from-the-squeeze,,2026-04-30
https://ameyrk.itch.io/vimancer,,2026-04-30
https://guadilla.itch.io/rivalsmultijugador,,2026-04-30
https://venanciofaf.itch.io/my-8-way,,2026-04-30
https://x3nobot.itch.io/big-boom-simulator,,2026-04-30
https://sunkenreverie.itch.io/rough-waters,,2026-04-30
https://carla-magica.itch.io/laberinto-pruebas,,2026-04-30
https://matthodges.itch.io/speeder,,2026-04-30
https://55games.itch.io/arthur-cumalot,,2026-04-30
https://rooster-call-interactive.itch.io/cosmophobia,,2026-04-30
https://arvin-benjamin.itch.io/get-out-of-my-restaurant,,2026-04-30
https://timiocean.itch.io/starchitect-demo,,2026-04-30
https://llirttilot.itch.io/sprunki-another-phase-7,,2026-04-30
https://whitehairstudio.itch.io/system-protocol,,2026-04-30
https://nighten.itch.io/sortie,,2026-04-30
https://ethan-stima.itch.io/revvin-retention,,2026-04-30
https://totallybrokendevs.itch.io/sound-brew,,2026-04-30
https://reathearchmage.itch.io/outnowbyrea,,2026-04-30
https://starfruit-games.itch.io/world-of-music,,2026-04-30
https://darealkinglizard.itch.io/dead-grid,,2026-04-30
https://red-revenge.itch.io/red-revenge,,2026-04-30
https://lipinguim.itch.io/16b,,2026-04-30
https://bthings.itch.io/crazy-unicorn,,2026-04-30
https://4ctaeon.itch.io/goblin-guard-prototype,,2026-04-30
https://martiancrossbow.itch.io/the-watchdog-magenta,,2026-04-30
https://jackpottrap.itch.io/jackpot-trap,,2026-04-30
https://pixel-octopus-studios.itch.io/long-rescue,,2026-04-30
https://josephbremer.itch.io/my-ghost-roommate,,2026-04-30
https://klarac.itch.io/curling,,2026-04-30
https://deaddove-studio.itch.io/the-bigfoot-snow-massacre,,2026-04-30
https://thicagamesarg.itch.io/road-to-madness,,2026-04-30
https://fyrems-forge.itch.io/the-sea-remembers-dd-5e-one-shot,,2026-04-30
https://unreadgames.itch.io/wrinkled-wicked-elders,,2026-04-30
https://davis-catalyst-games.itch.io/junker,,2026-04-30
https://chanayaa.itch.io/hallway,,2026-04-30
https://friendlydictator.itch.io/datapanik-vol-1-4,,2026-04-30
https://mrbundles.itch.io/for-the-boids,,2026-04-30
https://marconathan.itch.io/criticalline,,2026-04-30
https://aech-777.itch.io/cargo-runner-faction-fracture,,2026-04-30
https://rawspagh3tt.itch.io/fros-journey,,2026-04-30
https://jjboy4141.itch.io/but-more-things-that-just-f1234ck-around,,2026-04-30
https://techboomgaming.itch.io/tavern-heroes,,2026-04-30
https://utas-shemek-tschirch.itch.io/109-wet-it-be-game-prototype-02,,2026-04-30
https://the-tower-of-capi.itch.io/basic-dungeon2-platformer-asset-pack,,2026-04-30
https://unpainted-productions.itch.io/cake-or-fake,,2026-04-30
https://ida1007.itch.io/a-letter-from-the-bird,,2026-04-30
https://mikeybeers7.itch.io/xeldor,,2026-04-30
https://jploxy.itch.io/zzz-drive-disk-simulator,,2026-04-30
https://johnj0tet.itch.io/pixelrpgtoolsicons16x16,,2026-04-30
https://morguloth.itch.io/siege,,2026-04-30
https://jonvthan.itch.io/boot-hill-remastered,,2026-04-30
https://dj3y-y4r3.itch.io/cat-gaga,,2026-04-30
https://youthopialabs.itch.io/crossing-the-chasm,,2026-04-30
https://pokpak39.itch.io/pokker,,2026-04-30
https://aitec-entertainment-inc.itch.io/hospital-jam,,2026-04-30
https://fiskerfiskerfisk.itch.io/plush-catch,,2026-04-30
https://yabukaradoo.itch.io/magical-girl-yusya-chan-and-the-labyrinth-of-lust-demo,,2026-04-30
https://arttorius.itch.io/bonfire,,2026-04-30
https://dream-search-repeat.itch.io/winter-of-ashesbarro-y-sangre,,2026-04-30
https://foxbywhitepuppy.itch.io/the-very-silly-adventures-of-sir-carrot,,2026-04-30
https://sukiwah.itch.io/two-verbs,,2026-04-30
https://patyuki0.itch.io/nighttime-memory-boothill-x-stelle-comic,,2026-04-30
https://lonebananna.itch.io/moka-love-relive,,2026-04-30
https://kr0n3rd.itch.io/jumper,,2026-04-30
https://househorse.itch.io/catphish,,2026-04-30
https://masayuki18400.itch.io/han-bun-ko,,2026-04-30
https://itomi.itch.io/shininglight,,2026-04-30
https://jasper4102.itch.io/jaspers-shooter-relic,,2026-04-30
https://josephbremer.itch.io/isekai-bistro,,2026-04-30
https://cfpanda.itch.io/map-quick-slot-toolbar,,2026-04-30
https://heosphorus.itch.io/load-bar-generator,,2026-04-30
https://moonrainstudio.itch.io/chrome-fist,,2026-04-30
https://concha-espina-valencia.itch.io/herstory,,2026-04-30
https://viktor-knobloch.itch.io/poppy-field,,2026-04-30
https://bigbuttonco.itch.io/final-deal,,2026-04-30
https://skywalker34.itch.io/out-of-time,,2026-04-30
https://mxaxa.itch.io/yan,,2026-04-30
https://noodl64.itch.io/heat-game-the-game-where-you-heat-and-stuff-whatevs,,2026-04-30
https://chickylette.itch.io/classroom-arena,,2026-04-30
https://hydroengineer.itch.io/biosphere-blue,,2026-04-30
https://draggonestudio.itch.io/uncles-hospitality,,2026-04-30
https://thebeesknees13.itch.io/starclaim,,2026-04-30
https://xmakii.itch.io/cat-jamp,,2026-04-30
https://azyrium.itch.io/a-day-outside,,2026-04-30
https://dcgi-fel-cvut-cz.itch.io/just-a-favour,,2026-04-30
https://potplantwithanose.itch.io/stretchguys,,2026-04-30
https://obsidianblock.itch.io/poltergeistplunder,,2026-04-30
https://universeclickerdev.itch.io/universe-clicker,,2026-04-30
https://driftya.itch.io/driftya-sea-of-notes,,2026-04-30
https://masayuki18400.itch.io/hosen-stg,,2026-04-30
https://puffmamachili.itch.io/e86,,2026-04-30
https://ra11d3n.itch.io/da-proto,,2026-04-30
https://porkbarrelstudio.itch.io/corrupt-incremental,,2026-04-30
https://benjaminpolitzer.itch.io/card-jitsu,,2026-04-30
https://blova.itch.io/juste-le-boat-en-faite,,2026-04-30
https://antonyplaysyt.itch.io/sprunki-garnold-time-all-phases,,2026-04-30
https://orhstudio.itch.io/wuxia-swords-asset-pack,,2026-04-30
https://filippobenigno.itch.io/west-liberation-3,,2026-04-30
https://robert-what.itch.io/575m-capitalisms-most-expensive-real-human-art-files,,2026-04-30
https://top50.itch.io/arti,,2026-04-30
https://masayuki18400.itch.io/guruguru-game,,2026-04-30
https://icedcaffiene.itch.io/winged-saviour,,2026-04-30
https://mcmurz.itch.io/publish-of-perish-solo-ttrpg,,2026-04-30
https://lesgrosshlags.itch.io/biryado-playtest-3,,2026-04-30
https://maikamelendo.itch.io/cartas-de-trastornos-para-delta-green,,2026-04-30
https://fun-vr-games.itch.io/projectcantaloupe,,2026-04-30
https://procaillass.itch.io/black-kraken,,2026-04-30
https://zelrebellum.itch.io/690finalproject,,2026-04-30
https://michellerivk.itch.io/fuzzy-frenzy,,2026-04-30
https://mateoelscratcheado.itch.io/currency-gems-pixel-art-pack-64x64-animated,,2026-04-30
https://dotcompany.itch.io/the-coffee-machine-is-broken-and-hr-refuses-to-buy-another-one-the-game,,2026-04-30
https://inigmadq.itch.io/middigitgames-pesticide-park,,2026-04-30
https://indigolay.itch.io/pixelcardui,,2026-04-30
https://eeyamonte.itch.io/goldilocks-and-the-three-bears,,2026-04-30
https://lonebananna.itch.io/luck-of-the-draw,,2026-04-30
https://yuk12y.itch.io/hungry-panda,,2026-04-30
https://hstrzgame.itch.io/snake-sss,,2026-04-30
https://halow-studios.itch.io/shodow-jumper,,2026-04-30
https://megaberry.itch.io/megaberry-building-collection,,2026-04-30
https://missrockyqo.itch.io/jellydonutbat,,2026-04-30
https://busterchevalier.itch.io/arcada-groupproject,,2026-04-30
https://maxuno.itch.io/fire-in-the,,2026-04-30
https://rezzabuh.itch.io/whirligig-warrior,,2026-04-30
https://megaberry.itch.io/megaberry-npc-collection,,2026-04-30
https://medusabox.itch.io/yakotaki,,2026-04-30
https://luddite-games.itch.io/viralload,,2026-04-30
https://afterhoursgames.itch.io/lena-our-story,,2026-04-30
https://rradiocatt.itch.io/scib,,2026-04-30
https://magegate.itch.io/legendary-lairs-unearthly-lairs,,2026-04-30
https://kidkutta98.itch.io/small-soldiers-fan-game,,2026-04-30
https://sungraphica.itch.io/mega-retro-icon-pack-600-pixel-assets,,2026-04-30
https://josephbremer.itch.io/pregnant-angel-ogress-zodiac-act1-crossroad,,2026-04-30
https://waleedking.itch.io/outer-space,,2026-04-30
https://gamecreator772.itch.io/sillyshot,,2026-04-30
https://melodiegt.itch.io/gtagreczov2,,2026-04-30
https://vipexhere.itch.io/tic-tac-toe-and-square,,2026-04-30
https://wai-am.itch.io/russian-roulette,,2026-04-30
https://orlidenyc.itch.io/spiderman,,2026-04-30
https://lenore8963.itch.io/trust-me-im-an-ai,,2026-04-30
https://heck-of-a-creator.itch.io/keep-breathing,,2026-04-30
https://tusk77.itch.io/hfsm,,2026-04-30
https://alexj1111.itch.io/aremac,,2026-04-30
https://buckqwe.itch.io/unwanted-picnic-guests,,2026-04-30
https://bb-mods.itch.io/fs25-demco-harvestlink,,2026-04-30
https://weltonbeck.itch.io/mansao-everstill,,2026-04-30
https://mili-1710.itch.io/robot-chase-v1,,2026-04-30
https://pixelaa.itch.io/monkey-game,,2026-04-30
https://bing6767.itch.io/topdownshooter,,2026-04-30
https://pat170.itch.io/pixel-dino,,2026-04-30
https://realedg.itch.io/my-first-cursor-set,,2026-04-30
https://ljdv-studios.itch.io/pixel-art-slime,,2026-04-30
https://ryuugujizenn.itch.io/love-diagnosis,,2026-04-30
https://orhstudio.itch.io/wuxia-shields-asset-pack,,2026-04-30
https://stephenhilllikesthings.itch.io/formation-removal-rpgmmv,,2026-04-30
https://vladadougka.itch.io/the-garden,,2026-04-30
https://lullore.itch.io/lullore-music-collection-classic-x-multi-sound,,2026-04-30
https://tonywang.itch.io/gb-speech,,2026-04-30
https://lonebananna.itch.io/ayanethe-pregnancy-planet,,2026-04-30
https://black-audio.itch.io/nichijo,,2026-04-30
https://mauri2070.itch.io/democratic-election-idle-tycoon,,2026-04-30
https://williamrosengren.itch.io/knight-rot-armour-cant-protect-from-addiction,,2026-04-30
https://itsoofsif.itch.io/down-the-beanstalk,,2026-04-30
https://marconathan.itch.io/sunny-side-up,,2026-04-30
https://foirgairwolf.itch.io/howlark-vulfen-garmr-grimskulls-falhawg-werewolflycanthrope-3d-model,,2026-04-30
https://lovethrupoke.itch.io/a-great-knight-2-2,,2026-04-30
https://iirrrrina.itch.io/bombercat-beta,,2026-04-30
https://crazybignicedog.itch.io/dino-journey,,2026-04-30
https://marzodev.itch.io/holy-flash-library,,2026-04-30
https://gregorlakatos.itch.io/the-golden-retriever-that-doesnt-like-water,,2026-04-30
https://msellers77.itch.io/sprocket,,2026-04-30
https://ljs268.itch.io/scarlet-slice-demo,,2026-04-30
https://antilopinae.itch.io/warped-realms,,2026-04-30
https://shien12110.itch.io/sprunki-weird,,2026-04-30
https://yaakovamoyal.itch.io/swarmsurvival,,2026-04-30
https://lightsidegames.itch.io/simple-procedure,,2026-04-30
https://galileo83.itch.io/que-comen-los-pobres,,2026-04-30
https://emilyahmad.itch.io/the-prinseal-and-the-frogyu,,2026-04-30
https://blackrift-games.itch.io/ammo-aria-5,,2026-04-30
https://yuvirt.itch.io/apocalypse-dream,,2026-04-30
https://zxmoe.itch.io/flapper,,2026-04-30
https://zachyboymoose.itch.io/space-emperor,,2026-04-30
https://lordcaos2.itch.io/rock-and-bones-demo,,2026-04-30
https://monkeyvr12357.itch.io/vr-hands,,2026-04-30
https://potatowzrd.itch.io/super-shred-showdown,,2026-04-30
https://tonikgames.itch.io/mask,,2026-04-30
https://starzysvk.itch.io/the-thing-engine-demo,,2026-04-30
https://teresitawig.itch.io/magical-princess-trainer,,2026-04-30
https://doctorpavlov.itch.io/animal-rescue,,2026-04-30
https://hayesac.itch.io/thou-shalt-not,,2026-04-30
https://mossockss.itch.io/shit-on-trump,,2026-04-30
https://criticalrblx.itch.io/gorilla-tag-horror-criticals-take,,2026-04-30
https://tatipanaa.itch.io/how-the-sands-of-time-slips-through-alpha,,2026-04-30
https://joostvb.itch.io/streamer-until,,2026-04-30
https://mashoon.itch.io/le-incredibili-avventure-di-lina,,2026-04-30
https://alina-69.itch.io/pori-logice,,2026-04-30
https://kimball-brooksby.itch.io/project-hemorrhage,,2026-04-30
https://thatgreenone.itch.io/liminal-gorilla-beta-test,,2026-04-30
https://kuronokaminari.itch.io/ethereal-embers,,2026-04-30
https://hanneleentje.itch.io/deepdive,,2026-04-30
https://21ack.itch.io/sroblem-polver,,2026-04-30
https://silvworks.itch.io/yummygames,,2026-04-30
https://bungalov.itch.io/tictactoe,,2026-04-30
https://l0vie.itch.io/echo,,2026-04-30
https://cfpanda.itch.io/rpg-maker-mz-plugin-dynamic-portrait-map-face-emotion,,2026-04-30
https://explos-tube.itch.io/entamaphobia,,2026-04-30
https://maru-98.itch.io/fantasy-weapons-pack-vol2-enhanced-set-1616,,2026-04-30
https://edenemil.itch.io/the-last-stop,,2026-04-30
https://marcles1234.itch.io/chickchick,,2026-04-30
https://brandoncrilly.itch.io/boa,,2026-04-30
https://dlou-saiyan.itch.io/urban-city-tileset-32-32-2d-pixel-art-street-environment,,2026-04-30
https://otter-house.itch.io/recoil-runner,,2026-04-30
https://pixelaa.itch.io/click,,2026-04-30
https://lifebanana.itch.io/highway-to-life,,2026-04-30
https://823645234.itch.io/interview,,2026-04-30
https://thevoidarchives.itch.io/the-void-archives-volume-3-quarantine-protocol-the-clinical-archive,,2026-04-30
https://frangoroo.itch.io/musicat,,2026-04-30
https://svetlanay.itch.io/quiz,,2026-04-30
https://pocketpixel.itch.io/granda-programminng-language,,2026-04-30
https://chickenoregg.itch.io/wilddex,,2026-04-30
https://aegixgamestudio.itch.io/warfront-warguard,,2026-04-30
https://x-vox3l-3.itch.io/utnom,,2026-04-30
https://phil-johnson.itch.io/not-a-worker,,2026-04-30
https://neonfire-studio.itch.io/terminal-stage,,2026-04-30
https://solsota.itch.io/salty-y-muffin,,2026-04-30
https://mbcl0wn.itch.io/nobody-knows-john,,2026-04-30
https://gander-gaming.itch.io/grok-2e-quickstart-guide,,2026-04-30
https://nominanteouest.itch.io/city-of-sand,,2026-04-30
https://48assetsgames.itch.io/47-1,,2026-04-30
https://snowyvraa.itch.io/swingcore,,2026-04-30
https://gastonverussa2.itch.io/excalistone,,2026-04-30
https://one-tap-studios.itch.io/one-shot,,2026-04-30
https://xteamgg.itch.io/knight-of-sin,,2026-04-30
https://jazzafritsch.itch.io/incomplete,,2026-04-30
https://haha08.itch.io/let-me-take-the-disc,,2026-04-30
https://katalin-szonyi.itch.io/illuminator,,2026-04-30
https://ikenator.itch.io/super-sportsball-2000,,2026-04-30
https://megumi-ryu.itch.io/free-healing-piano-solo-loops-music-asset-sleep-forest-piano-bgm,,2026-04-30
https://megumi-ryu.itch.io/healing-piano-solo-loops-music-asset-sleep-forest-piano-bgm,,2026-04-30
https://easymr1.itch.io/deepsleepbuddy,,2026-04-30
https://frostedsharks.itch.io/well-well-well,,2026-04-30
https://grubd0g.itch.io/livescreaming,,2026-04-30
https://goodwitchdev.itch.io/trampoline-game,,2026-04-30
https://solvesoluble-ent.itch.io/spelling-frenzy,,2026-04-30
https://daniel-meijueiro.itch.io/shield-mayhem,,2026-04-30
https://pequesoft.itch.io/gossippotions,,2026-04-30
https://ert105.itch.io/loopvforge,,2026-04-30
https://goldartas.itch.io/coremine-corp,,2026-04-30
https://samci.itch.io/journey-to-the-core,,2026-04-30
https://redcrocodile.itch.io/dodge-run,,2026-04-30
https://leftovernick.itch.io/flarehorn-charge,,2026-04-30
https://nighrain.itch.io/soul-charge,,2026-04-30
https://hotdawg-games.itch.io/lavender-rain,,2026-04-30
https://lapfrence.itch.io/cyberpunk-icon-pack,,2026-04-30
https://menoknow.itch.io/the-knights-rulebook-check-desc,,2026-04-30
https://heatherhskim.itch.io/dotdotdotpress,,2026-04-30
https://lone-wanderers.itch.io/cosmic-camp-game,,2026-04-30
https://saupergamer.itch.io/kampkamp,,2026-04-30
https://dashyvr.itch.io/untitled-backroom-game,,2026-04-30
https://exgratia.itch.io/platform,,2026-04-30
https://iubioiubiei.itch.io/iubioiubiei,,2026-04-30
https://pukusel-art.itch.io/pixel-spring-pals-cute-bunnies-chicks-cats,,2026-04-30
https://dorkorca.itch.io/froggo,,2026-04-30
https://picopicocs.itch.io/mz-fogsystem,,2026-04-30
https://ahmetakar.itch.io/hexheal,,2026-04-30
https://sotongworks.itch.io/elament,,2026-04-30
https://punn67.itch.io/escape-the-sun-factory,,2026-04-30
https://xxanthalesxx.itch.io/scream-it,,2026-04-30
https://thebitbet.itch.io/per-un-pugno-di-zabaione,,2026-04-30
https://feyrex.itch.io/slopmachine-td,,2026-04-30
https://nooneguy.itch.io/unnamed-game,,2026-04-30
https://secretzudan.itch.io/the-ultimate-destruction,,2026-04-30
https://tanninthalon.itch.io/lukkai,,2026-04-30
https://programer-ahmed.itch.io/nursery-ai,,2026-04-30
https://pannawich-spark.itch.io/3d-zombie-outbreak,,2026-04-30
https://yoyott29.itch.io/key2kill,,2026-04-30
https://terralice-studios.itch.io/crane-crazy,,2026-04-30
https://assetsmithy.itch.io/50-post-apocalyptic-2d-game-backgrounds,,2026-04-30
https://educationalsquid.itch.io/scaresong,,2026-04-30
https://natalee777.itch.io/kitty-litter-beta,,2026-04-30
https://terralice-studios.itch.io/calcium-crashers,,2026-04-30
https://gagak-an.itch.io/ordererror,,2026-04-30
https://longconcrete.itch.io/paleflesh,,2026-04-30
https://cfpanda.itch.io/rpg-maker-mz-plugin-hmtbars-breeze-shine-ui-animated-hp-mp-tp-gauges,,2026-04-30
https://justapenguin3.itch.io/dicey-dining,,2026-04-30
https://uyjulius.itch.io/polygon-shooter,,2026-04-30
https://mew-mew16.itch.io/shredder-5,,2026-04-30
https://nicegeargames.itch.io/hamayumishi-ost,,2026-04-30
https://cchris-c.itch.io/spell-slinger,,2026-04-30
https://xecthar.itch.io/album-2-atomic-optimism,,2026-04-30
https://espacelab.itch.io/raphael-avril-2026,,2026-04-30
https://stefanyzaia.itch.io/etiverso,,2026-04-30
https://espacelab.itch.io/simon-avril-2026,,2026-04-30
https://fastygamesstudio.itch.io/the-secret-of-the-laptop,,2026-04-30
https://espacelab.itch.io/tristan-avril-2026,,2026-04-30
https://sonictotch.itch.io/citypng,,2026-04-30
https://espacelab.itch.io/yassir-avril-2026,,2026-04-30
https://diskonavt.itch.io/deadwing-demo,,2026-04-30
https://imsobadatnicknames.itch.io/carlos-doodle-tiles,,2026-04-30
https://tahliaw.itch.io/snap,,2026-04-30
https://withu.itch.io/withu,,2026-04-30
https://alex-kylin-hu.itch.io/fries-counter,,2026-04-30
https://m8man.itch.io/munted-mole,,2026-04-30
https://orhstudio.itch.io/wuxia-armors-asset-pack,,2026-04-30
https://dayroxoff.itch.io/fridge-up,,2026-04-30
https://verpha.itch.io/dodgefall,,2026-04-30
https://silverthehedgework.itch.io/hamburger-eating-simulator-2,,2026-04-30
https://tgum.itch.io/freaky-snek,,2026-04-30
https://disruptorart.itch.io/tiny-tracks-for-platformers,,2026-04-30
https://maoztzur.itch.io/the-key,,2026-04-30
https://wilfredtheboss.itch.io/paired-perspective,,2026-04-30
https://hakkisahin.itch.io/shadow-puppeteer,,2026-04-30
https://m-david.itch.io/music-for-jam,,2026-04-30
https://crleonis.itch.io/willows-day-out,,2026-04-30
https://cgrgunay.itch.io/axiom,,2026-04-30
https://whatisthegreenplant.itch.io/rarityrng,,2026-04-30
https://shrimpcooties.itch.io/countryroad,,2026-04-30
https://ctcnworks.itch.io/tresmagia,,2026-04-30
https://vorpaledge.itch.io/stygian-executioner-class-for-shadowdark,,2026-04-30
https://mblede.itch.io/the-long-king-game,,2026-04-30
https://poltergasm.itch.io/draw-n-plunder,,2026-04-30
https://phynx0.itch.io/jungle,,2026-04-30
https://fon-seka.itch.io/virus,,2026-04-30
https://scallionflavor.itch.io/202651,,2026-04-30
https://mohamed-unity-games.itch.io/bmw-m4-g82-competition,,2026-04-30
https://lonebananna.itch.io/underfoot,,2026-04-30
https://laaaaaaaaake1.itch.io/quiet-blue-and-falling,,2026-04-30
https://fresh-wojtek3241.itch.io/errors-gorilla-doom,,2026-04-30
https://meander-interactive.itch.io/amsel-entdeckt-das-wattenmeer,,2026-04-30
https://haridraws.itch.io/charlatans-1,,2026-04-30
https://hakanlik.itch.io/hatanicarket,,2026-04-30
https://kaminarimon-ai.itch.io/hijiri-ageha,,2026-04-30
https://flearoy.itch.io/of-might-and-mollusk-demo,,2026-04-30
https://xecthar.itch.io/album-3-wasteland-sentiment,,2026-04-30
https://natsli.itch.io/platformerthing,,2026-04-30
https://ngreen24289007-ux.itch.io/chemical-creature,,2026-04-30
https://leorgrim.itch.io/i-am-the-void,,2026-04-30
https://sabbas.itch.io/totally-accurate-dj-simulator,,2026-04-30
https://hermetickingdom.itch.io/spring-2026-issue,,2026-04-30
https://quarix.itch.io/the-forbidden-library,,2026-04-30
https://anomalocaris-games.itch.io/cubic-glitch-soundtrack,,2026-04-30
https://angeloproiper.itch.io/ordsurvival,,2026-04-30
https://mbolt.itch.io/the-last-space-warrior,,2026-04-30
https://dash-games-indie.itch.io/dave-multiplayer,,2026-04-30
https://mtw1man2.itch.io/fps-hud-ui-system-crosshairs-hitmarkers-combat-interface-50-png,,2026-04-30
https://notsususer.itch.io/orbn-viktor-dating-simulator-powershell-edition,,2026-04-30
https://artworkbydani.itch.io/breads-baking-adventure,,2026-04-30
https://puzzlealan.itch.io/league-of-nations,,2026-04-30
https://chimeracorelab.itch.io/chimera-terminal-v1,,2026-04-30
https://bell-of-wishing.itch.io/ring-of-the-ice,,2026-04-30
https://lbr699.itch.io/journey-through-memories,,2026-04-30
https://o-business.itch.io/repas-catala-batx,,2026-04-30
https://haaserw30.itch.io/gunpowder-goblin,,2026-04-30
https://illumegames.itch.io/cyber-fringe-eternal-protocol,,2026-04-30
https://sebastianscaini.itch.io/unreal-dev-build-launcher,,2026-04-30
https://desty-games.itch.io/vampire-invasion,,2026-04-30
https://budellaro.itch.io/dungeonsandstrolls,,2026-04-30
https://werreros-games.itch.io/the-pueblo-investigator,,2026-04-30
https://allthecaps.itch.io/when-pigs-fly,,2026-04-30
https://amelindev.itch.io/tranquilizer-of-mosquitos,,2026-04-30
https://dash-games-indie.itch.io/beat-the-bots,,2026-04-30
https://xecthar.itch.io/album-4-tomorrows-guaranteed,,2026-04-30
https://barnabe-wild.itch.io/low-poly-beach-scene,,2026-04-30
https://matthedumguy.itch.io/flipframe,,2026-04-30
https://strochetto.itch.io/padihorror,,2026-04-30
https://witheredjaws.itch.io/escape-the-rooms-remastered,,2026-04-30
https://tn-fabrication.itch.io/2024-polaris-sportsman,,2026-04-30
https://fyreka.itch.io/nightmare,,2026-04-30
https://hellven99.itch.io/frisk-haciendo-cosas,,2026-04-30
https://kaitomv.itch.io/abyssal-strider,,2026-04-30
https://janai789.itch.io/2d-side-scroller-ferret,,2026-04-30
https://tn-fabrication.itch.io/2014-ford-f250-superduty,,2026-04-30
https://wildymoon.itch.io/fools-errand,,2026-04-30
https://senam.itch.io/frisk-caminandn,,2026-04-30
https://toadman1.itch.io/weird-fishes,,2026-04-30
https://javicace.itch.io/ecos-del-tiempo,,2026-04-30
https://sakpix.itch.io/nature-outdoor-pixel-art-asset-pack-free-lite-tileset-for-top-down-games-32x32,,2026-04-30
https://taldius.itch.io/echotower,,2026-04-30
https://dondaaq.itch.io/sunny-jump,,2026-04-30
https://nqztan.itch.io/lock,,2026-04-30
https://anim0ia.itch.io/bffcom,,2026-04-30
https://reroll.itch.io/recursos-medula,,2026-04-30
https://mimadeo.itch.io/artillero2,,2026-04-30
https://pluxintel.itch.io/keyboards,,2026-04-30
https://timkoogames.itch.io/captain-jack-c-of-the-golden-tide,,2026-04-30
https://dash-games-indie.itch.io/icy-tower-remake,,2026-04-30
https://solidvalentine.itch.io/content-maxxing,,2026-04-30
https://gmcge.itch.io/mmlc,,2026-04-30
https://adam-192.itch.io/rock-paper-scissor-or-die,,2026-04-30
https://arbiter202.itch.io/doom-rocks,,2026-04-30
https://gabgaming404.itch.io/the-real-monster,,2026-04-30
https://worshipkyoko.itch.io/brainwasher,,2026-04-30
https://comshadow.itch.io/modern-restaurant-pixel-art-tileset-pack,,2026-04-30
https://mylifewithfel.itch.io/ah33,,2026-04-30
https://norschee.itch.io/femboy-futa-date-house-free-dowloand,,2026-04-30
https://pittan.itch.io/tako-kun,,2026-04-30
https://mylifewithfel.itch.io/community-property-2,,2026-04-30
https://hunterwilky1.itch.io/final-runners-beta,,2026-04-30
https://vill8tion.itch.io/anime-magical-column-caves-mini-background-pack-20-images-1080p-4k-pwyw,,2026-04-30
https://mrkractus.itch.io/hooked,,2026-04-30
https://jaceg2918.itch.io/qtfoj,,2026-04-30
https://khron-studio.itch.io/the-animal-symphony-vol-2,,2026-04-30
https://ruthlessforge.itch.io/neovirus-escape,,2026-04-30
https://forbiddenlemon.itch.io/outer-shoal,,2026-04-30
https://pedrobianchidev.itch.io/minibreakout,,2026-04-30
https://lowkeybougie.itch.io/tiny-swords-109,,2026-04-30
https://ljdv-studios.itch.io/pixel-art-cave-tileset,,2026-04-30
https://finnairfall.itch.io/knight-runner,,2026-04-30
https://dikarier.itch.io/fast-travel,,2026-04-30
https://russellmen.itch.io/markmarkjump,,2026-04-30
https://lougribble-games.itch.io/gods-descent,,2026-04-30
https://1lui.itch.io/platformer-tcnico,,2026-04-30
https://oxcyde.itch.io/radium-survivors,,2026-04-30
https://redsky1014.itch.io/uchanaimusic-subtitle-studio,,2026-04-30
https://laety4real.itch.io/escape-game-im-rahmen-einer-bachelorarbeit,,2026-04-30
https://orbyteon.itch.io/ridecore-legends,,2026-04-30
https://simr4.itch.io/tool-pack-ressource-pack-pixel,,2026-04-30
https://pingustudios.itch.io/welcome-to-aerium,,2026-04-30
https://lauchgamer.itch.io/schildus-the-horrorgame-prototype,,2026-04-30
https://jmv0626.itch.io/cubequest-beta,,2026-04-30
https://smgeofficial.itch.io/stalker-coast,,2026-04-30
https://mkeere.itch.io/root-and-remedy,,2026-04-30
https://pibocunizipu-source.itch.io/pratfall,,2026-04-30
https://limitedinput.itch.io/terminalidlecrawler,,2026-04-30
https://simto.itch.io/incremental-siege,,2026-04-30
https://adamwym.itch.io/hijrah-hills,,2026-04-30
https://0matssss.itch.io/debts-and-orbits,,2026-04-30
https://racoon-cat.itch.io/free-ui-sound-effects-pack-demo-15-sounds-for-games-apps,,2026-04-30
https://pixelga.itch.io/find-luigi,,2026-04-30
https://eggnoodl23.itch.io/operation-save-nyc,,2026-04-30
https://programandomivideojuego.itch.io/seduced-the-girls,,2026-04-30
https://mkriger.itch.io/grenazinho-explorer,,2026-04-30
https://xecthar.itch.io/album-5-the-end-is-here,,2026-04-30
https://boblolog.itch.io/pangini-and-fate,,2026-04-30
https://lilnugget5275.itch.io/wakeup,,2026-04-30
https://xavier-maczko.itch.io/mochi-mash,,2026-04-30
https://sunshinemadeline.itch.io/switch-witch,,2026-04-30
https://leticiaranzolin.itch.io/pixel-tale,,2026-04-30
https://mrizinto.itch.io/distorted-monochrome-0,,2026-04-30
https://projectsure.itch.io/projectsure,,2026-04-30
https://stresserror-work.itch.io/sleepless-nightmare,,2026-04-30
https://simonea.itch.io/slay-the-king,,2026-04-30
https://filwarka.itch.io/luckyboxes,,2026-04-30
https://pibocunizipu-source.itch.io/he-is-coming,,2026-04-30
https://bisonblackdesign.itch.io/blackest-jack,,2026-04-30
https://raptor-8.itch.io/game-i-made-for-fun-i-guess-idk,,2026-04-30
https://cfpanda.itch.io/rpg-maker-mz-plugin-region-based-event-movement-restriction,,2026-04-30
https://diefrank.itch.io/dh-endless-runner-duck,,2026-04-30
https://mtw1man2.itch.io/fantasy-rpg-dialogue-ui-system-choices-npc-interaction-textboxes-46-png,,2026-04-30
https://tinekss.itch.io/sniped-perimetr,,2026-04-30
https://georeb.itch.io/notorious-mogul,,2026-04-30
https://wnilorb.itch.io/nicwill-vs-zumbi,,2026-04-30
https://janer567.itch.io/kill-wizz,,2026-04-30
https://bearer.itch.io/crime-and-concrete,,2026-04-30
https://victoria-fischer.itch.io/come-back-home,,2026-04-30
https://ramunas946.itch.io/mining-game,,2026-04-30
https://jpulaski-1993yahoocom.itch.io/blood-teeth,,2026-04-30
https://wisedunmer.itch.io/junker,,2026-04-30
https://ackissaeth.itch.io/gym-empire-cliker,,2026-04-30
https://alina-69.itch.io/tur-virtual-lts,,2026-04-30
https://andi71.itch.io/nochecasino,,2026-04-30
https://hneifar.itch.io/crossword,,2026-04-30
https://bastosgames.itch.io/duck-hit,,2026-04-30
https://allen-yatsura.itch.io/bathroom,,2026-04-30
https://3styles.itch.io/techno-rider,,2026-04-30
https://jonny200511.itch.io/bad-creed-assaisin,,2026-04-30
https://gav-the-creator.itch.io/last-banner-survive-or-fall,,2026-04-30
https://seanblond.itch.io/mid-autumn-moon,,2026-04-30
https://hakkisahin.itch.io/de-cycle,,2026-04-30
https://plissken2013es.itch.io/the-secret-of-donut-island,,2026-04-30
https://simonea.itch.io/slay-the-kingg,,2026-04-30
https://warxt-studio.itch.io/warxt-vordian-savers,,2026-04-30
https://nitram1234.itch.io/type-em-down,,2026-04-30
https://fishman13.itch.io/pacific-rim-shooter,,2026-04-30
https://mpetersen33.itch.io/bearista,,2026-04-30
https://vicioussquid.itch.io/splitsville,,2026-04-30
https://zio00911.itch.io/shogun-chronicles-new,,2026-04-30
https://twwombat.itch.io/tabula-mortis,,2026-04-30
https://chalkdown.itch.io/decaying-cathedral,,2026-04-30
https://pibocunizipu-source.itch.io/vending-machine-co,,2026-04-30
https://darkrealmgames.itch.io/gumshoe,,2026-04-30
https://civet29.itch.io/vehicle-physics-by-civet29,,2026-04-30
https://limitedinput.itch.io/nullsecidle,,2026-04-30
https://gauthier-lemaire.itch.io/claqueurclapper,,2026-04-30
https://del-sfs.itch.io/solar-evolution,,2026-04-30
https://zelab.itch.io/the-anderson-house-murder-case,,2026-04-30
https://sizzlin-games.itch.io/capital-punishment,,2026-04-30
https://pwr9000.itch.io/parryexe-10,,2026-04-30
https://richardzelada.itch.io/the-silent-passage,,2026-04-30
https://rustic-rabbit-records.itch.io/planet-jumper,,2026-04-30
https://sheetforge.itch.io/500-fantasy-forest-builder-mega-pack,,2026-04-30
https://sockboy225.itch.io/music-collection,,2026-04-30
https://maffittaaa.itch.io/the-rumble,,2026-04-30
https://zergkitten.itch.io/charlatte-prototype,,2026-04-30
https://paulmario777.itch.io/aero-dreams,,2026-04-30
https://fun-manhaha.itch.io/hello-kitfugl,,2026-04-30
https://askaine.itch.io/modern-chair-black-wood-and-black-metal-4k-textures,,2026-04-30
https://geomerian.itch.io/the-lettuce-club,,2026-04-30
https://ieatcars.itch.io/type-the-alphabet,,2026-04-30
https://barti9boi.itch.io/rotating-world,,2026-04-30
https://lazyc0ffee.itch.io/technical-support,,2026-04-30
https://damiannirvana.itch.io/sunyyyy,,2026-04-30
https://brellamain56.itch.io/3d-platformer,,2026-04-30
https://detectivelo.itch.io/noodle-and-the-fool,,2026-04-30
https://rikegames.itch.io/bills-must-be-paid,,2026-04-30
https://mvp-games-of.itch.io/conte-de-masques,,2026-04-30
https://cortex-productions.itch.io/lucidity,,2026-04-30
https://xecthar.itch.io/album-6-in-this-concrete-world,,2026-04-30
https://dahiras.itch.io/legatoravepaint,,2026-04-30
https://socialistcubone.itch.io/the-ultimate-petdown-battle-your-pets-mobile,,2026-04-30
https://emilythebaptist.itch.io/the-train-thesis-project,,2026-04-30
https://gmatte-dev.itch.io/space-rocks,,2026-04-30
https://the-duck-hammer.itch.io/shrom,,2026-04-30
https://palitodev.itch.io/matchbattle,,2026-04-30
https://dark-roots-studio.itch.io/doon-the-lusts-of-mahdib,,2026-04-30
https://mikeey84.itch.io/lost-in-space,,2026-04-30
https://atllas.itch.io/space-rockets-hardcore,,2026-04-30
https://vicazz.itch.io/jogo,,2026-04-30
https://csterhorst.itch.io/jogo-1,,2026-04-30
https://emilythebaptist.itch.io/the-train-thesis-project-pt2,,2026-04-30
https://orbitekdev.itch.io/duck-clicker,,2026-04-30
https://kkouky.itch.io/lyricsgenerator,,2026-04-30
https://neonvoidstudio.itch.io/chicken-or-egg-chaos-mode,,2026-04-30
https://el-gerrytl.itch.io/ninja-quest,,2026-04-30
https://pyrygames.itch.io/submarine-quest,,2026-04-30
https://ram-m.itch.io/pin-pals,,2026-04-30
https://elven-tower.itch.io/hidden-dragon-dnd-adventure,,2026-04-30
https://mide5396.itch.io/swan-king-ii,,2026-04-30
https://scott-mclellan.itch.io/pong,,2026-04-30
https://jessst2.itch.io/an-phiast-untold-story,,2026-04-30
https://vurple-the-sprunki-lover.itch.io/sprunki-but-more-detail,,2026-04-30
https://razuth.itch.io/final-element,,2026-04-30
https://thejhoslol.itch.io/stay-after-class,,2026-04-30
https://sergioyago.itch.io/best-choices,,2026-04-30
https://rekonsel.itch.io/pickin-away,,2026-04-30
https://tintwotin.itch.io/the-girl-from-the-marsh-croft,,2026-04-30
https://d3-interactiveandapps.itch.io/arcwright,,2026-04-30
https://sheetforge.itch.io/fantasy-dungeon-builder-mega-pack-500-16x16-pixel-art-assets,,2026-04-30
https://betelgeusee.itch.io/primavera,,2026-04-30
https://alythse.itch.io/opasu,,2026-04-30
https://megaartemka.itch.io/blood-transport,,2026-04-30
https://rhosgfx.itch.io/vector-weapons-pro,,2026-04-30
https://rlg42.itch.io/the-blue-wizard,,2026-04-30
https://shadowzz88.itch.io/rock-clicker,,2026-04-30
https://mkrstudio.itch.io/rgbsnaky,,2026-04-30
https://alternativelypowered.itch.io/lost-on-kodas-mountain,,2026-04-30
https://rhosgfx.itch.io/vector-weapons,,2026-04-30
https://hamuhui.itch.io/akashic-museum-of-records,,2026-04-30
https://mouataz-badi.itch.io/berieadventure,,2026-04-30
https://frytka10.itch.io/akoia,,2026-04-30
https://teitofriends.itch.io/chatarra-orbital,,2026-04-30
https://cheekibandit.itch.io/soviet-themed-town,,2026-04-30
https://plutojupiter0.itch.io/lullabyte-dos-tool,,2026-04-30
https://1st-prize-plays.itch.io/pizza-panic,,2026-04-30
https://alb-pixel-store.itch.io/caveman-story-assets,,2026-04-30
https://heinsenb3rg.itch.io/arcane-crossfire,,2026-04-30
https://yingingxu.itch.io/seasonal-leap,,2026-04-30
https://luiginico.itch.io/the-loser-of-vuta,,2026-04-30
https://d4rk778-logic.itch.io/a-war-without-reason,,2026-04-30
https://franferr.itch.io/sneakymario,,2026-04-30
https://xecthar.itch.io/album-7-step-outside-its-lovely,,2026-04-30
https://foxico.itch.io/deads-rights,,2026-04-30
https://hydra0666.itch.io/gatumbra,,2026-04-30
https://biyas.itch.io/dink-demo-v02,,2026-04-30
https://enrique-gm.itch.io/chicken-run,,2026-04-30
https://santielquiro.itch.io/7hit-stick-fight-beta,,2026-04-30
https://mtw1man2.itch.io/neon-drift-boutique,,2026-04-30
https://kitkatch.itch.io/kitkatch,,2026-04-30
https://lvceccato.itch.io/spacerocks,,2026-04-30
https://notbred.itch.io/maven-memory-game-trainer,,2026-04-30
https://vladimir-chavdarov.itch.io/ad-clicker,,2026-04-30
https://girl-moss.itch.io/penser-fabriquer-montrer,,2026-04-30
https://jcodefox.itch.io/pong,,2026-04-30
https://moss-dev.itch.io/mago,,2026-04-30
https://starline-studio.itch.io/cuatro-caminos-hacia-ti,,2026-04-30
https://kazehana-studios.itch.io/low-poly-fantasy-sword-pack,,2026-04-30
https://howdoesonename.itch.io/big-honkers,,2026-04-30
https://dafrag.itch.io/fusion-survivors,,2026-04-30
https://alex293517.itch.io/modern-tech-props,,2026-04-30
https://rambersystudios.itch.io/beerer,,2026-04-30
https://disruptorart.itch.io/tiny-rocks-for-platformers,,2026-04-30
https://chierit.itch.io/cyberpunk-character-pulse-gunslinger,,2026-04-30
https://skyndsee.itch.io/data-wing-plus,,2026-04-30
https://makeoli.itch.io/base-idle,,2026-04-30
https://amaliarussell.itch.io/a-secret-about-apples,,2026-04-30
https://icarusphil.itch.io/tapestry,,2026-04-30
https://chixiisreallynotme.itch.io/connect-4,,2026-04-30
https://snow-the-rizzo.itch.io/snows-realm,,2026-04-30
https://wsamedozdemir.itch.io/quantumdisaster,,2026-04-30
https://baipai2456.itch.io/freezeflush,,2026-04-30
https://insane-idea-studio.itch.io/impatient-soul,,2026-04-30
https://fairwaystudios.itch.io/golfing-over-it,,2026-04-30
https://p-jaq.itch.io/yggrasil,,2026-04-30
https://dominiclavell.itch.io/gods-descent,,2026-04-30
https://hapshapen.itch.io/handcrafted-city-of-delights-and-debauchery,,2026-04-30
https://johny-de-wouters.itch.io/puzzle-escape-room,,2026-04-30
https://moltensabs.itch.io/escape-the-warehouse,,2026-04-30
https://jozeflulo.itch.io/alickaadventure,,2026-04-30
https://dpmaker.itch.io/sex-pass,,2026-04-30
https://datv-music.itch.io/scoring-jam-music,,2026-04-30
https://zucanki.itch.io/oppai-fairy-bounce,,2026-04-30
https://matser242.itch.io/una-subida-mortal,,2026-04-30
https://smilesrfab123.itch.io/project-raccon,,2026-04-30
https://willrobeson.itch.io/pollination,,2026-04-30
https://v0id-ed.itch.io/flappy-ray,,2026-04-30
https://froginvasiongames.itch.io/vietnam-chopper-red-haze,,2026-04-30
https://lordkarlitos.itch.io/goldenspire,,2026-04-30
https://alexthepoyo.itch.io/the-escape-of-the-bomb,,2026-04-30
https://carrillo-dev.itch.io/gymem-dash-mod-geomety-dash-mod,,2026-04-30
https://charlesedwardpipe.itch.io/bandit-hideout-generator,,2026-04-30
https://baldifan23.itch.io/appel,,2026-04-30
https://tipceys.itch.io/babyhell,,2026-04-30
https://emirhancaliskan.itch.io/redacted,,2026-04-30
https://dagdev-00.itch.io/casino-blackjack-pro,,2026-04-30
https://sitsiyoyo.itch.io/time-warp,,2026-04-30
https://mibrahimi.itch.io/do-i-contradict-myself-very-well-then-i-contradict-myself,,2026-04-30
https://aera-blooms.itch.io/rythm-parkour-game,,2026-04-30
https://dog-21.itch.io/pelatys-school,,2026-04-30
https://luckyspud13.itch.io/mystic-movers,,2026-04-30
https://patrickng.itch.io/inertia-pause,,2026-04-30
https://vestaal.itch.io/dire-ou-cartographier-la-folie,,2026-04-30
https://sasa-gamer47.itch.io/agency-network-homefront,,2026-04-30
https://plepguy.itch.io/alien-betrayer,,2026-04-30
https://slanpixel.itch.io/rotating-gems,,2026-04-30
https://aigamez.itch.io/apology-simulator,,2026-04-30
https://zohfur.itch.io/tapegame,,2026-04-30
https://cosmoguy2k.itch.io/billionaire,,2026-04-30
https://lucasespina.itch.io/mygame,,2026-04-30
https://snowstream.itch.io/lofcm,,2026-04-30
https://salvorite.itch.io/wacky-holidays,,2026-04-30
https://rebell-echo.itch.io/might-and-manipulation,,2026-04-30
https://kirikabu.itch.io/inflation-fusen-pump,,2026-04-30
https://spacydevv.itch.io/erase,,2026-04-30
https://froginvasiongames.itch.io/idle-mafia-family,,2026-04-30
https://moon-veil.itch.io/toonpack,,2026-04-30
https://shellsnoregames.itch.io/insectronics-temporary,,2026-04-30
https://gregl3.itch.io/guild-masters,,2026-04-30
https://mmmongecr.itch.io/learning-how-to-land,,2026-04-30
https://dnd-lord.itch.io/cry-of-historians,,2026-04-30
https://roe-studio.itch.io/pokemom,,2026-04-30
https://followthisfoxgmailcom.itch.io/horror-game-made-in-1-hour,,2026-04-30
https://cjrm96.itch.io/car-guy-simulator,,2026-04-30
https://slash.itch.io/the-minstrels-clock,,2026-04-30
https://fabonatchi.itch.io/the-homing-crows,,2026-04-30
https://powderhound.itch.io/crease-vs-the-reign-of-tearer,,2026-04-30
https://pocoyogeorgeneto.itch.io/fnf-vs-yasmind-v2,,2026-04-30
https://salvorite.itch.io/oldschool-scroller,,2026-04-30
https://fishingcat-xza.itch.io/dungeon-knight,,2026-04-30
https://nahtesiaramsed64.itch.io/searching,,2026-04-30
https://alexanderandrewwood.itch.io/call-transcriber-for-the-hearing-impaired-prototype,,2026-04-30
https://not-jj638.itch.io/cow-taggers,,2026-04-30
https://junior-crane.itch.io/serotonin,,2026-04-30
https://yuwono-dhanu-ryndra.itch.io/past-echoes,,2026-04-30
https://alanrobinsondev.itch.io/beast-sweeper-fantasy-minesweeper,,2026-04-30
https://froginvasiongames.itch.io/the-casino-vault-robbery,,2026-04-30
https://parabo1a.itch.io/nova-after,,2026-04-30
https://ej-dev.itch.io/fun-town-have-fun-in-fun-town,,2026-04-30
https://froginvasiongames.itch.io/bubblepop,,2026-04-30
https://zohaven.itch.io/project-little-taggers,,2026-04-30
https://jamjar-games.itch.io/cosmic-ranch,,2026-04-30
https://aneroo.itch.io/press-w-to-win,,2026-04-30
https://braianpenagos.itch.io/trique-tri-dimensional,,2026-04-30
https://froginvasiongames.itch.io/mars-rts,,2026-04-30
https://latenightgamer-yt.itch.io/dragonfire,,2026-04-30
https://crystalteal08.itch.io/sonic-exe-aidens-take,,2026-04-30
https://pokedex20e.itch.io/pokemon20e-verionmobile,,2026-04-30
https://idkgame-owner.itch.io/snow-tag-v2,,2026-04-30
https://theoc611.itch.io/bubbleberry-adventures,,2026-04-30
https://maxymax333.itch.io/108-anime-throne-rooms-midjourney-v-81,,2026-04-30
https://froginvasiongames.itch.io/vietnam-chopper-apk-android,,2026-04-30
https://froginvasiongames.itch.io/black-jack,,2026-04-30
https://terneforest.itch.io/un-flappy-bird-barato,,2026-04-30
https://kerz01.itch.io/impossible-gem-2-v02,,2026-04-30
https://dressedcap.itch.io/text-mp3-player,,2026-04-30
https://crokomoko.itch.io/free-found-sounds,,2026-04-30
https://jennifer-morton.itch.io/fire-tag,,2026-04-30
https://thevoidarchives.itch.io/the-void-archives-vol-4-harvest-protocol-plug-play-rural-folk-horror-narrative,,2026-04-30
https://connervolkek.itch.io/kinetic-brawl,,2026-04-30
https://lleoio.itch.io/formula-traffic,,2026-04-30
https://maxymax333.itch.io/152-profession-tokens-midjourney-v-81,,2026-04-30
https://ggearth.itch.io/efe-role-playing-system-core-rules-excendris-tomb,,2026-04-30
https://billingins.itch.io/legacy-tag,,2026-04-30
https://rubiworks.itch.io/crazy-cars,,2026-04-30
https://alexanderandrewwood.itch.io/usb-file-browser,,2026-04-30
https://iterminal.itch.io/iterminal-cave-pack,,2026-04-30
https://matheogamer22.itch.io/zeng-pong,,2026-04-30
https://flizdev.itch.io/theaze-racer,,2026-04-30
https://latterdaypop.itch.io/playdate-book-of-mormon,,2026-04-30
https://epicstick.itch.io/sticks-simple-armors-shift-rpg,,2026-04-30
https://froginvasiongames.itch.io/casino-slot-machines,,2026-04-30
https://aigamez.itch.io/something-pet,,2026-04-30
https://marcycroyle.itch.io/a-midsummer-nights-dream,,2026-04-30
https://sinopskyd.itch.io/great-attractor,,2026-04-30
https://m3ll0w-mase.itch.io/death-by-sunrise,,2026-04-30
https://ihyobi.itch.io/low-poly-ps1-style-weapon-pack-vol1,,2026-04-30
https://kevinyang0824.itch.io/lost-phone-interface,,2026-04-30
https://marzodev.itch.io/adult-holy-flash,,2026-04-30
https://jumar17.itch.io/hourglasshotel,,2026-04-30
https://thevoidarchives.itch.io/the-void-archives-vol-5-the-observer-protocol-plug-play-cosmic-horror-narrativ,,2026-04-30
https://avar-attamenis.itch.io/instant-backstories,,2026-04-30
https://one-tap-studios.itch.io/the-last-orbit,,2026-04-30
https://deadm3m3.itch.io/ftc-teleop-simulator,,2026-04-30
https://hollow-knight-fan09.itch.io/hollow-knight-dung-defenders-lost-memories,,2026-04-30
https://froginvasiongames.itch.io/pool-8-and-9-ball,,2026-04-30
https://travroot.itch.io/maple-blade,,2026-04-30
https://educomicsmy.itch.io/notebook-that-remember,,2026-04-30
https://zendev.itch.io/roblox-shortcut-creator,,2026-04-30
https://froginvasiongames.itch.io/pool-8-ball,,2026-04-30
https://chukoj.itch.io/godot-customizablemenu-for-begginers-20,,2026-04-30
https://legiondevilzz.itch.io/parastic-morgue,,2026-04-30
https://morevr123.itch.io/elitetagog,,2026-04-30
https://grandmalucas.itch.io/glappg,,2026-04-30
https://avinashsingh.itch.io/demo-game,,2026-04-30
https://itchiorocks1337.itch.io/penguinmod-extension-generator,,2026-04-30
https://cracker-2121.itch.io/brainxp,,2026-04-30
https://novabytegames.itch.io/karma-courier,,2026-04-30
https://baven.itch.io/the-vfx-museum,,2026-04-30
https://altolevvi.itch.io/hidden-collection,,2026-04-30
https://flemming1k.itch.io/revolving-debt,,2026-04-30
https://mjacob.itch.io/till-dusk,,2026-04-30
https://heysangames.itch.io/simple-tower-defense,,2026-04-30
https://divisionplus.itch.io/fantasy-land-locales,,2026-04-30
https://studio8502.itch.io/gridlocker,,2026-04-30
https://horrornight298.itch.io/night-of-the-skwer,,2026-04-30
https://froginvasiongames.itch.io/submergia-waters,,2026-04-30
https://imakemoddedgames.itch.io/lethal-ape-nightlight,,2026-04-30
https://rabanitos12.itch.io/neon-cannon,,2026-04-30
https://saraspiegelberg.itch.io/star-man,,2026-04-30
https://winechan.itch.io/retro-brunette-victorian-lady,,2026-04-30
https://mayol-c.itch.io/portfolio-piece,,2026-04-30
https://naranjitogames.itch.io/sinclair-zx-81-the-legend-of-zedd,,2026-04-30
https://mayol-c.itch.io/kana-atsume,,2026-04-30
https://makoto-0330.itch.io/otherworld-eden-character-3d-model-fantasy-creature-asset-glb-fbx-obj-textured,,2026-04-30
https://ythompy.itch.io/you-are-many,,2026-04-30
https://sharknelius.itch.io/find-the-flaws-software-nightmares,,2026-04-30
https://pigeon-hcy.itch.io/pinball-game,,2026-04-30
https://montana-jay.itch.io/themainframe,,2026-04-30
https://inkfrompen.itch.io/wario-jump,,2026-04-30
https://saharnaz.itch.io/chicken-flock,,2026-04-30
https://retroblockstudio.itch.io/retro-office-pack,,2026-04-30
https://minkomix.itch.io/awaiting-conversion,,2026-04-30
https://carlosmendess.itch.io/autismo9,,2026-04-30
https://ana-gg.itch.io/cenizas-del-mar,,2026-04-30
https://maxymax333.itch.io/110-earrings-midjourney-v-81,,2026-04-30
https://jonas-tools.itch.io/serpent-demo,,2026-04-30
https://synrecrpgmaker.itch.io/rpg-maker-mvmz-level-stats,,2026-04-30
https://spacedrago.itch.io/blazion,,2026-04-30
https://zapgamesstudios.itch.io/frostbite-shooter,,2026-04-30
https://bulbi92.itch.io/dogman-encounter,,2026-04-30
https://shaneyetkin.itch.io/dementia,,2026-04-30
https://ppare34.itch.io/chicken-hunt,,2026-04-30
https://pebonius.itch.io/lost-in-art,,2026-04-30
https://dakivoo.itch.io/lottie-is-hungry,,2026-04-30
https://shanebaron15icloudcom.itch.io/super-fun-time,,2026-04-30
https://rkoko.itch.io/rkoko-config-table-tool-free,,2026-04-30
https://kozibear.itch.io/super-connect-between-3-and-5,,2026-04-30
https://idlehandzonline.itch.io/wild-spirits,,2026-04-30
https://kwhades.itch.io/old-school-cartoon-backgrounds-4-vintage-scenes,,2026-04-30
https://rodrigo1593-dev.itch.io/whooper,,2026-04-30
https://iamminhanh.itch.io/snake,,2026-04-30
https://mousesu.itch.io/735,,2026-04-30
https://ticksoft.itch.io/numberlogic,,2026-04-30
https://gabrielcalves.itch.io/lost-in-the-stars,,2026-04-30
https://winechan.itch.io/retro-lolita-maid,,2026-04-30
https://quinceejones.itch.io/choose,,2026-04-30
https://spoonsa.itch.io/bad-megaman-level-submissions,,2026-04-30
https://gabrielcalves.itch.io/astro-obstacle,,2026-04-30
https://beansguy.itch.io/the-morkantrhope,,2026-04-30
https://hast3r.itch.io/dont-press-the-button,,2026-04-30
https://kenhananoana.itch.io/bug-battler,,2026-04-30
https://therealmmerchant.itch.io/succubus-8-directional-isometric-vtt-png-set,,2026-04-30
https://smolman-dev.itch.io/petcare-the-game,,2026-04-30
https://no-fallout-games.itch.io/tyquan-the-acid-trip-demo-level-1,,2026-04-30
https://vonzy.itch.io/paint-rush,,2026-04-30
https://tja45.itch.io/project-sprint03,,2026-04-30
https://winechan.itch.io/retro-brunette-lolita,,2026-04-30
https://freakshoworange.itch.io/you-really-need-this-job,,2026-04-30
https://nicolasgamer595.itch.io/pac-man-restashed,,2026-04-30
https://hallowed-doubt.itch.io/cor-catalus,,2026-04-30
https://haniyehsam.itch.io/proto-human-01,,2026-04-30
https://karta265618.itch.io/3,,2026-04-30
https://ykenobi.itch.io/computing-error,,2026-04-30
https://noir-rat.itch.io/2026studiopractice,,2026-04-30
https://zenpei.itch.io/pokephilia-pack-2-breeders-log,,2026-04-30
https://mialeehere.itch.io/vurapet,,2026-04-30
https://spectapor.itch.io/mouse-dash,,2026-04-30
https://porkyblack8.itch.io/ralsei-in-the-library,,2026-04-30
https://comshadow.itch.io/medieval-battlefield-ruins-pixel-art-tileset-pack,,2026-04-30
https://sky20960.itch.io/falling-star,,2026-04-30
https://deletedusr.itch.io/basic-3d-wave-shooter,,2026-04-30
https://emenica.itch.io/interludio-l2-letrinas,,2026-04-30
https://lunardevz.itch.io/360-sound,,2026-04-30
https://joshoroboto.itch.io/music-fighta,,2026-04-30
https://buddiew.itch.io/buddies-textbox-gen,,2026-04-30
https://melonyp.itch.io/nestward-bound,,2026-04-30
https://quick-bigly.itch.io/match-bigly,,2026-04-30
https://bro3aidea.itch.io/ai-art-pack-fo-altria-laner-341-images-bundle-prgnancy-huge-brests-armor-break,,2026-04-30
https://kingsloth1209.itch.io/fallen-kingdom-demo,,2026-04-30
https://mikestrat636536gmailcom.itch.io/happy-stoner-3d,,2026-04-30
https://coreylr197.itch.io/return-to-sender-bezi-jam-9,,2026-04-30
https://reisah.itch.io/dungeonescape,,2026-04-30
https://tahoma255.itch.io/the-black-castle-early-demo,,2026-04-30
https://lu4-lovab0i.itch.io/mashinshindensetsu,,2026-04-30
https://nujuju299.itch.io/infinite-fighter,,2026-04-30
https://electrickronos.itch.io/gwen-obeys,,2026-04-30
https://chimeralab123.itch.io/monster-girl-pixel-art-vol1-slime-girls,,2026-04-30
https://michellew0207.itch.io/lost-girl,,2026-04-30
https://comshadow.itch.io/luxury-cruise-ship-pixel-art-tileset-pack,,2026-04-30
https://willmcarthur.itch.io/exorcised-freedom,,2026-04-30
https://pjord.itch.io/wifi-manager-pro,,2026-04-30
https://ccrose357.itch.io/a-day-in-the-life-of-a-dog,,2026-04-30
https://makoto-0330.itch.io/otherworld-eden-vol02-creepy-cute-dark-fantasy-3d-character-model-fbx-glb-obj-t,,2026-04-30
https://cefo3dmagic.itch.io/galaxystrikemultiplayer,,2026-04-30
https://aura-design-assets.itch.io/cyberpunk-neon-ui-civilian-vehicles-vol-8,,2026-04-30
https://unknownrabbitn.itch.io/tachibana17,,2026-04-30
https://fractalux.itch.io/another-pong-clone,,2026-04-30
https://chen-yushi.itch.io/spark-of-ming-dynasty-a-chemical-tale,,2026-04-30
https://daexo-itch.itch.io/lesothovr,,2026-04-30
https://reisah.itch.io/lostinthewoods,,2026-04-30
https://arianes.itch.io/monday-morning,,2026-04-30
https://hypervoid.itch.io/the-backrooms-operation-null-level,,2026-04-30
https://yomajoart.itch.io/dolls-nightwalkers-modular-horror-ragdoll-pack,,2026-04-30
https://kongkongo0.itch.io/gamevoiceassistant,,2026-04-30
https://nasemos.itch.io/orb-survivor,,2026-04-30
https://fieystah.itch.io/syllabus-quiz,,2026-04-30
https://pobblebonk.itch.io/wow-key-claw,,2026-04-30
https://moosegoesquack.itch.io/the-interview,,2026-04-30
https://kaderblastgames.itch.io/gradient-descent,,2026-04-30
https://hongluanyu.itch.io/abyss-sweeper,,2026-04-30
https://outclawsteam.itch.io/outclaws,,2026-04-30
https://petmezzy.itch.io/jumping-off-a-building-simulator-demo,,2026-04-30
https://elvismacklay.itch.io/employeeclassic,,2026-04-30
https://mediocre-mr-fish.itch.io/hypocritical,,2026-04-30
https://celadondev.itch.io/imperial-consort-simulator,,2026-04-30
https://kelefox.itch.io/the-virtues-of-kings,,2026-04-30
https://spaceverse.itch.io/mowing-simulator,,2026-04-30
https://galactic-gamer-42.itch.io/arcane-automaton,,2026-04-30
https://steamfgl.itch.io/geogemas,,2026-04-30
https://jen2dfd.itch.io/your-wallpaper-is-mine,,2026-04-30
https://justlow11.itch.io/hooch-and-horsepower,,2026-04-30
https://theramentrain.itch.io/the-daycare-paradox,,2026-04-30
https://ciccii.itch.io/killers-rest-inn,,2026-04-30
https://rawformula.itch.io/colombian-3,,2026-04-30
https://dacerstudios.itch.io/tongits,,2026-04-30
https://scoat2.itch.io/sculpthaven,,2026-04-30
https://nonaka-a.itch.io/maimai-jump-jump,,2026-04-30
https://lekastudios.itch.io/they-choose,,2026-04-30
https://rawformula.itch.io/masked-1,,2026-04-30
https://tetrastudios.itch.io/sr-dedicated-server,,2026-04-30
https://pixel-1992.itch.io/32x32-gold-treasure-chest-pack-800-files-piles-loot-chests,,2026-04-30
https://ivalace.itch.io/hollow-market,,2026-04-30
https://norschee.itch.io/made-in-glory-hole-lewd-painters-never-die-free-dowloand,,2026-04-30
https://sexybaguettestudio.itch.io/hentai-clicker-akumi,,2026-04-30
https://doopysploopy.itch.io/holdup,,2026-04-30
https://last-tick.itch.io/vector-gui-base,,2026-04-30
https://toripingvin.itch.io/grat-the-cowman,,2026-04-30
https://manneko.itch.io/lucas-free-sprite-character,,2026-04-30
https://ave1nn.itch.io/tworch,,2026-04-30
https://frolk.itch.io/spinning-treasure,,2026-04-30
https://onefinity.itch.io/wargame-counter-sheet-generator,,2026-04-30
https://easyoeds.itch.io/painkiller,,2026-04-30
https://proassassinxero.itch.io/skillz-domain,,2026-04-30
https://gambeet.itch.io/afera-konska,,2026-04-30
https://sammy20xx.itch.io/mmc5-project-studio,,2026-04-30
https://nisanabilah.itch.io/archive-brunei,,2026-04-30
https://orhstudio.itch.io/wuxia-staves-asset-pack,,2026-04-30
https://no-fallout-games.itch.io/time-loop-hitman,,2026-04-30
https://n02k.itch.io/escape-the-shadows,,2026-04-30
https://megentarou.itch.io/japanese-dark-fantasy-enemies-bamboo-grove-apparitions,,2026-04-30
https://korre-ollonborre.itch.io/catificer-quest,,2026-04-30
https://fairyee.itch.io/slime-pop,,2026-04-30
https://atomicrealm.itch.io/industrial-characters-space,,2026-04-30
https://no-fallout-games.itch.io/dmt-sandbox,,2026-04-30
https://ts-gamer77.itch.io/pet-rock-simulator-2-playtest-017,,2026-04-30
https://wanderingpanda84.itch.io/dominoes,,2026-04-30
https://uberium.itch.io/swalalah,,2026-04-30
https://yet26.itch.io/nixs-nexus,,2026-04-30
https://zcoper15.itch.io/who-did-it,,2026-04-30
https://tushar0025.itch.io/focuswidget-the-psychological-wall-for-deep-work,,2026-04-30
https://problemedge.itch.io/killthenova,,2026-04-30
https://tatatarn.itch.io/little-detective-exploring-the-legends-of-chiang-rai,,2026-04-30
https://simone-siepi.itch.io/evilshot,,2026-04-30
https://abbax.itch.io/index-abacus,,2026-04-30
https://miuwang.itch.io/vrchat-unity-vfx-lightningelectricity-shader-20,,2026-04-30
https://some0-0one.itch.io/ps1-character,,2026-04-30
https://maciaz.itch.io/layer-snapper-for-aseprite,,2026-04-30
https://shawnyao.itch.io/2d-pixel-art-character,,2026-04-30
https://dazhh.itch.io/buildit,,2026-04-30
https://konstan78.itch.io/urchins-of-moorg-port,,2026-04-30
https://smilab.itch.io/snake-macarons,,2026-04-30
https://bresap27.itch.io/tic-tac-toe,,2026-04-30
https://bringsalavat.itch.io/turnip-turn,,2026-04-30
https://davidwu1099-hub.itch.io/asianvr,,2026-04-30
https://youthopialabs.itch.io/the-cookie-thief,,2026-04-30
https://simon3tortora-ui.itch.io/endless-asphalt,,2026-04-30
https://imaginais.itch.io/oculith-weaver-retro-psx-monsters,,2026-04-30
https://dreamypixelart.itch.io/pixel-status-effect-bundle-21-unique-animated-effects,,2026-04-30
https://katona-zoltan-github.itch.io/chess-rpg,,2026-04-30
https://ayhan-hub.itch.io/kutucuk,,2026-04-30
https://magic-devael.itch.io/adventurers-textiles,,2026-04-30
https://meaygen.itch.io/the-non-local,,2026-04-30
https://nenpoto.itch.io/bloodline-battles-vampiric-vendetta,,2026-04-30
https://namtran-105.itch.io/cruel-conversations,,2026-04-30
https://halow-studios.itch.io/chaos-city,,2026-04-30
https://weird420xl.itch.io/fluttershy-is-in-pregnants,,2026-04-30
https://alex-prague.itch.io/real-estate-boom,,2026-04-30
https://niconicopower.itch.io/name-base-layer-manager-for-aseprite,,2026-04-30
https://yamomo.itch.io/2605,,2026-04-30
https://allexnaa.itch.io/car-game,,2026-04-30
https://psycloning.itch.io/classic,,2026-04-30
https://frederiekesmit.itch.io/just-do-it,,2026-04-30
https://mendatecnologia.itch.io/floatbot-android-beta,,2026-04-30
https://rambersystudios.itch.io/just-run,,2026-04-30
https://subzero-41.itch.io/beyond-space,,2026-04-30
https://blaukeks.itch.io/human-parts,,2026-04-30
https://oggy218738.itch.io/tap-frenzy,,2026-04-30
https://o-het.itch.io/2-phaser-3-clicker-game-templates-no-code-reskin-tool,,2026-04-30
https://rectarcade.itch.io/beat-runner,,2026-04-30
https://ladge0705gmailcom.itch.io/customised-angel,,2026-04-30
https://luischichon.itch.io/horror-video-game-music-pack-1,,2026-04-30
https://comshadow.itch.io/modern-gas-station-pixel-art-tileset-pack,,2026-04-30
https://knurrkater.itch.io/cat-island-postcard-adventure,,2026-04-30
https://tarnishedglass.itch.io/relevate,,2026-04-30
https://nonzam.itch.io/kansen-no-sekai,,2026-04-30
https://deniz22.itch.io/our-last-day,,2026-04-30
https://dezritawre.itch.io/shadow-man-the-kitchen-flux,,2026-04-30
https://tarnishedglass.itch.io/project-h,,2026-04-30
https://zopice.itch.io/toilet-chaos-the-paper-pursuit,,2026-04-30
https://hvdr02.itch.io/bloodbane-the-crimson-nocturne-post-ludum-ver,,2026-04-30
https://raihadeath.itch.io/rockn-rose-3rd,,2026-04-30
https://realazerozlich.itch.io/velocity-mayhem,,2026-04-30
https://gamebgm-lab.itch.io/encounter-battle-playlist,,2026-04-30
https://morithil.itch.io/ecole-de-sorcieres,,2026-04-30
https://menutowngames.itch.io/authoritysystem,,2026-04-30
https://ertzu.itch.io/princess-escape,,2026-04-30
https://catnip-addict.itch.io/magiczno-keta,,2026-04-30
https://m4rcjo-g4ming.itch.io/nightfall-chapter-one,,2026-04-30
https://ax02.itch.io/ultimate-2d-pixel-art-weapon-pack,,2026-04-30
https://annlionne.itch.io/spirit-redemption,,2026-04-30
https://meadowmods.itch.io/landquip2554sprayer,,2026-04-30
https://okflint.itch.io/froggy-leap,,2026-04-30
https://roin3.itch.io/fuelpath,,2026-04-30
https://harry-tomasco.itch.io/nantucket-slieghride,,2026-04-30
https://chrisjoj.itch.io/jacks-flag-quiz,,2026-04-30
https://annoracroon.itch.io/pattern-break-tape-two-side-a-break,,2026-04-30
https://ilsilvano.itch.io/strata-gems-2,,2026-04-30
https://tobingaming1.itch.io/banana-clicker,,2026-04-30
https://smoresfish.itch.io/bleed,,2026-04-30
https://arcanijah.itch.io/symbol-generator,,2026-04-30
https://chrony.itch.io/dice,,2026-04-30
https://j3d3.itch.io/canvas-cutter,,2026-04-30
https://blackprlnce.itch.io/text-adventure-game,,2026-04-30
https://moonbit.itch.io/vile,,2026-04-30
https://askaine.itch.io/medieval-chair-3d-model,,2026-04-30
https://godspeacegames.itch.io/fruit-of-the-spirit-dash,,2026-04-30
https://maetchi.itch.io/pending-whispers,,2026-04-30
https://hjalte-git.itch.io/spacepirate,,2026-04-30
https://wildkarrdstudios.itch.io/tsukumogami,,2026-04-30
https://cornsumuk2.itch.io/sbrobsolete,,2026-04-30
https://ambik.itch.io/heavytf2-nuclearthrone,,2026-04-30
https://bzr1000.itch.io/slime-slayer,,2026-04-30
https://antunkarazija.itch.io/ninety-sixdead-since-birth,,2026-04-30
https://barrows.itch.io/mired,,2026-04-30
https://alexandredesane.itch.io/chromatic,,2026-04-30
https://plewr.itch.io/free-3d-pomni-model,,2026-04-30
https://gtwuclagmailcom.itch.io/the-fire-burns-low-gamebook-the-lean-cut,,2026-04-30
https://rhinoffensive.itch.io/kelimekurdu,,2026-04-30
https://abumech.itch.io/muckborn-prototype,,2026-04-30
https://titasurbutis.itch.io/wasd-tag,,2026-04-30
https://oranger123.itch.io/the-leyend-of-smith,,2026-04-30
https://ama10403.itch.io/the-override,,2026-04-30
https://tuff-game-maker.itch.io/tuff-city-narwhal-clicker,,2026-04-30
https://ptrasche.itch.io/sit-tight,,2026-04-30
https://quoueste.itch.io/silly-cat-game-v1,,2026-04-30
https://antunkarazija.itch.io/ninety-six-never-was-alive,,2026-04-30
https://arhimed122.itch.io/backrooms-fallen-tape,,2026-04-30
https://ozea-studio.itch.io/low-poly-sci-fi-industrial-props-pack-hs-003,,2026-04-30
https://crinnao.itch.io/severed,,2026-04-30
https://shab0b.itch.io/9-falls,,2026-04-30
https://srobinson111.itch.io/free-cannon-bullet,,2026-04-30
https://gtwuclagmailcom.itch.io/the-king-of-bones-an-fbl-adventure,,2026-04-30
https://mohgame.itch.io/challenge-game,,2026-04-30
https://defaultnamehere.itch.io/mortis-astrum,,2026-04-30
https://keijinz.itch.io/goldsrc-style-controller,,2026-04-30
https://objrand.itch.io/this-cannot-continue,,2026-04-30
https://wenrexa.itch.io/feast-pack-vol-1,,2026-04-30
https://jixad.itch.io/battlefield-builder,,2026-04-30
https://gamelearner.itch.io/breakout-godot-edition,,2026-04-30
https://pyrabox0x.itch.io/durpl,,2026-04-30
https://radkarbonat.itch.io/gui-extra-card-character-icon,,2026-04-30
https://guardabarranco.itch.io/smart-encyclopedia-browser,,2026-04-30
https://plicagames.itch.io/pazzurumon-challenge,,2026-04-30
https://tamsinisaac.itch.io/eachbeachcleandream4,,2026-04-30
https://kenluckyz.itch.io/ninjadodge,,2026-04-30
https://1suecia.itch.io/flappyhitler,,2026-04-30
https://gondosd.itch.io/the-pharmadillo,,2026-04-30
https://shadow-arena.itch.io/shadow-arena-pro,,2026-04-30
https://meowstr.itch.io/relaysim,,2026-04-30
https://mackas.itch.io/bros-backstreet-beatdown,,2026-04-30
https://irdurdev.itch.io/upea-codex,,2026-04-30
https://marcwilliamsstudio.itch.io/site-webgl-fr,,2026-04-30
https://icebox-interactive.itch.io/inkognito,,2026-04-30
https://bobby506.itch.io/color-breaker,,2026-04-30
https://rhh-error.itch.io/run-procedure,,2026-04-30
https://george-479.itch.io/the-ops-are-here,,2026-04-30
https://pixel-boy.itch.io/free-mix,,2026-04-30
https://adamwym.itch.io/undercover-faith,,2026-04-30
https://barreon.itch.io/glorbos-quest,,2026-04-30
https://thanagornp.itch.io/cybersurviver,,2026-04-30
https://dark-roots-studio.itch.io/deconstruction-of-emily,,2026-04-30
https://p-h-lee.itch.io/on-the-ecology-of-the-mud-dragon,,2026-04-30
https://auria-nntt.itch.io/remena,,2026-04-30
https://thegoodresidents.itch.io/skinwalker-noir,,2026-04-30
https://p-h-lee.itch.io/clover,,2026-04-30
https://bitqueststudio.itch.io/advanced-weather-system,,2026-04-30
https://rhh-error.itch.io/the-woman-ruler-wu,,2026-04-30
https://jjbbllkk.itch.io/scapeshifters,,2026-04-30
https://ansimuz.itch.io/tiny-rpg-drone-enemy,,2026-04-30
https://p-h-lee.itch.io/xxxxtreme-street-luge,,2026-04-30
https://qwq-950703.itch.io/demo,,2026-04-30
https://savpixels.itch.io/sheep-want-cookies,,2026-04-30
https://pixel-cab-games.itch.io/rifts-of-mayhem,,2026-04-30
https://sirix.itch.io/dicetower,,2026-04-30
https://cosmopark.itch.io/sheepknight-offline-survivors,,2026-04-30
https://melissaculhane.itch.io/free-the-animals,,2026-04-30
https://p-h-lee.itch.io/deeds-and-doers,,2026-04-30
https://unclearpolygon.itch.io/march-of-the-gnomes,,2026-04-30
https://asyadoga.itch.io/piranha-minigame,,2026-04-30
https://robertdeadth.itch.io/titts-demo,,2026-04-30
https://myamusical.itch.io/heart-of-stone-extended-ost,,2026-04-30
https://sakpix.itch.io/cyberpunk-portrait-pack-free-200-sci-fi-character-portraits,,2026-04-30
https://rehandev.itch.io/280-mega-pixel-space-ship-pack-2d,,2026-04-30
https://mixide04.itch.io/borrowed-lives,,2026-04-30
https://c00299948.itch.io/something-fishy-in-dingle-ver2,,2026-04-30
https://myamusical.itch.io/little-moon-album,,2026-04-30
https://stokrotkigamedev.itch.io/gnome-home,,2026-04-30
https://shoutakun.itch.io/electricat,,2026-04-30
https://kue49000000.itch.io/vedanomicon,,2026-04-30
https://lumpytelevision.itch.io/larry,,2026-04-30
https://nicccpicc.itch.io/get-nailed,,2026-04-30
https://jonnyu.itch.io/hammer,,2026-04-30
https://zeggle.itch.io/always-say-please,,2026-04-30
https://davidli.itch.io/green-nail-polish,,2026-04-30
https://emyrian.itch.io/sounds-of-kingdoms-passed,,2026-04-30
https://barely-functional.itch.io/forgewild-prototype,,2026-04-30
https://oroborworldforge.itch.io/orobor-maps-scars-ruin,,2026-04-30
https://themainju.itch.io/the-journey-ahead,,2026-04-30
https://allexnaa.itch.io/pps,,2026-04-30
https://mast3rzak.itch.io/left-on-red,,2026-04-30
https://nakhostgame.itch.io/flight-simulator,,2026-04-30
https://growywl.itch.io/trapman,,2026-04-30
https://mylifewithfel.itch.io/ah32,,2026-04-30
https://postdev.itch.io/psx-food,,2026-04-30
https://wanlutrelles.itch.io/un-camino-inolvidable,,2026-04-30
https://knarniapop.itch.io/the-well,,2026-04-30
https://lilredstrawberries.itch.io/sales-pitch,,2026-04-30
https://d-jre.itch.io/mini-story-game,,2026-04-30
https://andreavioli.itch.io/ghost-stupidness,,2026-04-30
https://eldir.itch.io/blue-box-squadron,,2026-04-30
https://fusionnist.itch.io/particle-painter,,2026-04-30
https://wing487.itch.io/velocity-garden,,2026-04-30
https://underduke.itch.io/slimed-origins,,2026-04-30
https://erbitine7.itch.io/bomber-hunt,,2026-04-30
https://ananatyevelyn.itch.io/el-secreto-de-la-isla,,2026-04-30
https://fizzycandy11.itch.io/bowmaster,,2026-04-30
https://liminaldirectory.itch.io/certainty,,2026-04-30
https://klottersupply.itch.io/fixelpont,,2026-04-30
https://msasa.itch.io/flowink,,2026-04-30
https://thekai.itch.io/bad-3d-snake,,2026-04-30
https://underduke.itch.io/slimed-rebirth,,2026-04-30
https://lowkeybuilt.itch.io/apple-toss-beta,,2026-04-30
https://patxi-bueno.itch.io/huntherian,,2026-04-30
https://jkyb.itch.io/lost-canvases,,2026-04-30
https://kekkorider.itch.io/pixel-art-lightning-vfx,,2026-04-30
https://11yichen1.itch.io/the-fox-adventure,,2026-04-30
https://yasumilife.itch.io/ntr-blocks,,2026-04-30
https://ch3rp1.itch.io/infectedsprunksies,,2026-04-30
https://pimpausiai.itch.io/sandy-town,,2026-04-30
https://spectryl.itch.io/rhythmracer,,2026-04-30
https://worshipkyoko.itch.io/obedience,,2026-04-30
https://mikejarmandesign.itch.io/threads-of-destiny,,2026-04-30
https://captainsleepyy.itch.io/nostalgia,,2026-04-30
https://adamek-2024.itch.io/nakarm-wink,,2026-04-30
https://jclland.itch.io/squirrel-game,,2026-04-30
https://jzman.itch.io/snowday,,2026-04-30
https://evrimsumerr.itch.io/crypto-trading-simulator-demo,,2026-04-30
https://jae10.itch.io/conway,,2026-04-30
https://paopeaw.itch.io/medianoche,,2026-04-30
https://gravity-sound.itch.io/earthquake-sound-effects,,2026-04-30
https://valeningenthronusal.itch.io/mario-amigo-fontanero,,2026-04-30
https://huahuai.itch.io/the-wall-of-prophecy,,2026-04-30
https://tonofthorns.itch.io/hiraeth,,2026-04-30
https://rabitibike.itch.io/flight-computer-down,,2026-04-30
https://tempestprince.itch.io/the-midnight-war,,2026-04-30
https://gvykngykm.itch.io/skeleton-island,,2026-04-30
https://antunkarazija.itch.io/slaughterhouse-harmony,,2026-04-30
https://lilithplay.itch.io/lovetage,,2026-04-30
https://nicolasgamer595.itch.io/pac-man-restashed-blackout-mode,,2026-04-30
https://slav911.itch.io/match-of-madness,,2026-04-30
https://delcasda.itch.io/caps-kickers,,2026-04-30
https://mutterpixel-studio.itch.io/cozy-village-world-builder-kit-towns-farms,,2026-04-30
https://nickstoonstudio.itch.io/pilgrims-journey,,2026-04-30
https://katie-l-carroll.itch.io/sunflowers-at-the-end-of-the-world,,2026-04-30
https://asyadoga.itch.io/eggo,,2026-04-30
https://bing00257.itch.io/winterfell,,2026-04-30
https://justblendout.itch.io/minecraft-roman-temple,,2026-04-30
https://gabrielbirkenmeyer.itch.io/betty-prototype-1,,2026-04-30
https://andorios.itch.io/calm-pack-2,,2026-04-30
https://ibraheem123.itch.io/craftisland,,2026-04-30
https://kiobe.itch.io/final-fantasy-tifa-hentai-clicker,,2026-04-30
https://alexos6.itch.io/solar-system,,2026-04-30
https://grimlovegames.itch.io/arrow-keys-promptgif,,2026-04-30
https://monochromestudios.itch.io/where-colours-bloom,,2026-04-30
https://equipo-9.itch.io/la-isla-despus-de-la-lluvia,,2026-04-30
https://carlos-cardiel.itch.io/the-adventures-of-ethan-silvertail-race-to-enerflux,,2026-04-30
https://artemisiaexists.itch.io/my-hot-vampire-date-is-trying-to-kill-me,,2026-04-30
https://elektrokardiogramm.itch.io/trudge,,2026-04-30
https://blaukeks.itch.io/jug,,2026-04-30
https://turn3ase.itch.io/thantale,,2026-04-30
https://jasiracki.itch.io/cassies-canines,,2026-04-30
https://shadowdragon-jb.itch.io/sdjb-safelocksystem,,2026-04-30
https://314isme.itch.io/tinycompanion,,2026-04-30
https://siferrr.itch.io/gens-ignota,,2026-04-30
https://wrenofwynn.itch.io/the-test-to-paradise,,2026-04-30
https://sebastian-mikos.itch.io/wave-breaker,,2026-04-30
https://yelarinyellowstellar.itch.io/harvest-misadventures,,2026-04-30
https://stufco.itch.io/big-mundane,,2026-04-30
https://gothgirlgames.itch.io/family-trouble-public,,2026-04-30
https://polkuser.itch.io/day,,2026-04-30
https://broken-shape.itch.io/pixel-ocean-pack,,2026-04-30
https://29837466214.itch.io/slime-survival,,2026-04-30
https://david7277219.itch.io/ball-brawl,,2026-04-30
https://demonlorddante.itch.io/satele-shan,,2026-04-30
https://kkshark11.itch.io/latch,,2026-04-30
https://inkeblot.itch.io/rollerball,,2026-04-30
https://super-coolaa.itch.io/ucla-virtual-simulator,,2026-04-30
https://flintgerr.itch.io/monster-mash,,2026-04-30
https://simonallan.itch.io/the-quest-for-the-sacred-flame-of-hestia,,2026-04-30
https://ascreb-creajeu.itch.io/la-gouttedetrop,,2026-04-30
https://nicolasgamer595.itch.io/pac-man-restashed-plus-mode,,2026-04-30
https://peeppeep0505.itch.io/space-station-escape,,2026-04-30
https://chrieveloper.itch.io/securelab,,2026-04-30
https://thatpokemonguy.itch.io/jumper-demo,,2026-04-30
https://8bitllama.itch.io/llarma-escape-1,,2026-04-30
https://jc1014.itch.io/game-store-interface,,2026-04-30
https://evermelon.itch.io/goldfish,,2026-04-30
https://otspiii.itch.io/manor-on-a-hill,,2026-04-30
https://vladidan.itch.io/oxygenrush-capstone-project,,2026-04-30
https://gustavonunez.itch.io/doggy-seasons-adventure,,2026-04-30
https://cutelibrarian.itch.io/touhousexphantasma,,2026-04-30
https://micah2008.itch.io/backrooms-blend,,2026-04-30
https://deluludev.itch.io/sletterio,,2026-04-30
https://morne-de-kock.itch.io/bikini-island-cricket-demo,,2026-04-30
https://rabbits-studios.itch.io/the-duck-for-phone,,2026-04-30
https://firecrackeremi.itch.io/arte-interactivo-tp1,,2026-04-30
https://karlgreen.itch.io/undertale-multiplayer-chaos-mod,,2026-04-30
https://buera0476.itch.io/exanimus,,2026-04-30
https://sedfu.itch.io/mall-nightmare,,2026-04-30
https://simonallan.itch.io/moonscape-escape-from-the-moon,,2026-04-30
https://anes-dev.itch.io/war-of-squares,,2026-04-30
https://mtw1man2.itch.io/afterlight-foundry,,2026-04-30
https://juan1639.itch.io/space-invaders-clon,,2026-04-30
https://mrtnli.itch.io/psx-soviet-kitchen-pack,,2026-04-30
https://yeyeyy.itch.io/rock-candy-game,,2026-04-30
https://lewdwhorse.itch.io/spider-ride-hazbin,,2026-04-30
https://shawnyao.itch.io/2d-pixel-art-warrior,,2026-04-30
https://lasersightgames.itch.io/rojectcosmetics,,2026-04-30
https://one-tap-studios.itch.io/no-time-to-sleep,,2026-04-30
https://charmy55.itch.io/cookie-taggin,,2026-04-30
https://annadsez.itch.io/fps-test,,2026-04-30
https://elxuj777.itch.io/panzer-front,,2026-04-30
https://phosfasium.itch.io/puzzle-orbs-playtest,,2026-04-30
https://jakobusviii.itch.io/apollo,,2026-04-30
https://rubanacabana.itch.io/ill-have-what-im-having,,2026-04-30
https://suppers.itch.io/plane-game,,2026-04-30
https://vladislive-dev.itch.io/unseen-red-margins,,2026-04-30
https://simonallan.itch.io/the-land-beyond-time-parts-1-and-2,,2026-04-30
https://kipperfalcon.itch.io/pixel-isometric-cave-tiles,,2026-04-30
https://airdinghy.itch.io/voxel-office-pack,,2026-04-30
https://szlavikszabolcs.itch.io/szolnok-1985,,2026-04-30
https://sturfs.itch.io/mouse-in-this-land-chapter-9,,2026-04-30
https://glenmcnamee.itch.io/dungeon-penetrator-2013,,2026-04-30
https://mamu-a.itch.io/roller-rink-rewind,,2026-04-30
https://abe796.itch.io/tappa,,2026-04-30
https://fire-entity.itch.io/lightbound,,2026-04-30
https://cheese-monger.itch.io/block-hockey,,2026-04-30
https://notzavier888.itch.io/finish-the-job-with-mobile-support,,2026-04-30
https://qlalau.itch.io/deepknight,,2026-04-30
https://mtw1man2.itch.io/flow-movement-trainer-maker,,2026-04-30
https://math98478549.itch.io/free-anti-shifted,,2026-04-30
https://nativebutterfly.itch.io/swordchess,,2026-04-30
https://pchyaki.itch.io/top-down-nude-character-base,,2026-04-30
https://rohanyun.itch.io/snulk,,2026-04-30
https://dravidam07.itch.io/3d-fps-tutorial,,2026-04-30
https://kitsunight.itch.io/tales-of-edenia,,2026-04-30
https://bitqueststudio.itch.io/gift-system,,2026-04-30
https://skrazilla.itch.io/h3xatr0n,,2026-04-30
https://sourstone-srl.itch.io/dedor,,2026-04-30
https://locallilkiddo.itch.io/lessons-in-training,,2026-04-30
https://jleavvv.itch.io/arms-race-v1,,2026-04-30
https://fabiocoro10.itch.io/platformer-pack-v1,,2026-04-30
https://clare-grady.itch.io/battle-for-nebulon,,2026-04-30
https://fastlinegg.itch.io/fastline,,2026-04-30
https://alenia-studios.itch.io/giftly-alenia,,2026-04-30
https://nicolasgamer595.itch.io/ms-pac-man-restashed,,2026-04-30
https://mindwandering.itch.io/frog-game,,2026-04-30
https://3styles.itch.io/road-rave-turbo-experience,,2026-04-30
https://purlstudio.itch.io/the-game-about-going-up,,2026-04-30
https://trashmonger.itch.io/terminal-surge,,2026-04-30
https://moon-veil.itch.io/tiny-rooms-asset-pack-16x16,,2026-04-30
https://rambersystudios.itch.io/planet-snake,,2026-04-30
https://vsrgo-se.itch.io/cat-merge-stray-to-throne,,2026-04-30
https://shellybelly1158.itch.io/anutales,,2026-04-30
https://sheetforge.itch.io/96-fantasy-character-portraits-mega-pack,,2026-04-30
https://worldswithoutend.itch.io/homevol1256,,2026-04-30
https://scoobxie.itch.io/psycat,,2026-04-30
https://tomazod.itch.io/godot-splash-vfx,,2026-04-30
https://cybcyb.itch.io/medieval-pixel-art-portraits,,2026-04-30
https://koussinos.itch.io/pps-dodgegame,,2026-04-30
https://rhill.itch.io/vr-animation,,2026-04-30
https://worldswithoutend.itch.io/home-top-down-vol-1-128x128px-fantasy-interior-game-assets-2d-ui-icons-pack-tt,,2026-04-30
https://maurogamexdd.itch.io/pol-clicker-beta,,2026-04-30
https://flim77.itch.io/9-lives,,2026-04-30
https://daannull.itch.io/my-pocket-dimension,,2026-04-30
https://jimieux.itch.io/mailbird-demo,,2026-04-30
https://urielchanquia-gamedev.itch.io/projecto-lzaro,,2026-04-30
https://averyandxtree.itch.io/sprunki-extra-character,,2026-04-30
https://liamrogersdeveloper.itch.io/neon-japan-pixel-art-16x16px,,2026-04-30
https://jnygames.itch.io/tony-tonne,,2026-04-30
https://slopconsumers.itch.io/my-little-quiz,,2026-04-30
https://monstercrown.itch.io/monster-crown-sin-eater-ost,,2026-04-30
https://rohanyun.itch.io/proyecto-zombie,,2026-04-30
https://byfernando.itch.io/samurai-ii-pixel-character,,2026-04-30
https://ventelve.itch.io/swipestride,,2026-04-30
https://kaicamp.itch.io/bet-ball,,2026-04-30
https://gensart.itch.io/all-9-lives,,2026-04-30
https://lollipopak.itch.io/cat-sprite-sheet-32x32,,2026-04-30
https://avamcevoyx.itch.io/the-angry-day,,2026-04-30
https://justinplayzytreal.itch.io/snakey,,2026-04-30
https://epicgamercool.itch.io/gu,,2026-04-30
https://ravioboi.itch.io/yo-yo-man,,2026-04-30
https://migidi.itch.io/sideris,,2026-04-30
https://bbbking-studios.itch.io/house-hustlemobile,,2026-04-30
https://alejandraf.itch.io/arte-interactivo-1-fasano,,2026-04-30
https://justinallen.itch.io/solar-system-simulation,,2026-04-30
https://misterm.itch.io/mistermrsand,,2026-04-30
https://pieceoffcake.itch.io/polarity,,2026-04-30
https://conditionally.itch.io/raising-a-villainess,,2026-04-30
https://monapdx.itch.io/pub2hub,,2026-04-30
https://nicocoun.itch.io/su-93-survivor,,2026-04-30
https://cianitagames.itch.io/un-juego-de-manual,,2026-04-30
https://neverprint.itch.io/infinite-backstage,,2026-04-30
https://kremaetlabs.itch.io/bolot,,2026-04-30
https://sillybeanthing.itch.io/ryptervrc,,2026-04-30
https://skylent.itch.io/lv-one-vs-the-monster-manual,,2026-04-30
https://justblendout.itch.io/small-terrace-3d,,2026-04-30
https://carolmonty.itch.io/blot,,2026-04-30
https://aarondog.itch.io/mini-dungeon-rise-of-legends,,2026-04-30
https://brent-the-sprunki.itch.io/sprunki-phase-5-brents-take,,2026-04-30
https://thefanciestpigeon.itch.io/pink-period,,2026-04-30
https://mcpato.itch.io/cursed-parish-psx-environment,,2026-04-30
https://smoothiegames.itch.io/bluegreytrimsheet,,2026-04-30
https://airpie.itch.io/neutralize-playdate,,2026-04-30
https://cheezeman05.itch.io/boomerang,,2026-04-30
https://zan-animations012.itch.io/relax-games,,2026-04-30
https://thefanciestpigeon.itch.io/just-like-us,,2026-04-30
https://maciaz.itch.io/29-stylized-city-backgrounds,,2026-04-30
https://abrilmusso.itch.io/zeds-path,,2026-04-30
https://jake-armstrong.itch.io/gridpulse,,2026-04-30
https://serinahuel.itch.io/tankuility,,2026-04-30
https://thorium90productions.itch.io/terrifying-tales-of-camp-okee-pokee,,2026-04-30
https://jplindo1500.itch.io/saporino-e-a-vingana-de-lotus,,2026-04-30
https://hundredeyegiant.itch.io/new-synty-assets-me-my-library,,2026-04-30
https://rob771.itch.io/knight-quest,,2026-04-30
https://silvia-ovo.itch.io/signal-noise,,2026-04-30
https://gmaker.itch.io/tiny-monsters-flow,,2026-04-30
https://yehudaf.itch.io/cascade,,2026-04-30
https://seggiepants.itch.io/hangman,,2026-04-30
https://reezl.itch.io/containment-62,,2026-04-30
https://thesoundrack.itch.io/minimalistic-music-pack,,2026-04-30
https://hogwartshoe.itch.io/oh-no-the-devil-shit-his-pants,,2026-04-30
https://nicolasgamer595.itch.io/pac-man-restashed-easy-mode,,2026-04-30
https://mrcharry.itch.io/gatos,,2026-04-30
https://domatophobia.itch.io/domatophobia,,2026-04-30
https://mtw1man2.itch.io/pixel-ui-generator-create-game-ui-assets-fast-buttons-panels-bars-more,,2026-04-30
https://aguseleod.itch.io/build,,2026-04-30
https://demart.itch.io/erashift,,2026-04-30
https://byfernando.itch.io/crow-member-pixel-character,,2026-04-30
https://ivalace.itch.io/the-stone-of-keeping,,2026-04-30
https://haoyang1123.itch.io/lucid,,2026-04-30
https://leepti.itch.io/catsters-og-version,,2026-04-30
https://mahalosupply.itch.io/posse-comitatus,,2026-04-30
https://liferake.itch.io/slime-maids-pregnancy-test,,2026-04-30
https://eqipo10106.itch.io/la-isla-despus-de-la-lluvia,,2026-04-30
https://myamusical.itch.io/petalbook-the-secret-garden-ost,,2026-04-30
https://normalmap-games.itch.io/glowing-ui-icons-pack,,2026-04-30
https://borax3.itch.io/plinko-sprint-3,,2026-04-30
https://calil-vtt-assets.itch.io/mercenary-figures,,2026-04-30
https://spanskvgsrisor.itch.io/escape-roomvg2,,2026-04-30
https://creator125.itch.io/lucas-balloon,,2026-04-30
https://mindfulnessviking.itch.io/interstellar-knockout,,2026-04-30
https://goblincraftedco.itch.io/desolation-peak,,2026-04-30
https://comshadow.itch.io/futuristic-war-ruins-pixel-art-tileset-pack,,2026-04-30
https://kenyatta-shima.itch.io/vocsphere,,2026-04-30
https://ellie-valkyrie.itch.io/cy-cairn,,2026-04-30
https://kipperfalcon.itch.io/2d-isometric-pixel-rails-roads,,2026-04-30
https://myamusical.itch.io/music-for-a-hypothetical-space-game,,2026-04-30
https://thedelm.itch.io/meldryn,,2026-04-30
https://feinerpener.itch.io/baby-vs-stein,,2026-04-30
https://aminote.itch.io/aminote,,2026-04-30
https://pax519.itch.io/midnight-kart-mayhem,,2026-04-30
https://homebrewgames-shinjuku1.itch.io/planetary-gear-generator,,2026-04-30
https://tjack-coding.itch.io/free-pixel-character-pack,,2026-04-30
https://threezero01.itch.io/hotzardzad,,2026-04-30
https://bulkierboar03.itch.io/rift-stellar,,2026-04-30
https://vyyy-ttt.itch.io/journey-to-pokeprof,,2026-04-30
https://pimpliesq.itch.io/esc-ctrl,,2026-04-30
https://nicolasgamer595.itch.io/pac-man-restashed-more-ghosts-mode,,2026-04-30
https://megaberry.itch.io/herbalist-shop,,2026-04-30
https://roostermods.itch.io/parker-1400-auger-system-on-2500-gravity-wagon-25,,2026-04-30
https://snacks-cool-games.itch.io/eclipse-terror,,2026-04-30
https://gdel.itch.io/cybergrind,,2026-04-30
https://shirostrike666.itch.io/samurai-bounce,,2026-04-30
https://king-raed.itch.io/space-defender-asteroid-attack,,2026-04-30
https://hrabe-kostej.itch.io/marast,,2026-04-30
https://shadowspectras.itch.io/simple-dnd-character-sheet,,2026-04-30
https://alexpoopy1.itch.io/procedural-plot-kit,,2026-04-30
https://thalysson-silva.itch.io/dino-rush,,2026-04-30
https://swanandravenstudio.itch.io/tradlife,,2026-04-30
https://pimpliesq.itch.io/dinonomics,,2026-04-30
https://damdamdev.itch.io/silent-protocol-demo,,2026-04-30
https://vale-molina.itch.io/rocket-launch-simulation,,2026-04-30
https://martingorz.itch.io/blappy-fird,,2026-04-30
https://darkdevimaster.itch.io/mining-collection,,2026-04-30
https://cyleranimates.itch.io/sprunki-malwarefc,,2026-04-30
https://galo-music.itch.io/classics-chiptune-music-pack-vol-1,,2026-04-30
https://takatikopandy.itch.io/zoo-to-rpg,,2026-04-30
https://ugonomamenoko.itch.io/magareyo,,2026-04-30
https://solid-sayori.itch.io/not-meant-to-be-last,,2026-04-30
https://adumbaj.itch.io/stickjump,,2026-04-30
https://aramyx.itch.io/morgan-and-fallen-morgans-asses,,2026-04-30
https://delta62arcus.itch.io/get-rich-and-die,,2026-04-30
https://yachiyo123.itch.io/31262-newbee-peaceful-platform-adventure,,2026-04-30
https://hisouten0621.itch.io/happy-farm,,2026-04-30
https://chainsaw-shan.itch.io/ctmys-activity-pack,,2026-04-30
https://darkleyx.itch.io/full-stop-girly-pop,,2026-04-30
https://wakks58.itch.io/bellator,,2026-04-30
https://kirakiramagic.itch.io/divadrome,,2026-04-30
https://merlina-garance.itch.io/hot-anthology,,2026-04-30
https://snooptomm.itch.io/sxsyt,,2026-04-30
https://kongkongo0.itch.io/eternum-cn-voice,,2026-04-30
https://pozac.itch.io/ultimate-weapon-pack-2d-pixel-art-animated-arsenal,,2026-04-30
https://neon-cat777.itch.io/sprunki-surving-trioneon-mix,,2026-04-30
https://spectapor.itch.io/neon-mines,,2026-04-30
https://aigamez.itch.io/dontbesuspicious,,2026-04-30
https://stuominous.itch.io/the-elder-forge,,2026-04-30
https://jackgoertzen.itch.io/typing-trace,,2026-04-30
https://heelgo.itch.io/6009game,,2026-04-30
https://oohicksyoo.itch.io/run-borro-run,,2026-04-30
https://jdth733.itch.io/moose-tag1,,2026-04-30
https://dravidam07.itch.io/monster-hunter,,2026-04-30
https://jpulaski-1993yahoocom.itch.io/lawn-of-the-damned,,2026-04-30
https://techdweeb.itch.io/solatro,,2026-04-30
https://inkblot2028.itch.io/featured,,2026-04-30
https://roadonek.itch.io/up-and-up-anomaly,,2026-04-30
https://atmark1.itch.io/retrograde-strike,,2026-04-30
https://alex-the-creator44.itch.io/prism-3d-beta-v10,,2026-04-30
https://no-fallout-games.itch.io/the-vault,,2026-04-30
https://trizg.itch.io/godot-turn-based-system,,2026-04-30
https://techdweeb.itch.io/crybt,,2026-04-30
https://visual-studios.itch.io/dozer-on-your-desktop,,2026-04-30
https://max404gm.itch.io/idk,,2026-04-30
https://rajneet-singh-ghuman.itch.io/circuit-75,,2026-04-30
https://no-fallout-games.itch.io/the-yahu,,2026-04-30
https://sotunu-1741-2.itch.io/sprunke-2-shifted-remake,,2026-04-30
https://colorplease.itch.io/a-convo-with-yourself-from-15-minutes-ago,,2026-04-30
https://techdweeb.itch.io/the-dusty-halls-of-the-eternal-boy,,2026-04-30
https://grafua.itch.io/cse528-final,,2026-04-30
https://teoops.itch.io/proyecto-artemis,,2026-04-30
https://pim-legacy.itch.io/nampat-kios,,2026-04-30
https://juicifersjug.itch.io/some-sooner-than-others,,2026-04-30
https://jezzamon.itch.io/cable-connectors-llc-ld,,2026-04-30
https://navierry011.itch.io/low-poly-girl,,2026-04-30
https://arcadedeck.itch.io/gem-merge,,2026-04-30
https://polenny.itch.io/grave-digger,,2026-04-30
https://mechsoftgames.itch.io/fnwj,,2026-04-30
https://9jdjd81creeper.itch.io/but-block,,2026-04-30
https://saikyo-mamasu.itch.io/space-ship,,2026-04-30
https://piplynnn.itch.io/aslau,,2026-04-30
https://walter-wlt.itch.io/system-monitoring,,2026-04-30
https://itchyskink0.itch.io/fps-early-prototype,,2026-04-30
https://paone.itch.io/metrobreaker,,2026-04-30
https://vonhoon.itch.io/crybt-by-techdweeb,,2026-04-30
https://zcarmel.itch.io/neutrofil,,2026-04-30
https://marionetacadena.itch.io/puppetsnocturne,,2026-04-30
https://tyler-brack.itch.io/frogphobia,,2026-04-30
https://grozny23.itch.io/take-your-throne,,2026-04-30
https://thelynxdj.itch.io/blink,,2026-04-30
https://syoukiwatanabe.itch.io/tamesirpg,,2026-04-30
https://socks1024.itch.io/new-dawn,,2026-04-30
https://mickeyfan254.itch.io/testing-project,,2026-04-30
https://alexandertovar.itch.io/last-light-on-hollow-way,,2026-04-30
https://spectapor.itch.io/neon-serpent,,2026-04-30
https://bilaluci.itch.io/totally-normal-rps-milestone-1,,2026-04-30
https://yaperstuff18.itch.io/special-star,,2026-04-30
https://onkhor.itch.io/podvodka-mockup,,2026-04-30
https://activedaydreamer.itch.io/another-day-another-life,,2026-04-30
https://mmgamess.itch.io/extreme-reversi-27,,2026-04-30
https://wolffs-studio.itch.io/tactical,,2026-04-30
https://ikebitzy.itch.io/maze-of-green,,2026-04-30
https://michaelnana.itch.io/pulp-poker,,2026-04-30
https://o-het.itch.io/253-fantasy-rpg-icons-bundle-64x64-pixel-art,,2026-04-30
https://spb3.itch.io/surviving-the-apocalpyse,,2026-04-30
https://darkvexxsyzopanda.itch.io/cristal-lands,,2026-04-30
https://neurodynami.itch.io/neurodynamic,,2026-04-30
https://sohun.itch.io/i-want-to-cook-like-mom,,2026-04-30
https://azurecity.itch.io/ame-no-syuten,,2026-04-30
https://sunnylau.itch.io/ecological-detective-the-case-of-the-vanishing-wetland,,2026-04-30
https://sizekivit.itch.io/tiny-inspector-vr-project-template,,2026-04-30
https://mocochinchii.itch.io/descent-version-1,,2026-04-30
https://egbert45.itch.io/dapper-dan-drinks-from-a-mug,,2026-04-30
https://demiba-132.itch.io/guns-of-glory-bro-ops,,2026-04-30
https://mrhfreegamedojo.itch.io/fhqrpgsmrhsample-5-150,,2026-04-30
https://woodring.itch.io/patternshop,,2026-04-30
https://davidwu1099-hub.itch.io/ani-grok-vr,,2026-04-30
https://kaerntnernoob.itch.io/onlinegba-feuerrot,,2026-04-30
https://nanami-chiaki1.itch.io/back-out-in-31-days,,2026-04-30
https://cold-mint.itch.io/glimmerworks,,2026-04-30
https://leonor-sofia.itch.io/death-will-not-tear-us-apart,,2026-04-30
https://zimbalup.itch.io/chrushevki-walking,,2026-04-30
https://hinotsuba.itch.io/tsubaki-tts-engine,,2026-04-30
https://noppy-x.itch.io/nox,,2026-04-30
https://nanami-chiaki1.itch.io/mindlock,,2026-04-30
https://quratzvr.itch.io/project-crystal,,2026-04-30
https://coffee-beans-studio.itch.io/simple-cartoony-ui-pink-buttons-icons-panels,,2026-04-30
https://assetsmithy.itch.io/50-modern-2d-game-backgrounds,,2026-04-30
https://spectapor.itch.io/void-invaders,,2026-04-30
https://wanderingpanda84.itch.io/maze,,2026-04-30
https://andreavioli.itch.io/soup-drive,,2026-04-30
https://lauramichet.itch.io/knife-game,,2026-04-30
https://spectapor.itch.io/echo-chamber,,2026-04-30
https://shili160.itch.io/tkzcy,,2026-04-30
https://twistedbyart.itch.io/minimal-road,,2026-04-30
https://maciaz.itch.io/29-nature-themed-realistic-oil-painted-backgrounds,,2026-04-30
https://shawnyao.itch.io/pixel-art-treasure-chest,,2026-04-30
https://ttomothyy.itch.io/ribbitlikescoffee,,2026-04-30
https://rlaaudal.itch.io/abyssbane-quickstart,,2026-04-30
https://thecreative8.itch.io/tic-tac-master,,2026-04-30
https://moraan6.itch.io/cozy-isometric-fantasy-villageasset-pack,,2026-04-30
https://andrs-mc.itch.io/msx-basic-sound-gallery,,2026-04-30
https://sombrelune4.itch.io/my-first-game,,2026-04-30
https://zfalomir.itch.io/blocks-in-the-woods,,2026-04-30
https://shili160.itch.io/everydaylifewithkuruminanase,,2026-04-30
https://jbobyh.itch.io/daisy-brew,,2026-04-30
https://trashyp97.itch.io/stylized-low-poly-nature-pack-trees-rocks-bushes-grass,,2026-04-30
https://el31.itch.io/apple-catcher-catch-avoid-survive,,2026-04-30
https://ikemura-hiroichi.itch.io/term115-rewardsr18,,2026-04-30
https://zfalomir.itch.io/paper-folding,,2026-04-30
https://bogg1126.itch.io/bdoggs-rogue-fighter,,2026-04-30
https://nimunimu-esny.itch.io/kawawii,,2026-04-30
https://empirecode.itch.io/find-the-ducks,,2026-04-30
https://pjord.itch.io/net-optimizer,,2026-04-30
https://comshadow.itch.io/ww1-trench-bunker-pixel-art-tileset-pack,,2026-04-30
https://bgcp2002.itch.io/save-woman-game-jam,,2026-04-30
https://cuthillstudios.itch.io/light-the-way-full-release,,2026-04-30
https://fabiocoro10.itch.io/platformer-project-v2,,2026-04-30
https://dimanari.itch.io/pngtuberstudioathome,,2026-04-30
https://ghostfibre.itch.io/this-meadow,,2026-04-30
https://askaine.itch.io/foliage-asset-pack-flowers-leaves-mushrooms,,2026-04-30
https://kkarthikeyan.itch.io/lines,,2026-04-30
https://dash2026.itch.io/meow-balls,,2026-04-30
https://b0light.itch.io/bk-souls,,2026-04-30
https://juan-carlos-farias.itch.io/tiny-space-adventure,,2026-04-30
https://s2b2.itch.io/bang-bang-no-120,,2026-04-30
https://abbendix.itch.io/q-billiards-puzzle,,2026-04-30
https://earntt.itch.io/not-found,,2026-04-30
https://car98k.itch.io/dino-jump,,2026-04-30
https://justaguy12345r.itch.io/incredibox-beep,,2026-04-30
https://rifewithkaiju.itch.io/simple-sprite-sheet-editor,,2026-04-30
https://vanillaviolet11.itch.io/outside-the-box,,2026-04-30
https://azurecity.itch.io/natunozankyou,,2026-04-30
https://monicarodrigues02021995.itch.io/flappy-bird,,2026-04-30
https://solnyshko.itch.io/my-tiny-witch,,2026-04-30
https://antunkarazija.itch.io/on-the-board,,2026-04-30
https://jamayk.itch.io/flow-tower-defence,,2026-04-30
https://dambrod.itch.io/chronocin-2025-2026,,2026-04-30
https://dreamypixelart.itch.io/50-pixel-icons-farm-pack-01-32x32,,2026-04-30
https://ej-dev.itch.io/the-stage-game-s2-ep1-sky-high,,2026-04-30
https://3riny.itch.io/thissh1t-ismessedup,,2026-04-30
https://solnyshko.itch.io/crunner,,2026-04-30
https://pinkypads.itch.io/hentai-pirates-survivors,,2026-04-30
https://giulio6686.itch.io/tile-realms,,2026-04-30
https://pogromca.itch.io/rangiku,,2026-04-30
https://mrfrozy.itch.io/chalkys-basics,,2026-04-30
https://venomousmouse.itch.io/drum-n-ice-jamversion,,2026-04-30
https://kakiru113.itch.io/the-test,,2026-04-30
https://honeydogmusic.itch.io/sun-dressed-electro-pop,,2026-04-30
https://cringler.itch.io/keystroke-corps,,2026-04-30
https://honeydogmusic.itch.io/no-clouds-electro-pop,,2026-04-30
https://honeydogmusic.itch.io/golden-hour-electro-pop,,2026-04-30
https://honeydogmusic.itch.io/sky-blue-electro-pop,,2026-04-30
https://honeydogmusic.itch.io/laundry-day-electro-pop,,2026-04-30
https://honeydogmusic.itch.io/perfect-brunch-electro-pop,,2026-04-30
https://honeydogmusic.itch.io/airy-whisper-electro-pop,,2026-04-30
https://honeydogmusic.itch.io/sunday-walk-electro-pop,,2026-04-30
https://honeydogmusic.itch.io/park-picnic-electro-pop,,2026-04-30
https://honeydogmusic.itch.io/rainbow-bridge-electro-pop,,2026-04-30
https://cotistudios.itch.io/happybunny,,2026-04-30
https://freshfromthecoven.itch.io/inter-view-soundtrack,,2026-04-30
https://cotistudios.itch.io/jump-ball,,2026-04-30
https://cptmorman.itch.io/a-scholars-tale,,2026-04-30
https://cptmorman.itch.io/a-scholars-tale-ost,,2026-04-30
https://cptmorman.itch.io/helios,,2026-04-30
https://pflovv.itch.io/three-bots,,2026-04-30
https://cotistudios.itch.io/mazze-scape,,2026-04-30
https://ivywhitemusic.itch.io/rpg-mansion,,2026-04-30
https://matt-san.itch.io/l1ght,,2026-04-30
https://cptmorman.itch.io/helios-ost,,2026-04-30
https://bibeleskas.itch.io/gifter,,2026-04-30
https://cotistudios.itch.io/memory-game,,2026-04-30
https://cotistudios.itch.io/the-dungeon-narrative-game,,2026-04-30
https://dogandemir.itch.io/the-botanist,,2026-04-30
https://dogandemir.itch.io/the-symmetrist,,2026-04-30
https://matt-san.itch.io/starry-night,,2026-04-30
https://hidden1te.itch.io/everyone-in-their-right-place,,2026-04-30
https://hidden1te.itch.io/airwaves,,2026-04-30
https://hidden1te.itch.io/days-dark,,2026-04-30
https://hidden1te.itch.io/aog,,2026-04-30
https://deletedusr.itch.io/last-resort,,2026-04-30
https://oleg1128.itch.io/zar,,2026-04-30
https://itch.io/jam/newbies-and-vets-17/rate/177963,,2026-04-30
https://itch.io/jam/the-eye-jam2/rate/4512866,,2026-04-30
https://itch.io/jam/rhythm-jam-2-seek-for-perfection/rate/4451278,,2026-04-30
https://itch.io/jam/planet-game-jam-14/rate/4516280,,2026-04-30
https://itch.io/jam/days-of-horror-2/rate/4451278,,2026-04-30
https://itch.io/jam/gamedevjs-2026/rate/4516997,,2026-04-30
https://itch.io/jam/impressions-composing-jam-season-4-melody-jam/rate/4514115,,2026-04-30
https://itch.io/jam/gamedevjs-2026/rate/4515227,,2026-04-30
https://itch.io/jam/mini-jam-209-deep/rate/4516810,,2026-04-30
https://itch.io/jam/one-little-agony-music-jam-2/rate/4519133,,2026-04-30
https://itch.io/jam/mini-jam-209-deep/rate/4516647,,2026-04-30
https://itch.io/jam/fireside-jam-2026/rate/4518709,,2026-04-30
https://itch.io/jam/screamology/rate/4481272,,2026-04-30
https://itch.io/jam/one-game-a-month-58/rate/4509547,,2026-04-30
https://itch.io/jam/pixelforge/rate/4518043,,2026-04-30
https://itch.io/jam/parody-games-jam/rate/4509547,,2026-04-30
https://itch.io/jam/one-game-a-month-58/rate/4445213,,2026-04-30
https://itch.io/jam/dis-april-2026-feedback-jam/rate/4445213,,2026-04-30
https://itch.io/jam/studiobool-apriljam2026/rate/4505582,,2026-04-30
https://itch.io/jam/always-learning-jam-3/rate/4505582,,2026-04-30
https://itch.io/jam/out-in-public-tabletop-game-jam/rate/4332774,,2026-04-30
https://itch.io/jam/bundle4mohammed/rate/2746630,,2026-04-30
https://itch.io/jam/cyg-8/rate/4482601,,2026-04-30
https://itch.io/jam/scribs-egg-jam-2026/rate/4451953,,2026-04-30
https://itch.io/jam/mini-jam-209-deep/rate/4518030,,2026-04-30
https://itch.io/jam/screamology/rate/4519350,,2026-04-30
https://itch.io/jam/breathless-jam-3/rate/4519594,,2026-04-30
https://itch.io/jam/feverdream-game-jam3/rate/4445213,,2026-04-30
https://itch.io/jam/gamedevjs-2026/rate/4513733,,2026-04-30
https://itch.io/jam/minesweeper-explode-o-jam/rate/4286849,,2026-04-30
https://itch.io/jam/aristos-interactive-jam-3/rate/4437408,,2026-04-30
https://itch.io/jam/indiepocalypse-issue-78-paying-anthology/rate/4354662,,2026-04-30
https://itch.io/jam/wierd-game-jam-iii-except-its-spring/rate/4517993,,2026-04-30
https://itch.io/jam/indiepocalypse-issue-78-paying-anthology/rate/3334357,,2026-04-30
https://itch.io/jam/tiny-rpg-jam-2/rate/4517556,,2026-04-30
https://itch.io/jam/dialogue-jam-26/rate/4515487,,2026-04-30
https://itch.io/jam/fighting-game-versus-jam-2026/rate/4519468,,2026-04-30
https://itch.io/jam/dis-april-2026-feedback-jam/rate/3866691,,2026-04-30
https://itch.io/jam/days-of-horror-2/rate/4499039,,2026-04-30
https://itch.io/jam/tiny-rpg-jam-2/rate/4520033,,2026-04-30
https://itch.io/jam/planet-game-jam-14/rate/4520035,,2026-04-30
https://itch.io/jam/comfy-jam-spring-2026/rate/3438482,,2026-04-30
https://itch.io/jam/playtest-feedback-exchange-jam-3/rate/4515595,,2026-04-30
https://itch.io/jam/assignment-4-what-happened-here/rate/4503105,,2026-04-30
https://itch.io/jam/minesweeper-explode-o-jam/rate/4512026,,2026-04-30
https://itch.io/jam/days-of-horror-2/rate/4519451,,2026-04-30
https://itch.io/jam/mini-jam-209-deep/rate/4520118,,2026-04-30
https://itch.io/jam/end-of-the-world/rate/4520290,,2026-04-30
https://itch.io/jam/one-little-agony-music-jam-2/rate/4504794,,2026-04-30
https://itch.io/jam/aristos-interactive-jam-3/rate/4520408,,2026-04-30
https://itch.io/jam/preggo-game-jam-4/rate/4520456,,2026-04-30
https://itch.io/jam/film-scoring-jam-with-video-lets-score-a-commercial-scoringtechnet/rate/4520480,,2026-04-30
https://itch.io/jam/table-jam-26/rate/4520529,,2026-04-30
https://itch.io/jam/days-of-horror-2/rate/4520542,,2026-04-30
https://itch.io/jam/mini-jam-209-deep/rate/4517547,,2026-04-30
https://itch.io/jam/ai-game-jam-2/rate/4520573,,2026-04-30
https://itch.io/jam/dialogue-jam-26/rate/4510254,,2026-04-30
https://itch.io/jam/rpg-mania-xiv/rate/4510254,,2026-04-30
https://itch.io/jam/days-of-horror-2/rate/4520604,,2026-04-30
https://itch.io/jam/days-of-horror-2/rate/4520571,,2026-04-30
https://itch.io/jam/bezi-jam-9/rate/4520060,,2026-04-30
https://itch.io/jam/impressions-composing-jam-season-4-melody-jam/rate/4520760,,2026-04-30
https://itch.io/jam/minesweeper-explode-o-jam/rate/4520730,,2026-04-30
https://itch.io/jam/sgd213finalprojectssp26/rate/4520875,,2026-04-30
https://itch.io/jam/impressions-composing-jam-season-4-melody-jam/rate/4520928,,2026-04-30
https://itch.io/jam/madison-jam-3/rate/4520844,,2026-04-30
https://itch.io/jam/14-days-and-12-hourssecond-edition/rate/4520890,,2026-04-30
https://itch.io/jam/days-of-horror-2/rate/4518038,,2026-04-30
https://itch.io/jam/14-days-and-12-hourssecond-edition/rate/4503121,,2026-04-30
https://itch.io/jam/one-game-a-month-58/rate/4503121,,2026-04-30
https://itch.io/jam/noun-borg-3-mrk-mania/rate/4521255,,2026-04-30
https://itch.io/jam/shift-rpg-game-jam-2026/rate/4520893,,2026-04-30
https://itch.io/jam/humane-jam-for-animals/rate/4521322,,2026-04-30
https://itch.io/jam/bezi-jam-9/rate/4521302,,2026-04-30
https://itch.io/jam/bezi-jam-9/rate/4511063,,2026-04-30
https://itch.io/jam/our-game-lab/rate/4511863,,2026-04-30
https://itch.io/jam/bezi-jam-9/rate/4521043,,2026-04-30
https://itch.io/jam/bezi-jam-9/rate/4520513,,2026-04-30
https://itch.io/jam/humane-jam-for-animals/rate/4521418,,2026-04-30
https://itch.io/jam/bezi-jam-9/rate/4512529,,2026-04-30
https://itch.io/jam/sprint-12/rate/3076538,,2026-04-30
https://itch.io/jam/days-of-horror-2/rate/4516621,,2026-04-30
https://itch.io/jam/bezi-jam-9/rate/4521431,,2026-04-30
https://itch.io/jam/bezi-jam-9/rate/4521503,,2026-04-30
https://itch.io/jam/fighting-game-versus-jam-2026/rate/4521133,,2026-04-30
https://itch.io/jam/ljlouos-big-back-gamejam/rate/4506497,,2026-04-30
https://itch.io/jam/bundle4mohammed/rate/3752210,,2026-04-30
https://itch.io/jam/bundle4mohammed/rate/3757001,,2026-04-30
https://itch.io/jam/eternal-ttrpg-jam-april-2026-shouldnt-be/rate/4521621,,2026-04-30
https://itch.io/jam/2026-jam/rate/4515702,,2026-04-30
https://itch.io/jam/upsteam-7/rate/4521571,,2026-04-30
https://itch.io/jam/you-cannot-play-this-ttrpg-jam/rate/4521749,,2026-04-30
https://itch.io/jam/pixelforge/rate/4518356,,2026-04-30
https://itch.io/jam/ai-game-jam-2/rate/4363508,,2026-04-30
https://itch.io/jam/decadejam/rate/4503895,,2026-04-30
https://itch.io/jam/5-year-long-jam/rate/4503895,,2026-04-30
https://itch.io/jam/never-ending-gamejam/rate/4503895,,2026-04-30
https://itch.io/jam/how-long-can-we-jam/rate/4503895,,2026-04-30
https://itch.io/jam/screamology/rate/4503895,,2026-04-30
https://itch.io/jam/islife/rate/4503895,,2026-04-30
https://itch.io/jam/brsd-15/rate/4480582,,2026-04-30
https://itch.io/jam/ai-game-jam-2/rate/4521880,,2026-04-30
https://itch.io/jam/charity-cat-jam/rate/4521935,,2026-04-30
https://itch.io/jam/swings-hard-with-flail-jam/rate/4521935,,2026-04-30
https://itch.io/jam/improve-my-game-jam-44/rate/4268062,,2026-04-30
https://itch.io/jam/sky-and-earth-romani-mutual-aid-jam/rate/3474429,,2026-04-30
https://itch.io/jam/sky-and-earth-romani-mutual-aid-jam/rate/4490970,,2026-04-30
https://itch.io/jam/screamology/rate/4510718,,2026-04-30
https://itch.io/jam/screamology/rate/4513793,,2026-04-30
https://itch.io/jam/swings-hard-with-flail-jam/rate/4520961,,2026-04-30
https://itch.io/jam/rpg-maker-themed-game-jam-15/rate/4520151,,2026-04-30
https://itch.io/jam/dialogue-jam-26/rate/4488126,,2026-04-30
https://itch.io/jam/wgf2026/rate/4488126,,2026-04-30
https://itch.io/jam/interactive-fiction-showcase-2026/rate/4488126,,2026-04-30
https://itch.io/jam/feverdream-game-jam3/rate/4488126,,2026-04-30
https://itch.io/jam/brsd-15/rate/4475907,,2026-04-30
https://itch.io/jam/bezi-jam-9/rate/4522366,,2026-04-30
https://itch.io/jam/one-game-a-month-58/rate/4502793,,2026-04-30
https://itch.io/jam/improve-my-game-jam-44/rate/3476502,,2026-04-30
https://itch.io/jam/minesweeper-explode-o-jam/rate/4522536,,2026-04-30
https://itch.io/jam/days-of-horror-2/rate/4521657,,2026-04-30
https://itch.io/jam/preggo-game-jam-4/rate/4512422,,2026-04-30
https://itch.io/jam/shuukura-game-jam-2026/rate/4466175,,2026-04-30
https://itch.io/jam/eternal-ttrpg-jam-april-2026-shouldnt-be/rate/4520669,,2026-04-30
https://itch.io/jam/dtj36-25/rate/4520637,,2026-04-30
https://itch.io/jam/redot-spring-jam-2026/rate/4522818,,2026-04-30
https://itch.io/jam/interactive-fiction-showcase-2026/rate/4512060,,2026-04-30
https://itch.io/jam/dis-april-2026-feedback-jam/rate/4469813,,2026-04-30
https://itch.io/jam/pixelforge/rate/4518385,,2026-04-30
https://itch.io/jam/mini-jam-209-deep/rate/4521219,,2026-04-30
https://itch.io/jam/adventure-gamebook-jam/rate/4512060,,2026-04-30
https://itch.io/jam/lame-jam-61/rate/4517649,,2026-04-30
https://itch.io/jam/charity-cat-jam/rate/4522877,,2026-04-30
https://itch.io/jam/free-rpg-day-weekend-bundle-2026/rate/4477841,,2026-04-30
https://itch.io/jam/charity-cat-jam/rate/2374576,,2026-04-30
https://itch.io/jam/free-rpg-day-weekend-bundle-2026/rate/3682017,,2026-04-30
https://itch.io/jam/table-jam-26/rate/4519952,,2026-04-30
https://itch.io/jam/improve-my-game-jam-44/rate/3555286,,2026-04-30
https://itch.io/jam/fighting-game-versus-jam-2026/rate/4523089,,2026-04-30
https://itch.io/jam/improve-my-game-jam-44/rate/4287400,,2026-04-30
https://itch.io/jam/grad-u-igri-zrenjanin/rate/4523081,,2026-04-30
https://itch.io/jam/playtest-feedback-exchange-jam-3/rate/4481133,,2026-04-30
https://itch.io/jam/playtest-feedback-exchange-jam-3/rate/3601437,,2026-04-30
https://itch.io/jam/wierd-game-jam-iii-except-its-spring/rate/4523189,,2026-04-30
https://itch.io/jam/ai-game-jam-2/rate/4522085,,2026-04-30
https://itch.io/jam/14-days-and-12-hourssecond-edition/rate/4443418,,2026-04-30
https://itch.io/jam/a-voyage-through-space-jam/rate/4523273,,2026-04-30
https://itch.io/jam/preggo-game-jam-4/rate/4523436,,2026-04-30
https://itch.io/jam/you-cannot-play-this-ttrpg-jam/rate/4426593,,2026-04-30
https://itch.io/jam/madison-jam-3/rate/4523513,,2026-04-30
https://itch.io/jam/screamology/rate/4523453,,2026-04-30
https://itch.io/jam/one-little-agony-music-jam-2/rate/4523548,,2026-04-30
https://itch.io/jam/soupjam2026/rate/4455319,,2026-04-30
https://itch.io/jam/madison-jam-3/rate/4523571,,2026-04-30
https://itch.io/jam/charity-cat-jam/rate/4523618,,2026-04-30
https://itch.io/jam/madison-jam-3/rate/4523617,,2026-04-30
https://itch.io/jam/madison-jam-3/rate/4523622,,2026-04-30
https://itch.io/jam/madison-jam-3/rate/4523624,,2026-04-30
https://itch.io/jam/sapphic-monster-girl-fluff-jam-2026/rate/4477353,,2026-04-30
https://itch.io/jam/madison-jam-3/rate/4523348,,2026-04-30
https://itch.io/jam/madison-jam-3/rate/4523652,,2026-04-30
https://itch.io/jam/wierd-game-jam-iii-except-its-spring/rate/4523572,,2026-04-30
https://itch.io/jam/table-jam-26/rate/4523702,,2026-04-30
https://itch.io/jam/madison-jam-3/rate/4523749,,2026-04-30
https://itch.io/jam/preggo-game-jam-4/rate/4523756,,2026-04-30
https://itch.io/jam/wgf2026/rate/4519129,,2026-04-30
https://itch.io/jam/shift-rpg-game-jam-2026/rate/4523780,,2026-04-30
https://itch.io/jam/5-year-long-jam/rate/4523799,,2026-04-30
https://itch.io/jam/eternal-ttrpg-jam-april-2026-shouldnt-be/rate/4523833,,2026-04-30
https://itch.io/jam/yogurt-sandwich-jam/rate/4523853,,2026-04-30
https://itch.io/jam/mystery-game-jam-2026/rate/4490268,,2026-04-30
https://itch.io/jam/concours-de-fiction-interactive-francophone-2026/rate/4523909,,2026-04-30
https://itch.io/jam/screamology/rate/4523119,,2026-04-30
https://itch.io/jam/charity-cat-jam/rate/2973087,,2026-04-30
https://itch.io/jam/charity-cat-jam/rate/1874251,,2026-04-30
https://itch.io/jam/charity-cat-jam/rate/1114262,,2026-04-30
https://itch.io/jam/preggo-game-jam-4/rate/4523896,,2026-04-30
https://itch.io/jam/yogurt-sandwich-jam/rate/4524090,,2026-04-30
https://itch.io/jam/3d-modelling-jam-11/rate/4519388,,2026-04-30
https://itch.io/jam/parsercomp-2026/rate/4524146,,2026-04-30
https://itch.io/jam/the-2026-mascot-horror-jam/rate/4521136,,2026-04-30
https://itch.io/jam/parsercomp-2026/rate/4089666,,2026-04-30
https://itch.io/jam/redot-spring-jam-2026/rate/4524207,,2026-04-30
https://itch.io/jam/indiepocalypse-issue-78-paying-anthology/rate/4326358,,2026-04-30
https://itch.io/jam/impressions-composing-jam-season-4-melody-jam/rate/4524274,,2026-04-30
https://itch.io/jam/yogurt-sandwich-jam/rate/4524306,,2026-04-30
https://itch.io/jam/ai-game-jam-2/rate/4524295,,2026-04-30
https://itch.io/jam/playtest-feedback-exchange-jam-3/rate/4523761,,2026-04-30
https://itch.io/jam/chill-jam-15/rate/4505693,,2026-04-30
https://itch.io/jam/charity-cat-jam/rate/4001620,,2026-04-30
https://itch.io/jam/2e-bluestar-gamejam/rate/4518867,,2026-04-30
https://itch.io/jam/sgi-game-jam/rate/4524418,,2026-04-30
https://itch.io/jam/an-april-fools-jam/rate/4524418,,2026-04-30
https://itch.io/jam/cozy-jam/rate/4523761,,2026-04-30
https://itch.io/jam/chill-jam-15/rate/4523761,,2026-04-30
https://itch.io/jam/sgi-game-jam/rate/3636169,,2026-04-30
https://itch.io/jam/islife/rate/2948105,,2026-04-30
https://itch.io/jam/decadejam/rate/4523761,,2026-04-30
https://itch.io/jam/cyg-8/rate/4523761,,2026-04-30
https://itch.io/jam/talp2026/rate/4348416,,2026-04-30
https://itch.io/jam/fighting-game-versus-jam-2026/rate/4523626,,2026-04-30
https://itch.io/jam/preggo-game-jam-4/rate/4524607,,2026-04-30
https://itch.io/jam/cyg-8/rate/4498556,,2026-04-30
https://itch.io/jam/cyg-8/rate/4317279,,2026-04-30
https://itch.io/jam/playtest-feedback-exchange-jam-3/rate/4317279,,2026-04-30
https://itch.io/jam/rol-indie-en-castellano-2026/rate/4480502,,2026-04-30
https://itch.io/jam/upsteam-7/rate/4518821,,2026-04-30
https://itch.io/jam/screamology/rate/4524718,,2026-04-30
https://itch.io/jam/decker-app-jam/rate/4524702,,2026-04-30
https://itch.io/jam/dark-fiction-jam/rate/3779400,,2026-04-30
https://itch.io/jam/14-days-and-12-hourssecond-edition/rate/4513975,,2026-04-30
https://itch.io/jam/always-learning-jam-3/rate/4524875,,2026-04-30
https://itch.io/jam/screamology/rate/4524771,,2026-04-30
https://itch.io/jam/redot-spring-jam-2026/rate/4524963,,2026-04-30
https://itch.io/jam/5-year-long-jam/rate/4522296,,2026-04-30
https://itch.io/jam/decadejam/rate/4522296,,2026-04-30
https://itch.io/jam/islife/rate/4522296,,2026-04-30
https://itch.io/jam/never-ending-gamejam/rate/4522296,,2026-04-30
https://itch.io/jam/how-long-can-we-jam/rate/4522296,,2026-04-30
https://itch.io/jam/fnaf-fan-game-jam-april/rate/4512417,,2026-04-30
https://itch.io/jam/yogurt-sandwich-jam/rate/4524049,,2026-04-30
https://itch.io/jam/cozy-jam/rate/4525058,,2026-04-30
https://itch.io/jam/kenney-jam-2021/rate/1168557,,2026-04-30
https://itch.io/jam/kenney-jam-2022/rate/1671427,,2026-04-30
https://itch.io/jam/advjam2023/rate/2096891,,2026-04-30
https://itch.io/jam/pixel-art-game-jame/rate/2096891,,2026-04-30
https://itch.io/jam/cyg-9,,2026-04-30
https://itch.io/jam/prisma-game-jam-2026,,2026-04-30
https://itch.io/jam/vgd-4-super-mega-jam,,2026-04-30
https://itch.io/jam/stop-mo-club,,2026-04-30
https://itch.io/jam/cpp-game-development-club-spring-2026-game-pitches,,2026-04-30
https://itch.io/jam/untitled-game-jam-127,,2026-04-30
https://itch.io/jam/rhythmic-line,,2026-04-30
https://itch.io/jam/abertay-professional-project-showcase-2026,,2026-04-30
https://itch.io/jam/i-gdjam,,2026-04-30
https://itch.io/jam/the-full-ai-jam,,2026-04-30
https://itch.io/jam/ourpg-inaugural-summer-ttrpg-jam-2026,,2026-04-30
https://itch.io/jam/comu-kuantum-teknolojileri-hackathon-2026,,2026-04-30
https://itch.io/jam/t62-trilha-3-seg-e-qua-1515,,2026-04-30
https://itch.io/jam/imaginary-game-mini-jam-may-2026,,2026-04-30
https://itch.io/jam/curso-de-videojuegos-tecno-3f,,2026-04-30
https://itch.io/jam/gamejam-do-dia-do-trabalho-2026,,2026-04-30
https://itch.io/jam/sgd268finalproject,,2026-04-30
https://itch.io/jam/may-the-force-game-jam-prize-pool-1500,,2026-04-30
https://itch.io/jam/construct-gamejam-ptbr,,2026-04-30
https://itch.io/jam/end-of-semester-jam,,2026-04-30
https://itch.io/jam/crocojam-19,,2026-04-30
https://itch.io/jam/fuck-capitalism-jam-gbg-2026,,2026-04-30
https://itch.io/jam/fan-wick-editor-game-jam,,2026-04-30
https://itch.io/jam/rpg-maker-shitpost-jam,,2026-04-30
https://itch.io/jam/3ram-the-diver,,2026-04-30
https://itch.io/jam/playtest-feedback-exchange-jam-4,,2026-04-30
https://itch.io/jam/micro-jam-059,,2026-04-30
https://itch.io/jam/sae-sizzle-jam-26,,2026-04-30
https://itch.io/jam/game-poetics-for-planetary-care-game-jam,,2026-04-30
https://itch.io/jam/itw-week-13-flick-game,,2026-04-30
https://itch.io/jam/ai-skidding,,2026-04-30
https://itch.io/jam/rusun-jam,,2026-04-30
https://itch.io/jam/bezi-jam-10,,2026-04-30
https://itch.io/jam/grad-u-igri-zrenjanin,,2026-04-30
https://itch.io/jam/era-games-end-of-education-jam,,2026-04-30
https://itch.io/jam/feedback-jam-may-2026,,2026-04-30
https://itch.io/jam/copijam-genis-5-weeks-roblox-game-jam,,2026-04-30
https://itch.io/jam/mayternity-jam-2,,2026-04-30
https://itch.io/jam/asu-game-2-spring-2026-showcase,,2026-04-30
https://itch.io/jam/supernovasquids-oc-mod-jam,,2026-04-30
https://itch.io/jam/make-5-ttrpg-jam,,2026-04-30
https://itch.io/jam/the-fish-jam,,2026-04-30
https://itch.io/jam/voicedotomejam,,2026-04-30
https://itch.io/jam/this-is-the-best-jam-ever-fuck-you,,2026-04-30
https://itch.io/jam/your-twine-story-deserves-to-be-heard,,2026-04-30
https://itch.io/jam/contrapunk-music-jam-1x1,,2026-04-30
https://itch.io/jam/ce-absurdist-comedy-jam-1,,2026-04-30
https://itch.io/jam/dos-vgaadlib-jam-2026-take-2,,2026-04-30
https://plissken2013es.itch.io,,2026-04-30
https://bibeleskas.itch.io,,2026-04-30
https://kittgroovy.itch.io,,2026-04-30
https://pflovv.itch.io,,2026-04-30
https://dafrag.itch.io,,2026-04-30
https://koalasheep.itch.io,,2026-04-30
https://gammaray3175.itch.io,,2026-04-30
https://wichmann.itch.io,,2026-04-30
https://freshfromthecoven.itch.io,,2026-04-30
https://mrgigabuster.itch.io,,2026-04-30
https://sidewaygames.itch.io,,2026-04-30
https://asyadoga.itch.io,,2026-04-30
https://tomo-games.itch.io,,2026-04-30
https://realazerozlich.itch.io,,2026-04-30
https://missyjane.itch.io,,2026-04-30
https://omellorin.itch.io,,2026-04-30
https://starlightgrove.itch.io,,2026-04-30
https://manakojo.itch.io,,2026-04-30
https://marb7e.itch.io,,2026-04-30
https://nutty31.itch.io,,2026-04-30
https://pro-human.itch.io,,2026-04-30
https://inktrauma.itch.io,,2026-04-30
https://ameta4.itch.io,,2026-04-30
https://untold3.itch.io,,2026-04-30
https://sebpata.itch.io,,2026-04-30
https://aspenttt.itch.io,,2026-04-30
https://yuprapron231465897012gma.itch.io,,2026-04-30
https://moxiekiki.itch.io,,2026-04-30
https://violetman73.itch.io,,2026-04-30
https://anonymouslad63.itch.io,,2026-04-30
https://wolfgangtd.itch.io,,2026-04-30
https://doctorpavlov.itch.io,,2026-04-30
https://mertuzz.itch.io,,2026-04-30
https://panpan17.itch.io,,2026-04-30
https://timiocean.itch.io,,2026-04-30
https://yunuskale.itch.io,,2026-04-30
https://lordkarlitos.itch.io,,2026-04-30
https://visualalex.itch.io,,2026-04-30
https://angular-physics-studio.itch.io,,2026-04-30
https://diskonavt.itch.io,,2026-04-30
https://mbs150603.itch.io,,2026-04-30
https://paperskiesstudio.itch.io,,2026-04-30
https://fair-fields.itch.io,,2026-04-30
https://homebrewgames-shinjuku1.itch.io,,2026-04-30
https://citrus-soupss.itch.io,,2026-04-30
https://luckyspud13.itch.io,,2026-04-30
https://dominiclavell.itch.io,,2026-04-30
https://patitodemarigold.itch.io,,2026-04-30
https://kaderblastgames.itch.io,,2026-04-30
https://some0-0one.itch.io,,2026-04-30
https://tapioca-interactive.itch.io,,2026-04-30
https://alexquartz.itch.io,,2026-04-30
https://dark-reflex-games.itch.io,,2026-04-30
https://jakobusviii.itch.io,,2026-04-30
https://stinabina.itch.io,,2026-04-30
https://grim-reap.itch.io,,2026-04-30
https://toripingvin.itch.io,,2026-04-30
https://nooneguy.itch.io,,2026-04-30
https://namsaga.itch.io,,2026-04-30
https://noncorporaterat.itch.io,,2026-04-30
https://threecogsinteractive.itch.io,,2026-04-30
https://sheetforge.itch.io,,2026-04-30
https://tonofthorns.itch.io,,2026-04-30
https://ahmetakar.itch.io,,2026-04-30
https://audrey-de-merch.itch.io,,2026-04-30
https://cazndra.itch.io,,2026-04-30
https://wildymoon.itch.io,,2026-04-30
https://ygamedev007.itch.io,,2026-04-30
https://antilopinae.itch.io,,2026-04-30
https://h8studio.itch.io,,2026-04-30
https://b4sh3cl1ps3.itch.io,,2026-04-30
https://msellers77.itch.io,,2026-04-30
https://hongluanyu.itch.io,,2026-04-30
https://ireth313.itch.io,,2026-04-30
https://retro316.itch.io,,2026-04-30
https://batpoolrox.itch.io,,2026-04-30
https://xmakii.itch.io,,2026-04-30
https://cutiepieeeeeeeeeeeeeeee.itch.io,,2026-04-30
https://quimproductions.itch.io,,2026-04-30
https://lifefute12.itch.io,,2026-04-30
https://goldengoose-games.itch.io,,2026-04-30
https://d-beezee.itch.io,,2026-04-30
https://icarusphil.itch.io,,2026-04-30
https://cosmoguy2k.itch.io,,2026-04-30
https://mohamed-unity-games.itch.io,,2026-04-30
https://college-archive-s-2007.itch.io,,2026-04-30
https://gooselevram.itch.io,,2026-04-30
https://alexnebula2014.itch.io,,2026-04-30
https://petmezzy.itch.io,,2026-04-30
https://luciddid.itch.io,,2026-04-30
https://quratzvr.itch.io,,2026-04-30
https://bandanagames.itch.io,,2026-04-30
https://antonispylos.itch.io,,2026-04-30
https://libbypeteanim.itch.io,,2026-04-30
https://iv-orbit.itch.io,,2026-04-30
https://uberium.itch.io,,2026-04-30
https://nuonal.itch.io,,2026-04-30
https://fry-3.itch.io,,2026-04-30
https://angus0809.itch.io,,2026-04-30
https://kitkatch.itch.io,,2026-04-30
https://andreafraboni.itch.io,,2026-04-30
https://vci-old-builds.itch.io,,2026-04-30
https://onebox2.itch.io,,2026-04-30
https://apex-aurora-games.itch.io,,2026-04-30
https://dreamofsandman.itch.io,,2026-04-30
https://doppeltilde.itch.io,,2026-04-30
https://permafrost-studios.itch.io,,2026-04-30
https://tusk77.itch.io,,2026-04-30
https://jplindo1500.itch.io,,2026-04-30
https://extinct-fear.itch.io,,2026-04-30
https://santielquiro.itch.io,,2026-04-30
https://dog-21.itch.io,,2026-04-30
https://lauchgamer.itch.io,,2026-04-30
https://eruchiiii.itch.io,,2026-04-30
https://rohanyun.itch.io,,2026-04-30
https://yooreek-vr.itch.io,,2026-04-30
https://ehg-bob-studios.itch.io,,2026-04-30
https://terneforest.itch.io,,2026-04-30
https://erbitine7.itch.io,,2026-04-30
https://clock25.itch.io,,2026-04-30
https://cenondiez.itch.io,,2026-04-30
https://mateoelscratcheado.itch.io,,2026-04-30
https://rendcore.itch.io,,2026-04-30
https://arkonelast.itch.io,,2026-04-30
https://tahoma255.itch.io,,2026-04-30
https://blackrift-games.itch.io,,2026-04-30
https://matheogamer22.itch.io,,2026-04-30
https://enteo.itch.io,,2026-04-30
https://crimson-kitty.itch.io,,2026-04-30
https://vertexvandal.itch.io,,2026-04-30
https://filenfolder.itch.io,,2026-04-30
https://giddypear.itch.io,,2026-04-30
https://lunardevz.itch.io,,2026-04-30
https://low-poly-entertainment.itch.io,,2026-04-30
https://nonjaa.itch.io,,2026-04-30
https://keyiding.itch.io,,2026-04-30
https://projectlarry.itch.io,,2026-04-30
https://mackedack.itch.io,,2026-04-30
https://misterdokebi.itch.io,,2026-04-30
https://superamaan64.itch.io,,2026-04-30
https://xampirelabs.itch.io,,2026-04-30
https://konkr3d.itch.io,,2026-04-30
https://krowzdulth.itch.io,,2026-04-30
https://eggfr.itch.io,,2026-04-30
https://doujump.itch.io,,2026-04-30
https://dotbg.itch.io,,2026-04-30
https://lesteveentrop.itch.io,,2026-04-30
https://marconathan.itch.io,,2026-04-30
https://qwq-950703.itch.io,,2026-04-30
https://goodlittlegames.itch.io,,2026-04-30
https://hapshapen.itch.io,,2026-04-30
https://remnation-productions.itch.io,,2026-04-30
https://pablo-p-e.itch.io,,2026-04-30
https://cautblam.itch.io,,2026-04-30
https://lightsoutgamesitchio.itch.io,,2026-04-30
https://emirhancaliskan.itch.io,,2026-04-30
https://ladge0705gmailcom.itch.io,,2026-04-30
https://keartkod.itch.io,,2026-04-30
https://palitodev.itch.io,,2026-04-30
https://desty-games.itch.io,,2026-04-30
https://forbiddenlemon.itch.io,,2026-04-30
https://mblede.itch.io,,2026-04-30
https://caitothebaldimodder.itch.io,,2026-04-30
https://inigmadq.itch.io,,2026-04-30
https://snowyvraa.itch.io,,2026-04-30
https://tekkitslime.itch.io,,2026-04-30
https://tomazod.itch.io,,2026-04-30
https://blackprlnce.itch.io,,2026-04-30
https://annadsez.itch.io,,2026-04-30
https://reminoxel.itch.io,,2026-04-30
https://fibergamesvr.itch.io,,2026-04-30
https://caramelcupcake.itch.io,,2026-04-30
https://razgulchik.itch.io,,2026-04-30
https://lex-edward-garza.itch.io,,2026-04-30
https://otto-sprunki.itch.io,,2026-04-30
https://tigerrity.itch.io,,2026-04-30
https://mrscaryguy.itch.io,,2026-04-30
https://isgro-ailin.itch.io,,2026-04-30
https://sunnylu.itch.io,,2026-04-30
https://aneroo.itch.io,,2026-04-30
https://mikeey84.itch.io,,2026-04-30
https://kupips.itch.io,,2026-04-30
https://esfero-gamedev.itch.io,,2026-04-30
https://slythonn.itch.io,,2026-04-30
https://1amnotsam.itch.io,,2026-04-30
https://dpsa-264940.itch.io,,2026-04-30
https://theweirdtoaster.itch.io,,2026-04-30
https://625-lkw.itch.io,,2026-04-30
https://ck-creates.itch.io,,2026-04-30
https://justzdel.itch.io,,2026-04-30
https://d3x-productions.itch.io,,2026-04-30
https://pat170.itch.io,,2026-04-30
https://professionalbuseater.itch.io,,2026-04-30
https://thicagamesarg.itch.io,,2026-04-30
https://mayur013.itch.io,,2026-04-30
https://moss-dev.itch.io,,2026-04-30
https://cracticusly.itch.io,,2026-04-30
https://aksobit.itch.io,,2026-04-30
https://sirandev.itch.io,,2026-04-30
https://krab-dev.itch.io,,2026-04-30
https://pingustudios.itch.io,,2026-04-30
https://otter-house.itch.io,,2026-04-30
https://samstrykah.itch.io,,2026-04-30
https://alicfamahdi.itch.io,,2026-04-30
https://maumaugames.itch.io,,2026-04-30
https://ttomothyy.itch.io,,2026-04-30
https://bgcp2002.itch.io,,2026-04-30
https://chimeralab123.itch.io,,2026-04-30
https://turky-dev.itch.io,,2026-04-30
https://lukegamz.itch.io,,2026-04-30
https://purple-indie.itch.io,,2026-04-30
https://bughani.itch.io,,2026-04-30
https://nakhostgame.itch.io,,2026-04-30
https://sylonage.itch.io,,2026-04-30
https://notsususer.itch.io,,2026-04-30
https://kotyara-studio.itch.io,,2026-04-30
https://galactic-forest.itch.io,,2026-04-30
https://viwii.itch.io,,2026-04-30
https://demiba-132.itch.io,,2026-04-30
https://kenmaster-q2x.itch.io,,2026-04-30
https://ethan-stima.itch.io,,2026-04-30
https://fertomassart.itch.io,,2026-04-30
https://onefinity.itch.io,,2026-04-30
https://kur0nek0.itch.io,,2026-04-30
https://mirai-paralxdivide.itch.io,,2026-04-30
https://bitbytedev.itch.io,,2026-04-30
https://wcstudio.itch.io,,2026-04-30
https://cringler.itch.io,,2026-04-30
https://rasterbytestudio.itch.io,,2026-04-30
https://wolfycraft08.itch.io,,2026-04-30
https://jiang-studios.itch.io,,2026-04-30
https://odd-packer.itch.io,,2026-04-30
https://4ctaeon.itch.io,,2026-04-30
https://hrabe-kostej.itch.io,,2026-04-30
https://leo-boye.itch.io,,2026-04-30
https://vlark01.itch.io,,2026-04-30
https://yuwono-dhanu-ryndra.itch.io,,2026-04-30
https://dazhh.itch.io,,2026-04-30
https://maoztzur.itch.io,,2026-04-30
https://foxyspeed82.itch.io,,2026-04-30
https://erdal36666.itch.io,,2026-04-30
https://thatdevv.itch.io,,2026-04-30
https://firewood-studio.itch.io,,2026-04-30
https://d3sirem3.itch.io,,2026-04-30
https://jududude.itch.io,,2026-04-30
https://upsitrail.itch.io,,2026-04-30
https://atosmen.itch.io,,2026-04-30
https://gabesheltonmusic.itch.io,,2026-04-30
https://autoscopia.itch.io,,2026-04-30
https://alisasanelina.itch.io,,2026-04-30
https://thatpokemonguy.itch.io,,2026-04-30
https://leonfnr66.itch.io,,2026-04-30
https://onkhor.itch.io,,2026-04-30
https://kingsloth1209.itch.io,,2026-04-30
https://ave1nn.itch.io,,2026-04-30
https://siulwolf.itch.io,,2026-04-30
https://david-barrundia.itch.io,,2026-04-30
https://bliotz-main.itch.io,,2026-04-30
https://lostchildren2010.itch.io,,2026-04-30
https://gambeet.itch.io,,2026-04-30
https://hstrzgame.itch.io,,2026-04-30
https://singrax.itch.io,,2026-04-30
https://nimunimu-esny.itch.io,,2026-04-30
https://memostudio.itch.io,,2026-04-30
https://telre.itch.io,,2026-04-30
https://urielchanquia-gamedev.itch.io,,2026-04-30
https://zcarmel.itch.io,,2026-04-30
https://pim-legacy.itch.io,,2026-04-30
https://shoutakun.itch.io,,2026-04-30
https://jayzebjaybird-cmd.itch.io,,2026-04-30
https://ppare34.itch.io,,2026-04-30
https://suppers.itch.io,,2026-04-30
https://livecalculus.itch.io,,2026-04-30
https://djoro7.itch.io,,2026-04-30
https://lesinkka.itch.io,,2026-04-30
https://ualbany-game-center.itch.io,,2026-04-30
https://i-like-tacoss.itch.io,,2026-04-30
https://elnederplays.itch.io,,2026-04-30
https://jordanduncan.itch.io,,2026-04-30
https://mostafa-tareq.itch.io,,2026-04-30
https://velcei.itch.io,,2026-04-30
https://xlpuzzles.itch.io,,2026-04-30
https://waheedmohamed.itch.io,,2026-04-30
https://finleyfinley.itch.io,,2026-04-30
https://zairtristanigmailcom.itch.io,,2026-04-30
https://imdyty.itch.io,,2026-04-30
https://maxanzellotti.itch.io,,2026-04-30
https://seashyne.itch.io,,2026-04-30
https://amal1.itch.io,,2026-04-30
https://noucc.itch.io,,2026-04-30
https://xxanthalesxx.itch.io,,2026-04-30
https://tanninthalon.itch.io,,2026-04-30
https://magic-hat-games.itch.io,,2026-04-30
https://patata-007.itch.io,,2026-04-30
https://broxa-brothers.itch.io,,2026-04-30
https://kharisma-mawei.itch.io,,2026-04-30
https://jclland.itch.io,,2026-04-30
https://stevemine26.itch.io,,2026-04-30
https://lonelyskull.itch.io,,2026-04-30
https://kylew2000.itch.io,,2026-04-30
https://2d-creator.itch.io,,2026-04-30
https://ilikedogsbecause.itch.io,,2026-04-30
https://arcadedeck.itch.io,,2026-04-30
https://xteamstudio.itch.io,,2026-04-30
https://kaykay4days.itch.io,,2026-04-30
https://zaju.itch.io,,2026-04-30
https://jaceg2918.itch.io,,2026-04-30
https://solid-sayori.itch.io,,2026-04-30
https://david7277219.itch.io,,2026-04-30
https://itconsultingszymanowski.itch.io,,2026-04-30
https://bulbi92.itch.io,,2026-04-30
https://saifalafeefi.itch.io,,2026-04-30
https://silverthehedgework.itch.io,,2026-04-30
https://aliyyulman.itch.io,,2026-04-30
https://raghuveer-singh-shekhawat.itch.io,,2026-04-30
https://superstudiofoundation.itch.io,,2026-04-30
https://joshpn93.itch.io,,2026-04-30
https://futurepromaz.itch.io,,2026-04-30
https://domatophobia.itch.io,,2026-04-30
https://programer-ahmed.itch.io,,2026-04-30
https://cat-fanatic64.itch.io,,2026-04-30
https://corblack.itch.io,,2026-04-30
https://monkzdev.itch.io,,2026-04-30
https://bhegoudman.itch.io,,2026-04-30
https://unicorndreams.itch.io,,2026-04-30
https://jessst2.itch.io,,2026-04-30
https://a7medsafer.itch.io,,2026-04-30
https://hasangta.itch.io,,2026-04-30
https://aminote.itch.io,,2026-04-30
https://busterchevalier.itch.io,,2026-04-30
https://bzr1000.itch.io,,2026-04-30
https://primal-taggers.itch.io,,2026-04-30
https://wrenofwynn.itch.io,,2026-04-30
https://vortexcoord.itch.io,,2026-04-30
https://stuominous.itch.io,,2026-04-30
https://devril.itch.io,,2026-04-30
https://sebastian-mikos.itch.io,,2026-04-30
https://yuk12y.itch.io,,2026-04-30
https://dice-friendly.itch.io,,2026-04-30
https://proassassinxero.itch.io,,2026-04-30
https://podelara.itch.io,,2026-04-30
https://vladadougka.itch.io,,2026-04-30
https://insomniac-13.itch.io,,2026-04-30
https://studios-cubed.itch.io,,2026-04-30
https://spacydevv.itch.io,,2026-04-30
https://tatatarn.itch.io,,2026-04-30
https://wildkarrdstudios.itch.io,,2026-04-30
https://annlionne.itch.io,,2026-04-30
https://tygedev.itch.io,,2026-04-30
https://cracker-2121.itch.io,,2026-04-30
https://sitsiyoyo.itch.io,,2026-04-30
https://mpc12256.itch.io,,2026-04-30
https://svetlanay.itch.io,,2026-04-30
https://gordude.itch.io,,2026-04-30
https://dendill.itch.io,,2026-04-30
https://toiletcat-games.itch.io,,2026-04-30
https://lma-vkn.itch.io,,2026-04-30
https://super-coolaa.itch.io,,2026-04-30
https://jaimetumbado.itch.io,,2026-04-30
https://kitkek.itch.io,,2026-04-30
https://adamek-2024.itch.io,,2026-04-30
https://jimieux.itch.io,,2026-04-30
https://lumbrerasalan2026.itch.io,,2026-04-30
https://nanami-chiaki1.itch.io,,2026-04-30
https://anim0ia.itch.io,,2026-04-30
https://the-great-and-powerful-og.itch.io,,2026-04-30
https://big-bad-bean-games.itch.io,,2026-04-30
https://dan-brand-games.itch.io,,2026-04-30
https://braianpenagos.itch.io,,2026-04-30
https://justinallen.itch.io,,2026-04-30
https://kaijogames.itch.io,,2026-04-30
https://terralice-studios.itch.io,,2026-04-30
https://punn67.itch.io,,2026-04-30
https://myamusical.itch.io,,2026-04-30
https://jackgoertzen.itch.io,,2026-04-30
https://aj-207.itch.io,,2026-04-30
https://ancientrlx.itch.io,,2026-04-30
https://chase-the-bard.itch.io,,2026-04-30
https://bastosgames.itch.io,,2026-04-30
https://bobjamai.itch.io,,2026-04-30
https://mereskagames.itch.io,,2026-04-30
https://genangelo-studios.itch.io,,2026-04-30
https://josanglitches.itch.io,,2026-04-30
https://justfallwithyou.itch.io,,2026-04-30
https://karikaripanko.itch.io,,2026-04-30
https://simon8019.itch.io,,2026-04-30
https://siegeworks-studio.itch.io,,2026-04-30
https://adversus.itch.io,,2026-04-30
https://plicagames.itch.io,,2026-04-30
https://gabriel-affonso.itch.io,,2026-04-30
https://sunnylau.itch.io,,2026-04-30
https://chen-yushi.itch.io,,2026-04-30
https://jjsh1.itch.io,,2026-04-30
https://0matssss.itch.io,,2026-04-30
https://coco-100.itch.io,,2026-04-30
https://craftandchaosgames.itch.io,,2026-04-30
https://starfruit-games.itch.io,,2026-04-30
https://the-few.itch.io,,2026-04-30
https://shingurugames.itch.io,,2026-04-30
https://idkgame-owner.itch.io,,2026-04-30
https://alexandertovar.itch.io,,2026-04-30
https://ngreen24289007-ux.itch.io,,2026-04-30
https://derpywafflz.itch.io,,2026-04-30
https://melonyp.itch.io,,2026-04-30
https://hamden.itch.io,,2026-04-30
https://keijinz.itch.io,,2026-04-30
https://quinceejones.itch.io,,2026-04-30
https://mindfulnessviking.itch.io,,2026-04-30
https://zerotrace.itch.io,,2026-04-30
https://out-edge.itch.io,,2026-04-30
https://geeldid.itch.io,,2026-04-30
https://orlidenyc.itch.io,,2026-04-30
https://jake-armstrong.itch.io,,2026-04-30
https://noel-0244.itch.io,,2026-04-30
https://phandalin-games.itch.io,,2026-04-30
https://grafua.itch.io,,2026-04-30
https://marcles1234.itch.io,,2026-04-30
https://skylo70.itch.io,,2026-04-30
https://balzackgames.itch.io,,2026-04-30
https://bugsingames.itch.io,,2026-04-30
https://alejandraf.itch.io,,2026-04-30
https://shawnoo12.itch.io,,2026-04-30
https://aranda-paradox.itch.io,,2026-04-30
https://pandorabat.itch.io,,2026-04-30
https://razzes3r.itch.io,,2026-04-30
https://sp1lth.itch.io,,2026-04-30
https://phantaci2006.itch.io,,2026-04-30
https://pchyaki.itch.io,,2026-04-30
https://retroblockstudio.itch.io,,2026-04-30
https://skrazilla.itch.io,,2026-04-30
https://lirah-arts.itch.io,,2026-04-30
https://tortuemimo.itch.io,,2026-04-30
https://inkblot2028.itch.io,,2026-04-30
https://jennifer-morton.itch.io,,2026-04-30
https://ptolemyville.itch.io,,2026-04-30
https://rlaaudal.itch.io,,2026-04-30
https://allthecaps.itch.io,,2026-04-30
https://coolgamez4kids.itch.io,,2026-04-30
https://jmv0626.itch.io,,2026-04-30
https://gvykngykm.itch.io,,2026-04-30
https://fluffy-toast-studio.itch.io,,2026-04-30
https://sunshinemadeline.itch.io,,2026-04-30
https://lordcaos2.itch.io,,2026-04-30
https://yalalalala.itch.io,,2026-04-30
https://ninjazzzz.itch.io,,2026-04-30
https://darkdevimaster.itch.io,,2026-04-30
https://wannedpouns.itch.io,,2026-04-30
https://guerdon-games.itch.io,,2026-04-30
https://renaissancestudios.itch.io,,2026-04-30
https://shivii-tripathi.itch.io,,2026-04-30
https://uchiha201010.itch.io,,2026-04-30
https://thefreedomsquad.itch.io,,2026-04-30
https://phantomdevs.itch.io,,2026-04-30
https://nolnolqw.itch.io,,2026-04-30
https://kcmacraeuts.itch.io,,2026-04-30
https://haoyang1123.itch.io,,2026-04-30
https://chao-0610.itch.io,,2026-04-30
https://yuhao-x.itch.io,,2026-04-30
https://hoyodoo.itch.io,,2026-04-30
https://scott-mclellan.itch.io,,2026-04-30
https://dragon-chicken-studio.itch.io,,2026-04-30
https://outcasts-village.itch.io,,2026-04-30
https://neverprint.itch.io,,2026-04-30
https://escherdev.itch.io,,2026-04-30
https://lougribble-games.itch.io,,2026-04-30
https://micah2008.itch.io,,2026-04-30
https://khamitov.itch.io,,2026-04-30
https://honeygamedev.itch.io,,2026-04-30
https://snow-the-rizzo.itch.io,,2026-04-30
https://slav911.itch.io,,2026-04-30
https://hneifar.itch.io,,2026-04-30
https://heck-of-a-creator.itch.io,,2026-04-30
https://menoknow.itch.io,,2026-04-30
https://lost-npc.itch.io,,2026-04-30
https://beel78.itch.io,,2026-04-30
https://dromotropic-games.itch.io,,2026-04-30
https://kotobuki888888.itch.io,,2026-04-30
https://explos-tube.itch.io,,2026-04-30
https://ashecatchemm.itch.io,,2026-04-30
https://rubicuz.itch.io,,2026-04-30
https://pyroiam.itch.io,,2026-04-30
https://bayboost.itch.io,,2026-04-30
https://javon-dunbar.itch.io,,2026-04-30
https://yzziepal.itch.io,,2026-04-30
https://dj3y-y4r3.itch.io,,2026-04-30
https://jay-boky.itch.io,,2026-04-30
https://tinachan04.itch.io,,2026-04-30
https://finnairfall.itch.io,,2026-04-30
https://trooopes.itch.io,,2026-04-30
https://aquaaa-333.itch.io,,2026-04-30
https://artworkbydani.itch.io,,2026-04-30
https://space-strawberry.itch.io,,2026-04-30
https://firstpass-studio.itch.io,,2026-04-30
https://patrickng.itch.io,,2026-04-30
https://captainsleepyy.itch.io,,2026-04-30
https://jimmy-just-quit.itch.io,,2026-04-30
https://seoli0205.itch.io,,2026-04-30
https://kr0n3rd.itch.io,,2026-04-30
https://sky-corporation.itch.io,,2026-04-30
https://incarnated9.itch.io,,2026-04-30
https://hohey12.itch.io,,2026-04-30
https://r3s3rvoir8510.itch.io,,2026-04-30
https://rustic-rabbit-records.itch.io,,2026-04-30
https://eeyamonte.itch.io,,2026-04-30
https://shelshock1.itch.io,,2026-04-30
https://meglynnee.itch.io,,2026-04-30
https://tenebris01.itch.io,,2026-04-30
https://zacm2001.itch.io,,2026-04-30
https://venanciofaf.itch.io,,2026-04-30
https://fr4nk1e.itch.io,,2026-04-30
https://rooster-call-interactive.itch.io,,2026-04-30
https://totallybrokendevs.itch.io,,2026-04-30
https://ajdagamer-2017.itch.io,,2026-04-30
https://ihatesnipers.itch.io,,2026-04-30
https://daniel-meijueiro.itch.io,,2026-04-30
https://cokiriworks.itch.io,,2026-04-30
https://red-revenge.itch.io,,2026-04-30
https://yornatr.itch.io,,2026-04-30
https://jackpottrap.itch.io,,2026-04-30
https://imcoffee.itch.io,,2026-04-30
https://chanayaa.itch.io,,2026-04-30
https://unreadgames.itch.io,,2026-04-30
https://ram-m.itch.io,,2026-04-30
https://aech-777.itch.io,,2026-04-30
https://househorse.itch.io,,2026-04-30
https://yell0w-smile.itch.io,,2026-04-30
https://themooster86.itch.io,,2026-04-30
https://xinyuecao.itch.io,,2026-04-30
https://abe796.itch.io,,2026-04-30
https://pusakawengkon.itch.io,,2026-04-30
https://pokpak39.itch.io,,2026-04-30
https://stokrotkigamedev.itch.io,,2026-04-30
https://concha-espina-valencia.itch.io,,2026-04-30
https://notbred.itch.io,,2026-04-30
https://hanneleentje.itch.io,,2026-04-30
https://norschee.itch.io,,2026-04-30
https://fun-vr-games.itch.io,,2026-04-30
https://roadonek.itch.io,,2026-04-30
https://gomomochi.itch.io,,2026-04-30
https://halow-studios.itch.io,,2026-04-30
https://rezzabuh.itch.io,,2026-04-30
https://wiktor20170202.itch.io,,2026-04-30
https://octreedev.itch.io,,2026-04-30
https://ruderalis.itch.io,,2026-04-30
https://uudem-games.itch.io,,2026-04-30
https://slexyos.itch.io,,2026-04-30
https://gamecreator772.itch.io,,2026-04-30
https://lenore8963.itch.io,,2026-04-30
https://pixelaa.itch.io,,2026-04-30
https://cyanersigma.itch.io,,2026-04-30
https://mingli29.itch.io,,2026-04-30
https://lullore.itch.io,,2026-04-30
https://mili-1710.itch.io,,2026-04-30
https://rikegames.itch.io,,2026-04-30
https://teitofriends.itch.io,,2026-04-30
https://boston-rogers.itch.io,,2026-04-30
https://ryuugujizenn.itch.io,,2026-04-30
https://bobby506.itch.io,,2026-04-30
https://spjcece.itch.io,,2026-04-30
https://black-audio.itch.io,,2026-04-30
https://baipai2456.itch.io,,2026-04-30
https://ljs268.itch.io,,2026-04-30
https://yaakovamoyal.itch.io,,2026-04-30
https://mackas.itch.io,,2026-04-30
https://themailgames.itch.io,,2026-04-30
https://moekkii.itch.io,,2026-04-30
https://alythse.itch.io,,2026-04-30
https://jakubgornicki.itch.io,,2026-04-30
https://omaddams.itch.io,,2026-04-30
https://spicytunagames.itch.io,,2026-04-30
https://ginkgohue.itch.io,,2026-04-30
https://ieatcars.itch.io,,2026-04-30
https://del-sfs.itch.io,,2026-04-30
https://bisonblackdesign.itch.io,,2026-04-30
https://runbreakers.itch.io,,2026-04-30
https://gastonverussa2.itch.io,,2026-04-30
https://katalin-szonyi.itch.io,,2026-04-30
https://pixel-collector.itch.io,,2026-04-30
https://ggearth.itch.io,,2026-04-30
https://pax519.itch.io,,2026-04-30
https://creatureno9.itch.io,,2026-04-30
https://jazzafritsch.itch.io,,2026-04-30
https://epicstick.itch.io,,2026-04-30
https://deluludev.itch.io,,2026-04-30
https://evrshxde.itch.io,,2026-04-30
https://lazyc0ffee.itch.io,,2026-04-30
https://ghost-filament.itch.io,,2026-04-30
https://scoat2.itch.io,,2026-04-30
https://cstampgames.itch.io,,2026-04-30
https://arbiter202.itch.io,,2026-04-30
https://gametech-pens.itch.io,,2026-04-30
https://cotistudios.itch.io,,2026-04-30
https://polecatgames.itch.io,,2026-04-30
https://marantin0.itch.io,,2026-04-30
https://getsauce.itch.io,,2026-04-30
https://skylent.itch.io,,2026-04-30
https://jamayk.itch.io,,2026-04-30
https://matt-san.itch.io,,2026-04-30
https://maistarberries.itch.io,,2026-04-30
https://tired-lynx.itch.io,,2026-04-30
https://blankys.itch.io,,2026-04-30
https://foxdog2104.itch.io,,2026-04-30
https://cptmorman.itch.io,,2026-04-30
https://luiginico.itch.io,,2026-04-30
https://surma.itch.io,,2026-04-30
https://carpetbakery.itch.io,,2026-04-30
https://ivywhitemusic.itch.io,,2026-04-30
https://archist.itch.io,,2026-04-30
https://ultimate-game-enjoyer.itch.io,,2026-04-30
https://scotty-mk-ii.itch.io,,2026-04-30
https://foolish-me-studios.itch.io,,2026-04-30
https://eclyhpse.itch.io,,2026-04-30
https://hoxgen.itch.io,,2026-04-30
https://dreamnoms.itch.io,,2026-04-30
https://studio8502.itch.io,,2026-04-30
https://mezzositus.itch.io,,2026-04-30
https://eldir.itch.io,,2026-04-30
https://alexandredesane.itch.io,,2026-04-30
https://juicimated.itch.io,,2026-04-30
https://vildkiwi.itch.io,,2026-04-30
https://dogandemir.itch.io,,2026-04-30
https://mkeere.itch.io,,2026-04-30
https://gdel.itch.io,,2026-04-30
https://emilythebaptist.itch.io,,2026-04-30
https://breadpanpan.itch.io,,2026-04-30
https://21ack.itch.io,,2026-04-30
https://wjdghwns9696.itch.io,,2026-04-30
https://voltsc.itch.io,,2026-04-30
https://ariatime.itch.io,,2026-04-30
https://goblincraftedco.itch.io,,2026-04-30
https://cold-mint.itch.io,,2026-04-30
https://hidden1te.itch.io,,2026-04-30
https://superduperhyper.itch.io,,2026-04-30
https://structurefrommotion.itch.io,,2026-04-30
https://soggybreaditch.itch.io,,2026-04-30
https://buddiew.itch.io,,2026-04-30
https://yojhero.itch.io,,2026-04-30
https://bulkierboar03.itch.io,,2026-04-30
https://freakshoworange.itch.io,,2026-04-30
https://skanderiskander.itch.io,,2026-04-30
https://deletedusr.itch.io,,2026-04-30
https://ltabis.itch.io,,2026-04-30
https://deepcrypt.itch.io,,2026-04-30
https://underduke.itch.io,,2026-04-30
https://axortheaxolotl.itch.io,,2026-04-30
https://uuppi.itch.io,,2026-04-30
https://iubioiubiei.itch.io,,2026-04-30
https://enzt0.itch.io,,2026-04-30
https://zilchsoft.itch.io,,2026-04-30
https://oleg1128.itch.io,,2026-04-30
https://eggnoodl23.itch.io,,2026-04-30
https://subterfugelover2017.itch.io,,2026-04-30
https://arcanijah.itch.io,,2026-04-30
https://plufito.itch.io,,2026-04-30
https://cybcyb.itch.io,,2026-04-30
https://ympp.itch.io,,2026-04-30
https://jzman.itch.io,,2026-04-30
https://corolado.itch.io,,2026-04-30
https://dreamypixelart.itch.io,,2026-04-30
https://pixakhil.itch.io,,2026-04-30
https://rhinoffensive.itch.io,,2026-04-30
https://ketchup-dev.itch.io,,2026-04-30
https://renka-exe.itch.io,,2026-04-30
https://lxqy.itch.io,,2026-04-30
https://wbdevelopsgames.itch.io,,2026-04-30
https://turn3ase.itch.io,,2026-04-30
https://sillybeanthing.itch.io,,2026-04-30
https://juicifersjug.itch.io,,2026-04-30
https://techdweeb.itch.io,,2026-04-30
https://defaultnamehere.itch.io,,2026-04-30
https://noorak.itch.io,,2026-04-30
https://mmgamess.itch.io,,2026-04-30
https://allexnaa.itch.io,,2026-04-30
https://secretzudan.itch.io,,2026-04-30
https://enochia.itch.io,,2026-04-30
https://manovel.itch.io,,2026-04-30
https://simone-siepi.itch.io,,2026-04-30
https://sabbas.itch.io,,2026-04-30
https://educomicsmy.itch.io,,2026-04-30
https://nonsenseforge.itch.io,,2026-04-30
https://jobo-demo.itch.io,,2026-04-30
https://canyapark.itch.io,,2026-04-30
https://delautrer.itch.io,,2026-04-30
https://freezecook.itch.io,,2026-04-30
https://ghostlovestea.itch.io,,2026-04-30
https://k3an1107.itch.io,,2026-04-30
https://rails358.itch.io,,2026-04-30
https://bobr-utka.itch.io,,2026-04-30
