loc,lastmodified,added_date
https://glitched-json.itch.io/sinlessgenocide/devlog/20598/papyrus-normal-genocide-fight-added,,2026-02-12
https://glitched-json.itch.io/sinlessgenocide/devlog/27018/sinless-genocide-papyrus-fight,,2026-02-12
https://glitched-json.itch.io/stellar-mission/devlog/44675/stellar-mission,,2026-02-12
https://notjustgames.itch.io/tilesofwar/devlog/538312/just-released-our-in-development-turn-based-strategy-game,,2026-02-12
https://notjustgames.itch.io/tilesofwar/devlog/538840/first-day-patch,,2026-02-12
https://notjustgames.itch.io/tilesofwar/devlog/539850/tiles-of-war-update-2,,2026-02-12
https://cinema-lumiron.itch.io/lustoria/devlog/541336/new-build-023-is-out,,2026-02-12
https://notjustgames.itch.io/tilesofwar/devlog/542184/tiles-of-war-update-3,,2026-02-12
https://notjustgames.itch.io/tilesofwar/devlog/544983/tiles-of-war-update-4,,2026-02-12
https://notjustgames.itch.io/tilesofwar/devlog/545849/tiles-of-war-update-5,,2026-02-12
https://notjustgames.itch.io/tilesofwar/devlog/550383/tiles-of-war-update-6-battle-animations,,2026-02-12
https://notjustgames.itch.io/tilesofwar/devlog/550817/tiles-of-war-update-7-bug-fixes,,2026-02-12
https://retromushy.itch.io/lost-in-the-workshop/devlog/555600/hello-the-games-been-out-for-a-couple-monts-now,,2026-02-12
https://notjustgames.itch.io/tilesofwar/devlog/561143/tiles-of-war-update-8-tutorial-and-library,,2026-02-12
https://cinema-lumiron.itch.io/lustoria/devlog/569531/new-build-024-is-out,,2026-02-12
https://cinema-lumiron.itch.io/lustoria/devlog/572413/new-build-0241-is-out-the-pretentious-patch,,2026-02-12
https://retromushy.itch.io/cursed-light-a-ritual-of-madness/devlog/582340/fix-20,,2026-02-12
https://kitdakatdev.itch.io/gorilla-adventure/devlog/622523/fgshjk,,2026-02-12
https://kitdakatdev.itch.io/gorilla-adventure/devlog/622799/version-11,,2026-02-12
https://kitdakatdev.itch.io/gorilla-adventure/devlog/622951/v12,,2026-02-12
https://niqxel.itch.io/cookiesn-madness/devlog/626815/cookiesn-madness,,2026-02-12
https://siddhant-lokare.itch.io/picube/devlog/639443/button-size-changed,,2026-02-12
https://gian-luca-burtoli.itch.io/space-warrior/devlog/652085/version-101-disponible,,2026-02-12
https://gian-luca-burtoli.itch.io/space-warrior/devlog/655365/version-102-disponible,,2026-02-12
https://hornymelon.itch.io/lotsofsocks-sock-sorter/devlog/660767/lotsofsocks-sock-sorter-ver11,,2026-02-12
https://hornymelon.itch.io/lotsofsocks-sock-sorter/devlog/661672/lotsofsocks-sock-sorter-ver111,,2026-02-12
https://cinema-lumiron.itch.io/lustoria/devlog/688585/new-build-026-is-out,,2026-02-12
https://amanagames.itch.io/csexe/devlog/689695/csexe,,2026-02-12
https://amneziak.itch.io/fatal-error/devlog/693181/version-03,,2026-02-12
https://amneziak.itch.io/fatal-error/devlog/694590/version-04,,2026-02-12
https://amneziak.itch.io/fatal-error/devlog/695201/version-05,,2026-02-12
https://amneziak.itch.io/fatal-error/devlog/700343/version-06,,2026-02-12
https://cinema-lumiron.itch.io/lustoria/devlog/707643/new-build-0261-is-out,,2026-02-12
https://gian-luca-burtoli.itch.io/space-shooter/devlog/708495/graphic-overhaul,,2026-02-12
https://gian-luca-burtoli.itch.io/space-shooter/devlog/708815/hotfix,,2026-02-12
https://gian-luca-burtoli.itch.io/space-shooter/devlog/711154/huge-update,,2026-02-12
https://oyname.itch.io/oyname-3d-engine/devlog/720802/getting-started,,2026-02-12
https://amneziak.itch.io/stream/devlog/722557/beta-30,,2026-02-12
https://cinema-lumiron.itch.io/lustoria/devlog/725976/web-build-now-available,,2026-02-12
https://amneziak.itch.io/stream/devlog/727238/beta-60,,2026-02-12
https://niqxel.itch.io/gentlecraving/devlog/730304/cookies-madness-complete,,2026-02-12
https://cinema-lumiron.itch.io/lustoria/devlog/738963/new-build-0262-is-out,,2026-02-12
https://amneziak.itch.io/stream/devlog/746034/beta-70,,2026-02-12
https://dream-junk-games.itch.io/monsterburg0/devlog/751730/low-graphics-update,,2026-02-12
https://cressalina.itch.io/versebreak/devlog/761222/patch-1-notes,,2026-02-12
https://gian-luca-burtoli.itch.io/space-rock-in-gdevelop/devlog/768878/version-101,,2026-02-12
https://cinema-lumiron.itch.io/lustoria/devlog/769360/new-build-0263-is-out-the-fancy-patch,,2026-02-12
https://wemeh.itch.io/garden-paradise/devlog/774155/garden-paradise,,2026-02-12
https://cinema-lumiron.itch.io/lustoria/devlog/777256/new-build-0264-is-out-performance-patch,,2026-02-12
https://cressalina.itch.io/versebreak/devlog/789421/patch-2-notes-and-steam-release,,2026-02-12
https://redux-games.itch.io/fear-mansion-escape/devlog/815123/post,,2026-02-12
https://redux-games.itch.io/simulator-sit-toilet/devlog/820468/new-update,,2026-02-12
https://redux-games.itch.io/fear-mansion-escape/devlog/820473/-,,2026-02-12
https://redux-games.itch.io/fear-mansion-escape/devlog/820529/post,,2026-02-12
https://lootcombat.itch.io/craft-gem/devlog/820685/unstable-aplha-1-nov,,2026-02-12
https://redux-games.itch.io/frembb10/devlog/821142/update,,2026-02-12
https://lootcombat.itch.io/craft-gem/devlog/821469/research-tree-v-01,,2026-02-12
https://redux-games.itch.io/frembb10/devlog/821470/post,,2026-02-12
https://lootcombat.itch.io/craft-gem/devlog/823000/craft-system-01,,2026-02-12
https://lootcombat.itch.io/craft-gem/devlog/823838/unstable-alpha-for-testers,,2026-02-12
https://redux-games.itch.io/the-shadow-of-the-ruined/devlog/824217/post,,2026-02-12
https://redux-games.itch.io/the-shadow-of-the-ruined/devlog/824431/post,,2026-02-12
https://hornymelon.itch.io/mitsues-expanding-hangman-class/devlog/825412/update-downloadable-version,,2026-02-12
https://cinema-lumiron.itch.io/lustoria/devlog/829593/new-build-0265-is-out,,2026-02-12
https://gian-luca-burtoli.itch.io/space-rock-in-gdevelop/devlog/836552/version-102,,2026-02-12
https://redux-games.itch.io/ozon-simulator/devlog/859629/post,,2026-02-12
https://niqxel.itch.io/gentlecraving/devlog/866301/upcoming-update-a-fresh-look-for-gentle-craving,,2026-02-12
https://lootcombat.itch.io/craft-gem/devlog/881844/updated-to-000506,,2026-02-12
https://lootcombat.itch.io/craft-gem/devlog/883247/updated-v00802,,2026-02-12
https://lootcombat.itch.io/craft-gem/devlog/885986/techbuild-01201,,2026-02-12
https://niqxel.itch.io/gentlecraving/devlog/887238/gentle-craving-a-complete-revamp,,2026-02-12
https://retromushy.itch.io/do-not-open-the-back-door/devlog/894107/fix-controls-update,,2026-02-12
https://xgenerativeproductionsunc.itch.io/polos/devlog/971539/polos-002,,2026-02-12
https://xgenerativeproductionsunc.itch.io/polos/devlog/971735/polos-003,,2026-02-12
https://warnodeinteractve.itch.io/battle-of-dots-the-last-stand/devlog/978377/dev-log-update-1-version-001-combat-system-improvements-and-bug-fixes,,2026-02-12
https://neon-ark.itch.io/idle-decibel-archive/devlog/979181/-version-015-automode-tooltips-flow-sounds,,2026-02-12
https://xgenerativeproductionsunc.itch.io/polos/devlog/979818/were-still-not-dead,,2026-02-12
https://warnodeinteractve.itch.io/battle-of-dots-the-last-stand/devlog/979824/devlog-v002-war-of-dots-key-updates-released,,2026-02-12
https://phoxyz.itch.io/vhs-laundry-shift/devlog/979951/vhs-laundry-shift,,2026-02-12
https://warnodeinteractve.itch.io/battle-of-dots-the-last-stand/devlog/984450/devlog-v003-war-of-dots-battle-system-remake,,2026-02-12
https://warnodeinteractve.itch.io/battle-of-dots-the-last-stand/devlog/986961/war-of-dots-the-last-stand-version-004-changelog,,2026-02-12
https://warnodeinteractve.itch.io/battle-of-dots-the-last-stand/devlog/987664/war-of-dots-the-last-stand-version-004-changelog,,2026-02-12
https://warnodeinteractve.itch.io/battle-of-dots-the-last-stand/devlog/987670/devlog-5-war-of-dots-last-stand-version-005-a-major-overhaul-and-stepping-up-our-game,,2026-02-12
https://warnodeinteractve.itch.io/battle-of-dots-the-last-stand/devlog/988412/devlog-6-version-006-the-enemy-arms-up-ai-gets-smarter-and-battlefield-balance,,2026-02-12
https://warnodeinteractve.itch.io/battle-of-dots-the-last-stand/devlog/988997/devlog-7-war-of-dots-last-stand-version-007-the-edge-of-precision-and-firepower,,2026-02-12
https://warnodeinteractve.itch.io/battle-of-dots-the-last-stand/devlog/991252/war-of-dots-last-stand-v009-devlog-8-riders-particles-precision,,2026-02-12
https://warnodeinteractve.itch.io/battle-of-dots-the-last-stand/devlog/992758/devlog-9-war-of-dots-last-stand-update-010-new-menu-sandbox-mode-improvements-balance,,2026-02-12
https://warnodeinteractve.itch.io/battle-of-dots-the-last-stand/devlog/1007213/war-of-dots-last-stand-devlog-10-version-012,,2026-02-12
https://neroblyt.itch.io/les-petit-bonhomme/devlog/1027602/dbut-du-dveloppement,,2026-02-12
https://warnodeinteractve.itch.io/battle-of-dots-the-last-stand/devlog/1027961/war-of-dots-last-stand-devlog-11-v013,,2026-02-12
https://cressalina.itch.io/holy-intentions/devlog/1035157/steam-release,,2026-02-12
https://itch.io/blog/1087196/brainrot-script-for-roblox-february-2026-steal-overlord-free-download,,2026-02-12
https://itch.io/blog/1087198/lifetogether-script-for-roblox-2026-free-download,,2026-02-12
https://itch.io/blog/1087199/blue-lock-rivals-script-for-roblox-2026-free-download,,2026-02-12
https://itch.io/blog/1087203/volleyball-legends-roblox-script-2026-free-download,,2026-02-12
https://itch.io/blog/1087204/rivals-roblox-script-free-download-2026-duel-destroyer,,2026-02-12
https://glitched-json.itch.io/light-maze/devlog/70301/light-maze,,2026-02-12
https://cressalina.itch.io/holy-intentions/devlog/1099110/trailer-release,,2026-02-12
https://warnodeinteractve.itch.io/battle-of-dots-the-last-stand/devlog/1101799/war-of-dots-last-stand-devlog-12-version-014,,2026-02-12
https://midnightfork.itch.io/x-burger/devlog/1118009/-x-burger-chapter-1-steam-itchio-pages-are-now-live-,,2026-02-12
https://pabobabo.itch.io/path-to-bancho/devlog/1129184/-fist-soul-chronicles-weekly-devlog-1,,2026-02-12
https://pabobabo.itch.io/path-to-bancho/devlog/1135845/-fist-soul-chronicles-weekly-devlog-2,,2026-02-12
https://xgenerativeproductionsunc.itch.io/switchos/devlog/1141554/prototype-release,,2026-02-12
https://xgenerativeproductionsunc.itch.io/switchos/devlog/1142081/wprototype,,2026-02-12
https://xgenerativeproductionsunc.itch.io/switchos/devlog/1143245/xprototype,,2026-02-12
https://warnodeinteractve.itch.io/battle-of-dots-the-last-stand/devlog/1154355/war-of-dots-last-stand-update-015-devlog-13-reorganization-system,,2026-02-12
https://pabobabo.itch.io/path-to-bancho/devlog/1162874/-fist-soul-chronicles-weekly-devlog-3,,2026-02-12
https://itch.io/blog/1283981/kotr-game,,2026-02-12
https://saltyclaire.itch.io/bio-breaker/devlog/1285415/save-and-load-qol,,2026-02-12
https://pabobabo.itch.io/path-to-bancho/devlog/1303227/-fist-soul-chronicles-weekly-devlog-4,,2026-02-12
https://lostpilgrims.itch.io/vagrus/devlog/1314045/the-dwarves-of-old,,2026-02-12
https://dragondoe.itch.io/through-caroles-journal/devlog/1316266/bugfixes,,2026-02-12
https://pabobabo.itch.io/path-to-bancho/devlog/1320296/-fist-soul-chronicles-weekly-devlog-5,,2026-02-12
https://bmoisted.itch.io/mikhail/devlog/1320477/tech-demo-released,,2026-02-12
https://alpha-strike-games.itch.io/hold-the-line-the-western-front/devlog/1321751/major-update-visual-overhaul-new-rts-controls,,2026-02-12
https://alpha-strike-games.itch.io/hold-the-line-the-western-front/devlog/1322049/demo-v02-live-,,2026-02-12
https://monochromegem.itch.io/vis-arcana/devlog/1323239/jan-21st-patch-notes,,2026-02-12
https://bmoisted.itch.io/mikhail/devlog/1323560/pre-alpha-001-just-released,,2026-02-12
https://stellarcide.itch.io/stellarcide/devlog/1324086/stellarcide-devlog-2026127,,2026-02-12
https://cloud-wyn-studio.itch.io/the-next-reigns/devlog/1329331/the-early-concept-the-flat-world,,2026-02-12
https://bmoisted.itch.io/mikhail/devlog/1330545/pre-alpha-002-just-came-out,,2026-02-12
https://tombbaygames.itch.io/the-gardener/devlog/1332877/version-2-update,,2026-02-12
https://pabobabo.itch.io/path-to-bancho/devlog/1340811/-fist-soul-chronicles-weekly-devlog-6,,2026-02-12
https://ndwcillz.itch.io/last-man-alive/devlog/1341367/v01-in-browser-version-added,,2026-02-12
https://ndwcillz.itch.io/2-player-pong/devlog/1341893/v01-paddle-speed-balancing,,2026-02-12
https://blood-seller.itch.io/the-worlds-that-died-in-me-short-demo/devlog/1343551/devlog-0,,2026-02-12
https://lxtework.itch.io/speedmuncher/devlog/1344892/speedmuncher-v11-devlog,,2026-02-12
https://b3arin.itch.io/decora/devlog/1346316/capstone-devlog-3,,2026-02-12
https://sontayo.itch.io/echocity/devlog/1347867/first-transmission-playable-demo-out-now,,2026-02-12
https://grizzlebubs.itch.io/flight-172/devlog/1348967/happy-valentines-day,,2026-02-12
https://sontayo.itch.io/echocity/devlog/1350923/update-system-upgrade-precision-tuning,,2026-02-12
https://panzadabira.itch.io/wildroots-grove-of-the-last-guardian/devlog/1350981/huge-update-progression-system-map-challenges-new-ui,,2026-02-12
https://timespacewarrior.itch.io/temporal-lightttrpg-foxflame-academy/devlog/1352872/v011-v014,,2026-02-12
https://capacle.itch.io/weird-whimsy-wonder/devlog/1353706/the-web-app-is-here-,,2026-02-12
https://splitwing77.itch.io/medieval-town-life-npcs-animals-rpg-maker-mz/devlog/1355162/first-release,,2026-02-12
https://rebel-tomboy-games.itch.io/project-dreadsteel/devlog/1359709/happy-valentine-from-pds-and-flight-172,,2026-02-12
https://casualcozy.itch.io/frogodoro/devlog/1360350/v11-update,,2026-02-12
https://cloisters-interactive.itch.io/project-cloisters/devlog/1360662/the-third-level-meaningful,,2026-02-12
https://salutationssystem.itch.io/lstr-m12-playtest/devlog/1360663/ver-2602081625,,2026-02-12
https://skypage6.itch.io/merge-game-core-engine-drag-and-drop-grid/devlog/1360747/how-to-prototype-a-merge-game-in-under-10-minutes,,2026-02-12
https://sontayo.itch.io/echocity/devlog/1361446/visual-overhaul-first-look-at-act-ii,,2026-02-12
https://foxsnootz.itch.io/lucian-quest/devlog/1362111/full-game-release,,2026-02-12
https://mxtxc.itch.io/the-lowly-lamplighter/devlog/1362319/the-making-of-the-lowly-lamplighter,,2026-02-12
https://ndwcillz.itch.io/2-player-pong/devlog/1362431/v02-bug-fixes-fast-forward,,2026-02-12
https://blackpants.itch.io/paul/devlog/1362978/souvenirs-from-a-bike-tour,,2026-02-12
https://endrewa.itch.io/bandidos-em-brasilia/devlog/1363126/new-map,,2026-02-12
https://mrellement.itch.io/language-lens-translator/devlog/1363133/language-lens-overlay-translator-release-10-is-live,,2026-02-12
https://itch.io/blog/1363264/bring-your-idea,,2026-02-12
https://orilla-tag.itch.io/monkeychaos/devlog/1363270/fearing-monkey,,2026-02-12
https://ppom.itch.io/amiad/devlog/1363279/no-further-updates,,2026-02-12
https://bryce-davie-sheridan.itch.io/housing-crisis-creator/devlog/1363350/kevin-zalya-dev-log-2,,2026-02-12
https://lecord1.itch.io/pump-it/devlog/1363386/hello,,2026-02-12
https://pwitham.itch.io/projecthack/devlog/1363459/version-030-change-log,,2026-02-12
https://oldflowergames.itch.io/angel-clicker/devlog/1363705/new-demo,,2026-02-12
https://judor-ablaridis.itch.io/ds-dieux-taquins/devlog/1363728/-dmo-gratuite-dfiez-les-dieux-directement-dans-votre-navigateur-,,2026-02-12
https://judor-ablaridis.itch.io/echecs-et-matchs-rpg/devlog/1363810/devlog-2-lart-de-la-composition-et-le-frisson-du-direct-,,2026-02-12
https://nranchs.itch.io/lordling-of-hearts/devlog/1363872/update-progress-10th-of-february-2026,,2026-02-12
https://norseboar.itch.io/cartomancer/devlog/1363961/the-incense-update,,2026-02-12
https://bretema-gd.itch.io/hell-figure-it-out/devlog/1364597/-crea-y-juega-,,2026-02-12
https://sirizchai.itch.io/conversations-with-the-devil/devlog/1364853/12-fixes,,2026-02-12
https://unsigneddoublecollective.itch.io/fossil-quest/devlog/1364990/patch-0113,,2026-02-12
https://itch.io/blog/1365043/risk-of-rain-2-cheats-2026-eternal-loop-conqueror-free-download,,2026-02-12
https://itch.io/blog/1365287/jupiter-aimbot-pro-fortnite-external-cheat-2026-free-fortnit,,2026-02-12
https://itch.io/blog/1365288/stray-2026-,,2026-02-12
https://itch.io/blog/1365289/pet-simulator-scripts-free-download-may-2026-2026-downloa,,2026-02-12
https://itch.io/blog/1365290/system-shock-2023-pc-download,,2026-02-12
https://itch.io/blog/1365291/slay-the-princess-the-pristine-cut2026-dl-,,2026-02-12
https://bdragon1727.itch.io/750-effect-and-fx-pixel-all/devlog/1365292/sprite-sequences-have-been-added,,2026-02-12
https://itch.io/blog/1365293/stray-2022-descargar-para-pc-gratis,,2026-02-12
https://itch.io/blog/1365294/baixar-stray-2022-grtis-pc,,2026-02-12
https://itch.io/blog/1365295/carrion-2020-pc-download,,2026-02-12
https://itch.io/blog/1365296/download-terra-nil-2023-torrent,,2026-02-12
https://itch.io/blog/1365297/cyberspace-esp-premium-fortnite-external-cheat-2026-free-fortnit,,2026-02-12
https://itch.io/blog/1365298/darkest-dungeon-2016-crackeado-download,,2026-02-12
https://itch.io/blog/1365299/darkest-dungeon-2016-descargar-para-pc-gratis,,2026-02-12
https://itch.io/blog/1365300/work-at-a-pizza-place-scripts-free-download-march-2026-2026-roblox-scrip,,2026-02-12
https://itch.io/blog/1365301/dead-space-3-portable-download-2013,,2026-02-12
https://itch.io/blog/1365302/kingdom-hearts-hd-1525-remix-2026-,,2026-02-12
https://itch.io/blog/1365303/lorelei-and-the-laser-eyes-direct-download-2024,,2026-02-12
https://itch.io/blog/1365304/darkest-dungeon-2026-dl,,2026-02-12
https://itch.io/blog/1365305/tales-of-the-shire-a-the-lord-of-the-rings-game-2025-full-version-download,,2026-02-12
https://itch.io/blog/1365306/kingdom-hearts-hd-1525-remix-2024-descargar-para-pc-gratis-crackeado,,2026-02-12
https://itch.io/blog/1365307/kingdom-hearts-hd-1525-remix-2024-crackeado-download,,2026-02-12
https://itch.io/blog/1365308/griffin-aimbot-premium-fortnite-external-cheat-2026-free-fortnit,,2026-02-12
https://itch.io/blog/1365309/vehicle-legends-scripts-no-key-september-2026-2026-free-roblox-,,2026-02-12
https://itch.io/blog/1365310/resident-evil-4-2005-2014-torrent-download,,2026-02-12
https://itch.io/blog/1365311/backrooms-escape-together-2022-crackeado-download,,2026-02-12
https://itch.io/blog/1365312/backrooms-escape-together-2022-descargar-para-pc-gratis,,2026-02-12
https://itch.io/blog/1365313/dbd-cheat,,2026-02-12
https://itch.io/blog/1365314/gorogoa-2017-repack-download,,2026-02-12
https://itch.io/blog/1365315/animal-shelter-2-2025-portable-download-updated,,2026-02-12
https://itch.io/blog/1365316/pubg-blindspot-hack-2026-free-download-for-fog-shattering-squad-annihilation,,2026-02-12
https://itch.io/blog/1365317/samurai-cheat-external-2026-fortnite-free,,2026-02-12
https://itch.io/blog/1365318/unravel-two2026-,,2026-02-12
https://itch.io/blog/1365319/backrooms-escape-together-2026,,2026-02-12
https://itch.io/blog/1365320/download-bedwars-scripts-no-key-march-2026-free-2026-script,,2026-02-12
https://itch.io/blog/1365321/unravel-two-2018-descarga-gratuita-pc,,2026-02-12
https://itch.io/blog/1365322/unravel-two-2018-verso-completa-grtis,,2026-02-12
https://itch.io/blog/1365323/the-dark-rites-of-arkham-2026-cracked-download-steam,,2026-02-12
https://itch.io/blog/1365324/pubg-blindspot-hack-2026-free-download,,2026-02-12
https://itch.io/blog/1365325/halo-the-master-chief-collection-download-grtis-2019-verso-completa,,2026-02-12
https://itch.io/blog/1365326/halo-the-master-chief-collection-2019-descargar-gratis-portable,,2026-02-12
https://itch.io/blog/1365327/download-a-little-to-the-left-2022-cracked,,2026-02-12
https://itch.io/blog/1365328/lost-in-play-2022-free-download-multiplayer,,2026-02-12
https://itch.io/blog/1365329/behemoth-cheat-fortnite-external-2026-free-download-pc,,2026-02-12
https://itch.io/blog/1365330/vehicle-legends-scripts-free-download-may-2026-2026-pc-,,2026-02-12
https://itch.io/blog/1365331/download-painkiller-2025-full-version,,2026-02-12
https://lootcombat.itch.io/game/devlog/1365332/hello-world,,2026-02-12
https://itch.io/blog/1365333/is-this-seat-taken2026-dl-,,2026-02-12
https://finsk8.itch.io/augmentra-pre-alpha-v01-playtest/devlog/1365334/augmentra-pre-alpha-v03,,2026-02-12
https://itch.io/blog/1365335/halo-the-master-chief-collection-2026-dl,,2026-02-12
https://itch.io/blog/1365336/is-this-seat-taken-2025-baixar-grtis-pc,,2026-02-12
https://itch.io/blog/1365337/is-this-seat-taken-2025-descargar-para-pc-gratis-crackeado,,2026-02-12
https://itch.io/blog/1365338/noobs-are-coming-2025-free-download,,2026-02-12
https://itch.io/blog/1365339/machinarium-2009-cracked-download,,2026-02-12
https://itch.io/blog/1365340/fortnite-phantom-cheat-hd-external-pro-v409-free-download,,2026-02-12
https://itch.io/blog/1365341/no-im-not-a-human-baixar-pc-grtis-2025,,2026-02-12
https://itch.io/blog/1365342/descargar-no-im-not-a-human-2025-gratis-pc,,2026-02-12
https://itch.io/blog/1365343/amnesia-the-bunker-cracked-download-2023,,2026-02-12
https://thebreckters.itch.io/the-final-shows/devlog/1365344/cams-beta,,2026-02-12
https://itch.io/blog/1365345/counterfeit-tycoon-scripts-key-system-october-2026-2026-free-script-,,2026-02-12
https://itch.io/blog/1365346/voyagers-of-nera-2026-dl,,2026-02-12
https://itch.io/blog/1365347/kingdom-hearts-iii-re-mind-dlc-2024-pc-download-all-dlc,,2026-02-12
https://itch.io/blog/1365348/pikuniku-2019-no-install-all-dlc,,2026-02-12
https://bluecube5998.itch.io/file-headquarters/devlog/1365349/added-new-files-to-my-file-hq,,2026-02-12
https://itch.io/blog/1365350/no-im-not-a-human-pc-2026,,2026-02-12
https://itch.io/blog/1365351/stellar-esp-external-cheat-2026-fortnite-free,,2026-02-12
https://itch.io/blog/1365352/voyagers-of-nera-crackeado-download-2025,,2026-02-12
https://itch.io/blog/1365353/voyagers-of-nera-2025-descarga-directa-gratis,,2026-02-12
https://itch.io/blog/1365354/dungeons-3-2017-pc-download,,2026-02-12
https://itch.io/blog/1365355/pubg-blindspot-hack-2026-free-download-for-fog-shattering-squad-annihilation,,2026-02-12
https://itch.io/blog/1365356/blox-fruits-scripts-undetected-november-2026-2026-free-roblox-,,2026-02-12
https://itch.io/blog/1365357/baixar-world-war-z-2021-grtis-pc,,2026-02-12
https://itch.io/blog/1365358/world-war-z-2021-descarga-directa-gratis,,2026-02-12
https://itch.io/blog/1365359/tropical-monster-girls-2025-portable-download,,2026-02-12
https://itch.io/blog/1365360/trine-enchanted-edition-2009-direct-download-steam,,2026-02-12
https://itch.io/blog/1365361/blackhole-aimbot-premium-fortnite-external-cheat-2026-free-fortnit,,2026-02-12
https://itch.io/blog/1365362/castlevania-dominus-collection-free-download-2024,,2026-02-12
https://itch.io/blog/1365363/small-spaces-2026-pc,,2026-02-12
https://itch.io/blog/1365364/adopt-me-scripts-no-key-november-2026-2026-roblox-script-download-pc-free,,2026-02-12
https://itch.io/blog/1365365/world-war-z-2026-pc-,,2026-02-12
https://itch.io/blog/1365366/small-spaces-download-grtis-2025,,2026-02-12
https://itch.io/blog/1365367/small-spaces-2025-descargar-gratis,,2026-02-12
https://itch.io/blog/1365368/returnal-2023-baixar-pc-grtis,,2026-02-12
https://itch.io/blog/1365369/returnal-2023-descarga-directa-gratis,,2026-02-12
https://itch.io/blog/1365370/jusant-2023-full-version-download-steam,,2026-02-12
https://itch.io/blog/1365371/download-eventide-matter-2025-torrent,,2026-02-12
https://itch.io/blog/1365372/download-dragon-external-max-fortnite-cheat-free-2026,,2026-02-12
https://itch.io/blog/1365373/download-metro-last-light-redux-2014-direct,,2026-02-12
https://itch.io/blog/1365374/work-at-a-pizza-place-scripts-key-system-november-2026-2026-roblox-scrip,,2026-02-12
https://itch.io/blog/1365375/-2026-dl,,2026-02-12
https://itch.io/blog/1365376/returnal-pc-2026,,2026-02-12
https://itch.io/blog/1365377/sackboy-uma-grande-aventura-2022-baixar-pc-grtis,,2026-02-12
https://itch.io/blog/1365378/ai2u-with-you-til-the-end-2025-repack-download-multiplayer,,2026-02-12
https://itch.io/blog/1365379/sackboy-una-aventura-a-lo-grande-versin-completa-gratis-2022,,2026-02-12
https://itch.io/blog/1365380/trine-2-complete-story-2013-pc-download,,2026-02-12
https://itch.io/blog/1365381/goliath-hack-vr-fortnite-external-cheat-2026-ext,,2026-02-12
https://itch.io/blog/1365382/call-of-duty-wwii-crackeado-download-2017,,2026-02-12
https://itch.io/blog/1365383/call-of-duty-wwii-2017-versin-completa-gratis-repack,,2026-02-12
https://itch.io/blog/1365384/shindo-life-scripts-undetected-december-2026-2026-free-downloa,,2026-02-12
https://itch.io/blog/1365385/boat-together-2025-free-download,,2026-02-12
https://itch.io/blog/1365386/supernova-esp-neo-external-cheat-2026-free-download-pc,,2026-02-12
https://itch.io/blog/1365387/download-leap-year-2024-no-install,,2026-02-12
https://itch.io/blog/1365388/wagotabi-a-japanese-journey-2026,,2026-02-12
https://admr-3d.itch.io/tovs-final-cartridge/devlog/1365389/tovs-final-cartridge-update11,,2026-02-12
https://itch.io/blog/1365390/call-of-duty-wwii-2026-pc-,,2026-02-12
https://itch.io/blog/1365391/baixar-wagotabi-a-japanese-journey-2025-grtis-pc,,2026-02-12
https://lamaz.itch.io/llama-legends/devlog/1365392/-update-341-promo-abilities-shop-makeover,,2026-02-12
https://itch.io/blog/1365393/pet-simulator-scripts-free-download-february-2026-2026-roblox-,,2026-02-12
https://itch.io/blog/1365394/wagotabi-a-japanese-journey-2025-descargar-para-pc-gratis-crackeado,,2026-02-12
https://itch.io/blog/1365395/dredge-2023-download-grtis-sem-instalao,,2026-02-12
https://itch.io/blog/1365396/descargar-dredge-2023-gratis-pc,,2026-02-12
https://deadlock-c.itch.io/deadlock-cheat/devlog/1365397/deadlock-cheat-announce,,2026-02-12
https://itch.io/blog/1365398/my-dream-setup-2023-pc-download,,2026-02-12
https://itch.io/blog/1365399/samurai-cheat-ultra-fortnite-external-2026-che,,2026-02-12
https://itch.io/blog/1365400/download-the-august-before-2025-repack,,2026-02-12
https://itch.io/blog/1365402/doors-scripts-key-system-june-2026-latest-version-2026-free-roblox-script,,2026-02-12
https://itch.io/blog/1365403/spyro-reignited-trilogy-2026-,,2026-02-12
https://itch.io/blog/1365404/dredge-2026-,,2026-02-12
https://itch.io/blog/1365405/spyro-reignited-trilogy-baixar-pc-grtis-2019,,2026-02-12
https://itch.io/blog/1365406/resident-evil-7-biohazard-2017-crackeado-download-sem-instalao,,2026-02-12
https://itch.io/blog/1365407/spyro-reignited-trilogy-2019-descarga-directa-gratis,,2026-02-12
https://itch.io/blog/1365408/descargar-resident-evil-7-biohazard-2017-gratis-pc,,2026-02-12
https://itch.io/blog/1365409/ronix-executor-for-roblox-free-keyless-script-executor-2026-update,,2026-02-12
https://itch.io/blog/1365410/hydra-hack-fortnite-external-cheat-2026-download-pc-free,,2026-02-12
https://itch.io/blog/1365411/download-the-gnorp-apologue-2023-full-version,,2026-02-12
https://itch.io/blog/1365412/jailbreak-scripts-key-system-december-2026-2026-free-roblox-,,2026-02-12
https://itch.io/blog/1365414/constance-2026-,,2026-02-12
https://kaospappa.itch.io/citybuilder/devlog/1365415/tighter-design,,2026-02-12
https://itch.io/blog/1365416/behemoth-cheat-fortnite-external-2026-download-pc-free,,2026-02-12
https://itch.io/blog/1365417/ship-of-fools-2022-portable-download,,2026-02-12
https://itch.io/blog/1365418/biohazard-7-resident-evil2026-dl,,2026-02-12
https://vesperum.itch.io/team-showdown/devlog/1365419/v0004-veteran-content-update,,2026-02-12
https://itch.io/blog/1365420/nioh-3-void-ronin-macros-2026-free-download-for-one-key-demon-purge-assault,,2026-02-12
https://itch.io/blog/1365421/baixar-buckshot-roulette-2024-grtis-pc,,2026-02-12
https://itch.io/blog/1365422/constance-2025-verso-completa-grtis-porttil,,2026-02-12
https://itch.io/blog/1365423/buckshot-roulette-2024-descargar-para-pc-gratis-sin-instalacin,,2026-02-12
https://itch.io/blog/1365424/descargar-constance-2025-gratis-pc,,2026-02-12
https://itch.io/blog/1365425/fighting-simulator-scripts-undetected-april-2026-2026-free-roblox-,,2026-02-12
https://itch.io/blog/1365426/matrix-aimbot-hd-fortnite-external-cheat-2026-ext,,2026-02-12
https://itch.io/blog/1365427/once-upon-a-katamari-2025-direct-download-multiplayer,,2026-02-12
https://itch.io/blog/1365428/xeno-roblox-executor,,2026-02-12
https://itch.io/blog/1365429/overcooked-all-you-can-eat-2026-,,2026-02-12
https://itch.io/blog/1365430/bedwars-scripts-free-download-august-2026-2026-roblox-,,2026-02-12
https://itch.io/blog/1365431/age-of-wonders-4-cheats-free-2026-ultimate-empire-domination-suite-free-download,,2026-02-12
https://itch.io/blog/1365432/buckshot-roulette-2026-,,2026-02-12
https://itch.io/blog/1365433/doom-baixar-grtis-pc-2016,,2026-02-12
https://itch.io/blog/1365434/doom-2016-versin-completa-gratis,,2026-02-12
https://itch.io/blog/1365435/overcooked-all-you-can-eat-baixar-grtis-pc-2021,,2026-02-12
https://itch.io/blog/1365436/overcooked-all-you-can-eat-descargar-gratis-2021,,2026-02-12
https://itch.io/blog/1365437/cosmos-aimbot-fortnite-external-cheat-2026-free-externa,,2026-02-12
https://itch.io/blog/1365438/windswept-full-version-download-2025,,2026-02-12
https://omnius-creative.itch.io/indie-game-marketing-hook-generator/devlog/1365439/release-notes-indie-game-marketing-hook-generator-v10,,2026-02-12
https://omnius-creative.itch.io/indie-game-marketing-hook-generator/devlog/1365440/release-notes-indie-game-marketing-hook-generator-v10,,2026-02-12
https://itch.io/blog/1365441/blox-fruits-scripts-working-august-2026-2026-free-script-,,2026-02-12
https://itch.io/blog/1365442/-ii-dl-2026,,2026-02-12
https://itch.io/blog/1365443/left-4-dead-2-2009-crackeado-download,,2026-02-12
https://itch.io/blog/1365444/left-4-dead-2-descargar-gratis-2009-portable,,2026-02-12
https://itch.io/blog/1365445/doom-2026-,,2026-02-12
https://team-evil-noob.itch.io/prectxer-rhythmhell-full-version/devlog/1365446/level-editor-workshop,,2026-02-12
https://itch.io/blog/1365447/octopath-traveler-ii-2023-verso-completa-grtis-crackeado,,2026-02-12
https://itch.io/blog/1365448/phoenix-cheat-plus-fortnite-external-2026-free-fortnit,,2026-02-12
https://itch.io/blog/1365449/octopath-traveler-ii-2023-descargar-para-pc-gratis,,2026-02-12
https://itch.io/blog/1365450/helldivers-2-hack-pack-2026-elite-tactical-trainer-supreme-mod-arsenal,,2026-02-12
https://itch.io/blog/1365451/onirism-2025-free-download,,2026-02-12
https://itch.io/blog/1365452/roblox-vehicle-legends-scripts-working-may-2026-2026-script-free,,2026-02-12
https://itch.io/blog/1365453/synaptic-external-hd-fortnite-cheat-2026-ext,,2026-02-12
https://itch.io/blog/1365454/baixar-return-of-the-obra-dinn-2018-grtis-pc,,2026-02-12
https://itch.io/blog/1365455/ender-magnolia-bloom-in-the-mist-dl-2026-,,2026-02-12
https://itch.io/blog/1365456/return-of-the-obra-dinn-2018-descarga-gratuita-pc,,2026-02-12
https://itch.io/blog/1365457/visions-of-mana-2024-free-download-multiplayer,,2026-02-12
https://itch.io/blog/1365458/left-4-dead-2-2026-pc-,,2026-02-12
https://itch.io/blog/1365459/brookhaven-scripts-working-november-2026-2026-free-downloa,,2026-02-12
https://itch.io/blog/1365460/ender-magnolia-bloom-in-the-mist-2025-baixar-pc-grtis-sem-instalao,,2026-02-12
https://itch.io/blog/1365461/risk-of-rain-2-aimbot-2026-god-aim-annihilator-free-download,,2026-02-12
https://itch.io/blog/1365462/ender-magnolia-bloom-in-the-mist-2025-descarga-directa-gratis,,2026-02-12
https://itch.io/blog/1365463/ghost-aimbot-pro-fortnite-external-cheat-2026-free-fortnit,,2026-02-12
https://itch.io/blog/1365464/oneshot-world-machine-edition-2024-free-download,,2026-02-12
https://itch.io/blog/1365465/shindo-life-scripts-working-june-2026-2026-download-pc-,,2026-02-12
https://itch.io/blog/1365466/call-of-duty-world-at-war-2008-baixar-pc-grtis,,2026-02-12
https://itch.io/blog/1365467/call-of-duty-world-at-war-2008-versin-completa-gratis,,2026-02-12
https://itch.io/blog/1365468/splitgate-2-cheat-free-download-2026,,2026-02-12
https://itch.io/blog/1365469/bloons-td-62026-,,2026-02-12
https://itch.io/blog/1365470/return-of-the-obra-dinn-2026-,,2026-02-12
https://itch.io/blog/1365471/bloons-td-6-verso-completa-grtis-2018-sem-instalao,,2026-02-12
https://itch.io/blog/1365472/bloons-td-6-2018-descargar-para-pc-gratis,,2026-02-12
https://itch.io/blog/1365473/blackhole-aimbot-neo-fortnite-external-cheat-2026-free-fortnit,,2026-02-12
https://itch.io/blog/1365474/download-ratopia-2025-pc,,2026-02-12
https://itch.io/blog/1365475/bedwars-scripts-undetected-march-2026-2026-free-script-,,2026-02-12
https://itch.io/blog/1365476/marvel-rivals-hacks-free-2026-ultimate-domination-suite-free-download,,2026-02-12
https://itch.io/blog/1365477/black-mesa-2020-baixar-pc-grtis-crackeado,,2026-02-12
https://itch.io/blog/1365478/black-mesa-2020-descarga-gratuita-pc,,2026-02-12
https://itch.io/blog/1365479/root-2026-,,2026-02-12
https://itch.io/blog/1365480/ronin-aimbot-external-fortnite-cheat-2026-free-fortnit,,2026-02-12
https://itch.io/blog/1365481/call-of-duty-world-at-war-2026,,2026-02-12
https://itch.io/blog/1365482/root-2020-baixar-pc-grtis,,2026-02-12
https://itch.io/blog/1365483/bloomtown-a-different-story-pc-download-2024-steam,,2026-02-12
https://itch.io/blog/1365484/root-2020-descarga-directa-gratis,,2026-02-12
https://itch.io/blog/1365485/taxi-boss-scripts-undetected-october-2026-2026-free-script-,,2026-02-12
https://itch.io/blog/1365486/gunfire-reborn-cheats-free-download-2026,,2026-02-12
https://itch.io/blog/1365487/eternity-external-ai-fortnite-cheat-2026-download-pc-,,2026-02-12
https://itch.io/blog/1365488/left-4-dead-2008-download-grtis,,2026-02-12
https://itch.io/blog/1365489/left-4-dead-2008-descargar-gratis,,2026-02-12
https://itch.io/blog/1365490/download-the-battle-of-polytopia-2020-direct,,2026-02-12
https://itch.io/blog/1365491/overcooked-2-2026-,,2026-02-12
https://itch.io/blog/1365492/fighting-simulator-scripts-undetected-july-2026-2026-free-script-,,2026-02-12
https://itch.io/blog/1365493/five-nights-at-freddys-security-breach-2026-dl-,,2026-02-12
https://itch.io/blog/1365494/overcooked-2-2018-crackeado-download-sem-instalao,,2026-02-12
https://itch.io/blog/1365495/descargar-overcooked-2-2018-gratis-pc,,2026-02-12
https://psyra-productions.itch.io/the-tornado-chicken/devlog/1365496/automated-update,,2026-02-12
https://itch.io/blog/1365497/eternity-external-fortnite-cheat-2026-free-download,,2026-02-12
https://itch.io/blog/1365498/bento-blocks-torrent-download-2026-multiplayer,,2026-02-12
https://itch.io/blog/1365499/counterfeit-tycoon-scripts-key-system-november-2026-2026-free-downloa,,2026-02-12
https://itch.io/blog/1365500/baixar-what-remains-of-edith-finch-2017-grtis-pc,,2026-02-12
https://itch.io/blog/1365501/descargar-what-remains-of-edith-finch-2017-gratis-pc,,2026-02-12
https://itch.io/blog/1365502/winter-burrow-2026-dl,,2026-02-12
https://itch.io/blog/1365503/chibi-model-pixel-art,,2026-02-12
https://itch.io/blog/1365504/black-mesa2026-,,2026-02-12
https://itch.io/blog/1365505/winter-burrow-2025-crackeado-download,,2026-02-12
https://penflower-ink.itch.io/modular-character-sheet-kit-digital-assets/devlog/1365506/modular-character-sheet-vampire-expansion,,2026-02-12
https://itch.io/blog/1365507/download-ronin-aimbot-premium-fortnite-external-cheat-free-2026,,2026-02-12
https://itch.io/blog/1365508/winter-burrow-versin-completa-gratis-2025,,2026-02-12
https://itch.io/blog/1365509/discounty-2025-cracked-download,,2026-02-12
https://itch.io/blog/1365510/doors-scripts-free-download-june-2026-2026-roblox-script,,2026-02-12
https://itch.io/blog/1365511/bendy-and-the-dark-revival-2022-baixar-pc-grtis,,2026-02-12
https://itch.io/blog/1365512/bendy-and-the-dark-revival-2022-descargar-para-pc-gratis,,2026-02-12
https://cavauwobooza.itch.io/cosmobile-rpg/devlog/1365513/cosmobile-operational-space-rpg-m47-engine,,2026-02-12
https://itch.io/blog/1365514/meteor-cheat-external-2026-fortnite-free,,2026-02-12
https://roblox-fps-unlock.itch.io/roblox-fps-unlocker-roblox-optimization/devlog/1365515/roblox-fps-unlocker-roblox-optimization,,2026-02-12
https://itch.io/blog/1365516/celeste-2026-,,2026-02-12
https://itch.io/blog/1365517/left-4-dead-2026-,,2026-02-12
https://itch.io/blog/1365518/dragon-quest-builders-2-pc-download-2019,,2026-02-12
https://itch.io/blog/1365519/celeste-2018-download-grtis,,2026-02-12
https://itch.io/blog/1365520/anime-fighters-scripts-free-download-september-2026-2026-script-,,2026-02-12
https://itch.io/blog/1365521/descargar-celeste-2018-gratis-pc,,2026-02-12
https://psyra-productions.itch.io/wheels-of-prio/devlog/1365522/focuseable-updates,,2026-02-12
https://itch.io/blog/1365523/aether-cheat-max-external-2026-free-fortnite-download,,2026-02-12
https://itch.io/blog/1365524/soma-verso-completa-grtis-2015,,2026-02-12
https://mynephew.itch.io/domain-root-management/devlog/1365525/round-1-fight,,2026-02-12
https://itch.io/blog/1365526/five-nights-at-freddys-help-wanted-2-2023-descargar-para-pc-gratis,,2026-02-12
https://itch.io/blog/1365527/rival-stars-horse-racing-desktop-edition-no-install-2020,,2026-02-12
https://itch.io/blog/1365528/vehicle-legends-scripts-undetected-june-2026-2026-download-pc-,,2026-02-12
https://itch.io/blog/1365529/-pc-2026-,,2026-02-12
https://itch.io/blog/1365530/what-remains-of-edith-finch-2026-,,2026-02-12
https://itch.io/blog/1365531/luma-island-2024-baixar-grtis-pc-repack,,2026-02-12
https://thebreckters.itch.io/mystery-at-davids-chapter-2/devlog/1365532/what-happened-after-night-5,,2026-02-12
https://itch.io/blog/1365533/luma-island-2024-descargar-para-pc-gratis,,2026-02-12
https://itch.io/blog/1365534/griffin-aimbot-hd-fortnite-external-cheat-2026-download-pc-,,2026-02-12
https://lew70.itch.io/skeleskirmish/devlog/1365535/learning-more-about-godot,,2026-02-12
https://psyra-productions.itch.io/porta-bop/devlog/1365536/melodic-updates,,2026-02-12
https://itch.io/blog/1365537/before-your-eyes-direct-download-2021,,2026-02-12
https://itch.io/blog/1365538/tower-of-hell-scripts-key-system-january-2026-2026-free-downloa,,2026-02-12
https://itch.io/blog/1365539/baixar-five-nights-at-freddys-help-wanted-2-2023-grtis-pc,,2026-02-12
https://itch.io/blog/1365540/soma-2015-descarga-gratuita-pc,,2026-02-12
https://itch.io/blog/1365541/fortnite-titan-esp-external-cheat-beta-v939-free-download,,2026-02-12
https://itch.io/blog/1365542/castle-crashers-2026-,,2026-02-12
https://itch.io/blog/1365543/bendy-and-the-dark-revival-2026-,,2026-02-12
https://itch.io/blog/1365544/castle-crashers-2012-crackeado-download,,2026-02-12
https://itch.io/blog/1365546/castle-crashers-2012-descargar-para-pc-gratis-versin-completa,,2026-02-12
https://itch.io/blog/1365547/murder-mystery-scripts-free-download-october-2026-2026-roblox-scrip,,2026-02-12
https://itch.io/blog/1365548/side-effects-2025-baixar-pc-grtis,,2026-02-12
https://itch.io/blog/1365549/side-effects-descarga-gratuita-pc-2025,,2026-02-12
https://itch.io/blog/1365550/jupiter-aimbot-neo-fortnite-external-cheat-2026-download-pc-,,2026-02-12
https://itch.io/blog/1365551/rain-world2026-,,2026-02-12
https://itch.io/blog/1365552/jailbreak-scripts-free-download-august-2026-2026-pc-,,2026-02-12
https://itch.io/blog/1365553/five-nights-at-freddys-help-wanted-2-2026-dl,,2026-02-12
https://itch.io/blog/1365554/rain-world-2017-baixar-pc-grtis,,2026-02-12
https://itch.io/blog/1365555/rain-world-2017-descargar-para-pc-gratis,,2026-02-12
https://itch.io/blog/1365556/orion-external-pro-cheat-2026-free-download-no-ban,,2026-02-12
https://itch.io/blog/1365557/storebound-verso-completa-grtis-2025,,2026-02-12
https://itch.io/blog/1365558/storebound-2025-descarga-directa-gratis-portable,,2026-02-12
https://itch.io/blog/1365559/taxi-boss-scripts-key-system-december-2026-2026-download-pc-,,2026-02-12
https://itch.io/blog/1365560/baba-is-you-2026-,,2026-02-12
https://itch.io/blog/1365561/goliath-hack-vr-fortnite-external-cheat-2026-free-externa,,2026-02-12
https://itch.io/blog/1365562/soma-2026-,,2026-02-12
https://itch.io/blog/1365563/baba-is-you-2019-baixar-grtis-pc,,2026-02-12
https://itch.io/blog/1365564/baba-is-you-2019-descargar-gratis,,2026-02-12
https://itch.io/blog/1365565/work-at-a-pizza-place-scripts-undetected-july-2026-2026-free-roblox-,,2026-02-12
https://itch.io/blog/1365566/baixar-resident-evil-0-2016-grtis-pc,,2026-02-12
https://itch.io/blog/1365567/resident-evil-0-2016-descarga-gratuita-pc,,2026-02-12
https://itch.io/blog/1365568/nebula-hack-premium-fortnite-external-cheat-2026-che,,2026-02-12
https://itch.io/blog/1365569/totally-accurate-battle-simulator-2026-,,2026-02-12
https://itch.io/blog/1365570/side-effects-2026-pc-,,2026-02-12
https://joyjoi-games.itch.io/kravat/devlog/1365571/live-on-kickstarter,,2026-02-12
https://itch.io/blog/1365572/totally-accurate-battle-simulator-2021-gratis,,2026-02-12
https://itch.io/blog/1365573/vehicle-legends-scripts-free-download-january-2026-2026-pc-,,2026-02-12
https://itch.io/blog/1365574/totally-accurate-battle-simulator-2021-baixar-grtis-pc,,2026-02-12
https://itch.io/blog/1365575/matrix-aimbot-neo-fortnite-external-cheat-2026-ext,,2026-02-12
https://itch.io/blog/1365576/firewatch-2016-verso-completa-grtis,,2026-02-12
https://itch.io/blog/1365577/firewatch-2016-descargar-gratis,,2026-02-12
https://itch.io/blog/1365578/fighting-simulator-scripts-free-download-october-2026-2026-pc-,,2026-02-12
https://itch.io/blog/1365579/terra-nil-2026-,,2026-02-12
https://itch.io/blog/1365580/storebound2026-,,2026-02-12
https://itch.io/blog/1365581/phantom-cheat-max-fortnite-external-2026-che,,2026-02-12
https://itch.io/blog/1365582/terra-nil-descargar-para-pc-gratis-2023,,2026-02-12
https://itch.io/blog/1365583/baixar-terra-nil-2023-grtis-pc,,2026-02-12
https://itch.io/blog/1365584/rage-2011-verso-completa-grtis,,2026-02-12
https://itch.io/blog/1365585/rage-2011-versin-completa-gratis,,2026-02-12
https://itch.io/blog/1365586/jailbreak-scripts-no-key-july-2026-2026-roblox-script-free-download-pc,,2026-02-12
https://itch.io/blog/1365587/modular-character-sheet-vampire-expansion,,2026-02-12
https://itch.io/blog/1365588/cosmos-aimbot-pro-external-cheat-2026-fortnite-free-no-ban,,2026-02-12
https://itch.io/blog/1365589/ori-and-the-will-of-the-wisps-2026-pc,,2026-02-12
https://itch.io/blog/1365590/biohazard-0-hd-remaster2026-,,2026-02-12
https://itch.io/blog/1365591/ori-and-the-will-of-the-wisps-2020-descargar-gratis-repack,,2026-02-12
https://itch.io/blog/1365592/ori-and-the-will-of-the-wisps-2020-baixar-grtis-pc,,2026-02-12
https://itch.io/blog/1365593/resident-evil-6-2013-download-grtis,,2026-02-12
https://itch.io/blog/1365594/tower-of-hell-scripts-working-july-2026-2026-download-pc-,,2026-02-12
https://itch.io/blog/1365595/blackhole-aimbot-hd-fortnite-external-cheat-2026-free-externa,,2026-02-12
https://itch.io/blog/1365596/resident-evil-6-2013-descargar-para-pc-gratis-crackeado,,2026-02-12
https://jetamp.itch.io/reincarnated-as-a-dark-lord-before-taking-over-the-world-with-power-999999999/devlog/1365597/demo-update-10-feb-2026,,2026-02-12
https://itch.io/blog/1365598/-2026,,2026-02-12
https://itch.io/blog/1365599/firewatch-2026-,,2026-02-12
https://itch.io/blog/1365600/tower-of-hell-scripts-undetected-october-2026-2026-free-script-,,2026-02-12
https://itch.io/blog/1365601/tales-of-the-shire-un-juego-de-el-seor-de-los-anillos-descargar-gratis-2025,,2026-02-12
https://itch.io/blog/1365602/ghost-aimbot-premium-fortnite-external-cheat-2026-che,,2026-02-12
https://itch.io/blog/1365603/tales-of-the-shire-um-jogo-de-o-senhor-dos-anis-2025-baixar-pc-grtis,,2026-02-12
https://itch.io/blog/1365604/visage-2020-baixar-grtis-pc,,2026-02-12
https://itch.io/blog/1365605/descargar-visage-2020-gratis-pc,,2026-02-12
https://itch.io/blog/1365606/roblox-arsenal-scripts-working-june-2026-2026-download-pc-free,,2026-02-12
https://itch.io/blog/1365607/galaxy-cheat-neo-fortnite-external-2026-ext,,2026-02-12
https://itch.io/blog/1365608/animal-shelter-22026-,,2026-02-12
https://itch.io/blog/1365609/rage-2026-,,2026-02-12
https://itch.io/blog/1365610/animal-shelter-2-2025-versin-completa-gratis,,2026-02-12
https://itch.io/blog/1365611/animal-shelter-2-2025-baixar-grtis-pc-crackeado,,2026-02-12
https://itch.io/blog/1365612/alien-isolation-2014-baixar-grtis-pc-repack,,2026-02-12
https://itch.io/blog/1365613/alien-isolation-descargar-para-pc-gratis-2014-portable,,2026-02-12
https://itch.io/blog/1365614/download-taxi-boss-scripts-key-system-july-2026-free-2026-pc,,2026-02-12
https://misterdll.itch.io/shotgun/devlog/1365615/shotguns-11,,2026-02-12
https://itch.io/blog/1365616/leviathan-aimbot-pro-fortnite-external-cheat-2026-che,,2026-02-12
https://itch.io/blog/1365617/acrobatfamily-crack-2026-free-patch-download,,2026-02-12
https://itch.io/blog/1365618/a-little-to-the-left-2026-,,2026-02-12
https://itch.io/blog/1365619/biohazard-62026-pc-,,2026-02-12
https://itch.io/blog/1365620/a-little-to-the-left-2022-descargar-para-pc-gratis,,2026-02-12
https://itch.io/blog/1365621/a-little-to-the-left-download-grtis-2022,,2026-02-12
https://itch.io/blog/1365622/roblox-pet-simulator-scripts-working-february-2026-2026-free-script,,2026-02-12
https://itch.io/blog/1365623/acrobat-full-version-crack-free-download-pc-2026,,2026-02-12
https://itch.io/blog/1365624/blackhole-aimbot-fortnite-external-cheat-2026-download-pc-,,2026-02-12
https://itch.io/blog/1365625/silly-polly-beast-2025-verso-completa-grtis,,2026-02-12
https://itch.io/blog/1365626/silly-polly-beast-2025-versin-completa-gratis,,2026-02-12
https://whitearcticwolf.itch.io/iced-the-ice/devlog/1365627/update,,2026-02-12
https://itch.io/blog/1365628/murder-mystery-scripts-no-key-november-2026-2026-download-pc-,,2026-02-12
https://itch.io/blog/1365629/acrobat-distiller-free-crack-cracked-version-free-2026,,2026-02-12
https://itch.io/blog/1365630/noobs-are-coming2026-pc,,2026-02-12
https://itch.io/blog/1365631/visage-2026-pc,,2026-02-12
https://itch.io/blog/1365632/noobs-are-coming-2025-descarga-gratuita-pc,,2026-02-12
https://itch.io/blog/1365633/noobs-are-coming-2025-download-grtis,,2026-02-12
https://itch.io/blog/1365634/gears-of-war-reloaded-2025-baixar-grtis-pc-sem-instalao,,2026-02-12
https://itch.io/blog/1365635/gears-of-war-reloaded-descarga-gratuita-pc-2025,,2026-02-12
https://itch.io/blog/1365636/adobe-document-cloud-full-version-free-patch-download-2026,,2026-02-12
https://itch.io/blog/1365637/kingdom-hearts-iii-re-mind-dlc-2026-,,2026-02-12
https://itch.io/blog/1365638/alien-isolation-2026-dl-,,2026-02-12
https://itch.io/blog/1365639/descargar-kingdom-hearts-iii-re-mind-dlc-2024-gratis-pc,,2026-02-12
https://itch.io/blog/1365640/baixar-kingdom-hearts-iii-re-mind-dlc-2024-grtis-pc,,2026-02-12
https://itch.io/blog/1365641/download-acrobat-export-pdf-crack-free-download-full-version-free,,2026-02-12
https://itch.io/blog/1365642/eclipsium-baixar-grtis-pc-2025,,2026-02-12
https://itch.io/blog/1365643/descargar-eclipsium-2025-gratis-pc,,2026-02-12
https://itch.io/blog/1365644/acrobat-pdf-pack-free-crack-download-full-version-free-2026,,2026-02-12
https://itch.io/blog/1365645/-dl-2026,,2026-02-12
https://itch.io/blog/1365646/silly-polly-beast-2026-,,2026-02-12
https://itch.io/blog/1365647/chicas-monstruo-tropicales-2025-descarga-directa-gratis,,2026-02-12
https://itch.io/blog/1365648/garotas-monstros-tropicais-2025-download-grtis,,2026-02-12
https://itch.io/blog/1365649/resident-evil-5-2009-crackeado-download,,2026-02-12
https://itch.io/blog/1365650/resident-evil-5-2009-descarga-gratuita-pc,,2026-02-12
https://zebthan.itch.io/gladius-terrae/devlog/1365651/new-battlefield-visual,,2026-02-12
https://itch.io/blog/1365652/acrobat-reader-free-crack-free-crack-download-2026,,2026-02-12
https://nightcompany.itch.io/natrualize-tag/devlog/1365653/all-of-the-updates,,2026-02-12
https://itch.io/blog/1365654/jusant-2026-,,2026-02-12
https://itch.io/blog/1365655/gears-of-war-reloaded-2026-,,2026-02-12
https://itch.io/blog/1365656/jusant-2023-versin-completa-gratis,,2026-02-12
https://itch.io/blog/1365657/jusant-download-grtis-2023-sem-instalao,,2026-02-12
https://itch.io/blog/1365658/baixar-metro-2033-redux-2014-grtis-pc,,2026-02-12
https://itch.io/blog/1365659/adobe-sign-free-crack-free-patch-download-2026,,2026-02-12
https://itch.io/blog/1365660/descargar-metro-2033-redux-2014-gratis-pc,,2026-02-12
https://itch.io/blog/1365661/download-experience-cloudfamily-crack-free-download-full-version-free,,2026-02-12
https://itch.io/blog/1365662/eclipsium2026-pc-,,2026-02-12
https://itch.io/blog/1365663/ai2u-ai-2026-,,2026-02-12
https://itch.io/blog/1365664/ai2u-with-you-til-the-end-2025-descarga-gratuita-pc,,2026-02-12
https://itch.io/blog/1365665/ai2u-with-you-til-the-end-2025-baixar-grtis-pc,,2026-02-12
https://itch.io/blog/1365666/ferocious-2025-verso-completa-grtis,,2026-02-12
https://itch.io/blog/1365668/descargar-ferocious-2025-gratis-pc,,2026-02-12
https://itch.io/blog/1365669/advertising-cloud-2026-crack-crack-free-download-pc,,2026-02-12
https://itch.io/blog/1365670/biohazard-5-2026,,2026-02-12
https://itch.io/blog/1365671/boat-together-2026-dl-,,2026-02-12
https://itch.io/blog/1365672/boat-together-2025-descarga-gratuita-pc,,2026-02-12
https://itch.io/blog/1365673/trepang2-2023-download-grtis,,2026-02-12
https://itch.io/blog/1365674/boat-together-verso-completa-grtis-2025-crackeado,,2026-02-12
https://itch.io/blog/1365675/descargar-trepang2-2023-gratis-pc,,2026-02-12
https://itch.io/blog/1365676/analytics-2026-crack-download-full-version-free,,2026-02-12
https://itch.io/blog/1365678/metro-2033-redux-dl-2026,,2026-02-12
https://itch.io/blog/1365679/audience-manager-full-version-free-crack-download-2026,,2026-02-12
https://itch.io/blog/1365680/my-dream-setup2026-,,2026-02-12
https://itch.io/blog/1365681/system-shock-2023-baixar-grtis-pc-crackeado,,2026-02-12
https://itch.io/blog/1365682/baixar-my-dream-setup-2023-grtis-pc,,2026-02-12
https://itch.io/blog/1365683/my-dream-setup-2023-versin-completa-gratis-sin-instalacin,,2026-02-12
https://itch.io/blog/1365684/descargar-system-shock-2023-gratis-pc,,2026-02-12
https://itch.io/blog/1365685/campaign-crack-2026-cracked-version-free,,2026-02-12
https://itch.io/blog/1365686/ferocious2026-dl-,,2026-02-12
https://itch.io/blog/1365687/the-gnorp-apologue-2026-pc-,,2026-02-12
https://itch.io/blog/1365688/baixar-dead-space-3-2013-grtis-pc,,2026-02-12
https://itch.io/blog/1365689/descargar-the-gnorp-apologue-2023-gratis-pc,,2026-02-12
https://itch.io/blog/1365690/the-gnorp-apologue-2023-download-grtis,,2026-02-12
https://itch.io/blog/1365691/dead-space-3-descarga-directa-gratis-2013-portable,,2026-02-12
https://itch.io/blog/1365692/exchange-free-crack-free-crack-download-2026,,2026-02-12
https://itch.io/blog/1365693/trepang2-2026-,,2026-02-12
https://itch.io/blog/1365694/download-experience-manager-crack-free-cracked-version-free,,2026-02-12
https://itch.io/blog/1365695/little-misfortune2026-,,2026-02-12
https://itch.io/blog/1365696/resident-evil-4-2005-2014-verso-completa-grtis,,2026-02-12
https://dingoli.itch.io/albtraum/devlog/1365697/fixed-prompts-and-preparing-the-finale,,2026-02-12
https://itch.io/blog/1365698/little-misfortune-descargar-para-pc-gratis-2019,,2026-02-12
https://itch.io/blog/1365699/little-misfortune-2019-download-grtis,,2026-02-12
https://itch.io/blog/1365700/resident-evil-4-2005-2014-descargar-para-pc-gratis-portable,,2026-02-12
https://itch.io/blog/1365701/magentocommerce-cloud-full-version-free-patch-download-2026,,2026-02-12
https://itch.io/blog/1365702/system-shock2026-dl,,2026-02-12
https://itch.io/blog/1365703/ship-of-fools-2026-,,2026-02-12
https://itch.io/blog/1365704/the-dark-rites-of-arkham-2026-download-grtis,,2026-02-12
https://itch.io/blog/1365705/the-dark-rites-of-arkham-2026-descargar-para-pc-gratis,,2026-02-12
https://itch.io/blog/1365706/ship-of-fools-descargar-gratis-2022-sin-instalacin,,2026-02-12
https://itch.io/blog/1365707/marketoengage-full-version-download-full-version-free-2026,,2026-02-12
https://itch.io/blog/1365708/ship-of-fools-2022-baixar-pc-grtis-repack,,2026-02-12
https://itch.io/blog/1365710/dead-space-3-2026-,,2026-02-12
https://itch.io/blog/1365711/primetime-full-version-cracked-version-free-2026,,2026-02-12
https://itch.io/blog/1365712/-2026-dl-,,2026-02-12
https://itch.io/blog/1365713/painkiller-baixar-pc-grtis-2025,,2026-02-12
https://itch.io/blog/1365714/painkiller-2025-versin-completa-gratis-portable,,2026-02-12
https://itch.io/blog/1365715/once-upon-a-katamari-descargar-gratis-2025-versin-completa,,2026-02-12
https://itch.io/blog/1365716/once-upon-a-katamari-2025-crackeado-download,,2026-02-12
https://fishswx.itch.io/liminal-space-game/devlog/1365717/devlog-4,,2026-02-12
https://itch.io/blog/1365718/target-free-crack-free-crack-download-2026,,2026-02-12
https://itch.io/blog/1365719/biohazard-4-2005-2026-,,2026-02-12
https://itch.io/blog/1365720/mine-rush,,2026-02-12
https://itch.io/blog/1365721/windswept-pc-2026,,2026-02-12
https://itch.io/blog/1365722/amnesia-the-bunker-2023-baixar-grtis-pc,,2026-02-12
https://itch.io/blog/1365723/amnesia-the-bunker-2023-descargar-para-pc-gratis,,2026-02-12
https://itch.io/blog/1365724/workfront-2026-crack-free-crack-download,,2026-02-12
https://itch.io/blog/1365725/windswept-2025-descarga-directa-gratis,,2026-02-12
https://itch.io/blog/1365726/windswept-2025-baixar-grtis-pc,,2026-02-12
https://itch.io/blog/1365727/the-dark-rites-of-arkham-pc-2026-,,2026-02-12
https://itch.io/blog/1365728/mobile-apps-full-version-free-crack-download-2026,,2026-02-12
https://itch.io/blog/1365729/onirism-2026-,,2026-02-12
https://itch.io/blog/1365730/baixar-dungeons-3-2017-grtis-pc,,2026-02-12
https://itch.io/blog/1365731/dungeons-3-2017-descarga-gratuita-pc,,2026-02-12
https://itch.io/blog/1365732/onirism-2025-versin-completa-gratis-crackeado,,2026-02-12
https://itch.io/blog/1365733/onirism-2025-verso-completa-grtis,,2026-02-12
https://sugoprod.itch.io/tempus-regit/devlog/1365734/patch-v01-alpha-fix-improvements,,2026-02-12
https://itch.io/blog/1365735/account-access-full-version-free-crack-download-2026,,2026-02-12
https://itch.io/blog/1365736/painkiller-2026,,2026-02-12
https://13rosesgames.itch.io/door-duty/devlog/1365737/door-duty-02a-update,,2026-02-12
https://itch.io/blog/1365738/-visions-of-mana-2026-,,2026-02-12
https://itch.io/blog/1365739/castlevania-dominus-collection-2024-verso-completa-grtis,,2026-02-12
https://itch.io/blog/1365740/air-full-version-free-patch-download-2026,,2026-02-12
https://itch.io/blog/1365741/im-on-observation-duty-8-2025-descarga-directa-gratis-sin-instalacin,,2026-02-12
https://itch.io/blog/1365742/descargar-visions-of-mana-2024-gratis-pc,,2026-02-12
https://itch.io/blog/1365743/visions-of-mana-2024-baixar-pc-grtis,,2026-02-12
https://itch.io/blog/1365744/authenticator-free-crack-download-full-version-free-2026,,2026-02-12
https://itch.io/blog/1365745/amnesia-the-bunker-pc-2026-,,2026-02-12
https://itch.io/blog/1365746/oneshot-world-machine-edition-2026-,,2026-02-12
https://itch.io/blog/1365747/baixar-im-on-observation-duty-8-2025-grtis-pc,,2026-02-12
https://itch.io/blog/1365748/castlevania-dominus-collection-2024-descargar-para-pc-gratis,,2026-02-12
https://itch.io/blog/1365749/oneshot-world-machine-edition-2024-descarga-directa-gratis-repack,,2026-02-12
https://itch.io/blog/1365750/oneshot-world-machine-edition-2024-download-grtis,,2026-02-12
https://itch.io/blog/1365751/captivate-draft-crack-2026-cracked-version-free,,2026-02-12
https://itch.io/blog/1365752/dungeons-32026-,,2026-02-12
https://itch.io/blog/1365753/captivate-prime-crack-2026-cracked-version-free,,2026-02-12
https://itch.io/blog/1365754/ratopia-2026-,,2026-02-12
https://itch.io/blog/1365755/metro-last-light-redux-verso-completa-grtis-2014,,2026-02-12
https://itch.io/blog/1365756/metro-last-light-redux-2014-versin-completa-gratis-repack,,2026-02-12
https://itch.io/blog/1365757/ratopia-descargar-gratis-2025-versin-completa,,2026-02-12
https://itch.io/blog/1365758/ratopia-2025-crackeado-download,,2026-02-12
https://itch.io/blog/1365759/adobe-capture-2026-crack-crack-free-download-pc,,2026-02-12
https://netovoxel.itch.io/voxel-ultimate-starter-pack-100-models-vol-1/devlog/1365760/-voxel-mega-world-builder-100-models-vol-1,,2026-02-12
https://itch.io/blog/1365761/im-on-observation-duty-8-2026-pc,,2026-02-12
https://itch.io/blog/1365762/bloomtown-a-different-story-2026-pc,,2026-02-12
https://itch.io/blog/1365763/carrion-2020-verso-completa-grtis,,2026-02-12
https://itch.io/blog/1365764/carrion-2020-descargar-gratis-portable,,2026-02-12
https://itch.io/blog/1365765/bloomtown-a-different-story-2024-download-grtis,,2026-02-12
https://itch.io/blog/1365766/connect-full-version-free-crack-download-2026,,2026-02-12
https://itch.io/blog/1365767/bloomtown-a-different-story-2024-descargar-gratis,,2026-02-12
https://gridpixels.itch.io/project-gilden/devlog/1365768/devlog-1-project-gilden,,2026-02-12
https://itch.io/blog/1365769/castlevania-dominus-collection-2026-,,2026-02-12
https://itch.io/blog/1365770/download-dps-learn-crack-free-free-patch-download,,2026-02-12
https://itch.io/blog/1365771/baixar-hello-neighbor-2-2022-grtis-pc,,2026-02-12
https://itch.io/blog/1365772/the-battle-of-polytopia-dl-2026,,2026-02-12
https://itch.io/blog/1365773/hello-neighbor-2-2022-versin-completa-gratis,,2026-02-12
https://itch.io/blog/1365774/the-battle-of-polytopia-2020-verso-completa-grtis,,2026-02-12
https://itch.io/blog/1365775/the-battle-of-polytopia-2020-descargar-para-pc-gratis-sin-instalacin,,2026-02-12
https://itch.io/blog/1365776/fill-sign-dc-crack-2026-free-crack-download,,2026-02-12
https://itch.io/blog/1365777/metro-last-light-redux-2026-,,2026-02-12
https://itch.io/blog/1365778/outlast-2-2017-crackeado-download-verso-completa,,2026-02-12
https://itch.io/blog/1365779/outlast-2-2017-descargar-para-pc-gratis-sin-instalacin,,2026-02-12
https://itch.io/blog/1365780/bento-blocks-2026-,,2026-02-12
https://itch.io/blog/1365781/bento-blocks-2026-baixar-pc-grtis,,2026-02-12
https://itch.io/blog/1365782/bento-blocks-descargar-para-pc-gratis-2026-crackeado,,2026-02-12
https://itch.io/blog/1365783/fresco-free-crack-cracked-version-free-2026,,2026-02-12
https://itch.io/blog/1365784/roblox-taxi-boss-scripts-no-key-february-2026-2026-script-free,,2026-02-12
https://itch.io/blog/1365785/carrion-2026-,,2026-02-12
https://itch.io/blog/1365786/illustrator-draw-free-crack-cracked-version-free-2026,,2026-02-12
https://itch.io/blog/1365787/baixar-a-game-about-digging-a-hole-2025-grtis-pc,,2026-02-12
https://itch.io/blog/1365788/a-game-about-digging-a-hole-descargar-para-pc-gratis-2025,,2026-02-12
https://itch.io/blog/1365789/counterfeit-tycoon-scripts-no-key-february-2026-2026-free-roblox-,,2026-02-12
https://itch.io/blog/1365790/discounty-2026-,,2026-02-12
https://itch.io/blog/1365791/baixar-discounty-2025-grtis-pc,,2026-02-12
https://itch.io/blog/1365792/descargar-discounty-2025-gratis-pc,,2026-02-12
https://itch.io/blog/1365793/photoshop-camera-free-crack-cracked-version-free-2026,,2026-02-12
https://itch.io/blog/1365794/hello-neighbor-2-pc-2026-,,2026-02-12
https://summertheseal.itch.io/crapshot/devlog/1365795/alpha-1-3,,2026-02-12
https://itch.io/blog/1365796/blox-fruits-scripts-no-key-february-2026-2026-free-script-,,2026-02-12
https://itch.io/blog/1365797/baixar-carimara-beneath-the-forlorn-limbs-2025-grtis-pc,,2026-02-12
https://itch.io/blog/1365798/carimara-beneath-the-forlorn-limbs-2025-descargar-para-pc-gratis-portable,,2026-02-12
https://itch.io/blog/1365799/-dl-2026,,2026-02-12
https://itch.io/blog/1365800/download-photoshop-fix-crack-free-crack-free-download-pc,,2026-02-12
https://itch.io/blog/1365801/dragon-quest-builders-2-2019-baixar-pc-grtis,,2026-02-12
https://itch.io/blog/1365802/dragon-quest-builders-2-2019-descarga-directa-gratis,,2026-02-12
https://itch.io/blog/1365803/free-jailbreak-scripts-no-key-february-2026-download-2026-roblox-script,,2026-02-12
https://itch.io/blog/1365804/outlast-22026-pc-,,2026-02-12
https://itch.io/blog/1365805/download-photoshop-mix-crack-free-free-patch-download,,2026-02-12
https://itch.io/blog/1365806/system-shock-2-25th-anniversary-remaster-2025-download-grtis,,2026-02-12
https://itch.io/blog/1365807/descargar-system-shock-2-25th-anniversary-remaster-2025-gratis-pc,,2026-02-12
https://itch.io/blog/1365808/rival-stars-horse-racing-desktop-edition-2026-dl,,2026-02-12
https://itch.io/blog/1365809/roblox-arsenal-scripts-no-key-february-2026-2026-download-pc-free,,2026-02-12
https://itch.io/blog/1365810/rival-stars-horse-racing-desktop-edition-2020-baixar-grtis-pc,,2026-02-12
https://itch.io/blog/1365811/rival-stars-horse-racing-desktop-edition-2020-descarga-directa-gratis,,2026-02-12
https://itch.io/blog/1365812/photoshop-sketch-full-version-free-crack-download-2026,,2026-02-12
https://itch.io/blog/1365813/a-game-about-digging-a-hole-2026-,,2026-02-12
https://itch.io/blog/1365814/free-adopt-me-scripts-no-key-february-2026-download-2026-roblox-script,,2026-02-12
https://itch.io/blog/1365815/baixar-baby-steps-2025-grtis-pc,,2026-02-12
https://itch.io/blog/1365816/baby-steps-2025-descargar-para-pc-gratis,,2026-02-12
https://itch.io/blog/1365818/prelude-live-logger-free-crack-free-crack-download-2026,,2026-02-12
https://itch.io/blog/1365819/before-your-eyes2026-,,2026-02-12
https://itch.io/blog/1365820/before-your-eyes-2021-descargar-para-pc-gratis,,2026-02-12
https://itch.io/blog/1365821/before-your-eyes-2021-crackeado-download,,2026-02-12
https://itch.io/blog/1365822/zinequest-kickstarter-live-runes-in-ruin,,2026-02-12
https://itch.io/blog/1365823/free-doors-scripts-no-key-february-2026-download-2026-roblox-script,,2026-02-12
https://itch.io/blog/1365824/carimara-beneath-the-forlorn-limbs-2026,,2026-02-12
https://itch.io/blog/1365825/scan-crack-2026-free-patch-download,,2026-02-12
https://itch.io/blog/1365826/decktamer-2025-baixar-pc-grtis,,2026-02-12
https://itch.io/blog/1365827/decktamer-2025-descarga-gratuita-pc,,2026-02-12
https://itch.io/blog/1365828/the-last-campfire-2026-,,2026-02-12
https://itch.io/blog/1365829/the-last-campfire-2021-descargar-gratis-repack,,2026-02-12
https://itch.io/blog/1365830/the-last-campfire-2021-verso-completa-grtis-porttil,,2026-02-12
https://itch.io/blog/1365831/tower-of-hell-scripts-no-key-february-2026-2026-free-roblox-,,2026-02-12
https://itch.io/blog/1365832/download-spark-page-crack-free-crack-free-download-pc,,2026-02-12
https://itch.io/blog/1365833/system-shock-2-25th-anniversary-remaster-dl-2026,,2026-02-12
https://tarotdabun.itch.io/mimicry-2d-game/devlog/1365834/update-100,,2026-02-12
https://itch.io/blog/1365835/silent-breath-2024-download-grtis,,2026-02-12
https://hoolstudio.itch.io/silk-and-shadows/devlog/1365837/version-02-is-live,,2026-02-12
https://itch.io/blog/1365838/descargar-silent-breath-2024-gratis-pc,,2026-02-12
https://itch.io/blog/1365839/creative-cloud-express-free-crack-free-patch-download-2026,,2026-02-12
https://itch.io/blog/1365840/roblox-shindo-life-scripts-no-key-february-2026-2026-free-download-pc,,2026-02-12
https://itch.io/blog/1365841/saturn-esp-max-fortnite-external-cheat-2026-download-pc-,,2026-02-12
https://itch.io/blog/1365842/the-plucky-squire-2026-,,2026-02-12
https://itch.io/blog/1365843/descargar-el-escudero-valiente-2024-gratis-pc,,2026-02-12
https://itch.io/blog/1365844/o-escudeiro-valente-crackeado-download-2024,,2026-02-12
https://itch.io/blog/1365845/baby-steps-2026-dl,,2026-02-12
https://itch.io/blog/1365846/spark-video-free-crack-crack-free-download-pc-2026,,2026-02-12
https://itch.io/blog/1365847/bedwars-scripts-no-key-february-2026-2026-free-download-pc,,2026-02-12
https://itch.io/blog/1365848/asteroid-esp-external-cheat-2026-download-pc-free,,2026-02-12
https://itch.io/blog/1365849/lunacid-download-grtis-2023,,2026-02-12
https://itch.io/blog/1365850/lunacid-descarga-directa-gratis-2023,,2026-02-12
https://itch.io/blog/1365852/cozy-grove-2026,,2026-02-12
https://itch.io/blog/1365853/project-indigo-crack-2026-free-patch-download,,2026-02-12
https://itch.io/blog/1365854/shindo-life-scripts-no-key-june-2026-2026-free-download-roblox-script,,2026-02-12
https://itch.io/blog/1365855/phantom-cheat-ai-fortnite-external-2026-ext,,2026-02-12
https://itch.io/blog/1365856/photoshopfamily-crack-2026-free-crack-download,,2026-02-12
https://itch.io/blog/1365857/quantum-aimbot-vr-fortnite-external-cheat-2026-free-fortnit,,2026-02-12
https://itch.io/blog/1365858/roblox-doors-scripts-key-system-december-2026-2026-script-free,,2026-02-12
https://itch.io/blog/1365859/camera-raw-2026-crack-free-crack-download,,2026-02-12
https://itch.io/blog/1365860/free-racing-scripts-working-october-2026-download-2026-pc,,2026-02-12
https://itch.io/blog/1365861/griffin-aimbot-plus-fortnite-external-cheat-2026-free-externa,,2026-02-12
https://erocondo.itch.io/game/devlog/1365862/v121-updated,,2026-02-12
https://bubblesandbabes.itch.io/bubblesandbabes/devlog/1365863/014-released-on-subscribestar-and-reamstories,,2026-02-12
https://itch.io/blog/1365864/dng-converter-2026-crack-download-full-version-free,,2026-02-12
https://itch.io/blog/1365865/griffin-aimbot-neo-external-cheat-2026-free-download-pc,,2026-02-12
https://itch.io/blog/1365866/counterfeit-tycoon-scripts-free-download-july-2026-2026-pc-,,2026-02-12
https://itch.io/blog/1365867/download-dng-profile-editor-crack-free-cracked-version-free,,2026-02-12
https://itch.io/blog/1365868/matrix-aimbot-external-cheat-2026-free-fortnite-download-no-virus,,2026-02-12
https://itch.io/blog/1365869/work-at-a-pizza-place-scripts-key-system-june-2026-2026-free-roblox-,,2026-02-12
https://itch.io/blog/1365870/lens-profile-creator-2026-crack-crack-free-download-pc,,2026-02-12
https://itch.io/blog/1365871/paradox-cheat-ai-fortnite-external-2026-free-externa,,2026-02-12
https://gbgamesllc.itch.io/toytles-leaf-raking/devlog/1365872/get-toytles-leaf-raking-and-fight-authoritarianism-at-the-same-time,,2026-02-12
https://itch.io/blog/1365873/post,,2026-02-12
https://itch.io/blog/1365874/pet-simulator-scripts-no-key-january-2026-2026-roblox-scrip,,2026-02-12
https://itch.io/blog/1365875/download-lightroom-crack-free-free-patch-download,,2026-02-12
https://itch.io/blog/1365877/samurai-cheat-free-fortnite-external-v473,,2026-02-12
https://itch.io/blog/1365878/shindo-life-scripts-no-key-january-2026-2026-free-script-,,2026-02-12
https://itch.io/blog/1365879/photoshop-full-version-download-full-version-free-2026,,2026-02-12
https://itch.io/blog/1365880/paradox-cheat-plus-fortnite-external-2026-ext,,2026-02-12
https://itch.io/blog/1365881/photoshop-elements-free-crack-cracked-version-free-2026,,2026-02-12
https://itch.io/blog/1365882/free-adopt-me-scripts-key-system-april-2026-download-2026-pc,,2026-02-12
https://itch.io/blog/1365883/spectrum-hack-ai-external-cheat-2026-download-pc-free,,2026-02-12
https://itch.io/blog/1365884/download-photoshop-elements-organizer-crack-free-free-crack-download,,2026-02-12
https://itch.io/blog/1365885/royale-high-scripts-free-download-december-2026-2026-pc-,,2026-02-12
https://itch.io/blog/1365886/blackhole-aimbot-external-cheat-2026-fortnite-free-no-virus,,2026-02-12
https://ceeper44.itch.io/deception/devlog/1365887/version-012,,2026-02-12
https://itch.io/blog/1365888/photoshop-express-2026-crack-cracked-version-free,,2026-02-12
https://itch.io/blog/1365889/jailbreak-scripts-undetected-may-2026-2026-free-download-pc,,2026-02-12
https://albertfreeman.itch.io/alberts-pro-rally/devlog/1365890/alberts-pro-rally-prototype-v31,,2026-02-12
https://itch.io/blog/1365891/galaxy-cheat-external-fortnite-2026-ext,,2026-02-12
https://itch.io/blog/1365892/technical-communication-suitefamily-full-version-crack-free-download-pc-2026,,2026-02-12
https://itch.io/blog/1365893/natural-disaster-scripts-free-download-may-2026-2026-roblox-scrip,,2026-02-12
https://tinge.itch.io/light-of-ko/devlog/1365894/101,,2026-02-12
https://itch.io/blog/1365895/captivate-crack-2026-cracked-version-free,,2026-02-12
https://itch.io/blog/1365896/solar-hack-external-fortnite-cheat-2026-ext,,2026-02-12
https://itch.io/blog/1365897/jailbreak-scripts-free-download-january-2026-2026-downloa,,2026-02-12
https://itch.io/blog/1365898/download-framemaker-crack-free-crack-free-download-pc,,2026-02-12
https://itch.io/blog/1365899/cyberspace-esp-fortnite-external-cheat-2026-free,,2026-02-12
https://itch.io/blog/1365900/removed-the-games-off-the-steam-store-but-theyre-all-free-on-my-itch-page,,2026-02-12
https://itch.io/blog/1365901/work-at-a-pizza-place-scripts-undetected-may-2026-2026-free-downloa,,2026-02-12
https://itch.io/blog/1365902/framemaker-publishing-server-full-version-crack-free-download-pc-2026,,2026-02-12
https://itch.io/blog/1365903/download-phoenix-cheat-premium-fortnite-external-free-2026-latest-version,,2026-02-12
https://itch.io/blog/1365904/royale-high-scripts-undetected-march-2026-2026-free-roblox-,,2026-02-12
https://itch.io/blog/1365905/presenter-free-crack-free-patch-download-2026,,2026-02-12
https://itch.io/blog/1365906/stealth-hack-max-external-cheat-2026-download-pc-free,,2026-02-12
https://itch.io/blog/1365907/brookhaven-scripts-undetected-may-2026-2026-free-script-,,2026-02-12
https://itch.io/blog/1365908/presenter-video-express-free-crack-crack-free-download-pc-2026,,2026-02-12
https://itch.io/blog/1365909/stellar-esp-external-fortnite-cheat-2026-free-fortnit,,2026-02-12
https://itch.io/blog/1365910/robohelp-full-version-free-crack-download-2026,,2026-02-12
https://itch.io/blog/1365911/arsenal-scripts-free-download-february-2026-2026-script-,,2026-02-12
https://vindaus.itch.io/crashmoney/devlog/1365912/update-101,,2026-02-12
https://itch.io/blog/1365913/asteroid-esp-fortnite-external-cheat-2026-free-externa,,2026-02-12
https://itch.io/blog/1365914/robohelp-classic-2026-crack-cracked-version-free,,2026-02-12
https://itch.io/blog/1365915/murder-mystery-scripts-working-june-2026-2026-free-download-pc,,2026-02-12
https://itch.io/blog/1365916/fortnite-neural-hack-ultra-external-cheat-v492-free-download-pc,,2026-02-12
https://itch.io/blog/1365917/robohelp-server-2026-crack-crack-free-download-pc,,2026-02-12
https://itch.io/blog/1365918/work-at-a-pizza-place-scripts-undetected-august-2026-2026-roblox-scrip,,2026-02-12
https://itch.io/blog/1365919/fortnite-aether-cheat-external-v123-free-download-no-ban,,2026-02-12
https://itch.io/blog/1365920/premierefamily-2026-crack-download-full-version-free,,2026-02-12
https://itch.io/blog/1365921/counterfeit-tycoon-scripts-working-february-2026-2026-download-pc-,,2026-02-12
https://itch.io/blog/1365922/dragon-external-plus-cheat-2026-free-download,,2026-02-12
https://itch.io/blog/1365923/premiere-elements-free-crack-free-crack-download-2026,,2026-02-12
https://itch.io/blog/1365924/work-at-a-pizza-place-scripts-no-key-march-2026-2026-roblox-scrip,,2026-02-12
https://itch.io/blog/1365925/premiere-pro-crack-2026-crack-free-download-pc,,2026-02-12
https://itch.io/blog/1365926/meteor-cheat-pro-external-2026-fortnite-free,,2026-02-12
https://hornyunion.itch.io/horny-union/devlog/1365928/v012-is-live-for-all-patrons-shegos-here-,,2026-02-12
https://itch.io/blog/1365930/royale-high-scripts-key-system-march-2026-2026-download-pc-,,2026-02-12
https://itch.io/blog/1365931/premiere-rush-full-version-cracked-version-free-2026,,2026-02-12
https://itch.io/blog/1365932/pulsar-external-plus-fortnite-cheat-2026-free-externa,,2026-02-12
https://itch.io/blog/1365933/work-at-a-pizza-place-scripts-no-key-august-2026-2026-download-pc-,,2026-02-12
https://itch.io/blog/1365934/typefamily-free-crack-free-patch-download-2026,,2026-02-12
https://itch.io/blog/1365935/stellar-esp-vr-fortnite-external-cheat-2026-che,,2026-02-12
https://proxid.itch.io/farmer-defense/devlog/1365936/play-in-browser,,2026-02-12
https://itch.io/blog/1365937/arsenal-scripts-key-system-july-2026-2026-roblox-script-free-download-pc,,2026-02-12
https://itch.io/blog/1365938/download-font-development-kit-for-opentype-crack-free-download-full-version-free,,2026-02-12
https://itch.io/blog/1365939/download-blackhole-aimbot-vr-fortnite-external-cheat-free-2026,,2026-02-12
https://yxg-dodocat.itch.io/war-chess-east-west-conflict/devlog/1365940/wac-development-blog20260210-improved-graphic,,2026-02-12
https://binary-star-games.itch.io/null-space/devlog/1365941/cascade-failure-is-now-available,,2026-02-12
https://itch.io/blog/1365942/fighting-simulator-scripts-free-download-february-2026-2026-pc-,,2026-02-12
https://itch.io/blog/1365943/font-folio-2026-crack-cracked-version-free,,2026-02-12
https://itch.io/blog/1365944/uranus-hack-external-fortnite-cheat-2026-free-download,,2026-02-12
https://tygodev.itch.io/gemlings/devlog/1365945/save-game-bug-fix,,2026-02-12
https://ludus-pax-studio.itch.io/rusty-hammer/devlog/1365946/demo-available-again,,2026-02-12
https://itch.io/blog/1365947/arsenal-scripts-no-key-september-2026-2026-free-script-,,2026-02-12
https://pixelestialgames.itch.io/arena-myachikov/devlog/1365948/-120-,,2026-02-12
https://itch.io/blog/1365949/fontsformerlytypekit-2026-crack-cracked-version-free,,2026-02-12
https://itch.io/blog/1365950/pluto-external-cheat-2026-download-pc-free-full-version,,2026-02-12
https://samasgari.itch.io/gjerdingsaeterkvadet/devlog/1365951/hvdng-kalmar-nrmer-seg-med-stormskritt,,2026-02-12
https://itch.io/blog/1365952/creative-cloudfamily-crack-2026-download-full-version-free,,2026-02-12
https://itch.io/blog/1365953/shindo-life-scripts-free-download-january-2026-2026-script-,,2026-02-12
https://itch.io/blog/1365954/leviathan-aimbot-vr-fortnite-external-cheat-2026-ext,,2026-02-12
https://jaybe-games.itch.io/automatic-anime-lipsync-plugin-for-renpy/devlog/1365955/v20-finally-arrived,,2026-02-12
https://itch.io/blog/1365956/aero-free-crack-free-crack-download-2026,,2026-02-12
https://24m2studio.itch.io/black-zen-white-demo/devlog/1365957/2-player-co-op-and-french-translation-in-demo-update-152,,2026-02-12
https://itch.io/blog/1365959/natural-disaster-scripts-no-key-june-2026-2026-roblox-scrip,,2026-02-12
https://itch.io/blog/1365960/phoenix-cheat-neo-fortnite-external-2026-download-pc-free,,2026-02-12
https://itch.io/blog/1365961/after-effects-full-version-download-full-version-free-2026,,2026-02-12
https://itch.io/blog/1365963/pet-simulator-scripts-undetected-april-2026-2026-roblox-scrip,,2026-02-12
https://vincere-studio.itch.io/red-ops-the-first-infection/devlog/1365964/red-ops-side-story-available-now-,,2026-02-12
https://itch.io/blog/1365965/saturn-esp-vr-fortnite-external-cheat-2026-free-fortnit,,2026-02-12
https://jcd748.itch.io/shadow-of-the-wyrm/devlog/1365966/v1912-apothecary-fix,,2026-02-12
https://itch.io/blog/1365967/download-animate-crack-free-free-crack-download,,2026-02-12
https://danielstudio.itch.io/themidnightmandemo/devlog/1365968/devlog-main-menu-visual-polish,,2026-02-12
https://itch.io/blog/1365969/fighting-simulator-scripts-free-download-february-2026-2026-script-,,2026-02-12
https://itch.io/blog/1365970/solar-hack-max-external-cheat-2026-free-download,,2026-02-12
https://itch.io/blog/1365971/audition-free-crack-cracked-version-free-2026,,2026-02-12
https://rittermod.itch.io/fs25-fresh/devlog/1365972/v0900-redo-settings-and-more,,2026-02-12
https://itch.io/blog/1365973/work-at-a-pizza-place-scripts-free-download-march-2026-2026-roblox-,,2026-02-12
https://itch.io/blog/1365974/stellar-esp-premium-fortnite-external-cheat-2026-che,,2026-02-12
https://purplehat-productions.itch.io/re-education/devlog/1365975/re-education-071-nagu-12-progress-report-1,,2026-02-12
https://itch.io/blog/1365976/behance-2026-crack-free-patch-download,,2026-02-12
https://itch.io/blog/1365977/brookhaven-scripts-undetected-september-2026-2026-free-script-,,2026-02-12
https://3dgoblindev.itch.io/ludus-fatidicus-tarot-duels-pnp/devlog/1365978/ludus-fatidicus-duelos-de-tarot-print-play,,2026-02-12
https://itch.io/blog/1365979/phoenix-cheat-max-external-2026-fortnite-free,,2026-02-12
https://itch.io/blog/1365980/bridge-2026-crack-free-crack-download,,2026-02-12
https://3dgoblindev.itch.io/ludus-fatidicus-tarot-duels-pnp/devlog/1365981/ludus-fatidicus-tarot-duels-print-play,,2026-02-12
https://itch.io/blog/1365982/shindo-life-scripts-undetected-september-2026-2026-free-downloa,,2026-02-12
https://itch.io/blog/1365983/character-animator-crack-2026-free-crack-download,,2026-02-12
https://itch.io/blog/1365984/stellar-esp-ai-fortnite-external-cheat-2026-che,,2026-02-12
https://mikigamer888.itch.io/no-name-yet/devlog/1365985/android,,2026-02-12
https://yurukusa.itch.io/azure-flame-dungeon/devlog/1365986/devlog-1-azure-flame-is-live,,2026-02-12
https://itch.io/blog/1365987/color-formerlykuler-free-crack-free-patch-download-2026,,2026-02-12
https://itch.io/blog/1365988/roblox-shindo-life-scripts-no-key-february-2026-2026-script-free,,2026-02-12
https://itch.io/blog/1365989/quantum-aimbot-hd-fortnite-external-cheat-2026-free-externa,,2026-02-12
https://itch.io/blog/1365990/creative-cloud-crack-2026-download-full-version-free,,2026-02-12
https://itch.io/blog/1365991/work-at-a-pizza-place-scripts-no-key-november-2026-2026-free-downloa,,2026-02-12
https://itch.io/blog/1365992/kraken-esp-vr-fortnite-external-cheat-2026-free-fortnit,,2026-02-12
https://funny-dog-dev.itch.io/cave-adventure/devlog/1365993/fixed-some-bugs,,2026-02-12
https://panosroz.itch.io/bob-the-necromancer/devlog/1365994/main-menu-and-controls,,2026-02-12
https://itch.io/blog/1365995/dimension-crack-2026-free-patch-download,,2026-02-12
https://itch.io/blog/1365996/arsenal-scripts-working-august-2026-2026-free-roblox-script,,2026-02-12
https://itch.io/blog/1365997/supernova-esp-neo-fortnite-external-cheat-v946-free-download,,2026-02-12
https://big-rickclause.itch.io/how-to-walk-with-a-gorilla/devlog/1365998/how-to-walk-with-a-gorilla-is-out,,2026-02-12
https://izan16.itch.io/sands-breath/devlog/1365999/fixed-a-couple-of-bugs-and-added-another-version-for-low-spec-devices,,2026-02-12
https://itch.io/blog/1366000/dreamweaver-free-crack-free-crack-download-2026,,2026-02-12
https://goldangelcorp.itch.io/circuit-deity/devlog/1366001/download-again,,2026-02-12
https://itch.io/blog/1366002/fighting-simulator-scripts-free-download-september-2026-2026-roblox-scrip,,2026-02-12
https://ludus-pax-studio.itch.io/tiny-terra-spaces/devlog/1366003/tiny-terra-spaces-demo-and-kickstarter-campaign-take-2,,2026-02-12
https://itch.io/blog/1366004/paradox-cheat-plus-fortnite-external-2026-free-fortnit,,2026-02-12
https://itch.io/blog/1366005/dynamic-link-full-version-cracked-version-free-2026,,2026-02-12
https://itch.io/blog/1366006/shindo-life-scripts-undetected-august-2026-2026-roblox-scrip,,2026-02-12
https://itch.io/blog/1366007/solar-hack-hd-external-cheat-2026-download-pc-free,,2026-02-12
https://itch.io/blog/1366008/download-bits-bops-2025-no-install,,2026-02-12
https://itch.io/blog/1366009/extendscript-toolkit-crack-2026-cracked-version-free,,2026-02-12
https://itch.io/blog/1366010/1100-followers-on-itch,,2026-02-12
https://itch.io/blog/1366011/bits-bops-2025-verso-completa-grtis,,2026-02-12
https://itch.io/blog/1366012/fighting-simulator-scripts-key-system-june-2026-2026-free-script-,,2026-02-12
https://itch.io/blog/1366013/-2026-dl,,2026-02-12
https://itch.io/blog/1366014/bits-bops-2025-descargar-gratis,,2026-02-12
https://ewat-ok.itch.io/flarvat/devlog/1366015/03-awesome-update,,2026-02-12
https://itch.io/blog/1366016/leviathan-aimbot-ultra-fortnite-external-cheat-2026-free-externa,,2026-02-12
https://itch.io/blog/1366017/dungeoncraft-6-why-floor-transitions-matter-and-tour-on-the-next-floor,,2026-02-12
https://itch.io/blog/1366018/download-express-crack-free-download-full-version-free,,2026-02-12
https://itch.io/blog/1366019/plants-vs-zombies-replanted-2025-pc-download-license,,2026-02-12
https://itch.io/blog/1366020/anime-fighters-scripts-working-july-2026-2026-roblox-scrip,,2026-02-12
https://itch.io/blog/1366021/illustrator-free-crack-free-crack-download-2026,,2026-02-12
https://itch.io/blog/1366022/download-shadow-esp-vr-fortnite-external-cheat-free-2026,,2026-02-12
https://itch.io/blog/1366023/plants-vs-zombies-replanted-baixar-grtis-pc-2025-verso-completa,,2026-02-12
https://itch.io/blog/1366024/download-plateup-2022-cracked,,2026-02-12
https://itch.io/blog/1366025/plants-vs-zombies-2026-,,2026-02-12
https://itch.io/blog/1366026/plants-vs-zombies-trasplantado-2025-descargar-gratis,,2026-02-12
https://itch.io/blog/1366027/incopy-crack-2026-free-patch-download,,2026-02-12
https://cowboy-starshine.itch.io/3-4-spell-swap/devlog/1366028/34-spell-swap-extra-notes,,2026-02-12
https://itch.io/blog/1366029/download-bedwars-scripts-free-may-2026-2026-roblox-script,,2026-02-12
https://itch.io/blog/1366030/meteor-cheat-max-external-2026-download-pc-free,,2026-02-12
https://daoimmerser.itch.io/dao-ascension/devlog/1366031/9th-public-rewrite-update,,2026-02-12
https://itch.io/blog/1366032/overcooked-2016-repack-download-gog,,2026-02-12
https://itch.io/blog/1366033/resident-evil-2-cracked-download-2019,,2026-02-12
https://itch.io/blog/1366034/plateup-download-grtis-2022-crackeado,,2026-02-12
https://itch.io/blog/1366035/rimworld-2018-repack-download,,2026-02-12
https://itch.io/blog/1366036/descargar-plateup-2022-gratis-pc,,2026-02-12
https://itch.io/blog/1366037/-2026-,,2026-02-12
https://itch.io/blog/1366038/indesign-2026-crack-free-patch-download,,2026-02-12
https://itch.io/blog/1366039/biohazard-re22026-dl,,2026-02-12
https://itch.io/blog/1366040/baixar-resident-evil-2-2019-grtis-pc,,2026-02-12
https://itch.io/blog/1366041/titan-esp-hd-external-cheat-2026-download-pc-free-working-2026,,2026-02-12
https://itch.io/blog/1366042/resident-evil-2-descarga-directa-gratis-2019,,2026-02-12
https://nexis717.itch.io/tessara/devlog/1366043/tessara-is-live,,2026-02-12
https://itch.io/blog/1366044/the-chefs-shift-2025-portable-download,,2026-02-12
https://itch.io/blog/1366045/mortal-kombat-x-2015-direct-download,,2026-02-12
https://itch.io/blog/1366046/factorio-2020-pc-download,,2026-02-12
https://itch.io/blog/1366047/lightroom-classic-full-version-cracked-version-free-2026,,2026-02-12
https://itch.io/blog/1366048/overcooked-2016-verso-completa-grtis-porttil,,2026-02-12
https://itch.io/blog/1366049/neptune-esp-ultra-external-cheat-2026-free-download-no-virus,,2026-02-12
https://itch.io/blog/1366050/overcooked-2016-versin-completa-gratis,,2026-02-12
https://itch.io/blog/1366051/mortal-kombat-x-2026-pc,,2026-02-12
https://itch.io/blog/1366052/overcooked-2026-dl,,2026-02-12
https://itch.io/blog/1366053/mortal-kombat-x-crackeado-download-2015-verso-completa,,2026-02-12
https://itch.io/blog/1366054/record-of-lodoss-war-deedlit-in-wonder-labyrinth-torrent-download-2021,,2026-02-12
https://itch.io/blog/1366055/download-gone-fishing-2025-portable,,2026-02-12
https://itch.io/blog/1366056/age-of-empires-ii-definitive-edition-2019-no-install,,2026-02-12
https://itch.io/blog/1366057/media-encoder-full-version-free-crack-download-2026,,2026-02-12
https://itch.io/blog/1366058/mortal-kombat-x-2015-descarga-directa-gratis,,2026-02-12
https://sirizchai.itch.io/ymdm-demo/devlog/1366059/300-downloads,,2026-02-12
https://itch.io/blog/1366060/fortnite-galaxy-cheat-external-alpha-v293-free-download,,2026-02-12
https://itch.io/blog/1366061/the-chefs-shift-2025-verso-completa-grtis,,2026-02-12
https://itch.io/blog/1366062/v-lover-v109,,2026-02-12
https://itch.io/blog/1366063/the-chefs-shift-2025-descarga-directa-gratis,,2026-02-12
https://itch.io/blog/1366064/spore-creepy-cute-parts-pack-2008-full-version-download,,2026-02-12
https://itch.io/blog/1366065/five-nights-at-freddys-security-breach-2021-cracked-download-all-dlc,,2026-02-12
https://itch.io/blog/1366066/portfolio-free-crack-download-full-version-free-2026,,2026-02-12
https://itch.io/blog/1366067/gone-fishing-2026-,,2026-02-12
https://itch.io/blog/1366068/the-chefs-shift2026-dl,,2026-02-12
https://itch.io/blog/1366069/metal-gear-metal-gear-2-solid-snake-2023-full-version-download-updated,,2026-02-12
https://itch.io/blog/1366070/gone-fishing-2025-baixar-grtis-pc,,2026-02-12
https://itch.io/blog/1366071/solar-hack-plus-external-cheat-2026-fortnite-free,,2026-02-12
https://itch.io/blog/1366072/gone-fishing-2025-versin-completa-gratis,,2026-02-12
https://itch.io/blog/1366073/stock-2026-crack-free-crack-download,,2026-02-12
https://itch.io/blog/1366074/100-orange-juice-2013-torrent-download,,2026-02-12
https://itch.io/blog/1366075/blasphemous-2019-portable-download-updated,,2026-02-12
https://itch.io/blog/1366076/bendy-and-the-ink-machine-2017-crackeado-download,,2026-02-12
https://itch.io/blog/1366077/slay-the-spire-pc-download-2019,,2026-02-12
https://itch.io/blog/1366078/bendy-and-the-ink-machine-2017-descargar-para-pc-gratis,,2026-02-12
https://itch.io/blog/1366079/download-mars-cheat-ai-fortnite-external-free-2026,,2026-02-12
https://itch.io/blog/1366080/blasphemous-2026-,,2026-02-12
https://afinndev.itch.io/the-computer-under-the-world-demo/devlog/1366081/demo-completed,,2026-02-12
https://itch.io/blog/1366082/bendy-and-the-ink-machine-2026-pc,,2026-02-12
https://itch.io/blog/1366083/five-nights-at-freddys-security-breach-2021-baixar-pc-grtis,,2026-02-12
https://aerithelion.itch.io/your-friend-sam/devlog/1366084/your-friend-sam-demo-release,,2026-02-12
https://itch.io/blog/1366085/substance-3d-family-crack-2026-download-full-version-free,,2026-02-12
https://itch.io/blog/1366086/skul-the-hero-slayer-cracked-download-2021,,2026-02-12
https://itch.io/blog/1366087/five-nights-at-freddys-security-breach-2021-versin-completa-gratis,,2026-02-12
https://itch.io/blog/1366088/bigfoot-2017-free-download,,2026-02-12
https://itch.io/blog/1366089/dwarves-glory-death-and-loot-2026-full-version-download,,2026-02-12
https://itch.io/blog/1366090/stellar-esp-max-external-cheat-2026-fortnite-free,,2026-02-12
https://itch.io/blog/1366091/baixar-unravel-2016-grtis-pc,,2026-02-12
https://itch.io/blog/1366092/unravel-2016-descargar-gratis,,2026-02-12
https://itch.io/blog/1366093/download-substance-3d-designer-crack-free-download-full-version-free,,2026-02-12
https://itch.io/blog/1366094/bigfoot-2026-,,2026-02-12
https://itch.io/blog/1366095/unravel-2026-,,2026-02-12
https://itch.io/blog/1366096/baixar-blasphemous-2019-grtis-pc,,2026-02-12
https://itch.io/blog/1366097/big-hops-2026-full-version-download,,2026-02-12
https://itch.io/blog/1366098/resident-evil-2015-repack-download,,2026-02-12
https://itch.io/blog/1366099/prison-architect-cracked-download-2015,,2026-02-12
https://itch.io/blog/1366100/aether-cheat-ai-fortnite-external-2026-ext,,2026-02-12
https://itch.io/blog/1366101/blasphemous-2019-descarga-gratuita-pc-repack,,2026-02-12
https://itch.io/blog/1366102/substance-3d-modeler-free-crack-cracked-version-free-2026,,2026-02-12
https://heckeldev.itch.io/birdie/devlog/1366103/shipped,,2026-02-12
https://itch.io/blog/1366104/record-of-lodoss-war-deedlit-in-wonder-labyrinth-2021-baixar-grtis-pc,,2026-02-12
https://itch.io/blog/1366105/download-to-the-moon-2011-torrent,,2026-02-12
https://itch.io/blog/1366106/blood-typers-2025-pc-download-gog,,2026-02-12
https://itch.io/blog/1366107/record-of-lodoss-war-deedlit-in-wonder-labyrinth-2021-descarga-directa-gratis,,2026-02-12
https://itch.io/blog/1366108/biohazard-hd-remaster-2026-,,2026-02-12
https://itch.io/blog/1366109/brotato-2023-repack-download,,2026-02-12
https://itch.io/blog/1366110/2026-,,2026-02-12
https://itch.io/blog/1366111/baixar-bigfoot-2017-grtis-pc,,2026-02-12
https://itch.io/blog/1366112/download-substance-3d-painter-crack-free-crack-free-download-pc,,2026-02-12
https://itch.io/blog/1366113/bigfoot-descargar-gratis-2017-portable,,2026-02-12
https://itch.io/blog/1366114/outlast-2-cracked-download-2017-gog,,2026-02-12
https://itch.io/blog/1366115/biomutant-2021-direct-download-updated,,2026-02-12
https://itch.io/blog/1366116/barotrauma-free-download-2023,,2026-02-12
https://itch.io/blog/1366117/spore-creepy-cute-parts-pack-2008-verso-completa-grtis,,2026-02-12
https://itch.io/blog/1366118/substance-3d-sampler-full-version-crack-free-download-pc-2026,,2026-02-12
https://itch.io/blog/1366119/spore-creepy-cute-parts-pack-2008-descarga-gratuita-pc,,2026-02-12
https://itch.io/blog/1366120/blood-typers-dl-2026,,2026-02-12
https://itch.io/blog/1366121/spore-creepy-cute-parts-pack-2026-,,2026-02-12
https://itch.io/blog/1366122/resident-evil-2015-verso-completa-grtis-sem-instalao,,2026-02-12
https://itch.io/blog/1366123/urban-myth-dissolution-center-2025-cracked-download,,2026-02-12
https://itch.io/blog/1366124/lollipop-chainsaw-repop-2024-direct-download-multiplayer,,2026-02-12
https://itch.io/blog/1366125/resident-evil-2015-descargar-gratis,,2026-02-12
https://itch.io/blog/1366126/a-game-about-feeding-a-black-hole-2025-no-install-gog,,2026-02-12
https://itch.io/blog/1366127/download-substance-3d-stager-crack-free-free-patch-download,,2026-02-12
https://itch.io/blog/1366128/100-orange-juice-2013-baixar-grtis-pc-sem-instalao,,2026-02-12
https://great-potion-games.itch.io/wildsilver/devlog/1366129/wildsilver-release-date,,2026-02-12
https://itch.io/blog/1366130/100-orange-juice-2013-descargar-para-pc-gratis-sin-instalacin,,2026-02-12
https://itch.io/blog/1366131/panicore-2026-pc,,2026-02-12
https://itch.io/blog/1366132/100-2026-,,2026-02-12
https://itch.io/blog/1366133/oops-wheres-my-bikini-2025-full-version-download,,2026-02-12
https://itch.io/blog/1366134/sally-face-episode-one-2016-torrent-download-license,,2026-02-12
https://itch.io/blog/1366135/blood-typers-2025-baixar-grtis-pc-porttil,,2026-02-12
https://itch.io/blog/1366136/other-products-full-version-free-patch-download-2026,,2026-02-12
https://itch.io/blog/1366137/goblin-sushi-no-install-2026-all-dlc,,2026-02-12
https://kanteq.itch.io/golden-expedition/devlog/1366138/new-files-and-fix-bugs-,,2026-02-12
https://itch.io/blog/1366139/blood-typers-2025-descarga-gratuita-pc,,2026-02-12
https://itch.io/blog/1366140/baixar-skul-the-hero-slayer-2021-grtis-pc,,2026-02-12
https://itch.io/blog/1366141/download-brackets-crack-free-cracked-version-free,,2026-02-12
https://coffinbreakstudios.itch.io/stillframe/devlog/1366142/stillframe-devlog-v054-main-menu-build,,2026-02-12
https://itch.io/blog/1366143/the-last-campfire-2021-torrent-download-all-dlc,,2026-02-12
https://itch.io/blog/1366144/a-game-about-digging-a-hole-cracked-download-2025,,2026-02-12
https://itch.io/blog/1366145/news-tower-2025-full-version-download-updated,,2026-02-12
https://itch.io/blog/1366146/skul-the-hero-slayer-2021-versin-completa-gratis,,2026-02-12
https://itch.io/blog/1366147/-2026-dl,,2026-02-12
https://itch.io/blog/1366148/skul-the-hero-slayer2026-dl,,2026-02-12
https://itch.io/blog/1366149/panicore-baixar-pc-grtis-2024-repack,,2026-02-12
https://offwhite-studios.itch.io/serenia/devlog/1366150/v11b-update-renaming-and-respecing,,2026-02-12
https://psyche-games.itch.io/world-without-time/devlog/1366151/we-released-a-demo-of-our-game-on-steam,,2026-02-12
https://itch.io/blog/1366152/panicore-2024-descargar-gratis-crackeado,,2026-02-12
https://itch.io/blog/1366153/business-catalyst-full-version-download-full-version-free-2026,,2026-02-12
https://somka08.itch.io/witch-hunter-free/devlog/1366154/changelog-witch-hunter-026,,2026-02-12
https://itch.io/blog/1366155/spongebob-squarepants-the-cosmic-shake-2023-no-install,,2026-02-12
https://itch.io/blog/1366156/download-zombie-army-4-dead-war-2021-cracked,,2026-02-12
https://itch.io/blog/1366157/dragon-quest-xi-s-echoes-of-an-elusive-age-definitive-edition-2020-torrent-down,,2026-02-12
https://somka08.itch.io/witch-hunter/devlog/1366158/changelog-witch-hunter-026,,2026-02-12
https://itch.io/blog/1366159/big-hops-2026-baixar-pc-grtis,,2026-02-12
https://itch.io/blog/1366160/big-hops-2026-descarga-directa-gratis-sin-instalacin,,2026-02-12
https://itch.io/blog/1366161/sally-face-episode-one2026-,,2026-02-12
https://itch.io/blog/1366162/big-hops-2026-dl,,2026-02-12
https://itch.io/blog/1366163/urban-myth-dissolution-center-2025-baixar-grtis-pc,,2026-02-12
https://itch.io/blog/1366164/download-dragon-quest-monsters-the-dark-prince-2024-pc,,2026-02-12
https://itch.io/blog/1366165/download-plague-inc-evolved-2016-repack,,2026-02-12
https://fotrs-gaming.itch.io/ibss/devlog/1366166/first-early-access-release,,2026-02-12
https://itch.io/blog/1366167/bioshock-pc-download-2007,,2026-02-12
https://itch.io/blog/1366168/urban-myth-dissolution-center-2025-versin-completa-gratis,,2026-02-12
https://itch.io/blog/1366169/to-the-moon-2011-verso-completa-grtis,,2026-02-12
https://itch.io/blog/1366170/to-the-moon-2011-descarga-gratuita-pc-sin-instalacin,,2026-02-12
https://itch.io/blog/1366171/zombie-army-4-dead-war2026-pc,,2026-02-12
https://itch.io/blog/1366172/chrono-trigger-2018-free-download-gog,,2026-02-12
https://itch.io/blog/1366173/goodnight-universe-2025-cracked-download-updated,,2026-02-12
https://itch.io/blog/1366174/biomutant-2026-,,2026-02-12
https://itch.io/blog/1366175/decktamer-2025-pc-download-license,,2026-02-12
https://itch.io/blog/1366176/sally-face-episode-one-verso-completa-grtis-2016,,2026-02-12
https://itch.io/blog/1366177/sally-face-episode-one-2016-descarga-gratuita-pc,,2026-02-12
https://itch.io/blog/1366178/biomutant-2021-verso-completa-grtis-repack,,2026-02-12
https://itch.io/blog/1366179/under-night-in-birth-ii-sysceles-direct-download-2024,,2026-02-12
https://itch.io/blog/1366180/sonic-origins-full-version-download-2022-all-dlc,,2026-02-12
https://itch.io/blog/1366181/back-4-blood-2021-torrent-download,,2026-02-12
https://cartesblanches.itch.io/carte-blanche/devlog/1366182/first-publication-on-itchio,,2026-02-12
https://itch.io/blog/1366183/biomutant-2021-descargar-para-pc-gratis,,2026-02-12
https://itch.io/blog/1366184/bioshock-2026,,2026-02-12
https://itch.io/blog/1366185/to-the-moon-2026-,,2026-02-12
https://itch.io/blog/1366186/baixar-zombie-army-4-dead-war-2021-grtis-pc,,2026-02-12
https://itch.io/blog/1366187/zombie-army-4-dead-war-2021-descarga-directa-gratis,,2026-02-12
https://itch.io/blog/1366188/melvor-idle-2021-full-version-download-updated,,2026-02-12
https://itch.io/blog/1366189/good-pizza-great-pizza-cooking-simulator-game-2023-cracked-download,,2026-02-12
https://itch.io/blog/1366190/fear-the-timeloop-free-download-2026-gog,,2026-02-12
https://pizzadoggy.itch.io/psx-textures-2/devlog/1366191/devlog-15-new-textures,,2026-02-12
https://itch.io/blog/1366192/lollipop-chainsaw-repop-2024-baixar-pc-grtis-verso-completa,,2026-02-12
https://itch.io/blog/1366193/lollipop-chainsaw-repop-2024-versin-completa-gratis-crackeado,,2026-02-12
https://itch.io/blog/1366194/decktamer2026-,,2026-02-12
https://itch.io/blog/1366195/bioshock-2007-baixar-grtis-pc,,2026-02-12
https://itch.io/blog/1366196/lollipop-chainsaw-repop-2026-,,2026-02-12
https://itch.io/blog/1366197/download-snufkin-melody-of-moominvalley-2024-free,,2026-02-12
https://itch.io/blog/1366198/he-is-coming-2025-cracked-download-multiplayer,,2026-02-12
https://itch.io/blog/1366199/lunacid-2023-no-install-steam,,2026-02-12
https://itch.io/blog/1366200/bioshock-2007-descargar-gratis-portable,,2026-02-12
https://itch.io/blog/1366201/oops-wheres-my-bikini-2025-crackeado-download,,2026-02-12
https://itch.io/blog/1366202/oops-wheres-my-bikini-2025-descarga-gratuita-pc,,2026-02-12
https://itch.io/blog/1366203/back-4-blood-2026-pc,,2026-02-12
https://itch.io/blog/1366204/sticky-business-2023-full-version-download-multiplayer,,2026-02-12
https://itch.io/blog/1366205/download-dome-keeper-2022-cracked,,2026-02-12
https://itch.io/blog/1366206/karma-the-dark-world-torrent-download-2025-gog,,2026-02-12
https://itch.io/blog/1366207/back-4-blood-2021-verso-completa-grtis,,2026-02-12
https://itch.io/blog/1366208/oops-wheres-my-bikini-2026-,,2026-02-12
https://itch.io/blog/1366209/back-4-blood-2021-descargar-gratis,,2026-02-12
https://itch.io/blog/1366210/spongebob-squarepants-the-cosmic-shake-2023-baixar-grtis-pc-verso-completa,,2026-02-12
https://itch.io/blog/1366211/doki-doki-literature-club-plus-2021-direct-download-license,,2026-02-12
https://itch.io/blog/1366212/scorn-2022-free-download,,2026-02-12
https://itch.io/blog/1366213/cozy-grove-2021-repack-download,,2026-02-12
https://itch.io/blog/1366214/bob-esponja-the-cosmic-shake-descargar-para-pc-gratis-2023,,2026-02-12
https://itch.io/blog/1366215/fear-the-timeloop-2026-dl,,2026-02-12
https://itch.io/blog/1366216/fear-the-timeloop-2026-verso-completa-grtis,,2026-02-12
https://itch.io/blog/1366217/-2026-,,2026-02-12
https://itch.io/blog/1366218/descargar-fear-the-timeloop-2026-gratis-pc,,2026-02-12
https://itch.io/blog/1366219/shinobi-art-of-vengeance-2025-portable-download-multiplayer,,2026-02-12
https://itch.io/blog/1366220/bugsnax-no-install-2022,,2026-02-12
https://itch.io/blog/1366221/fatal-frame-ii-crimson-butterfly-remake-2026-cracked-download,,2026-02-12
https://itch.io/blog/1366222/dragon-quest-monsters-the-dark-prince-2024-download-grtis,,2026-02-12
https://itch.io/blog/1366223/lunacid-2026-,,2026-02-12
https://itch.io/blog/1366224/dragon-quest-monsters-el-prncipe-oscuro-2024-descarga-directa-gratis,,2026-02-12
https://itch.io/blog/1366225/karma-the-dark-world-2025-baixar-grtis-pc,,2026-02-12
https://itch.io/blog/1366226/-2026-dl,,2026-02-12
https://itch.io/blog/1366227/karma-the-dark-world-2025-descarga-gratuita-pc-versin-completa,,2026-02-12
https://itch.io/blog/1366228/stoneshard-2020-portable-download-multiplayer,,2026-02-12
https://itch.io/blog/1366229/mega-man-11-2018-free-download,,2026-02-12
https://itch.io/blog/1366230/five-nights-at-freddys-into-the-pit-2024-pc-download,,2026-02-12
https://itch.io/blog/1366231/undusted-cartas-do-passado-2025-crackeado-download-sem-instalao,,2026-02-12
https://itch.io/blog/1366232/karma-the-dark-world-2026-,,2026-02-12
https://itch.io/blog/1366233/winnies-hole-2026-baixar-grtis-pc,,2026-02-12
https://itch.io/blog/1366234/final-fantasy-vi-2022-pc-download-updated,,2026-02-12
https://itch.io/blog/1366235/undusted-cartas-del-pasado-descargar-para-pc-gratis-2025-crackeado,,2026-02-12
https://itch.io/blog/1366236/cats-cups-2025-full-version-download,,2026-02-12
https://itch.io/blog/1366237/attack-on-titan-2-aot2-2023-no-install,,2026-02-12
https://itch.io/blog/1366238/barbara-sex-story,,2026-02-12
https://itch.io/blog/1366239/-2026-pc,,2026-02-12
https://itch.io/blog/1366240/descargar-winnies-hole-2026-gratis-pc,,2026-02-12
https://vesperum.itch.io/team-showdown/devlog/1366241/v0005-final-update,,2026-02-12
https://itch.io/blog/1366242/until-then-2024-full-version-download-all-dlc,,2026-02-12
https://itch.io/blog/1366243/wobbledogs-2022-repack-download,,2026-02-12
https://itch.io/blog/1366244/download-quake-2026-no-install,,2026-02-12
https://itch.io/blog/1366245/goodnight-universe-2025-download-grtis,,2026-02-12
https://itch.io/blog/1366246/winnies-hole-2026-,,2026-02-12
https://itch.io/blog/1366247/scorn-2022-download-grtis,,2026-02-12
https://itch.io/blog/1366248/goodnight-universe-2025-versin-completa-gratis,,2026-02-12
https://itch.io/blog/1366249/scorn-descargar-para-pc-gratis-2022,,2026-02-12
https://itch.io/blog/1366250/goodnight-universe-2026-dl,,2026-02-12
https://kiernbr.itch.io/secure-password-generator/devlog/1366251/big-update,,2026-02-12
https://itch.io/blog/1366252/ratatan-torrent-download-2025,,2026-02-12
https://itch.io/blog/1366253/dead-rising-deluxe-remaster-2024-no-install,,2026-02-12
https://itch.io/blog/1366254/dead-space-2-2011-torrent-download-multiplayer,,2026-02-12
https://itch.io/blog/1366255/scorn-2026-dl,,2026-02-12
https://itch.io/blog/1366256/sonic-origins-2022-download-grtis,,2026-02-12
https://itch.io/blog/1366257/fatal-frame-ii-crimson-butterfly-remake-download-grtis-2026-crackeado,,2026-02-12
https://itch.io/blog/1366258/sonic-origins-2022-versin-completa-gratis,,2026-02-12
https://itch.io/blog/1366259/fatal-frame-ii-crimson-butterfly-remake-2026-versin-completa-gratis,,2026-02-12
https://itch.io/blog/1366260/-2026-,,2026-02-12
https://sky-piece.itch.io/futa-rancher/devlog/1366261/futa-rancher-demo-is-live,,2026-02-12
https://itch.io/blog/1366262/strange-seed-2025-cracked-download-multiplayer,,2026-02-12
https://itch.io/blog/1366263/happy-island-fantasy-2025-direct-download,,2026-02-12
https://itch.io/blog/1366264/alan-wake-2012-no-install-gog,,2026-02-12
https://itch.io/blog/1366265/-remake-2026-dl,,2026-02-12
https://itch.io/blog/1366266/five-nights-at-freddys-into-the-pit-2024-baixar-grtis-pc,,2026-02-12
https://itch.io/blog/1366267/good-pizza-great-pizza-download-grtis-2023,,2026-02-12
https://itch.io/blog/1366268/just-shapes-beats-2018-no-install,,2026-02-12
https://itch.io/blog/1366269/caravan-sandwitch-2024-pc-download-steam,,2026-02-12
https://itch.io/blog/1366270/darkwood-2017-torrent-download-steam,,2026-02-12
https://itch.io/blog/1366271/descargar-buena-pizza-gran-pizza-2023-gratis-pc,,2026-02-12
https://itch.io/blog/1366272/five-nights-at-freddys-into-the-pit-2024-descarga-gratuita-pc,,2026-02-12
https://xforu.itch.io/horingardarkside/devlog/1366273/horingar-darkside-itch-dev-update-7,,2026-02-12
https://itch.io/blog/1366274/-2026-,,2026-02-12
https://itch.io/blog/1366275/five-nights-at-freddys-into-the-pit-2026-dl-,,2026-02-12
https://itch.io/blog/1366276/my-card-is-better-than-your-card-2025-free-download,,2026-02-12
https://itch.io/blog/1366277/download-keep-on-mining-2025-pc,,2026-02-12
https://itch.io/blog/1366278/egging-on-2025-no-install-license,,2026-02-12
https://itch.io/blog/1366279/attack-on-titan-2-aot2-2023-crackeado-download-sem-instalao,,2026-02-12
https://itch.io/blog/1366280/snufkin-melodia-do-vale-dos-moomins-2024-crackeado-download,,2026-02-12
https://itch.io/blog/1366281/attack-on-titan-2-aot2-2023-descargar-para-pc-gratis,,2026-02-12
https://itch.io/blog/1366282/snufkin-la-meloda-del-valle-de-los-mumin-2024-descargar-para-pc-gratis,,2026-02-12
https://itch.io/blog/1366283/-2026-pc-,,2026-02-12
https://itch.io/blog/1366284/download-tiny-pasture-2025-free,,2026-02-12
https://itch.io/blog/1366285/mewgenics-free-download,,2026-02-12
https://itch.io/blog/1366286/fallout-a-post-nuclear-role-playing-game-pc-download-2026-all-dlc,,2026-02-12
https://itch.io/blog/1366287/sorry-were-closed-2024-direct-download,,2026-02-12
https://verasev.itch.io/new-smash-city/devlog/1366288/beta-4,,2026-02-12
https://itch.io/blog/1366289/-2026-,,2026-02-12
https://itch.io/blog/1366290/quake-2026-baixar-pc-grtis,,2026-02-12
https://itch.io/blog/1366291/schedule-i,,2026-02-12
https://itch.io/blog/1366292/sticky-business-2023-baixar-pc-grtis,,2026-02-12
https://vybnukjbyiughjy.itch.io/pc/devlog/1366293/lessaria-fantasy-kingdom-sim-deluxe-edition-game-download-v101034,,2026-02-12
https://itch.io/blog/1366294/quake-descargar-gratis-2026,,2026-02-12
https://itch.io/blog/1366295/sticky-business-2023-versin-completa-gratis,,2026-02-12
https://itch.io/blog/1366296/placid-plastic-duck-simulator-pc-download-2022,,2026-02-12
https://itch.io/blog/1366297/sticky-business-2026-,,2026-02-12
https://itch.io/blog/1366298/download-blacksmith-master-2025-torrent,,2026-02-12
https://itch.io/blog/1366299/a-plague-tale-innocence-2019-cracked-download,,2026-02-12
https://itch.io/blog/1366300/quake-2026-,,2026-02-12
https://itch.io/blog/1366301/dead-space-2-2011-baixar-grtis-pc,,2026-02-12
https://itch.io/blog/1366302/cozy-grove-2021-verso-completa-grtis,,2026-02-12
https://itch.io/blog/1366303/dungeon-clawler-full-version-download-2024,,2026-02-12
https://itch.io/blog/1366304/risk-of-rain-returns-2023-no-install,,2026-02-12
https://itch.io/blog/1366305/project-werewulf-2025-cracked-download,,2026-02-12
https://itch.io/blog/1366306/dead-space-2-2011-descarga-directa-gratis,,2026-02-12
https://itch.io/blog/1366307/cozy-grove-2021-descarga-directa-gratis,,2026-02-12
https://vybnukjbyiughjy.itch.io/pc/devlog/1366308/absolum-repack-v02-game-download,,2026-02-12
https://itch.io/blog/1366309/cozy-grove-2026-,,2026-02-12
https://7ituykgujhbg.itch.io/free/devlog/1366310/nyatorase-shared-passions-free-game-pc,,2026-02-12
https://brackishmeadows.itch.io/trolleholm/devlog/1366311/desktop-release,,2026-02-12
https://itch.io/blog/1366312/dead-space-22026-,,2026-02-12
https://itch.io/blog/1366313/alan-wake-2012-baixar-pc-grtis,,2026-02-12
https://itch.io/blog/1366314/croc-legend-of-the-gobbos-2025-direct-download,,2026-02-12
https://itch.io/blog/1366315/teenage-mutant-ninja-turtles-shredders-revenge-2022-cracked-download,,2026-02-12
https://itch.io/blog/1366316/forgive-me-father-2-2024-no-install-gog,,2026-02-12
https://itch.io/blog/1366317/bugsnax-download-grtis-2022,,2026-02-12
https://itch.io/blog/1366318/descargar-alan-wake-2012-gratis-pc,,2026-02-12
https://itch.io/blog/1366319/bugsnax-2022-descarga-directa-gratis-sin-instalacin,,2026-02-12
https://itch.io/blog/1366320/bugsnax-2026-,,2026-02-12
https://itch.io/blog/1366321/path-of-exile-2-cheats-free-download-2026-ultimate-exaltation-suite,,2026-02-12
https://vybnukjbyiughjy.itch.io/pc/devlog/1366322/ball-x-pit-repack-build-20076054-game-download,,2026-02-12
https://itch.io/blog/1366323/puyo-puyo-tetris-2-2021-cracked-download,,2026-02-12
https://itch.io/blog/1366324/download-futa-zone-lewd-control-2026-no-install,,2026-02-12
https://itch.io/blog/1366325/sunken-engine-2025-pc-download-all-dlc,,2026-02-12
https://itch.io/blog/1366326/alan-wake-2026-,,2026-02-12
https://itch.io/blog/1366327/darkwood-crackeado-download-2017,,2026-02-12
https://itch.io/blog/1366328/mega-man-11-2018-download-grtis,,2026-02-12
https://itch.io/blog/1366329/darkwood-descarga-directa-gratis-2017,,2026-02-12
https://itch.io/blog/1366330/no-rest-for-the-wicked-cheats-2026-sacra-devourer-free-download,,2026-02-12
https://itch.io/blog/1366331/descargar-mega-man-11-2018-gratis-pc,,2026-02-12
https://itch.io/blog/1366332/we-love-katamari-reroll-royal-reverie-portable-download-2023,,2026-02-12
https://itch.io/blog/1366333/hotline-miami-2012-free-download-steam,,2026-02-12
https://itch.io/blog/1366334/amnesia-the-dark-descent-2010-torrent-download,,2026-02-12
https://itch.io/blog/1366335/11-2026-,,2026-02-12
https://ledoux.itch.io/winding-down/devlog/1366336/writing-a-calculator-game-with-twine,,2026-02-12
https://sympathy-systems.itch.io/humanity-echo/devlog/1366337/milestone-006m-tactical-evolution-the-great-visual-detox,,2026-02-12
https://itch.io/blog/1366338/darkwood-2026-dl,,2026-02-12
https://itch.io/blog/1366339/egging-on-2025-download-grtis,,2026-02-12
https://itch.io/blog/1366340/little-rocket-lab-torrent-download-2025,,2026-02-12
https://itch.io/blog/1366341/cats-cups-2025-download-grtis,,2026-02-12
https://itch.io/blog/1366342/sanabi-2023-cracked-download,,2026-02-12
https://itch.io/blog/1366343/pubg-blindspot-aimbot-2026-free-download-for-precision-fog-piercing-headshot-supremacy,,2026-02-12
https://vybnukjbyiughjy.itch.io/pc/devlog/1366344/norland-repack-game-download,,2026-02-12
https://itch.io/blog/1366345/egging-on-2025-descarga-gratuita-pc,,2026-02-12
https://itch.io/blog/1366346/into-the-radius-vr-2020-direct-download-updated,,2026-02-12
https://itch.io/blog/1366347/cats-cups-2025-descarga-directa-gratis,,2026-02-12
https://itch.io/blog/1366349/-2026,,2026-02-12
https://itch.io/blog/1366350/lust-company,,2026-02-12
https://itch.io/blog/1366351/egging-on-2026-,,2026-02-12
https://itch.io/blog/1366352/townscaper-2021-full-version-download-updated,,2026-02-12
https://itch.io/blog/1366353/baixar-sorry-were-closed-2024-grtis-pc,,2026-02-12
https://itch.io/blog/1366354/thank-goodness-youre-here-2024-full-version-download,,2026-02-12
https://itch.io/blog/1366355/vampyr-2018-cracked-download,,2026-02-12
https://itch.io/blog/1366356/arc-raiders-macros-february-2026-raid-automator-free-download,,2026-02-12
https://itch.io/blog/1366357/were-making-a-card-city-builder-im-godot-grablings-devlog-1,,2026-02-12
https://itch.io/blog/1366358/baixar-wobbledogs-2022-grtis-pc,,2026-02-12
https://itch.io/blog/1366359/sorry-were-closed-2024-descarga-gratuita-pc,,2026-02-12
https://7ituykgujhbg.itch.io/free/devlog/1366360/whorehouse-manager-free-game-pc,,2026-02-12
https://itch.io/blog/1366361/descargar-wobbledogs-2022-gratis-pc,,2026-02-12
https://vybnukjbyiughjy.itch.io/pc/devlog/1366362/cooking-simulator-repack-game-download,,2026-02-12
https://itch.io/blog/1366363/sync-spoofer-the-premium-hwid-spoofer-for-game-ban-bypass-2026,,2026-02-12
https://itch.io/blog/1366364/wobbledogs-2026,,2026-02-12
https://itch.io/blog/1366365/lyndaria-lust-adventure-2024-pc-download,,2026-02-12
https://itch.io/blog/1366366/download-bladechimera-2025-torrent,,2026-02-12
https://itch.io/blog/1366367/download-cluecluedo-2023-torrent,,2026-02-12
https://daltonikho.itch.io/killing-streak/devlog/1366368/visual-feedback-and-some-fixes,,2026-02-12
https://itch.io/blog/1366369/marvel-rivals-aimbot-free-externalinternal-cheats-2026-update,,2026-02-12
https://itch.io/blog/1366370/sorry-were-closed-2026-pc,,2026-02-12
https://itch.io/blog/1366371/a-plague-tale-innocence-2019-baixar-grtis-pc,,2026-02-12
https://7ituykgujhbg.itch.io/free/devlog/1366372/tamara-exposed-free-game,,2026-02-12
https://itch.io/blog/1366373/dead-rising-deluxe-remaster-2024-baixar-pc-grtis,,2026-02-12
https://itch.io/blog/1366374/a-plague-tale-innocence-2019-descargar-para-pc-gratis,,2026-02-12
https://itch.io/blog/1366375/artis-impact-2025-no-install,,2026-02-12
https://itch.io/blog/1366376/hotline-miami-2-wrong-number-cracked-download-2015,,2026-02-12
https://yeehaw-games.itch.io/mongirl-conquest/devlog/1366377/weekly-report-for-mongirl-conquest-v085,,2026-02-12
https://itch.io/blog/1366378/dead-rising-deluxe-remaster-2024-descargar-para-pc-gratis,,2026-02-12
https://itch.io/blog/1366379/the-evil-within-2-free-download-2017,,2026-02-12
https://itch.io/blog/1366380/-2026-,,2026-02-12
https://vybnukjbyiughjy.itch.io/pc/devlog/1366381/adrenaline-rampage-repack-game-download,,2026-02-12
https://7ituykgujhbg.itch.io/free/devlog/1366382/pygmalions-folly-free-game-pc,,2026-02-12
https://itch.io/blog/1366383/bunni-executor-for-roblox-free-keyless-script-executor-2026-update,,2026-02-12
https://itch.io/blog/1366384/a-plague-tale-innocence-2026-,,2026-02-12
https://itch.io/blog/1366385/baixar-project-werewulf-2025-grtis-pc,,2026-02-12
https://eyadinit.itch.io/death-realm/devlog/1366386/death-realm,,2026-02-12
https://itch.io/blog/1366387/amber-isle-2024-direct-download-multiplayer,,2026-02-12
https://itch.io/blog/1366388/download-realm-of-ink-2024-no-install,,2026-02-12
https://itch.io/blog/1366389/strange-seed-2025-download-grtis,,2026-02-12
https://itch.io/blog/1366390/project-werewulf-2025-descargar-para-pc-gratis,,2026-02-12
https://itch.io/blog/1366391/kill-it-with-fire-2-torrent-download-2025,,2026-02-12
https://itch.io/blog/1366392/vampires-bloodlord-rising-cheat-2026-free-download-for-undying-clan-conquest-fury,,2026-02-12
https://itch.io/blog/1366393/strange-seed-descarga-directa-gratis-2025-portable,,2026-02-12
https://itch.io/blog/1366394/strange-seed-2026-,,2026-02-12
https://itch.io/blog/1366395/hormo-gryd-music-from-the-pico8-puzzle-game,,2026-02-12
https://alexkingy.itch.io/spellsword/devlog/1366396/spellsword-major-update-1,,2026-02-12
https://vybnukjbyiughjy.itch.io/pc/devlog/1366397/ai-limit-deluxe-edition-repack-game-download,,2026-02-12
https://itch.io/blog/1366398/download-bear-and-breakfast-2022-repack,,2026-02-12
https://itch.io/blog/1366399/project-werewulf-2026-,,2026-02-12
https://itch.io/blog/1366400/age-of-history-3-cracked-download-2024,,2026-02-12
https://itch.io/blog/1366401/forgive-me-father-2-2024-baixar-pc-grtis,,2026-02-12
https://itch.io/blog/1366402/the-casting-of-frank-stone-2024-pc-download,,2026-02-12
https://itch.io/blog/1366403/helldivers-2-cheats-2026-elite-trainer-suite-for-galactic-domination-free-download,,2026-02-12
https://nahuel36.itch.io/light-and-dark/devlog/1366404/now-the-game-can-be-played-in-mobile,,2026-02-12
https://itch.io/blog/1366405/my-card-is-better-than-your-card-2025-verso-completa-grtis,,2026-02-12
https://itch.io/blog/1366406/forgive-me-father-2-versin-completa-gratis-2024,,2026-02-12
https://itch.io/blog/1366407/caravan-sandwitch-2024-descargar-para-pc-gratis,,2026-02-12
https://itch.io/blog/1366408/-2026-,,2026-02-12
https://itch.io/blog/1366409/tales-of-zestiria-2015-pc-download,,2026-02-12
https://itch.io/blog/1366410/star-ocean-the-second-story-r-2023-free-download-updated,,2026-02-12
https://itch.io/blog/1366411/dreamcore-repack-download-2025,,2026-02-12
https://itch.io/blog/1366412/forgive-me-father-2-2026-,,2026-02-12
https://itch.io/blog/1366413/sunken-engine-verso-completa-grtis-2025-porttil,,2026-02-12
https://itch.io/blog/1366414/velocity-roblox-executor-2026-free-download-for-metaverse-meltdown-script-supremacy,,2026-02-12
https://vybnukjbyiughjy.itch.io/pc/devlog/1366415/tom-clancys-splinter-cell-pandora-tomorrow-game-download-build-20096160,,2026-02-12
https://itch.io/blog/1366416/descargar-sunken-engine-2025-gratis-pc,,2026-02-12
https://nanahyakuman.itch.io/violet-impetus-prototype/devlog/1366417/demo-update-262b,,2026-02-12
https://itch.io/blog/1366418/caravan-sandwitch-baixar-grtis-pc-2024,,2026-02-12
https://itch.io/blog/1366419/katamari-damacy-reroll-2018-torrent-download,,2026-02-12
https://itch.io/blog/1366420/download-mindustry-2019-no-install,,2026-02-12
https://itch.io/blog/1366421/my-card-is-better-than-your-card-descarga-directa-gratis-2025-versin-completa,,2026-02-12
https://itch.io/blog/1366422/nightingale-2024-no-install,,2026-02-12
https://itch.io/blog/1366423/caravan-sandwitch2026-dl,,2026-02-12
https://itch.io/blog/1366424/sunken-engine-2026-,,2026-02-12
https://itch.io/blog/1366425/amnesia-the-dark-descent-verso-completa-grtis-2010,,2026-02-12
https://itch.io/blog/1366426/final-fantasy-v-2021-direct-download,,2026-02-12
https://itch.io/blog/1366427/ni-no-kuni-ii-revenant-kingdom-portable-download-2018,,2026-02-12
https://vybnukjbyiughjy.itch.io/pc/devlog/1366428/ready-or-not-lspd-bundle-repack-game-download,,2026-02-12
https://itch.io/blog/1366429/amnesia-the-dark-descent-2010-descargar-para-pc-gratis-repack,,2026-02-12
https://itch.io/blog/1366430/aila-2025-portable-download,,2026-02-12
https://itch.io/blog/1366431/tiny-pasture-2025-baixar-grtis-pc,,2026-02-12
https://itch.io/blog/1366432/descargar-tiny-pasture-2025-gratis-pc,,2026-02-12
https://itch.io/blog/1366433/-2026-,,2026-02-12
https://helloyinny.itch.io/hes-just-away/devlog/1366434/february-devlog,,2026-02-12
https://itch.io/blog/1366435/into-the-radius-vr-2020-crackeado-download,,2026-02-12
https://itch.io/blog/1366436/amnesia-the-dark-descent-2026,,2026-02-12
https://itch.io/blog/1366437/download-unbox-the-room-2025-no-install,,2026-02-12
https://7ituykgujhbg.itch.io/free/devlog/1366438/fuckguild-free-game-pc,,2026-02-12
https://itch.io/blog/1366439/at-dead-of-night-2020-full-version-download,,2026-02-12
https://itch.io/blog/1366440/descargar-into-the-radius-vr-2020-gratis-pc,,2026-02-12
https://itch.io/blog/1366441/placid-plastic-duck-simulator-baixar-pc-grtis-2022-porttil,,2026-02-12
https://vybnukjbyiughjy.itch.io/pc/devlog/1366442/medieval-dynasty-repack-game-download,,2026-02-12
https://itch.io/blog/1366443/placid-plastic-duck-simulator-2022-descargar-para-pc-gratis-versin-completa,,2026-02-12
https://itch.io/blog/1366444/-2026,,2026-02-12
https://itch.io/blog/1366445/little-corners-2025-free-download,,2026-02-12
https://itch.io/blog/1366446/pocket-mirror-goldenertraum-full-version-download-2023,,2026-02-12
https://itch.io/blog/1366447/vampyr-2018-baixar-pc-grtis,,2026-02-12
https://itch.io/blog/1366448/into-the-radius-vr-2026-,,2026-02-12
https://itch.io/blog/1366449/vampyr-2018-descarga-gratuita-pc,,2026-02-12
https://itch.io/blog/1366450/dungeon-clawler-verso-completa-grtis-2024,,2026-02-12
https://itch.io/blog/1366451/download-galaxy-burger-2024-torrent,,2026-02-12
https://itch.io/blog/1366453/the-darkness-ii-2012-portable-download-steam,,2026-02-12
https://itch.io/blog/1366454/descargar-dungeon-clawler-2024-gratis-pc,,2026-02-12
https://itch.io/blog/1366455/placid-plastic-duck-simulator-2026-,,2026-02-12
https://itch.io/blog/1366456/cluecluedo-2023-crackeado-download,,2026-02-12
https://itch.io/blog/1366457/vampyr2026-,,2026-02-12
https://itch.io/blog/1366458/descargar-cluecluedo-2023-gratis-pc,,2026-02-12
https://itch.io/blog/1366459/farm-together-2018-pc-download-gog,,2026-02-12
https://itch.io/blog/1366460/download-disciples-liberation-2021-no-install,,2026-02-12
https://nox-productions.itch.io/the-last-embrace-demo/devlog/1366461/year-of-the-fire-horse-bundle-live,,2026-02-12
https://itch.io/blog/1366462/croc-legend-of-the-gobbos-2025-download-grtis,,2026-02-12
https://itch.io/blog/1366463/descargar-croc-legend-of-the-gobbos-2025-gratis-pc,,2026-02-12
https://itch.io/blog/1366464/croc-legend-of-the-gobbos-2026-dl,,2026-02-12
https://itch.io/blog/1366465/the-evil-within-2-2017-download-grtis-porttil,,2026-02-12
https://itch.io/blog/1366466/cluecluedo-2026-,,2026-02-12
https://grimygraphix.itch.io/trashville/devlog/1366467/trashville-initial-release,,2026-02-12
https://itch.io/blog/1366468/manhunt-2004-portable-download-all-dlc,,2026-02-12
https://itch.io/blog/1366469/the-evil-within-2-2017-descargar-gratis-versin-completa,,2026-02-12
https://itch.io/blog/1366470/baixar-quickie-a-love-hotel-story-2025-grtis-pc,,2026-02-12
https://itch.io/blog/1366472/quickie-a-love-hotel-story2026-pc-,,2026-02-12
https://itch.io/blog/1366473/quickie-a-love-hotel-story-2025-descarga-directa-gratis,,2026-02-12
https://itch.io/blog/1366474/kill-it-with-fire-2-2025-baixar-grtis-pc,,2026-02-12
https://itch.io/blog/1366475/the-evil-within-2-2026-pc-,,2026-02-12
https://itch.io/blog/1366476/call-of-cthulhu-repack-download-2018,,2026-02-12
https://itch.io/blog/1366479/kill-it-with-fire-2-2025-descargar-gratis-versin-completa,,2026-02-12
https://leon-sandstone.itch.io/corvis-13-os-alfa/devlog/1366480/713-multiple-updatesautomaterun,,2026-02-12
https://itch.io/blog/1366481/puyo-puyo-tetris-2-descarga-directa-gratis-2021-portable,,2026-02-12
https://itch.io/blog/1366482/puyo-puyo-tetris-2-2021-baixar-pc-grtis,,2026-02-12
https://itch.io/blog/1366483/download-bye-sweet-carole-2025-portable,,2026-02-12
https://itch.io/blog/1366484/-2026-,,2026-02-12
https://itch.io/blog/1366485/the-casting-of-frank-stone-2024-download-grtis-porttil,,2026-02-12
https://itch.io/blog/1366486/brutalist-megastructure-puzzle-game,,2026-02-12
https://7ituykgujhbg.itch.io/free/devlog/1366487/blossom-of-pleasure-free-game-pc,,2026-02-12
https://itch.io/blog/1366488/kill-it-with-fire-2-2026-,,2026-02-12
https://itch.io/blog/1366489/the-casting-of-frank-stone-versin-completa-gratis-2024,,2026-02-12
https://konstan78.itch.io/alone-in/devlog/1366490/world-aspect-holes-in-the-jungle,,2026-02-12
https://itch.io/blog/1366491/we-love-katamari-reroll-royal-reverie-2023-versin-completa-gratis-portable,,2026-02-12
https://itch.io/blog/1366492/baixar-pac-man-world-re-pac-2022-grtis-pc,,2026-02-12
https://itch.io/blog/1366493/-2026,,2026-02-12
https://itch.io/blog/1366494/baixar-dreamcore-2025-grtis-pc,,2026-02-12
https://safarijackza.itch.io/dontburnyourfriends/devlog/1366495/minor-update-4,,2026-02-12
https://itch.io/blog/1366496/the-casting-of-frank-stone2026-dl,,2026-02-12
https://itch.io/blog/1366497/dreamcore-descargar-para-pc-gratis-2025,,2026-02-12
https://halconvengador.itch.io/beams-vfx/devlog/1366498/antimatter-laser-beam,,2026-02-12
https://itch.io/blog/1366499/pac-man-world-re-pac-2022-descarga-gratuita-pc,,2026-02-12
https://itch.io/blog/1366500/little-rocket-lab-2025-baixar-grtis-pc,,2026-02-12
https://itch.io/blog/1366501/little-rocket-lab-2026-,,2026-02-12
https://itch.io/blog/1366502/nightingale-2024-download-grtis,,2026-02-12
https://itch.io/blog/1366503/dreamcore-2026-,,2026-02-12
https://itch.io/blog/1366504/nightingale-descarga-directa-gratis-2024,,2026-02-12
https://itch.io/blog/1366505/little-rocket-lab-2025-descarga-directa-gratis,,2026-02-12
https://itch.io/blog/1366506/townscaper-2021-baixar-pc-grtis,,2026-02-12
https://itch.io/blog/1366507/townscaper-2026-,,2026-02-12
https://itch.io/blog/1366508/aila-2025-crackeado-download,,2026-02-12
https://itch.io/blog/1366509/aila-2026-,,2026-02-12
https://itch.io/blog/1366510/aila-2025-descarga-directa-gratis,,2026-02-12
https://itch.io/blog/1366511/townscaper-2021-versin-completa-gratis-sin-instalacin,,2026-02-12
https://itch.io/blog/1366512/lyndaria-lust-adventure-2024-download-grtis-porttil,,2026-02-12
https://itch.io/blog/1366513/lyndaria-lust-adventure2026-pc,,2026-02-12
https://itch.io/blog/1366514/at-dead-of-night-2020-baixar-grtis-pc,,2026-02-12
https://itch.io/blog/1366515/nightingale-pc-2026,,2026-02-12
https://itch.io/blog/1366516/at-dead-of-night-descargar-gratis-2020,,2026-02-12
https://itch.io/blog/1366518/descargar-lyndaria-lust-adventure-2024-gratis-pc,,2026-02-12
https://itch.io/blog/1366519/artis-impact-baixar-pc-grtis-2025,,2026-02-12
https://lootcombat.itch.io/game/devlog/1366520/alpha-loaded,,2026-02-12
https://itch.io/blog/1366521/artis-impact2026-dl,,2026-02-12
https://saxonarts.itch.io/run-goblin-girl-run/devlog/1366522/v-1179,,2026-02-12
https://itch.io/blog/1366523/pocket-mirror-goldenertraum-2023-crackeado-download,,2026-02-12
https://itch.io/blog/1366524/pocket-mirror-goldenertraum-2023-descargar-para-pc-gratis,,2026-02-12
https://itch.io/blog/1366525/at-dead-of-night-2026-dl,,2026-02-12
https://wonderxworlds.itch.io/wonder-worlds/devlog/1366526/wonderland-city-pc-sheets,,2026-02-12
https://itch.io/blog/1366527/descargar-artis-impact-2025-gratis-pc,,2026-02-12
https://13leagues.itch.io/throne-of-ashes/devlog/1366528/nours-route-release,,2026-02-12
https://itch.io/blog/1366529/machinarium-2009-crackeado-download,,2026-02-12
https://itch.io/blog/1366530/amber-isle-2026-,,2026-02-12
https://itch.io/blog/1366531/the-darkness-ii-2012-baixar-grtis-pc,,2026-02-12
https://itch.io/blog/1366532/the-darkness-ii-descargar-gratis-2012-portable,,2026-02-12
https://itch.io/blog/1366533/-2026-,,2026-02-12
https://jregory.itch.io/this-vibecoded-roguelike-might-be-broken/devlog/1366534/21-vampiric-link,,2026-02-12
https://itch.io/blog/1366535/machinarium-2009-descargar-para-pc-gratis,,2026-02-12
https://itch.io/blog/1366536/bear-and-breakfast-2022-crackeado-download-repack,,2026-02-12
https://itch.io/blog/1366537/machinarium-dl-2026,,2026-02-12
https://kghgjymhuh.itch.io/pc/devlog/1366538/little-nightmares-iii-deluxe-edition-repack-bugame-downloadild-20402131,,2026-02-12
https://itch.io/blog/1366539/disciples-liberation-baixar-grtis-pc-2021-sem-instalao,,2026-02-12
https://itch.io/blog/1366540/disciples-liberation-2021-descargar-para-pc-gratis,,2026-02-12
https://itch.io/blog/1366541/the-darkness-ii-2026,,2026-02-12
https://thuy-vo-thi.itch.io/legendary-golden-rpg-icon-pack/devlog/1366542/legendary-golden-rpg-icon-pack-adobe-stock-standard-vector-assets-update-10,,2026-02-12
https://totdy.itch.io/giga-tower-td/devlog/1366543/added-music-and-updated-ui,,2026-02-12
https://itch.io/blog/1366544/bear-and-breakfast-2022-descarga-directa-gratis,,2026-02-12
https://itch.io/blog/1366545/baixar-tales-of-zestiria-2015-grtis-pc,,2026-02-12
https://itch.io/blog/1366547/bear-and-breakfast2026-dl,,2026-02-12
https://itch.io/blog/1366548/manhunt-2004-verso-completa-grtis,,2026-02-12
https://itch.io/blog/1366549/manhunt-descargar-gratis-2004,,2026-02-12
https://itch.io/blog/1366550/disciples-liberation2026-dl,,2026-02-12
https://scubamaster69.itch.io/placeface/devlog/1366551/release,,2026-02-12
https://kghgjymhuh.itch.io/pc/devlog/1366552/industry-giant-40-repack-game-download,,2026-02-12
https://itch.io/blog/1366553/tales-of-zestiria-descargar-gratis-2015,,2026-02-12
https://itch.io/blog/1366554/katamari-damacy-reroll-2018-baixar-pc-grtis,,2026-02-12
https://itch.io/blog/1366555/tales-of-zestiria-2026-dl,,2026-02-12
https://itch.io/blog/1366556/call-of-cthulhu-2018-verso-completa-grtis,,2026-02-12
https://itch.io/blog/1366557/manhunt-2026-dl,,2026-02-12
https://itch.io/blog/1366558/call-of-cthulhu-versin-completa-gratis-2018,,2026-02-12
https://itch.io/blog/1366559/katamari-damacy-reroll-2018-descargar-gratis,,2026-02-12
https://kghgjymhuh.itch.io/pc/devlog/1366560/humankind-premium-edition-repack-game-download,,2026-02-12
https://itch.io/blog/1366561/ni-no-kuni-ii-revenant-kingdom-verso-completa-grtis-2018,,2026-02-12
https://itch.io/blog/1366563/katamari-damacy-reroll-2026-pc,,2026-02-12
https://itch.io/blog/1366564/-is-there-any-specific-reason-for-having-no-subscribers-and-receiving-no-feedback-oo,,2026-02-12
https://itch.io/blog/1366565/baixar-bye-sweet-carole-2025-grtis-pc,,2026-02-12
https://itch.io/blog/1366566/bye-sweet-carole-2025-descarga-gratuita-pc-repack,,2026-02-12
https://itch.io/blog/1366567/call-of-cthulhu2026-,,2026-02-12
https://itch.io/blog/1366568/ni-no-kuni-ii-revenant-kingdom-2018-descarga-gratuita-pc,,2026-02-12
https://itch.io/blog/1366569/unbox-the-room-2025-crackeado-download,,2026-02-12
https://hoofedear.itch.io/jern/devlog/1366570/v121-update,,2026-02-12
https://itch.io/blog/1366571/ni-no-kuni-ii-revenant-kingdom-2026-pc,,2026-02-12
https://kghgjymhuh.itch.io/pc/devlog/1366572/baby-steps-repack-build-20306104game-download,,2026-02-12
https://itch.io/blog/1366573/she-was-98-2026-verso-completa-grtis,,2026-02-12
https://shyboxgame.itch.io/ntrphone/devlog/1366574/elena-update-german-language-added,,2026-02-12
https://itch.io/blog/1366575/descargar-she-was-98-2026-gratis-pc,,2026-02-12
https://itch.io/blog/1366576/bye-sweet-carole-2026-,,2026-02-12
https://itch.io/blog/1366577/unbox-the-room-descarga-gratuita-pc-2025,,2026-02-12
https://itch.io/blog/1366578/little-corners-crackeado-download-2025-repack,,2026-02-12
https://itch.io/blog/1366579/unbox-the-room-2026-,,2026-02-12
https://itch.io/blog/1366580/baixar-aliens-vs-predator-2010-grtis-pc,,2026-02-12
https://kghgjymhuh.itch.io/pc/devlog/1366581/keeper-repack-game-download,,2026-02-12
https://itch.io/blog/1366582/aliens-vs-predator-2010-descargar-para-pc-gratis-repack,,2026-02-12
https://itch.io/blog/1366583/she-was-98-2026-pc-,,2026-02-12
https://rattammaoon.itch.io/crazy-snake-ladder/devlog/1366584/crazy-snake-ladder,,2026-02-12
https://dunikus.itch.io/iron-legacy/devlog/1366585/iron-legacy-v090-new-content-town-redesign,,2026-02-12
https://ery56rtuyrrgr.itch.io/free-game/devlog/1366586/lesbian-battle-free-game-pc,,2026-02-12
https://itch.io/blog/1366587/descargar-little-corners-2025-gratis-pc,,2026-02-12
https://itch.io/blog/1366588/galaxy-burger-verso-completa-grtis-2024,,2026-02-12
https://itch.io/blog/1366589/-2026,,2026-02-12
https://itch.io/blog/1366590/baixar-killer-frequency-2023-grtis-pc,,2026-02-12
https://itch.io/blog/1366591/depth-2014-descargar-para-pc-gratis-crackeado,,2026-02-12
https://itch.io/blog/1366592/aliens-vs-predator-2026-,,2026-02-12
https://ery56rtuyrrgr.itch.io/free-game/devlog/1366593/night-over-day-free-game-pc,,2026-02-12
https://kghgjymhuh.itch.io/pc/devlog/1366594/the-crew-2-gold-edition-repack-game-download,,2026-02-12
https://itch.io/blog/1366596/farm-together-2018-descargar-para-pc-gratis-crackeado,,2026-02-12
https://itch.io/blog/1366597/farm-together-2018-baixar-pc-grtis-porttil,,2026-02-12
https://itch.io/blog/1366598/farm-together-2026-,,2026-02-12
https://itch.io/blog/1366600/depth-2014-baixar-pc-grtis,,2026-02-12
https://itch.io/blog/1366601/descargar-killer-frequency-2023-gratis-pc,,2026-02-12
https://itch.io/blog/1366602/killer-frequency-2026-,,2026-02-12
https://itch.io/blog/1366603/galaxy-burger-2024-versin-completa-gratis,,2026-02-12
https://itch.io/blog/1366605/tiny-terrys-turbo-trip-2024-verso-completa-grtis-porttil,,2026-02-12
https://kghgjymhuh.itch.io/pc/devlog/1366606/tekken-8-ultimate-edition-repack-v20601game-download,,2026-02-12
https://cubkid.itch.io/fun-monke-horror-reborn/devlog/1366607/crawlspace-322,,2026-02-12
https://itch.io/blog/1366608/galaxy-burger-2026-,,2026-02-12
https://itch.io/blog/1366609/we-happy-few-2018-baixar-grtis-pc-sem-instalao,,2026-02-12
https://itch.io/blog/1366610/descargar-fapout-69-2026-gratis-pc,,2026-02-12
https://itch.io/blog/1366611/depth-dl-2026,,2026-02-12
https://itch.io/blog/1366613/tiny-terrys-turbo-trip-2024-descargar-gratis,,2026-02-12
https://itch.io/blog/1366614/minami-lane-2024-crackeado-download,,2026-02-12
https://itch.io/blog/1366616/-2026-,,2026-02-12
https://kghgjymhuh.itch.io/pc/devlog/1366617/subnautica-below-zero-repack-v53872-game-download,,2026-02-12
https://itch.io/blog/1366618/fapout-69-2026-baixar-pc-grtis,,2026-02-12
https://itch.io/blog/1366619/we-happy-few-2018-descarga-gratuita-pc,,2026-02-12
https://itch.io/blog/1366620/we-happy-few-2026,,2026-02-12
https://itch.io/blog/1366622/descargar-minami-lane-2024-gratis-pc,,2026-02-12
https://itch.io/blog/1366623/isopod-a-webbed-spin-off-2025-baixar-pc-grtis-repack,,2026-02-12
https://itch.io/blog/1366624/-2026-dl,,2026-02-12
https://itch.io/blog/1366625/mustscream-2025-baixar-pc-grtis-porttil,,2026-02-12
https://itch.io/blog/1366626/descargar-mustscream-2025-gratis-pc,,2026-02-12
https://itch.io/blog/1366627/fapout-69-2026-,,2026-02-12
https://lxtework.itch.io/speedmuncher/devlog/1366628/speedmuncher-v12-devlog,,2026-02-12
https://itch.io/blog/1366630/taxi-boss-scripts-no-key-february-2026-2026-roblox-script-free-download-pc,,2026-02-12
https://itch.io/blog/1366631/isopod-a-webbed-spin-off-2025-descargar-gratis,,2026-02-12
https://itch.io/blog/1366632/rabi-ribi-2016-baixar-grtis-pc,,2026-02-12
https://itch.io/blog/1366633/isopod-a-webbed-spin-off-2026-dl,,2026-02-12
https://itch.io/blog/1366634/the-baby-in-yellow-2023-verso-completa-grtis,,2026-02-12
https://itch.io/blog/1366635/mustscream-2026-,,2026-02-12
https://itch.io/blog/1366636/the-baby-in-yellow-2023-descargar-gratis,,2026-02-12
https://itch.io/blog/1366637/counterfeit-tycoon-scripts-no-key-february-2026-2026-download-pc-,,2026-02-12
https://ery56rtuyrrgr.itch.io/free-game/devlog/1366639/the-ruined-bloom-free-game-pc,,2026-02-12
https://itch.io/blog/1366640/rabi-ribi-2016-versin-completa-gratis,,2026-02-12
https://itch.io/blog/1366641/sushi-ben-baixar-grtis-pc-2025,,2026-02-12
https://itch.io/blog/1366642/rabi-ribi-2026-,,2026-02-12
https://itch.io/blog/1366643/thief-2014-crackeado-download,,2026-02-12
https://itch.io/blog/1366644/blox-fruits-scripts-no-key-february-2026-2026-free-download-pc,,2026-02-12
https://itch.io/blog/1366646/descargar-thief-2014-gratis-pc,,2026-02-12
https://itch.io/blog/1366647/the-baby-in-yellow2026-,,2026-02-12
https://itch.io/blog/1366648/sushi-ben-2025-descarga-directa-gratis,,2026-02-12
https://itch.io/blog/1366650/zup-s-2018-verso-completa-grtis,,2026-02-12
https://itch.io/blog/1366651/jailbreak-scripts-no-key-february-2026-2026-free-download-pc,,2026-02-12
https://ery56rtuyrrgr.itch.io/free-game/devlog/1366652/ryaras-fall-petals-of-depravity-free-game-pc,,2026-02-12
https://itch.io/blog/1366653/fear-2-project-origin-download-grtis-2009,,2026-02-12
https://itch.io/blog/1366654/sushi-ben-2026-,,2026-02-12
https://itch.io/blog/1366655/fear-2-project-origin-2009-descarga-directa-gratis,,2026-02-12
https://itch.io/blog/1366656/thief-2026-,,2026-02-12
https://itch.io/blog/1366658/arsenal-scripts-no-key-february-2026-2026-roblox-scrip,,2026-02-12
https://kghgjymhuh.itch.io/pc/devlog/1366659/subnautica-repack-v83031game-download,,2026-02-12
https://itch.io/blog/1366660/zup-s-2018-descarga-gratuita-pc,,2026-02-12
https://itch.io/blog/1366661/emergency-cleanup-co-crackeado-download-2024,,2026-02-12
https://itch.io/blog/1366662/the-dark-pictures-anthology-little-hope-crackeado-download-2020,,2026-02-12
https://itch.io/blog/1366664/emergency-cleanup-co2026-dl-,,2026-02-12
https://itch.io/blog/1366665/the-dark-pictures-anthology-little-hope-descarga-directa-gratis-2020,,2026-02-12
https://itch.io/blog/1366666/fear-2-project-origin2026-,,2026-02-12
https://itch.io/blog/1366667/adopt-me-scripts-no-key-february-2026-2026-free-download-pc,,2026-02-12
https://itch.io/blog/1366669/lightning-returns-final-fantasy-xiii-2015-descarga-gratuita-pc,,2026-02-12
https://itch.io/blog/1366670/baixar-chicory-a-colorful-tale-2021-grtis-pc,,2026-02-12
https://kghgjymhuh.itch.io/pc/devlog/1366671/stronghold-crusader-definitive-edition-repack-game-download-v201,,2026-02-12
https://itch.io/blog/1366672/rusty-lake-roots-2016-crackeado-download-verso-completa,,2026-02-12
https://itch.io/blog/1366673/doors-scripts-no-key-february-2026-2026-free-roblox-,,2026-02-12
https://yuketoy.itch.io/the-simple-fps-r18ver/devlog/1366674/ver075,,2026-02-12
https://itch.io/blog/1366675/the-dark-pictures-anthology-little-hope-dl-2026,,2026-02-12
https://itch.io/blog/1366676/descargar-rusty-lake-roots-2016-gratis-pc,,2026-02-12
https://itch.io/blog/1366677/-xiii-2026-,,2026-02-12
https://ery56rtuyrrgr.itch.io/free-game/devlog/1366679/demi-human-free-game-pc,,2026-02-12
https://itch.io/blog/1366680/emergency-cleanup-co-2024-descargar-gratis,,2026-02-12
https://itch.io/blog/1366682/tower-of-hell-scripts-no-key-february-2026-2026-download-pc-,,2026-02-12
https://itch.io/blog/1366683/passpartout-2-the-lost-artist-download-grtis-2023-sem-instalao,,2026-02-12
https://itch.io/blog/1366684/milk-outside-a-bag-of-milk-outside-a-bag-of-milk-2021-baixar-pc-grtis-repack,,2026-02-12
https://lunarsiren69.itch.io/hentai-hustle/devlog/1366685/itchiio-release,,2026-02-12
https://itch.io/blog/1366686/milk-outside-a-bag-of-milk-outside-a-bag-of-milk-2021-descarga-gratuita-pc,,2026-02-12
https://itch.io/blog/1366687/rusty-lake-roots2026-,,2026-02-12
https://itch.io/blog/1366688/zup-s-2026-pc,,2026-02-12
https://itch.io/blog/1366690/download-shindo-life-scripts-no-key-february-2026-free-2026-pc,,2026-02-12
https://kufrashe.itch.io/the-shootout/devlog/1366691/new-android-build-available-,,2026-02-12
https://itch.io/blog/1366692/chicory-a-colorful-tale-2021-descargar-para-pc-gratis,,2026-02-12
https://itch.io/blog/1366693/coffee-caravan-2024-baixar-pc-grtis,,2026-02-12
https://itch.io/blog/1366694/the-room-4-old-sins-download-grtis-2021,,2026-02-12
https://itch.io/blog/1366696/bedwars-scripts-no-key-february-2026-2026-free-roblox-script,,2026-02-12
https://infinitecitadel.itch.io/bog-god/devlog/1366697/bw-printer-friendly-docs-released,,2026-02-12
https://itch.io/blog/1366700/natural-disaster-scripts-key-system-august-2026-2026-free-script-,,2026-02-12
https://itch.io/blog/1366702/bedwars-scripts-undetected-november-2026-2026-free-script-,,2026-02-12
https://itch.io/blog/1366703/age-of-wonders-4-trainer-2026-ultimate-empire-domination-suite-free-download,,2026-02-12
https://ryfgjhdrbyfgjhb.itch.io/game/devlog/1366704/age-of-empires-ii-definitive-edition-repack-game-download,,2026-02-12
https://mintyitanium.itch.io/rimor-ost/devlog/1366706/added-name-of-1mp3,,2026-02-12
https://itch.io/blog/1366707/free-brookhaven-scripts-working-august-2026-download-2026-roblox-script,,2026-02-12
https://itch.io/blog/1366708/black-myth-wukong-hack-monkey-king-overlord-free-download-2026,,2026-02-12
https://scubamaster69.itch.io/placeface/devlog/1366709/11-status-update,,2026-02-12
https://itch.io/blog/1366710/blox-fruits-scripts-free-download-february-2026-2026-roblox-,,2026-02-12
https://ryfgjhdrbyfgjhb.itch.io/game/devlog/1366711/sledders-repack-v112game-download,,2026-02-12
https://itch.io/blog/1366712/green-hell-trainer-2026-rainforest-god-mode-free-download,,2026-02-12
https://itch.io/blog/1366713/brookhaven-scripts-free-download-april-2026-2026-roblox-,,2026-02-12
https://eroniverse.itch.io/divine-heel/devlog/1366714/divine-heel-029,,2026-02-12
https://ryfgjhdrbyfgjhb.itch.io/game/devlog/1366716/the-farmer-was-replaced-repack-v10game-download,,2026-02-12
https://itch.io/blog/1366717/blox-fruits-scripts-working-june-2026-2026-free-script-,,2026-02-12
https://itch.io/blog/1366719/poker-night-at-the-inventory-mod-menu-2026-free-download-for-unrivaled-chip-apocalypse-domination,,2026-02-12
https://ryfgjhdrbyfgjhb.itch.io/game/devlog/1366720/trials-rising-repack-latest-versionsgame-download,,2026-02-12
https://itch.io/blog/1366721/brookhaven-scripts-no-key-january-2026-2026-free-download-pc,,2026-02-12
https://itch.io/blog/1366723/bedwars-scripts-undetected-november-2026-2026-roblox-scrip,,2026-02-12
https://itch.io/blog/1366724/merry-bunny-garden-trainer-woozy-escort-overlord-free-download-2026,,2026-02-12
https://itch.io/blog/1366726/roblox-shindo-life-scripts-no-key-september-2026-2026-free-download-pc,,2026-02-12
https://itch.io/blog/1366727/hades-2-cheats-2026-chronos-crusher-free-download,,2026-02-12
https://sytstudio.itch.io/isaac-mobile/devlog/1366728/update-v15,,2026-02-12
https://ryfgjhdrbyfgjhb.itch.io/game/devlog/1366729/gas-station-simulator-repack-game-download,,2026-02-12
https://emisocks.itch.io/wishcutter/devlog/1366731/101-update,,2026-02-12
https://itch.io/blog/1366732/path-of-exile-2-macros-free-download-2026-ultimate-automation-suite,,2026-02-12
https://itch.io/blog/1366733/fighting-simulator-scripts-key-system-april-2026-2026-free-downloa,,2026-02-12
https://itch.io/blog/1366734/nioh-3-crimson-tempest-trainer-2026-free-download-for-yokai-bloodbath-supremacy,,2026-02-12
https://ryfgjhdrbyfgjhb.itch.io/game/devlog/1366735/supermarket-simulator-repack-game-download,,2026-02-12
https://itch.io/blog/1366736/work-at-a-pizza-place-scripts-key-system-december-2026-2026-free-downloa,,2026-02-12
https://luckysandbox.itch.io/virt3d/devlog/1366737/new-poses-added,,2026-02-12
https://itch.io/blog/1366738/bedwars-scripts-free-download-january-2026-2026-downloa,,2026-02-12
https://ryfgjhdrbyfgjhb.itch.io/game/devlog/1366739/stellaris-galaxy-edition-repack-v415game-download,,2026-02-12
https://ery56rtuyrrgr.itch.io/free-game/devlog/1366740/lilith-awakens-free-game,,2026-02-12
https://lisierre.itch.io/sing-or-swim/devlog/1366742/version-101,,2026-02-12
https://itch.io/blog/1366743/pet-simulator-scripts-key-system-june-2026-2026-roblox-scrip,,2026-02-12
https://ryfgjhdrbyfgjhb.itch.io/game/devlog/1366744/bye-sweet-carole-deluxe-edition-repack-v101,,2026-02-12
https://itch.io/blog/1366746/royale-high-scripts-free-download-january-2026-2026-script-,,2026-02-12
https://nauphy.itch.io/incremental-dungeon-game/devlog/1366747/v112-hotfix,,2026-02-12
https://ryfgjhdrbyfgjhb.itch.io/game/devlog/1366749/grounded-2-repack-v0201game-download,,2026-02-12
https://itch.io/blog/1366750/royale-high-scripts-working-june-2026-2026-roblox-scrip,,2026-02-12
https://itch.io/blog/1366751/mewgenics-trainer-free-download-2026,,2026-02-12
https://itch.io/blog/1366752/roblox-bedwars-scripts-no-key-january-2026-2026-script-free,,2026-02-12
https://itch.io/blog/1366753/vehicle-legends-scripts-key-system-october-2026-2026-roblox-scrip,,2026-02-12
https://ryfgjhdrbyfgjhb.itch.io/game/devlog/1366754/grounded-repack-v1474815game-download,,2026-02-12
https://lordbooka.itch.io/vecchio-furioso/devlog/1366755/devlog-5-mapping-the-dust-progress-37,,2026-02-12
https://twosgroup.itch.io/twos-playtestig/devlog/1366756/yes,,2026-02-12
https://itch.io/blog/1366757/roblox-doors-scripts-no-key-february-2026-2026-download-pc-free,,2026-02-12
https://itch.io/blog/1366758/burglin-gnomes-trainer-2026-free-download,,2026-02-12
https://itch.io/blog/1366759/adopt-me-scripts-key-system-january-2026-2026-free-roblox-,,2026-02-12
https://maritocreates.itch.io/mask-64/devlog/1366760/gamejam-game-posted,,2026-02-12
https://itch.io/blog/1366761/fighting-simulator-scripts-undetected-april-2026-2026-free-script-,,2026-02-12
https://deavusuyduyhhdhs.itch.io/stickbox/devlog/1366762/new-update,,2026-02-12
https://itch.io/blog/1366763/vehicle-legends-scripts-working-july-2026-2026-free-roblox-,,2026-02-12
https://ykhgjhnyughvjgh.itch.io/pc/devlog/1366764/alien-rogue-incursion-evolved-edition-deluxe-game-download-v103,,2026-02-12
https://armor-gaming-inc.itch.io/robot-le/devlog/1366765/was-it-worth-the-wait,,2026-02-12
https://itch.io/blog/1366766/brookhaven-scripts-free-download-august-2026-2026-roblox-,,2026-02-12
https://ukhjnhjhbtygjh.itch.io/game/devlog/1366767/the-ruined-bloom-free-game-pc,,2026-02-12
https://itch.io/blog/1366768/call-of-duty-cheats-free-download-2026,,2026-02-12
https://itch.io/blog/1366769/racing-scripts-key-system-june-2026-2026-free-download-pc,,2026-02-12
https://taichi89.itch.io/sex-links/devlog/1366770/06-release,,2026-02-12
https://ykhgjhnyughvjgh.itch.io/pc/devlog/1366771/icarus-complete-the-set-repack-v231214319-game-download3,,2026-02-12
https://emether456.itch.io/core-456/devlog/1366772/a03524-core-abilities,,2026-02-12
https://itch.io/blog/1366773/arsenal-scripts-working-september-2026-2026-free-roblox-script,,2026-02-12
https://iggi97.itch.io/packs-rush/devlog/1366774/new-update-v151,,2026-02-12
https://ukhjnhjhbtygjh.itch.io/game/devlog/1366775/ryaras-fall-petals-of-depravity-free-game-pc,,2026-02-12
https://itch.io/blog/1366776/brookhaven-scripts-free-download-september-2026-2026-roblox-,,2026-02-12
https://ykhgjhnyughvjgh.itch.io/pc/devlog/1366777/barbie-horse-trails-repack-v10game-download,,2026-02-12
https://kiwsety.itch.io/duckgis-engine/devlog/1366778/the-iced-cave,,2026-02-12
https://itch.io/blog/1366779/fighting-simulator-scripts-key-system-january-2026-2026-free-script-,,2026-02-12
https://ukhjnhjhbtygjh.itch.io/game/devlog/1366780/demi-human-free-game,,2026-02-12
https://itch.io/blog/1366781/shindo-life-scripts-free-download-april-2026-2026-roblox-,,2026-02-12
https://ykhgjhnyughvjgh.itch.io/pc/devlog/1366782/little-nightmares-enhanced-edition-repack-builgame-downloadd-19756066,,2026-02-12
https://ukhjnhjhbtygjh.itch.io/game/devlog/1366783/lilith-awakens-free-game-pc,,2026-02-12
https://itch.io/blog/1366784/counterfeit-tycoon-scripts-working-december-2026-2026-free-script-,,2026-02-12
https://ykhgjhnyughvjgh.itch.io/pc/devlog/1366785/hollow-knight-silksong-repack-game-download,,2026-02-12
https://itch.io/blog/1366786/pet-simulator-scripts-free-download-june-2026-2026-downloa,,2026-02-12
https://fletchpike.itch.io/whispering-rooms/devlog/1366787/whispering-rooms-120,,2026-02-12
https://ukhjnhjhbtygjh.itch.io/game/devlog/1366788/fluffy-planet-1-free-game-pc,,2026-02-12
https://cyber-arts.itch.io/yokai-slave/devlog/1366789/patch-30-notes,,2026-02-12
https://itch.io/blog/1366790/jailbreak-scripts-no-key-may-2026-2026-roblox-script-download-pc-free,,2026-02-12
https://ykhgjhnyughvjgh.itch.io/pc/devlog/1366791/daimon-blades-repack-game-download,,2026-02-12
https://itch.io/blog/1366792/vehicle-legends-scripts-working-september-2026-2026-roblox-scrip,,2026-02-12
https://itch.io/blog/1366793/blox-fruits-scripts-free-download-october-2026-2026-roblox-scrip,,2026-02-12
https://jampre.itch.io/midnight-joy-ride-demo/devlog/1366794/midnight-joy-ride-v0024,,2026-02-12
https://ykhgjhnyughvjgh.itch.io/pc/devlog/1366795/blood-of-mehran-repack-game-download,,2026-02-12
https://itch.io/blog/1366796/roblox-counterfeit-tycoon-scripts-working-april-2026-2026-free-download-pc,,2026-02-12
https://itch.io/blog/1366797/arsenal-scripts-key-system-december-2026-2026-free-roblox-,,2026-02-12
https://itch.io/blog/1366799/work-at-a-pizza-place-scripts-free-download-october-2026-2026-roblox-scrip,,2026-02-12
https://itch.io/blog/1366800/arsenal-scripts-working-november-2026-latest-version-2026-free-download-pc,,2026-02-12
https://fulryen.itch.io/downspire-idle/devlog/1366801/v02,,2026-02-12
https://itch.io/blog/1366802/work-at-a-pizza-place-scripts-no-key-may-2026-2026-roblox-scrip,,2026-02-12
https://cjajlk.itch.io/breaker-nocturne/devlog/1366803/breaker-nocturne-devlog-3,,2026-02-12
https://ykhgjhnyughvjgh.itch.io/pc/devlog/1366804/commandos-origins-deluxe-edition-repack-game-download,,2026-02-12
https://suzana-assets.itch.io/16x16-bee-pack/devlog/1366805/-bee-pack-16x16,,2026-02-12
https://ukhjnhjhbtygjh.itch.io/game/devlog/1366806/nurashell-saga-free-game-pc,,2026-02-12
https://zero-to-harem-hero-dev.itch.io/zero-to-harem-hero/devlog/1366807/patch-development-report-019-and-a-sneak-peek-at-020,,2026-02-12
https://itch.io/blog/1366808/work-at-a-pizza-place-scripts-no-key-february-2026-2026-download-pc-,,2026-02-12
https://ykhgjhnyughvjgh.itch.io/pc/devlog/1366809/wartales-the-mercenaries-edition-repack-v1043488,,2026-02-12
https://itch.io/blog/1366810/royale-high-scripts-free-download-june-2026-2026-script-,,2026-02-12
https://leon-sandstone.itch.io/corvis-13-os-alfa/devlog/1366811/10213-map-of-neural-noding-network-postmortem,,2026-02-12
https://itch.io/blog/1366812/pro-rust-cheat-v20-undetected-2026-free-download,,2026-02-12
https://itch.io/blog/1366813/taxi-boss-scripts-undetected-august-2026-2026-roblox-scrip,,2026-02-12
https://ykhgjhnyughvjgh.itch.io/pc/devlog/1366814/castle-of-heart-retold-repack-game-download,,2026-02-12
https://itch.io/blog/1366815/pro-rust-cheat-v20-2026-latest,,2026-02-12
https://itch.io/blog/1366816/pro-valorant-hack-v30-2026-free-cheat-download-pc,,2026-02-12
https://itch.io/blog/1366817/neural-hack-fortnite-external-cheat-2026-free-download,,2026-02-12
https://itch.io/blog/1366818/tracex-hwid-spoofer-the-free-open-source-solution-for-hardware-bans,,2026-02-12
https://jezztoonz.itch.io/futantastic-adventure/devlog/1366819/futantastic-adventure-110,,2026-02-12
https://itch.io/blog/1366820/pro-valorant-hack-v30-undetected-cheat-2026,,2026-02-12
https://itch.io/blog/1366821/aether-cheat-pro-external-2026-free-download-pc,,2026-02-12
https://kxaxcy.itch.io/fish-and-tips/devlog/1366822/version-131-bug-fix,,2026-02-12
https://itch.io/blog/1366823/elite-roblox-hack-v20-free-cheat-download,,2026-02-12
https://itch.io/blog/1366824/mercury-hack-max-external-cheat-2026-free-fortnite-download,,2026-02-12
https://iggi97.itch.io/packs-rush/devlog/1366825/new-update-v152,,2026-02-12
https://itch.io/blog/1366826/elite-roblox-hack-v20-undetected-cheat-2026,,2026-02-12
https://itch.io/blog/1366827/asteroid-esp-ai-fortnite-external-cheat-v109-free-download,,2026-02-12
https://mookiee.itch.io/tegh/devlog/1366828/we-we-we-we,,2026-02-12
https://thtdgcvncbdgc.itch.io/game/devlog/1366829/the-fallen-of-angel-free-game,,2026-02-12
https://itch.io/blog/1366830/elite-warzone-hack-v30-free-cheat-download,,2026-02-12
https://itch.io/blog/1366831/nebula-hack-external-fortnite-cheat-2026-download-pc-,,2026-02-12
https://smiling-astro.itch.io/floppa-takeover/devlog/1366832/very-good-update,,2026-02-12
https://thtdgcvncbdgc.itch.io/game/devlog/1366833/hokages-life-free,,2026-02-12
https://itch.io/blog/1366834/elite-warzone-hack-v30-cheat-2026-safe,,2026-02-12
https://itch.io/blog/1366835/samurai-cheat-fortnite-external-2026-free-fortnit,,2026-02-12
https://itch.io/blog/1366837/elite-warzone-cheat-v20-hack-2026-free-download-pc,,2026-02-12
https://winter-apple.itch.io/castle-in-the-sands/devlog/1366838/castle-in-the-sands-itchio-page-in-now-public,,2026-02-12
https://itch.io/blog/1366839/mercury-hack-fortnite-external-cheat-2026-download-pc-,,2026-02-12
https://thtdgcvncbdgc.itch.io/game/devlog/1366841/red-flags-infidelity-island-game-pc,,2026-02-12
https://itch.io/blog/1366842/elite-warzone-cheat-v20-2026-working,,2026-02-12
https://itch.io/blog/1366843/hydra-hack-external-cheat-2026-free-download,,2026-02-12
https://itch.io/blog/1366845/download-ultimate-fortnite-hack-v20-cheat-free-2026,,2026-02-12
https://itch.io/blog/1366846/pluto-external-pro-fortnite-cheat-2026-che,,2026-02-12
https://thtdgcvncbdgc.itch.io/game/devlog/1366847/shattered-free-game,,2026-02-12
https://sanghendrix.itch.io/easy-text-icon-on-events-rpg-maker-mz-plugin/devlog/1366848/version-201a-bug-fix,,2026-02-12
https://itch.io/blog/1366849/ultimate-fortnite-hack-v20-free-cheat-undetected,,2026-02-12
https://itch.io/blog/1366850/ronin-aimbot-ultra-external-cheat-2026-free-download-pc,,2026-02-12
https://itch.io/blog/1366851/draw-guess-2021-no-install,,2026-02-12
https://itch.io/blog/1366852/download-ultimate-roblox-hack-v20-cheat-free-2026,,2026-02-12
https://itch.io/blog/1366853/nebula-hack-fortnite-external-cheat-2026-free-download,,2026-02-12
https://itch.io/blog/1366854/gradius-origins-direct-download-2025-license,,2026-02-12
https://itch.io/blog/1366855/terraria-2011-download-grtis,,2026-02-12
https://itch.io/blog/1366856/ultimate-roblox-hack-v20-2026-undetected-cheat-bypass,,2026-02-12
https://itch.io/blog/1366857/download-colossus-external-fortnite-cheat-free-2026,,2026-02-12
https://itch.io/blog/1366858/the-last-faith-2023-full-version-download,,2026-02-12
https://tap-tap-legends.itch.io/belle-clicker/devlog/1366859/belle-clicker-release,,2026-02-12
https://itch.io/blog/1366860/descargar-terraria-2011-gratis-pc,,2026-02-12
https://carllacan.itch.io/coreward-demo/devlog/1366861/demo-32-is-out,,2026-02-12
https://itch.io/blog/1366862/off-2025-portable-download-steam,,2026-02-12
https://itch.io/blog/1366863/baixar-rimworld-2018-grtis-pc,,2026-02-12
https://itch.io/blog/1366864/elite-rust-cheat-v30-2026-free-download-pc,,2026-02-12
https://itch.io/blog/1366865/quantum-aimbot-external-cheat-2026-free-download,,2026-02-12
https://itch.io/blog/1366866/katana-zero-2019-full-version-download,,2026-02-12
https://itch.io/blog/1366867/rimworld-2018-descargar-gratis,,2026-02-12
https://itch.io/blog/1366868/terraria-2026-,,2026-02-12
https://itch.io/blog/1366869/factorio-2020-baixar-pc-grtis,,2026-02-12
https://itch.io/blog/1366870/download-crypt-of-the-necrodancer-2015-no-install,,2026-02-12
https://itch.io/blog/1366871/blackhole-aimbot-vr-fortnite-external-cheat-2026-free-download,,2026-02-12
https://itch.io/blog/1366872/elite-rust-cheat-v30-hack-2026-no-ban,,2026-02-12
https://thtdgcvncbdgc.itch.io/game/devlog/1366873/fantasy-date-free-game-pc,,2026-02-12
https://kivsa85.itch.io/rtxfixer/devlog/1366874/v21-update-advanced-monitor-targeting-smarter-safety-logic,,2026-02-12
https://itch.io/blog/1366875/factorio-2020-descargar-para-pc-gratis,,2026-02-12
https://itch.io/blog/1366876/rimworld-2026-,,2026-02-12
https://itch.io/blog/1366877/download-persona-5-strikers-2021-full-version,,2026-02-12
https://itch.io/blog/1366878/project-zomboid-2013-download-grtis,,2026-02-12
https://itch.io/blog/1366879/minenumbing-demo,,2026-02-12
https://itch.io/blog/1366880/ultimate-minecraft-hack-v30-working-free-cheat-download-pc-2026,,2026-02-12
https://itch.io/blog/1366881/jupiter-aimbot-premium-fortnite-external-cheat-2026-ext,,2026-02-12
https://itch.io/blog/1366882/download-pentiment-2022-repack,,2026-02-12
https://itch.io/blog/1366883/factorio2026-,,2026-02-12
https://itch.io/blog/1366884/project-zomboid-2013-descargar-para-pc-gratis,,2026-02-12
https://itch.io/blog/1366885/dave-the-diver-verso-completa-grtis-2023,,2026-02-12
https://itch.io/blog/1366886/astro-prospector-2025-free-download,,2026-02-12
https://itch.io/blog/1366887/ultimate-minecraft-hack-v30-free-cheat-working,,2026-02-12
https://itch.io/blog/1366888/colossus-external-fortnite-cheat-2026-ext,,2026-02-12
https://itch.io/blog/1366889/project-zomboid-dl-2026-,,2026-02-12
https://itch.io/blog/1366890/dave-the-diver-2023-descargar-para-pc-gratis,,2026-02-12
https://itch.io/blog/1366891/kaizen-a-factory-story-repack-download-2025,,2026-02-12
https://alesuper22.itch.io/soyo/devlog/1366892/soyo,,2026-02-12
https://itch.io/blog/1366893/animus-non-grata-is-in-the-year-of-the-fire-horse-bundle,,2026-02-12
https://itch.io/blog/1366894/age-of-empires-ii-definitive-edition-2019-baixar-pc-grtis,,2026-02-12
https://itch.io/blog/1366895/ultimate-overwatch-cheat-v30-free-download-pc,,2026-02-12
https://itch.io/blog/1366896/download-griffin-aimbot-neo-fortnite-external-cheat-free-2026-full-version,,2026-02-12
https://itch.io/blog/1366897/heads-will-roll-reforged-2023-torrent-download-all-dlc,,2026-02-12
https://itch.io/blog/1366898/-2026-,,2026-02-12
https://itch.io/blog/1366899/age-of-empires-ii-definitive-edition-versin-completa-gratis-2019,,2026-02-12
https://itch.io/blog/1366901/children-of-morta-2019-repack-download,,2026-02-12
https://itch.io/blog/1366902/balatro-2024-verso-completa-grtis-porttil,,2026-02-12
https://thegamingbenjer.itch.io/iron-lung-remastered/devlog/1366903/uptate,,2026-02-12
https://itch.io/blog/1366904/ultimate-overwatch-cheat-v30-undetected-2026-no-ban,,2026-02-12
https://itch.io/blog/1366905/download-ghost-aimbot-external-fortnite-cheat-free-2026-no-ban,,2026-02-12
https://itch.io/blog/1366906/age-of-empires-ii-definitive-edition-2026-,,2026-02-12
https://itch.io/blog/1366907/balatro-descarga-gratuita-pc-2024-crackeado,,2026-02-12
https://itch.io/blog/1366908/forager-2019-free-download,,2026-02-12
https://itch.io/blog/1366909/ball-x-pit-2025-download-grtis,,2026-02-12
https://itch.io/blog/1366910/download-final-fantasy-ii-2021-no-install,,2026-02-12
https://itch.io/blog/1366911/pro-cs2-hack-v30-free-cheat-download-pc,,2026-02-12
https://itch.io/blog/1366912/paradox-cheat-fortnite-external-2026-che,,2026-02-12
https://itch.io/blog/1366913/ball-x-pit-descarga-gratuita-pc-2025-versin-completa,,2026-02-12
https://itch.io/blog/1366914/balatro2026-dl-,,2026-02-12
https://gusvfx.itch.io/dronesquad/devlog/1366915/core-systems-update-scoring-zones-and-support-drones,,2026-02-12
https://itch.io/blog/1366916/download-rusty-lake-paradise-2018-free,,2026-02-12
https://itch.io/blog/1366917/darkest-dungeon-ii-2023-verso-completa-grtis,,2026-02-12
https://itch.io/blog/1366918/pro-cs2-hack-v30-working-undetected-cheat-2026,,2026-02-12
https://itch.io/blog/1366919/quantum-aimbot-pro-fortnite-external-cheat-2026-ext,,2026-02-12
https://itch.io/blog/1366920/darkest-dungeon-ii-2023-descargar-para-pc-gratis,,2026-02-12
https://itch.io/blog/1366921/ball-x-pit-2026-dl,,2026-02-12
https://itch.io/blog/1366922/download-craft-the-world-2014-torrent,,2026-02-12
https://thtdgcvncbdgc.itch.io/game/devlog/1366923/my-femdom-boss-free-game-pc,,2026-02-12
https://itch.io/blog/1366924/metal-gear-metal-gear-2-solid-snake-2023-download-grtis-porttil,,2026-02-12
https://rocketpunchpress.itch.io/jrpg-quest-the-rpg/devlog/1366925/new-solo-game,,2026-02-12
https://itch.io/blog/1366926/skullgirls-2nd-encore-2013-pc-download-steam,,2026-02-12
https://itch.io/blog/1366927/download-elite-warzone-cheat-v30-free-2026,,2026-02-12
https://itch.io/blog/1366928/pulsar-external-fortnite-cheat-2026-free-externa,,2026-02-12
https://clickteam.itch.io/clickteam-fusion/devlog/1366929/clicktips-introduction-to-object-selection,,2026-02-12
https://itch.io/blog/1366930/metal-gear-metal-gear-2-solid-snake-2023-descarga-gratuita-pc,,2026-02-12
https://itch.io/blog/1366931/darkest-dungeon-ii-2026-,,2026-02-12
https://timelimit4062.itch.io/stackfolk/devlog/1366932/stackfolk-v110-recipeui-improvements-step-by-step-tutorial,,2026-02-12
https://itch.io/blog/1366933/mini-metro-2015-direct-download,,2026-02-12
https://itch.io/blog/1366934/cuphead-2017-download-grtis,,2026-02-12
https://itch.io/blog/1366935/download-elite-warzone-cheat-v30-free-2026-anti-cheat,,2026-02-12
https://itch.io/blog/1366936/jupiter-aimbot-neo-fortnite-external-cheat-2026-free-download-pc,,2026-02-12
https://itch.io/blog/1366937/download-rogue-legacy-2-2022-full-version,,2026-02-12
https://itch.io/blog/1366938/cuphead-2017-descargar-gratis,,2026-02-12
https://itch.io/blog/1366939/metal-gear-metal-gear-2-solid-snake2026-dl-,,2026-02-12
https://itch.io/blog/1366940/the-last-starship-2026-crackeado-download,,2026-02-12
https://itch.io/blog/1366941/primal-planet-2025-no-install,,2026-02-12
https://itch.io/blog/1366942/elite-rust-hack-v30-free-cheat-download-pc-2026-no-virus,,2026-02-12
https://itch.io/blog/1366943/download-asteroid-esp-max-fortnite-external-cheat-free-2026,,2026-02-12
https://itch.io/blog/1366944/cuphead2026-pc,,2026-02-12
https://itch.io/blog/1366945/descargar-the-last-starship-2026-gratis-pc,,2026-02-12
https://itch.io/blog/1366946/jump-king-direct-download-2019,,2026-02-12
https://itch.io/blog/1366947/vampire-survivors-2022-crackeado-download,,2026-02-12
https://itch.io/blog/1366948/elite-rust-hack-v30-no-ban-cheat-2026,,2026-02-12
https://itch.io/blog/1366949/cabernet-no-install-2025-license,,2026-02-12
https://itch.io/blog/1366950/cosmos-aimbot-ultra-fortnite-external-cheat-2026-che,,2026-02-12
https://itch.io/blog/1366951/the-last-starship-2026-,,2026-02-12
https://itch.io/blog/1366952/vampire-survivors-2022-descarga-gratuita-pc-versin-completa,,2026-02-12
https://itch.io/blog/1366953/slay-the-spire-2019-baixar-pc-grtis,,2026-02-12
https://itch.io/blog/1366954/rollercoaster-tycoon-2-triple-thrill-pack-2002-free-download-gog,,2026-02-12
https://itch.io/blog/1366955/vampire-survivors-2026-dl,,2026-02-12
https://itch.io/blog/1366956/slay-the-spire-2019-descarga-directa-gratis-portable,,2026-02-12
https://itch.io/blog/1366957/pro-minecraft-cheat-v20-free-download-latest-version,,2026-02-12
https://itch.io/blog/1366958/aether-cheat-plus-external-2026-free-download-pc,,2026-02-12
https://itch.io/blog/1366959/pharaoh-a-new-era-2023-portable-download-updated,,2026-02-12
https://itch.io/blog/1366960/core-keeper-2024-crackeado-download-sem-instalao,,2026-02-12
https://itch.io/blog/1366961/wall-world-2-no-install-2025-updated,,2026-02-12
https://itch.io/blog/1366962/slay-the-spire-pc-2026-,,2026-02-12
https://electrozinhu.itch.io/distortium/devlog/1366963/distortium-v011-replay-gallery-bugfixes,,2026-02-12
https://itch.io/blog/1366964/core-keeper-2024-descarga-gratuita-pc,,2026-02-12
https://itch.io/blog/1366965/samurai-cheat-max-fortnite-external-2026-free-download,,2026-02-12
https://itch.io/blog/1366966/pro-minecraft-cheat-v20-free-working-anti-cheat,,2026-02-12
https://itch.io/blog/1366967/peggle-deluxe-2007-free-download-multiplayer,,2026-02-12
https://itch.io/blog/1366968/dead-cells-verso-completa-grtis-2018,,2026-02-12
https://itch.io/blog/1366969/dead-cells-2026-pc,,2026-02-12
https://itch.io/blog/1366970/dead-cells-2018-versin-completa-gratis,,2026-02-12
https://itch.io/blog/1366971/level-devil-2025-direct-download-steam,,2026-02-12
https://itch.io/blog/1366972/aether-cheat-fortnite-external-2026-free-externa,,2026-02-12
https://itch.io/blog/1366973/pro-overwatch-hack-v30-working-download-pc-free-2026,,2026-02-12
https://itch.io/blog/1366974/glyphica-typing-survival-2024-download-grtis,,2026-02-12
https://itch.io/blog/1366975/kingdom-rush-tower-defense-2014-cracked-download,,2026-02-12
https://itch.io/blog/1366977/core-keeper-2026-,,2026-02-12
https://itch.io/blog/1366978/descargar-glyphica-typing-survival-2024-gratis-pc,,2026-02-12
https://itch.io/blog/1366979/pro-overwatch-hack-v30-cheat-2026-undetected,,2026-02-12
https://itch.io/blog/1366980/spectrum-hack-external-cheat-2026-free-download,,2026-02-12
https://itch.io/blog/1366981/download-clanfolk-2022-repack,,2026-02-12
https://itch.io/blog/1366982/baixar-dwarves-glory-death-and-loot-2026-grtis-pc,,2026-02-12
https://itch.io/blog/1366983/glyphica-typing-survival-2026,,2026-02-12
https://itch.io/blog/1366984/download-worms-armageddon-2026-no-install,,2026-02-12
https://itch.io/blog/1366985/dwarves-glory-death-and-loot-2026-descargar-para-pc-gratis,,2026-02-12
https://itch.io/blog/1366986/ultimate-gta-5-hack-v30-cheat-2026-free-download-pc,,2026-02-12
https://itch.io/blog/1366987/phoenix-cheat-fortnite-external-2026-free-fortnit,,2026-02-12
https://itch.io/blog/1366988/the-last-spell-2023-baixar-pc-grtis,,2026-02-12
https://itch.io/blog/1366989/relic-guardian-tower-defense-2025-free-download-multiplayer,,2026-02-12
https://itch.io/blog/1366990/-2026-,,2026-02-12
https://itch.io/blog/1366991/the-last-spell-2023-versin-completa-gratis,,2026-02-12
https://itch.io/blog/1366992/ultimate-gta-5-hack-v30-working-safe-cheat-2026,,2026-02-12
https://itch.io/blog/1366993/saturn-esp-neo-fortnite-external-cheat-2026-free-fortnit,,2026-02-12
https://itch.io/blog/1366994/forestrike-no-install-2025,,2026-02-12
https://itch.io/blog/1366995/mio-memories-in-orbit-2026-baixar-pc-grtis-porttil,,2026-02-12
https://itch.io/blog/1366996/the-jackbox-party-pack-10-2023-no-install-updated,,2026-02-12
https://itch.io/blog/1366997/the-last-spell-2026,,2026-02-12
https://itch.io/blog/1366999/mio-memories-in-orbit-2026-descarga-gratuita-pc,,2026-02-12
https://itch.io/blog/1367000/elite-valorant-hack-v20-undetected-cheat-2026-download-pc-free,,2026-02-12
https://itch.io/blog/1367002/hydra-hack-ai-fortnite-external-cheat-2026-download-pc-,,2026-02-12
https://itch.io/blog/1367003/shogun-showdown-torrent-download-2024,,2026-02-12
https://itch.io/blog/1367004/nine-sols-2024-baixar-grtis-pc,,2026-02-12
https://winteryedge.itch.io/black-rose-a-netori-story/devlog/1367005/valentines-adult-games-year-of-the-fire-horse-adult-games-bundles,,2026-02-12
https://itch.io/blog/1367006/mio-memories-in-orbit-2026-,,2026-02-12
https://itch.io/blog/1367007/nine-sols-2024-descarga-directa-gratis-repack,,2026-02-12
https://itch.io/blog/1367008/space-warlord-organ-trading-simulator-2021-portable-download,,2026-02-12
https://itch.io/blog/1367009/elite-valorant-hack-v20-cheat-2026-no-ban-virus,,2026-02-12
https://itch.io/blog/1367010/ghost-aimbot-pro-fortnite-external-cheat-2026-che,,2026-02-12
https://jubsgames.itch.io/luminary-protocol/devlog/1367011/development-update-10022026,,2026-02-12
https://itch.io/blog/1367012/prison-architect-2015-baixar-pc-grtis,,2026-02-12
https://itch.io/blog/1367013/age-of-empires-ii-retired-2013-cracked-download,,2026-02-12
https://itch.io/blog/1367014/-2026-pc,,2026-02-12
https://itch.io/blog/1367016/prison-architect-descargar-para-pc-gratis-2015,,2026-02-12
https://itch.io/blog/1367017/ultimate-rust-cheat-v20-download-pc-free-2026-no-virus,,2026-02-12
https://itch.io/blog/1367018/ninja-external-cheat-2026-download-pc-free,,2026-02-12
https://itch.io/blog/1367019/moonlighter-full-version-download-2018-multiplayer,,2026-02-12
https://itch.io/blog/1367020/brotato-2023-download-grtis,,2026-02-12
https://adriaen-vdm.itch.io/the-understory-cycle-of-care/devlog/1367021/starting-the-understory-playtest,,2026-02-12
https://asrueq.itch.io/generic-platformer-prototype/devlog/1367022/new-release,,2026-02-12
https://itch.io/blog/1367023/prison-architect-2026,,2026-02-12
https://grumpyeen.itch.io/the-shattering/devlog/1367024/105-early-access-104-public-release,,2026-02-12
https://neilswanson.itch.io/combatboss-by-neil-swanson/devlog/1367025/composer-with-platinum-touring-background,,2026-02-12
https://itch.io/blog/1367026/brotato-2023-descargar-para-pc-gratis,,2026-02-12
https://itch.io/blog/1367027/dealers-life-2-2022-no-install-all-dlc,,2026-02-12
https://itch.io/blog/1367028/download-nova-fortnite-ai-external-cheat-free-2026,,2026-02-12
https://itch.io/blog/1367029/ultimate-rust-cheat-v20-hack-2026-no-ban,,2026-02-12
https://itch.io/blog/1367030/barotrauma-2023-verso-completa-grtis,,2026-02-12
https://itch.io/blog/1367031/download-fish-to-dish-idle-sushi-2025-free,,2026-02-12
https://itch.io/blog/1367032/brotato-2026-pc,,2026-02-12
https://itch.io/blog/1367033/descargar-barotrauma-2023-gratis-pc,,2026-02-12
https://itch.io/blog/1367034/shadow-esp-pro-fortnite-external-cheat-2026-free-fortnit,,2026-02-12
https://itch.io/blog/1367035/elite-cs2-hack-v20-cheat-free-download-2026-anti-cheat,,2026-02-12
https://itch.io/blog/1367036/pit-people-2018-full-version-download,,2026-02-12
https://tattin.itch.io/stay/devlog/1367037/dev-log-3-nathan-tatti,,2026-02-12
https://razorous-gooball-mantis.itch.io/razorous-gooball-mantis-vertical-shooter-edition/devlog/1367038/update-101,,2026-02-12
https://itch.io/blog/1367039/a-game-about-feeding-a-black-hole-2025-crackeado-download-repack,,2026-02-12
https://home-inspiration-1100.itch.io/senior-game/devlog/1367040/senior-game,,2026-02-12
https://itch.io/blog/1367041/barotrauma-2026-,,2026-02-12
https://itch.io/blog/1367042/airport-ceo-2021-direct-download-gog,,2026-02-12
https://itch.io/blog/1367043/descargar-a-game-about-feeding-a-black-hole-2025-gratis-pc,,2026-02-12
https://itch.io/blog/1367044/orion-external-max-fortnite-cheat-2026-free-download,,2026-02-12
https://itch.io/blog/1367045/elite-cs2-hack-v20-free-cheat-working,,2026-02-12
https://itch.io/blog/1367046/news-tower-download-grtis-2025,,2026-02-12
https://itch.io/blog/1367047/umamusume-pretty-derby-party-dash-2024-cracked-download,,2026-02-12
https://itch.io/blog/1367048/a-game-about-feeding-a-black-hole-2026-dl,,2026-02-12
https://itch.io/blog/1367049/descargar-news-tower-2025-gratis-pc,,2026-02-12
https://itch.io/blog/1367050/ronin-aimbot-external-fortnite-cheat-2026-free-fortnit,,2026-02-12
https://itch.io/blog/1367051/download-pro-overwatch-cheat-v20-free-2026,,2026-02-12
https://itch.io/blog/1367052/rocket-rats-2024-portable-download,,2026-02-12
https://crankvoid.itch.io/ftp/devlog/1367053/update-beta-v02,,2026-02-12
https://itch.io/blog/1367054/aethermancer-2025-baixar-grtis-pc,,2026-02-12
https://itch.io/blog/1367055/news-tower2026-,,2026-02-12
https://itch.io/blog/1367056/street-fighter-v-free-download-2016,,2026-02-12
https://itch.io/blog/1367057/aethermancer-descarga-gratuita-pc-2025,,2026-02-12
https://itch.io/blog/1367058/jupiter-aimbot-pro-fortnite-external-cheat-2026-che,,2026-02-12
https://itch.io/blog/1367059/pro-overwatch-cheat-v20-hack-2026-safe,,2026-02-12
https://itch.io/blog/1367060/the-escapists-2-baixar-pc-grtis-2017,,2026-02-12
https://itch.io/blog/1367061/impostor-factory-2021-direct-download-all-dlc,,2026-02-12
https://itch.io/blog/1367062/-aethermancer2026-,,2026-02-12
https://itch.io/blog/1367063/the-escapists-2-2017-descargar-gratis,,2026-02-12
https://itch.io/blog/1367064/ultimate-minecraft-cheat-v20-hack-2026-free-download,,2026-02-12
https://itch.io/blog/1367065/nova-fortnite-pro-external-cheat-2026-free-fortnit,,2026-02-12
https://itch.io/blog/1367066/nimrods-2024-cracked-download,,2026-02-12
https://itch.io/blog/1367067/dragon-quest-xi-s-echoes-of-an-elusive-age-definitive-edition-2020-baixar-pc-gr,,2026-02-12
https://itch.io/blog/1367068/mega-man-zerozx-legacy-collection-2020-repack-download,,2026-02-12
https://itch.io/blog/1367069/the-escapists-2-2026,,2026-02-12
https://barribob.itch.io/feed-the-void/devlog/1367070/update-003,,2026-02-12
https://itch.io/blog/1367071/ultimate-minecraft-cheat-v20-free-download-latest,,2026-02-12
https://itch.io/blog/1367072/nebula-hack-max-free-fortnite-external-cheat-v847-download,,2026-02-12
https://itch.io/blog/1367073/dragon-quest-xi-s-ecos-de-un-pasado-perdido-edicin-definitiva-2020-descarga-dir,,2026-02-12
https://itch.io/blog/1367074/consume-me-2025-repack-download,,2026-02-12
https://itch.io/blog/1367075/baixar-super-fantasy-kingdom-2025-grtis-pc,,2026-02-12
https://itch.io/blog/1367076/download-pro-gta-5-hack-v30-cheat-free-2026,,2026-02-12
https://itch.io/blog/1367077/xi-s-2026-dl-,,2026-02-12
https://itch.io/blog/1367078/solar-hack-max-fortnite-external-cheat-2026-ext,,2026-02-12
https://itch.io/blog/1367079/super-fantasy-kingdom-2025-descargar-para-pc-gratis-versin-completa,,2026-02-12
https://itch.io/blog/1367080/beholder-conductor-2025-no-install-all-dlc,,2026-02-12
https://itch.io/blog/1367081/baixar-plague-inc-evolved-2016-grtis-pc,,2026-02-12
https://cringechan.itch.io/the-neon-city/devlog/1367082/neon-fantasies-v0006,,2026-02-12
https://razorous-gooball-mantis.itch.io/razorous-gooball-mantis-asteroids-edition/devlog/1367083/update-101,,2026-02-12
https://itch.io/blog/1367084/download-etrian-odyssey-iii-hd-2023-portable,,2026-02-12
https://itch.io/blog/1367085/download-pro-gta-5-hack-v30-cheat-free-2026-bypass,,2026-02-12
https://itch.io/blog/1367086/colossus-external-cheat-2026-fortnite-free,,2026-02-12
https://itch.io/blog/1367087/super-fantasy-kingdom-2026-,,2026-02-12
https://mnn988.itch.io/lclodl/devlog/1367088/cold-multiple-language-updates,,2026-02-12
https://itch.io/blog/1367089/plague-inc-evolved-2016-descarga-directa-gratis,,2026-02-12
https://tatissamagames.itch.io/esqueleto-pirata/devlog/1367090/proyecto-calavera-de-quick-play-a-clickteam-fusion,,2026-02-12
https://itch.io/blog/1367091/9-kings-2025-download-grtis,,2026-02-12
https://itch.io/blog/1367092/elite-cs2-cheat-v20-free-download-2026,,2026-02-12
https://itch.io/blog/1367093/plague-inc-evolved2026-pc-,,2026-02-12
https://itch.io/blog/1367094/ghost-aimbot-external-cheat-2026-fortnite-free-no-ban,,2026-02-12
https://itch.io/blog/1367095/9-kings-2025-versin-completa-gratis,,2026-02-12
https://itch.io/blog/1367096/under-night-in-birth-ii-sysceles-2024-baixar-pc-grtis,,2026-02-12
https://itch.io/blog/1367097/9-kings-9-2026-,,2026-02-12
https://itch.io/blog/1367098/elite-cs2-cheat-v20-latest-2026,,2026-02-12
https://itch.io/blog/1367099/download-pulsar-external-pro-fortnite-cheat-free-2026,,2026-02-12
https://itch.io/blog/1367100/under-night-in-birth-ii-sysceles-2024-descargar-gratis,,2026-02-12
https://itch.io/blog/1367101/dome-keeper-baixar-pc-grtis-2022,,2026-02-12
https://itch.io/blog/1367102/under-night-in-birth-ii-sysceles-2026-,,2026-02-12
https://itch.io/blog/1367103/ultimate-roblox-hack-v30-2026-cheat-free-download,,2026-02-12
https://itch.io/blog/1367104/saturn-esp-v475-2026-fortnite-external-cheat-download-pc-free,,2026-02-12
https://itch.io/blog/1367105/dome-keeper-2022-descargar-para-pc-gratis-versin-completa,,2026-02-12
https://itch.io/blog/1367106/dome-keeper-2026-dl,,2026-02-12
https://itch.io/blog/1367107/draw-guess-2021-baixar-grtis-pc,,2026-02-12
https://itch.io/blog/1367108/ultimate-roblox-hack-v30-free-cheat-download-working,,2026-02-12
https://itch.io/blog/1367109/draw-guess-2021-versin-completa-gratis,,2026-02-12
https://itch.io/blog/1367110/dragon-external-cheat-2026-download-pc-free,,2026-02-12
https://xanderx555.itch.io/rogeria-escape/devlog/1367111/update-11-type-medium,,2026-02-12
https://perico415.itch.io/stealing-from-the-history-museum/devlog/1367112/rotating-home-screen-title-3-level-settings,,2026-02-12
https://itch.io/blog/1367113/draw-guess-2026,,2026-02-12
https://itch.io/blog/1367114/he-is-coming-2025-verso-completa-grtis-crackeado,,2026-02-12
https://itch.io/blog/1367115/descargar-he-is-coming-2025-gratis-pc,,2026-02-12
https://itch.io/blog/1367116/download-elite-roblox-cheat-v20-free-2026,,2026-02-12
https://itch.io/blog/1367117/download-ronin-aimbot-max-fortnite-external-cheat-free-2026-latest-version,,2026-02-12
https://aivari.itch.io/under-the-influence-of-desire/devlog/1367118/under-the-influence-of-desire-update-02-add-level-2-pc-and-android,,2026-02-12
https://itch.io/blog/1367119/he-is-coming-2026-pc,,2026-02-12
https://mistrenkin.itch.io/slot-girls/devlog/1367120/v21-minor-update,,2026-02-12
https://itch.io/blog/1367121/chrono-trigger-baixar-grtis-pc-2018,,2026-02-12
https://itch.io/blog/1367122/chrono-trigger-2018-descarga-directa-gratis-sin-instalacin,,2026-02-12
https://itch.io/blog/1367123/elite-roblox-cheat-v20-hack-2026-no-ban,,2026-02-12
https://itch.io/blog/1367124/synaptic-external-neo-fortnite-cheat-2026-download-pc-,,2026-02-12
https://itch.io/blog/1367125/-2026-,,2026-02-12
https://itch.io/blog/1367126/baixar-until-then-2024-grtis-pc,,2026-02-12
https://itch.io/blog/1367127/until-then-2024-descarga-gratuita-pc-repack,,2026-02-12
https://itch.io/blog/1367128/mars-cheat-plus-fortnite-external-2026-che,,2026-02-12
https://itch.io/blog/1367129/download-elite-gta-5-cheat-v20-free-2026-anti-cheat,,2026-02-12
https://itch.io/blog/1367130/until-then-2026-pc,,2026-02-12
https://itch.io/blog/1367131/melvor-idle-2021-crackeado-download-sem-instalao,,2026-02-12
https://itch.io/blog/1367132/melvor-idle-2021-descarga-gratuita-pc-repack,,2026-02-12
https://itch.io/blog/1367133/behemoth-cheat-hd-fortnite-external-2026-download-pc-,,2026-02-12
https://itch.io/blog/1367134/elite-gta-5-cheat-v20-undetected-2026-safe-bypass,,2026-02-12
https://itch.io/blog/1367135/melvor-idle2026-dl,,2026-02-12
https://ashgb.itch.io/station-heroes-for-hire/devlog/1367136/106-minor-ui-tweaks,,2026-02-12
https://itch.io/blog/1367137/doki-doki-literature-club-plus-2021-verso-completa-grtis-crackeado,,2026-02-12
https://itch.io/blog/1367138/doki-doki-literature-club-plus-2021-versin-completa-gratis,,2026-02-12
https://royaltystudio.itch.io/an-astronomers-study/devlog/1367139/dev-log-week-4-text-blueprints-setting-props-for-storytelling,,2026-02-12
https://itch.io/blog/1367141/elite-gta-5-hack-v30-2026-download-pc-free,,2026-02-12
https://itch.io/blog/1367142/doki-doki-literature-club-plus-2026-,,2026-02-12
https://itch.io/blog/1367143/shinobi-art-of-vengeance-2025-baixar-grtis-pc,,2026-02-12
https://dilloid.itch.io/the-masque-of-the-red-dance/devlog/1367144/small-post-jam-update,,2026-02-12
https://theogamer-37.itch.io/bobos-adventure/devlog/1367145/fix-logo-app,,2026-02-12
https://itch.io/blog/1367146/shinobi-art-of-vengeance-descarga-gratuita-pc-2025,,2026-02-12
https://itch.io/blog/1367147/elite-gta-5-hack-v30-working-undetected-cheat-2026,,2026-02-12
https://strangemattergaming.itch.io/void-eaters/devlog/1367148/void-eaters-v013-new-maps-and-some-polish,,2026-02-12
https://itch.io/blog/1367149/valentines-day-2026,,2026-02-12
https://itch.io/blog/1367150/shinobi-2026-,,2026-02-12
https://itch.io/blog/1367151/ratatan-2025-crackeado-download,,2026-02-12
https://squirclegames.itch.io/hey-waifu-ai/devlog/1367152/secretwaifu-v021,,2026-02-12
https://itch.io/blog/1367153/ratatan-2025-versin-completa-gratis,,2026-02-12
https://hueaxis.itch.io/humans-are-not-that-against-lizardwomen-2/devlog/1367154/try-this-new-year-adult-sale,,2026-02-12
https://itch.io/blog/1367155/download-elite-fortnite-cheat-v20-free-2026,,2026-02-12
https://hueaxis.itch.io/humans-are-not-that-against-lizardwomen/devlog/1367156/try-this-new-year-adult-sale,,2026-02-12
https://itch.io/blog/1367157/ratatan-2026,,2026-02-12
https://itch.io/blog/1367158/stoneshard-2020-verso-completa-grtis,,2026-02-12
https://itch.io/blog/1367159/stoneshard-2020-versin-completa-gratis,,2026-02-12
https://itch.io/blog/1367160/download-elite-fortnite-cheat-v20-free-2026,,2026-02-12
https://itch.io/blog/1367161/stoneshard-2026-pc,,2026-02-12
https://bat-enthusiast.itch.io/demon-detectives/devlog/1367162/demon-detectives-is-now-playable-in-browser,,2026-02-12
https://itch.io/blog/1367163/hackhub-ultimate-hacker-simulator-2026-download-grtis,,2026-02-12
https://itch.io/blog/1367164/hackhub-ultimate-hacker-simulator-2026-descargar-para-pc-gratis,,2026-02-12
https://scubamaster69.itch.io/baldis-basics-classic-unofficial/devlog/1367165/new-mod,,2026-02-12
https://itch.io/blog/1367166/pro-apex-legends-hack-v20-free-cheat-download,,2026-02-12
https://itch.io/blog/1367167/hackhub-ultimate-hacker-simulator2026-,,2026-02-12
https://itch.io/blog/1367168/final-fantasy-vi-2022-descargar-gratis-versin-completa,,2026-02-12
https://itch.io/blog/1367169/final-fantasy-vi-2022-crackeado-download,,2026-02-12
https://itch.io/blog/1367170/pro-apex-legends-hack-v20-working-cheat-2026-no-virus,,2026-02-12
https://itch.io/blog/1367171/final-fantasy-vi2026-,,2026-02-12
https://itch.io/blog/1367172/descargar-oneshot-2016-gratis-pc,,2026-02-12
https://itch.io/blog/1367173/baixar-oneshot-2016-grtis-pc,,2026-02-12
https://itch.io/blog/1367174/elite-roblox-hack-v30-free-cheat-download,,2026-02-12
https://itch.io/blog/1367175/-dl-2026-,,2026-02-12
https://itch.io/blog/1367176/karryns-prison-2021-descargar-para-pc-gratis-crackeado,,2026-02-12
https://itch.io/blog/1367177/karryns-prison-2021-download-grtis,,2026-02-12
https://itch.io/blog/1367178/elite-roblox-hack-v30-undetected-cheat-2026-working,,2026-02-12
https://itch.io/blog/1367179/oneshot-2026-dl,,2026-02-12
https://itch.io/blog/1367180/fantasa-de-la-isla-feliz-2025-descarga-gratuita-pc,,2026-02-12
https://itch.io/blog/1367181/happy-island-fantasy-2025-verso-completa-grtis-repack,,2026-02-12
https://itch.io/blog/1367182/ultimate-apex-legends-cheat-v30-2026-free-hack-download,,2026-02-12
https://ben-the-game-translator.itch.io/repeat-th/devlog/1367183/-repeat,,2026-02-12
https://itch.io/blog/1367184/-pc-2026,,2026-02-12
https://sweet-buns.itch.io/harem-fantasy/devlog/1367185/release-times-in-different-countries-discounted-price-,,2026-02-12
https://itch.io/blog/1367186/fallout-a-post-nuclear-role-playing-game-2026-versin-completa-gratis,,2026-02-12
https://itch.io/blog/1367187/fallout-a-post-nuclear-role-playing-game-2026-crackeado-download,,2026-02-12
https://itch.io/blog/1367188/ultimate-apex-legends-cheat-v30-2026-working-latest-version,,2026-02-12
https://itch.io/blog/1367189/fallout-a-post-nuclear-role-playing-game-2026-,,2026-02-12
https://scubamaster69.itch.io/baldis-basics-classic-unofficial/devlog/1367190/145-added,,2026-02-12
https://ruben-tipparach.itch.io/the-return-of-tom-lander/devlog/1367191/tom-lander-coming-to-steam,,2026-02-12
https://itch.io/blog/1367192/teenage-mutant-ninja-turtles-shredders-revenge-2022-descarga-directa-gratis,,2026-02-12
https://itch.io/blog/1367193/baixar-teenage-mutant-ninja-turtles-shredders-revenge-2022-grtis-pc,,2026-02-12
https://itch.io/blog/1367194/pro-fortnite-cheat-v20-free-download-pc,,2026-02-12
https://itch.io/blog/1367195/teenage-mutant-ninja-turtles-shredders-revenge2026-,,2026-02-12
https://itch.io/blog/1367196/keep-on-mining-descargar-para-pc-gratis-2025,,2026-02-12
https://itch.io/blog/1367197/keep-on-mining-download-grtis-2025,,2026-02-12
https://itch.io/blog/1367198/pro-fortnite-cheat-v20-undetected-2026,,2026-02-12
https://black-heart-games-studio.itch.io/messy-hearts/devlog/1367199/messy-hearts-visual-novel-major-update,,2026-02-12
https://starlight-productions.itch.io/human-pills/devlog/1367200/a-few-statements-and-such,,2026-02-12
https://itch.io/blog/1367201/keep-on-mining-2026-,,2026-02-12
https://spudiiman.itch.io/one-night-at-skeld/devlog/1367202/new-cover-image,,2026-02-12
https://itch.io/blog/1367203/descargar-blacksmith-master-2025-gratis-pc,,2026-02-12
https://itch.io/blog/1367204/blacksmith-master-2025-baixar-pc-grtis-porttil,,2026-02-12
https://cooldude8549.itch.io/super-balloy/devlog/1367205/alpha-2-is-near,,2026-02-12
https://itch.io/blog/1367206/pro-cs2-hack-v20-working-free-download-2026,,2026-02-12
https://itch.io/blog/1367207/blacksmith-master-2026-,,2026-02-12
https://itch.io/blog/1367208/just-shapes-beats-2018-versin-completa-gratis,,2026-02-12
https://itch.io/blog/1367209/baixar-just-shapes-beats-2018-grtis-pc,,2026-02-12
https://itch.io/blog/1367210/pro-cs2-hack-v20-free-cheat-no-ban,,2026-02-12
https://mintyitanium.itch.io/rimor-ost/devlog/1367211/added-intro-soundtrack,,2026-02-12
https://itch.io/blog/1367212/just-shapes-beats-2026-,,2026-02-12
https://itch.io/blog/1367213/thank-goodness-youre-here-2024-descargar-gratis,,2026-02-12
https://itch.io/blog/1367214/thank-goodness-youre-here-2024-crackeado-download-repack,,2026-02-12
https://itch.io/blog/1367215/ultimate-gta-5-cheat-v30-undetected-2026-free-download,,2026-02-12
https://itch.io/blog/1367216/thank-goodness-youre-here-2026-dl,,2026-02-12
https://itch.io/blog/1367217/descargar-gradius-origins-2025-gratis-pc,,2026-02-12
https://itch.io/blog/1367218/baixar-gradius-origins-2025-grtis-pc,,2026-02-12
https://itch.io/blog/1367219/ultimate-gta-5-cheat-v30-working-2026,,2026-02-12
https://itch.io/blog/1367220/-2026-dl-,,2026-02-12
https://itch.io/blog/1367221/sanabi-versin-completa-gratis-2023,,2026-02-12
https://itch.io/blog/1367222/sanabi-crackeado-download-2023-sem-instalao,,2026-02-12
https://itch.io/blog/1367223/pro-gta-5-cheat-v30-free-download,,2026-02-12
https://itch.io/blog/1367224/hotline-miami-2026,,2026-02-12
https://itch.io/blog/1367225/hotline-miami-2012-descargar-gratis-portable,,2026-02-12
https://itch.io/blog/1367226/hotline-miami-2012-download-grtis,,2026-02-12
https://itch.io/blog/1367227/pro-gta-5-cheat-v30-free-safe-latest-version,,2026-02-12
https://funonegames.itch.io/name-tag-rpg/devlog/1367228/name-tag-rpg-zine-format,,2026-02-12
https://kxaxcy.itch.io/dead-weight/devlog/1367229/version-171-bug-fix,,2026-02-12
https://itch.io/blog/1367231/sanabi-2026-dl,,2026-02-12
https://itch.io/blog/1367232/descargar-futa-zone-lewd-control-2026-gratis-pc,,2026-02-12
https://itch.io/blog/1367233/futa-zone-lewd-control-download-grtis-2026-repack,,2026-02-12
https://kxaxcy.itch.io/magic-knight-rose/devlog/1367234/version-131-bug-fix,,2026-02-12
https://0xunivers.itch.io/pokaidle/devlog/1367235/update-v480-industry-unity,,2026-02-12
https://itch.io/blog/1367236/hotline-miami-2-wrong-number-dl-2026,,2026-02-12
https://itch.io/blog/1367237/risk-of-rain-returns-2023-descargar-para-pc-gratis,,2026-02-12
https://itch.io/blog/1367238/risk-of-rain-returns-2023-download-grtis-crackeado,,2026-02-12
https://fgygverdfch.itch.io/free/devlog/1367239/red-flags-infidelity-island-free-game-pc,,2026-02-12
https://stawer.itch.io/lucky-paradox/devlog/1367240/crafting-lucky-paradox-55-pumpkin-sisters-time,,2026-02-12
https://itch.io/blog/1367241/futa-zone-lewd-control-2026-,,2026-02-12
https://itch.io/blog/1367242/hotline-miami-2-wrong-number-2015-descarga-gratuita-pc,,2026-02-12
https://itch.io/blog/1367243/hotline-miami-2-wrong-number-verso-completa-grtis-2015,,2026-02-12
https://itch.io/blog/1367244/risk-of-rain-returns-2026-,,2026-02-12
https://itch.io/blog/1367245/ninja-gaiden-ragebound-2025-crackeado-download,,2026-02-12
https://itch.io/blog/1367246/ninja-gaiden-ragebound-2025-descarga-directa-gratis,,2026-02-12
https://zeothefirst.itch.io/total-havoc-essentials/devlog/1367248/play-test-version,,2026-02-12
https://anxiousmimicrpgs.itch.io/girl-frame/devlog/1367249/16-project-ankou-trainer-insurgent,,2026-02-12
https://itch.io/blog/1367250/ninja-gaiden-ragebound-2026-,,2026-02-12
https://hoogsie.itch.io/overtime-overdrive/devlog/1367251/post-jam-talk,,2026-02-12
https://itch.io/blog/1367252/baixar-star-ocean-the-second-story-r-2023-grtis-pc,,2026-02-12
https://itch.io/blog/1367253/star-ocean-the-second-story-r-descarga-directa-gratis-2023,,2026-02-12
https://itch.io/blog/1367254/star-ocean-the-second-story-r-2026-,,2026-02-12
https://itch.io/blog/1367255/baixar-bladechimera-2025-grtis-pc,,2026-02-12
https://itch.io/blog/1367256/descargar-bladechimera-2025-gratis-pc,,2026-02-12
https://xanderx555.itch.io/rogeria-escape/devlog/1367257/update-12-coming-20-march,,2026-02-12
https://roguecentaur.itch.io/the-black-alder/devlog/1367258/2102026-update,,2026-02-12
https://itch.io/blog/1367259/-2026-,,2026-02-12
https://itch.io/blog/1367260/age-of-history-3-2024-verso-completa-grtis,,2026-02-12
https://itch.io/blog/1367261/age-of-history-3-2024-descarga-gratuita-pc-crackeado,,2026-02-12
https://scubamaster69.itch.io/baldis-basics-classic-unofficial/devlog/1367262/15-added,,2026-02-12
https://itch.io/blog/1367263/age-of-history-3-2026-,,2026-02-12
https://itch.io/blog/1367264/the-last-faith-crackeado-download-2023,,2026-02-12
https://itch.io/blog/1367265/the-last-faith-2023-descargar-para-pc-gratis-versin-completa,,2026-02-12
https://zillatronics.itch.io/zombiemecha/devlog/1367266/zombie-threat-tiles,,2026-02-12
https://itch.io/blog/1367267/the-last-faith2026-pc-,,2026-02-12
https://itch.io/blog/1367268/realm-of-ink-crackeado-download-2024-porttil,,2026-02-12
https://itch.io/blog/1367269/realm-of-ink-versin-completa-gratis-2024,,2026-02-12
https://masimaro.itch.io/number-puzzle-sword-craft/devlog/1367270/solve-sudoku-puzzles-collect-materials-and-forge-legendary-swords,,2026-02-12
https://kuroticateam.itch.io/hermiones-shop/devlog/1367271/android-v0121-bugfix,,2026-02-12
https://itch.io/blog/1367272/realm-of-ink-2026-,,2026-02-12
https://itch.io/blog/1367273/off-2025-baixar-pc-grtis,,2026-02-12
https://itch.io/blog/1367274/off-versin-completa-gratis-2025,,2026-02-12
https://itch.io/blog/1367275/off-2026-,,2026-02-12
https://itch.io/blog/1367276/final-fantasy-v-2021-download-grtis,,2026-02-12
https://insomnia-syndicate.itch.io/sucker-punch-ai/devlog/1367277/devlog-0220-visual-clean-up-2,,2026-02-12
https://itch.io/blog/1367278/final-fantasy-v-2021-versin-completa-gratis,,2026-02-12
https://itch.io/blog/1367279/evil-west-ps5-pro-walkthrough-gameplay,,2026-02-12
https://itch.io/blog/1367280/katana-zero-2019-verso-completa-grtis,,2026-02-12
https://itch.io/blog/1367281/final-fantasy-v-2026-,,2026-02-12
https://itch.io/blog/1367282/descargar-katana-zero-2019-gratis-pc,,2026-02-12
https://itch.io/blog/1367285/katana-zero-2026-pc-,,2026-02-12
https://wolfpendragon2.itch.io/wmake-a-decision/devlog/1367286/fase-de-desarrollo-versin-00721,,2026-02-12
https://itch.io/blog/1367287/baixar-persona-5-strikers-2021-grtis-pc,,2026-02-12
https://itch.io/blog/1367288/persona-5-strikers-2021-descarga-directa-gratis,,2026-02-12
https://panosroz.itch.io/bob-the-necromancer/devlog/1367289/finally-added-diagonal-movement,,2026-02-12
https://itch.io/blog/1367290/evil-west-ps5-pro-walkthrough-gameplay,,2026-02-12
https://itch.io/blog/1367291/5-2026-,,2026-02-12
https://itch.io/blog/1367292/crypt-of-the-necrodancer-2015-crackeado-download,,2026-02-12
https://kornphlake.itch.io/neonbushido/devlog/1367293/neon-bushido-is-live-play-in-browser,,2026-02-12
https://piperlandgames.itch.io/pipers-featherland-anomalies/devlog/1367294/update-v015,,2026-02-12
https://cmcas-games.itch.io/prayers-of-distorted-minds-demo/devlog/1367295/changelog-v11-fixes,,2026-02-12
https://itch.io/blog/1367296/catel-albastru-joc-video-v131-news,,2026-02-12
https://leon-sandstone.itch.io/corvis-13-os-alfa/devlog/1367297/corvisnot-this-is-psu-ram1-rom23-pinroute-pins13-21241671-i-lake-77-i5-16gb-not-but-1371-ptb-lfe-lake1,,2026-02-12
https://teenluma.itch.io/golden/devlog/1367298/less-is-more,,2026-02-12
https://cmcas-games.itch.io/prayers-of-distorted-minds/devlog/1367299/pdm-changelog-v11-update-fixes,,2026-02-12
https://kaijota.itch.io/graverun/devlog/1367300/game-update-definitive-jam-edition,,2026-02-12
https://leinad82.itch.io/schnueddel-idle/devlog/1367301/gilden-system,,2026-02-12
https://madhh.itch.io/depths-unfathomed/devlog/1367302/hotfix-2,,2026-02-12
https://m8n-matandessaur.itch.io/cranked-metal/devlog/1367303/launched-,,2026-02-12
https://bryce-davie-sheridan.itch.io/housing-crisis-creator/devlog/1367304/brycedavie-alpha-progress-devlog,,2026-02-12
https://xteamgg.itch.io/guitar-for-noobs/devlog/1367305/guitar-for-noobs-release,,2026-02-12
https://adriaen-vdm.itch.io/the-understory-cycle-of-care/devlog/1367306/straightening-out-links-and-titles,,2026-02-12
https://cinema-lumiron.itch.io/lustoria/devlog/1367307/game-title-changed-and-full-version-is-now-free,,2026-02-12
https://voidchair.itch.io/the-cursed-climb/devlog/1367308/post-jam-update,,2026-02-12
https://jampley-dev.itch.io/gravity-storm-first-mission/devlog/1367309/im-still-working-on-the-android-port,,2026-02-12
https://chris-tutorials.itch.io/grid-building-godot/devlog/1367310/502-movable-enforcement-bug-fixes,,2026-02-12
https://mrshaxy.itch.io/the-veil/devlog/1367311/03-progress-update-2,,2026-02-12
https://petridreams.itch.io/amino-shift-beta-2024/devlog/1367312/pheromone-sensing,,2026-02-12
https://amine-zala.itch.io/x-s-advent/devlog/1367313/pool-time,,2026-02-12
https://restlesspedals.itch.io/restless-pedals/devlog/1367314/internal-use-admin-dashboard-and-inventory-sharing-feature-progress,,2026-02-12
https://cursed-games-devs.itch.io/di-nexus/devlog/1367315/atributions-of-the-models,,2026-02-12
https://alexyoc.itch.io/punch-bag-extreme/devlog/1367316/update-v3,,2026-02-12
https://latiencur.itch.io/crypt-stalkers/devlog/1367317/new-creature-the-skeleton,,2026-02-12
https://flashdrivegames.itch.io/brawler-boys/devlog/1367319/brawler-boys-2026-and-beyond-road-map,,2026-02-12
https://jeffercizer.itch.io/princess-stuffer/devlog/1367320/update-02-details,,2026-02-12
https://mikiziee.itch.io/rock-pebble-stone/devlog/1367321/rps-devlog-4,,2026-02-12
https://antonmakesgames.itch.io/linvitation/devlog/1367322/fix-une-semaine-aprs,,2026-02-12
https://guard2175.itch.io/meme-battle-2175/devlog/1367323/v0113,,2026-02-12
https://garagecraft-games.itch.io/helios/devlog/1367324/phasepass-architecture-evolution-of-the-game-loop,,2026-02-12
https://thebreckters.itch.io/mystery-at-davids-chapter-2/devlog/1367325/small-update,,2026-02-12
https://tausham.itch.io/lastreach/devlog/1367326/quests-lore-and-new-weapons,,2026-02-12
https://zarioly.itch.io/sweet-love/devlog/1367327/update-114-and-fixes-sweet-love,,2026-02-12
https://emether456.itch.io/core-456/devlog/1367328/a03527-abilities-quick-patch,,2026-02-12
https://tapdig.itch.io/dasca-app/devlog/1367329/092-release-highlights,,2026-02-12
https://b3arin.itch.io/decora/devlog/1367330/capstone-devlog-4,,2026-02-12
https://huracangames.itch.io/square-jump/devlog/1367331/update-11-alpha,,2026-02-12
https://lyrical-artistry.itch.io/fleeting-memories/devlog/1367332/fleeting-memories-update-4-final-version-released,,2026-02-12
https://deri-lulzz.itch.io/oasg-alpha/devlog/1367333/wtf-is-happening-with-the-game,,2026-02-12
https://big-rickclause.itch.io/how-to-walk-with-a-gorilla/devlog/1367334/added-slight-guide-to-help-player-know-where-to-go,,2026-02-12
https://titsagundam.itch.io/paw-pulse/devlog/1367335/pawpulse-fixes-and-future-updates,,2026-02-12
https://dangamedevgml.itch.io/ultimate-bomb-factory/devlog/1367336/ultimate-bomb-factory-update,,2026-02-12
https://monfery.itch.io/kandl/devlog/1367337/hotfix-011,,2026-02-12
https://lumix-studio.itch.io/the-prepers/devlog/1367338/the-prepers-atualizao,,2026-02-12
https://naughty-underworld.itch.io/kingdom-of-subversion/devlog/1367339/other-projects-in-case-you-didnt-know,,2026-02-12
https://naughty-underworld.itch.io/the-solarion-project/devlog/1367340/other-projects-in-case-you-didnt-know,,2026-02-12
https://neroblyt.itch.io/pc-clicker/devlog/1367341/v010-,,2026-02-12
https://ooooggll.itch.io/retrograde/devlog/1367342/update-v21,,2026-02-12
https://itch.io/blog/1367344/a-new-update-to-emilys-,,2026-02-12
https://tmw-dretski.itch.io/star-pop-defender/devlog/1367345/v152-released,,2026-02-12
https://love-vixen.itch.io/project-lazeredge/devlog/1367346/project-lazeredge-00,,2026-02-12
https://addi-4th.itch.io/the-foundation-awakens/devlog/1367347/updates-book,,2026-02-12
https://drake42.itch.io/dragongate-visual-novel/devlog/1367348/update-to-version-0020,,2026-02-12
https://munchmo.itch.io/xenodochium/devlog/1367349/fighting-with-tags,,2026-02-12
https://sirtophamhakurei.itch.io/wiseland-adventures/devlog/1367350/enterwiseland-adventures,,2026-02-12
https://theguyiskindacool.itch.io/sprunki-misfit-mix-leaked-build/devlog/1367351/official-misfitmix-is-out-gas-ts-up,,2026-02-12
https://remi2d.itch.io/2d-game-tile-pack-7-environments/devlog/1367352/2d-game-tile-pack-7-environments,,2026-02-12
https://iggi97.itch.io/packs-rush/devlog/1367353/new-update-v153,,2026-02-12
https://le-havre.itch.io/becoming-captain-the-cardgame-rpg-test/devlog/1367354/road-to-steam-steam-next-fest-update,,2026-02-12
https://itch.io/blog/1367355/meet-the-mad-lads,,2026-02-12
https://mayfleurs.itch.io/capstone-environment/devlog/1367356/devlog-4,,2026-02-12
https://mandyjwatson.itch.io/fencing-practice/devlog/1367358/version-11-some-tweaks-and-a-new-interaction,,2026-02-12
https://dadbodgames.itch.io/it-never-ends/devlog/1367359/devlogexe-font-settings-entropy-tuning,,2026-02-12
https://brizzly.itch.io/the-colosseum-challenge/devlog/1367360/protocol-stress-test-v001-is-live,,2026-02-12
https://brutehq.itch.io/brute/devlog/1367361/021026-wall-running-level-improvements,,2026-02-12
https://leon-sandstone.itch.io/corvis-13-os-alfa/devlog/1367362/respectfully-future,,2026-02-12
https://ocalit.itch.io/pettogemu/devlog/1367363/change-log-128,,2026-02-12
https://hyperpixel.itch.io/infinitesimal-spherical-cows/devlog/1367364/beyond-the-second-dimension,,2026-02-12
https://comb-s-portfolio.itch.io/test-proj/devlog/1367365/posted-prototype,,2026-02-12
https://bryce-davie-sheridan.itch.io/housing-crisis-creator/devlog/1367366/leon-alpha-devlog,,2026-02-12
https://snapmods.itch.io/tomboy-girls-pack/devlog/1367367/tomboy-girls-v2-release,,2026-02-12
https://keyqueststudio.itch.io/darkbazaar/devlog/1367368/devlog-7-ice-ice-baby,,2026-02-12
https://tattin.itch.io/stay/devlog/1367370/dev-log-3-jeff-tao,,2026-02-12
https://xptitloupx.itch.io/felicity/devlog/1367373/felicity-in-chinesefelicity-en-chino,,2026-02-12
https://itch.io/blog/1367375/save-the-tiger-warzone-relief-funds,,2026-02-12
https://m8n-matandessaur.itch.io/my-parking-spot/devlog/1367376/launched-,,2026-02-12
https://itch.io/blog/1367377/the-lost-keep,,2026-02-12
https://eulucastiagolt.itch.io/slender-wake/devlog/1367378/update-v113,,2026-02-12
https://panzadabira.itch.io/wildroots-grove-of-the-last-guardian/devlog/1367379/devlog-02-progression-rewards-and-community-feedback,,2026-02-12
https://superanibital.itch.io/let-islands/devlog/1367380/parche-42,,2026-02-12
https://huindie.itch.io/punch/devlog/1367381/punch-forever-120-and-itchio-re-release,,2026-02-12
https://big-rickclause.itch.io/how-to-walk-with-a-gorilla/devlog/1367382/okay-okay-laaaaaast-update,,2026-02-12
https://radiodecadance.itch.io/bomber-cats-napalm-strike/devlog/1367383/emotions,,2026-02-12
https://blindprogaming1.itch.io/typing-mania/devlog/1367384/version-11,,2026-02-12
https://zukomteam.itch.io/ghost-shell/devlog/1367385/first-update-for-ghost-shell,,2026-02-12
https://navy3000.itch.io/chess-defense/devlog/1367386/steam-version-info,,2026-02-12
https://zypher-studio.itch.io/voidrun/devlog/1367387/vodrun,,2026-02-12
https://kesash.itch.io/kesashs-dynamic-renpy-phone-system/devlog/1367388/a-question-for-people-a-poll-idk-need-opinions,,2026-02-12
https://void-shaft-games.itch.io/void-pachinko-demo/devlog/1367389/steam-playtest-and-other-updates,,2026-02-12
https://void-shaft-games.itch.io/void-pachinko-demo/devlog/1367390/steam-playtest-and-other-updates,,2026-02-12
https://leon-sandstone.itch.io/corvis-13-os-alfa/devlog/1367391/the-prier-and-promise,,2026-02-12
https://deepblueskull.itch.io/grim-nature/devlog/1367392/week-6-devlog,,2026-02-12
https://devvayo.itch.io/a-love-like-broken-glass/devlog/1367393/act-1-complete,,2026-02-12
https://douimet.itch.io/topdog/devlog/1367395/topdog-launch-merci-aux-premiers-joueurs-roadmap,,2026-02-12
https://dndice.itch.io/blackmyre/devlog/1367396/blackmyre-v01-major-update,,2026-02-12
https://lilliterra.itch.io/hamster-electric-company/devlog/1367398/bug-fix-2,,2026-02-12
https://stealtheyellc.itch.io/verification-primitives-catalog/devlog/1367399/tiny-update,,2026-02-12
https://itch.io/blog/1367400/bundle-for-palestine,,2026-02-12
https://salutationssystem.itch.io/label-start-to-return/devlog/1367401/-life-start-to-return-reveal-,,2026-02-12
https://leon-sandstone.itch.io/corvis-13-os-alfa/devlog/1367402/update-patches-3-1-for-today,,2026-02-12
https://mamota-games.itch.io/crankwords/devlog/1367403/crankwords-released,,2026-02-12
https://salutationssystem.itch.io/lstr-m12-playtest/devlog/1367404/ver-2601221625,,2026-02-12
https://tsuysoshie.itch.io/quenfantasycardgame/devlog/1367405/quen-card-game-multiplayer-in-development,,2026-02-12
https://justanothernick.itch.io/recrew/devlog/1367406/recrew-rewrite-update-7,,2026-02-12
https://luruska.itch.io/blanked/devlog/1367407/nova-atualizao,,2026-02-12
https://ascendedarts.itch.io/wardstone/devlog/1367409/wardstone,,2026-02-12
https://notritter.itch.io/spawn-map-designer/devlog/1367410/spawn-map-designer-v101-workflow-quality-of-life-update,,2026-02-12
https://adriaen-vdm.itch.io/the-understory-cycle-of-care/devlog/1367412/thanks-for-the-feedback,,2026-02-12
https://cristoferr.itch.io/broken-provinces/devlog/1367413/changelog-so-far-030,,2026-02-12
https://nobrainergames.itch.io/the-firm-hooligan-game/devlog/1367414/new-v3-is-here,,2026-02-12
https://kierangames.itch.io/office-horror-prototype/devlog/1367415/some-changes-made,,2026-02-12
https://itomi.itch.io/digital-character-sheet-isle-of-ixx/devlog/1367417/entering-the-wood,,2026-02-12
https://itomi.itch.io/digital-character-sheet-for-cairn/devlog/1367418/cairn-v2-digital-sheet-is-live,,2026-02-12
https://tauront7.itch.io/beta-character-sheet-wip/devlog/1367419/added-run-animation-front-back-left-right,,2026-02-12
https://monfery.itch.io/kandl/devlog/1367420/hotfix-012,,2026-02-12
https://justsethhl.itch.io/3674traininggrounds/devlog/1367421/update-110,,2026-02-12
https://itch.io/blog/1367422/idiot,,2026-02-12
https://itch.io/blog/1367423/free-voices,,2026-02-12
https://jchillgames.itch.io/threads-of-fate/devlog/1367424/input-rewrite-ui-redesign-and-a-cleaner-architecture,,2026-02-12
https://gatewayrpg.itch.io/gateway-rpg-rules/devlog/1367425/new-ai-assisted-game-master-instructions,,2026-02-12
https://the-fermi-paradox.itch.io/the-fermi-paradox-early-access/devlog/1367426/anake-update-simple-modding-support-version-073,,2026-02-12
https://teamodev.itch.io/i-need-to-be-in-love/devlog/1367427/i-need-to-be-in-love-14-early-access,,2026-02-12
https://itch.io/blog/1367428/bad-dog,,2026-02-12
https://naughty-narratives.itch.io/my-lewd-therapy/devlog/1367429/my-lewd-therapy-v09-v08-released,,2026-02-12
https://liamrogersdeveloper.itch.io/tilepix-tileset-and-tilemap-creator-for-ipad-and-mac/devlog/1367430/tilepix-v18-update-tools-icon-and-more,,2026-02-12
https://andrewwritegood.itch.io/terzaks-trundling-tower/devlog/1367431/added-concept-sketches-developed-with-4yo,,2026-02-12
https://ak-siva.itch.io/surviving-tetros/devlog/1367432/patch-102-improved-point-system,,2026-02-12
https://rncgames.itch.io/sand-requiem/devlog/1367433/a-new-update-is-here,,2026-02-12
https://lilyk4.itch.io/shadows-of-desire/devlog/1367434/windows-build-v02a-available-patreon,,2026-02-12
https://vistadev12.itch.io/vista-beat-2/devlog/1367435/vista-beat-2-releases,,2026-02-12
https://alimede.itch.io/slide-four-the-ingenious-puzzle-game/devlog/1367436/app-no-longer-on-google-play-apk-downloads-available-here,,2026-02-12
https://itch.io/blog/1367437/sights-expansion-is-now-available,,2026-02-12
https://safetystoatstudios.itch.io/lock-and-toad/devlog/1367438/lock-and-toad-005-released,,2026-02-12
https://napuland.itch.io/napulanddemo2026/devlog/1367439/napuland-demo-2026-aggiornata-1022026,,2026-02-12
https://lekseylex.itch.io/fragmented-grave/devlog/1367440/and-you-say-you-arent-scared,,2026-02-12
https://ogrydr3.itch.io/sage-lite/devlog/1367441/sagelite-v111-easier-setup-fresh-look,,2026-02-12
https://atelier-hwei.itch.io/complete-pariah-zini/devlog/1367442/2026-files-at-long-last,,2026-02-12
https://nuclear-saints.itch.io/do-not-obey-in-advance/devlog/1367443/version-112-uploaded,,2026-02-12
https://nightnixi20x05.itch.io/five-nights-at-sonics-new-arrival/devlog/1367444/keep-your-eyes-peeled,,2026-02-12
https://likeaninja.itch.io/tempted/devlog/1367445/dev-log2,,2026-02-12
https://crazyspence.itch.io/the-last-pumpkin/devlog/1367446/source-code-release,,2026-02-12
https://hirukarogue.itch.io/aenigma-eden-ttrpg/devlog/1367448/update-beta-241,,2026-02-12
https://itch.io/blog/1367450/update,,2026-02-12
https://itch.io/blog/1367451/homebrew-dd-2024-buckler-armaduras,,2026-02-12
https://charlottehicken.itch.io/rooting-for-you/devlog/1367452/dev-log-2-hizo-chen,,2026-02-12
https://triumastra.itch.io/starshine-ccg/devlog/1367453/starshine-ccg-week-1,,2026-02-12
https://itch.io/blog/1367454/homebrew-dd-2024-half-sword-estilo-de-combate,,2026-02-12
https://itch.io/blog/1367455/homebrew-dd-2024-martillo-meteoro-armas,,2026-02-12
https://triumastra.itch.io/starshine-ccg/devlog/1367456/starshine-ccg-week-2,,2026-02-12
https://itch.io/blog/1367457/scratch-games-mobile,,2026-02-12
https://triumastra.itch.io/starshine-ccg/devlog/1367458/starshine-ccg-week-3,,2026-02-12
https://triumastra.itch.io/starshine-ccg/devlog/1367459/starshine-ccg-week-4,,2026-02-12
https://andrewdoubleu.itch.io/muse-demo/devlog/1367460/devlog-4,,2026-02-12
https://sonicjcpro5.itch.io/big-scary-modded-level-34-update-not-by-me-by-solar/devlog/1367461/les-go,,2026-02-12
https://m8n-matandessaur.itch.io/wooorm/devlog/1367462/launched-,,2026-02-12
https://itch.io/blog/1367463/eidolon-nexus-grab-a-copy-delve-into-the-nexus,,2026-02-12
https://maniospas.itch.io/dungeon-die-die/devlog/1367464/dungeon-die-die-updates-on-the-fun-parts,,2026-02-12
https://azakaela.itch.io/lost-audio-engine/devlog/1367465/lost-audio-engine-is-live,,2026-02-12
https://subsupreme.itch.io/lustfall/devlog/1367466/lustfall-update-11,,2026-02-12
https://northbeachstudio.itch.io/reinvaders/devlog/1367467/hello-world,,2026-02-12
https://zxnashx.itch.io/beginner-go-game/devlog/1367468/companion-baduk-144,,2026-02-12
https://rocrac.itch.io/spooltape/devlog/1367469/enhanced-version-of-spooltape-out-now,,2026-02-12
https://elreymono.itch.io/celia-a-private-date/devlog/1367470/big-update-futa-route-added-full-english-support-gran-actualizacin,,2026-02-12
https://chainspunkk.itch.io/am-i-gonna-regret-this/devlog/1367471/voting-is-open,,2026-02-12
https://benedictbutnotpapst.itch.io/bronzite-engine/devlog/1367472/i-am-sorry-to-all-to-announce-the-closing-of-bronzite,,2026-02-12
https://bcsstudio.itch.io/delicious-travelings/devlog/1367473/happy-1st-anniversary-illustration,,2026-02-12
https://icanfast.itch.io/wish-upon-a-block/devlog/1367474/023,,2026-02-12
https://bryce-davie-sheridan.itch.io/housing-crisis-creator/devlog/1367475/joaofreire-alpha-devlog,,2026-02-12
https://jwonka2.itch.io/best-by-manager/devlog/1367476/devlog-v119-,,2026-02-12
https://tmcgry.itch.io/fangs-claws-coins/devlog/1367477/v045,,2026-02-12
https://skmmdr.itch.io/duraka/devlog/1367479/061,,2026-02-12
https://alle-0.itch.io/card-of-moral-decay/devlog/1367480/cards-of-moral-decay-v403,,2026-02-12
https://leon-sandstone.itch.io/corvis-13-os-alfa/devlog/1367481/the-summarization-of-how-it-feels,,2026-02-12
https://brizzly.itch.io/the-colosseum-challenge/devlog/1367482/sitrep-hotfix-deployed-v002-live,,2026-02-12
https://ellieta57.itch.io/gacha-realms-gl2-mod/devlog/1367483/beta-version-released,,2026-02-12
https://chsgamedesign.itch.io/chs-p4-game-jonathan/devlog/1367486/update-133-credentials,,2026-02-12
https://finalpillar.itch.io/extract-game-web/devlog/1367487/patch-46,,2026-02-12
https://notnoob14.itch.io/jonnys-place/devlog/1367489/new-difficulty,,2026-02-12
https://beaglevalvetypically.itch.io/sprunkiject/devlog/1367490/sprunkiject,,2026-02-12
https://ajtoons.itch.io/sis-and-bro/devlog/1367491/february-update,,2026-02-12
https://randgamedev.itch.io/pbs-2d/devlog/1367492/v024,,2026-02-12
https://generalchaos81.itch.io/valley-forge/devlog/1367493/vlog-7,,2026-02-12
https://hichamdv.itch.io/moroccan-nature-scans-tree-bark-vol-1-2k-seamless-tgapng-texture/devlog/1367494/nature-scans-vol1-moroccan-forest-bark-texture,,2026-02-12
https://hostmolch.itch.io/tower-of-agontia/devlog/1367495/feature-release-092beta,,2026-02-12
https://joshnoctaly.itch.io/living-with-aisha/devlog/1367496/actualizacin-104,,2026-02-12
https://phewcumber.itch.io/skeleton-pack/devlog/1367497/new-skeleton-a-mage,,2026-02-12
https://obsession-games.itch.io/old-mate-dave/devlog/1367498/new-stuff-new-build,,2026-02-12
https://nev-653411.itch.io/123/devlog/1367499/123,,2026-02-12
https://itch.io/blog/1367500/official-website,,2026-02-12
https://limegreenstudios.itch.io/ball-escape/devlog/1367501/devlog-1-home-screen-animation-progress,,2026-02-12
https://captcollidus.itch.io/coinballer/devlog/1367502/new-prototype-level-and-moar-speed,,2026-02-12
https://hmogames.itch.io/carnival-roulette/devlog/1367503/help-shape-carnival-roulette-a-high-risk-card-horror-game,,2026-02-12
https://pi3rce.itch.io/lithium/devlog/1367504/made-some-textures,,2026-02-12
https://jregory.itch.io/this-vibecoded-roguelike-might-be-broken/devlog/1367505/211-mode-rebalancing,,2026-02-12
https://grumpyl1on.itch.io/treeternal/devlog/1367506/1500-plays-in-less-than-24-hours-thank-you-alpha-updates,,2026-02-12
https://zombiebunnygames.itch.io/exoterra/devlog/1367507/exoterra-v033,,2026-02-12
https://zelofi.itch.io/bring-food-origins/devlog/1367508/the-game-is-out-mane,,2026-02-12
https://wubdub1.itch.io/jokebox/devlog/1367510/wenda-poo-poo,,2026-02-12
https://thepjmm23.itch.io/project-pj/devlog/1367511/project-pj,,2026-02-12
https://msilvestro.itch.io/one-in-a-thousand/devlog/1367512/play-anywhere-with-the-android-version-v101,,2026-02-12
https://emvyy.itch.io/tax-fraug/devlog/1367514/playtest-1,,2026-02-12
https://megmourant.itch.io/bookreader/devlog/1367515/-book-reader-plugin-version-27-update,,2026-02-12
https://guiorgui37.itch.io/shame-of-the-olympians/devlog/1367516/replaced-the-ai-generated-cover-with-a-hand-drawn-cover,,2026-02-12
https://hectoverse.itch.io/roguelike-d6/devlog/1367517/dungeon-aide-roguelike-d6-beta,,2026-02-12
https://waltthecrusher.itch.io/samantha/devlog/1367518/spicy-screens-from-the-new-game-webcam-gangbang,,2026-02-12
https://jeffercizer.itch.io/princess-stuffer/devlog/1367519/suprise-update-02-out-now,,2026-02-12
https://zitongwang.itch.io/may-be-dead/devlog/1367520/may-be-dead-is-now-available,,2026-02-12
https://wick.itch.io/lancer-tactics/devlog/1367521/steam-wishlist-page-debut-trailer,,2026-02-12
https://posta-arg.itch.io/truco-ar/devlog/1367522/versin-01,,2026-02-12
https://problem-18.itch.io/i-need-to-go/devlog/1367523/new-blogs-regarding-the-games-development,,2026-02-12
https://jamburger11052.itch.io/monkorilla-v2/devlog/1367524/small-update,,2026-02-12
https://stafi-lynx.itch.io/dormitory23/devlog/1367525/dormitory23-v03-devlog,,2026-02-12
https://skypage6.itch.io/dynamic-quest-mission-tracker-system/devlog/1367527/devlog-1-stop-hardcoding-your-quests-add-an-rpg-mission-system-in-5-mins,,2026-02-12
https://zechrx.itch.io/hanamagi/devlog/1367528/2026-02-10,,2026-02-12
https://mangomoose.itch.io/trainsweeper/devlog/1367529/trainsweeper-alpha-005,,2026-02-12
https://grasmans.itch.io/ccss-design-practice-3/devlog/1367530/dev-log-2-alpha-casiana-a,,2026-02-12
https://annaseries.itch.io/violet-sunset/devlog/1367531/emeilia-memory-nyx-lythe-update,,2026-02-12
https://itch.io/blog/1367532/plz-do-this,,2026-02-12
https://pauloondra.itch.io/zero-stress-king-idle-defence/devlog/1367533/0800-prestige-balance-saves,,2026-02-12
https://games-by-aki.itch.io/year2752/devlog/1367534/v030-expanded-horizons,,2026-02-12
https://skypage6.itch.io/classic-turn-based-battle-system-jrpg-engine/devlog/1367535/devlog-1-how-to-code-a-jrpg-battle-system-without-losing-your-mind,,2026-02-12
https://young-and-naughty.itch.io/academy34/devlog/1367536/price-drop-luca-venti-skin-5-release,,2026-02-12
https://hirukarogue.itch.io/aenigma-eden-ttrpg/devlog/1367537/atualizao-beta-242,,2026-02-12
https://itch.io/blog/1367538/deadwater-isle-first-blog,,2026-02-12
https://itch.io/blog/1367540/hardcover-x-winton-kidd-art-and-comics-are-coming-to-kickstarter,,2026-02-12
https://verasev.itch.io/new-smash-city/devlog/1367541/blocking-more-talents-and-more-weapons,,2026-02-12
https://sekalipakaibuang.itch.io/minggat/devlog/1367542/010-release,,2026-02-12
https://lilithastral.itch.io/aethermancer/devlog/1367543/day-1-the-beginning-,,2026-02-12
https://kktamu.itch.io/44j/devlog/1367544/post,,2026-02-12
https://claybestanimationsprunki.itch.io/sprunki-techy-90/devlog/1367545/subscribe-guys,,2026-02-12
https://ijm001.itch.io/ponghello/devlog/1367546/ponghello,,2026-02-12
https://kirobsi.itch.io/snack-wanderer/devlog/1367547/snack-wanderer-download-disabled-source-code-release,,2026-02-12
https://itch.io/blog/1367548/synopsis-blog-post,,2026-02-12
https://v3x3d.itch.io/curly-girly/devlog/1367549/bug-fix-and-info-document,,2026-02-12
https://lewd-world.itch.io/dark-brothel-full/devlog/1367550/dark-brothel-was-updated,,2026-02-12
https://500poundsofnothing.itch.io/vhm-expanded/devlog/1367552/fully-funded,,2026-02-12
https://doc5252.itch.io/tomboy-supremacy/devlog/1367553/very-very-very-soon,,2026-02-12
https://mrquarter.itch.io/food-for-thought/devlog/1367554/version-04-is-out-now-and-why-it-took-so-long,,2026-02-12
https://jm665.itch.io/tarotweaver/devlog/1367555/tarotweaver-v516,,2026-02-12
https://sublevelgames.itch.io/domino-idle/devlog/1367556/version-130-daily-playtime-rewards-balance-adjustments,,2026-02-12
https://cometcreations.itch.io/overstimulation-simulation/devlog/1367557/january-2026-devlog-back-to-work,,2026-02-12
https://imranaziz.itch.io/hotdogkiller/devlog/1367558/-an-update-on-hotdog-killer-and-where-ive-been,,2026-02-12
https://yaru.itch.io/epsilon-engraving/devlog/1367560/version-102-npc-faces-dont-get-dunked-on,,2026-02-12
https://rokumew.itch.io/eternal-journey-fantasy-music-pack/devlog/1367562/audio-update-minor-mixing-adjustments,,2026-02-12
https://barginbingamers.itch.io/kisetsu-no-shima-island-of-seasons/devlog/1367563/start-of-the-itch-game-journey,,2026-02-12
https://gamer78d.itch.io/the-burned-one/devlog/1367564/early-access-available,,2026-02-12
https://lorevine.itch.io/design-practice-3-team-kaimana/devlog/1367565/jenny-lee-devlog-2,,2026-02-12
https://oooooooodev.itch.io/we-love-clicking/devlog/1367566/big-stuff,,2026-02-12
https://ansimuz.itch.io/quiet-hill/devlog/1367567/music-track,,2026-02-12
https://lethalpop.itch.io/amygdelay/devlog/1367568/playtesting-and-alpha-development,,2026-02-12
https://salubriousbrew.itch.io/zero-prep/devlog/1367569/zero-prep-art-update-soon,,2026-02-12
https://itch.io/blog/1367570/new-visuals-for-stay-in-your-lane,,2026-02-12
https://bre-z.itch.io/the-world-goes-on/devlog/1367572/updates,,2026-02-12
https://compreesion.itch.io/infinite-dao/devlog/1367573/update-21,,2026-02-12
https://lorevine.itch.io/design-practice-3-team-kaimana/devlog/1367574/shaun-parker-devlog-2,,2026-02-12
https://ansimuz.itch.io/magic-castle-tileset/devlog/1367576/music-track,,2026-02-12
https://cscc-game-projects.itch.io/2026sp-hallowed-puzzle/devlog/1367577/week-3-update,,2026-02-12
https://cloudshore.itch.io/festival-of-fighters/devlog/1367578/here-comes-a-new-challenger-festival-of-fighters-enters-early-access,,2026-02-12
https://lecord1.itch.io/pump-it/devlog/1367579/update-1,,2026-02-12
https://verasev.itch.io/new-smash-city/devlog/1367580/whoops,,2026-02-12
https://d-m-g.itch.io/mine-mine-mine/devlog/1367581/19-ui-animations-and-vfx,,2026-02-12
https://itch.io/blog/1367582/bgm,,2026-02-12
https://high-ravel.itch.io/stay-jo/devlog/1367583/update-adjusted-ending-routes-objectives,,2026-02-12
https://unlikelystory.itch.io/grow-to-survive/devlog/1367584/v09,,2026-02-12
https://mochi-no-okome.itch.io/atarasii-asita/devlog/1367585/bgm,,2026-02-12
https://magnado.itch.io/pizzaria/devlog/1367587/what-to-expect-in-pizzaria-17,,2026-02-12
https://embrune.itch.io/embrune/devlog/1367589/0251-part-2,,2026-02-12
https://lamuelbapilar.itch.io/lockdown-manila/devlog/1367590/v-0518,,2026-02-12
https://allnaturall.itch.io/30-days-demo/devlog/1367591/two-new-bundles-at-the-same-time,,2026-02-12
https://itch.io/blog/1367592/no-ice-in-minnesota,,2026-02-12
https://fallingphonetm.itch.io/fallingphone/devlog/1367593/falling-phone-alpha-v05-part-2,,2026-02-12
https://simran-baria.itch.io/team-puppies/devlog/1367595/alpha-devlog-martin,,2026-02-12
https://ansimuz.itch.io/ninja-scroller-art-pack/devlog/1367596/music-track-added,,2026-02-12
https://kornphlake.itch.io/neonbushido/devlog/1367597/day-1-hotfix-v11-mobile-combat-fixes,,2026-02-12
https://togeproductions.itch.io/diecast-playtrack/devlog/1367598/devlog-1-inspiration,,2026-02-12
https://hagrajag.itch.io/frogwiz/devlog/1367599/frizzard-devlog-11-it-aint-much-but-its-honest-work,,2026-02-12
https://exploitapt1337.itch.io/eye-of-siner/devlog/1367600/new-features,,2026-02-12
https://siudesu.itch.io/jrpg-shader-tile-map-test-solar2d/devlog/1367601/minor-update-and-fixes-for-v11,,2026-02-12
https://mcmarkusmcmiller.itch.io/willow-zone-training-grounds/devlog/1367602/v09-we-find-new-potential,,2026-02-12
https://misterbikerguy.itch.io/httpswwwrobloxcomgames116318301486347granny-6-the-house-1-8-8/devlog/1367603/update-186,,2026-02-12
https://ansimuz.itch.io/warped-ocean-view/devlog/1367604/music-track,,2026-02-12
https://carrotsbackroom26.itch.io/android-slide-system/devlog/1367607/ass-updated,,2026-02-12
https://swigglestitch.itch.io/hytailed/devlog/1367608/httpfictospace-is-where-hytaileds-community-will-be-at,,2026-02-12
https://lumenoth.itch.io/minimod-flying-bad-guys/devlog/1367609/v16-changelog-what-happened-to-v15,,2026-02-12
https://erbdev.itch.io/fish-island/devlog/1367610/fish-island-devlog-0,,2026-02-12
https://syntaxerrorsoftware.itch.io/omnipas/devlog/1367611/updates-and-new-computer-added,,2026-02-12
https://invisionaryuk.itch.io/convergence-first-contact/devlog/1367612/development-so-far-mars-colony,,2026-02-12
https://emmettbaber.itch.io/heir-of-smoke/devlog/1367613/pdf-update,,2026-02-12
https://williamsmygl.itch.io/meli-a-tech-demo-by-williamsmygl/devlog/1367614/update-v161,,2026-02-12
https://malloway.itch.io/aeon/devlog/1367615/on-v173-interface-refinement-mode-specialization,,2026-02-12
https://lilliterra.itch.io/hamster-electric-company/devlog/1367616/bug-fix-3,,2026-02-12
https://daltong-scrungar.itch.io/scrungus/devlog/1367617/visual-changes,,2026-02-12
https://safetystoatstudios.itch.io/lock-and-toad/devlog/1367618/lock-and-toad-006,,2026-02-12
https://fulgeta2z.itch.io/games/devlog/1367619/femboy-futa-house-free-game-download-v1054-all-dlc,,2026-02-12
https://fulgeta2z.itch.io/games/devlog/1367620/carnal-instinct-game-free-download-build-21307910,,2026-02-12
https://fulgeta2z.itch.io/games/devlog/1367621/the-wife-next-door-game-download-free-v167,,2026-02-12
https://jeffdaniels.itch.io/vic-20-quick-reference-handbook-version-2-vic20-vc-20-vic-20/devlog/1367622/last-update-10-feb-2026,,2026-02-12
https://zushyart.itch.io/wplace-patterner/devlog/1367623/v12,,2026-02-12
https://rigeladmin.itch.io/through-the-unknown/devlog/1367624/quick-update,,2026-02-12
https://gadill.itch.io/ga-infinity/devlog/1367625/chapter-2-start,,2026-02-12
https://n2thefire.itch.io/serenity-chapter-2/devlog/1367626/serenity-c2-episode-5-devlog-1,,2026-02-12
https://pcfulysgamer.itch.io/free/devlog/1367627/download-midnight-paradise-game-free-v105,,2026-02-12
https://lethalpop.itch.io/amygdelay/devlog/1367628/alpha-devlog,,2026-02-12
https://p3rmaban.itch.io/dead-carnival/devlog/1367629/first-ever-dead-carnival-update,,2026-02-12
https://mchenlee.itch.io/kiwami-resurrection/devlog/1367630/post,,2026-02-12
https://itchgamepc.itch.io/pc-game/devlog/1367631/femboy-futa-mania-game-free-download-v10,,2026-02-12
https://itchgamepc.itch.io/pc-game/devlog/1367632/isekai-sex-kingdom-game-free-download-v10,,2026-02-12
https://lipymoon.itch.io/o-jantar/devlog/1367633/o-jantar-001-lanamento-devlog-2,,2026-02-12
https://williamingwerson77.itch.io/deckbuilder-roguelite-demo/devlog/1367634/playtest-report-follow-up,,2026-02-12
https://itchgamepc.itch.io/pc-game/devlog/1367636/orgasm-lab-simulator-game-free-download-v10,,2026-02-12
https://itchgamepc.itch.io/pc-game/devlog/1367637/sex-sin-rocknroll-game-free-download-v10,,2026-02-12
https://itchgamepc.itch.io/pc-game/devlog/1367638/red-ops-side-story-game-free-download,,2026-02-12
https://itch.io/blog/1367639/room-of-secrets,,2026-02-12
https://itchgamepc.itch.io/pc-game/devlog/1367640/project-mirror-2-game-free-download,,2026-02-12
https://itchgamepc.itch.io/pc-game/devlog/1367641/verdict-of-desire-game-free-download,,2026-02-12
https://itchgamepc.itch.io/pc-game/devlog/1367642/maid-sisters-service-game-free-download-v10,,2026-02-12
https://itchgamepc.itch.io/pc-game/devlog/1367643/red-flags-infidelity-island-game-free-download-v01,,2026-02-12
https://claireart8023.itch.io/isometricterraintilepack48/devlog/1367644/isometric-world-builder-nature-ground-pack,,2026-02-12
https://itchgamepc.itch.io/pc-game/devlog/1367645/nurashell-saga-game-v101-nurashell-games,,2026-02-12
https://coral0excess.itch.io/sweet-dream-dx/devlog/1367646/fvrier-10,,2026-02-12
https://mayzmae.itch.io/showdown-with-sledge-queen/devlog/1367647/balance-update,,2026-02-12
https://aumkab01.itch.io/arrow-survivor/devlog/1367648/arrow-survivor-the-major-update,,2026-02-12
https://versiongames.itch.io/full-game/devlog/1367649/ryaras-fall-petals-of-depravity-game-v001-tsukunejazz,,2026-02-12
https://versiongames.itch.io/full-game/devlog/1367650/my-wifes-voice-is-cumming-through-the-wall-game-free-download,,2026-02-12
https://deadlyaffairsdev.itch.io/deadly-affairs/devlog/1367651/update-01-progress-2,,2026-02-12
https://versiongames.itch.io/full-game/devlog/1367652/married-into-hell-game-free-download-v10,,2026-02-12
https://kuigames.itch.io/gridpey/devlog/1367654/update,,2026-02-12
https://versiongames.itch.io/full-game/devlog/1367655/tales-of-astel-game-free-download-v10,,2026-02-12
https://versiongames.itch.io/full-game/devlog/1367656/femdom-overtime-game-free-download,,2026-02-12
https://versiongames.itch.io/full-game/devlog/1367657/life-of-guy-chapter-1-game-free-download-completed,,2026-02-12
https://st1sdan.itch.io/blossom-beneath/devlog/1367658/postjam-update,,2026-02-12
https://versiongames.itch.io/full-game/devlog/1367659/through-the-looking-glass-game-free-download-013-prototype,,2026-02-12
https://versiongames.itch.io/full-game/devlog/1367660/naughty-house-game-free-download-v12,,2026-02-12
https://nolimelightproductions.itch.io/prosperon-cyberpunk-setting/devlog/1367661/sample-review-of-prosperon-up-for-download,,2026-02-12
https://versiongames.itch.io/full-game/devlog/1367662/dark-prodigy-simulator-game-free-download-v10,,2026-02-12
https://versiongames.itch.io/full-game/devlog/1367663/smutty-scrolls-game-free-download-v10,,2026-02-12
https://jav-it.itch.io/jav-it-tool/devlog/1367664/patreon-build-p203-fault-tolerant-translation,,2026-02-12
https://sumatra-3d.itch.io/havenwood-diaries-vol-1/devlog/1367665/havenwood-diaries-volume-1,,2026-02-12
https://fgbgbfgb.itch.io/free/devlog/1367666/silk-shadows-v02-by-hoolstudio,,2026-02-12
https://fgbgbfgb.itch.io/free/devlog/1367667/futaland-v2025-02-03-by-hellim-studios,,2026-02-12
https://demotaurdev.itch.io/demotaur/devlog/1367668/update-38-random-rooms,,2026-02-12
https://fgbgbfgb.itch.io/free/devlog/1367669/tales-of-the-moon-v10-by-cella,,2026-02-12
https://torrentgamers.itch.io/torrent/devlog/1367670/download-euro-truck-simulator-2-game-v15727s-upd29122025,,2026-02-12
https://fgbgbfgb.itch.io/free/devlog/1367671/the-beastmaster-princess-v102-by-winter,,2026-02-12
https://tattin.itch.io/stay/devlog/1367672/dev-log-3-jeremiah-hughes,,2026-02-12
https://mango-ki.itch.io/catto-boi-forever/devlog/1367673/patch-v1123,,2026-02-12
https://torrentgamers.itch.io/torrent/devlog/1367674/download-factorio-game-v2073-upd27012026-tenoke,,2026-02-12
https://fgbgbfgb.itch.io/free/devlog/1367675/incel-revolution-rise-of-ellias-roger-v03-by,,2026-02-12
https://fgbgbfgb.itch.io/free/devlog/1367676/profession-to-taste-v01-by-machpug,,2026-02-12
https://rinnankanvas.itch.io/otaku-quiz/devlog/1367678/update-310,,2026-02-12
https://torrentgamers.itch.io/torrent/devlog/1367679/download-oxygen-not-included-v707956-upd28012026-tenoke,,2026-02-12
https://fgbgbfgb.itch.io/free/devlog/1367680/crossing-the-lines-ch2303-by-temptales,,2026-02-12
https://noblegarbage.itch.io/who-are-you/devlog/1367681/why-did-i-create-this-experience,,2026-02-12
https://fgbgbfgb.itch.io/free/devlog/1367682/homefront-bound-v0128-alpha-by-navigator,,2026-02-12
https://torrentgamers.itch.io/torrent/devlog/1367683/download-they-are-billions-game-build-21522877-upd30012026,,2026-02-12
https://fdggtegrrf.itch.io/pc-game/devlog/1367684/silk-shadows-v02-by-hoolstudio,,2026-02-12
https://fgbgbfgb.itch.io/free/devlog/1367685/the-curse-of-something-v028-by,,2026-02-12
https://torrentgamers.itch.io/torrent/devlog/1367686/download-mount-and-blade-2-bannerlord-game-v1314107738-upd03022026-all-dlc,,2026-02-12
https://chatindng.itch.io/cbr404/devlog/1367687/watch-game-launch-trailer-now,,2026-02-12
https://fgbgbfgb.itch.io/free/devlog/1367688/the-dented-kettle-v01401-by-dkettle,,2026-02-12
https://fdggtegrrf.itch.io/pc-game/devlog/1367689/futaland-v2025-02-03-by-hellim-studios,,2026-02-12
https://torrentgamers.itch.io/torrent/devlog/1367690/download-stormworks-build-and-rescue-game-v11510-upd22012026,,2026-02-12
https://fgbgbfgb.itch.io/free/devlog/1367691/kaiju-princess-v200-by-pantyparrot,,2026-02-12
https://fdggtegrrf.itch.io/pc-game/devlog/1367692/tales-of-the-moon-v10-by-cella,,2026-02-12
https://torrentgamers.itch.io/torrent/devlog/1367693/download-anno-1800-game-v1841412158-upd19012026-voices38,,2026-02-12
https://emilyzhu.itch.io/ten-thousand-days-for-the-sword/devlog/1367694/bundle-lightmode-and-the-teensiest-error,,2026-02-12
https://fdggtegrrf.itch.io/pc-game/devlog/1367695/the-beastmaster-princess-v102-by-winter-wolves,,2026-02-12
https://fdggtegrrf.itch.io/pc-game/devlog/1367696/incel-revolution-rise-of-ellias-roger-v03-by-uglybstard,,2026-02-12
https://torrentgamers.itch.io/torrent/devlog/1367697/download-the-gold-river-project-game-build-21627075-upd24012026,,2026-02-12
https://fdggtegrrf.itch.io/pc-game/devlog/1367698/profession-to-taste-v01-by-machpug,,2026-02-12
https://torrentgamers.itch.io/torrent/devlog/1367699/niskala-sacred-knowledge-of-leyak-game-build-21565812-upd22012026-p2p,,2026-02-12
https://torrentgamers.itch.io/torrent/devlog/1367700/download-scum-game-v1205-upd26012026-all-dlc,,2026-02-12
https://fgffhfh.itch.io/free/devlog/1367701/kaiju-princess-v200-by-pantyparrot,,2026-02-12
https://fgffhfh.itch.io/free/devlog/1367702/dungeon-tavern-v11-gog-by-wallimog-,,2026-02-12
https://fgffhfh.itch.io/free/devlog/1367703/nayitoshi-fight-for-the-skyline-r5-by-snooley,,2026-02-12
https://junkyardtornado.itch.io/scorpion-grove/devlog/1367704/individual-pages-version-available,,2026-02-12
https://dangen-entertainment.itch.io/kingdom-of-night/devlog/1367705/kingdom-of-night-v104-chinese-localization-added,,2026-02-12
https://casper-gaming.itch.io/cgmz-musical-battles/devlog/1367707/version-alpha-r2-release-notes,,2026-02-12
https://fgffhfh.itch.io/free/devlog/1367708/bleach-the-new-gotei-13-law-v01-by,,2026-02-12
https://fgffhfh.itch.io/free/devlog/1367709/service-of-love-v10208-by,,2026-02-12
https://123afsgh.itch.io/archer-clash/devlog/1367710/hi-today-i-published-the-new-game,,2026-02-12
https://fgffhfh.itch.io/free/devlog/1367711/live-to-fight-v073-by-grinder,,2026-02-12
https://fgffhfh.itch.io/free/devlog/1367712/family-business-v037-public-by-familydev,,2026-02-12
https://fgffhfh.itch.io/free/devlog/1367713/dark-prodigy-simulator-v10-by-itk,,2026-02-12
https://fgffhfh.itch.io/free/devlog/1367714/nyatorase-shared-passions-v012-by-sadcat,,2026-02-12
https://psykomedia.itch.io/the-last-booker/devlog/1367715/implementing-the-shadow-network-core-gameplay-systems,,2026-02-12
https://fsrtwye.itch.io/pc-game/devlog/1367716/crossing-the-lines-ch2303-by-temptales-studio,,2026-02-12
https://fgffhfh.itch.io/free/devlog/1367717/tamara-exposed-ch3-v09-by-adorable,,2026-02-12
https://fsrtwye.itch.io/pc-game/devlog/1367718/homefront-bound-v0128-alpha-by-navigator,,2026-02-12
https://nobodythatmatters.itch.io/abilongin-for-ya/devlog/1367719/small-text-error-update,,2026-02-12
https://fsrtwye.itch.io/pc-game/devlog/1367720/the-curse-of-something-v028-by-mcrugermasta,,2026-02-12
https://fsrtwye.itch.io/pc-game/devlog/1367721/the-dented-kettle-v01401-by-dkettle,,2026-02-12
https://cbvcb-cv.itch.io/free/devlog/1367722/pygmalions-folly-remaster-by-double-dead,,2026-02-12
https://cbvcb-cv.itch.io/free/devlog/1367723/fuckguild-v010-b-by-nastyou,,2026-02-12
https://cbvcb-cv.itch.io/free/devlog/1367724/blossom-of-pleasure-v0417-by-bildur,,2026-02-12
https://cbvcb-cv.itch.io/free/devlog/1367725/lesbian-battle-va043d-by-dere,,2026-02-12
https://fsrtwye.itch.io/pc-game/devlog/1367726/kaiju-princess-v200-by-pantyparrot,,2026-02-12
https://cbvcb-cv.itch.io/free/devlog/1367727/night-over-day-v015-by-lovebyte-games,,2026-02-12
https://fsrtwye.itch.io/pc-game/devlog/1367728/dungeon-tavern-v11-gog-by-wallimog-friends,,2026-02-12
https://chillitch.itch.io/fates-gamble-a-russian-roulette-rpg/devlog/1367729/i-have-a-vx-ace-up-my-sleeve,,2026-02-12
https://cbvcb-cv.itch.io/free/devlog/1367730/the-ruined-bloom-v050-by-cungduts,,2026-02-12
https://cscc-game-projects.itch.io/2026sp-cozy-night-shift/devlog/1367731/build-3,,2026-02-12
https://cbvcb-cv.itch.io/free/devlog/1367732/ryaras-fall-petals-of-depravity-v001-by,,2026-02-12
https://fsrtwye.itch.io/pc-game/devlog/1367733/nayitoshi-fight-for-the-skyline-r5-by-snooley,,2026-02-12
https://cbvcb-cv.itch.io/free/devlog/1367734/demi-human-v006b-by-king-sleepy,,2026-02-12
https://fsrtwye.itch.io/pc-game/devlog/1367735/bleach-the-new-gotei-13-law-v01-by-palpatinestudio,,2026-02-12
https://cbvcb-cv.itch.io/free/devlog/1367736/lilith-awakens-v04-by-elatedowl,,2026-02-12
https://cbvcb-cv.itch.io/free/devlog/1367737/fluffy-planet-1-concept-demo-4-by,,2026-02-12
https://fsrtwye.itch.io/pc-game/devlog/1367738/service-of-love-v10208-by-18cmsambananaking,,2026-02-12
https://fsrtwye.itch.io/pc-game/devlog/1367739/live-to-fight-v073-by-grinder,,2026-02-12
https://jamleng.itch.io/driftborne/devlog/1367740/driftborne-episode-11-out-now,,2026-02-12
https://fsrtwye.itch.io/pc-game/devlog/1367741/family-business-v037-public-by-familydev,,2026-02-12
https://itch.io/blog/1367742/nioh-3-trainer,,2026-02-12
https://onewithpneumonia.itch.io/the-truffle-quiz/devlog/1367743/the-truffle-quiz-v102,,2026-02-12
https://fsrtwye.itch.io/pc-game/devlog/1367744/dark-prodigy-simulator-v10-by-itk,,2026-02-12
https://bccggbv.itch.io/free/devlog/1367745/fluffy-planet-1-concept-demo-4-by,,2026-02-12
https://bccggbv.itch.io/free/devlog/1367746/nurashell-saga-v101-by-nurashell-games,,2026-02-12
https://fsrtwye.itch.io/pc-game/devlog/1367747/nyatorase-shared-passions-v012-by-sadcat,,2026-02-12
https://bccggbv.itch.io/free/devlog/1367748/the-fallen-of-angel-v02-by-meguminpixel7w7,,2026-02-12
https://fsrtwye.itch.io/pc-game/devlog/1367749/whorehouse-manager-v112-by-red-sky,,2026-02-12
https://bccggbv.itch.io/free/devlog/1367750/hokages-life-v015-public-by-lupin,,2026-02-12
https://fsrtwye.itch.io/pc-game/devlog/1367751/tamara-exposed-ch3-v09-by-adorable-romaine,,2026-02-12
https://bccggbv.itch.io/free/devlog/1367752/red-flags-infidelity-island-v01-by-lostworks,,2026-02-12
https://bccggbv.itch.io/free/devlog/1367753/shattered-v0232-by-yeda-games,,2026-02-12
https://fsrtwye.itch.io/pc-game/devlog/1367754/pygmalions-folly-remaster-by-double-dead-studio,,2026-02-12
https://bccggbv.itch.io/free/devlog/1367755/fantasy-date-v043-by-foxdv,,2026-02-12
https://fsrtwye.itch.io/pc-game/devlog/1367756/fuckguild-v010-b-by-nastyou,,2026-02-12
https://snio.itch.io/driftward/devlog/1367757/sometimes-the-way-forward-is-a-step-back,,2026-02-12
https://bccggbv.itch.io/free/devlog/1367758/my-femdom-boss-ch-3-by-craverot,,2026-02-12
https://fsrtwye.itch.io/pc-game/devlog/1367759/blossom-of-pleasure-v0417-by-bildur,,2026-02-12
https://bccggbv.itch.io/free/devlog/1367760/brothel-empire-v551u-by-orochy,,2026-02-12
https://gustavokuklinski.itch.io/bit-rot/devlog/1367761/blog-10-demo-gameplay-of-004-build,,2026-02-12
https://bccggbv.itch.io/free/devlog/1367762/dickmonx-remake-v13a-by-mayonnaisee,,2026-02-12
https://drpallid.itch.io/head-in-the-clouds/devlog/1367763/small-update-to-head-in-the-clouds,,2026-02-12
https://worldfabric.itch.io/narball/devlog/1367764/v0040-hotfix-for-menu-crash,,2026-02-12
https://janeshwaran2829.itch.io/wrath-of-the-night-game-book/devlog/1367765/wrath-of-the-night,,2026-02-12
https://bnbvnvn.itch.io/free/devlog/1367766/lust-arcanum-demo-v043-by-pixelbee,,2026-02-12
https://bnbvnvn.itch.io/free/devlog/1367767/rune-sovereign-v01-by-lazzybread,,2026-02-12
https://bnbvnvn.itch.io/free/devlog/1367768/loveholic-miwaku-no-otome-to-hakudaku,,2026-02-12
https://apkelio.itch.io/last-stance/devlog/1367769/devlog-4-focus-a-bit-on-mechanics,,2026-02-12
https://bnbvnvn.itch.io/free/devlog/1367770/just-bros-v229-by-ello-fat-dog,,2026-02-12
https://dynamiteblue.itch.io/dynamite-blue/devlog/1367771/-dev-log-4-backgrounds-first,,2026-02-12
https://bnbvnvn.itch.io/free/devlog/1367772/altered-vision-v0301-by-caretaker-publishing,,2026-02-12
https://bnbvnvn.itch.io/free/devlog/1367773/the-assignment-v008-by-thegp,,2026-02-12
https://bnbvnvn.itch.io/free/devlog/1367774/become-someone-v181-by-volen,,2026-02-12
https://bnbvnvn.itch.io/free/devlog/1367775/femboy-sorority-v02e-by-jayas-dawn,,2026-02-12
https://itch.io/blog/1367776/forza-horizon-5-2021-torrent-download,,2026-02-12
https://itch.io/blog/1367777/nba-2k262026-,,2026-02-12
https://itch.io/blog/1367778/nba-2k26-2025-download-grtis-porttil,,2026-02-12
https://itch.io/blog/1367779/nba-2k26-descargar-gratis-2025,,2026-02-12
https://bnbvnvn.itch.io/free/devlog/1367780/being-super-ch1-v027-by-sandman-games-and,,2026-02-12
https://itch.io/blog/1367781/american-truck-simulator-2016-portable-download-all-dlc,,2026-02-12
https://itch.io/blog/1367782/download-stellaris-2016-full-version,,2026-02-12
https://itch.io/blog/1367784/cairn-2026-pc-,,2026-02-12
https://itch.io/blog/1367785/descargar-cairn-2026-gratis-pc,,2026-02-12
https://itch.io/blog/1367786/cairn-2026-download-grtis,,2026-02-12
https://bnbvnvn.itch.io/free/devlog/1367787/lusty-tail-v230-by-xetrift-studios,,2026-02-12
https://itch.io/blog/1367788/satisfactory-free-download-2024,,2026-02-12
https://itch.io/blog/1367789/jurassic-world-evolution-3-2025-portable-download-license,,2026-02-12
https://itch.io/blog/1367790/bellwright-2026-pc,,2026-02-12
https://itch.io/blog/1367791/descargar-bellwright-2024-gratis-pc,,2026-02-12
https://itch.io/blog/1367792/baixar-bellwright-2024-grtis-pc,,2026-02-12
https://neils4.itch.io/the-asylum/devlog/1367793/the-asylum,,2026-02-12
https://itch.io/blog/1367794/sid-meiers-civilization-vi-no-install-2016,,2026-02-12
https://itch.io/blog/1367795/quarantine-zone-the-last-check-2026-,,2026-02-12
https://itch.io/blog/1367796/quarantine-zone-the-last-check-versin-completa-gratis-2026,,2026-02-12
https://itch.io/blog/1367797/quarantine-zone-the-last-check-crackeado-download-2026,,2026-02-12
https://itch.io/blog/1367798/disney-dreamlight-valley-2023-direct-download,,2026-02-12
https://itch.io/blog/1367799/arma-reforger-2023-free-download,,2026-02-12
https://itch.io/blog/1367800/no-mans-sky-2016-descargar-gratis,,2026-02-12
https://itch.io/blog/1367801/no-mans-sky-dl-2026,,2026-02-12
https://mjmjhjhj.itch.io/free/devlog/1367802/suburban-sin-v006-by-marshall-77,,2026-02-12
https://spandexandy.itch.io/inns-of-dolmenwood/devlog/1367803/4-inns-woodcutters-orbswallow-fort-vulgar,,2026-02-12
https://itch.io/blog/1367804/baixar-no-mans-sky-2016-grtis-pc,,2026-02-12
https://jernej-ferenc.itch.io/jsc-combat-sword-sfx-pack-aaa/devlog/1367805/major-update-175-sounds-aaa-quality-upgrade,,2026-02-12
https://itch.io/blog/1367806/f1-25-2025-full-version-download,,2026-02-12
https://mjmjhjhj.itch.io/free/devlog/1367807/cibelle-v0141-alpha-by-octagonala,,2026-02-12
https://itch.io/blog/1367808/beamngdrive-2015-descarga-gratuita-pc,,2026-02-12
https://itch.io/blog/1367809/beamngdrive2026-dl-,,2026-02-12
https://itch.io/blog/1367810/beamngdrive-2015-verso-completa-grtis,,2026-02-12
https://itch.io/blog/1367811/anno-117-pax-romana-direct-download-2025-license,,2026-02-12
https://itch.io/blog/1367812/download-le-mans-ultimate-2025-no-install,,2026-02-12
https://itch.io/blog/1367813/farming-simulator-25-2024-descarga-directa-gratis,,2026-02-12
https://itch.io/blog/1367814/farming-simulator-252026-,,2026-02-12
https://itch.io/blog/1367815/farming-simulator-25-2024-verso-completa-grtis,,2026-02-12
https://mjmjhjhj.itch.io/free/devlog/1367816/lust-for-life-a-sissy-story-v039-by-martindrake,,2026-02-12
https://pixelfight.itch.io/retro-character-pack/devlog/1367817/cat-side-kicks-in-12-colors,,2026-02-12
https://itch.io/blog/1367818/download-ace-combat-7-skies-unknown-2019-pc,,2026-02-12
https://mjmjhjhj.itch.io/free/devlog/1367819/inflatawitch-2-v10-by-bubblegumdrgn,,2026-02-12
https://itch.io/blog/1367820/forza-horizon-5-2021-descargar-gratis,,2026-02-12
https://itch.io/blog/1367821/forza-horizon-5-2026-,,2026-02-12
https://itch.io/blog/1367822/alchemy-factory-repack-download-2025,,2026-02-12
https://itch.io/blog/1367823/forza-horizon-5-2021-baixar-pc-grtis-repack,,2026-02-12
https://itch.io/blog/1367824/europa-universalis-v-2025-full-version-download,,2026-02-12
https://mjmjhjhj.itch.io/free/devlog/1367825/arcana-holdem-v01-by-kiaru34,,2026-02-12
https://itch.io/blog/1367826/crusader-kings-iii-2020-descargar-para-pc-gratis,,2026-02-12
https://itch.io/blog/1367827/crusader-kings-iii2026-pc,,2026-02-12
https://itch.io/blog/1367828/crusader-kings-iii-baixar-pc-grtis-2020,,2026-02-12
https://fdrretwrw.itch.io/pc-game/devlog/1367829/tamara-exposed-ch3-v09-by-adorable-romaine,,2026-02-12
https://itch.io/blog/1367830/download-cities-skylines-2015-full-version,,2026-02-12
https://mjmjhjhj.itch.io/free/devlog/1367831/tiny-treats-v10-by-hans-woofington,,2026-02-12
https://mandarin-punch.itch.io/vivitan/devlog/1367832/post,,2026-02-12
https://itch.io/blog/1367833/powerwash-simulator-2-2025-pc-download,,2026-02-12
https://itch.io/blog/1367834/forza-horizon-6-descarga-directa-gratis-2026-repack,,2026-02-12
https://itch.io/blog/1367835/forza-horizon-6-2026-,,2026-02-12
https://itch.io/blog/1367836/forza-horizon-6-2026-crackeado-download,,2026-02-12
https://zhiomn.itch.io/cozy-puzzles/devlog/1367837/patch-1-fixing-bugs-and-adding-more-puzzles,,2026-02-12
https://fdrretwrw.itch.io/pc-game/devlog/1367838/pygmalions-folly-remaster-by-double-dead-studio,,2026-02-12
https://mjmjhjhj.itch.io/free/devlog/1367839/the-swapping-adventure-v04-by,,2026-02-12
https://itch.io/blog/1367840/green-hell-2019-pc-download,,2026-02-12
https://itch.io/blog/1367841/hearts-of-iron-iv-2026-,,2026-02-12
https://itch.io/blog/1367842/hearts-of-iron-iv-2016-descarga-directa-gratis,,2026-02-12
https://itch.io/blog/1367843/hearts-of-iron-iv-2016-download-grtis-verso-completa,,2026-02-12
https://itch.io/blog/1367844/pga-tour-2k25-2025-repack-download,,2026-02-12
https://mjmjhjhj.itch.io/free/devlog/1367845/haramimura-when-a-wife-becomes-a-villager,,2026-02-12
https://itch.io/blog/1367846/house-flipper-2-cracked-download-2023,,2026-02-12
https://itch.io/blog/1367848/american-truck-simulator2026-,,2026-02-12
https://itch.io/blog/1367849/american-truck-simulator-2016-descargar-para-pc-gratis-portable,,2026-02-12
https://itch.io/blog/1367850/american-truck-simulator-2016-verso-completa-grtis,,2026-02-12
https://happyholo.itch.io/wordpetition/devlog/1367851/devlog-3-placeholder-deck-ui-ice-word-card,,2026-02-12
https://itch.io/blog/1367852/fast-food-simulator-2024-free-download,,2026-02-12
https://mjmjhjhj.itch.io/free/devlog/1367853/tiny-treats-v10-by-hans-woofington,,2026-02-12
https://itch.io/blog/1367854/microsoft-flight-simulator-20242026-,,2026-02-12
https://itch.io/blog/1367855/need-for-speed-unbound-torrent-download-2022,,2026-02-12
https://itch.io/blog/1367856/microsoft-flight-simulator-2024-descarga-directa-gratis-2024,,2026-02-12
https://itch.io/blog/1367857/baixar-microsoft-flight-simulator-2024-2024-grtis-pc,,2026-02-12
https://mjmjhjhj.itch.io/free/devlog/1367858/the-swapping-adventure-v04-by,,2026-02-12
https://itch.io/blog/1367859/storage-hunter-simulator-2025-portable-download,,2026-02-12
https://fdrretwrw.itch.io/pc-game/devlog/1367860/fuckguild-v010-b-by-nastyou,,2026-02-12
https://itch.io/blog/1367861/-vii-2026-pc,,2026-02-12
https://itch.io/blog/1367862/sid-meiers-civilization-vii-2025-descarga-directa-gratis,,2026-02-12
https://itch.io/blog/1367863/sid-meiers-civilization-vii-2025-crackeado-download,,2026-02-12
https://itch.io/blog/1367864/whiskerwood-2025-pc-download,,2026-02-12
https://fdrretwrw.itch.io/pc-game/devlog/1367865/blossom-of-pleasure-v0417-by-bildur,,2026-02-12
https://itch.io/blog/1367866/dirt-rally-20-2019-portable-download-gog,,2026-02-12
https://itch.io/blog/1367867/starrupture-crackeado-download-2026,,2026-02-12
https://itch.io/blog/1367868/starrupture-2026-,,2026-02-12
https://itch.io/blog/1367869/descargar-starrupture-2026-gratis-pc,,2026-02-12
https://itch.io/blog/1367870/crime-scene-cleaner-2024-full-version-download,,2026-02-12
https://fdrretwrw.itch.io/pc-game/devlog/1367871/lesbian-battle-va043d-by-dere,,2026-02-12
https://itch.io/blog/1367872/raft-2022-crackeado-download,,2026-02-12
https://itch.io/blog/1367873/raft-descarga-gratuita-pc-2022,,2026-02-12
https://itch.io/blog/1367874/raft-2026-,,2026-02-12
https://itch.io/blog/1367875/terra-invicta-2026-repack-download-license,,2026-02-12
https://fdrretwrw.itch.io/pc-game/devlog/1367876/night-over-day-v015-by-lovebyte-games,,2026-02-12
https://itch.io/blog/1367877/workers-resources-soviet-republic-2024-no-install,,2026-02-12
https://itch.io/blog/1367878/stellaris-2016-verso-completa-grtis,,2026-02-12
https://itch.io/blog/1367879/stellaris-2016-descargar-para-pc-gratis,,2026-02-12
https://itch.io/blog/1367880/stellaris-2026-,,2026-02-12
https://compreesion.itch.io/infinite-dao/devlog/1367881/update-22,,2026-02-12
https://fdrretwrw.itch.io/pc-game/devlog/1367882/the-ruined-bloom-v050-by-cungduts,,2026-02-12
https://vnvnvh.itch.io/free/devlog/1367883/haramimura-when-a-wife-becomes-a-villager,,2026-02-12
https://itch.io/blog/1367884/kenshi-2018-full-version-download,,2026-02-12
https://houdini-magazine.itch.io/anti-style-magazine-blogging-framework/devlog/1367885/anti-style-is-now-free,,2026-02-12
https://itch.io/blog/1367886/satisfactory-baixar-pc-grtis-2024-porttil,,2026-02-12
https://itch.io/blog/1367887/satisfactory-2024-versin-completa-gratis,,2026-02-12
https://itch.io/blog/1367888/satisfactory-2026-pc,,2026-02-12
https://itch.io/blog/1367889/automation-the-car-company-tycoon-game-2015-torrent-download,,2026-02-12
https://fdrretwrw.itch.io/pc-game/devlog/1367890/ryaras-fall-petals-of-depravity-v001-by-tsukunejazz,,2026-02-12
https://vnvnvh.itch.io/free/devlog/1367891/through-the-looking-glass-013-prototype-by,,2026-02-12
https://itch.io/blog/1367892/coral-island-2023-no-install-multiplayer,,2026-02-12
https://itch.io/blog/1367893/cities-skylines-ii-2023-baixar-grtis-pc,,2026-02-12
https://itch.io/blog/1367894/descargar-cities-skylines-ii-2023-gratis-pc,,2026-02-12
https://itch.io/blog/1367895/cities-skylines-ii-2026-,,2026-02-12
https://vnvnvh.itch.io/free/devlog/1367896/nostalgia-and-lust-v120-by-honestentity,,2026-02-12
https://itch.io/blog/1367897/firefighting-simulator-ignite-torrent-download-2025,,2026-02-12
https://itch.io/blog/1367898/jurassic-world-evolution-3-2025-crackeado-download,,2026-02-12
https://itch.io/blog/1367899/jurassic-world-evolution-3-2025-descarga-directa-gratis,,2026-02-12
https://itch.io/blog/1367900/3-2026-dl-,,2026-02-12
https://itch.io/blog/1367901/wwe-2k25-portable-download-2025-all-dlc,,2026-02-12
https://vnvnvh.itch.io/free/devlog/1367902/the-last-embrace-v035-demo-by-nox,,2026-02-12
https://itch.io/blog/1367903/download-way-of-the-hunter-2022-torrent,,2026-02-12
https://itch.io/blog/1367904/sid-meiers-civilization-vi-2016-baixar-pc-grtis,,2026-02-12
https://itch.io/blog/1367905/sid-meiers-civilization-vi-2016-versin-completa-gratis-crackeado,,2026-02-12
https://itch.io/blog/1367906/sid-meiers-civilization-vi-2026-,,2026-02-12
https://fdrretwrw.itch.io/pc-game/devlog/1367907/demi-human-v006b-by-king-sleepy,,2026-02-12
https://itch.io/blog/1367908/download-aces-of-thunder-2026-torrent,,2026-02-12
https://vnvnvh.itch.io/free/devlog/1367909/in-for-a-penny-v075-by-moist-sponge,,2026-02-12
https://thindalosdev.itch.io/into-the-fog/devlog/1367910/i-guess-free-is-alway-better-right,,2026-02-12
https://itch.io/blog/1367911/download-the-long-dark-2017-no-install,,2026-02-12
https://itch.io/blog/1367912/disney-dreamlight-valley-2023-download-grtis,,2026-02-12
https://itch.io/blog/1367913/disney-dreamlight-valley-2023-versin-completa-gratis,,2026-02-12
https://itch.io/blog/1367914/-2026-pc,,2026-02-12
https://fdrretwrw.itch.io/pc-game/devlog/1367915/lilith-awakens-v04-by-elatedowl,,2026-02-12
https://vnvnvh.itch.io/free/devlog/1367916/risky-stream-v003-by-pedantus,,2026-02-12
https://itch.io/blog/1367917/spaceengine-2019-direct-download-license,,2026-02-12
https://itch.io/blog/1367918/baixar-arma-reforger-2023-grtis-pc,,2026-02-12
https://itch.io/blog/1367919/arma-reforger-2026-,,2026-02-12
https://vnvnvh.itch.io/free/devlog/1367920/mr-thornes-office-v41-by-kzfol,,2026-02-12
https://fdrretwrw.itch.io/pc-game/devlog/1367921/fluffy-planet-1-concept-demo-4-by-under-formatman,,2026-02-12
https://itch.io/blog/1367922/arma-reforger-2023-descarga-directa-gratis,,2026-02-12
https://itch.io/blog/1367923/endless-legend-2-2025-full-version-download,,2026-02-12
https://vnvnvh.itch.io/free/devlog/1367924/saragame-2-v05-by-saragames,,2026-02-12
https://itch.io/blog/1367925/mall-simulator-2025-repack-download,,2026-02-12
https://itch.io/blog/1367926/f1-25-2025-baixar-pc-grtis,,2026-02-12
https://fdrretwrw.itch.io/pc-game/devlog/1367927/nurashell-saga-v101-by-nurashell-games,,2026-02-12
https://itch.io/blog/1367928/f1-25-2025-descargar-gratis,,2026-02-12
https://itch.io/blog/1367929/f1-25-2026-pc,,2026-02-12
https://itch.io/blog/1367930/against-the-storm-2023-portable-download,,2026-02-12
https://itch.io/blog/1367931/car-service-together-2026-download-grtis-porttil,,2026-02-12
https://itch.io/blog/1367932/car-service-together-2026-versin-completa-gratis,,2026-02-12
https://itch.io/blog/1367933/car-service-together-2026-pc,,2026-02-12
https://vnvnvh.itch.io/free/devlog/1367934/mischievous-succubus-plan-v02b0-by-qara-ay,,2026-02-12
https://itch.io/blog/1367935/download-motor-town-behind-the-wheel-2021-free,,2026-02-12
https://guildworks.itch.io/fantasy-forest/devlog/1367936/fantasy-forest-update-v101,,2026-02-12
https://itch.io/blog/1367937/tavern-keeper-2025-portable-download,,2026-02-12
https://itch.io/blog/1367938/anno-117-pax-romana-2025-verso-completa-grtis,,2026-02-12
https://itch.io/blog/1367939/anno-117-pax-romana-versin-completa-gratis-2025-portable,,2026-02-12
https://itch.io/blog/1367940/anno-117-pax-romana2026-,,2026-02-12
https://vnvnvh.itch.io/free/devlog/1367941/worlds-crossing-academy-v1500-by,,2026-02-12
https://itch.io/blog/1367942/leaf-it-alone-2025-portable-download-all-dlc,,2026-02-12
https://itch.io/blog/1367943/age-of-wonders-4-2023-baixar-pc-grtis,,2026-02-12
https://itch.io/blog/1367944/age-of-wonders-4-2023-descargar-para-pc-gratis,,2026-02-12
https://itch.io/blog/1367945/age-of-wonders-4-2026-,,2026-02-12
https://itch.io/blog/1367946/total-war-rome-ii-emperor-edition-2013-pc-download,,2026-02-12
https://fyonn.itch.io/scallywag/devlog/1367947/v02,,2026-02-12
https://itch.io/blog/1367948/frostpunk-2-2024-full-version-download,,2026-02-12
https://itch.io/blog/1367949/le-mans-ultimate-2025-crackeado-download-repack,,2026-02-12
https://itch.io/blog/1367950/le-mans-ultimate-2025-descarga-gratuita-pc-repack,,2026-02-12
https://itch.io/blog/1367951/le-mans-ultimate-2026-,,2026-02-12
https://itch.io/blog/1367952/elite-dangerous-2015-no-install-license,,2026-02-12
https://itch.io/blog/1367954/ace-combat-7-skies-unknown-2019-baixar-grtis-pc,,2026-02-12
https://itch.io/blog/1367956/ace-combat-7-skies-unknown-2019-descargar-para-pc-gratis,,2026-02-12
https://itch.io/blog/1367957/ace-combat-7-skies-unknown2026-pc,,2026-02-12
https://itch.io/blog/1367958/download-sid-meiers-civilization-v-2010-pc,,2026-02-12
https://itch.io/blog/1367960/tropico-6-2019-direct-download-gog,,2026-02-12
https://paupertim.itch.io/deckbuilder1/devlog/1367961/day-8-rondel-movement,,2026-02-12
https://itch.io/blog/1367962/x4-foundations-2018-verso-completa-grtis-repack,,2026-02-12
https://itch.io/blog/1367964/x4-foundations-2026-,,2026-02-12
https://itch.io/blog/1367965/x4-foundations-versin-completa-gratis-2018,,2026-02-12
https://vcgckdfhh.itch.io/free/devlog/1367966/i-need-to-be-in-love-v14-ea-by-teamodev,,2026-02-12
https://itch.io/blog/1367967/universe-sandbox-portable-download-2015,,2026-02-12
https://itch.io/blog/1367968/alchemy-factory-2025-baixar-grtis-pc,,2026-02-12
https://itch.io/blog/1367969/alchemy-factory-2026-,,2026-02-12
https://itch.io/blog/1367970/alchemy-factory-2025-descarga-directa-gratis,,2026-02-12
https://itch.io/blog/1367971/maneater-2021-repack-download,,2026-02-12
https://vcgckdfhh.itch.io/free/devlog/1367972/farmd-v190-by-softscale,,2026-02-12
https://stberryhill.itch.io/subquest/devlog/1367973/disappearing-harpoon-bug-fix,,2026-02-12
https://shadowblade-games.itch.io/way-of-corruption/devlog/1367975/way-of-corruption-031,,2026-02-12
https://netovoxel.itch.io/voxel-ultimate-starter-pack-100-models-vol-1/devlog/1367976/voxel-mega-world-builder-100,,2026-02-12
https://itch.io/blog/1367977/download-forza-motorsport-2023-cracked,,2026-02-12
https://itch.io/blog/1367978/garrys-mod-verso-completa-grtis-2006-crackeado,,2026-02-12
https://itch.io/blog/1367979/garrys-mod-versin-completa-gratis-2006-portable,,2026-02-12
https://itch.io/blog/1367980/garrys-mod-2026,,2026-02-12
https://vcgckdfhh.itch.io/free/devlog/1367981/happily-ever-after-v051-by-escovic-games,,2026-02-12
https://itch.io/blog/1367982/baixar-europa-universalis-v-2025-grtis-pc,,2026-02-12
https://itch.io/blog/1367983/europa-universalis-v-2025-descargar-para-pc-gratis,,2026-02-12
https://itch.io/blog/1367984/europa-universalis-v-2026-pc-,,2026-02-12
https://vcgckdfhh.itch.io/free/devlog/1367985/ntr-phone-v0372-by-shybox,,2026-02-12
https://itch.io/blog/1367986/manor-lords-crackeado-download-2024,,2026-02-12
https://vcgckdfhh.itch.io/free/devlog/1367987/dream-team-69-v050-by-shodo-games,,2026-02-12
https://itch.io/blog/1367988/manor-lords-2024-descarga-directa-gratis,,2026-02-12
https://itch.io/blog/1367989/manor-lords-2026-,,2026-02-12
https://vcgckdfhh.itch.io/free/devlog/1367990/married-into-hell-v100-by-worknite-games,,2026-02-12
https://itch.io/blog/1367991/escape-simulator-2-2025-download-grtis,,2026-02-12
https://itch.io/blog/1367992/escape-simulator-2-2025-versin-completa-gratis,,2026-02-12
https://itch.io/blog/1367993/2-2026-pc,,2026-02-12
https://vcgckdfhh.itch.io/free/devlog/1367994/the-bimbo-protocol-v10-demo-by-bimbo-baron,,2026-02-12
https://itch.io/blog/1367995/cities-skylines-2015-crackeado-download,,2026-02-12
https://itch.io/blog/1367996/descargar-cities-skylines-2015-gratis-pc,,2026-02-12
https://465iouyr78gvyu.itch.io/pc-game/devlog/1367997/whorehouse-manager-v112-by-red-sky,,2026-02-12
https://itch.io/blog/1367998/cities-skylines-2026-,,2026-02-12
https://vcgckdfhh.itch.io/free/devlog/1367999/couples-lustbound-v040-by-lustlynovels,,2026-02-12
https://itch.io/blog/1368000/powerwash-simulator-2-2025-baixar-grtis-pc,,2026-02-12
https://itch.io/blog/1368001/powerwash-simulator-2-2025-descarga-directa-gratis,,2026-02-12
https://itch.io/blog/1368002/powerwash-simulator-2-2026,,2026-02-12
https://465iouyr78gvyu.itch.io/pc-game/devlog/1368003/tamara-exposed-ch3-v09-by-adorable-romaine,,2026-02-12
https://vcgckdfhh.itch.io/free/devlog/1368004/futa-academy-of-sex-v12-by-mindusky,,2026-02-12
https://lainkainer.itch.io/monsters-sprities-sheet/devlog/1368005/im-made-test-assets-pack,,2026-02-12
https://itch.io/blog/1368006/green-hell-verso-completa-grtis-2019,,2026-02-12
https://itch.io/blog/1368007/descargar-green-hell-2019-gratis-pc,,2026-02-12
https://itch.io/blog/1368008/green-hell2026-pc,,2026-02-12
https://465iouyr78gvyu.itch.io/pc-game/devlog/1368009/pygmalions-folly-remaster-by-double-dead-studio,,2026-02-12
https://suselgamedev.itch.io/last-man-standing/devlog/1368010/last-man-standing-large-update-english-here,,2026-02-12
https://vcgckdfhh.itch.io/free/devlog/1368011/my-wifes-voice-is-cumming-through-the-wall,,2026-02-12
https://itch.io/blog/1368012/pga-tour-2k25-verso-completa-grtis-2025,,2026-02-12
https://itch.io/blog/1368013/pga-tour-2k25-2025-descargar-gratis-sin-instalacin,,2026-02-12
https://itch.io/blog/1368014/-pga-2k25-2026-pc,,2026-02-12
https://465iouyr78gvyu.itch.io/pc-game/devlog/1368015/fuckguild-v010-b-by-nastyou,,2026-02-12
https://itch.io/blog/1368016/golf-with-your-friends-2020-descarga-gratuita-pc,,2026-02-12
https://itch.io/blog/1368017/golf-with-your-friends-2020-baixar-grtis-pc,,2026-02-12
https://itch.io/blog/1368018/golf-with-your-friends-2026-pc,,2026-02-12
https://bnuuyshame.itch.io/gluttonism-folk-feederism-religion/devlog/1368019/updated-the-tome,,2026-02-12
https://465iouyr78gvyu.itch.io/pc-game/devlog/1368020/blossom-of-pleasure-v0417-by-bildur,,2026-02-12
https://itch.io/blog/1368021/house-flipper-2-baixar-pc-grtis-2023,,2026-02-12
https://itch.io/blog/1368022/house-flipper-2-2023-descargar-gratis-portable,,2026-02-12
https://itch.io/blog/1368023/-pc-2026,,2026-02-12
https://465iouyr78gvyu.itch.io/pc-game/devlog/1368024/lesbian-battle-va043d-by-dere,,2026-02-12
https://itch.io/blog/1368025/fast-food-simulator-download-grtis-2024,,2026-02-12
https://itch.io/blog/1368026/fast-food-simulator-2024-descarga-directa-gratis,,2026-02-12
https://itch.io/blog/1368027/fast-food-simulator-pc-2026,,2026-02-12
https://465iouyr78gvyu.itch.io/pc-game/devlog/1368028/night-over-day-v015-by-lovebyte-games,,2026-02-12
https://itch.io/blog/1368029/need-for-speed-unbound-descarga-directa-gratis-2022-portable,,2026-02-12
https://itch.io/blog/1368030/need-for-speed-unbound-2022-baixar-pc-grtis,,2026-02-12
https://itch.io/blog/1368031/need-for-speed-unbound2026-dl,,2026-02-12
https://itch.io/blog/1368032/god-of-war-ragnark-direct-download-2024,,2026-02-12
https://itch.io/blog/1368033/indiana-jones-and-the-great-circle-no-install-2024,,2026-02-12
https://vbdbgb.itch.io/free/devlog/1368034/fleeting-memories-v046-by-lyrical-artistry,,2026-02-12
https://itch.io/blog/1368035/metal-gear-solid-snake-eater-2025-no-install,,2026-02-12
https://itch.io/blog/1368036/baixar-storage-hunter-simulator-2025-grtis-pc,,2026-02-12
https://itch.io/blog/1368037/storage-hunter-simulator-2025-descargar-para-pc-gratis,,2026-02-12
https://itch.io/blog/1368038/storage-hunter-simulator-2026-,,2026-02-12
https://itch.io/blog/1368039/tomb-raider-game-of-the-year-2013-cracked-download-license,,2026-02-12
https://itch.io/blog/1368040/marvels-spider-man-2-2025-no-install-gog,,2026-02-12
https://endjakub.itch.io/jump-knight/devlog/1368041/game-patch-245,,2026-02-12
https://vbdbgb.itch.io/free/devlog/1368042/hyper-lyfe-v00-by-souperg,,2026-02-12
https://itch.io/blog/1368043/super-bunny-man-2023-pc-download,,2026-02-12
https://itch.io/blog/1368044/whiskerwood-descargar-gratis-2025,,2026-02-12
https://itch.io/blog/1368045/whiskerwood-baixar-pc-grtis-2025,,2026-02-12
https://itch.io/blog/1368046/whiskerwood-2026-dl,,2026-02-12
https://itch.io/blog/1368047/download-marvels-spider-man-remastered-2022-full-version,,2026-02-12
https://itch.io/blog/1368048/haste-2025-direct-download,,2026-02-12
https://itch.io/blog/1368049/download-god-of-war-2022-full-version,,2026-02-12
https://itch.io/blog/1368050/dirt-rally-20-2019-versin-completa-gratis,,2026-02-12
https://itch.io/blog/1368051/dirt-rally-20-2019-baixar-pc-grtis,,2026-02-12
https://itch.io/blog/1368052/dirt-rally-20-2026,,2026-02-12
https://itch.io/blog/1368053/crash-bandicoot-n-sane-trilogy-2018-portable-download,,2026-02-12
https://porshianowrin.itch.io/the-white-mark/devlog/1368054/-release-devlog-the-white-mark,,2026-02-12
https://itch.io/blog/1368055/download-elden-ring-nightreign-2025-repack,,2026-02-12
https://itch.io/blog/1368056/crash-bandicoot-4-its-about-time-2022-pc-download,,2026-02-12
https://itch.io/blog/1368057/descargar-human-fall-flat-2016-gratis-pc,,2026-02-12
https://itch.io/blog/1368058/red-dead-redemption-2-2019-pc-download,,2026-02-12
https://itch.io/blog/1368059/crime-scene-cleaner-2024-baixar-pc-grtis,,2026-02-12
https://itch.io/blog/1368060/human-fall-flat-2026-dl,,2026-02-12
https://vbdbgb.itch.io/free/devlog/1368061/married-into-hell-v100-by-worknite-games,,2026-02-12
https://itch.io/blog/1368062/hi-fi-rush-2023-pc-download,,2026-02-12
https://itch.io/blog/1368063/download-warhammer-40000-space-marine-2-2024-full-version,,2026-02-12
https://itch.io/blog/1368064/crime-scene-cleaner-2024-descarga-directa-gratis-portable,,2026-02-12
https://itch.io/blog/1368065/baixar-human-fall-flat-2016-grtis-pc,,2026-02-12
https://itch.io/blog/1368066/crime-scene-cleaner2026-,,2026-02-12
https://itch.io/blog/1368067/download-terminator-2d-no-fate-2025-torrent,,2026-02-12
https://itch.io/blog/1368068/romeo-is-a-dead-man-2026-full-version-download-gog,,2026-02-12
https://itch.io/blog/1368069/pizza-tower-2023-no-install-multiplayer,,2026-02-12
https://itch.io/blog/1368070/mafia-the-old-country-2025-pc-download-all-dlc,,2026-02-12
https://itch.io/blog/1368071/terra-invicta-descargar-gratis-2026-repack,,2026-02-12
https://vbdbgb.itch.io/free/devlog/1368072/the-bimbo-protocol-v10-demo-by-bimbo-baron,,2026-02-12
https://itch.io/blog/1368073/terra-invicta-verso-completa-grtis-2026,,2026-02-12
https://itch.io/blog/1368074/terra-invicta-2026-,,2026-02-12
https://itch.io/blog/1368075/download-sonic-x-shadow-generations-2024-torrent,,2026-02-12
https://itch.io/blog/1368076/final-fantasy-vii-remake-intergrade-2022-full-version-download,,2026-02-12
https://itch.io/blog/1368077/descargar-workers-resources-soviet-republic-2024-gratis-pc,,2026-02-12
https://itch.io/blog/1368078/portal-2007-direct-download-steam,,2026-02-12
https://itch.io/blog/1368079/workers-resources-soviet-republic-2026-dl,,2026-02-12
https://itch.io/blog/1368080/workers-resources-soviet-republic-2024-verso-completa-grtis,,2026-02-12
https://itch.io/blog/1368081/shadow-of-the-tomb-raider-definitive-edition-2018-no-install-steam,,2026-02-12
https://itch.io/blog/1368082/revenge-of-the-savage-planet-2025-full-version-download,,2026-02-12
https://itch.io/blog/1368083/bioshock-infinite-2013-cracked-download,,2026-02-12
https://itch.io/blog/1368084/kenshi-2018-descargar-gratis,,2026-02-12
https://itch.io/blog/1368085/kenshi-2026-,,2026-02-12
https://itch.io/blog/1368086/baixar-kenshi-2018-grtis-pc,,2026-02-12
https://itch.io/blog/1368087/download-spongebob-squarepants-titans-of-the-tide-2025-full-version,,2026-02-12
https://itch.io/blog/1368088/download-assassins-creed-valhalla-2022-torrent,,2026-02-12
https://itch.io/blog/1368089/tomb-raider-i-iii-remastered-starring-lara-croft-2024-cracked-download-license,,2026-02-12
https://itch.io/blog/1368090/descargar-automation-the-car-company-tycoon-game-2015-gratis-pc,,2026-02-12
https://itch.io/blog/1368091/inazuma-eleven-victory-road-repack-download-2025,,2026-02-12
https://itch.io/blog/1368092/automation-the-car-company-tycoon-game-2015-crackeado-download,,2026-02-12
https://itch.io/blog/1368093/automation-the-car-company-tycoon-game2026-,,2026-02-12
https://vbdbgb.itch.io/free/devlog/1368094/couples-lustbound-v040-by-lustlynovels,,2026-02-12
https://itch.io/blog/1368095/worms-wmd-2016-no-install-updated,,2026-02-12
https://itch.io/blog/1368096/horizon-zero-dawn-complete-edition-2020-free-download-all-dlc,,2026-02-12
https://itch.io/blog/1368097/coral-island-2023-descargar-para-pc-gratis,,2026-02-12
https://itch.io/blog/1368098/coral-island-2026-,,2026-02-12
https://itch.io/blog/1368099/baixar-coral-island-2023-grtis-pc,,2026-02-12
https://itch.io/blog/1368100/download-blazblue-entropy-effect-2024-full-version,,2026-02-12
https://vbdbgb.itch.io/free/devlog/1368101/futa-academy-of-sex-v12-by-mindusky,,2026-02-12
https://itch.io/blog/1368102/payday-2-2013-no-install,,2026-02-12
https://itch.io/blog/1368103/alice-madness-returns-2011-direct-download-all-dlc,,2026-02-12
https://itch.io/blog/1368104/download-grand-theft-auto-iv-the-complete-edition-2020-free,,2026-02-12
https://itch.io/blog/1368105/firefighting-simulator-ignite-2025-descargar-para-pc-gratis-portable,,2026-02-12
https://itch.io/blog/1368106/firefighting-simulator-ignite-2025-baixar-grtis-pc,,2026-02-12
https://itch.io/blog/1368107/-2026-pc,,2026-02-12
https://itch.io/blog/1368108/download-shelldiver-2025-torrent,,2026-02-12
https://itch.io/blog/1368109/rise-of-the-tomb-raider-2016-portable-download,,2026-02-12
https://itch.io/blog/1368110/foundation-descarga-directa-gratis-2025-repack,,2026-02-12
https://zackiey.itch.io/coffeencauldrons/devlog/1368111/coffeecauldron-v02,,2026-02-12
https://itch.io/blog/1368112/sonic-frontiers-2022-torrent-download,,2026-02-12
https://itch.io/blog/1368113/foundation-2025-download-grtis,,2026-02-12
https://itch.io/blog/1368114/foundation2026-,,2026-02-12
https://itch.io/blog/1368115/my-hero-academia-alls-justice-2026-no-install,,2026-02-12
https://itch.io/blog/1368116/download-lego-the-lord-of-the-rings-2012-repack,,2026-02-12
https://itch.io/blog/1368117/call-of-duty-black-ops-6-2024-cracked-download,,2026-02-12
https://itch.io/blog/1368118/wwe-2k25-2025-versin-completa-gratis,,2026-02-12
https://itch.io/blog/1368119/wwe-2k25-2026-pc,,2026-02-12
https://itch.io/blog/1368120/wwe-2k25-2025-baixar-pc-grtis,,2026-02-12
https://itch.io/blog/1368121/disney-epic-mickey-rebrushed-2024-no-install,,2026-02-12
https://itch.io/blog/1368122/horizon-zero-dawn-remastered-no-install-2024-gog,,2026-02-12
https://vbdbgb.itch.io/free/devlog/1368123/my-wifes-voice-is-cumming-through-the-wall,,2026-02-12
https://itch.io/blog/1368124/way-of-the-hunter-2022-descargar-gratis,,2026-02-12
https://itch.io/blog/1368125/planet-of-lana-2023-no-install,,2026-02-12
https://itch.io/blog/1368126/taxi-boss-scripts-no-key-february-2026-2026-free-downloa,,2026-02-12
https://itch.io/blog/1368127/everspace-2-2023-full-version-download,,2026-02-12
https://itch.io/blog/1368128/way-of-the-hunter-pc-2026-,,2026-02-12
https://itch.io/blog/1368129/way-of-the-hunter-baixar-pc-grtis-2022-verso-completa,,2026-02-12
https://itch.io/blog/1368130/lego-indiana-jones-the-original-adventures-2008-free-download,,2026-02-12
https://itch.io/blog/1368131/routine-2025-repack-download,,2026-02-12
https://itch.io/blog/1368132/aces-of-thunder-2026-descarga-gratuita-pc-versin-completa,,2026-02-12
https://itch.io/blog/1368133/counterfeit-tycoon-scripts-no-key-february-2026-2026-roblox-scrip,,2026-02-12
https://itch.io/blog/1368134/aces-of-thunder-2026-pc,,2026-02-12
https://itch.io/blog/1368135/aces-of-thunder-baixar-grtis-pc-2026,,2026-02-12
https://itch.io/blog/1368136/darksiders-2010-torrent-download,,2026-02-12
https://itch.io/blog/1368137/call-of-duty-modern-warfare-2-2009-2009-direct-download,,2026-02-12
https://itch.io/blog/1368138/the-long-dark-versin-completa-gratis-2017,,2026-02-12
https://itch.io/blog/1368139/biped-2-2025-full-version-download,,2026-02-12
https://itch.io/blog/1368140/rise-of-the-ronin-full-version-download-2025,,2026-02-12
https://itch.io/blog/1368141/roblox-blox-fruits-scripts-no-key-february-2026-2026-download-pc-free,,2026-02-12
https://itch.io/blog/1368142/the-long-dark2026-dl-,,2026-02-12
https://itch.io/blog/1368143/the-long-dark-2017-verso-completa-grtis,,2026-02-12
https://itch.io/blog/1368144/mega-man-legacy-collection-torrent-download-2015-gog,,2026-02-12
https://itch.io/blog/1368145/titanfall-2-direct-download-2016-multiplayer,,2026-02-12
https://itch.io/blog/1368146/spaceengine-2019-versin-completa-gratis,,2026-02-12
https://itch.io/blog/1368147/jailbreak-scripts-no-key-february-2026-2026-download-pc-,,2026-02-12
https://itch.io/blog/1368148/spaceengine-2026-pc,,2026-02-12
https://itch.io/blog/1368149/spaceengine-2019-download-grtis,,2026-02-12
https://itch.io/blog/1368150/sonic-adventure-dx-full-version-download-2011,,2026-02-12
https://itch.io/blog/1368151/call-of-duty-modern-warfare-remastered-2017-direct-download-2017-all-dlc,,2026-02-12
https://gravity-pollution-studios.itch.io/cubic-conundrum/devlog/1368152/cubic-conundrum-dev-log-11-bomb-cubes,,2026-02-12
https://itch.io/blog/1368153/endless-legend-2-versin-completa-gratis-2025-sin-instalacin,,2026-02-12
https://itch.io/blog/1368154/download-sniper-elite-resistance-2025-portable,,2026-02-12
https://itch.io/blog/1368155/neon-abyss-2020-repack-download-updated,,2026-02-12
https://lekseylex.itch.io/fragmented-grave/devlog/1368156/well-now-this-is-difficult-and-fun,,2026-02-12
https://itch.io/blog/1368157/arsenal-scripts-no-key-february-2026-latest-version-2026-free-download-pc,,2026-02-12
https://itch.io/blog/1368158/endless-legend-2-2-2026-,,2026-02-12
https://itch.io/blog/1368159/baixar-endless-legend-2-2025-grtis-pc,,2026-02-12
https://itch.io/blog/1368160/download-i-am-fish-2021-direct,,2026-02-12
https://itch.io/blog/1368161/assassins-creed-iv-black-flag-2026-full-version-download,,2026-02-12
https://itch.io/blog/1368162/mall-simulator-2025-descargar-para-pc-gratis-sin-instalacin,,2026-02-12
https://itch.io/blog/1368163/mall-simulator-2026-,,2026-02-12
https://itch.io/blog/1368164/pennys-big-breakaway-2024-direct-download,,2026-02-12
https://itch.io/blog/1368165/adopt-me-scripts-no-key-february-2026-2026-free-download-pc,,2026-02-12
https://itch.io/blog/1368166/the-lord-of-the-rings-return-to-moria-direct-download-2024,,2026-02-12
https://itch.io/blog/1368167/mall-simulator-2025-download-grtis,,2026-02-12
https://itch.io/blog/1368168/against-the-storm-2023-descarga-directa-gratis,,2026-02-12
https://itch.io/blog/1368169/antonblast-2024-portable-download-steam,,2026-02-12
https://itch.io/blog/1368170/ninja-gaiden-4-2025-pc-download-license,,2026-02-12
https://itch.io/blog/1368171/devlog-21126-worldgen-tables-and-exploration,,2026-02-12
https://itch.io/blog/1368172/against-the-storm-2026-,,2026-02-12
https://itch.io/blog/1368173/free-doors-scripts-no-key-february-2026-download-2026-pc,,2026-02-12
https://itch.io/blog/1368174/baixar-against-the-storm-2023-grtis-pc,,2026-02-12
https://itch.io/blog/1368175/crypt-custodian-2024-portable-download-multiplayer,,2026-02-12
https://itch.io/blog/1368176/download-borderlands-2-2012-cracked,,2026-02-12
https://yuuzal.itch.io/kazak-demo/devlog/1368177/patch-290-bug-apocalypse,,2026-02-12
https://itch.io/blog/1368178/descargar-motor-town-behind-the-wheel-2021-gratis-pc,,2026-02-12
https://itch.io/blog/1368179/dragon-ball-z-kakarot-2020-portable-download-all-dlc,,2026-02-12
https://itch.io/blog/1368180/download-climber-animals-together-2024-portable,,2026-02-12
https://itch.io/blog/1368181/motor-town-behind-the-wheel-2026-,,2026-02-12
https://itch.io/blog/1368182/motor-town-behind-the-wheel-baixar-pc-grtis-2021,,2026-02-12
https://itch.io/blog/1368183/tower-of-hell-scripts-no-key-february-2026-2026-roblox-scrip,,2026-02-12
https://itch.io/blog/1368184/pro-apex-legends-cheat-v30-hack-2026-download-pc-free,,2026-02-12
https://itch.io/blog/1368185/shindo-life-scripts-no-key-february-2026-2026-free-downloa,,2026-02-12
https://mkn-publications.itch.io/mkn-oracle/devlog/1368186/mkn-oracle-23,,2026-02-12
https://itch.io/blog/1368187/pro-apex-legends-cheat-v30-2026-working,,2026-02-12
https://itch.io/blog/1368188/roblox-bedwars-scripts-no-key-february-2026-2026-free-script,,2026-02-12
https://itch.io/blog/1368189/elite-warzone-cheat-v20-free-download,,2026-02-12
https://itch.io/blog/1368190/tower-of-hell-scripts-undetected-february-2026-2026-download-pc-,,2026-02-12
https://itch.io/blog/1368191/elite-warzone-cheat-v20-2026-working,,2026-02-12
https://itch.io/blog/1368192/download-racing-scripts-no-key-april-2026-free-2026-pc,,2026-02-12
https://itch.io/blog/1368193/download-ultimate-rust-cheat-v30-free-2026,,2026-02-12
https://itch.io/blog/1368194/brookhaven-scripts-key-system-september-2026-2026-download-pc-,,2026-02-12
https://itch.io/blog/1368195/venus-external-fortnite-cheat-2026-che,,2026-02-12
https://itch.io/blog/1368196/vehicle-legends-scripts-no-key-october-2026-2026-free-script-,,2026-02-12
https://itch.io/blog/1368197/ultimate-rust-cheat-v30-working-2026,,2026-02-12
https://lucabicono.itch.io/entangled-game/devlog/1368198/devlog-021126,,2026-02-12
https://itch.io/blog/1368199/quantum-aimbot-ai-external-cheat-2026-free-download-no-ban,,2026-02-12
https://itch.io/blog/1368200/pro-gta-5-hack-v20-free-cheat-download-pc,,2026-02-12
https://itch.io/blog/1368201/racing-scripts-key-system-december-2026-2026-free-script-,,2026-02-12
https://astrefroid.itch.io/cherchegloire/devlog/1368202/streaming-du-10022026-avec-kyreelle-,,2026-02-12
https://itch.io/blog/1368203/stellar-esp-external-fortnite-cheat-2026-download-pc-,,2026-02-12
https://itch.io/blog/1368204/pro-gta-5-hack-v20-working-cheat-2026,,2026-02-12
https://itch.io/blog/1368205/brookhaven-scripts-key-system-april-2026-2026-free-download-pc,,2026-02-12
https://itch.io/blog/1368206/shadow-esp-external-fortnite-cheat-2026-download-pc-,,2026-02-12
https://itch.io/blog/1368207/download-pro-valorant-cheat-v20-free-2026-anti-cheat,,2026-02-12
https://itch.io/blog/1368208/anime-fighters-scripts-working-december-2026-2026-free-roblox-,,2026-02-12
https://jordanly.itch.io/the-elder-scrolls-travels-morrowind/devlog/1368209/update-to-0610,,2026-02-12
https://itch.io/blog/1368210/aether-cheat-external-2026-free-fortnite-download,,2026-02-12
https://itch.io/blog/1368211/pro-valorant-cheat-v20-hack-2026-latest-no-virus,,2026-02-12
https://itch.io/blog/1368212/jailbreak-scripts-no-key-june-2026-2026-free-download-script,,2026-02-12
https://hellothere95171.itch.io/gearlings-collection/devlog/1368213/adding-more-games-soon,,2026-02-12
https://itch.io/blog/1368214/comet-aimbot-external-cheat-2026-free-fortnite-download,,2026-02-12
https://itch.io/blog/1368215/elite-overwatch-hack-v30-free-cheat-download-2026,,2026-02-12
https://itch.io/blog/1368216/free-jailbreak-scripts-working-september-2026-download-2026-pc,,2026-02-12
https://itch.io/blog/1368217/mars-cheat-premium-fortnite-external-2026-che,,2026-02-12
https://hellothere95171.itch.io/super-fight-v-00/devlog/1368218/30-is-here,,2026-02-12
https://itch.io/blog/1368219/elite-overwatch-hack-v30-undetected-cheat-2026-working,,2026-02-12
https://itch.io/blog/1368220/free-shindo-life-scripts-no-key-may-2026-download-2026-pc,,2026-02-12
https://itch.io/blog/1368221/meteor-cheat-hd-external-2026-free-fortnite-download-no-ban,,2026-02-12
https://itch.io/blog/1368222/download-pro-rust-hack-v20-cheat-free-2026-anti-cheat,,2026-02-12
https://itch.io/blog/1368223/vehicle-legends-scripts-free-download-august-2026-2026-roblox-scrip,,2026-02-12
https://itch.io/blog/1368224/griffin-aimbot-hd-fortnite-external-cheat-2026-free,,2026-02-12
https://shastes.itch.io/chimera-haven/devlog/1368225/v003-is-out,,2026-02-12
https://itch.io/blog/1368226/pro-rust-hack-v20-2026-safe-cheat,,2026-02-12
https://itch.io/blog/1368227/fighting-simulator-scripts-working-september-2026-2026-free-downloa,,2026-02-12
https://itch.io/blog/1368228/orion-external-fortnite-cheat-2026-free-fortnit,,2026-02-12
https://itch.io/blog/1368229/download-elite-fortnite-cheat-v20-free-2026,,2026-02-12
https://zippuro.itch.io/lastsunset/devlog/1368230/soon-big-update,,2026-02-12
https://itch.io/blog/1368231/arsenal-scripts-key-system-may-2026-2026-free-roblox-script,,2026-02-12
https://itch.io/blog/1368232/shadow-esp-external-cheat-2026-download-pc-free,,2026-02-12
https://itch.io/blog/1368233/elite-fortnite-cheat-v20-free-download-no-ban,,2026-02-12
https://itch.io/blog/1368234/bedwars-scripts-working-september-2026-2026-free-script-,,2026-02-12
https://itch.io/blog/1368235/hello-world,,2026-02-12
https://itch.io/blog/1368236/dragon-external-cheat-2026-fortnite-free-no-virus,,2026-02-12
https://itch.io/blog/1368237/download-ultimate-overwatch-cheat-v30-free-2026,,2026-02-12
https://itch.io/blog/1368238/anime-fighters-scripts-undetected-october-2026-2026-free-roblox-,,2026-02-12
https://for265.itch.io/calendar/devlog/1368239/yippe-playable-in-browser,,2026-02-12
https://aaron201194lol.itch.io/sdg-rpg-first-attempt/devlog/1368240/sneak-peek-1,,2026-02-12
https://itch.io/blog/1368241/colossus-external-vr-cheat-2026-download-pc-free,,2026-02-12
https://itch.io/blog/1368242/ultimate-overwatch-cheat-v30-working-hack-undetected-2026-bypass,,2026-02-12
https://itch.io/blog/1368243/natural-disaster-scripts-free-download-march-2026-2026-roblox-,,2026-02-12
https://itch.io/blog/1368244/stellar-esp-ultra-fortnite-external-cheat-2026-download-pc-,,2026-02-12
https://itch.io/blog/1368245/ultimate-roblox-cheat-v30-undetected-2026-free-download,,2026-02-12
https://itch.io/blog/1368246/jailbreak-scripts-free-download-june-2026-2026-roblox-,,2026-02-12
https://itch.io/blog/1368247/download-cyberspace-esp-max-fortnite-external-cheat-free-2026-working,,2026-02-12
https://itch.io/blog/1368248/ultimate-roblox-cheat-v30-hack-2026-working-anti-cheat,,2026-02-12
https://itch.io/blog/1368249/tower-of-hell-scripts-key-system-march-2026-2026-free-downloa,,2026-02-12
https://itch.io/blog/1368250/leviathan-aimbot-external-cheat-2026-free-download,,2026-02-12
https://itch.io/blog/1368251/download-elite-roblox-cheat-v20-free-2026,,2026-02-12
https://itch.io/blog/1368252/brookhaven-scripts-undetected-may-2026-2026-free-roblox-,,2026-02-12
https://itch.io/blog/1368253/orion-external-cheat-2026-free-download-pc-no-virus,,2026-02-12
https://odaswifteye.itch.io/mlp-generations/devlog/1368254/extracting-the-executable,,2026-02-12
https://itch.io/blog/1368255/elite-roblox-cheat-v20-hack-2026-undetected,,2026-02-12
https://itch.io/blog/1368256/blox-fruits-scripts-free-download-april-2026-2026-script-,,2026-02-12
https://itch.io/blog/1368257/hydra-hack-ultra-fortnite-external-cheat-2026-ext,,2026-02-12
https://itch.io/blog/1368258/ultimate-apex-legends-hack-v30-2026-download-pc-free,,2026-02-12
https://itch.io/blog/1368259/roblox-anime-fighters-scripts-working-january-2026-2026-script-free,,2026-02-12
https://itch.io/blog/1368260/jupiter-aimbot-max-external-cheat-2026-free-download,,2026-02-12
https://itch.io/blog/1368261/ultimate-apex-legends-hack-v30-free-cheat-undetected,,2026-02-12
https://andrewwritegood.itch.io/terzaks-trundling-tower/devlog/1368262/added-missing-monster-page-references,,2026-02-12
https://itch.io/blog/1368263/jailbreak-scripts-no-key-august-2026-2026-roblox-script-free,,2026-02-12
https://itch.io/blog/1368264/asteroid-esp-premium-fortnite-external-cheat-2026-download-pc-,,2026-02-12
https://itch.io/blog/1368265/elite-gta-5-cheat-v20-free-download-pc-no-virus,,2026-02-12
https://itch.io/blog/1368266/royale-high-scripts-working-november-2026-2026-free-script-,,2026-02-12
https://itch.io/blog/1368267/fortnite-solar-hack-external-cheat-pro-v356-free-download,,2026-02-12
https://itch.io/blog/1368268/elite-gta-5-cheat-v20-free-no-ban,,2026-02-12
https://itch.io/blog/1368269/taxi-boss-scripts-working-march-2026-2026-free-roblox-,,2026-02-12
https://itch.io/blog/1368270/mars-cheat-fortnite-external-2026-free,,2026-02-12
https://itch.io/blog/1368271/pro-gta-5-hack-v30-cheat-2026-free-download,,2026-02-12
https://itch.io/blog/1368272/adopt-me-scripts-no-key-may-2026-free-roblox-script-2026-download-pc,,2026-02-12
https://zoomzoomzooms.itch.io/piggie-game/devlog/1368273/soundtrack-out-now-on-gootoob-lawl,,2026-02-12
https://itch.io/blog/1368274/neural-hack-fortnite-external-cheat-pro-v485-free-download-pc,,2026-02-12
https://itch.io/blog/1368275/download-pro-gta-5-hack-v30-cheat-free-2026,,2026-02-12
https://itch.io/blog/1368276/tower-of-hell-scripts-no-key-january-2026-2026-free-script-,,2026-02-12
https://itch.io/blog/1368277/train-simulator-classic-2009-full-version-download-multiplayer,,2026-02-12
https://itch.io/blog/1368278/supernova-esp-ultra-fortnite-external-cheat-2026-free-externa,,2026-02-12
https://itch.io/blog/1368279/ea-sports-fc-262026-dl,,2026-02-12
https://itch.io/blog/1368280/ultimate-warzone-hack-v20-undetected-cheat-2026-download-pc-free,,2026-02-12
https://itch.io/blog/1368281/ea-sports-fc-26-2025-versin-completa-gratis-sin-instalacin,,2026-02-12
https://itch.io/blog/1368282/ea-sports-fc-26-2025-crackeado-download,,2026-02-12
https://itch.io/blog/1368283/ranch-simulator-build-hunt-farm-2023-pc-download,,2026-02-12
https://itch.io/blog/1368284/horizon-forbidden-west-complete-edition-2024-free-download-all-dlc,,2026-02-12
https://itch.io/blog/1368285/tower-of-hell-scripts-working-october-2026-2026-free-script-,,2026-02-12
https://itch.io/blog/1368286/neptune-esp-hd-fortnite-external-cheat-2026-free-externa,,2026-02-12
https://itch.io/blog/1368287/anno-1800-2019-torrent-download,,2026-02-12
https://itch.io/blog/1368288/stalker-2-heart-of-chornobyl-cracked-download-2024,,2026-02-12
https://itch.io/blog/1368289/train-simulator-classic-2026,,2026-02-12
https://itch.io/blog/1368290/ultimate-warzone-hack-v20-free-cheat-undetected,,2026-02-12
https://itch.io/blog/1368291/train-simulator-classic-2009-descargar-para-pc-gratis-portable,,2026-02-12
https://itch.io/blog/1368292/train-simulator-classic-2009-baixar-grtis-pc,,2026-02-12
https://itch.io/blog/1368293/the-planet-crafter-2024-repack-download,,2026-02-12
https://itch.io/blog/1368294/hotel-architect-2025-full-version-download,,2026-02-12
https://itch.io/blog/1368295/taxi-boss-scripts-free-download-august-2026-2026-roblox-,,2026-02-12
https://itch.io/blog/1368296/colossus-external-fortnite-cheat-2026-download-pc-,,2026-02-12
https://itch.io/blog/1368297/crime-simulator2026-dl,,2026-02-12
https://itch.io/blog/1368298/megastore-simulator-2026-full-version-download,,2026-02-12
https://itch.io/blog/1368299/download-marvels-spider-man-miles-morales-2022-portable,,2026-02-12
https://monochromegem.itch.io/vis-arcana/devlog/1368300/ver-065-town-hub,,2026-02-12
https://itch.io/blog/1368301/descargar-crime-simulator-2025-gratis-pc,,2026-02-12
https://itch.io/blog/1368302/ultimate-gta-5-hack-v30-free-cheat-download-pc,,2026-02-12
https://itch.io/blog/1368303/crime-simulator-2025-baixar-pc-grtis,,2026-02-12
https://itch.io/blog/1368304/adopt-me-scripts-key-system-march-2026-2026-free-download-pc,,2026-02-12
https://itch.io/blog/1368305/download-the-bus-2021-cracked,,2026-02-12
https://itch.io/blog/1368306/star-wars-outlaws-2024-no-install,,2026-02-12
https://itch.io/blog/1368307/meteor-cheat-plus-fortnite-external-2026-che,,2026-02-12
https://itch.io/blog/1368308/ranch-simulator-build-hunt-farm-pc-2026-,,2026-02-12
https://allornothing.itch.io/gac/devlog/1368310/proximamente-actualizacin-de-get-a-chance,,2026-02-12
https://itch.io/blog/1368311/descargar-ranch-simulator-build-hunt-farm-2023-gratis-pc,,2026-02-12
https://itch.io/blog/1368312/ultimate-gta-5-hack-v30-2026-working-cheat-anti-cheat,,2026-02-12
https://itch.io/blog/1368313/ranch-simulator-build-hunt-farm-2023-baixar-grtis-pc-crackeado,,2026-02-12
https://itch.io/blog/1368314/transport-fever-2-2019-portable-download-gog,,2026-02-12
https://itch.io/blog/1368315/dragon-age-the-veilguard-2024-full-version-download,,2026-02-12
https://itch.io/blog/1368316/pet-simulator-scripts-no-key-september-2026-2026-download-pc-,,2026-02-12
https://worldfabric.itch.io/narball/devlog/1368317/v0041-socket-threading-improvement,,2026-02-12
https://itch.io/blog/1368318/mercury-hack-max-fortnite-external-cheat-2026-che,,2026-02-12
https://itch.io/blog/1368319/surviving-mars-relaunched-no-install-2025-updated,,2026-02-12
https://itch.io/blog/1368320/final-fantasy-vii-rebirth-2025-portable-download,,2026-02-12
https://itch.io/blog/1368321/everspace-2-2026-,,2026-02-12
https://itch.io/blog/1368322/descargar-everspace-2-2023-gratis-pc,,2026-02-12
https://itch.io/blog/1368323/elite-fortnite-cheat-v30-2026-free-download,,2026-02-12
https://itch.io/blog/1368324/everspace-2-2023-verso-completa-grtis,,2026-02-12
https://oriathan.itch.io/masked-melee/devlog/1368325/masked-melee-gameplay-basics,,2026-02-12
https://itch.io/blog/1368326/download-city-bus-manager-2024-direct,,2026-02-12
https://itch.io/blog/1368327/download-trails-in-the-sky-1st-chapter-2025-free,,2026-02-12
https://itch.io/blog/1368328/arsenal-scripts-undetected-february-2026-2026-free-script-,,2026-02-12
https://itch.io/blog/1368329/download-stealth-hack-vr-fortnite-external-cheat-free-2026,,2026-02-12
https://itch.io/blog/1368330/anno-18002026-,,2026-02-12
https://itch.io/blog/1368331/descargar-anno-1800-2019-gratis-pc,,2026-02-12
https://itch.io/blog/1368332/fernbus-simulator-2016-full-version-download,,2026-02-12
https://itch.io/blog/1368333/lego-star-wars-the-skywalker-saga-torrent-download-2022-steam,,2026-02-12
https://itch.io/blog/1368334/anno-1800-baixar-grtis-pc-2019,,2026-02-12
https://itch.io/blog/1368335/elite-fortnite-cheat-v30-2026-safe,,2026-02-12
https://itch.io/blog/1368336/shindo-life-scripts-key-system-april-2026-2026-free-roblox-,,2026-02-12
https://green-dragonzg7s-games.itch.io/the-stranger-hour/devlog/1368337/the-stranger-hour-v11-released,,2026-02-12
https://itch.io/blog/1368338/astroneer-2016-portable-download,,2026-02-12
https://itch.io/blog/1368339/saturn-esp-external-fortnite-cheat-2026-free-fortnit,,2026-02-12
https://itch.io/blog/1368340/fallout-3-game-of-the-year-edition-repack-download-2009,,2026-02-12
https://itch.io/blog/1368341/the-sims-3-2026-pc,,2026-02-12
https://itch.io/blog/1368342/the-sims-3-2009-versin-completa-gratis,,2026-02-12
https://itch.io/blog/1368343/the-sims-3-2009-baixar-grtis-pc,,2026-02-12
https://itch.io/blog/1368344/ultimate-gta-5-cheat-v20-free-hack-download-2026,,2026-02-12
https://itch.io/blog/1368345/captain-of-industry-portable-download-2022,,2026-02-12
https://itch.io/blog/1368346/jdm-japanese-drift-master-2025-repack-download-steam,,2026-02-12
https://itch.io/blog/1368347/download-arsenal-scripts-undetected-august-2026-free-2026-pc,,2026-02-12
https://itch.io/blog/1368348/shadow-esp-fortnite-external-cheat-2026-free-fortnit,,2026-02-12
https://itch.io/blog/1368349/hotel-architect-2026-,,2026-02-12
https://itch.io/blog/1368350/download-city-tales-medieval-era-2026-free,,2026-02-12
https://itch.io/blog/1368351/tom-clancys-ghost-recon-breakpoint-2023-portable-download,,2026-02-12
https://itch.io/blog/1368352/descargar-hotel-architect-2025-gratis-pc,,2026-02-12
https://itch.io/blog/1368353/hotel-architect-2025-crackeado-download,,2026-02-12
https://itch.io/blog/1368354/ultimate-gta-5-cheat-v20-working-hack-undetected-2026-bypass,,2026-02-12
https://itch.io/blog/1368355/yu-gi-oh-early-days-collection-2025-full-version-download,,2026-02-12
https://itch.io/blog/1368356/powerwash-simulator-2022-no-install,,2026-02-12
https://itch.io/blog/1368357/fighting-simulator-scripts-working-december-2026-2026-free-downloa,,2026-02-12
https://itch.io/blog/1368359/kraken-esp-plus-free-fortnite-external-cheat-v146-download,,2026-02-12
https://itch.io/blog/1368360/megastore-simulator-2026,,2026-02-12
https://itch.io/blog/1368361/megastore-simulator-2026-descarga-directa-gratis-sin-instalacin,,2026-02-12
https://itch.io/blog/1368362/elite-cs2-hack-v20-free-download-2026-anti-cheat,,2026-02-12
https://itch.io/blog/1368363/megastore-simulator-2026-verso-completa-grtis,,2026-02-12
https://itch.io/blog/1368364/star-birds-2025-no-install-license,,2026-02-12
https://itch.io/blog/1368365/assassins-creed-mirage-portable-download-2024,,2026-02-12
https://itch.io/blog/1368366/roblox-anime-fighters-scripts-undetected-august-2026-2026-download-pc-free,,2026-02-12
https://itch.io/blog/1368367/neptune-esp-hd-external-cheat-2026-fortnite-free,,2026-02-12
https://itch.io/blog/1368368/the-bus-2026-,,2026-02-12
https://itch.io/blog/1368369/kerbal-space-program-portable-download-2015,,2026-02-12
https://itch.io/blog/1368370/dragon-ball-xenoverse-2-2016-portable-download,,2026-02-12
https://itch.io/blog/1368371/descargar-the-bus-2021-gratis-pc,,2026-02-12
https://itch.io/blog/1368372/elite-cs2-hack-v20-undetected-cheat-2026,,2026-02-12
https://itch.io/blog/1368373/the-bus-2021-crackeado-download,,2026-02-12
https://noeducation7902.itch.io/conversion-target/devlog/1368374/game-demo-release,,2026-02-12
https://itch.io/blog/1368375/simrail-the-railway-simulator-2024-no-install-updated,,2026-02-12
https://itch.io/blog/1368376/subnautica-below-zero-2021-no-install-multiplayer,,2026-02-12
https://itch.io/blog/1368377/shindo-life-scripts-no-key-january-2026-2026-free-script-,,2026-02-12
https://itch.io/blog/1368378/supernova-esp-neo-external-cheat-2026-fortnite-free,,2026-02-12
https://itch.io/blog/1368379/tropico-6-2026-dl,,2026-02-12
https://itch.io/blog/1368380/descargar-tropico-6-2019-gratis-pc,,2026-02-12
https://itch.io/blog/1368381/derail-valley-2019-free-download,,2026-02-12
https://itch.io/blog/1368382/pro-roblox-hack-v20-undetected-cheat-2026-free-download,,2026-02-12
https://itch.io/blog/1368383/tropico-6-2019-baixar-grtis-pc-repack,,2026-02-12
https://itch.io/blog/1368384/hell-is-us-free-download-2025,,2026-02-12
https://jorbits.itch.io/crown-siege/devlog/1368385/v013,,2026-02-12
https://itch.io/blog/1368386/infection-free-zone-2024-pc-download,,2026-02-12
https://itch.io/blog/1368387/counterfeit-tycoon-scripts-key-system-august-2026-2026-roblox-scrip,,2026-02-12
https://itch.io/blog/1368388/shadow-esp-pro-fortnite-external-cheat-2026-ext,,2026-02-12
https://itch.io/blog/1368389/transport-fever-2-2026-,,2026-02-12
https://itch.io/blog/1368390/crysis-3-remastered-no-install-2022,,2026-02-12
https://r6yuogikjnygu.itch.io/free/devlog/1368391/live-to-fight-free-game-pc,,2026-02-12
https://itch.io/blog/1368392/transport-fever-2-2019-descarga-directa-gratis-repack,,2026-02-12
https://itch.io/blog/1368393/transport-fever-2-2019-verso-completa-grtis-sem-instalao,,2026-02-12
https://itch.io/blog/1368394/download-pro-roblox-hack-v20-cheat-free-2026,,2026-02-12
https://itch.io/blog/1368395/house-flipper-2018-full-version-download,,2026-02-12
https://itch.io/blog/1368396/download-five-nights-at-freddys-secret-of-the-mimic-2025-repack,,2026-02-12
https://itch.io/blog/1368397/anime-fighters-scripts-key-system-january-2026-2026-free-script-,,2026-02-12
https://itch.io/blog/1368398/surviving-mars-relaunched2026-dl-,,2026-02-12
https://itch.io/blog/1368399/ronin-aimbot-ai-fortnite-external-cheat-2026-free-fortnit,,2026-02-12
https://itch.io/blog/1368400/seafarer-the-ship-sim-cracked-download-2025,,2026-02-12
https://itch.io/blog/1368401/surviving-mars-relaunched-2025-descargar-gratis,,2026-02-12
https://itch.io/blog/1368402/final-fantasy-xv-windows-edition-2018-torrent-download,,2026-02-12
https://itch.io/blog/1368403/baixar-surviving-mars-relaunched-2025-grtis-pc,,2026-02-12
https://itch.io/blog/1368404/ultimate-cs2-hack-v30-free-cheat-download,,2026-02-12
https://r6yuogikjnygu.itch.io/free/devlog/1368405/tamara-exposed-free-game-pc,,2026-02-12
https://itch.io/blog/1368406/download-subwaysim-2-2025-portable,,2026-02-12
https://itch.io/blog/1368407/call-of-duty-2-2005-portable-download,,2026-02-12
https://indigolay.itch.io/pixel-adventure-book-ui-fantasy-rpg-kit/devlog/1368408/v11-update-tmp-auto-setup,,2026-02-12
https://itch.io/blog/1368409/blade-and-sorcery-2026-dl-,,2026-02-12
https://itch.io/blog/1368410/fortnite-titan-esp-external-cheat-v303-free-download-pc,,2026-02-12
https://itch.io/blog/1368411/natural-disaster-scripts-no-key-january-2026-2026-download-pc-,,2026-02-12
https://itch.io/blog/1368412/adobe-photoshop-2026-270025-free-download,,2026-02-12
https://itch.io/blog/1368413/blade-and-sorcery-2024-versin-completa-gratis,,2026-02-12
https://itch.io/blog/1368414/blade-and-sorcery-2024-download-grtis,,2026-02-12
https://itch.io/blog/1368415/ultimate-cs2-hack-v30-free-cheat-download-latest,,2026-02-12
https://itch.io/blog/1368416/the-wandering-village-2025-no-install,,2026-02-12
https://itch.io/blog/1368417/south-of-midnight-2025-direct-download,,2026-02-12
https://r6yuogikjnygu.itch.io/free/devlog/1368418/blossom-of-pleasure-free-game,,2026-02-12
https://itch.io/blog/1368419/elite-dangerous-2026,,2026-02-12
https://itch.io/blog/1368420/download-jupiter-aimbot-ai-fortnite-external-cheat-free-2026,,2026-02-12
https://itch.io/blog/1368421/arsenal-scripts-working-december-2026-2026-free-download-roblox-script,,2026-02-12
https://itch.io/blog/1368422/into-the-dead-our-darkest-days-2025-no-install-updated,,2026-02-12
https://itch.io/blog/1368423/descargar-elite-dangerous-2015-gratis-pc,,2026-02-12
https://itch.io/blog/1368424/wolfenstein-ii-the-new-colossus-full-version-download-2017-updated,,2026-02-12
https://itch.io/blog/1368425/elite-dangerous-baixar-pc-grtis-2015,,2026-02-12
https://itch.io/blog/1368426/pro-valorant-hack-v30-2026-free-cheat-download-no-virus,,2026-02-12
https://itch.io/blog/1368427/yu-gi-oh-legacy-of-the-duelist-link-evolution-2020-repack-download,,2026-02-12
https://itch.io/blog/1368428/cowboy-life-simulator-2025-free-download,,2026-02-12
https://itch.io/blog/1368429/city-bus-manager-2026-,,2026-02-12
https://itch.io/blog/1368430/ronin-aimbot-ai-external-cheat-2026-fortnite-free-latest-version,,2026-02-12
https://itch.io/blog/1368431/descargar-city-bus-manager-2024-gratis-pc,,2026-02-12
https://itch.io/blog/1368432/bookshop-simulator-2025-pc-download-multiplayer,,2026-02-12
https://itch.io/blog/1368433/city-bus-manager-baixar-grtis-pc-2024-sem-instalao,,2026-02-12
https://itch.io/blog/1368434/pro-valorant-hack-v30-no-ban-cheat-2026,,2026-02-12
https://itch.io/blog/1368435/whisper-of-the-house-2025-full-version-download-steam,,2026-02-12
https://itch.io/blog/1368436/anno-1404-history-edition-2020-portable-download,,2026-02-12
https://itch.io/blog/1368437/payday-2-pc-2026,,2026-02-12
https://itch.io/blog/1368438/layers-of-fear-2016-pc-download-2016-all-dlc,,2026-02-12
https://itch.io/blog/1368439/download-asteroid-esp-vr-fortnite-external-cheat-free-2026,,2026-02-12
https://itch.io/blog/1368440/payday-2-2013-descargar-para-pc-gratis-crackeado,,2026-02-12
https://itch.io/blog/1368441/baixar-payday-2-2013-grtis-pc,,2026-02-12
https://itch.io/blog/1368442/geo-political-simulator-2026-edition-2025-repack-download,,2026-02-12
https://itch.io/blog/1368443/elite-roblox-hack-v30-undetected-cheat-2026-download-pc-free,,2026-02-12
https://itch.io/blog/1368444/naruto-x-boruto-ultimate-ninja-storm-connections-2023-full-version,,2026-02-12
https://itch.io/blog/1368445/ea-sports-wrc-2023-torrent-download,,2026-02-12
https://itch.io/blog/1368446/-dl-2026,,2026-02-12
https://itch.io/blog/1368447/escape-simulator-2021-descarga-gratuita-pc,,2026-02-12
https://itch.io/blog/1368448/venus-external-ultra-fortnite-cheat-2026-download-pc-,,2026-02-12
https://itch.io/blog/1368449/escape-simulator-2021-baixar-pc-grtis-crackeado,,2026-02-12
https://itch.io/blog/1368450/download-eriksholm-the-stolen-dream-2025-direct,,2026-02-12
https://itch.io/blog/1368451/download-elite-roblox-hack-v30-cheat-free-2026-anti-cheat,,2026-02-12
https://itch.io/blog/1368452/frostpunk-2018-torrent-download-gog,,2026-02-12
https://itch.io/blog/1368453/fernbus-simulator-2026-,,2026-02-12
https://itch.io/blog/1368454/tekken-7-2017-direct-download-multiplayer,,2026-02-12
https://itch.io/blog/1368455/fernbus-simulator-descarga-gratuita-pc-2016,,2026-02-12
https://itch.io/blog/1368456/ninja-external-neo-fortnite-cheat-v233-free-download,,2026-02-12
https://r6yuogikjnygu.itch.io/free/devlog/1368457/being-super-free-game-pc,,2026-02-12
https://itch.io/blog/1368458/panzer-corps-2-2020-free-download,,2026-02-12
https://itch.io/blog/1368459/fernbus-simulator-2016-crackeado-download-sem-instalao,,2026-02-12
https://itch.io/blog/1368460/pro-minecraft-hack-v30-free-cheat-download-pc,,2026-02-12
https://itch.io/blog/1368461/far-cry-4-2014-direct-download-updated,,2026-02-12
https://itch.io/blog/1368462/city-car-driving-2016-free-download,,2026-02-12
https://itch.io/blog/1368463/tavern-keeper-2026-,,2026-02-12
https://itch.io/blog/1368464/tavern-keeper-descarga-gratuita-pc-2025,,2026-02-12
https://itch.io/blog/1368465/comet-aimbot-hd-fortnite-external-cheat-2026-download-pc-,,2026-02-12
https://itch.io/blog/1368466/watch-dogs-2-2016-direct-download,,2026-02-12
https://itch.io/blog/1368467/tavern-keeper-baixar-grtis-pc-2025-sem-instalao,,2026-02-12
https://itch.io/blog/1368468/download-railway-empire-2-2023-free,,2026-02-12
https://itch.io/blog/1368469/pro-minecraft-hack-v30-free-cheat-download-no-ban,,2026-02-12
https://itch.io/blog/1368470/max-payne-3-2012-full-version-download-gog,,2026-02-12
https://itch.io/blog/1368471/astroneer-2026-pc,,2026-02-12
https://itch.io/blog/1368472/descargar-astroneer-2016-gratis-pc,,2026-02-12
https://itch.io/blog/1368473/thief-simulator-2-portable-download-2023,,2026-02-12
https://itch.io/blog/1368474/colossus-external-neo-fortnite-cheat-2026-free-externa,,2026-02-12
https://midnightfork.itch.io/x-burger/devlog/1368475/x-burger-demo-is-live-now,,2026-02-12
https://itch.io/blog/1368476/astroneer-2016-baixar-grtis-pc,,2026-02-12
https://itch.io/blog/1368477/elite-minecraft-cheat-v20-free-hack-download-2026,,2026-02-12
https://itch.io/blog/1368478/shin-megami-tensei-v-vengeance-repack-download-2024-steam,,2026-02-12
https://r6yuogikjnygu.itch.io/free/devlog/1368479/dickmonx-remake-free-game-pc,,2026-02-12
https://itch.io/blog/1368480/let-them-trade-2025-direct-download,,2026-02-12
https://itch.io/blog/1368481/-captain-of-industry-pc-2026,,2026-02-12
https://itch.io/blog/1368482/download-asteroid-esp-hd-fortnite-external-cheat-free-2026-full-version,,2026-02-12
https://itch.io/blog/1368483/captain-of-industry-2022-versin-completa-gratis,,2026-02-12
https://itch.io/blog/1368484/download-yakuza-0-directors-cut-2025-repack,,2026-02-12
https://itch.io/blog/1368485/the-precinct-portable-download-2025,,2026-02-12
https://itch.io/blog/1368486/captain-of-industry-2022-verso-completa-grtis,,2026-02-12
https://itch.io/blog/1368487/elite-minecraft-cheat-v20-undetected-2026,,2026-02-12
https://itch.io/blog/1368488/download-final-fantasy-vii-2013-torrent,,2026-02-12
https://itch.io/blog/1368489/star-wars-squadrons-2020-torrent-download,,2026-02-12
https://itch.io/blog/1368490/city-tales-medieval-era-2026-pc,,2026-02-12
https://itch.io/blog/1368491/asteroid-esp-ai-fortnite-external-cheat-2026-download-pc-,,2026-02-12
https://itch.io/blog/1368492/city-tales-medieval-era-descargar-gratis-2026,,2026-02-12
https://thefunfactory.itch.io/out-of-time/devlog/1368493/out-of-time-bug-fix,,2026-02-12
https://itch.io/blog/1368494/download-ultimate-roblox-cheat-v20-free-2026,,2026-02-12
https://itch.io/blog/1368495/city-tales-medieval-era-2026-baixar-grtis-pc,,2026-02-12
https://itch.io/blog/1368496/control-ultimate-edition-2020-no-install,,2026-02-12
https://itch.io/blog/1368497/jurassic-world-evolution-2-no-install-2021,,2026-02-12
https://itch.io/blog/1368498/jdm-japanese-drift-master-2026-,,2026-02-12
https://itch.io/blog/1368499/uranus-hack-vr-fortnite-external-cheat-2026-free-externa,,2026-02-12
https://itch.io/blog/1368500/download-titan-quest-anniversary-edition-2016-portable,,2026-02-12
https://itch.io/blog/1368501/jdm-japanese-drift-master-2025-descargar-para-pc-gratis,,2026-02-12
https://itch.io/blog/1368502/two-point-hospital-2018-free-download-updated,,2026-02-12
https://itch.io/blog/1368503/ultimate-roblox-cheat-v20-free-download-safe-latest-version,,2026-02-12
https://itch.io/blog/1368504/jdm-japanese-drift-master-2025-verso-completa-grtis,,2026-02-12
https://itch.io/blog/1368505/download-baldurs-gate-enhanced-edition-2013-cracked,,2026-02-12
https://itch.io/blog/1368506/download-zero-sievert-2024-torrent,,2026-02-12
https://itch.io/blog/1368507/download-nova-fortnite-external-cheat-free-2026,,2026-02-12
https://itch.io/blog/1368508/-dl-2026-,,2026-02-12
https://itch.io/blog/1368509/yu-gi-oh-early-days-collection-2025-descargar-para-pc-gratis,,2026-02-12
https://itch.io/blog/1368510/elite-apex-legends-hack-v20-free-cheat-download,,2026-02-12
https://itch.io/blog/1368511/bully-scholarship-edition-2008-torrent-download-multiplayer,,2026-02-12
https://itch.io/blog/1368512/yu-gi-oh-early-days-collection-2025-crackeado-download-porttil,,2026-02-12
https://itch.io/blog/1368513/need-for-speed-2016-torrent-download,,2026-02-12
https://itch.io/blog/1368514/kraken-esp-premium-fortnite-external-cheat-2026-che,,2026-02-12
https://itch.io/blog/1368515/still-wakes-the-deep-2024-cracked-download,,2026-02-12
https://itch.io/blog/1368516/star-birds-2026-,,2026-02-12
https://itch.io/blog/1368517/introducing-the-amaregamesbulletin-hashtag-for-social-media,,2026-02-12
https://itch.io/blog/1368518/star-wars-empire-at-war-gold-pack-2006-portable-download-gog,,2026-02-12
https://itch.io/blog/1368519/star-birds-2025-versin-completa-gratis,,2026-02-12
https://itch.io/blog/1368520/elite-apex-legends-hack-v20-free-cheat-latest,,2026-02-12
https://itch.io/blog/1368521/baixar-star-birds-2025-grtis-pc,,2026-02-12
https://itch.io/blog/1368522/sea-of-stars-2023-portable-download,,2026-02-12
https://itch.io/blog/1368523/dragon-external-vr-fortnite-cheat-2026-free-fortnit,,2026-02-12
https://itch.io/blog/1368524/need-for-speed-payback-2017-cracked-download,,2026-02-12
https://r6yuogikjnygu.itch.io/free/devlog/1368525/so-much-to-love-free-game-pc,,2026-02-12
https://itch.io/blog/1368526/powerwash-simulator-2026-,,2026-02-12
https://itch.io/blog/1368527/ultimate-minecraft-cheat-v30-undetected-2026-free-download,,2026-02-12
https://itch.io/blog/1368528/powerwash-simulator-2022-descargar-para-pc-gratis,,2026-02-12
https://itch.io/blog/1368529/the-outer-worlds-torrent-download-2020-all-dlc,,2026-02-12
https://itch.io/blog/1368530/cash-cleaner-simulator-2025-portable-download,,2026-02-12
https://itch.io/blog/1368531/powerwash-simulator-2022-download-grtis,,2026-02-12
https://itch.io/blog/1368532/robocop-rogue-city-unfinished-business-cracked-download-2025,,2026-02-12
https://itch.io/blog/1368533/kerbal-space-program-2026-,,2026-02-12
https://itch.io/blog/1368534/ultimate-minecraft-cheat-v30-undetected-2026-working-bypass,,2026-02-12
https://itch.io/blog/1368535/uboat-no-install-2024-gog,,2026-02-12
https://itch.io/blog/1368536/kerbal-space-program-2015-descargar-para-pc-gratis-repack,,2026-02-12
https://itch.io/blog/1368537/baixar-kerbal-space-program-2015-grtis-pc,,2026-02-12
https://itch.io/blog/1368538/download-broken-sword-shadow-of-the-templars-reforged-2024-direct,,2026-02-12
https://itch.io/blog/1368539/dungeons-4-cracked-download-2023,,2026-02-12
https://itch.io/blog/1368540/simrail-the-railway-simulator2026-pc,,2026-02-12
https://itch.io/blog/1368541/ultimate-apex-legends-cheat-v30-free-hack-download-2026,,2026-02-12
https://itch.io/blog/1368542/download-system-shock-2-25th-anniversary-remaster-2025-portable,,2026-02-12
https://itch.io/blog/1368543/simrail-the-railway-simulator-2024-versin-completa-gratis-crackeado,,2026-02-12
https://itch.io/blog/1368544/steep-2016-cracked-download-gog,,2026-02-12
https://itch.io/blog/1368545/simrail-the-railway-simulator-baixar-grtis-pc-2024-sem-instalao,,2026-02-12
https://itch.io/blog/1368546/tales-of-arise-2023-torrent-download,,2026-02-12
https://itch.io/blog/1368547/derail-valley-2026-,,2026-02-12
https://itch.io/blog/1368548/ultimate-apex-legends-cheat-v30-undetected-2026-latest-bypass,,2026-02-12
https://itch.io/blog/1368549/derail-valley-2019-descargar-para-pc-gratis,,2026-02-12
https://itch.io/blog/1368550/half-life-2-portable-download-2004,,2026-02-12
https://itch.io/blog/1368551/derail-valley-2019-baixar-grtis-pc,,2026-02-12
https://itch.io/blog/1368552/leaf-it-alone-2026,,2026-02-12
https://itch.io/blog/1368553/final-fantasy-xx-2-hd-remaster-2016-torrent-download,,2026-02-12
https://itch.io/blog/1368554/elite-warzone-cheat-v30-undetected-2026-free-download,,2026-02-12
https://itch.io/blog/1368555/leaf-it-alone-2025-descarga-gratuita-pc,,2026-02-12
https://oriathan.itch.io/masked-melee/devlog/1368556/masked-melee-plague-doctor-pyromancer,,2026-02-12
https://itch.io/blog/1368557/leaf-it-alone-2025-baixar-pc-grtis,,2026-02-12
https://itch.io/blog/1368558/download-scp-5k-2022-cracked,,2026-02-12
https://itch.io/blog/1368559/infection-free-zone-2026-,,2026-02-12
https://itch.io/blog/1368560/elite-warzone-cheat-v30-free-download-safe,,2026-02-12
https://itch.io/blog/1368561/descargar-infection-free-zone-2024-gratis-pc,,2026-02-12
https://itch.io/blog/1368562/infection-free-zone-2024-baixar-pc-grtis,,2026-02-12
https://itch.io/blog/1368563/-2026-dl,,2026-02-12
https://itch.io/blog/1368564/elite-warzone-hack-v30-free-cheat-download-2026,,2026-02-12
https://itch.io/blog/1368565/house-flipper-2018-descarga-directa-gratis-crackeado,,2026-02-12
https://itch.io/blog/1368566/house-flipper-2018-download-grtis,,2026-02-12
https://blazeworksgames.itch.io/grimspin/devlog/1368567/grimspin-changelog-021026,,2026-02-12
https://itch.io/blog/1368568/-2026-,,2026-02-12
https://itch.io/blog/1368569/elite-warzone-hack-v30-2026-safe-cheat,,2026-02-12
https://itch.io/blog/1368570/seafarer-the-ship-sim-2025-descarga-directa-gratis,,2026-02-12
https://itch.io/blog/1368571/baixar-seafarer-the-ship-sim-2025-grtis-pc,,2026-02-12
https://itch.io/blog/1368572/ultimate-fortnite-cheat-v20-free-download,,2026-02-12
https://itch.io/blog/1368573/dorfromantik-2026,,2026-02-12
https://itch.io/blog/1368574/dorfromantik-2022-descarga-gratuita-pc-repack,,2026-02-12
https://catsket.itch.io/athymia/devlog/1368575/thanks-for-1k-downloads-update,,2026-02-12
https://itch.io/blog/1368576/dorfromantik-crackeado-download-2022,,2026-02-12
https://itch.io/blog/1368577/ultimate-fortnite-cheat-v20-2026-undetected,,2026-02-12
https://itch.io/blog/1368578/subwaysim-2-2026-,,2026-02-12
https://itch.io/blog/1368579/subwaysim-2-2025-descarga-gratuita-pc,,2026-02-12
https://itch.io/blog/1368580/subwaysim-2-2025-download-grtis,,2026-02-12
https://itch.io/blog/1368581/pro-cs2-hack-v30-free-cheat-download-latest-version,,2026-02-12
https://itch.io/blog/1368582/the-wandering-village-pc-2026,,2026-02-12
https://itch.io/blog/1368583/descargar-the-wandering-village-2025-gratis-pc,,2026-02-12
https://itch.io/blog/1368584/the-wandering-village-2025-verso-completa-grtis-sem-instalao,,2026-02-12
https://itch.io/blog/1368585/pro-cs2-hack-v30-free-cheat-download-undetected,,2026-02-12
https://itch.io/blog/1368586/into-the-dead-our-darkest-days-2026-,,2026-02-12
https://vbdbgb.itch.io/free/devlog/1368587/my-wifes-voice-is-cumming-through-the-wall,,2026-02-12
https://vbdbgb.itch.io/free/devlog/1368588/my-wifes-voice-is-cumming-through-the-wall,,2026-02-12
https://itch.io/blog/1368589/into-the-dead-our-darkest-days-2025-descargar-gratis,,2026-02-12
https://itch.io/blog/1368590/into-the-dead-our-darkest-days-2025-baixar-grtis-pc,,2026-02-12
https://strong-family.itch.io/aim-shooting-remake/devlog/1368591/record-3,,2026-02-12
https://itch.io/blog/1368592/ultimate-minecraft-cheat-v20-free-download-2026,,2026-02-12
https://vbdbgb.itch.io/free/devlog/1368593/fleeting-memories-v046-by-lyrical-artistry,,2026-02-12
https://itch.io/blog/1368594/-2026-,,2026-02-12
https://itch.io/blog/1368595/yu-gi-oh-legacy-of-the-duelist-link-evolution-descarga-directa-gratis-2020,,2026-02-12
https://itch.io/blog/1368596/yu-gi-oh-legacy-of-the-duelist-link-evolution-2020-baixar-pc-grtis,,2026-02-12
https://newcodes.itch.io/space-trials/devlog/1368597/update-1,,2026-02-12
https://itch.io/blog/1368598/the-ultimate-nes-emulation-guide-2026-play-nintendo-classics-anywhere,,2026-02-12
https://itch.io/blog/1368599/ultimate-minecraft-cheat-v20-undetected-2026,,2026-02-12
https://vbdbgb.itch.io/free/devlog/1368600/hyper-lyfe-v00-by-souperg,,2026-02-12
https://anchoragest.itch.io/impermanence/devlog/1368601/items-persistence,,2026-02-12
https://itch.io/blog/1368602/bookshop-simulator-2026-,,2026-02-12
https://hgjnghvjgfgfhg.itch.io/pc/devlog/1368603/pac-man-world-2-re-pac-deluxe-edition-game-download-v10,,2026-02-12
https://itch.io/blog/1368604/descargar-bookshop-simulator-2025-gratis-pc,,2026-02-12
https://itch.io/blog/1368605/baixar-bookshop-simulator-2025-grtis-pc,,2026-02-12
https://itch.io/blog/1368606/ultimate-minecraft-hack-v30-free-cheat-download-anti-cheat,,2026-02-12
https://vbdbgb.itch.io/free/devlog/1368607/ntr-mobile-rise-of-the-bastard-v0100-by,,2026-02-12
https://itch.io/blog/1368608/anno-1404-history-edition-2026,,2026-02-12
https://wetryindonesia.itch.io/reputation-system-rpg-maker-mz/devlog/1368609/command-and-all-necessary-thing,,2026-02-12
https://itch.io/blog/1368610/baixar-anno-1404-history-edition-2020-grtis-pc,,2026-02-12
https://hgjnghvjgfgfhg.itch.io/pc/devlog/1368611/call-to-arms-panzer-elite-deluxe-edition-game-download-v10,,2026-02-12
https://itch.io/blog/1368612/geo-political-simulator-2026-edition-2025-descarga-gratuita-pc,,2026-02-12
https://itch.io/blog/1368613/download-ultimate-minecraft-hack-v30-cheat-free-2026,,2026-02-12
https://itch.io/blog/1368614/geo-political-simulator-2026-edition-2026-,,2026-02-12
https://itch.io/blog/1368615/geo-political-simulator-2026-edition-2025-download-grtis,,2026-02-12
https://tyivjyjhgjbugj.itch.io/game/devlog/1368616/loving-touch-free-game-pc,,2026-02-12
https://itch.io/blog/1368617/ea-sports-wrc-2023-descarga-gratuita-pc,,2026-02-12
https://itch.io/blog/1368618/pro-apex-legends-hack-v30-cheat-2026-free-download,,2026-02-12
https://hgjnghvjgfgfhg.itch.io/pc/devlog/1368619/hades-ii-repack-game-download,,2026-02-12
https://itch.io/blog/1368620/peglin-free-download-2024,,2026-02-12
https://itch.io/blog/1368621/ea-sports-wrc-2026-pc,,2026-02-12
https://itch.io/blog/1368622/ea-sports-wrc-2023-verso-completa-grtis,,2026-02-12
https://itch.io/blog/1368623/download-my-little-puppy-2025-direct,,2026-02-12
https://itch.io/blog/1368624/pro-apex-legends-hack-v30-working-no-ban-cheat-2026-latest-version,,2026-02-12
https://itch.io/blog/1368625/descargar-frostpunk-2018-gratis-pc,,2026-02-12
https://itch.io/blog/1368626/waterpark-simulator-download-pc-free-2025,,2026-02-12
https://tyivjyjhgjbugj.itch.io/game/devlog/1368627/yes-i-am-a-furry-free-game-pc,,2026-02-12
https://itch.io/blog/1368628/-2026,,2026-02-12
https://itch.io/blog/1368629/hatsune-miku-project-diva-mega-mix-2022-full-version-download,,2026-02-12
https://hgjnghvjgfgfhg.itch.io/pc/devlog/1368630/tokyo-xtreme-racer-repack-game-download,,2026-02-12
https://itch.io/blog/1368631/frostpunk-baixar-grtis-pc-2018,,2026-02-12
https://oriathan.itch.io/masked-melee/devlog/1368632/masked-melee-hacker-the-mask,,2026-02-12
https://itch.io/blog/1368633/panzer-corps-2-2020-descargar-para-pc-gratis-sin-instalacin,,2026-02-12
https://itch.io/blog/1368634/the-farmer-was-replaced-2025-free-download,,2026-02-12
https://itch.io/blog/1368635/tiny-isle-2026-full-version-download-steam,,2026-02-12
https://itch.io/blog/1368636/panzer-corps-2-2026-,,2026-02-12
https://itch.io/blog/1368637/panzer-corps-2-2020-download-grtis-sem-instalao,,2026-02-12
https://itch.io/blog/1368638/download-factory-planner-2026-pc,,2026-02-12
https://itch.io/blog/1368639/construction-simulator-2022-free-download-pc,,2026-02-12
https://itch.io/blog/1368640/city-car-driving-2016-versin-completa-gratis,,2026-02-12
https://itch.io/blog/1368641/city-car-driving2026-dl-,,2026-02-12
https://itch.io/blog/1368642/cozyrama-2025-free-download,,2026-02-12
https://hgjnghvjgfgfhg.itch.io/pc/devlog/1368643/cities-skylines-collection-repack-v1201-f1game-download,,2026-02-12
https://itch.io/blog/1368644/city-car-driving-baixar-pc-grtis-2016,,2026-02-12
https://itch.io/blog/1368645/car-dealer-simulator-download-pc-free-2025,,2026-02-12
https://itch.io/blog/1368646/railway-empire-2-2023-descarga-gratuita-pc,,2026-02-12
https://itch.io/blog/1368647/animal-shelter-2022-cracked-download-all-dlc,,2026-02-12
https://itch.io/blog/1368648/railway-empire-2-dl-2026-,,2026-02-12
https://itch.io/blog/1368649/dungeon-tycoon-2024-repack-download-steam,,2026-02-12
https://itch.io/blog/1368650/thief-simulator-2-2023-baixar-pc-grtis,,2026-02-12
https://itch.io/blog/1368651/wrap-house-simulator-2025-free-download-pc-repack,,2026-02-12
https://itch.io/blog/1368652/thief-simulator-2-versin-completa-gratis-2023,,2026-02-12
https://hgjnghvjgfgfhg.itch.io/pc/devlog/1368653/slime-rancher-2-repack-v100game-download,,2026-02-12
https://itch.io/blog/1368654/camper-van-make-it-home-pc-download-2025,,2026-02-12
https://itch.io/blog/1368655/thief-simulator-2-2026-,,2026-02-12
https://itch.io/blog/1368656/fireworks-mania-an-explosive-simulator-2020-free-download,,2026-02-12
https://itch.io/blog/1368657/railway-empire-2-2023-download-grtis,,2026-02-12
https://triplejumpgames.itch.io/atomcraft/devlog/1368658/lots-of-fixes,,2026-02-12
https://itch.io/blog/1368659/funguys-swarm-2025-portable-download-all-dlc,,2026-02-12
https://itch.io/blog/1368660/descargar-let-them-trade-2025-gratis-pc,,2026-02-12
https://itch.io/blog/1368661/-pc-2026,,2026-02-12
https://itch.io/blog/1368662/download-world-of-final-fantasy-2017-portable,,2026-02-12
https://hgjnghvjgfgfhg.itch.io/pc/devlog/1368663/no-im-not-a-human-repack-v1118,,2026-02-12
https://itch.io/blog/1368664/tcg-card-shop-simulator-2024-download-pc-free,,2026-02-12
https://itch.io/blog/1368665/baixar-let-them-trade-2025-grtis-pc,,2026-02-12
https://itch.io/blog/1368666/the-precinct-2025-descargar-gratis,,2026-02-12
https://yonogames0617.itch.io/glyphbound/devlog/1368667/glyphboundpatch-notes-v12-resonance-of-the-gears,,2026-02-12
https://itch.io/blog/1368668/download-squirreled-away-2025-cracked,,2026-02-12
https://itch.io/blog/1368669/the-precinct-2026-,,2026-02-12
https://itch.io/blog/1368670/golf-it-2023-free-download-pc,,2026-02-12
https://itch.io/blog/1368671/tiny-auto-knights-2025-full-version-download,,2026-02-12
https://itch.io/blog/1368672/baixar-the-precinct-2025-grtis-pc,,2026-02-12
https://hgjnghvjgfgfhg.itch.io/pc/devlog/1368673/endless-legend-2-repack-v0071157915-s35,,2026-02-12
https://itch.io/blog/1368674/descargar-star-wars-squadrons-2020-gratis-pc,,2026-02-12
https://itch.io/blog/1368675/star-wars-2026-,,2026-02-12
https://itch.io/blog/1368676/sephiria-2025-repack-download-updated,,2026-02-12
https://itch.io/blog/1368677/perfect-heist-2-free-download-2021,,2026-02-12
https://itch.io/blog/1368678/baixar-star-wars-squadrons-2020-grtis-pc,,2026-02-12
https://itch.io/blog/1368679/papers-please-2013-descarga-gratuita-pc,,2026-02-12
https://itch.io/blog/1368680/download-tracks-the-train-set-game-2019-portable,,2026-02-12
https://hgjnghvjgfgfhg.itch.io/pc/devlog/1368681/arctic-awakening-repack-build-20032483,,2026-02-12
https://shershikari.itch.io/fly-vs-gient/devlog/1368682/the-fly-vs-giant-an-arcade-game-infused-with-narrative,,2026-02-12
https://itch.io/blog/1368683/papers-please-2026-,,2026-02-12
https://itch.io/blog/1368684/hydroneer-download-pc-free-2020-no-install,,2026-02-12
https://itch.io/blog/1368685/story-of-seasons-friends-of-mineral-town-2020-direct-download-gog,,2026-02-12
https://itch.io/blog/1368686/papers-please-2013-download-grtis-porttil,,2026-02-12
https://itch.io/blog/1368687/descargar-jurassic-world-evolution-2-2021-gratis-pc,,2026-02-12
https://hgjnghvjgfgfhg.itch.io/pc/devlog/1368688/formula-legends-repack-v10,,2026-02-12
https://itch.io/blog/1368689/rune-factory-3-special-free-download-2023-all-dlc,,2026-02-12
https://itch.io/blog/1368690/across-the-obelisk-2021-free-download,,2026-02-12
https://itch.io/blog/1368691/22026-,,2026-02-12
https://itch.io/blog/1368692/jurassic-world-evolution-2-2021-verso-completa-grtis,,2026-02-12
https://itch.io/blog/1368693/two-point-hospital-2018-descarga-directa-gratis,,2026-02-12
https://itch.io/blog/1368694/parisian-brasserie-simulator-direct-download-2025,,2026-02-12
https://sugiro-kimiami.itch.io/stickman-yellow-pixel-art/devlog/1368695/stickman-yellow-01v,,2026-02-12
https://itch.io/blog/1368696/shellshock-live-free-download-pc-2020,,2026-02-12
https://itch.io/blog/1368697/two-point-hospital2026-,,2026-02-12
https://itch.io/blog/1368698/emergency-cleanup-co-2024-repack-download-gog,,2026-02-12
https://itch.io/blog/1368699/two-point-hospital-2018-baixar-pc-grtis-verso-completa,,2026-02-12
https://itch.io/blog/1368700/zero-sievert-2024-descarga-directa-gratis,,2026-02-12
https://tyivjyjhgjbugj.itch.io/game/devlog/1368701/reunion-free-game,,2026-02-12
https://itch.io/blog/1368702/potion-permit-free-download-2022,,2026-02-12
https://itch.io/blog/1368703/octopath-traveler-2019-download-pc-free,,2026-02-12
https://itch.io/blog/1368704/zero-sievert-2026-,,2026-02-12
https://frandie-games.itch.io/another-path/devlog/1368705/little-update,,2026-02-12
https://itch.io/blog/1368706/zero-sievert-2024-crackeado-download,,2026-02-12
https://itch.io/blog/1368707/need-for-speed-2016-descarga-directa-gratis,,2026-02-12
https://itch.io/blog/1368708/download-becastled-2025-no-install,,2026-02-12
https://itch.io/blog/1368709/space-rock-breaker-download-pc-free-2025,,2026-02-12
https://itch.io/blog/1368710/need-for-speed-2026-dl,,2026-02-12
https://itch.io/blog/1368711/download-locomoto-2025-full-version,,2026-02-12
https://itch.io/blog/1368712/need-for-speed-2016-baixar-pc-grtis-verso-completa,,2026-02-12
https://itch.io/blog/1368713/star-wars-empire-at-war-gold-pack-2006-versin-completa-gratis,,2026-02-12
https://itch.io/blog/1368714/hotel-galactic-2025-torrent-download,,2026-02-12
https://itch.io/blog/1368715/organized-inside-2025-free-download-pc,,2026-02-12
https://itch.io/blog/1368716/star-wars-empire-at-war-gold-pack2026-,,2026-02-12
https://nbchhif.itch.io/free/devlog/1368717/way-of-corruption-v031-by-shadow-blade,,2026-02-12
https://itch.io/blog/1368718/need-for-speed-payback-2017-descargar-gratis-repack,,2026-02-12
https://itch.io/blog/1368719/baixar-star-wars-empire-at-war-gold-pack-2006-grtis-pc,,2026-02-12
https://itch.io/blog/1368720/kabuto-park-2025-no-install,,2026-02-12
https://oriathan.itch.io/masked-melee/devlog/1368721/masked-melee-slasher-ninja,,2026-02-12
https://itch.io/blog/1368722/lego-star-wars-the-complete-saga-2009-free-download,,2026-02-12
https://itch.io/blog/1368723/need-for-speed-payback-2026,,2026-02-12
https://itch.io/blog/1368724/download-tchia-2024-full-version,,2026-02-12
https://nbchhif.itch.io/free/devlog/1368725/loving-touch-v0011-by-huli,,2026-02-12
https://itch.io/blog/1368726/cowboy-life-simulator-2025-descargar-gratis-crackeado,,2026-02-12
https://itch.io/blog/1368727/baixar-cowboy-life-simulator-2025-grtis-pc,,2026-02-12
https://itch.io/blog/1368728/fretless-the-wrath-of-riffson-2025-repack-download,,2026-02-12
https://itch.io/blog/1368729/cowboy-life-simulator-2026-,,2026-02-12
https://itch.io/blog/1368730/project-rebearth-free-download-pc-2026,,2026-02-12
https://itch.io/blog/1368731/download-espresso-tycoon-2023-no-install,,2026-02-12
https://itch.io/blog/1368732/descargar-cash-cleaner-simulator-2025-gratis-pc,,2026-02-12
https://itch.io/blog/1368733/need-for-speed-payback-crackeado-download-2017,,2026-02-12
https://itch.io/blog/1368734/slots-daggers-2025-free-download,,2026-02-12
https://itch.io/blog/1368735/cash-cleaner-simulator-2026-,,2026-02-12
https://itch.io/blog/1368736/sugardew-island-your-cozy-farm-shop-repack-download-2025,,2026-02-12
https://yrtdxf5bythbytjh.itch.io/free/devlog/1368737/the-crew-ultimate-edition-repack-v1200,,2026-02-12
https://nbchhif.itch.io/free/devlog/1368738/yes-i-am-a-furry-v017-by-goonerunleashed,,2026-02-12
https://itch.io/blog/1368740/cash-cleaner-simulator-baixar-grtis-pc-2025,,2026-02-12
https://itch.io/blog/1368741/uboat-2024-descargar-gratis,,2026-02-12
https://itch.io/blog/1368743/preserve-2025-free-download,,2026-02-12
https://itch.io/blog/1368744/cookie-clicker-2021-free-download-pc,,2026-02-12
https://itch.io/blog/1368745/uboat-dl-2026,,2026-02-12
https://nbchhif.itch.io/free/devlog/1368746/reunion-v080-by-karabinek,,2026-02-12
https://yrtdxf5bythbytjh.itch.io/free/devlog/1368747/lego-voyagers-repack-v106,,2026-02-12
https://itch.io/blog/1368748/download-ritual-of-raven-2025-cracked,,2026-02-12
https://tyivjyjhgjbugj.itch.io/game/devlog/1368749/ashes-of-war-free-game-pc,,2026-02-12
https://itch.io/blog/1368750/dungeons-4-2023-descarga-gratuita-pc,,2026-02-12
https://itch.io/blog/1368751/baixar-uboat-2024-grtis-pc,,2026-02-12
https://itch.io/blog/1368752/my-wife-threw-out-my-card-collection-so-i-bought-a-dump-to-find-them-all-2025-download-pc-,,2026-02-12
https://itch.io/blog/1368753/dungeons-4-2026-,,2026-02-12
https://itch.io/blog/1368754/malteses-fluffy-onsen-2025-free-download,,2026-02-12
https://nbchhif.itch.io/free/devlog/1368755/ashes-of-war-16-complete-by-ctstudio,,2026-02-12
https://yrtdxf5bythbytjh.itch.io/free/devlog/1368756/borderlands-4-super-deluxe-edition-repack-v10,,2026-02-12
https://itch.io/blog/1368757/descargar-steep-2016-gratis-pc,,2026-02-12
https://itch.io/blog/1368758/dungeons-4-2023-crackeado-download,,2026-02-12
https://itch.io/blog/1368759/tiny-terraces-2025-portable-download-steam,,2026-02-12
https://itch.io/blog/1368760/prison-escape-simulator-dig-out-2025-free-download-pc,,2026-02-12
https://itch.io/blog/1368761/steep2026-dl-,,2026-02-12
https://tyivjyjhgjbugj.itch.io/game/devlog/1368762/we-are-lost-ii-free-game-pc,,2026-02-12
https://nbchhif.itch.io/free/devlog/1368763/we-are-lost-ii-v022-by-maddog,,2026-02-12
https://itch.io/blog/1368764/download-zuma-deluxe-2006-free,,2026-02-12
https://dogroach666.itch.io/cataclyzm-demo/devlog/1368765/cataclyzm-devlog-2026-02-11-v022-beer-and-juice,,2026-02-12
https://itch.io/blog/1368766/organized-inside-2025-descargar-gratis,,2026-02-12
https://itch.io/blog/1368767/steep-2016-crackeado-download,,2026-02-12
https://itch.io/blog/1368768/digimon-world-next-order-2023-download-pc-free,,2026-02-12
https://itch.io/blog/1368769/lightning-returns-final-fantasy-xiii-2015-repack-download,,2026-02-12
https://itch.io/blog/1368770/-2026-,,2026-02-12
https://spicymilk05.itch.io/guess-knight/devlog/1368771/computer-display-fixed,,2026-02-12
https://nbchhif.itch.io/free/devlog/1368772/lust-island-ch3-by-ashrandgames,,2026-02-12
https://yrtdxf5bythbytjh.itch.io/free/devlog/1368773/the-house-of-the-dead-2-remake-repack-v20game-download250813,,2026-02-12
https://itch.io/blog/1368774/whisper-of-the-house-2025-versin-completa-gratis,,2026-02-12
https://itch.io/blog/1368775/bad-end-theater-2021-full-version-download-updated,,2026-02-12
https://itch.io/blog/1368776/organized-inside-baixar-grtis-pc-2025-crackeado,,2026-02-12
https://itch.io/blog/1368777/potion-craft-alchemist-simulator-2022-free-download-pc,,2026-02-12
https://nbchhif.itch.io/free/devlog/1368778/curvy-moments-v024e-by-adultandi,,2026-02-12
https://itch.io/blog/1368779/2026-pc,,2026-02-12
https://itch.io/blog/1368780/ni-no-kuni-wrath-of-the-white-witch-remastered-2019-direct-download,,2026-02-12
https://itch.io/blog/1368781/rising-front-descarga-directa-gratis-2026,,2026-02-12
https://itch.io/blog/1368782/my-time-at-sandrock-2023-download-pc-free,,2026-02-12
https://itch.io/blog/1368783/whisper-of-the-house-baixar-pc-grtis-2025,,2026-02-12
https://nbchhif.itch.io/free/devlog/1368784/condemned-bunker-v008-by-testoviron,,2026-02-12
https://itch.io/blog/1368785/poly-bridge-free-download-2016,,2026-02-12
https://oriathan.itch.io/masked-melee/devlog/1368786/masked-melee-tiki-luchador,,2026-02-12
https://itch.io/blog/1368787/rising-front-2026-,,2026-02-12
https://yrtdxf5bythbytjh.itch.io/free/devlog/1368788/indiana-jones-and-the-great-circle-premium-edigame-downloadtion-repack-v1090,,2026-02-12
https://itch.io/blog/1368789/story-of-seasons-a-wonderful-life-portable-download-2023,,2026-02-12
https://itch.io/blog/1368790/spirit-city-lofi-sessions-2024-descargar-para-pc-gratis-repack,,2026-02-12
https://itch.io/blog/1368791/two-point-campus-2022-free-download-pc,,2026-02-12
https://nbchhif.itch.io/free/devlog/1368792/my-girlfriends-v07g-by-mcdxcom,,2026-02-12
https://itch.io/blog/1368793/baixar-rising-front-2026-grtis-pc,,2026-02-12
https://dudu-art.itch.io/ropeman/devlog/1368794/devlog-3,,2026-02-12
https://itch.io/blog/1368795/spirit-city-lofi-sessions-2026,,2026-02-12
https://itch.io/blog/1368796/download-a-webbing-journey-2025-direct,,2026-02-12
https://itch.io/blog/1368797/norland-2024-descarga-directa-gratis-versin-completa,,2026-02-12
https://itch.io/blog/1368798/carcassonne-tiles-tactics-2017-download-pc-free-cracked,,2026-02-12
https://yrtdxf5bythbytjh.itch.io/free/devlog/1368799/firefighting-simulator-ignite-year-1-edition-game-download-v100032825387380,,2026-02-12
https://itch.io/blog/1368800/secret-of-mana-2018-free-download-steam,,2026-02-12
https://itch.io/blog/1368801/spirit-city-lofi-sessions-baixar-pc-grtis-2024,,2026-02-12
https://frodelius.itch.io/extraquest/devlog/1368802/extraquest,,2026-02-12
https://itch.io/blog/1368803/norland-2026-,,2026-02-12
https://tyivjyjhgjbugj.itch.io/game/devlog/1368804/lust-island-free-game-pc,,2026-02-12
https://itch.io/blog/1368805/deeeer-simulator-your-average-everyday-deer-game-2021-repack-download,,2026-02-12
https://itch.io/blog/1368806/emergency-call-112-the-fire-fighting-simulation-2-2021-download-pc-free,,2026-02-12
https://itch.io/blog/1368807/potion-craft-alchemist-simulator-2022-descargar-para-pc-gratis,,2026-02-12
https://itch.io/blog/1368808/norland-2024-download-grtis-porttil,,2026-02-12
https://itch.io/blog/1368809/download-kingdom-hearts-hd-28-final-chapter-prologue-2024-pc,,2026-02-12
https://itch.io/blog/1368810/potion-craft-alchemist-simulator2026-pc,,2026-02-12
https://itch.io/blog/1368811/uno-free-download-2016,,2026-02-12
https://yrtdxf5bythbytjh.itch.io/free/devlog/1368812/metal-eden-repack-build-19732042game-download,,2026-02-12
https://itch.io/blog/1368813/cooking-simulator-2019-descargar-gratis-repack,,2026-02-12
https://itch.io/blog/1368814/bandle-tale-a-league-of-legends-story-2024-full-version-download-all-dlc,,2026-02-12
https://itch.io/blog/1368815/potion-craft-alchemist-simulator-download-grtis-2022-verso-completa,,2026-02-12
https://itch.io/blog/1368816/cooking-simulator-2026-pc,,2026-02-12
https://itch.io/blog/1368817/download-portal-knights-2017-repack,,2026-02-12
https://itch.io/blog/1368818/ale-abbey-monastery-brewery-tycoon-free-download-2025,,2026-02-12
https://itch.io/blog/1368819/wreckfest-2018-descarga-directa-gratis,,2026-02-12
https://itch.io/blog/1368820/cooking-simulator-download-grtis-2019,,2026-02-12
https://itch.io/blog/1368821/mika-and-the-witchs-mountain-2025-full-version-download-steam,,2026-02-12
https://yrtdxf5bythbytjh.itch.io/free/devlog/1368822/hell-is-us-deluxe-edition-repack-v1336435-game-download56,,2026-02-12
https://itch.io/blog/1368823/wreckfest-2026,,2026-02-12
https://itch.io/blog/1368824/spirit-city-lofi-sessions-2024-free-download,,2026-02-12
https://itch.io/blog/1368825/your-wife-2024-repack-download,,2026-02-12
https://itch.io/blog/1368826/six-days-in-fallujah-2023-versin-completa-gratis,,2026-02-12
https://itch.io/blog/1368827/wreckfest-2018-download-grtis-porttil,,2026-02-12
https://itch.io/blog/1368828/six-days-in-fallujah-2026-,,2026-02-12
https://itch.io/blog/1368829/download-zup-s-2018-pc,,2026-02-12
https://itch.io/blog/1368830/deconstruction-simulator-2025-download-pc-free,,2026-02-12
https://itch.io/blog/1368831/empires-of-the-undergrowth-2024-versin-completa-gratis,,2026-02-12
https://itch.io/blog/1368832/six-days-in-fallujah-2023-verso-completa-grtis,,2026-02-12
https://yrtdxf5bythbytjh.itch.io/free/devlog/1368833/cronos-the-new-dawn-deluxe-repack-ver-20game-download250831-2044-321866,,2026-02-12
https://itch.io/blog/1368834/eastward-2021-pc-download,,2026-02-12
https://itch.io/blog/1368835/empires-of-the-undergrowth-2026-dl,,2026-02-12
https://lovegalore.itch.io/sweet-enchantments/devlog/1368836/version-14-is-now-live,,2026-02-12
https://itch.io/blog/1368837/what-the-car-2024-direct-download,,2026-02-12
https://itch.io/blog/1368838/shadows-of-the-afterland-2026-download-pc-free,,2026-02-12
https://itch.io/blog/1368839/stranded-deep-2022-descarga-directa-gratis-sin-instalacin,,2026-02-12
https://itch.io/blog/1368840/empires-of-the-undergrowth-2024-download-grtis,,2026-02-12
https://ciriusnjw.itch.io/war-of-the-worlds-53/devlog/1368841/brunnswick-big-booms-and-breaking-stuff,,2026-02-12
https://itch.io/blog/1368842/nikoderiko-the-magical-world-directors-cut-2024-free-download-license,,2026-02-12
https://itch.io/blog/1368843/stranded-deep-2026-,,2026-02-12
https://yrtdxf5bythbytjh.itch.io/free/devlog/1368844/stranded-alien-dawn-premium-edition-repack-game-download-v123250612,,2026-02-12
https://itch.io/blog/1368845/rollercoaster-tycoon-3-complete-edition-2020-free-download-repack,,2026-02-12
https://itch.io/blog/1368846/descargar-prison-escape-simulator-dig-out-2025-gratis-pc,,2026-02-12
https://itch.io/blog/1368847/stranded-deep-download-grtis-2022,,2026-02-12
https://itch.io/blog/1368848/prison-escape-simulator-dig-out2026-,,2026-02-12
https://itch.io/blog/1368849/hypermarket-simulator-free-download-2025,,2026-02-12
https://itch.io/blog/1368850/tennis-elbow-4-2026-descarga-directa-gratis,,2026-02-12
https://itch.io/blog/1368851/prison-escape-simulator-dig-out-2025-download-grtis-porttil,,2026-02-12
https://itch.io/blog/1368852/tennis-elbow-4-2026-,,2026-02-12
https://itch.io/blog/1368853/taiko-no-tatsujin-rhythm-festival-free-download-2024,,2026-02-12
https://itch.io/blog/1368854/my-wife-threw-out-my-card-collection-so-i-bought-a-dump-to-find-them-all-2025-descarga-gra,,2026-02-12
https://itch.io/blog/1368855/baixar-tennis-elbow-4-2026-grtis-pc,,2026-02-12
https://itch.io/blog/1368856/2026-,,2026-02-12
https://tme520.itch.io/idol-natsumi/devlog/1368857/update-10-browse-your-cards-collection,,2026-02-12
https://itch.io/blog/1368858/fears-to-fathom-ironbark-lookout-2023-free-download-pc,,2026-02-12
https://itch.io/blog/1368859/poly-bridge-3-descarga-gratuita-pc-2023-portable,,2026-02-12
https://itch.io/blog/1368860/my-wife-threw-out-my-card-collection-so-i-bought-a-dump-to-find-them-all-2025-crackeado-do,,2026-02-12
https://itch.io/blog/1368861/poly-bridge-3-2026-,,2026-02-12
https://itch.io/blog/1368862/dystopika-2024-free-download-pc,,2026-02-12
https://itch.io/blog/1368863/descargar-aventureros-al-tren-2023-gratis-pc,,2026-02-12
https://itch.io/blog/1368864/poly-bridge-3-baixar-pc-grtis-2023,,2026-02-12
https://itch.io/blog/1368865/ticket-to-ride-2026-,,2026-02-12
https://itch.io/blog/1368866/recycling-center-simulator-2024-free-download,,2026-02-12
https://itch.io/blog/1368867/yu-gi-oh-legacy-of-the-duelist-descargar-gratis-2016,,2026-02-12
https://itch.io/blog/1368868/ticket-to-ride-2023-crackeado-download-sem-instalao,,2026-02-12
https://itch.io/blog/1368869/yu-gi-oh-legacy-of-the-duelist-2026-,,2026-02-12
https://itch.io/blog/1368870/undisputed-descargar-gratis-2024,,2026-02-12
https://itch.io/blog/1368871/tailor-simulator-2026-free-download-full-version,,2026-02-12
https://itch.io/blog/1368872/yu-gi-oh-legacy-of-the-duelist-2016-crackeado-download-verso-completa,,2026-02-12
https://theguyiskindacool.itch.io/sprunki-misfit-mix-leaked-build/devlog/1368873/honestly-thinking-of-remaking-this-mod,,2026-02-12
https://itch.io/blog/1368874/undisputed-2026-,,2026-02-12
https://itch.io/blog/1368875/descargar-roman-triumph-survival-city-builder-2025-gratis-pc,,2026-02-12
https://itch.io/blog/1368876/after-inc-revival-free-download-pc-2025,,2026-02-12
https://itch.io/blog/1368877/undisputed-2024-baixar-pc-grtis,,2026-02-12
https://ytrhdrt6r6uytgxtd.itch.io/free/devlog/1368878/gears-of-war-reloaded-repack-v1013689997-game-download,,2026-02-12
https://bmoisted.itch.io/mikhail/devlog/1368879/i-renamed-the-game,,2026-02-12
https://itch.io/blog/1368880/roman-triumph-survival-city-builder-2026-,,2026-02-12
https://itch.io/blog/1368881/prehistoric-kingdom-2022-descarga-directa-gratis,,2026-02-12
https://itch.io/blog/1368882/exploding-kittens-2-2024-free-download-portable,,2026-02-12
https://itch.io/blog/1368883/baixar-roman-triumph-survival-city-builder-2025-grtis-pc,,2026-02-12
https://itch.io/blog/1368884/prehistoric-kingdom-2026-,,2026-02-12
https://ytrhdrt6r6uytgxtd.itch.io/free/devlog/1368885/httpsfulgetproshopsetups-activated-game-download,,2026-02-12
https://itch.io/blog/1368886/mysims-descargar-gratis-2025,,2026-02-12
https://itch.io/blog/1368887/ww2-rebuilder-2023-free-download-pc-full-version,,2026-02-12
https://itch.io/blog/1368888/baixar-prehistoric-kingdom-2022-grtis-pc,,2026-02-12
https://itch.io/blog/1368889/-2026,,2026-02-12
https://itch.io/blog/1368890/men-of-war-assault-squad-2-2014-descargar-gratis,,2026-02-12
https://itch.io/blog/1368891/ages-of-conflict-world-war-simulator-2023-free-download-pc-repack,,2026-02-12
https://itch.io/blog/1368892/baixar-mysims-2025-grtis-pc,,2026-02-12
https://ytrhdrt6r6uytgxtd.itch.io/free/devlog/1368893/mafia-the-old-country-deluxe-edition-repack-game-download-v10,,2026-02-12
https://itch.io/blog/1368894/men-of-war-assault-squad-2-2026-,,2026-02-12
https://itch.io/blog/1368895/shieldwall-2023-descarga-gratuita-pc-sin-instalacin,,2026-02-12
https://itch.io/blog/1368896/cargo-simulator-2025-free-download-pc-cracked,,2026-02-12
https://itch.io/blog/1368897/baixar-men-of-war-assault-squad-2-2014-grtis-pc,,2026-02-12
https://itch.io/blog/1368898/shieldwall-2026-,,2026-02-12
https://ytrhdrt6r6uytgxtd.itch.io/free/devlog/1368899/echoes-of-the-end-repack-build-19613278-game-download,,2026-02-12
https://itch.io/blog/1368900/steel-division-2-2019-descargar-para-pc-gratis,,2026-02-12
https://itch.io/blog/1368901/parkitect-free-download-pc-2018,,2026-02-12
https://itch.io/blog/1368902/shieldwall-2023-baixar-grtis-pc-verso-completa,,2026-02-12
https://itch.io/blog/1368904/steel-division-2-2026-,,2026-02-12
https://itch.io/blog/1368905/the-crew-2-2018-versin-completa-gratis,,2026-02-12
https://itch.io/blog/1368906/new-monopoly-free-download-pc-2024,,2026-02-12
https://itch.io/blog/1368907/steel-division-2-2019-baixar-pc-grtis,,2026-02-12
https://ytrhdrt6r6uytgxtd.itch.io/free/devlog/1368908/warhammer-40000-dawn-of-war-definitive-ed-game-downloadition-repack-build-19595286,,2026-02-12
https://polygonaldreams.itch.io/forgottentrails/devlog/1368909/forgotten-trails-remaster,,2026-02-12
https://itch.io/blog/1368910/the-crew-2-2026-,,2026-02-12
https://itch.io/blog/1368911/slackers-carts-of-glory-descarga-gratuita-pc-2024,,2026-02-12
https://itch.io/blog/1368913/tetris-effect-connected-2021-download-pc-free,,2026-02-12
https://itch.io/blog/1368914/the-crew-2-2018-crackeado-download,,2026-02-12
https://itch.io/blog/1368915/slackers-carts-of-glory2026-pc,,2026-02-12
https://ytrhdrt6r6uytgxtd.itch.io/free/devlog/1368916/call-of-duty-modern-warfare-iii-repack-v104-game-download,,2026-02-12
https://itch.io/blog/1368917/descargar-call-of-the-wild-the-angler-2022-gratis-pc,,2026-02-12
https://itch.io/blog/1368918/plants-vs-zombies-battle-for-neighborville-free-download-pc-2019-repack,,2026-02-12
https://itch.io/blog/1368919/slackers-carts-of-glory-2024-download-grtis,,2026-02-12
https://itch.io/blog/1368921/call-of-the-wild-the-angler-2026-,,2026-02-12
https://itch.io/blog/1368922/dune-spice-wars-2023-descargar-gratis,,2026-02-12
https://itch.io/blog/1368923/knock-on-the-coffin-lid-2024-download-pc-free-repack,,2026-02-12
https://itch.io/blog/1368924/baixar-call-of-the-wild-the-angler-2022-grtis-pc,,2026-02-12
https://itch.io/blog/1368925/dune-spice-wars-2026-pc,,2026-02-12
https://itch.io/blog/1368926/it-specialist-simulator-2025-versin-completa-gratis,,2026-02-12
https://itch.io/blog/1368927/spirit-of-the-north-2-2025-free-download,,2026-02-12
https://ytrhdrt6r6uytgxtd.itch.io/free/devlog/1368928/killing-floor-3-elite-nightfall-edition-repack-bu-game-downloadild-19273238,,2026-02-12
https://itch.io/blog/1368929/baixar-dune-spice-wars-2023-grtis-pc,,2026-02-12
https://itch.io/blog/1368930/it-specialist-simulator-dl-2026,,2026-02-12
https://itch.io/blog/1368931/rocksmith-2014-edition-remastered-learn-play-2024-descarga-gratuita-pc,,2026-02-12
https://itch.io/blog/1368932/sword-art-online-fractured-daydream-2024-free-download-pc-repack,,2026-02-12
https://itch.io/blog/1368933/it-specialist-simulator-2025-verso-completa-grtis,,2026-02-12
https://itch.io/blog/1368934/mewgenics-2026-download-pc-free,,2026-02-12
https://itch.io/blog/1368935/rocksmith-2014-edition-remastered-learn-play-2026-,,2026-02-12
https://ytrhdrt6r6uytgxtd.itch.io/free/devlog/1368936/wuchang-fallen-feathers-deluxe-edition-repack-game-download-v178111,,2026-02-12
https://itch.io/blog/1368937/mudrunner-2017-descarga-gratuita-pc-sin-instalacin,,2026-02-12
https://itch.io/blog/1368938/talisman-digital-classic-edition-2014-free-download-pc,,2026-02-12
https://itch.io/blog/1368939/rocksmith-2014-edition-remastered-learn-play-2024-download-grtis,,2026-02-12
https://itch.io/blog/1368940/diablo-iv-2023-free-download-pc,,2026-02-12
https://itch.io/blog/1368941/mudrunner-2026,,2026-02-12
https://itch.io/blog/1368942/farming-simulator-19-2018-versin-completa-gratis,,2026-02-12
https://itch.io/blog/1368943/i-am-future-cozy-apocalypse-survival-2024-free-download,,2026-02-12
https://itch.io/blog/1368944/i-am-future-cozy-apocalypse-survival-2024-free-download,,2026-02-12
https://ytrhdrt6r6uytgxtd.itch.io/free/devlog/1368945/call-of-duty-black-ops-6-repack-v111-game-download,,2026-02-12
https://itch.io/blog/1368946/mudrunner-crackeado-download-2017,,2026-02-12
https://itch.io/blog/1368947/the-last-of-us-part-i-2023-free-download-pc,,2026-02-12
https://itch.io/blog/1368948/mudrunner-crackeado-download-2017,,2026-02-12
https://itch.io/blog/1368949/farming-simulator-19-2026,,2026-02-12
https://itch.io/blog/1368950/space-haven-2020-descargar-gratis-repack,,2026-02-12
https://itch.io/blog/1368951/cluecluedo-classic-edition-2018-free-download-pc,,2026-02-12
https://itch.io/blog/1368952/farming-simulator-19-2018-crackeado-download-verso-completa,,2026-02-12
https://itch.io/blog/1368953/metal-gear-solid-snake-eater-2025-free-download-pc-portable,,2026-02-12
https://ytrhdrt6r6uytgxtd.itch.io/free/devlog/1368954/citydriver-deluxe-bundle-repack-build-2506-game-download2643749,,2026-02-12
https://itch.io/blog/1368955/space-haven-2026-,,2026-02-12
https://itch.io/blog/1368956/descargar-going-medieval-2021-gratis-pc,,2026-02-12
https://itch.io/blog/1368957/paddle-paddle-paddle-free-download-2025,,2026-02-12
https://itch.io/blog/1368958/space-haven-2020-baixar-pc-grtis-repack,,2026-02-12
https://itch.io/blog/1368959/the-last-of-us-part-ii-remastered-2025-download-pc-free,,2026-02-12
https://itch.io/blog/1368960/going-medieval-2026,,2026-02-12
https://itch.io/blog/1368961/ride-5-2023-descargar-para-pc-gratis,,2026-02-12
https://itch.io/blog/1368962/trash-goblin-2025-download-pc-free-cracked,,2026-02-12
https://itch.io/blog/1368963/going-medieval-2021-crackeado-download-verso-completa,,2026-02-12
https://itch.io/blog/1368964/foxhole-2022-download-pc-free,,2026-02-12
https://itch.io/blog/1368965/ride-5-2026-,,2026-02-12
https://itch.io/blog/1368966/call-to-arms-2018-descarga-gratuita-pc,,2026-02-12
https://itch.io/blog/1368967/grocery-store-simulator-2024-download-pc-free-no-install,,2026-02-12
https://embrune.itch.io/embrune/devlog/1368968/025,,2026-02-12
https://itch.io/blog/1368969/ride-5-2023-baixar-pc-grtis,,2026-02-12
https://itch.io/blog/1368970/dave-the-diver-2023-free-download-pc-repack,,2026-02-12
https://itch.io/blog/1368971/call-to-arms2026-,,2026-02-12
https://itch.io/blog/1368972/bmx-streets-2024-versin-completa-gratis,,2026-02-12
https://itch.io/blog/1368973/plinbo-roguelike-plinko-2026-download-pc-free,,2026-02-12
https://itch.io/blog/1368974/call-to-arms-2018-verso-completa-grtis,,2026-02-12
https://itch.io/blog/1368975/sins-of-a-solar-empire-ii-free-download-2024,,2026-02-12
https://itch.io/blog/1368976/bmx-streets-2026-,,2026-02-12
https://itch.io/blog/1368977/anno-1701-history-edition-2024-descarga-directa-gratis-versin-completa,,2026-02-12
https://itch.io/blog/1368978/storyteller-2023-free-download-pc,,2026-02-12
https://itch.io/blog/1368979/baixar-bmx-streets-2024-grtis-pc,,2026-02-12
https://itch.io/blog/1368980/silent-hill-2-2024-free-download-full-version,,2026-02-12
https://itch.io/blog/1368981/anno-1701-history-edition2026-,,2026-02-12
https://itch.io/blog/1368982/little-kitty-big-city-2024-descargar-para-pc-gratis-repack,,2026-02-12
https://punpunxd.itch.io/cowcoolhaa-gahenchop/devlog/1368983/bug-fixes-and-update-after-jam,,2026-02-12
https://itch.io/blog/1368984/aether-cheat-fortnite-external-2026-ext,,2026-02-12
https://itch.io/blog/1368985/formula-legends-2025-free-download,,2026-02-12
https://itch.io/blog/1368986/anno-1701-history-edition-2024-baixar-pc-grtis,,2026-02-12
https://itch.io/blog/1368987/resident-evil-4-2023-free-download-cracked,,2026-02-12
https://itch.io/blog/1368988/little-kitty-big-city-2026-pc,,2026-02-12
https://itch.io/blog/1368989/pharaoh-a-new-era-2023-descarga-gratuita-pc,,2026-02-12
https://itch.io/blog/1368990/phantom-cheat-premium-external-2026-free-fortnite-download,,2026-02-12
https://2ndmoon.itch.io/wizard-of-wor/devlog/1368991/a-sign-of-life-,,2026-02-12
https://itch.io/blog/1368992/little-kitty-big-city-2024-download-grtis,,2026-02-12
https://itch.io/blog/1368993/guild-wars-reforged-2025-free-download,,2026-02-12
https://promaks444.itch.io/wartanks/devlog/1368994/-,,2026-02-12
https://itch.io/blog/1368995/shapez-2020-free-download-pc,,2026-02-12
https://itch.io/blog/1368996/pharaoh-a-new-era-2026-dl,,2026-02-12
https://itch.io/blog/1368997/assassins-creed-rogue-2015-descargar-gratis,,2026-02-12
https://itch.io/blog/1368998/galaxy-cheat-fortnite-external-2026-free-externa,,2026-02-12
https://itch.io/blog/1368999/pharaoh-a-new-era-crackeado-download-2023,,2026-02-12
https://itch.io/blog/1369000/mortal-kombat-1-2023-free-download-pc,,2026-02-12
https://itch.io/blog/1369001/aquarist-2024-download-pc-free-portable,,2026-02-12
https://itch.io/blog/1369002/assassins-creed-rogue-2026-,,2026-02-12
https://itch.io/blog/1369003/descargar-simcity-4-deluxe-edition-2003-gratis-pc,,2026-02-12
https://itch.io/blog/1369004/ninja-external-vr-cheat-2026-free-download-pc,,2026-02-12
https://pixelestialgames.itch.io/arena-myachikov/devlog/1369005/-121,,2026-02-12
https://itch.io/blog/1369006/assassins-creed-rogue-verso-completa-grtis-2015,,2026-02-12
https://itch.io/blog/1369007/among-us-2018-free-download-portable,,2026-02-12
https://itch.io/blog/1369008/something-scary-coming-soon,,2026-02-12
https://itch.io/blog/1369009/journey-2020-free-download-no-install,,2026-02-12
https://itch.io/blog/1369010/simcity-4-deluxe-edition-2026-dl,,2026-02-12
https://itch.io/blog/1369011/phantom-brigade-2023-descarga-directa-gratis-sin-instalacin,,2026-02-12
https://itch.io/blog/1369012/shadow-esp-ai-fortnite-external-cheat-2026-free-download-pc,,2026-02-12
https://itch.io/blog/1369013/simcity-4-deluxe-edition-crackeado-download-2003,,2026-02-12
https://itch.io/blog/1369014/days-gone-2021-free-download,,2026-02-12
https://inspiringsource.itch.io/kittenmustlive/devlog/1369015/v072-new-collectibles-update,,2026-02-12
https://itch.io/blog/1369016/lego-marvel-super-heroes-2013-free-download,,2026-02-12
https://itch.io/blog/1369017/phantom-brigade-2026-pc,,2026-02-12
https://itch.io/blog/1369018/car-for-sale-simulator-2023-2024-versin-completa-gratis,,2026-02-12
https://itch.io/blog/1369019/titan-esp-ultra-fortnite-external-cheat-2026-free-externa,,2026-02-12
https://itch.io/blog/1369020/download-taxi-boss-scripts-no-key-february-2026-free-2026-pc,,2026-02-12
https://itch.io/blog/1369021/phantom-brigade-2023-baixar-grtis-pc-porttil,,2026-02-12
https://itch.io/blog/1369022/marvels-spider-man-miles-morales-2022-free-download-pc,,2026-02-12
https://itch.io/blog/1369023/warhammer-40000-dawn-of-war-iii-2017-free-download-pc,,2026-02-12
https://itch.io/blog/1369024/descargar-anno-1602-history-edition-2024-gratis-pc,,2026-02-12
https://itch.io/blog/1369025/2023-2026,,2026-02-12
https://itch.io/blog/1369026/pluto-external-ai-fortnite-cheat-2026-free-fortnit,,2026-02-12
https://itch.io/blog/1369027/counterfeit-tycoon-scripts-no-key-february-2026-2026-free-downloa,,2026-02-12
https://itch.io/blog/1369028/car-for-sale-simulator-2023-2024-download-grtis,,2026-02-12
https://itch.io/blog/1369029/powerwash-simulator-2-download-pc-free-2025,,2026-02-12
https://itch.io/blog/1369030/arcania-download-pc-free-2010,,2026-02-12
https://itch.io/blog/1369031/islanders-new-shores-2025-descargar-gratis,,2026-02-12
https://itch.io/blog/1369032/anno-1602-history-edition-2026-,,2026-02-12
https://squidlar.itch.io/super-mineral-detonation/devlog/1369033/06,,2026-02-12
https://itch.io/blog/1369034/quantum-aimbot-fortnite-external-cheat-2026-download-pc-,,2026-02-12
https://itch.io/blog/1369035/anno-1602-history-edition-2024-baixar-grtis-pc,,2026-02-12
https://itch.io/blog/1369036/blox-fruits-scripts-no-key-february-2026-2026-free-script-,,2026-02-12
https://lilsinon.itch.io/mother/devlog/1369037/update-101,,2026-02-12
https://itch.io/blog/1369038/date-everything-2025-free-download-pc,,2026-02-12
https://itch.io/blog/1369039/topspin-2k25-2024-versin-completa-gratis-crackeado,,2026-02-12
https://itch.io/blog/1369040/game-dev-tycoon-2013-free-download-pc,,2026-02-12
https://itch.io/blog/1369041/-2026-,,2026-02-12
https://itch.io/blog/1369042/save-the-world,,2026-02-12
https://itch.io/blog/1369043/download-dragon-external-ultra-fortnite-cheat-free-2026-no-virus,,2026-02-12
https://itch.io/blog/1369044/jailbreak-scripts-no-key-february-2026-2026-download-pc-,,2026-02-12
https://itch.io/blog/1369045/baixar-islanders-new-shores-2025-grtis-pc,,2026-02-12
https://itch.io/blog/1369046/pioneers-of-pagonia-2025-download-pc-free,,2026-02-12
https://itch.io/blog/1369047/scootx-2025-descargar-para-pc-gratis,,2026-02-12
https://itch.io/blog/1369048/citystate-ii-2021-free-download-pc,,2026-02-12
https://itch.io/blog/1369049/topspin-2k25-2026-,,2026-02-12
https://itch.io/blog/1369050/griffin-aimbot-fortnite-external-cheat-2026-che,,2026-02-12
https://no-bs.itch.io/epstein-files-8-pages/devlog/1369051/minor-update-121,,2026-02-12
https://itch.io/blog/1369052/arsenal-scripts-no-key-february-2026-latest-version-2026-free-roblox-script,,2026-02-12
https://itch.io/blog/1369053/baixar-topspin-2k25-2024-grtis-pc,,2026-02-12
https://itch.io/blog/1369054/blue-prince-free-download-pc-2025,,2026-02-12
https://itch.io/blog/1369055/descargar-ancient-farm-2026-gratis-pc,,2026-02-12
https://itch.io/blog/1369056/scootx-2026-,,2026-02-12
https://itch.io/blog/1369057/rollercoaster-tycoon-deluxe-2026-download-pc-free,,2026-02-12
https://itch.io/blog/1369058/infinity-hack-hd-fortnite-external-cheat-2026-free-download,,2026-02-12
https://itch.io/blog/1369059/scootx-2025-baixar-grtis-pc,,2026-02-12
https://itch.io/blog/1369060/roblox-adopt-me-scripts-no-key-february-2026-2026-free-download-pc,,2026-02-12
https://sigmasuccour.itch.io/false-series-arcade/devlog/1369061/throwing-tomatoes-at-the-scene-in-visual-novels,,2026-02-12
https://itch.io/blog/1369062/strategos-2026-descargar-para-pc-gratis,,2026-02-12
https://itch.io/blog/1369063/drive-beyond-horizons-2025-free-download-pc-portable,,2026-02-12
https://itch.io/blog/1369064/ancient-farm-2026-dl,,2026-02-12
https://itch.io/blog/1369065/leaf-blower-co-free-download-pc-2025,,2026-02-12
https://itch.io/blog/1369066/download-dragon-external-pro-fortnite-cheat-free-2026,,2026-02-12
https://itch.io/blog/1369067/baixar-ancient-farm-2026-grtis-pc,,2026-02-12
https://itch.io/blog/1369068/roblox-doors-scripts-no-key-february-2026-2026-script-free,,2026-02-12
https://itch.io/blog/1369069/galactic-civilizations-iv-descarga-directa-gratis-2023,,2026-02-12
https://itch.io/blog/1369070/call-of-duty-wwii-2017-free-download-pc-full-version,,2026-02-12
https://itch.io/blog/1369071/strategos-2026-,,2026-02-12
https://itch.io/blog/1369072/house-builder-2024-free-download,,2026-02-12
https://itch.io/blog/1369073/nebula-hack-pro-free-fortnite-external-cheat-v408,,2026-02-12
https://itch.io/blog/1369074/strategos-2026-baixar-grtis-pc,,2026-02-12
https://itch.io/blog/1369075/tower-of-hell-scripts-no-key-february-2026-2026-free-downloa,,2026-02-12
https://itch.io/blog/1369076/celestial-empire-2025-descargar-para-pc-gratis-portable,,2026-02-12
https://itch.io/blog/1369077/omsi-2-steam-edition-free-download-pc-2013,,2026-02-12
https://itch.io/blog/1369078/iv2026-,,2026-02-12
https://itch.io/blog/1369079/escape-academy-2022-free-download-pc,,2026-02-12
https://itch.io/blog/1369080/comet-aimbot-vr-fortnite-external-cheat-2026-free-download,,2026-02-12
https://itch.io/blog/1369081/galactic-civilizations-iv-download-grtis-2023,,2026-02-12
https://itch.io/blog/1369082/roblox-shindo-life-scripts-no-key-february-2026-2026-script-free,,2026-02-12
https://itch.io/blog/1369083/tryp-fpv-drone-racer-simulator-2022-descarga-gratuita-pc-portable,,2026-02-12
https://itch.io/blog/1369084/scum-2025-free-download,,2026-02-12
https://itch.io/blog/1369085/celestial-empire-2026-,,2026-02-12
https://itch.io/blog/1369086/liquor-store-simulator-download-pc-free-2025,,2026-02-12
https://itch.io/blog/1369087/lunar-external-fortnite-cheat-2026-ext,,2026-02-12
https://j3ycen.itch.io/dj-diver/devlog/1369088/see-our-devlog,,2026-02-12
https://itch.io/blog/1369089/celestial-empire-2025-download-grtis,,2026-02-12
https://itch.io/blog/1369090/roblox-bedwars-scripts-no-key-february-2026-2026-free-download-pc,,2026-02-12
https://itch.io/blog/1369091/total-war-napoleon-definitive-edition-2010-descargar-gratis,,2026-02-12
https://itch.io/blog/1369092/tryp-fpv-drone-racer-simulator-2026-,,2026-02-12
https://itch.io/blog/1369093/the-bazaar-2025-free-download-cracked,,2026-02-12
https://itch.io/blog/1369094/spore-galactic-adventures-2009-download-pc-free,,2026-02-12
https://itch.io/blog/1369095/pulsar-external-neo-fortnite-cheat-2026-free-download,,2026-02-12
https://itch.io/blog/1369096/tryp-fpv-drone-racer-simulator-2022-baixar-pc-grtis-crackeado,,2026-02-12
https://itch.io/blog/1369097/brookhaven-scripts-undetected-november-2026-2026-download-pc-,,2026-02-12
https://itch.io/blog/1369098/descargar-wanderstop-2025-gratis-pc,,2026-02-12
https://itch.io/blog/1369099/total-war-napoleon-definitive-edition2026-,,2026-02-12
https://itch.io/blog/1369100/victoria-3-2022-free-download-pc-cracked,,2026-02-12
https://itch.io/blog/1369101/hasbros-battleship-2018-free-download-repack,,2026-02-12
https://itch.io/blog/1369102/colossus-external-max-cheat-2026-free-fortnite-download-no-ban,,2026-02-12
https://itch.io/blog/1369103/total-war-napoleon-definitive-edition-2010-baixar-grtis-pc-verso-completa,,2026-02-12
https://itch.io/blog/1369104/counterfeit-tycoon-scripts-undetected-may-2026-2026-roblox-scrip,,2026-02-12
https://itch.io/blog/1369105/wanderstop-2026-,,2026-02-12
https://itch.io/blog/1369106/descargar-anonymous-hacker-simulator-2024-gratis-pc,,2026-02-12
https://itch.io/blog/1369107/avowed-2025-download-pc-free,,2026-02-12
https://itch.io/blog/1369108/lego-marvels-avengers-free-download-2016,,2026-02-12
https://itch.io/blog/1369109/solar-hack-premium-fortnite-external-cheat-2026-ext,,2026-02-12
https://madgeargames.itch.io/kagebunshin/devlog/1369110/new-build-with-communitys-feedback,,2026-02-12
https://itch.io/blog/1369111/wanderstop-2025-baixar-pc-grtis-verso-completa,,2026-02-12
https://itch.io/blog/1369112/roblox-brookhaven-scripts-working-april-2026-2026-free-download-pc-no-key,,2026-02-12
https://itch.io/blog/1369113/anonymous-hacker-simulator2026-pc,,2026-02-12
https://itch.io/blog/1369114/a-total-war-saga-troy-2021-descargar-gratis,,2026-02-12
https://itch.io/blog/1369115/metal-gear-metal-gear-2-solid-snake-2023-free-download,,2026-02-12
https://itch.io/blog/1369116/winter-resort-simulator-2019-free-download-pc,,2026-02-12
https://itch.io/blog/1369117/venus-external-fortnite-cheat-pro-v397-free-download,,2026-02-12
https://itch.io/blog/1369118/anonymous-hacker-simulator-2024-baixar-pc-grtis,,2026-02-12
https://itch.io/blog/1369119/jailbreak-scripts-no-key-september-2026-2026-free-script-,,2026-02-12
https://itch.io/blog/1369120/surroundead-2022-free-download-pc,,2026-02-12
https://itch.io/blog/1369121/grid-legends-2022-descargar-gratis,,2026-02-12
https://itch.io/blog/1369122/a-total-war-saga-troy-2026-pc,,2026-02-12
https://itch.io/blog/1369123/tavern-manager-simulator-2024-free-download-full-version,,2026-02-12
https://itch.io/blog/1369124/asteroid-esp-fortnite-external-cheat-2026-free-download,,2026-02-12
https://itch.io/blog/1369125/a-total-war-saga-troy-2021-verso-completa-grtis,,2026-02-12
https://itch.io/blog/1369126/download-royale-high-scripts-no-key-july-2026-free-2026-pc,,2026-02-12
https://itch.io/blog/1369127/road-to-empress-i-2025-descarga-directa-gratis,,2026-02-12
https://itch.io/blog/1369128/grid-legends2026-pc,,2026-02-12
https://itch.io/blog/1369129/xcom-2-2016-free-download,,2026-02-12
https://itch.io/blog/1369130/neighbours-from-hell-compilation-free-download-pc-2004,,2026-02-12
https://itch.io/blog/1369131/jupiter-aimbot-fortnite-external-cheat-2026-download-pc-,,2026-02-12
https://itch.io/blog/1369132/grid-legends-2022-baixar-pc-grtis,,2026-02-12
https://itch.io/blog/1369133/download-bedwars-scripts-no-key-january-2026-free-2026-roblox-script,,2026-02-12
https://itch.io/blog/1369134/rollercoaster-tycoon-2-triple-thrill-pack-2002-descargar-para-pc-gratis,,2026-02-12
https://itch.io/blog/1369135/-i-2026-,,2026-02-12
https://itch.io/blog/1369136/sackboy-a-big-adventure-free-download-2022,,2026-02-12
https://itch.io/blog/1369137/seablip-2024-download-pc-free-cracked,,2026-02-12
https://itch.io/blog/1369138/mercury-hack-external-fortnite-cheat-2026-che,,2026-02-12
https://moizlyc.itch.io/generic-bird-game/devlog/1369139/generic-bird-game-flappy-on-steroids-my-debut-game,,2026-02-12
https://itch.io/blog/1369140/baixar-rollercoaster-tycoon-2-triple-thrill-pack-2002-grtis-pc,,2026-02-12
https://itch.io/blog/1369141/anime-fighters-scripts-free-download-april-2026-2026-roblox-scrip,,2026-02-12
https://itch.io/blog/1369142/descargar-watch-dogs-2014-gratis-pc,,2026-02-12
https://itch.io/blog/1369143/rollercoaster-tycoon-2-triple-thrill-pack2026-pc,,2026-02-12
https://itch.io/blog/1369144/dyson-sphere-program-2021-download-pc-free-portable,,2026-02-12
https://itch.io/blog/1369145/f1-24-2024-download-pc-free,,2026-02-12
https://itch.io/blog/1369146/download-nebula-hack-vr-fortnite-external-cheat-free-2026,,2026-02-12
https://itch.io/blog/1369147/watch-dogs-2014-download-grtis-crackeado,,2026-02-12
https://chismu.itch.io/homunculus-simulator-playtest-version-1/devlog/1369148/i-think-the-last-post-didnt-actually-have-spoon-level-attached,,2026-02-12
https://itch.io/blog/1369149/fighting-simulator-scripts-working-april-2026-2026-free-roblox-,,2026-02-12
https://itch.io/blog/1369150/descargar-the-walking-dead-saints-sinners-2020-gratis-pc,,2026-02-12
https://itch.io/blog/1369151/watch-dogs-2026-,,2026-02-12
https://itch.io/blog/1369152/car-dealer-simulator-2025-download-pc-free,,2026-02-12
https://itch.io/blog/1369153/megaquarium-2018-free-download-pc,,2026-02-12
https://itch.io/blog/1369154/venus-external-max-cheat-2026-fortnite-free,,2026-02-12
https://artemchik123.itch.io/early-the-scary-house-2/devlog/1369155/no,,2026-02-12
https://itch.io/blog/1369156/the-walking-dead-saints-sinners-2020-crackeado-download-sem-instalao,,2026-02-12
https://itch.io/blog/1369158/vehicle-legends-scripts-undetected-june-2026-2026-download-pc-,,2026-02-12
https://itch.io/blog/1369159/the-walking-dead-saints-sinners-2026-dl-,,2026-02-12
https://itch.io/blog/1369160/mini-metro-versin-completa-gratis-2015,,2026-02-12
https://itch.io/blog/1369161/trainatic-2025-free-download-full-version,,2026-02-12
https://itch.io/blog/1369162/nioh-complete-edition-2017-download-pc-free,,2026-02-12
https://itch.io/blog/1369163/quantum-aimbot-fortnite-external-cheat-2026-download-pc-,,2026-02-12
https://itch.io/blog/1369164/baixar-intravenous-2-2024-grtis-pc,,2026-02-12
https://itch.io/blog/1369165/bedwars-scripts-free-download-december-2026-2026-downloa,,2026-02-12
https://itch.io/blog/1369166/mini-metro-2026-dl-,,2026-02-12
https://itch.io/blog/1369167/intravenous-2-2024-descargar-gratis-sin-instalacin,,2026-02-12
https://itch.io/blog/1369168/isles-of-sea-and-sky-2024-download-pc-free-no-install,,2026-02-12
https://itch.io/blog/1369169/star-wars-jedi-fallen-order-2019-free-download,,2026-02-12
https://itch.io/blog/1369170/griffin-aimbot-fortnite-external-cheat-2026-free-fortnit,,2026-02-12
https://itch.io/blog/1369171/mini-metro-download-grtis-2015,,2026-02-12
https://itch.io/blog/1369172/vehicle-legends-scripts-free-download-august-2026-2026-roblox-scrip,,2026-02-12
https://itch.io/blog/1369173/parisian-brasserie-simulator-2025-descargar-para-pc-gratis,,2026-02-12
https://itch.io/blog/1369174/intravenous-2-2026-dl,,2026-02-12
https://itch.io/blog/1369175/the-executive-movie-industry-tycoon-2025-free-download,,2026-02-12
https://guidosprite.itch.io/file-cleanup-project-folder-organizer-tool/devlog/1369176/cleanup-mini-program-tool,,2026-02-12
https://itch.io/blog/1369177/vampire-survivors-2022-free-download-pc,,2026-02-12
https://itch.io/blog/1369178/parisian-brasserie-simulator-baixar-pc-grtis-2025,,2026-02-12
https://itch.io/blog/1369179/dragon-external-cheat-2026-free-download-no-ban,,2026-02-12
https://itch.io/blog/1369180/plinbo-roguelike-plinko-descargar-gratis-2026,,2026-02-12
https://itch.io/blog/1369181/download-doors-scripts-undetected-march-2026-free-2026-pc,,2026-02-12
https://itch.io/blog/1369182/-2026-,,2026-02-12
https://itch.io/blog/1369183/prison-simulator-2021-download-pc-free,,2026-02-12
https://itch.io/blog/1369184/call-of-duty-black-ops-free-download-pc-2010,,2026-02-12
https://itch.io/blog/1369185/plinbo-roguelike-plinko-2026-baixar-pc-grtis,,2026-02-12
https://itch.io/blog/1369186/spectrum-hack-ai-fortnite-external-cheat-2026-download-pc-,,2026-02-12
https://itch.io/blog/1369187/descargar-ride-4-2020-gratis-pc,,2026-02-12
https://itch.io/blog/1369188/vehicle-legends-scripts-no-key-september-2026-2026-roblox-scrip,,2026-02-12
https://itch.io/blog/1369189/-2026-,,2026-02-12
https://itch.io/blog/1369190/photo-studio-simulator-download-pc-free-2025,,2026-02-12
https://itch.io/blog/1369191/story-of-seasons-grand-bazaar-2025-download-pc-free,,2026-02-12
https://itch.io/blog/1369192/ride-4-2020-crackeado-download-sem-instalao,,2026-02-12
https://itch.io/blog/1369193/pulsar-external-hd-fortnite-cheat-2026-free-download,,2026-02-12
https://itch.io/blog/1369194/download-adopt-me-scripts-key-system-january-2026-free-2026-pc,,2026-02-12
https://itch.io/blog/1369195/cozyrama-versin-completa-gratis-2025,,2026-02-12
https://itch.io/blog/1369196/ride-4-2026-,,2026-02-12
https://465iouyr78gvyu.itch.io/pc-game/devlog/1369197/the-ruined-bloom-v050-by-cungduts,,2026-02-12
https://itch.io/blog/1369198/bloons-td-5-2014-free-download,,2026-02-12
https://itch.io/blog/1369199/a-little-to-the-left-2022-free-download,,2026-02-12
https://itch.io/blog/1369200/cozyrama-verso-completa-grtis-2025-repack,,2026-02-12
https://itch.io/blog/1369201/asteroid-esp-fortnite-external-cheat-2026-ext,,2026-02-12
https://newtonarrative.itch.io/bibidi-bibidi/devlog/1369202/the-afflicted-apprentice-update-v00800,,2026-02-12
https://itch.io/blog/1369203/work-at-a-pizza-place-scripts-undetected-october-2026-2026-roblox-scrip,,2026-02-12
https://465iouyr78gvyu.itch.io/pc-game/devlog/1369204/ryaras-fall-petals-of-depravity-v001-by-tsukunejazz,,2026-02-12
https://itch.io/blog/1369205/survival-fountain-of-youth-descargar-para-pc-gratis-2024,,2026-02-12
https://itch.io/blog/1369206/cozyrama-2026-,,2026-02-12
https://itch.io/blog/1369207/flatout-2-download-pc-free-2006,,2026-02-12
https://itch.io/blog/1369208/voyagers-of-nera-2025-free-download-pc-full-version,,2026-02-12
https://jkhkjh.itch.io/free/devlog/1369209/lustful-spirit-hunt-v0320-by-lags,,2026-02-12
https://itch.io/blog/1369210/survival-fountain-of-youth-2024-baixar-pc-grtis,,2026-02-12
https://itch.io/blog/1369211/nebula-hack-max-fortnite-external-cheat-2026-free-download,,2026-02-12
https://itch.io/blog/1369212/download-bedwars-scripts-working-june-2026-free-2026-script,,2026-02-12
https://itch.io/blog/1369213/ukrainian-fight-drone-simulator-ufds-fpv-drone-simulator-2025-descarga-dir,,2026-02-12
https://itch.io/blog/1369214/survival-fountain-of-youth-2026-dl,,2026-02-12
https://itch.io/blog/1369215/megaloot-free-download-2024,,2026-02-12
https://465iouyr78gvyu.itch.io/pc-game/devlog/1369216/demi-human-v006b-by-king-sleepy,,2026-02-12
https://jkhkjh.itch.io/free/devlog/1369217/driftborne-ep11-by-jamleng-games,,2026-02-12
https://itch.io/blog/1369218/dig-island-2026-free-download-pc,,2026-02-12
https://itch.io/blog/1369219/ukrainian-fight-drone-simulator-ufds-fpv-drone-simulator-2025-crackeado-do,,2026-02-12
https://itch.io/blog/1369220/counterfeit-tycoon-scripts-undetected-june-2026-2026-free-roblox-,,2026-02-12
https://itch.io/blog/1369221/download-eternity-external-fortnite-cheat-free-2026,,2026-02-12
https://itch.io/blog/1369222/i-am-future-cozy-apocalypse-survival-2024-versin-completa-gratis,,2026-02-12
https://jkhkjh.itch.io/free/devlog/1369223/way-of-corruption-v031-by-shadow-blade,,2026-02-12
https://itch.io/blog/1369224/ukrainian-fight-drone-simulator-ufds-fpv-drone-simulator-dl-2026,,2026-02-12
https://itch.io/blog/1369225/steamworld-build-2023-download-pc-free-full-version,,2026-02-12
https://465iouyr78gvyu.itch.io/qerrggyytyu/devlog/1369226/lilith-awakens-v04-by-elatedowl,,2026-02-12
https://itch.io/blog/1369227/hellcard-download-pc-free-2024-portable,,2026-02-12
https://itch.io/blog/1369228/baixar-i-am-future-cozy-apocalypse-survival-2024-grtis-pc,,2026-02-12
https://jkhkjh.itch.io/free/devlog/1369229/two-faceless-adventures-v050-by-ubarefeet,,2026-02-12
https://itch.io/blog/1369230/free-brookhaven-scripts-no-key-august-2026-download-2026-pc,,2026-02-12
https://itch.io/blog/1369231/of-life-and-land-2025-descarga-gratuita-pc,,2026-02-12
https://itch.io/blog/1369232/i-am-future-cozy-apocalypse-survival-2026-,,2026-02-12
https://465iouyr78gvyu.itch.io/pc-game/devlog/1369233/fluffy-planet-1-concept-demo-4-by-under-formatman,,2026-02-12
https://itch.io/blog/1369234/solar-hack-fortnite-external-cheat-2026-che,,2026-02-12
https://itch.io/blog/1369235/sunset-motel-2025-free-download,,2026-02-12
https://itch.io/blog/1369236/spyro-reignited-trilogy-2019-free-download-pc,,2026-02-12
https://itch.io/blog/1369237/of-life-and-land-2025-verso-completa-grtis,,2026-02-12
https://jkhkjh.itch.io/free/devlog/1369238/loving-touch-v0011-by-huli,,2026-02-12
https://itch.io/blog/1369239/aquarist-construye-acuarios-cra-peces-haz-crecer-tu-negocio-2024-descargar-pa,,2026-02-12
https://itch.io/blog/1369240/shindo-life-scripts-free-download-february-2026-2026-downloa,,2026-02-12
https://itch.io/blog/1369241/-2026-,,2026-02-12
https://fyonn.itch.io/scallywag/devlog/1369242/desktop-builds-added,,2026-02-12
https://itch.io/blog/1369243/goat-simulator-remastered-2024-free-download,,2026-02-12
https://itch.io/blog/1369244/mechabellum-2024-free-download-repack,,2026-02-12
https://jkhkjh.itch.io/free/devlog/1369245/yes-i-am-a-furry-v017-by-goonerunleashed,,2026-02-12
https://itch.io/blog/1369246/matrix-aimbot-external-cheat-2026-download-pc-free,,2026-02-12
https://itch.io/blog/1369247/aquarist-construa-aqurios-reproduza-peixes-faa-crescer-o-seu-negcio-2024-baixar-grti,,2026-02-12
https://ttyuioiugymghg.itch.io/game/devlog/1369248/curvy-moments-free-game-pc,,2026-02-12
https://itch.io/blog/1369249/kayak-vr-mirage-2022-descarga-gratuita-pc-sin-instalacin,,2026-02-12
https://itch.io/blog/1369250/doors-scripts-key-system-december-2026-2026-free-download-pc,,2026-02-12
https://itch.io/blog/1369251/kayak-vr-mirage-2026-,,2026-02-12
https://itch.io/blog/1369252/monster-care-simulator-2025-free-download-pc,,2026-02-12
https://itch.io/blog/1369253/umigari-2026-free-download-portable,,2026-02-12
https://itch.io/blog/1369254/kayak-vr-mirage-download-grtis-2022-repack,,2026-02-12
https://itch.io/blog/1369255/phoenix-cheat-external-2026-free-download-no-virus,,2026-02-12
https://jkhkjh.itch.io/free/devlog/1369256/reunion-v080-by-karabinek,,2026-02-12
https://itch.io/blog/1369257/ashes-of-the-singularity-escalation-descargar-para-pc-gratis-2016,,2026-02-12
https://itch.io/blog/1369258/aquarist-2026-,,2026-02-12
https://itch.io/blog/1369259/herdling-2025-download-pc-free,,2026-02-12
https://itch.io/blog/1369260/jailbreak-scripts-working-april-2026-2026-roblox-script-free-download-pc,,2026-02-12
https://fyfdffbtycfctgdvtd.itch.io/free/devlog/1369261/antro-repack-build-19047738game-download,,2026-02-12
https://itch.io/blog/1369262/ashes-of-the-singularity-escalation-2016-crackeado-download,,2026-02-12
https://itch.io/blog/1369263/zephon-2024-free-download,,2026-02-12
https://jkhkjh.itch.io/free/devlog/1369264/ashes-of-war-16-complete-by-ctstudio,,2026-02-12
https://itch.io/blog/1369265/descargar-promise-mascot-agency-2025-gratis-pc,,2026-02-12
https://itch.io/blog/1369266/true-fear-forsaken-souls-part-3-free-download-pc-2025,,2026-02-12
https://itch.io/blog/1369267/ashes-of-the-singularity-escalation-2026-,,2026-02-12
https://itch.io/blog/1369268/promise-mascot-agency-2025-crackeado-download,,2026-02-12
https://itch.io/blog/1369269/doors-scripts-undetected-march-2026-2026-free-downloa,,2026-02-12
https://jkhkjh.itch.io/free/devlog/1369270/we-are-lost-ii-v022-by-maddog,,2026-02-12
https://itch.io/blog/1369271/doom-doom-ii-2026-download-pc-free,,2026-02-12
https://itch.io/blog/1369272/samurai-cheat-premium-fortnite-external-2026-free-download,,2026-02-12
https://itch.io/blog/1369273/-2026-,,2026-02-12
https://itch.io/blog/1369274/firefighting-simulator-the-squad-2020-free-download-pc,,2026-02-12
https://itch.io/blog/1369275/trash-goblin-2025-descarga-directa-gratis,,2026-02-12
https://fyfdffbtycfctgdvtd.itch.io/free/devlog/1369276/silent-hill-2-digital-deluxe-repack-v112game-download58-834-1010,,2026-02-12
https://itch.io/blog/1369277/trash-goblin-2025-verso-completa-grtis,,2026-02-12
https://itch.io/blog/1369278/fighting-simulator-scripts-free-download-february-2026-2026-roblox-,,2026-02-12
https://itch.io/blog/1369279/forts-2017-download-pc-free,,2026-02-12
https://jkhkjh.itch.io/free/devlog/1369280/lust-island-ch3-by-ashrandgames,,2026-02-12
https://itch.io/blog/1369281/venus-external-fortnite-cheat-2026-che,,2026-02-12
https://itch.io/blog/1369282/try-to-drive-2025-free-download,,2026-02-12
https://itch.io/blog/1369283/trash-goblin-2026-dl,,2026-02-12
https://itch.io/blog/1369284/descargar-cargo-simulator-2025-gratis-pc,,2026-02-12
https://erthudrsdukyf.itch.io/pc-game/devlog/1369285/fuckguild-v010-b-by-nastyou,,2026-02-12
https://itch.io/blog/1369286/cargo-simulator-2025-baixar-grtis-pc,,2026-02-12
https://itch.io/blog/1369287/tower-of-hell-scripts-undetected-december-2026-2026-free-roblox-,,2026-02-12
https://itch.io/blog/1369288/mortal-kombat-x-free-download-2015,,2026-02-12
https://itch.io/blog/1369289/mars-cheat-external-2026-download-pc-free,,2026-02-12
https://fyfdffbtycfctgdvtd.itch.io/free/devlog/1369290/broken-arrow-vanguard-edition-repack-v107pgame-download,,2026-02-12
https://itch.io/blog/1369291/descargar-dungeon-tycoon-2024-gratis-pc,,2026-02-12
https://itch.io/blog/1369292/garden-life-a-cozy-simulator-2024-free-download-pc-no-install,,2026-02-12
https://itch.io/blog/1369293/cargo-simulator-2026-,,2026-02-12
https://erthudrsdukyf.itch.io/pc-game/devlog/1369294/blossom-of-pleasure-v0417-by-bildur,,2026-02-12
https://fallingleavesstudio.itch.io/mydearexe/devlog/1369295/steam-page-is-live,,2026-02-12
https://itch.io/blog/1369296/dungeon-tycoon-2024-crackeado-download,,2026-02-12
https://itch.io/blog/1369297/vehicle-legends-scripts-undetected-september-2026-2026-free-roblox-,,2026-02-12
https://itch.io/blog/1369298/suikoden-iii-hd-remaster-gate-rune-and-dunan-unification-wars-2025-free-download,,2026-02-12
https://erthudrsdukyf.itch.io/pc-game/devlog/1369299/lesbian-battle-va043d-by-dere,,2026-02-12
https://itch.io/blog/1369300/tower-factory-2024-descarga-gratuita-pc,,2026-02-12
https://itch.io/blog/1369301/dungeon-tycoon-2026-dl,,2026-02-12
https://itch.io/blog/1369302/spirit-of-the-north-2020-free-download-full-version,,2026-02-12
https://itch.io/blog/1369303/orion-external-vr-cheat-2026-free-download-no-virus,,2026-02-12
https://fyfdffbtycfctgdvtd.itch.io/free/devlog/1369304/suit-for-hire-repack-v101game-download,,2026-02-12
https://itch.io/blog/1369305/tower-factory-2024-crackeado-download-sem-instalao,,2026-02-12
https://itch.io/blog/1369306/fighting-simulator-scripts-undetected-august-2026-2026-roblox-scrip,,2026-02-12
https://itch.io/blog/1369307/yakuza-3-remastered-2021-free-download,,2026-02-12
https://erthudrsdukyf.itch.io/pc-game/devlog/1369308/night-over-day-v015-by-lovebyte-games,,2026-02-12
https://itch.io/blog/1369309/descargar-king-of-retail-2-2025-gratis-pc,,2026-02-12
https://itch.io/blog/1369310/tower-factory-2026-,,2026-02-12
https://itch.io/blog/1369311/world-of-goo-2-2025-free-download-pc-cracked,,2026-02-12
https://itch.io/blog/1369312/asteroid-esp-ultra-fortnite-external-cheat-2026-ext,,2026-02-12
https://fvdfvdv.itch.io/free/devlog/1369313/curvy-moments-v024e-by-adultandi,,2026-02-12
https://itch.io/blog/1369314/king-of-retail-2-2025-download-grtis,,2026-02-12
https://itch.io/blog/1369315/doors-scripts-working-march-2026-latest-version-2026-roblox-script-free,,2026-02-12
https://itch.io/blog/1369316/west-hunt-2023-free-download-pc,,2026-02-12
https://luxxor24.itch.io/expose-my-teacher-v-10/devlog/1369317/v10,,2026-02-12
https://fyfdffbtycfctgdvtd.itch.io/free/devlog/1369318/lens-island-deluxe-edition-repack-v10game-download,,2026-02-12
https://itch.io/blog/1369319/my-garage-versin-completa-gratis-2021,,2026-02-12
https://itch.io/blog/1369320/king-of-retail-2-2026-,,2026-02-12
https://itch.io/blog/1369321/tank-mechanic-simulator-download-pc-free-2020,,2026-02-12
https://itch.io/blog/1369322/download-quantum-aimbot-hd-fortnite-external-cheat-free-2026,,2026-02-12
https://itch.io/blog/1369323/my-garage-2021-baixar-grtis-pc,,2026-02-12
https://itch.io/blog/1369324/shindo-life-scripts-free-download-july-2026-2026-pc-,,2026-02-12
https://itch.io/blog/1369325/oh-deer-2024-free-download-pc-portable,,2026-02-12
https://erthudrsdukyf.itch.io/pc-game/devlog/1369326/the-ruined-bloom-v050-by-cungduts,,2026-02-12
https://fvdfvdv.itch.io/free/devlog/1369327/condemned-bunker-v008-by-testoviron,,2026-02-12
https://itch.io/blog/1369328/dawn-of-man-2019-descargar-gratis-versin-completa,,2026-02-12
https://itch.io/blog/1369329/my-garage-2026-dl-,,2026-02-12
https://itch.io/blog/1369330/passant-a-chess-roguelike-2025-free-download-full-version,,2026-02-12
https://itch.io/blog/1369331/dawn-of-man-2019-crackeado-download,,2026-02-12
https://itch.io/blog/1369332/griffin-aimbot-external-cheat-2026-fortnite-free-full-version,,2026-02-12
https://itch.io/blog/1369333/shindo-life-scripts-working-november-2026-2026-download-pc-,,2026-02-12
https://itch.io/blog/1369334/the-scouring-free-download-2025-portable,,2026-02-12
https://fyfdffbtycfctgdvtd.itch.io/free/devlog/1369335/still-wakes-the-deep-the-complete-collection-game-downloadrepack-v1534484,,2026-02-12
https://fvdfvdv.itch.io/free/devlog/1369336/my-girlfriends-v07g-by-mcdxcom,,2026-02-12
https://erthudrsdukyf.itch.io/pc-game/devlog/1369337/ryaras-fall-petals-of-depravity-v001-by-tsukunejazz,,2026-02-12
https://itch.io/blog/1369338/heart-of-the-machine-descargar-gratis-2025,,2026-02-12
https://itch.io/blog/1369339/dawn-of-man-2026-pc,,2026-02-12
https://itch.io/blog/1369340/lyca-download-pc-free-2025,,2026-02-12
https://itch.io/blog/1369341/baixar-heart-of-the-machine-2025-grtis-pc,,2026-02-12
https://itch.io/blog/1369342/salt-2-shores-of-gold-2025-download-pc-free,,2026-02-12
https://fvdfvdv.itch.io/free/devlog/1369343/i-need-to-be-in-love-v14-ea-by-teamodev,,2026-02-12
https://itch.io/blog/1369344/eternity-external-premium-fortnite-cheat-2026-ext,,2026-02-12
https://itch.io/blog/1369345/vehicle-legends-scripts-free-download-may-2026-2026-downloa,,2026-02-12
https://itch.io/blog/1369346/motogp24-2024-descargar-gratis,,2026-02-12
https://itch.io/blog/1369347/heart-of-the-machine-2026-,,2026-02-12
https://itch.io/blog/1369348/hidden-through-time-2020-free-download-pc-cracked,,2026-02-12
https://itch.io/blog/1369349/motogp24-download-grtis-2024,,2026-02-12
https://itch.io/blog/1369350/crysis-3-remastered-2022-free-download-pc,,2026-02-12
https://itch.io/blog/1369351/murder-mystery-scripts-no-key-august-2026-2026-free-roblox-,,2026-02-12
https://itch.io/blog/1369352/download-venus-external-neo-fortnite-cheat-free-2026-no-ban,,2026-02-12
https://fvdfvdv.itch.io/free/devlog/1369353/farmd-v190-by-softscale,,2026-02-12
https://itch.io/blog/1369354/pro-cycling-manager-25-2025-descargar-gratis,,2026-02-12
https://itch.io/blog/1369355/motogp24-dl-2026,,2026-02-12
https://itch.io/blog/1369356/death-and-taxes-2020-download-pc-free,,2026-02-12
https://itch.io/blog/1369357/pro-cycling-manager-25-2025-verso-completa-grtis,,2026-02-12
https://itch.io/blog/1369358/layers-of-fear-2016-2016-free-download,,2026-02-12
https://itch.io/blog/1369359/ronin-aimbot-pro-external-cheat-2026-download-pc-free,,2026-02-12
https://itch.io/blog/1369360/counterfeit-tycoon-scripts-free-download-april-2026-2026-roblox-,,2026-02-12
https://itch.io/blog/1369361/pro-cycling-manager-252026-,,2026-02-12
https://itch.io/blog/1369362/mount-blade-warband-descarga-gratuita-pc-2010,,2026-02-12
https://fvdfvdv.itch.io/free/devlog/1369363/happily-ever-after-v051-by-escovic-games,,2026-02-12
https://itch.io/blog/1369364/chef-life-a-restaurant-simulator-2023-free-download-pc-no-install,,2026-02-12
https://itch.io/blog/1369365/baixar-mount-blade-warband-2010-grtis-pc,,2026-02-12
https://itch.io/blog/1369366/metal-gear-solid-2-sons-of-liberty-master-collection-version-2023-free-downloa,,2026-02-12
https://itch.io/blog/1369367/neptune-esp-external-cheat-2026-free-download-no-ban,,2026-02-12
https://itch.io/blog/1369368/royale-high-scripts-no-key-october-2026-2026-free-roblox-,,2026-02-12
https://kanbria-software-japan.itch.io/hijak/devlog/1369369/hijak-ver100-released-,,2026-02-12
https://itch.io/blog/1369370/rollercoaster-tycoon-classic-2017-descargar-gratis-portable,,2026-02-12
https://fvdfvdv.itch.io/free/devlog/1369371/ntr-phone-v0372-by-shybox,,2026-02-12
https://itch.io/blog/1369372/mount-blade-warband-pc-2026,,2026-02-12
https://itch.io/blog/1369373/the-rpg-2025-download-pc-free,,2026-02-12
https://itch.io/blog/1369374/rollercoaster-tycoon-classic-2017-baixar-grtis-pc,,2026-02-12
https://itch.io/blog/1369375/crash-bandicoot-4-its-about-time-2022-download-pc-free,,2026-02-12
https://fyfdffbtycfctgdvtd.itch.io/free/devlog/1369376/scum-deluxe-edition-repack-game-download,,2026-02-12
https://itch.io/blog/1369377/quasar-cheat-neo-fortnite-external-2026-ext,,2026-02-12
https://fvdfvdv.itch.io/free/devlog/1369378/dream-team-69-v050-by-shodo-games,,2026-02-12
https://itch.io/blog/1369379/work-at-a-pizza-place-scripts-undetected-december-2026-2026-free-roblox-,,2026-02-12
https://itch.io/blog/1369380/rollercoaster-tycoon-classic-pc-2026-,,2026-02-12
https://itch.io/blog/1369381/descargar-loot-ledger-2026-gratis-pc,,2026-02-12
https://itch.io/blog/1369382/click-and-conquer-2025-free-download-pc,,2026-02-12
https://gfhjkhgftryiuh.itch.io/pc-game/devlog/1369383/demi-human-v006b-by-king-sleepy,,2026-02-12
https://itch.io/blog/1369384/loot-ledger-2026-baixar-pc-grtis,,2026-02-12
https://itch.io/blog/1369385/yu-gi-oh-legacy-of-the-duelist-link-evolution-2020-free-download-pc,,2026-02-12
https://fvdfvdv.itch.io/free/devlog/1369386/married-into-hell-v100-by-worknite-games,,2026-02-12
https://itch.io/blog/1369387/samurai-cheat-pro-fortnite-external-2026-free-externa,,2026-02-12
https://itch.io/blog/1369388/commission,,2026-02-12
https://itch.io/blog/1369389/royale-high-scripts-key-system-october-2026-2026-roblox-scrip,,2026-02-12
https://itch.io/blog/1369390/loot-ledger2026-,,2026-02-12
https://itch.io/blog/1369391/factory-planner-2026-descargar-para-pc-gratis-versin-completa,,2026-02-12
https://itch.io/blog/1369392/survival-machine-2025-free-download-pc,,2026-02-12
https://fyfdffbtycfctgdvtd.itch.io/free/devlog/1369393/five-nights-at-freddys-secret-of-the-mimic-repagame-downloadck-v10,,2026-02-12
https://itch.io/blog/1369394/baixar-factory-planner-2026-grtis-pc,,2026-02-12
https://itch.io/blog/1369395/airships-conquer-the-skies-free-download-2018,,2026-02-12
https://itch.io/blog/1369396/orion-external-cheat-2026-free-download,,2026-02-12
https://itch.io/blog/1369397/taxi-boss-scripts-undetected-june-2026-2026-download-pc-,,2026-02-12
https://itch.io/blog/1369398/-2026,,2026-02-12
https://itch.io/blog/1369399/stronghold-crusader-2-2014-descarga-gratuita-pc,,2026-02-12
https://itch.io/blog/1369400/sherlock-holmes-the-devils-daughter-2016-free-download-cracked,,2026-02-12
https://grusrobot.itch.io/golde-banana-cave/devlog/1369401/added-new-weapon-golden-banana,,2026-02-12
https://gfhjkhgftryiuh.itch.io/pc-game/devlog/1369402/lilith-awakens-v04-by-elatedowl,,2026-02-12
https://itch.io/blog/1369403/stronghold-crusader-2-2014-baixar-grtis-pc-crackeado,,2026-02-12
https://itch.io/blog/1369404/doom-3-2012-free-download-pc,,2026-02-12
https://itch.io/blog/1369405/download-pluto-external-hd-fortnite-cheat-free-2026,,2026-02-12
https://itch.io/blog/1369406/bedwars-scripts-working-march-2026-2026-free-script-,,2026-02-12
https://itch.io/blog/1369407/stronghold-crusader-2-2026-dl,,2026-02-12
https://itch.io/blog/1369408/descargar-animal-shelter-2022-gratis-pc,,2026-02-12
https://fyfdffbtycfctgdvtd.itch.io/free/devlog/1369409/the-alters-deluxe-edition-repack-v10146game-download,,2026-02-12
https://itch.io/blog/1369410/112-operator-2020-free-download,,2026-02-12
https://itch.io/blog/1369411/metal-garden-download-pc-free-2025,,2026-02-12
https://itch.io/blog/1369412/animal-shelter-2022-crackeado-download,,2026-02-12
https://itch.io/blog/1369413/royale-high-scripts-undetected-march-2026-2026-free-downloa,,2026-02-12
https://itch.io/blog/1369414/descargar-this-war-of-mine-2014-gratis-pc,,2026-02-12
https://itch.io/blog/1369415/animal-shelter-2026-,,2026-02-12
https://itch.io/blog/1369416/streamer-life-simulator-2020-free-download-pc-repack,,2026-02-12
https://itch.io/blog/1369417/executive-assault-2-2023-free-download,,2026-02-12
https://itch.io/blog/1369418/this-war-of-mine-verso-completa-grtis-2014,,2026-02-12
https://fyfdffbtycfctgdvtd.itch.io/free/devlog/1369419/stellar-blade-complete-edition-repack-v110-game-download,,2026-02-12
https://itch.io/blog/1369420/adopt-me-scripts-undetected-january-2026-2026-free-script-,,2026-02-12
https://itch.io/blog/1369421/shadows-of-the-afterland-free-download-2026-cracked,,2026-02-12
https://itch.io/blog/1369422/roblox-shindo-life-scripts-working-may-2026-2026-free-download-pc,,2026-02-12
https://emester.itch.io/the-charred-man/devlog/1369423/tell-me-how-was-it,,2026-02-12
https://indoorsunglasses.itch.io/feed-the-forest/devlog/1369424/v041-helper-snail-hotifx,,2026-02-12
https://itch.io/blog/1369425/warhammer-40000-shootas-blood-teef-download-pc-free-2022,,2026-02-12
https://gfhjkhgftryiuh.itch.io/pc-game/devlog/1369426/fluffy-planet-1-concept-demo-4-by-under-formatman,,2026-02-12
https://itch.io/blog/1369427/underboard-2026-download-pc-free,,2026-02-12
https://itch.io/blog/1369428/relooted-download-pc-free-2026,,2026-02-12
https://gfhjkhgftryiuh.itch.io/pc-game/devlog/1369429/the-fallen-of-angel-v02-by-meguminpixel7w7,,2026-02-12
https://gfhjkhgftryiuh.itch.io/pc-game/devlog/1369430/hokages-life-v015-public-by-lupin,,2026-02-12
https://vbvfhufb.itch.io/free/devlog/1369431/couples-lustbound-v040-by-lustlynovels,,2026-02-12
https://dark-tether-games.itch.io/ultimate-bondage-simulator/devlog/1369432/update-122,,2026-02-12
https://vbvfhufb.itch.io/free/devlog/1369433/futa-academy-of-sex-v12-by-mindusky,,2026-02-12
https://takeyourcat.itch.io/invincible-champions/devlog/1369434/devlog-1-starting-the-journey,,2026-02-12
https://vbvfhufb.itch.io/free/devlog/1369435/my-wifes-voice-is-cumming-through-the-wall,,2026-02-12
https://vbvfhufb.itch.io/free/devlog/1369436/fleeting-memories-v046-by-lyrical-artistry,,2026-02-12
https://vbvfhufb.itch.io/free/devlog/1369437/hyper-lyfe-v00-by-souperg,,2026-02-12
https://tilbuci.itch.io/tilbuci/devlog/1369438/dialog-creation,,2026-02-12
https://ghjbgfyugyh.itch.io/pc-game/devlog/1369439/red-flags-infidelity-island-v01-by-lostworks,,2026-02-12
https://volitare-studios.itch.io/retrolumo/devlog/1369440/111-patch-notes,,2026-02-12
https://vbvfhufb.itch.io/free/devlog/1369441/ntr-mobile-rise-of-the-bastard-v0100-by,,2026-02-12
https://itch.io/blog/1369442/taxi-boss-scripts-no-key-february-2026-2026-free-script-,,2026-02-12
https://vbvfhufb.itch.io/free/devlog/1369443/silk-shadows-v02-by-hoolstudio,,2026-02-12
https://ghjbgfyugyh.itch.io/pc-game/devlog/1369444/shattered-v0232-by-yeda-games,,2026-02-12
https://itch.io/blog/1369445/counterfeit-tycoon-scripts-no-key-february-2026-2026-free-script-,,2026-02-12
https://vbvfhufb.itch.io/free/devlog/1369446/futaland-v2025-02-03-by-hellim-studios,,2026-02-12
https://ghjbgfyugyh.itch.io/pc-game/devlog/1369447/fantasy-date-v043-by-foxdv,,2026-02-12
https://itch.io/blog/1369448/download-blox-fruits-scripts-no-key-february-2026-free-2026-pc,,2026-02-12
https://capacle.itch.io/weird-whimsy-wonder/devlog/1369449/proofreading-now-applied,,2026-02-12
https://ghjbgfyugyh.itch.io/pc-game/devlog/1369450/my-femdom-boss-ch-3-by-craverot,,2026-02-12
https://itch.io/blog/1369451/jailbreak-scripts-no-key-february-2026-2026-free-script-,,2026-02-12
https://vbvfhufb.itch.io/free/devlog/1369452/tales-of-the-moon-v10-by-cella,,2026-02-12
https://itch.io/blog/1369453/download-arsenal-scripts-no-key-february-2026-free-2026-script,,2026-02-12
https://vbvfhufb.itch.io/free/devlog/1369454/the-beastmaster-princess-v102-by-winter,,2026-02-12
https://ghjbgfyugyh.itch.io/pc-game/devlog/1369455/brothel-empire-v551u-by-orochy,,2026-02-12
https://itch.io/blog/1369456/adopt-me-scripts-no-key-february-2026-2026-roblox-scrip,,2026-02-12
https://itch.io/blog/1369457/roblox-doors-scripts-no-key-february-2026-2026-download-pc-free,,2026-02-12
https://itch.io/blog/1369458/tower-of-hell-scripts-no-key-february-2026-2026-free-script-,,2026-02-12
https://qnxfkrsl44.itch.io/dgfhgh/devlog/1369459/the-professor-exp-free-pc-game-v010-prologue-by-galaxionite,,2026-02-12
https://qnxfkrsl44.itch.io/dgfhgh/devlog/1369460/x-roulette-free-gamev01-alpha-by-mypornsix,,2026-02-12
https://itch.io/blog/1369461/shindo-life-scripts-no-key-february-2026-2026-download-pc-,,2026-02-12
https://ghjbgfyugyh.itch.io/pc-game/devlog/1369462/dickmonx-remake-v13a-by-mayonnaisee,,2026-02-12
https://itch.io/blog/1369463/roblox-bedwars-scripts-no-key-february-2026-2026-free-download-pc,,2026-02-12
https://qnxfkrsl44.itch.io/dgfhgh/devlog/1369464/tacarasu-pc-game-v087-by-itaguau,,2026-02-12
https://itch.io/blog/1369465/natural-disaster-scripts-working-november-2026-2026-free-roblox-,,2026-02-12
https://itch.io/blog/1369466/tower-of-hell-scripts-undetected-august-2026-2026-free-script-,,2026-02-12
https://qnxfkrsl44.itch.io/dgfhgh/devlog/1369467/giantess-feeding-simulator-pc-game-v092-by-hotspringstreet,,2026-02-12
https://pugzzff.itch.io/blerb-tower/devlog/1369468/visual-update-to-walls,,2026-02-12
https://qnxfkrsl44.itch.io/dgfhgh/devlog/1369469/the-shared-photoset-free-pc-game-v005-by-sinoda-games,,2026-02-12
https://itch.io/blog/1369470/taxi-boss-scripts-undetected-april-2026-2026-free-roblox-,,2026-02-12
https://jgjtgjty.itch.io/free/devlog/1369471/incel-revolution-rise-of-ellias-roger-v03-by,,2026-02-12
https://itch.io/blog/1369472/tower-of-hell-scripts-undetected-june-2026-2026-free-roblox-,,2026-02-12
https://mala-notisia-studios.itch.io/masking-tape/devlog/1369473/first-update-to-masking-tape,,2026-02-12
https://itch.io/blog/1369474/vehicle-legends-scripts-free-download-august-2026-2026-roblox-,,2026-02-12
https://itch.io/blog/1369475/murder-mystery-scripts-working-september-2026-2026-free-roblox-,,2026-02-12
https://qrrttdfsrr.itch.io/pc-game/devlog/1369476/lust-arcanum-demo-v043-by-pixelbee,,2026-02-12
https://jgjtgjty.itch.io/free/devlog/1369477/profession-to-taste-v01-by-machpug,,2026-02-12
https://itch.io/blog/1369478/pet-simulator-scripts-free-download-august-2026-2026-downloa,,2026-02-12
https://enarian.itch.io/enarian-online/devlog/1369479/enarian-large-update-release-details-an-arpg-style-mud,,2026-02-12
https://itch.io/blog/1369480/roblox-arsenal-scripts-key-system-february-2026-2026-download-pc-free,,2026-02-12
https://itch.io/blog/1369481/free-tower-of-hell-scripts-working-june-2026-download-2026-pc,,2026-02-12
https://itch.io/blog/1369482/counterfeit-tycoon-scripts-no-key-may-2026-2026-download-pc-,,2026-02-12
https://itch.io/blog/1369483/counterfeit-tycoon-scripts-no-key-december-2026-2026-free-downloa,,2026-02-12
https://sad-crab.itch.io/innocent-witchesfree/devlog/1369485/news-10022026,,2026-02-12
https://sad-crab.itch.io/innocent-witches/devlog/1369486/news-10022026,,2026-02-12
https://itch.io/blog/1369488/brookhaven-scripts-key-system-october-2026-2026-download-pc-,,2026-02-12
https://itch.io/blog/1369489/ninja-external-pro-cheat-2026-download-pc-free,,2026-02-12
https://qrrttdfsrr.itch.io/pc-game/devlog/1369490/rune-sovereign-v01-by-lazzybread,,2026-02-12
https://itch.io/blog/1369491/tower-of-hell-scripts-no-key-october-2026-2026-free-downloa,,2026-02-12
https://itch.io/blog/1369492/download-supernova-esp-fortnite-external-cheat-free-2026,,2026-02-12
https://blackcrowgames.itch.io/cursed-legacy/devlog/1369493/mise-jour-du-11022026,,2026-02-12
https://xrobix1912.itch.io/nmw-no-mercy-waves/devlog/1369494/update-101,,2026-02-12
https://qrrttdfsrr.itch.io/pc-game/devlog/1369495/loveholic-miwaku-no-otome-to-hakudaku-kankei-final-by-atelier-kaguya-bare-bunny,,2026-02-12
https://itch.io/blog/1369496/blox-fruits-scripts-free-download-february-2026-2026-roblox-scrip,,2026-02-12
https://itch.io/blog/1369497/fortnite-kraken-esp-external-cheat-v697-free-download-pc,,2026-02-12
https://schnitczel.itch.io/five-versions-at-an-incremental-3/devlog/1369498/small-fixes,,2026-02-12
https://qrrttdfsrr.itch.io/pc-game/devlog/1369499/just-bros-v229-by-ello-fat-dog,,2026-02-12
https://itch.io/blog/1369500/royale-high-scripts-undetected-may-2026-latest-version-2026-download-pc-free,,2026-02-12
https://itch.io/blog/1369501/samurai-cheat-external-2026-fortnite-free,,2026-02-12
https://kjelle69.itch.io/stridsvagn/devlog/1369502/stridsvagn-multiplayer-tank-game,,2026-02-12
https://qrrttdfsrr.itch.io/pc-game/devlog/1369503/altered-vision-v0301-by-caretaker-publishing,,2026-02-12
https://itch.io/blog/1369504/murder-mystery-scripts-working-december-2026-2026-download-pc-,,2026-02-12
https://itch.io/blog/1369505/fortnite-titan-esp-pro-external-cheat-beta-v958-free-download,,2026-02-12
https://qrrttdfsrr.itch.io/pc-game/devlog/1369506/the-assignment-v008-by-thegp,,2026-02-12
https://itch.io/blog/1369507/pet-simulator-scripts-free-download-september-2026-2026-downloa,,2026-02-12
https://itch.io/blog/1369508/blackhole-aimbot-neo-fortnite-external-cheat-2026-download-pc-,,2026-02-12
https://itch.io/blog/1369510/racing-scripts-undetected-august-2026-latest-version-2026-roblox-script-free,,2026-02-12
https://itch.io/blog/1369511/pulsar-external-plus-fortnite-cheat-2026-che,,2026-02-12
https://jgjtgjty.itch.io/free/devlog/1369512/dungeon-tavern-v11-gog-by-wallimog-,,2026-02-12
https://itch.io/blog/1369513/counterfeit-tycoon-scripts-working-august-2026-2026-free-script-,,2026-02-12
https://itch.io/blog/1369514/griffin-aimbot-fortnite-external-cheat-2026-che,,2026-02-12
https://itch.io/blog/1369515/counterfeit-tycoon-scripts-undetected-october-2026-2026-free-downloa,,2026-02-12
https://itch.io/blog/1369516/behemoth-cheat-external-2026-free-download,,2026-02-12
https://itch.io/blog/1369517/cctv-corp-some-more-developments,,2026-02-12
https://jgjtgjty.itch.io/free/devlog/1369518/nayitoshi-fight-for-the-skyline-r5-by-snooley,,2026-02-12
https://itch.io/blog/1369519/venus-external-max-cheat-2026-free-download-pc,,2026-02-12
https://itch.io/blog/1369520/murder-mystery-scripts-undetected-january-2026-2026-free-downloa,,2026-02-12
https://jgjtgjty.itch.io/free/devlog/1369522/bleach-the-new-gotei-13-law-v01-by,,2026-02-12
https://itch.io/blog/1369523/-vera-update-visual-upgrade-new-spicy-renders,,2026-02-12
https://glaregame.itch.io/poolside-vigil/devlog/1369524/update-notes-v-144-silent-echoes-screams-,,2026-02-12
https://itch.io/blog/1369525/nova-fortnite-external-cheat-2026-che,,2026-02-12
https://itch.io/blog/1369526/vehicle-legends-scripts-undetected-august-2026-2026-download-pc-,,2026-02-12
https://jgjtgjty.itch.io/free/devlog/1369527/service-of-love-v10208-by,,2026-02-12
https://sfsgfgdxxf.itch.io/pc-game/devlog/1369528/become-someone-v181-by-volen,,2026-02-12
https://itch.io/blog/1369529/paradox-cheat-ai-external-2026-free-download,,2026-02-12
https://itch.io/blog/1369530/fighting-simulator-scripts-free-download-august-2026-2026-script-,,2026-02-12
https://jgjtgjty.itch.io/free/devlog/1369531/live-to-fight-v073-by-grinder,,2026-02-12
https://sfsgfgdxxf.itch.io/pc-game/devlog/1369532/femboy-sorority-v02e-by-jayas-dawn,,2026-02-12
https://itch.io/blog/1369533/stellar-esp-fortnite-external-cheat-2026-download-pc-,,2026-02-12
https://itch.io/blog/1369534/work-at-a-pizza-place-scripts-free-download-april-2026-2026-roblox-,,2026-02-12
https://jgjtgjty.itch.io/free/devlog/1369535/family-business-v037-public-by-familydev,,2026-02-12
https://itch.io/blog/1369536/kraken-esp-premium-external-cheat-2026-download-pc-free,,2026-02-12
https://itch.io/blog/1369537/counterfeit-tycoon-scripts-no-key-september-2026-2026-roblox-scrip,,2026-02-12
https://sfsgfgdxxf.itch.io/pc-game/devlog/1369538/being-super-ch1-v027-by-sandman-games-and-art,,2026-02-12
https://itch.io/blog/1369539/dragon-external-ai-fortnite-cheat-2026-free-download-pc,,2026-02-12
https://itch.io/blog/1369540/taxi-boss-scripts-working-january-2026-2026-free-script-,,2026-02-12
https://sfsgfgdxxf.itch.io/pc-game/devlog/1369541/horingar-darkside-ch12-by-xforu,,2026-02-12
https://itch.io/blog/1369542/paradox-cheat-hd-fortnite-external-2026-free-externa,,2026-02-12
https://sfsgfgdxxf.itch.io/pc-game/devlog/1369543/lusty-tail-v230-by-xetrift-studios,,2026-02-12
https://itch.io/blog/1369544/work-at-a-pizza-place-scripts-key-system-april-2026-2026-roblox-scrip,,2026-02-12
https://samasgari.itch.io/gjerdingsaeterkvadet/devlog/1369545/liten-skjnnhetsfiks-idag,,2026-02-12
https://itch.io/blog/1369546/pluto-external-pro-fortnite-cheat-2026-che,,2026-02-12
https://sfsgfgdxxf.itch.io/pc-game/devlog/1369547/sayaka-my-naughty-milf-neighbor-v076-demo-by-erebeta,,2026-02-12
https://itch.io/blog/1369548/brookhaven-scripts-key-system-december-2026-2026-free-script-,,2026-02-12
https://itch.io/blog/1369549/download-leviathan-aimbot-vr-fortnite-external-cheat-free-2026-working,,2026-02-12
https://itch.io/blog/1369550/adopt-me-scripts-working-august-2026-2026-free-download-script,,2026-02-12
https://aar-studios.itch.io/minecraft-2-0-version-0-0-3/devlog/1369551/release-of-version-003-minecraft-20,,2026-02-12
https://itch.io/blog/1369552/meteor-cheat-plus-fortnite-external-2026-download-pc-,,2026-02-12
https://itch.io/blog/1369553/jailbreak-scripts-key-system-september-2026-2026-free-roblox-,,2026-02-12
https://goongoongoon-sahur.itch.io/games4all/devlog/1369554/game-works,,2026-02-12
https://itch.io/blog/1369555/quasar-cheat-premium-external-2026-fortnite-free,,2026-02-12
https://calil-vtt-assets.itch.io/tavern-nights-atmospheres/devlog/1369556/tavern-nights-atmospheres-launch,,2026-02-12
https://itch.io/blog/1369557/royale-high-scripts-key-system-august-2026-2026-free-script-,,2026-02-12
https://itch.io/blog/1369558/horizon-forbidden-west-complete-edition-free-download-pc-2024,,2026-02-12
https://monfery.itch.io/kandl/devlog/1369559/casual-update-kandl-015,,2026-02-12
https://itch.io/blog/1369560/nova-fortnite-pro-external-cheat-2026-ext,,2026-02-12
https://itch.io/blog/1369561/taxi-boss-scripts-working-september-2026-2026-free-roblox-,,2026-02-12
https://kosterix.itch.io/corps-of-discovery-maps-for-a4/devlog/1369562/corps-of-discovery-a4-maps-status,,2026-02-12
https://itch.io/blog/1369563/death-stranding-directors-cut-free-download-2022,,2026-02-12
https://itch.io/blog/1369564/hydra-hack-pro-fortnite-external-cheat-2026-download-pc-,,2026-02-12
https://itch.io/blog/1369565/natural-disaster-scripts-undetected-november-2026-2026-roblox-scrip,,2026-02-12
https://itch.io/blog/1369566/humanitz-2026-download-pc-free,,2026-02-12
https://itch.io/blog/1369567/quantum-aimbot-ultra-fortnite-external-cheat-2026-ext,,2026-02-12
https://itch.io/blog/1369568/roblox-brookhaven-scripts-no-key-april-2026-2026-download-pc-free,,2026-02-12
https://itch.io/blog/1369569/god-of-war-2022-free-download,,2026-02-12
https://kingrain777.itch.io/ark-ii/devlog/1369570/new-settlement-features,,2026-02-12
https://itch.io/blog/1369571/mercury-hack-fortnite-external-cheat-2026-free-download-pc,,2026-02-12
https://itch.io/blog/1369572/natural-disaster-scripts-no-key-july-2026-2026-free-roblox-,,2026-02-12
https://itch.io/blog/1369573/marvels-spider-man-remastered-2022-download-pc-free-cracked,,2026-02-12
https://itch.io/blog/1369574/paradox-cheat-vr-fortnite-external-2026-free-fortnit,,2026-02-12
https://itch.io/blog/1369575/doors-scripts-no-key-march-2026-2026-free-download-pc,,2026-02-12
https://itch.io/blog/1369576/icarus-free-download-2021,,2026-02-12
https://wagyu-dev.itch.io/corpus-clayton/devlog/1369577/progress-update-11226-fishing,,2026-02-12
https://itch.io/blog/1369578/paradox-cheat-pro-fortnite-external-2026-ext,,2026-02-12
https://itch.io/blog/1369579/free-bedwars-scripts-undetected-june-2026-download-2026-pc,,2026-02-12
https://itch.io/blog/1369580/horizon-zero-dawn-complete-edition-2020-download-pc-free,,2026-02-12
https://itch.io/blog/1369581/matrix-aimbot-vr-external-cheat-2026-fortnite-free,,2026-02-12
https://itch.io/blog/1369582/murder-mystery-scripts-key-system-october-2026-2026-free-downloa,,2026-02-12
https://itch.io/blog/1369583/everspace-2-2023-download-pc-free,,2026-02-12
https://itch.io/blog/1369584/shadow-esp-plus-fortnite-external-cheat-v867-free-download,,2026-02-12
https://retropiq.itch.io/neon-vector-space-shooter/devlog/1369585/neon-vector-space-shooter,,2026-02-12
https://itch.io/blog/1369586/ratchet-clank-rift-apart-2023-download-pc-free-no-install,,2026-02-12
https://itch.io/blog/1369587/taxi-boss-scripts-working-july-2026-2026-download-pc-,,2026-02-12
https://itch.io/blog/1369589/download-aether-cheat-fortnite-external-free-2026-working,,2026-02-12
https://itch.io/blog/1369590/counterfeit-tycoon-scripts-working-january-2026-2026-roblox-scrip,,2026-02-12
https://itch.io/blog/1369591/microsoft-flight-simulator-2020-40th-anniversary-edition-2020-free-downloa,,2026-02-12
https://itch.io/blog/1369592/jupiter-aimbot-max-fortnite-external-cheat-2026-ext,,2026-02-12
https://itch.io/blog/1369593/horizon-zero-dawn-remastered-free-download-pc-2024,,2026-02-12
https://itch.io/blog/1369594/samurai-cheat-fortnite-external-v273-free-download-pc,,2026-02-12
https://itch.io/blog/1369595/waterpark-simulator-2025-free-download,,2026-02-12
https://itch.io/blog/1369596/spectrum-hack-fortnite-external-cheat-2026-free-download,,2026-02-12
https://eggsov.itch.io/lust-in-suburbs/devlog/1369597/patch-013-is-out-now-devlog,,2026-02-12
https://itch.io/blog/1369598/street-fighter-6-2023-free-download,,2026-02-12
https://vortexcannon.itch.io/my-harem-vacation-in-a-time-loop/devlog/1369599/my-harem-vacation-in-a-time-loop-170,,2026-02-12
https://itch.io/blog/1369600/quasar-cheat-vr-external-2026-fortnite-free,,2026-02-12
https://itch.io/blog/1369601/contraband-police-2023-free-download,,2026-02-12
https://1tempobro.itch.io/victor-lawson/devlog/1369602/v101-patch-notes-quality-of-life-bug-fixes,,2026-02-12
https://rmtradingsgamestudio.itch.io/yoga-with-sensei/devlog/1369603/yoga-with-sensei,,2026-02-12
https://craftedcircuitry.itch.io/the-harbinger-of-the-deep-alpha/devlog/1369604/v014-optimizations-and-completing-towns,,2026-02-12
https://itch.io/blog/1369605/asteroid-esp-fortnite-external-cheat-2026-free-download,,2026-02-12
https://itch.io/blog/1369606/voidtrain-2025-download-pc-free,,2026-02-12
https://glitched-json.itch.io/tower-hell/devlog/247440/v01-tower-hell,,2026-02-12
https://glitched-json.itch.io/tower-hell/devlog/250939/update-v02,,2026-02-12
https://kamumu.itch.io/i-love-mew-too/devlog/371316/file-not-found-again,,2026-02-12
https://vllain.itch.io/snajper-test/devlog/377585/ver-11-patch-notes,,2026-02-12
https://vllain.itch.io/snajper-test/devlog/377586/ver-12-patch-notes,,2026-02-12
https://vllain.itch.io/snajper-test/devlog/377587/ver-121-patch-notes,,2026-02-12
https://vllain.itch.io/project-sniper/devlog/380254/uploaded-protoytpe,,2026-02-12
https://cinema-lumiron.itch.io/lustoria/devlog/424930/new-build-021-is-out,,2026-02-12
https://itch.io/c/278782/gamez,,2026-02-12
https://itch.io/c/3378538/rpg-city-crawl-urban-crawl-adventure,,2026-02-12
https://itch.io/c/3514595/uturn1369s-collection,,2026-02-12
https://itch.io/c/3516999/zeromaru2s-collection,,2026-02-12
https://itch.io/c/3586648/for-later,,2026-02-12
https://itch.io/c/3629022/jogos-para-jogar-em-live,,2026-02-12
https://itch.io/c/3831909/favourites-,,2026-02-12
https://itch.io/c/3852270/if-games,,2026-02-12
https://itch.io/c/3868493/hellsgods-collection,,2026-02-12
https://itch.io/c/3905299/yet-to-play,,2026-02-12
https://itch.io/c/3940817/hydra-hazes-collection,,2026-02-12
https://itch.io/c/4029961/aioiagamers-collection,,2026-02-12
https://itch.io/c/4063769/rayxcodes-collection,,2026-02-12
https://itch.io/c/4112709/cutie,,2026-02-12
https://itch.io/c/4117603/meluizs-collection,,2026-02-12
https://itch.io/c/4141033/imbest,,2026-02-12
https://itch.io/c/4158438/sidnemesiss-collection,,2026-02-12
https://itch.io/c/4183846/yeah-b,,2026-02-12
https://itch.io/c/4275334/game-jams-hackathons,,2026-02-12
https://itch.io/c/4281234/fonts,,2026-02-12
https://itch.io/c/4281577/lyon655111s-collection,,2026-02-12
https://itch.io/c/4308738/manteiga-doces-collection,,2026-02-12
https://itch.io/c/4330208/settings-and-supplements,,2026-02-12
https://itch.io/c/4344717/reniiis-collection,,2026-02-12
https://itch.io/c/4361478/magicalkats-collection,,2026-02-12
https://itch.io/c/4435010/mrrajos-collection,,2026-02-12
https://itch.io/c/4449648/ashley-fos-collection,,2026-02-12
https://itch.io/c/4450698/ashle3017s-collection,,2026-02-12
https://itch.io/c/4463797/0wlm4ns-collection,,2026-02-12
https://itch.io/c/4467999/monsterhearts,,2026-02-12
https://itch.io/c/4505640/salamandermanders-collection,,2026-02-12
https://itch.io/c/4548707/pavelftgmailcoms-collection,,2026-02-12
https://itch.io/c/4557232/the-electrum-archive,,2026-02-12
https://itch.io/c/4628178/rmmz,,2026-02-12
https://itch.io/c/4640623/shanshis-collection,,2026-02-12
https://itch.io/c/4696273/sthauges-collection,,2026-02-12
https://itch.io/c/4701474/cryptwolfvts-collection,,2026-02-12
https://itch.io/c/4710106/mothership,,2026-02-12
https://itch.io/c/4718401/stegolegos-collection,,2026-02-12
https://itch.io/c/4735072/ellenajs-collection,,2026-02-12
https://itch.io/c/4754902/book,,2026-02-12
https://itch.io/c/4768575/wfs,,2026-02-12
https://itch.io/c/4777246/puzzle,,2026-02-12
https://itch.io/c/4805412/brambles-collection,,2026-02-12
https://itch.io/c/4807049/aldi,,2026-02-12
https://itch.io/c/4810549/porngames,,2026-02-12
https://itch.io/c/4843450/need-to-play,,2026-02-12
https://itch.io/c/4890204/goty-of-every-year,,2026-02-12
https://itch.io/c/4936350/to-try-games,,2026-02-12
https://itch.io/c/4954330/battered-batter-bats-collection,,2026-02-12
https://itch.io/c/4974018/daydreamer001s-collection,,2026-02-12
https://itch.io/c/4981798/punk1ests-collection,,2026-02-12
https://itch.io/c/4999906/incremental,,2026-02-12
https://itch.io/c/5010775/psyy-guyys-collection,,2026-02-12
https://itch.io/c/5017019/raizerblades-collection,,2026-02-12
https://itch.io/c/5047148/wessis-collection,,2026-02-12
https://itch.io/c/5062745/jacksonwickmans-collection,,2026-02-12
https://itch.io/c/5118311/the-boolean-incognitas-collection,,2026-02-12
https://itch.io/c/5122608/my-standalone-games,,2026-02-12
https://itch.io/c/5126324/nossugos-collection,,2026-02-12
https://itch.io/c/5145640/massams-collection,,2026-02-12
https://itch.io/c/5174958/anycolouryoulikegamess-collection,,2026-02-12
https://itch.io/c/5202445/sla,,2026-02-12
https://itch.io/c/5229587/starspangledrats-collection,,2026-02-12
https://itch.io/c/5247759/3,,2026-02-12
https://itch.io/c/5301158/adventures,,2026-02-12
https://itch.io/c/5324535/myokehns-collection,,2026-02-12
https://itch.io/c/5325555/fonts,,2026-02-12
https://itch.io/c/5331470/queer,,2026-02-12
https://itch.io/c/5352409/future-videogames,,2026-02-12
https://itch.io/c/5361694/thetimekeeper21s-collection,,2026-02-12
https://itch.io/c/5366747/noi1zeys-collection,,2026-02-12
https://itch.io/c/5405489/mzzzzzcs-collection,,2026-02-12
https://itch.io/c/5420462/jogos,,2026-02-12
https://itch.io/c/5421420/novel,,2026-02-12
https://itch.io/c/5427421/collection,,2026-02-12
https://itch.io/c/5432166/games-i-love,,2026-02-12
https://itch.io/c/5457989/play-later,,2026-02-12
https://itch.io/c/5460933/2025s,,2026-02-12
https://itch.io/c/5461820/grafoles-collection,,2026-02-12
https://itch.io/c/5468628/astral02s-collection,,2026-02-12
https://itch.io/c/5471879/scm1400s-collection,,2026-02-12
https://itch.io/c/5479730/thatguypixis-collection,,2026-02-12
https://itch.io/c/5491869/not-nsfw,,2026-02-12
https://itch.io/c/5516933/idkdikdikdididk,,2026-02-12
https://itch.io/c/5517168/pew-pew,,2026-02-12
https://itch.io/c/5526127/ghost46812s-collection,,2026-02-12
https://itch.io/c/5527467/thatguyskullies-collection,,2026-02-12
https://itch.io/c/5542238/ripvanwickles-collection,,2026-02-12
https://itch.io/c/5553150/clever-lil-games,,2026-02-12
https://itch.io/c/5583633/games-i-have-worked-on,,2026-02-12
https://itch.io/c/5584110/favourite-forever,,2026-02-12
https://itch.io/c/5598783/stuff-i-should-play,,2026-02-12
https://itch.io/c/5608798/zzkzs-collection,,2026-02-12
https://itch.io/c/5633155/lucasgts-collection,,2026-02-12
https://itch.io/c/5640595/juegos-nopor,,2026-02-12
https://itch.io/c/5643933/lu1g1ss-collection,,2026-02-12
https://itch.io/c/5644888/things-that-deserve-more-attention,,2026-02-12
https://itch.io/c/5651687/omgamuscless-collection,,2026-02-12
https://itch.io/c/5657958/adm-xds-collection,,2026-02-12
https://itch.io/c/5676671/babs43s-collection,,2026-02-12
https://itch.io/c/5679789/sobekers-collection,,2026-02-12
https://itch.io/c/5687520/wottix-pfs-collection,,2026-02-12
https://itch.io/c/5690762/kingloueis-collection,,2026-02-12
https://itch.io/c/5708674/cute,,2026-02-12
https://itch.io/c/5716000/random-things,,2026-02-12
https://itch.io/c/5732652/nangongii4077s-collection,,2026-02-12
https://itch.io/c/5756546/cptmcbucketss-collection,,2026-02-12
https://itch.io/c/5779833,,2026-02-12
https://itch.io/c/5780506/liljamguys-collection,,2026-02-12
https://itch.io/c/5810673/phanthives-collection,,2026-02-12
https://itch.io/c/5829690/peak,,2026-02-12
https://itch.io/c/5841301/seelie96s-collection,,2026-02-12
https://itch.io/c/5842694/snow-jacksons-collection,,2026-02-12
https://itch.io/c/5847461/azraelvas-collection,,2026-02-12
https://itch.io/c/5871777/fav-incredimods,,2026-02-12
https://itch.io/c/5874971/mindr12s-collection,,2026-02-12
https://itch.io/c/5883972/play-later,,2026-02-12
https://itch.io/c/5888357/smut,,2026-02-12
https://itch.io/c/5890500/game-jam-games,,2026-02-12
https://itch.io/c/5922119/detective-games,,2026-02-12
https://itch.io/c/5923210/currently-playing,,2026-02-12
https://itch.io/c/5928229/all-my-follow,,2026-02-12
https://itch.io/c/5939416/games-ive-worked-on,,2026-02-12
https://itch.io/c/5965564/neat-resources-and-stuff,,2026-02-12
https://itch.io/c/5970385/spronkuss-collection,,2026-02-12
https://itch.io/c/5975305/pactakus-collection,,2026-02-12
https://itch.io/c/5994722/someday-ill-use-this,,2026-02-12
https://itch.io/c/6007074/game-dev,,2026-02-12
https://itch.io/c/6009704/favorites,,2026-02-12
https://itch.io/c/6015031/games-ive-played-that-were-good,,2026-02-12
https://itch.io/c/6017983/fuck-ice-stuff,,2026-02-12
https://itch.io/c/6021146/ad23s-collection,,2026-02-12
https://itch.io/c/6027477/i-dont-have-mulla,,2026-02-12
https://itch.io/c/6029219/games-to-stream,,2026-02-12
https://itch.io/c/6038074,,2026-02-12
https://itch.io/c/6062839/pnp,,2026-02-12
https://itch.io/c/6089498/koolgees-collection,,2026-02-12
https://itch.io/c/6102944/haku50s-collection,,2026-02-12
https://itch.io/c/6107835/wwfsfgs-collection,,2026-02-12
https://itch.io/c/6121417/solo-rpg,,2026-02-12
https://itch.io/c/6146259/first,,2026-02-12
https://itch.io/c/6146987/roleplay,,2026-02-12
https://itch.io/c/6156576/gerzsors-collection,,2026-02-12
https://itch.io/c/6183812/obsidianspheres-collection,,2026-02-12
https://itch.io/c/6200961/khoaingotts-collection,,2026-02-12
https://itch.io/c/6218043/idkwhatis-collection,,2026-02-12
https://itch.io/c/6222107/real-human005s-collection,,2026-02-12
https://itch.io/c/6223397/hithis-collection,,2026-02-12
https://itch.io/c/6241121/pandaman99s-collection,,2026-02-12
https://itch.io/c/6256480/fnaf,,2026-02-12
https://itch.io/c/6259778/to-play,,2026-02-12
https://itch.io/c/6269804/browser-game,,2026-02-12
https://itch.io/c/6278778/tcb33s-collection,,2026-02-12
https://itch.io/c/6288793/caels-lancer-folder,,2026-02-12
https://itch.io/c/6294890/gleaso14s-collection,,2026-02-12
https://itch.io/c/6295311/yandere,,2026-02-12
https://itch.io/c/6299096/novelas-amam,,2026-02-12
https://itch.io/c/6304340/pinkunicorn171s-collection,,2026-02-12
https://itch.io/c/6306521/darkzero3153s-collection,,2026-02-12
https://itch.io/c/6314618/inc,,2026-02-12
https://itch.io/c/6328937/steezyregs-collection,,2026-02-12
https://itch.io/c/6345009/dragodelunes-collection-for-gameboy,,2026-02-12
https://itch.io/c/6346492/ryutsukens-collection,,2026-02-12
https://itch.io/c/6356456/whirlwind-ams-collection,,2026-02-12
https://itch.io/c/6368653/wraithknightblades-collection,,2026-02-12
https://itch.io/c/6369970/b3rtoss-collection,,2026-02-12
https://itch.io/c/6380755/linaacherrys-collection,,2026-02-12
https://itch.io/c/6385256/hmm,,2026-02-12
https://itch.io/c/6416972/games,,2026-02-12
https://itch.io/c/6419652/games,,2026-02-12
https://itch.io/c/6426213/reacteddeserts-collection,,2026-02-12
https://itch.io/c/6428098/idk-what-to-call-it,,2026-02-12
https://itch.io/c/6429595/yay,,2026-02-12
https://itch.io/c/6441957/stark-nvds-collection,,2026-02-12
https://itch.io/c/6447057/taloniass-collection,,2026-02-12
https://itch.io/c/6460373/exoticx1s-collection,,2026-02-12
https://itch.io/c/6463708/rene007814s-collection,,2026-02-12
https://itch.io/c/6469275/peridition,,2026-02-12
https://itch.io/c/6471567/gipops-collection,,2026-02-12
https://itch.io/c/6473087/a-faire-vita,,2026-02-12
https://itch.io/c/6479361/pixel,,2026-02-12
https://itch.io/c/6486775/link9858s-collection,,2026-02-12
https://itch.io/c/6486894/liked,,2026-02-12
https://itch.io/c/6494155/juegos-que-interesan,,2026-02-12
https://itch.io/c/6496765/jadoreind1es-collection,,2026-02-12
https://itch.io/c/6511601/wanderthemanders-collection,,2026-02-12
https://itch.io/c/6518033/skyhy33s-collection,,2026-02-12
https://itch.io/c/6518173/argdxs-collection,,2026-02-12
https://itch.io/c/6523981/yogurt,,2026-02-12
https://itch.io/c/6537319/favourites,,2026-02-12
https://itch.io/c/6541055/markos-5s-collection,,2026-02-12
https://itch.io/c/6551481/oynanacak,,2026-02-12
https://itch.io/c/6557192/w0lfrunners-collection,,2026-02-12
https://itch.io/c/6563514/greyknight93s-collection,,2026-02-12
https://itch.io/c/6566424/osators-collection,,2026-02-12
https://itch.io/c/6587210/hfkfhfkfh-techs-collection,,2026-02-12
https://itch.io/c/6593130/my-collection,,2026-02-12
https://itch.io/c/6621704/grimwollfs-collection,,2026-02-12
https://itch.io/c/6629217/peak,,2026-02-12
https://itch.io/c/6630909/karlrkroenens-collection,,2026-02-12
https://itch.io/c/6635477/pico-8-games,,2026-02-12
https://itch.io/c/6636984/atsow246810s-collection,,2026-02-12
https://itch.io/c/6638100/friends-projects,,2026-02-12
https://itch.io/c/6645674/ahed-archs-collection,,2026-02-12
https://itch.io/c/6655141/riddle-masters-collection,,2026-02-12
https://itch.io/c/6660522/noobsaibot405s-collection,,2026-02-12
https://itch.io/c/6666317/lov3r-gurl-18s-collection,,2026-02-12
https://itch.io/c/6666437/august1744s-collection,,2026-02-12
https://itch.io/c/6669379/idk,,2026-02-12
https://itch.io/c/6672129/cool-games-to-check-out,,2026-02-12
https://itch.io/c/6676178/raelina1190s-collection,,2026-02-12
https://itch.io/c/6678120/yet-to-buy,,2026-02-12
https://itch.io/c/6682509/discord,,2026-02-12
https://itch.io/c/6683531/lanlaozs-collection,,2026-02-12
https://itch.io/c/6695668/games-i-love,,2026-02-12
https://itch.io/c/6702431/free-stuff-i-love,,2026-02-12
https://itch.io/c/6706703/mourad-45s-collection,,2026-02-12
https://itch.io/c/6708589/candylulunas-collection,,2026-02-12
https://itch.io/c/6709741/leafmebes-collection,,2026-02-12
https://itch.io/c/6711237/chocostrawberrycats-collection,,2026-02-12
https://itch.io/c/6712641/just,,2026-02-12
https://itch.io/c/6715965/blademdjs-collection,,2026-02-12
https://itch.io/c/6719439/9chenmings-collection,,2026-02-12
https://itch.io/c/6735727/zlintas-collection,,2026-02-12
https://itch.io/c/6735898/visual-novels,,2026-02-12
https://itch.io/c/6737337/sknfsds-collection,,2026-02-12
https://itch.io/c/6743035/my-collection,,2026-02-12
https://itch.io/c/6746311/alex-sterlinggs-collection,,2026-02-12
https://itch.io/c/6749907/yet-to-play,,2026-02-12
https://itch.io/c/6751116/mommooms-collection,,2026-02-12
https://itch.io/c/6752811/paid,,2026-02-12
https://itch.io/c/6758772/363624s-collection,,2026-02-12
https://itch.io/c/6760723/alexgamer10115s-collection,,2026-02-12
https://itch.io/c/6763132/amootomes-collection,,2026-02-12
https://itch.io/c/6767968/capcapcapcaps-collection,,2026-02-12
https://itch.io/c/6769574/pengubengus-collection,,2026-02-12
https://itch.io/c/6779216/philipwns-collection,,2026-02-12
https://itch.io/c/6779242/pron,,2026-02-12
https://itch.io/c/6780152/heijies-collection,,2026-02-12
https://itch.io/c/6787187/bikolauts-collection,,2026-02-12
https://itch.io/c/6787549/recommendations-part-1,,2026-02-12
https://itch.io/c/6787683/recommendations-part-2,,2026-02-12
https://itch.io/c/6788619/currently-playing-waiting-for-update,,2026-02-12
https://itch.io/c/6789117/kr-leaf,,2026-02-12
https://itch.io/c/6789130/kr-fire,,2026-02-12
https://itch.io/c/6789133/kr-ice,,2026-02-12
https://itch.io/c/6793663/cool-games,,2026-02-12
https://itch.io/c/6794555/gugugezis-collection,,2026-02-12
https://itch.io/c/6795521/the-weekly-link-2026,,2026-02-12
https://itch.io/c/6798344/gamefanfares-collection,,2026-02-12
https://itch.io/c/6798969/trako-offs-collection,,2026-02-12
https://itch.io/c/6799637/hunsmores-collection,,2026-02-12
https://itch.io/c/6801471/foxy28fos-collection,,2026-02-12
https://itch.io/c/6809001/midnightthundergals-collection,,2026-02-12
https://itch.io/c/6810038/hiroizs-collection,,2026-02-12
https://itch.io/c/6811313/awmechus-collection,,2026-02-12
https://itch.io/c/6812060/fopdoodle-oks-collection,,2026-02-12
https://itch.io/c/6819443/note30283s-collection,,2026-02-12
https://itch.io/c/6831311/friends-stuff,,2026-02-12
https://itch.io/c/6835673/nosekjkasjs-collection,,2026-02-12
https://itch.io/c/6836457/fozzygozzys-collection,,2026-02-12
https://itch.io/c/6837441/doaimo56s-collection,,2026-02-12
https://itch.io/c/6838349/why-not,,2026-02-12
https://itch.io/c/6839826/zelevnyts-collection,,2026-02-12
https://itch.io/c/6840213/m4k1t4l0ls-collection,,2026-02-12
https://itch.io/c/6840686/au-wus-collection,,2026-02-12
https://itch.io/c/6841582/ui,,2026-02-12
https://itch.io/c/6841862/feb,,2026-02-12
https://itch.io/c/6842441/to-play,,2026-02-12
https://itch.io/c/6843247/yinyongs-collection,,2026-02-12
https://itch.io/c/6844901/unknownmythoss-collection,,2026-02-12
https://itch.io/c/6845579/games,,2026-02-12
https://itch.io/c/6848854/julio-akira1s-collection,,2026-02-12
https://itch.io/c/6850477/new,,2026-02-12
https://itch.io/c/6854152/ra-roms-collection,,2026-02-12
https://itch.io/c/6854237/man-zanaas-collection,,2026-02-12
https://itch.io/c/6856120/miss-emillinas-collection,,2026-02-12
https://itch.io/c/6856946/skullkidthegoats-collection,,2026-02-12
https://itch.io/c/6858614/free,,2026-02-12
https://itch.io/c/6858684/fireshark90s-collection,,2026-02-12
https://itch.io/c/6858706/tothezenith-13s-collection,,2026-02-12
https://itch.io/c/6858985/good-games,,2026-02-12
https://itch.io/c/6861653/boopulsars-collection,,2026-02-12
https://itch.io/c/6861866/nervebits-collection,,2026-02-12
https://itch.io/c/6862546/ju4ns3bs-collection,,2026-02-12
https://itch.io/c/6863242/dadpin2s-collection,,2026-02-12
https://itch.io/c/6864580/finished-fire,,2026-02-12
https://itch.io/c/6865225/peak,,2026-02-12
https://itch.io/c/6866594/lastizdemons-collection,,2026-02-12
https://itch.io/c/6866942/daranass-collection,,2026-02-12
https://itch.io/c/6872796/zloipoops-collection,,2026-02-12
https://itch.io/c/6873333/er-panzerottos-collection,,2026-02-12
https://itch.io/c/6874332/poopoeoepeies-collection,,2026-02-12
https://itch.io/c/6876329/sneider1234s-collection,,2026-02-12
https://itch.io/c/6878992/1naras-collection,,2026-02-12
https://itch.io/c/6884499/poyo-pios-collection,,2026-02-12
https://itch.io/c/6888073/woodsytheowl619s-collection,,2026-02-12
https://itch.io/c/6888570/para-que-luego-lo-prueve-3,,2026-02-12
https://itch.io/c/6888780/charlotteplayss-collection,,2026-02-12
https://itch.io/c/6889308/personindies-collection,,2026-02-12
https://itch.io/c/6891593/t6lkms-collection,,2026-02-12
https://itch.io/c/6894019/zhaels-collection,,2026-02-12
https://itch.io/c/6895304/peak,,2026-02-12
https://itch.io/c/6897161/victorlorenzos-collection,,2026-02-12
https://itch.io/c/6897531/brochacho43s-collection,,2026-02-12
https://itch.io/c/6898440/thewillmans-collection,,2026-02-12
https://itch.io/c/6899220/trophy-dark,,2026-02-12
https://itch.io/c/6900225/yangning01s-collection,,2026-02-12
https://itch.io/c/6901522/lgonitchs-collection,,2026-02-12
https://itch.io/c/6902199/to-play,,2026-02-12
https://itch.io/c/6902283/stornilas-collection,,2026-02-12
https://itch.io/c/6903019/mv9272s-collection,,2026-02-12
https://itch.io/c/6905824/nicksolos-collection,,2026-02-12
https://itch.io/c/6907593/hotmashmelloss-collection,,2026-02-12
https://itch.io/c/6907955/j-joguei-e-muito-boomm,,2026-02-12
https://itch.io/c/6908692/games-to-play,,2026-02-12
https://itch.io/c/6909633/msch623s-collection,,2026-02-12
https://itch.io/c/6911094/2011xs-collection,,2026-02-12
https://itch.io/c/6911669/games,,2026-02-12
https://itch.io/c/6913588/chewisotas-collection,,2026-02-12
https://itch.io/c/6913889/sgtpain150s-collection,,2026-02-12
https://itch.io/c/6914325/no1asshols-collection,,2026-02-12
https://itch.io/c/6914391/toodahs-collection,,2026-02-12
https://itch.io/c/6915434/miyanagi1s-collection,,2026-02-12
https://itch.io/c/6916578/kellys-collection,,2026-02-12
https://itch.io/c/6916932/dimentias-collection,,2026-02-12
https://itch.io/c/6917432/games,,2026-02-12
https://itch.io/c/6920837/illustra-tras-collection,,2026-02-12
https://itch.io/c/6921927/wishlist,,2026-02-12
https://itch.io/c/6922479/christopherpattersons-collection,,2026-02-12
https://itch.io/c/6923590/imixxs-collection,,2026-02-12
https://itch.io/c/6923953/verstappen1s-collection,,2026-02-12
https://itch.io/c/6924653/games,,2026-02-12
https://itch.io/c/6925612/parameciumfo29s-collection,,2026-02-12
https://itch.io/c/6927913/interested,,2026-02-12
https://itch.io/c/6929539,,2026-02-12
https://itch.io/c/6931582/katherinesalazar2202-stars-collection,,2026-02-12
https://itch.io/c/6932512/mika2409s-collection,,2026-02-12
https://itch.io/c/6932539/toxisthedraconines-collection,,2026-02-12
https://itch.io/c/6933059/jaxter0nes-collection,,2026-02-12
https://itch.io/c/6934052/interesting,,2026-02-12
https://itch.io/c/6934055/valeripaolas-collection,,2026-02-12
https://itch.io/c/6934577/curmudgeouss-collection,,2026-02-12
https://itch.io/c/6935126/ahed-archs-collection,,2026-02-12
https://itch.io/c/6936235/celestialplaysyts-collection,,2026-02-12
https://itch.io/c/6936952/indikings-collection,,2026-02-12
https://itch.io/c/6937176/ezzios-collection,,2026-02-12
https://itch.io/c/6938012/1,,2026-02-12
https://itch.io/c/6938126/cracker-kochs-collection,,2026-02-12
https://itch.io/c/6939646/gaia-01s-collection,,2026-02-12
https://itch.io/c/6940579/cool-games,,2026-02-12
https://itch.io/c/6941615/psx,,2026-02-12
https://itch.io/c/6942151/giganigaaas-collection,,2026-02-12
https://itch.io/c/6942948/pms-farmss-collection,,2026-02-12
https://itch.io/c/6943381/rybread0s-collection,,2026-02-12
https://itch.io/c/6943419/xantheman11s-collection,,2026-02-12
https://itch.io/c/6943593/carltyz45s-collection,,2026-02-12
https://itch.io/c/6943719/aisamancoss-collection,,2026-02-12
https://itch.io/c/6944341/ui,,2026-02-12
https://itch.io/c/6944647/dokja-kimfrs-collection,,2026-02-12
https://itch.io/c/6945170/bhow-bhowo-os-collection,,2026-02-12
https://itch.io/c/6945231/fav,,2026-02-12
https://itch.io/c/6945529/i-can-play-it,,2026-02-12
https://itch.io/c/6946611/stoopupps-collection,,2026-02-12
https://itch.io/c/6947018/rpg,,2026-02-12
https://itch.io/c/6947345/moon-doges-collection,,2026-02-12
https://itch.io/c/6947464/albert350s-collection,,2026-02-12
https://itch.io/c/6947701/quero-pro-meu-jogo,,2026-02-12
https://itch.io/c/6948133/yyu,,2026-02-12
https://itch.io/c/6948147/ktt016s-collection,,2026-02-12
https://itch.io/c/6948760/other,,2026-02-12
https://itch.io/c/6948790/wh1temo0nlights-collection,,2026-02-12
https://itch.io/c/6950070/qings-hentai-haven,,2026-02-12
https://itch.io/c/6950286/panyawat2345-ctrls-collection,,2026-02-12
https://itch.io/c/6951269/andytnguyen009gmailcoms-collection,,2026-02-12
https://itch.io/c/6951617/artistic,,2026-02-12
https://itch.io/c/6951633/horror,,2026-02-12
https://itch.io/c/6951856/3340565974s-collection,,2026-02-12
https://itch.io/c/6951868/captaindomino4s-collection,,2026-02-12
https://itch.io/c/6952739/uniformgamess-collection,,2026-02-12
https://itch.io/c/6952760/capibara43s-collection,,2026-02-12
https://itch.io/c/6952770/omega143s-collection,,2026-02-12
https://itch.io/c/6953070/cult610s-collection,,2026-02-12
https://itch.io/c/6953176/ai,,2026-02-12
https://itch.io/c/6953472/boyka-0827s-collection,,2026-02-12
https://itch.io/c/6953598/invertedlys-collection,,2026-02-12
https://itch.io/c/6954150/xangxlzxs-collection,,2026-02-12
https://itch.io/c/6954595/wishlist,,2026-02-12
https://itch.io/c/6955338/free-cozy-browser-games-to-satisfy-my-boredom,,2026-02-12
https://itch.io/c/6955405/watchlist,,2026-02-12
https://itch.io/c/6955453/a,,2026-02-12
https://itch.io/c/6955929/a0978132116s-collection,,2026-02-12
https://itch.io/c/6956457/bunnybaracys-collection,,2026-02-12
https://itch.io/c/6957200/juliettedelunes-collection,,2026-02-12
https://itch.io/c/6957327/gg,,2026-02-12
https://itch.io/c/6957840/jlor395s-collection,,2026-02-12
https://itch.io/c/6958030/vns,,2026-02-12
https://itch.io/c/6958071/amarrarss-collection,,2026-02-12
https://itch.io/c/6958106/alex-lasemilla7s-collection,,2026-02-12
https://itch.io/c/6958159/small-farmer696s-collection,,2026-02-12
https://itch.io/c/6958196/noctvyrs-collection,,2026-02-12
https://itch.io/c/6958571/justcusss-collection,,2026-02-12
https://itch.io/c/6958971/bamboestoks-collection,,2026-02-12
https://itch.io/c/6959231/dwarf-star-studioss-collection,,2026-02-12
https://itch.io/c/6959699/not,,2026-02-12
https://itch.io/c/6959760/0ila0s-collection,,2026-02-12
https://itch.io/c/6959850/creative-seeds-gdd-y1-collection,,2026-02-12
https://itch.io/c/6959893/eclicwzees-collection,,2026-02-12
https://itch.io/c/6960400/77807128s-collection,,2026-02-12
https://itch.io/c/6960410/vinhmaxto21s-collection,,2026-02-12
https://itch.io/c/6960509/divinepond256s-collection,,2026-02-12
https://itch.io/c/6960626/17yyyyys-collection,,2026-02-12
https://itch.io/c/6960904/pixelproofeds-collection,,2026-02-12
https://itch.io/c/6961009/muffin-stars-collection,,2026-02-12
https://itch.io/c/6961312/mrcrown24s-collection,,2026-02-12
https://itch.io/c/6961626/mietzeskaatzes-collection,,2026-02-12
https://itch.io/c/6961672/gorillacrates-collection,,2026-02-12
https://itch.io/c/6961760/junelly902s-collection,,2026-02-12
https://itch.io/c/6961834/maybe,,2026-02-12
https://itch.io/c/6961968/ttrpgs-to-try,,2026-02-12
https://itch.io/c/6962113/locksmith089s-collection,,2026-02-12
https://itch.io/c/6962151/v,,2026-02-12
https://itch.io/c/6962191/billas-collection,,2026-02-12
https://itch.io/c/6962399/gogs96s-collection,,2026-02-12
https://itch.io/c/6962576/jerdels-collection,,2026-02-12
https://itch.io/c/6962696/to-play,,2026-02-12
https://itch.io/c/6962784/v1viis-collection,,2026-02-12
https://itch.io/c/6962943/ahahsaas-collection,,2026-02-12
https://itch.io/c/6963052/things-worth-a-gander-in-the-ice-bundle,,2026-02-12
https://itch.io/c/6963229/unplayed,,2026-02-12
https://itch.io/c/6963759/nerdyspikes-collection,,2026-02-12
https://itch.io/c/6963864/annitaas-collection,,2026-02-12
https://itch.io/c/6963892/lain147258s-collection,,2026-02-12
https://itch.io/c/6963901/yuri,,2026-02-12
https://itch.io/c/6963909/games,,2026-02-12
https://itch.io/c/6963978/nsfw,,2026-02-12
https://itch.io/c/6964073/good-nsfw-games,,2026-02-12
https://itch.io/c/6964181/clovercheezecakes-collection,,2026-02-12
https://itch.io/c/6964261/damn,,2026-02-12
https://itch.io/c/6964324/leo3648s-collection,,2026-02-12
https://itch.io/c/6964479/piotrkamolapk-hues-collection,,2026-02-12
https://itch.io/c/6964505/cupiduss-collection,,2026-02-12
https://itch.io/c/6964535/lin1030s-collection,,2026-02-12
https://itch.io/c/6964577/yandere-vnovel,,2026-02-12
https://itch.io/c/6964608/zeynalyans-collection,,2026-02-12
https://itch.io/c/6964632/enrique-veras-collection,,2026-02-12
https://itch.io/c/6964730/sourkandiixddccs-collection,,2026-02-12
https://itch.io/c/6964735/uncoiledmongooses-collection,,2026-02-12
https://itch.io/c/6964829/vehemens2bs-collection,,2026-02-12
https://itch.io/c/6964844/mork-borg,,2026-02-12
https://itch.io/c/6964847/mecha-ttrpgs,,2026-02-12
https://itch.io/c/6964865/rpgs,,2026-02-12
https://itch.io/c/6964879/nnekkovs-collection,,2026-02-12
https://itch.io/c/6964883/my-fav-game,,2026-02-12
https://itch.io/c/6964932/alexiaqlfs-collection,,2026-02-12
https://itch.io/c/6964953/lizard-of-times-collection,,2026-02-12
https://itch.io/c/6964957/chestercheesetoess-collection,,2026-02-12
https://itch.io/c/6964962/bolgarochkas-collection,,2026-02-12
https://itch.io/c/6964971/br1tterbals-collection,,2026-02-12
https://itch.io/c/6964974/anon263746s-collection,,2026-02-12
https://itch.io/c/6964981/zeemiaws-collection,,2026-02-12
https://itch.io/c/6965002/fs25-mods,,2026-02-12
https://itch.io/c/6965008/akame-ga-kill-labbaks-collection,,2026-02-12
https://itch.io/c/6965015/3d-assets,,2026-02-12
https://itch.io/c/6965018/oyuncu12s-collection,,2026-02-12
https://itch.io/c/6965021/to-play,,2026-02-12
https://itch.io/c/6965025/to-play,,2026-02-12
https://itch.io/c/6965028/ma133547s-collection,,2026-02-12
https://itch.io/c/6965033/anoumses-collection,,2026-02-12
https://itch.io/c/6965054/huayushi666s-collection,,2026-02-12
https://itch.io/c/6965057/h,,2026-02-12
https://itch.io/c/6965102/luvejaiees-collection,,2026-02-12
https://itch.io/c/6965123/jglizzy8183s-collection,,2026-02-12
https://itch.io/c/6965125/adults,,2026-02-12
https://itch.io/c/6965141,,2026-02-12
https://itch.io/c/6965180/akagiii0-0s-collection,,2026-02-12
https://itch.io/c/6965184/aure0909s-collection,,2026-02-12
https://itch.io/c/6965196/danorgills-collection,,2026-02-12
https://itch.io/c/6965197/kolektion-hentai,,2026-02-12
https://itch.io/c/6965208/itchy,,2026-02-12
https://itch.io/c/6965212/linux-played,,2026-02-12
https://itch.io/c/6965225/sports,,2026-02-12
https://itch.io/c/6965227/cc,,2026-02-12
https://itch.io/c/6965237/dk1969s-collection,,2026-02-12
https://itch.io/c/6965261/romance,,2026-02-12
https://itch.io/c/6965262/wimiings-collection,,2026-02-12
https://itch.io/c/6965265/cool,,2026-02-12
https://itch.io/c/6965268/zx987zxs-collection,,2026-02-12
https://itch.io/c/6965283/paydaygamings-collection,,2026-02-12
https://itch.io/c/6965289/o,,2026-02-12
https://itch.io/c/6965296/demon-fox640s-collection,,2026-02-12
https://itch.io/c/6965299/tileset,,2026-02-12
https://itch.io/c/6965308/assets-animals-npc,,2026-02-12
https://itch.io/c/6965319/new,,2026-02-12
https://itch.io/c/6965331/assets-ui,,2026-02-12
https://itch.io/c/6965335/assets-animations,,2026-02-12
https://itch.io/c/6965336/sound-effects-music,,2026-02-12
https://itch.io/c/6965342/visual-novels,,2026-02-12
https://itch.io/c/6965347/assets-environment,,2026-02-12
https://itch.io/c/6965358/monster47s-collection,,2026-02-12
https://itch.io/c/6965369/mothership,,2026-02-12
https://itch.io/c/6965381/horror-indie-games,,2026-02-12
https://itch.io/c/6965400/solo,,2026-02-12
https://itch.io/c/6965405/assets-icons,,2026-02-12
https://itch.io/c/6965410/exofrizzs-collection,,2026-02-12
https://itch.io/c/6965420/automemorymais-collection,,2026-02-12
https://itch.io/c/6965429/bobijon21s-collection,,2026-02-12
https://itch.io/c/6965436/volosogrizs-collection,,2026-02-12
https://itch.io/c/6965448/ice-bundle,,2026-02-12
https://itch.io/c/6965460/ice-bundle-wtp,,2026-02-12
https://itch.io/c/6965463/rpgs,,2026-02-12
https://itch.io/c/6965490/music-production,,2026-02-12
https://itch.io/c/6965494/writing-and-creating,,2026-02-12
https://itch.io/c/6965495/castor-oils-collection,,2026-02-12
https://itch.io/c/6965498/ttrpg-multiplayer,,2026-02-12
https://itch.io/c/6965502/dawn-corner,,2026-02-12
https://itch.io/c/6965504/sniper-huntes-collection,,2026-02-12
https://itch.io/c/6965520/wishlist,,2026-02-12
https://itch.io/c/6965541/miscellaneous,,2026-02-12
https://itch.io/c/6965548/zeo666s-collection,,2026-02-12
https://itch.io/c/6965554/geraldo-descubess-collection,,2026-02-12
https://itch.io/c/6965555/to2my-91s-collection,,2026-02-12
https://itch.io/c/6965561/intreted-games,,2026-02-12
https://itch.io/c/6965570/i-dont-know-games,,2026-02-12
https://itch.io/c/6965578/mork-borg,,2026-02-12
https://itch.io/c/6965580/little47s-collection,,2026-02-12
https://itch.io/c/6965583/horror,,2026-02-12
https://itch.io/c/6965598/not-interested-games,,2026-02-12
https://itch.io/c/6965618/maybe-games,,2026-02-12
https://itch.io/c/6965620/point-click,,2026-02-12
https://itch.io/c/6965621/religiss-collection,,2026-02-12
https://itch.io/c/6965623/ganfos-collection,,2026-02-12
https://itch.io/c/6965630/fatbadpigs-collection,,2026-02-12
https://itch.io/c/6965632/foxhole-mods,,2026-02-12
https://itch.io/c/6965651/laterr,,2026-02-12
https://itch.io/c/6965663/games-i-cant-wait-for,,2026-02-12
https://itch.io/c/6965691/liushengyouxings-collection,,2026-02-12
https://itch.io/c/6965711/tools,,2026-02-12
https://itch.io/c/6965712/-,,2026-02-12
https://itch.io/c/6965721/solo-ttrpgjournalling-games,,2026-02-12
https://itch.io/c/6965768/check-this-out,,2026-02-12
https://itch.io/c/6965821/tz-tzaas-collection,,2026-02-12
https://itch.io/c/6965834/yandere,,2026-02-12
https://itch.io/c/6965855/please-play-me,,2026-02-12
https://itch.io/c/6965870/goats,,2026-02-12
https://itch.io/c/6965888/esucksbads-collection,,2026-02-12
https://itch.io/c/6965898/anal-ysts-collection,,2026-02-12
https://itch.io/c/6965905/2560363857s-collection,,2026-02-12
https://itch.io/c/6966008/gaotangangs-collection,,2026-02-12
https://itch.io/c/6966013/perry-10s-collection,,2026-02-12
https://itch.io/c/6966092/cool-solo-games,,2026-02-12
https://itch.io/c/6966099/done-and-dusted,,2026-02-12
https://itch.io/c/6966107/fonts,,2026-02-12
https://itch.io/c/6966130/greatlyobsesseds-collection,,2026-02-12
https://itch.io/c/6966137/myyy,,2026-02-12
https://itch.io/c/6966144/blender,,2026-02-12
https://itch.io/c/6966179/zelverixs-collection,,2026-02-12
https://itch.io/c/6966205/2d-tiles,,2026-02-12
https://itch.io/c/6966209/visual-novels,,2026-02-12
https://itch.io/c/6966218/no-ice-in-minnesota-collection,,2026-02-12
https://itch.io/c/6966222/sater44s-collection,,2026-02-12
https://itch.io/c/6966233/rpg-makers,,2026-02-12
https://itch.io/c/6966238/gamex,,2026-02-12
https://itch.io/c/6966254/kemmos-amiga-collection,,2026-02-12
https://itch.io/c/6966258/group-based-ttrpgs,,2026-02-12
https://itch.io/c/6966260/crumbedumps-collection,,2026-02-12
https://itch.io/c/6966268/poi5ons-collection,,2026-02-12
https://itch.io/c/6966269/boksieplayzzs-collection,,2026-02-12
https://itch.io/c/6966276/animals,,2026-02-12
https://itch.io/c/6966279/renissleepys-collection,,2026-02-12
https://itch.io/c/6966280/interactive-fics,,2026-02-12
https://itch.io/c/6966306/alices-collection,,2026-02-12
https://itch.io/c/6966332/simulacion,,2026-02-12
https://itch.io/c/6966339/visual-novels3,,2026-02-12
https://itch.io/c/6966342/fat,,2026-02-12
https://itch.io/c/6966361/more-games,,2026-02-12
https://itch.io/c/6966363/sybaba778434s-collection,,2026-02-12
https://itch.io/c/6966377/mothership,,2026-02-12
https://itch.io/c/6966391/louskatchas-collection,,2026-02-12
https://itch.io/c/6966426/android,,2026-02-12
https://itch.io/c/6966437/zuzmoziss-collection,,2026-02-12
https://itch.io/c/6966455/slightlyinanes-collection,,2026-02-12
https://itch.io/c/6966463/stephiefaces-collection,,2026-02-12
https://itch.io/c/6966478/good-games,,2026-02-12
https://itch.io/c/6966480/ttrpgs,,2026-02-12
https://itch.io/c/6966481/digital-culture-awards-2025,,2026-02-12
https://itch.io/c/6966505/amiga-ports,,2026-02-12
https://itch.io/c/6966508/not-yet-played,,2026-02-12
https://itch.io/c/6966517/play-soon,,2026-02-12
https://itch.io/c/6966540/assets-1,,2026-02-12
https://itch.io/c/6966547/pom21111s-collection,,2026-02-12
https://itch.io/c/6966552/max392074s-collection,,2026-02-12
https://itch.io/c/6966555/pom21111s-collection,,2026-02-12
https://itch.io/c/6966598/errorsmiths-collection,,2026-02-12
https://itch.io/c/6966605/batman010101010s-collection,,2026-02-12
https://itch.io/c/6966670/balls,,2026-02-12
https://itch.io/c/6966671/gameboy-advance-indie-backlog,,2026-02-12
https://itch.io/c/6966676/idk,,2026-02-12
https://itch.io/c/6966686/fnaf,,2026-02-12
https://itch.io/c/6966704/new-mon,,2026-02-12
https://itch.io/c/6966715/redfootball10s-collection,,2026-02-12
https://itch.io/c/6966747/bugabxtchs-collection,,2026-02-12
https://itch.io/c/6966752/sae-yeons-collection,,2026-02-12
https://itch.io/c/6966772/w3v1ls-collection,,2026-02-12
https://itch.io/c/6966795/check,,2026-02-12
https://itch.io/c/6966828/game-played-or-will-play,,2026-02-12
https://itch.io/c/6966833/favorites,,2026-02-12
https://itch.io/c/6966834/ixusrds-collection,,2026-02-12
https://itch.io/c/6966835/shipa151s-collection,,2026-02-12
https://itch.io/c/6966844/to-play,,2026-02-12
https://itch.io/c/6966851/ghostbuterss-collection,,2026-02-12
https://itch.io/c/6966852/vampire-ttrpgs,,2026-02-12
https://itch.io/c/6966890/wolfurryowo-the-fat-reguluss-collection,,2026-02-12
https://itch.io/c/6966900/amiga,,2026-02-12
https://itch.io/c/6966917/nvs,,2026-02-12
https://itch.io/c/6966928/londonopoliss-collection,,2026-02-12
https://itch.io/c/6966929/charlie3xo0s-collection,,2026-02-12
https://itch.io/c/6966948/heartsoufies-collection,,2026-02-12
https://itch.io/c/6966962/crazykinklifes-collection,,2026-02-12
https://itch.io/c/6966963/3340565974s-collection,,2026-02-12
https://itch.io/c/6966975/metroidvania,,2026-02-12
https://itch.io/c/6966978/woahhhhhhhs-collection,,2026-02-12
https://itch.io/c/6967031/android,,2026-02-12
https://itch.io/c/6967080/giantess-vore-games,,2026-02-12
https://itch.io/c/6967081/wishlist,,2026-02-12
https://itch.io/c/6967108/gameboy-color-indie-backlog,,2026-02-12
https://itch.io/c/6967116/shako2s-collection,,2026-02-12
https://itch.io/c/6967126/3340565974s-collection,,2026-02-12
https://itch.io/c/6967134/videogames,,2026-02-12
https://itch.io/c/6967135/unsorted-ttrpgs,,2026-02-12
https://itch.io/c/6967148/horror,,2026-02-12
https://itch.io/c/6967152/jobs,,2026-02-12
https://itch.io/c/6967163/2026-2,,2026-02-12
https://itch.io/c/6967199/stasiekbe0408-a11ys-collection,,2026-02-12
https://itch.io/c/6967206/rockierockss-collection,,2026-02-12
https://itch.io/c/6967223/vns,,2026-02-12
https://itch.io/c/6967239/rockierockss-collection,,2026-02-12
https://itch.io/c/6967291/dungeons,,2026-02-12
https://itch.io/c/6967298/unicorn-meow-kitty,,2026-02-12
https://itch.io/c/6967302/gavingaloskys-collection,,2026-02-12
https://itch.io/c/6967307/gavingaloskys-collection,,2026-02-12
https://itch.io/c/6967326/avns,,2026-02-12
https://itch.io/c/6967348/soon,,2026-02-12
https://itch.io/c/6967352/yonkomxs-collection,,2026-02-12
https://itch.io/c/6967356/download,,2026-02-12
https://itch.io/c/6967367/deadvillains-collection,,2026-02-12
https://itch.io/c/6967394/ttrpg-bangers,,2026-02-12
https://itch.io/c/6967401/toncisucos-collection,,2026-02-12
https://itch.io/c/6967405/browser-games,,2026-02-12
https://itch.io/c/6967423/featuring-voltz-supreme,,2026-02-12
https://itch.io/c/6967438/pc,,2026-02-12
https://itch.io/c/6967461/kian-j2216s-collection,,2026-02-12
https://itch.io/c/6967501/comics,,2026-02-12
https://itch.io/c/6967510/cherry18s-collection,,2026-02-12
https://itch.io/c/6967551/to-play-2,,2026-02-12
https://itch.io/c/6967566/to-download,,2026-02-12
https://itch.io/c/6967584/played,,2026-02-12
https://itch.io/c/6967585/caza,,2026-02-12
https://itch.io/c/6967586/chkinbut,,2026-02-12
https://itch.io/c/6967588/started-to-play,,2026-02-12
https://itch.io/c/6967596/redfootball10s-collection,,2026-02-12
https://itch.io/c/6967602/good-from-ice-collection,,2026-02-12
https://itch.io/c/6967611/bitsetera,,2026-02-12
https://itch.io/c/6967615/minmin-meoows-collection,,2026-02-12
https://itch.io/c/6967628/sozzy908s-collection,,2026-02-12
https://itch.io/c/6967630/yio,,2026-02-12
https://itch.io/c/6967641/cy-collection,,2026-02-12
https://itch.io/c/6967668/solo-games,,2026-02-12
https://itch.io/c/6967702/backlog,,2026-02-12
https://itch.io/c/6967739/dmigliores-collection,,2026-02-12
https://itch.io/c/6967740/uhhdds-jns-collection,,2026-02-12
https://itch.io/c/6967741/vr,,2026-02-12
https://itch.io/c/6967746/dmigliores-collection,,2026-02-12
https://itch.io/c/6967748/daiduongpros-collection,,2026-02-12
https://itch.io/c/6967751/splugasantiago394-svgs-collection,,2026-02-12
https://itch.io/c/6967760/wjzbjzzjzjzs-collection,,2026-02-12
https://itch.io/c/6967763/filthycasual04s-collection,,2026-02-12
https://itch.io/c/6967789/winnie29s-collection,,2026-02-12
https://itch.io/c/6967797/c64-indies,,2026-02-12
https://itch.io/c/6967815/bigpap69s-collection,,2026-02-12
https://itch.io/c/6967817/ttrpgs-to-try,,2026-02-12
https://itch.io/c/6967819/finished,,2026-02-12
https://itch.io/c/6967862/bangers,,2026-02-12
https://itch.io/c/6967865/refcdkszs-collection,,2026-02-12
https://itch.io/c/6967882/jjthejetplas-collection,,2026-02-12
https://itch.io/c/6967891/no-ice,,2026-02-12
https://itch.io/c/6967929/homixidehotlines-collection,,2026-02-12
https://itch.io/c/6967930/to-be-played,,2026-02-12
https://itch.io/c/6967956/kingfish69s-collection,,2026-02-12
https://itch.io/c/6967990/scary,,2026-02-12
https://itch.io/c/6968008/noxispans-collection,,2026-02-12
https://itch.io/c/6968038/trans-shi,,2026-02-12
https://itch.io/c/6968043/wsd-c,,2026-02-12
https://itch.io/c/6968049/lesafos-collection,,2026-02-12
https://itch.io/c/6968055/para-jugar,,2026-02-12
https://itch.io/c/6968095/solo-rpgs,,2026-02-12
https://itch.io/c/6968096/elchapo001s-collection,,2026-02-12
https://itch.io/c/6968102/normal-games,,2026-02-12
https://itch.io/c/6968109/goon,,2026-02-12
https://itch.io/c/6968110/retarded-games,,2026-02-12
https://itch.io/c/6968111/simpleverys-collection,,2026-02-12
https://itch.io/c/6968114/zdtjsrfyjksry,,2026-02-12
https://itch.io/c/6968134/f0rmless0nes-collection,,2026-02-12
https://itch.io/c/6968136/ttrpg-resources,,2026-02-12
https://itch.io/c/6968171/creativecat1313s-collection,,2026-02-12
https://itch.io/c/6968186/tylerisdyings-collection,,2026-02-12
https://itch.io/c/6968193/harriet-wongs-collection,,2026-02-12
https://itch.io/c/6968196/duet-ttrpgs,,2026-02-12
https://itch.io/c/6968200/needto,,2026-02-12
https://itch.io/c/6968205/coontrass-collection,,2026-02-12
https://itch.io/c/6968210/raixnns-collection,,2026-02-12
https://itch.io/c/6968212/good-games-ig,,2026-02-12
https://itch.io/c/6968228/onim8s-collection,,2026-02-12
https://itch.io/c/6968229/visuals,,2026-02-12
https://itch.io/c/6968230/smokings-foxhole-experience,,2026-02-12
https://itch.io/c/6968235/3099849426qqcoms-collection,,2026-02-12
https://itch.io/c/6968237/coontrass-collection,,2026-02-12
https://itch.io/c/6968246/creativecat1313s-collection,,2026-02-12
https://itch.io/c/6968260/gdevelop,,2026-02-12
https://itch.io/c/6968276/free,,2026-02-12
https://itch.io/c/6968282/sknfsds-collection,,2026-02-12
https://itch.io/c/6968323/eclicwzees-collection,,2026-02-12
https://itch.io/c/6968334/xtoskas-collection,,2026-02-12
https://itch.io/c/6968352/to-check-out,,2026-02-12
https://itch.io/c/6968353/-,,2026-02-12
https://itch.io/c/6968372/xtoskas-collection,,2026-02-12
https://itch.io/c/6968388/cool-games,,2026-02-12
https://itch.io/c/6968400/no-ice-game-highlights,,2026-02-12
https://itch.io/c/6968412/darknight2909s-collection,,2026-02-12
https://itch.io/c/6968420/no-ice-mn-ttrpg-highlights,,2026-02-12
https://itch.io/c/6968438/ttrpg,,2026-02-12
https://itch.io/c/6968441/loving-it,,2026-02-12
https://itch.io/c/6968466/no-ice-in-minnesota,,2026-02-12
https://itch.io/c/6968499/xerphers-collection,,2026-02-12
https://itch.io/c/6968503/fusezs-collection,,2026-02-12
https://itch.io/c/6968528/feb26,,2026-02-12
https://itch.io/c/6968548/zaynes-collection,,2026-02-12
https://itch.io/c/6968550/livlaughluvkxms-collection,,2026-02-12
https://itch.io/c/6968551/favs,,2026-02-12
https://itch.io/c/6968553/kstarzs-collection,,2026-02-12
https://itch.io/c/6968565/resident-evilmetroidvania,,2026-02-12
https://itch.io/c/6968572/aozoradestinys-collection,,2026-02-12
https://itch.io/c/6968579/lace-and-scalpels-collection,,2026-02-12
https://itch.io/c/6968609/los-voy-a-jugar,,2026-02-12
https://itch.io/c/6968622/lethalxxxs-collection,,2026-02-12
https://itch.io/c/6968629/eawss-collection,,2026-02-12
https://itch.io/c/6968634/0newingedange1s-collection,,2026-02-12
https://itch.io/c/6968661/psx,,2026-02-12
https://itch.io/c/6968678,,2026-02-12
https://itch.io/c/6968679/touhou,,2026-02-12
https://itch.io/c/6968687/greepedens-collection,,2026-02-12
https://itch.io/c/6968708/following-favorites,,2026-02-12
https://itch.io/c/6968712/3340565974s-collection,,2026-02-12
https://itch.io/c/6968717/frogz,,2026-02-12
https://itch.io/c/6968722/mythicaldawns-collection,,2026-02-12
https://itch.io/c/6968732/rpg,,2026-02-12
https://itch.io/c/6968737/24celsods-collection,,2026-02-12
https://itch.io/c/6968739/backroomss-bs,,2026-02-12
https://itch.io/c/6968741/solo-journaling-games,,2026-02-12
https://itch.io/c/6968747/simonocless-collection,,2026-02-12
https://itch.io/c/6968755/sean-semos-collection,,2026-02-12
https://itch.io/c/6968771/comicz,,2026-02-12
https://itch.io/c/6968774/dimentias-collection,,2026-02-12
https://itch.io/c/6968782/saunagnomes-collection,,2026-02-12
https://itch.io/c/6968784/foxhole,,2026-02-12
https://itch.io/c/6968798/to-play,,2026-02-12
https://itch.io/c/6968801/whp23004s-collection,,2026-02-12
https://itch.io/c/6968803/horor-game,,2026-02-12
https://itch.io/c/6968817/oh-woah-i-love-these,,2026-02-12
https://itch.io/c/6968821/browser-games,,2026-02-12
https://itch.io/c/6968827/no-ice-in-minnesota,,2026-02-12
https://itch.io/c/6968863/aseprite-addons,,2026-02-12
https://itch.io/c/6968865/itchio1011s-collection,,2026-02-12
https://itch.io/c/6968874/kloto82s-collection,,2026-02-12
https://itch.io/c/6968902/echojiang111-osss-collection,,2026-02-12
https://itch.io/c/6968908/xxxpro-gamerxxxs-collection,,2026-02-12
https://itch.io/c/6968913/rasul9501s-collection,,2026-02-12
https://itch.io/c/6968922/heartakes-collection,,2026-02-12
https://itch.io/c/6968930/echojiang111-osss-collection,,2026-02-12
https://itch.io/c/6968931/games,,2026-02-12
https://itch.io/c/6968932/wujiguang1s-collection,,2026-02-12
https://itch.io/c/6968933/to-play-list,,2026-02-12
https://itch.io/c/6968943/rasul9501s-collection,,2026-02-12
https://itch.io/c/6968960/lugees-collection,,2026-02-12
https://itch.io/c/6968968/bigdaveeeeeeees-collection,,2026-02-12
https://itch.io/c/6968972/token-humans-collection,,2026-02-12
https://itch.io/c/6968992/hey-i-wanna-play-this,,2026-02-12
https://itch.io/c/6968997/kookiie88s-collection,,2026-02-12
https://itch.io/c/6969006/to-play-later-or-favs,,2026-02-12
https://itch.io/c/6969013/retro-dev-tools,,2026-02-12
https://itch.io/c/6969037/z304941425s-collection,,2026-02-12
https://itch.io/c/6969047/need-to-play,,2026-02-12
https://itch.io/c/6969071/valentines-lovey-dovey-games,,2026-02-12
https://itch.io/c/6969089/18,,2026-02-12
https://itch.io/c/6969114/play-with-nikol,,2026-02-12
https://itch.io/c/6969115/real-psx-games-collection,,2026-02-12
https://itch.io/c/6969117/dating-sims,,2026-02-12
https://itch.io/c/6969123/no-ice-in-minesotta,,2026-02-12
https://itch.io/c/6969167/gfdgdks-collection,,2026-02-12
https://itch.io/c/6969171/fengshenyas-collection,,2026-02-12
https://itch.io/c/6969172/2,,2026-02-12
https://itch.io/c/6969174/novelas,,2026-02-12
https://itch.io/c/6969184/will-play-3,,2026-02-12
https://itch.io/c/6969185/games-to-try,,2026-02-12
https://itch.io/c/6969202/fenrir-ragnaroks-collection,,2026-02-12
https://itch.io/c/6969205/alice-2024s-collection,,2026-02-12
https://itch.io/c/6969206/alice-2024s-collection,,2026-02-12
https://itch.io/c/6969215/game-1-ws,,2026-02-12
https://itch.io/c/6969233/zipp-starzs-collection,,2026-02-12
https://itch.io/c/6969306/terror,,2026-02-12
https://itch.io/c/6969311/no-ice,,2026-02-12
https://itch.io/c/394702/ajkline05s-collection,,2026-02-12
https://itch.io/c/551615/horror-game,,2026-02-12
https://itch.io/c/675061/platform,,2026-02-12
https://itch.io/c/701418/soundwave13s-collection,,2026-02-12
https://itch.io/c/872651/sinnias-collection,,2026-02-12
https://itch.io/c/874640/superkalels-collection,,2026-02-12
https://itch.io/c/916894/rpg,,2026-02-12
https://itch.io/c/1052589/randomravenarts-collection,,2026-02-12
https://itch.io/c/1092227/powerdragos-collection,,2026-02-12
https://itch.io/c/1100388/vnsstory-driven,,2026-02-12
https://itch.io/c/1363499/novel,,2026-02-12
https://itch.io/c/1523939/killer-queen-bitess-collection,,2026-02-12
https://itch.io/c/1527176/bdsm,,2026-02-12
https://itch.io/c/1601331/slippyjcs-collection,,2026-02-12
https://itch.io/c/2039489/pixel,,2026-02-12
https://itch.io/c/2071812/-,,2026-02-12
https://itch.io/c/2371838/to-play,,2026-02-12
https://itch.io/c/2373063/also-owned-steam,,2026-02-12
https://itch.io/c/2483488/games-made-with-my-sister-jellicube,,2026-02-12
https://itch.io/c/2548093/frextrafuls-collection,,2026-02-12
https://itch.io/c/2738279/story,,2026-02-12
https://itch.io/c/2749576/craft-survivalsimulation,,2026-02-12
https://itch.io/c/2777604/gamejam-jeux-cr-en-48h,,2026-02-12
https://itch.io/c/2944895/ilorin-litheroids-collection,,2026-02-12
https://itch.io/c/3070994/drt22s-collection,,2026-02-12
https://itch.io/c/3170797/rpg-y-tal-1,,2026-02-12
https://itch.io/c/3198988/gilgamesh1s-collection,,2026-02-12
https://itch.io/c/3206646/visual-novel,,2026-02-12
https://itch.io/c/3321843/sethpowers-collection,,2026-02-12
https://itch.io/t/5872881/games-heaven-a-another-option-to-promote-you-game,,2026-02-12
https://itch.io/t/5913327/the-charred-man-release,,2026-02-12
https://itch.io/t/5913460/2d-artist-pixel-art-looking-for-work,,2026-02-12
https://itch.io/t/5913550/tired-of-the-no-experience-no-job-loop,,2026-02-12
https://itch.io/t/5913591/freelance-artist-looking-for-commissions,,2026-02-12
https://itch.io/t/5913607/a-yakuza-3-stacking-fangame-kiwami-resurrection,,2026-02-12
https://itch.io/t/5913620/commissions-open-character-creature-illustration,,2026-02-12
https://itch.io/t/5913771/tool-for-monster-builder-assets-and-more-pixel-art-creator,,2026-02-12
https://itch.io/t/5913795/release-sakurasprites-vol1-vol2-high-res-anime-backgrounds-for-visual-novels-,,2026-02-12
https://itch.io/t/5914147/voice-acting-seeking-malefemale-voice-actors-for-10-min-military-animation,,2026-02-12
https://itch.io/t/5914756/artuxuiwebdesign-were-building-party-games-where-phones-are-controllers-looking-for-a-designer-junior-or-senior,,2026-02-12
https://itch.io/t/5914773/how-to-walk-with-a-gorilla-full-release-done-today,,2026-02-12
https://itch.io/t/5914903/retro-ui,,2026-02-12
https://itch.io/t/5914927/lfpseniorgame-developerlooking-for-new-opportunity-as-a-gameweb-developer,,2026-02-12
https://itch.io/t/5915121/kandl-a-roguelite-where-you-trade-stocks-dodge-crashes-and-get-fired,,2026-02-12
https://itch.io/t/5915197/geometry-dash-beta-edition,,2026-02-12
https://itch.io/t/5915236/custom-music-mod-for-stardew-valley,,2026-02-12
https://itch.io/t/5915285/pixelwise-a-pixel-art-and-dithering-tool-for-mac-os-released,,2026-02-12
https://itch.io/t/5915369/composer-composer-looking-for-jobproject-3,,2026-02-12
https://itch.io/t/5915397/looking-for-artist-isometric-sprites,,2026-02-12
https://itch.io/t/5915457/lfp-3d-artist-mayablendersubstanceue5-vfxui-free-paid-looking-for-a-project-team-to-join,,2026-02-12
https://itch.io/t/5915721/kingdom-come-raid-a-tactical-action-rpg-with-40-units-and-3-different-story-campaigns,,2026-02-12
https://itch.io/t/5915760/2d-artist-artist-with-some-fee-time-looking-to-work-on-small-projects,,2026-02-12
https://itch.io/t/5915815/lfp-music-unpaid-hey-im-a-music-producer-looking-to-do-some-work,,2026-02-12
https://itch.io/t/5915842/stackfolk-v110-recipeui-improvements-step-by-step-tutorial,,2026-02-12
https://itch.io/t/5916097/low-poly-2j-suprex,,2026-02-12
https://itch.io/t/5916124/itch-app-v2660-butler-updates,,2026-02-12
https://itch.io/t/5916239/looking-for-playtester-before-steam-release-welcome-to-bloomroot,,2026-02-12
https://itch.io/t/5916262/translator-offering-free-translation-services,,2026-02-12
https://itch.io/t/5916350/my-html5-game-refuse-to-be-embedded-in-the-itchio-page-2,,2026-02-12
https://itch.io/t/5916423/octane100-demo-v153d,,2026-02-12
https://itch.io/t/5916559/clog-a-solo-low-poly-atmospheric-exploration-game-wip,,2026-02-12
https://itch.io/t/5916570/crankwords-a-daily-word-game-for-playdate,,2026-02-12
https://itch.io/t/5916644/sonic-al-zx-spectrum-basic,,2026-02-12
https://itch.io/t/5916767/unity-lfs-unpaid-looking-for-someone-to-collab-with,,2026-02-12
https://itch.io/t/5916825/2d-artist-looking-to-work-on-visual-novel-projects,,2026-02-12
https://itch.io/t/5916917/2d-character-artist-for-darkest-dungeon-type-game,,2026-02-12
https://itch.io/t/5917008/navpoint-beta,,2026-02-12
https://itch.io/t/5917162/2d-animator-paid-looking-for-animators,,2026-02-12
https://itch.io/t/5917165/-an-update-on-hotdog-killer-and-where-ive-been,,2026-02-12
https://itch.io/t/5917180/shrooms-bloom-idle-a-never-ending-game,,2026-02-12
https://itch.io/t/5917184/the-gurbee-rex-empire-has-launched,,2026-02-12
https://itch.io/t/5917189/pirate-adventure,,2026-02-12
https://itch.io/t/5917324/gravity-by-trip-toys-studio,,2026-02-12
https://itch.io/t/5917374/now-hiring-for-gameplay-and-graphics-five-nights-at-sbastiens,,2026-02-12
https://itch.io/t/5917508/2d-art-lfp-unpaidpaid-looking-for-smaller-scale-2d-project-to-provide-some-artworks-for,,2026-02-12
https://itch.io/t/5917554/randomly-gets-stuck-in-cloudflare-verification-loop-on-some-pages,,2026-02-12
https://itch.io/t/5917781/final-catalyst-release,,2026-02-12
https://itch.io/t/5917848/my-music-is-for-you,,2026-02-12
https://itch.io/t/5917850/experienced-music-composer-sound-designer,,2026-02-12
https://itch.io/t/5917851/unrealprogrammer-developer-with-some-free-time-looking-for-a-team,,2026-02-12
https://itch.io/t/5918069/meta-morphosis-ai-slop-inspired-by-kafka,,2026-02-12
https://itch.io/t/5918084/deploy-your-game-on-an-arcade-370-in-prizes,,2026-02-12
https://itch.io/t/5918211/a-speculative-flash-fiction-story-about-ritual-silence-and-choosing-yourself,,2026-02-12
https://itch.io/t/5918302/lfp-2d-artist-pixel-non-pixel-animation-looking-to-collaborate,,2026-02-12
https://itch.io/t/5918311/-ark-domino-storm,,2026-02-12
https://itch.io/t/5918341/game-not-appearing-in-search-after-7-days-only-devlog-appears,,2026-02-12
https://itch.io/t/5918766/add-max-line-width-for-bundle-and-jam-entry-texts-on-project-pages,,2026-02-12
https://itch.io/t/5918807/need-help-using-limezu-tilesets-in-rpg-maker-mv,,2026-02-12
https://itch.io/t/5918808/game-jam-calander,,2026-02-12
https://itch.io/t/5918909/couples-lustbound,,2026-02-12
https://itch.io/t/5919205/hacker-simulation-breach-protocol-game,,2026-02-12
https://itch.io/t/5919245/awaiting-moderator-approval-ticket-id-343222,,2026-02-12
https://itch.io/t/5919262/ive-just-released-a-demo-of-my-cozy-adventure-platformer-mission-cucumber,,2026-02-12
https://itch.io/t/5919339/lfp-jpen-cn-localizationtranslator-seeking-projects-,,2026-02-12
https://itch.io/t/5919562/launch-the-capybara-a-nostalgic-yeti-sports-clone,,2026-02-12
https://itch.io/t/5919683/winter-update-2026-new-chapter-for-low-poly-nature-project,,2026-02-12
https://itch.io/t/5919963/the-charred-man-release,,2026-02-12
https://itch.io/t/5920135/new-release-tavern-nights-atmospheres-20-ambient-loops,,2026-02-12
https://octaviacars.itch.io/blob-runner,,2026-02-12
https://chesterdev.itch.io/cores-do-infinito,,2026-02-12
https://sphere-lab.itch.io/tricky-ball,,2026-02-12
https://chesterdev.itch.io/fatiador,,2026-02-12
https://amneziak.itch.io/the-loop,,2026-02-12
https://kamumu.itch.io/kiss-me-please,,2026-02-12
https://kamumu.itch.io/i-love-mew-too,,2026-02-12
https://kamumu.itch.io/yes-please,,2026-02-12
https://kamumu.itch.io/concert-court,,2026-02-12
https://amneziak.itch.io/five-nights-with-floppa,,2026-02-12
https://amneziak.itch.io/five-nights-with-floppa-2,,2026-02-12
https://cinema-lumiron.itch.io/lustoria,,2026-02-12
https://jupiter-sc.itch.io/fable-race,,2026-02-12
https://jupiter-sc.itch.io/cultist-cultivar,,2026-02-12
https://chesterdev.itch.io/ortus,,2026-02-12
https://chesterdev.itch.io/piviguim,,2026-02-12
https://underscoreturt.itch.io/pandemic-simulation-sir-model,,2026-02-12
https://retromushy.itch.io/growth,,2026-02-12
https://glitched-json.itch.io/unfair-kaizo,,2026-02-12
https://glitched-json.itch.io/stellarium-charting,,2026-02-12
https://glitched-json.itch.io/glitched-cook,,2026-02-12
https://sphere-lab.itch.io/boring-showcase,,2026-02-12
https://sphere-lab.itch.io/egg-goes,,2026-02-12
https://chesterdev.itch.io/retrouse,,2026-02-12
https://kamumu.itch.io/carnival-crossroads,,2026-02-12
https://amneziak.itch.io/dont-get-caught,,2026-02-12
https://retromushy.itch.io/mind-trap,,2026-02-12
https://retromushy.itch.io/cherry-blossom-brawler,,2026-02-12
https://sofiabrocardo.itch.io/bug-gato,,2026-02-12
https://amneziak.itch.io/five-nights-at-tally-hall,,2026-02-12
https://amneziak.itch.io/ld-mario-maker,,2026-02-12
https://sphere-lab.itch.io/goofy-mod,,2026-02-12
https://amneziak.itch.io/dont-get-caught-2,,2026-02-12
https://retromushy.itch.io/lost-in-the-workshop,,2026-02-12
https://glitched-json.itch.io/dish-away,,2026-02-12
https://extasy-games.itch.io/shattered-minds,,2026-02-12
https://iwansherlock.itch.io/retroshift,,2026-02-12
https://retromushy.itch.io/lots-otoads,,2026-02-12
https://chesterdev.itch.io/escape-the-labyrinth-power-point,,2026-02-12
https://amneziak.itch.io/convenience-store-terrors,,2026-02-12
https://chesterhuang.itch.io/king-of-the-pills,,2026-02-12
https://burgdude.itch.io/off-the-way,,2026-02-12
https://chesterdev.itch.io/bit-tower,,2026-02-12
https://glitched-json.itch.io/mind-games,,2026-02-12
https://glitched-json.itch.io/gardener,,2026-02-12
https://glitched-json.itch.io/candy-wars,,2026-02-12
https://glitched-json.itch.io/the-code-breaker,,2026-02-12
https://glitched-json.itch.io/sinlessgenocide,,2026-02-12
https://glitched-json.itch.io/coraline-button-eyes,,2026-02-12
https://amneziak.itch.io/one-night-at-pisca-pisca,,2026-02-12
https://retromushy.itch.io/cursed-light-a-ritual-of-madness,,2026-02-12
https://sbokdevgr.itch.io/escapeordeath,,2026-02-12
https://chesterhuang.itch.io/commando-granny,,2026-02-12
https://jupiter-sc.itch.io/croaky-climber,,2026-02-12
https://emmarosebomar.itch.io/stay-tuned,,2026-02-12
https://ronblue.itch.io/mentally-ill,,2026-02-12
https://kitdakatdev.itch.io/piko-parkour,,2026-02-12
https://gian-luca-burtoli.itch.io/space-warrior,,2026-02-12
https://amanagames.itch.io/csexe,,2026-02-12
https://ronblue.itch.io/the-lost-art-of-programming,,2026-02-12
https://hornymelon.itch.io/lotsofsocks-sock-sorter,,2026-02-12
https://burgdude.itch.io/bouncy-boy-project,,2026-02-12
https://enzords.itch.io/f-e-a-r,,2026-02-12
https://chesterdev.itch.io/goodnight-sokoban,,2026-02-12
https://tauherzgamestudio.itch.io/hellscaper-the-devilish-tower,,2026-02-12
https://glitched-json.itch.io/by-fates-design,,2026-02-12
https://tarotdabun.itch.io/mimicry-2d-game,,2026-02-12
https://dream-junk-games.itch.io/space-gunny,,2026-02-12
https://dream-junk-games.itch.io/space-gunny-demo,,2026-02-12
https://jupiter-sc.itch.io/bfb-on-the-go,,2026-02-12
https://goonergamez.itch.io/wicked-maidens,,2026-02-12
https://ajackthegreater1.itch.io/night-at-the-fulfillment-center,,2026-02-12
https://niqxel.itch.io/gentlecraving,,2026-02-12
https://ibaadm.itch.io/snakesmacker,,2026-02-12
https://aspirations-pit.itch.io/twamg,,2026-02-12
https://dream-junk-games.itch.io/monsterburg0,,2026-02-12
https://gamedev-mel.itch.io/space-seeker,,2026-02-12
https://gr8earlofhell.itch.io/peaches,,2026-02-12
https://jupiter-sc.itch.io/bleak-friday,,2026-02-12
https://lykokoa.itch.io/proyecto-llavero,,2026-02-12
https://iipyxisii.itch.io/testing,,2026-02-12
https://wemeh.itch.io/garden-paradise,,2026-02-12
https://retromushy.itch.io/kitty-resort,,2026-02-12
https://gian-luca-burtoli.itch.io/test-game,,2026-02-12
https://causette-crew.itch.io/musclemania,,2026-02-12
https://redux-games.itch.io/fear-mansion-escape,,2026-02-12
https://redux-games.itch.io/resident-evil-2-remake-by-unity,,2026-02-12
https://redux-games.itch.io/escape-for-skuf,,2026-02-12
https://redux-games.itch.io/simulator-sit-toilet,,2026-02-12
https://luck-dev.itch.io/run-outside,,2026-02-12
https://hornymelon.itch.io/mitsues-expanding-hangman-class,,2026-02-12
https://nekofatal.itch.io/friday-night-funkin-soda-nine-sides-demo,,2026-02-12
https://lootcombat.itch.io/craft-gem,,2026-02-12
https://chesterhuang.itch.io/the-contractors,,2026-02-12
https://luck-dev.itch.io/10-pixelatedpowerballeffectsvol1,,2026-02-12
https://redux-games.itch.io/the-shadow-of-the-ruined,,2026-02-12
https://lootcombat.itch.io/atmospheric-sacred-chill-music-pack,,2026-02-12
https://mgmamac.itch.io/game-of-the-generals,,2026-02-12
https://redux-games.itch.io/dimension-x,,2026-02-12
https://nekofatal.itch.io/corruption-remixed-soda-1-vs-miku,,2026-02-12
https://nekofatal.itch.io/friday-night-funkin-remixed-soda-1-what,,2026-02-12
https://aislinsilvers.itch.io/duck-duck-go-year-2-semester-1,,2026-02-12
https://redux-games.itch.io/ozon-simulator,,2026-02-12
https://3r1s-s.itch.io/smashing-bros,,2026-02-12
https://dream-junk-games.itch.io/sausaged,,2026-02-12
https://tiburonsin-studios.itch.io/invasion-z-mobile,,2026-02-12
https://hadcl4.itch.io/kcraid,,2026-02-12
https://easy-h.itch.io/the-sixth-legend,,2026-02-12
https://sunnigen.itch.io/sacred-charge,,2026-02-12
https://retromushy.itch.io/do-not-open-the-back-door,,2026-02-12
https://cadaver-shop-games.itch.io/rotting-in-poison,,2026-02-12
https://m0r1ginz.itch.io/asfar,,2026-02-12
https://crosano.itch.io/crosan-game,,2026-02-12
https://osamhalsharekh.itch.io/layla-and-the-wolf,,2026-02-12
https://cadaver-shop-games.itch.io/sifu-kuplinov-play,,2026-02-12
https://overk-is-here.itch.io/junkworld-reborn,,2026-02-12
https://david-kay.itch.io/tamara,,2026-02-12
https://huindie.itch.io/punch-forever,,2026-02-12
https://mgdz18.itch.io/pato-da-la-vida,,2026-02-12
https://jaroslavdobisz.itch.io/slime-overload,,2026-02-12
https://abdou-24.itch.io/survive-the-horde,,2026-02-12
https://cadaver-shop-games.itch.io/glek-maker-3d,,2026-02-12
https://cadaver-shop-games.itch.io/old-man-valera,,2026-02-12
https://digow.itch.io/chilldrive,,2026-02-12
https://jtrnb.itch.io/lost-singer,,2026-02-12
https://cadaver-shop-games.itch.io/glek-taxi,,2026-02-12
https://carolinemoe.itch.io/space-haze,,2026-02-12
https://flpy.itch.io/ad-infinitum,,2026-02-12
https://pebetom.itch.io/flowericks-revenge,,2026-02-12
https://timehasspun.itch.io/punch-zephyrus-for-no-reason,,2026-02-12
https://glitched-json.itch.io/multi-translator,,2026-02-12
https://glitched-json.itch.io/meta-labyrinthexe,,2026-02-12
https://glitched-json.itch.io/stellar-mission,,2026-02-12
https://glitched-json.itch.io/materialized-tricks,,2026-02-12
https://cosmeen.itch.io/tutzi,,2026-02-12
https://isicle-from-big-scary.itch.io/y,,2026-02-12
https://frodelius.itch.io/extraquest,,2026-02-12
https://baksel22.itch.io/fantasy,,2026-02-12
https://massive-fucking-loser.itch.io/jet-set-radio-full-soundtrack,,2026-02-12
https://samsteindt.itch.io/green-monster-bar-demo,,2026-02-12
https://dgsoftware.itch.io/reversi-2-dash-4,,2026-02-12
https://timehasspun.itch.io/sorry-oren,,2026-02-12
https://gian-luca-burtoli.itch.io/the-adventures-of-jump-guy,,2026-02-12
https://exxxxxxxxk.itch.io/a-bird-that-mistook-a-street-lamp-for-the-sun,,2026-02-12
https://manrouss.itch.io/burger-space,,2026-02-12
https://alberto-jamr.itch.io/street-fight-3d,,2026-02-12
https://krone128.itch.io/autostones,,2026-02-12
https://warnodeinteractve.itch.io/battle-of-dots-the-last-stand,,2026-02-12
https://minimetro-modder.itch.io/timioara-map-mini-metro,,2026-02-12
https://xenothatboi.itch.io/sprunki-misfitmix-d,,2026-02-12
https://alberto-jamr.itch.io/kill-zom,,2026-02-12
https://blinchikxx.itch.io/fallingfruits,,2026-02-12
https://profiprodutionsitch.itch.io/sprunki-repainted-ok,,2026-02-12
https://cressalina.itch.io/holy-intentions,,2026-02-12
https://riflemanxm8.itch.io/ba1,,2026-02-12
https://franticfrenzygames.itch.io/welcometobloomroot,,2026-02-12
https://sean-games.itch.io/one-shot,,2026-02-12
https://causette-crew.itch.io/panda-750-cog-revolt,,2026-02-12
https://retromushy.itch.io/eve,,2026-02-12
https://kittythedev.itch.io/project-him-40,,2026-02-12
https://timehasspun.itch.io/gerard-sad,,2026-02-12
https://usamano.itch.io/space-race-demo,,2026-02-12
https://dream-junk-games.itch.io/poolduck,,2026-02-12
https://minifangs.itch.io/nebula,,2026-02-12
https://hellothere95171.itch.io/super-fight-v-00,,2026-02-12
https://mgelabs.itch.io/footstep-system,,2026-02-12
https://um-desenvolvedor1.itch.io/patricks-butcher-shop,,2026-02-12
https://asillysprunkimodder42.itch.io/sprunki-but-ungore,,2026-02-12
https://theofficialssebs.itch.io/dank-nooner-poc,,2026-02-12
https://ultrazavk1.itch.io/remained-creations,,2026-02-12
https://prossum.itch.io/weens-beans,,2026-02-12
https://bangergames.itch.io/dont-bring-a-knife-to-a-gunfight,,2026-02-12
https://bellacantt.itch.io/fears-of-fable,,2026-02-12
https://jajoman.itch.io/spooky-scary-maze,,2026-02-12
https://ifthenelse-interactive.itch.io/martian-aristocracy-deya,,2026-02-12
https://ifthenelse-interactive.itch.io/martian-aristocracy-deya-portraits,,2026-02-12
https://suddev-studio.itch.io/litrasie,,2026-02-12
https://noaaaaaaah.itch.io/discolaser,,2026-02-12
https://elterrible11111.itch.io/chefs-kiss-pizza-tower-mod-not-xdelta,,2026-02-12
https://dragondoe.itch.io/through-caroles-journal,,2026-02-12
https://snowy-vr-123.itch.io/mc-vr-in-scratch,,2026-02-12
https://minimetro-modder.itch.io/athens-map-mini-metro,,2026-02-12
https://echonoahh.itch.io/my-dear-friend,,2026-02-12
https://dddiamonddog666777.itch.io/wanmeigame,,2026-02-12
https://chemistryx.itch.io/chemistryx-resintetizado,,2026-02-12
https://sofiabrocardo.itch.io/bajo-el-unzue,,2026-02-12
https://cyberiongames.itch.io/fortune-4k-poland,,2026-02-12
https://justinmakesgamesio.itch.io/buzzkill,,2026-02-12
https://aligned-games.itch.io/realistic-beachfront-nature-island-1-asset-package,,2026-02-12
https://goodfaithgames.itch.io/godoty,,2026-02-12
https://nicthethicc.itch.io/excremental-game-legassy,,2026-02-12
https://alexkingy.itch.io/spellsword,,2026-02-12
https://minimetro-modder.itch.io/ulaanbaatar-map-mini-metro,,2026-02-12
https://simongade.itch.io/tucdg,,2026-02-12
https://xgenerativeproductionsunc.itch.io/switchos,,2026-02-12
https://thewitchofart.itch.io/till-death-do-us-part,,2026-02-12
https://fonger1.itch.io/box-bot-10,,2026-02-12
https://elvgames.itch.io/pixel-evomonsters-pack-16,,2026-02-12
https://inkolor.itch.io/inkremental,,2026-02-12
https://gentesinhogar.itch.io/gsh-the-game,,2026-02-12
https://ravenrhythm.itch.io/raven-rhythm,,2026-02-12
https://saxmd.itch.io/the-last-day-in-the-office,,2026-02-12
https://middlepattern.itch.io/colleccct,,2026-02-12
https://abra-geroni.itch.io/goth-chapter-2part-2,,2026-02-12
https://mr-epic-face.itch.io/uccg,,2026-02-12
https://cgbylg.itch.io/kill-cast,,2026-02-12
https://hzinhodevyt.itch.io/my-ribbons-story-mode,,2026-02-12
https://beroshima.itch.io/janine-web,,2026-02-12
https://foxfirefive.itch.io/component-designer-redux,,2026-02-12
https://splarg.itch.io/wordstrata,,2026-02-12
https://unmboxgames.itch.io/shadows-of-the-circuit,,2026-02-12
https://brianjameschapman.itch.io/lifting-up-a-rock-simulator,,2026-02-12
https://2wheelerdev.itch.io/hamsteria,,2026-02-12
https://brianjameschapman.itch.io/rhyme-theory,,2026-02-12
https://brianjameschapman.itch.io/rhyming-number-theory-audio,,2026-02-12
https://brianjameschapman.itch.io/rhyming-number-dot-generator,,2026-02-12
https://brianjameschapman.itch.io/parallax-a-prime-number-shooter-by-brian-chapman,,2026-02-12
https://alpex-studio.itch.io/flux,,2026-02-12
https://ellieta57.itch.io/gacha-realms-gl2-mod,,2026-02-12
https://swos21z.itch.io/cm9826,,2026-02-12
https://brianjameschapman.itch.io/chapman-isomorph,,2026-02-12
https://minimetro-modder.itch.io/nurenberg-map-mini-metro,,2026-02-12
https://brianjameschapman.itch.io/paeton-ping-adaptive-gpu-particle-probe-webgpu,,2026-02-12
https://grimygraphix.itch.io/trashville,,2026-02-12
https://fromrusttildawn.itch.io/survive,,2026-02-12
https://northbeachstudio.itch.io/reinvaders,,2026-02-12
https://unmboxgames.itch.io/echo-chain,,2026-02-12
https://brianjameschapman.itch.io/paeton,,2026-02-12
https://brianjameschapman.itch.io/prime-number-particle-field,,2026-02-12
https://brianjameschapman.itch.io/parallax-clock-an-alternative-timepiece,,2026-02-12
https://kseniiartist.itch.io/mission-cucumber-adventure,,2026-02-12
https://sasquatch909.itch.io/the-best-game,,2026-02-12
https://epicschool.itch.io/voice-steal,,2026-02-12
https://minimetro-modder.itch.io/milan-map-mini-metro,,2026-02-12
https://twilitgrotto.itch.io/amazing-adventures-in-the-public-domain-for-dungeon-crawl-classics,,2026-02-12
https://verklemnt.itch.io/sunburning,,2026-02-12
https://9thlevelgames.itch.io/the-legend-of-slimm-jimm-pizza,,2026-02-12
https://minimetro-modder.itch.io/genoa-map-mini-metro,,2026-02-12
https://jernej-ferenc.itch.io/jsc-combat-sword-sfx-pack-aaa,,2026-02-12
https://the-bluebanana.itch.io/peepplay-demo,,2026-02-12
https://escualina.itch.io/instatileset,,2026-02-12
https://alpha-strike-games.itch.io/hold-the-line-the-western-front,,2026-02-12
https://luhloyda.itch.io/blink-aym-see-it,,2026-02-12
https://totallyskirmished.itch.io/fallowpass-mire,,2026-02-12
https://kilamunkyz.itch.io/aetherion,,2026-02-12
https://trxzlol.itch.io/dumbcargame,,2026-02-12
https://bmoisted.itch.io/mikhail,,2026-02-12
https://brianjameschapman.itch.io/middle-earth-bible-verse-generator,,2026-02-12
https://brianjameschapman.itch.io/poking-anthills,,2026-02-12
https://gibb-it.itch.io/loko,,2026-02-12
https://monochromegem.itch.io/vis-arcana,,2026-02-12
https://timespacewarrior.itch.io/temporal-lightttrpg-foxflame-academy,,2026-02-12
https://televisiones.itch.io/un-pt,,2026-02-12
https://neongoblin.itch.io/asteroids-redux,,2026-02-12
https://lavanyachetal.itch.io/fly-bye,,2026-02-12
https://the-bluebanana.itch.io/peepplay-vr,,2026-02-12
https://brianjameschapman.itch.io/generic-weather-app,,2026-02-12
https://rodnatethibal.itch.io/waifutunes,,2026-02-12
https://polygyoza.itch.io/fallensouls-soulslike-turn-based-rpg,,2026-02-12
https://rodnatethibal.itch.io/i-will-purify-you,,2026-02-12
https://rodnatethibal.itch.io/hny-2026-booty-call,,2026-02-12
https://raphinirt.itch.io/neon-drift,,2026-02-12
https://malachiiscool.itch.io/forest-revamp,,2026-02-12
https://fishpondgame.itch.io/fishpond,,2026-02-12
https://minimetro-modder.itch.io/naples-map-mini-metro,,2026-02-12
https://wwexrock.itch.io/thealonestruggler,,2026-02-12
https://pivotdtimal.itch.io/super-ballsy-gauntlet,,2026-02-12
https://cloudshore.itch.io/festival-of-fighters,,2026-02-12
https://vincere-studio.itch.io/red-ops-side-story,,2026-02-12
https://rodnatethibal.itch.io/mister-furry,,2026-02-12
https://vistadev12.itch.io/vista-beat-2,,2026-02-12
https://mickybussey.itch.io/nightshade-nursery,,2026-02-12
https://mattfalcon.itch.io/tethered-to-darkness,,2026-02-12
https://miaalysan.itch.io/pasdedeux,,2026-02-12
https://brianjameschapman.itch.io/generic-news-app,,2026-02-12
https://huracangames.itch.io/square-jump,,2026-02-12
https://vkionator.itch.io/scavangecraft,,2026-02-12
https://noeducation7902.itch.io/conversion-target,,2026-02-12
https://pierre-gilhodes.itch.io/gobliins6,,2026-02-12
https://gtagfans74928.itch.io/loltaggerv2,,2026-02-12
https://risquedraws.itch.io/just-the-tip-1-28-26,,2026-02-12
https://netovoxel.itch.io/voxel-adventure-pack,,2026-02-12
https://razdark.itch.io/sky-platform-kill-zone,,2026-02-12
https://bobowolfww.itch.io/my-ordinary-life,,2026-02-12
https://bmc420.itch.io/pong-remake,,2026-02-12
https://stellarrnd.itch.io/parkourmajor,,2026-02-12
https://disthron.itch.io/dislike,,2026-02-12
https://gmguy.itch.io/proenglishgame,,2026-02-12
https://duskquillstudio.itch.io/hat-havoc,,2026-02-12
https://youarebeheld.itch.io/dracotrophication,,2026-02-12
https://company-of-zenzo.itch.io/biyogofarm,,2026-02-12
https://emvyy.itch.io/tax-fraug,,2026-02-12
https://profiprodutionsitch.itch.io/spruted-shifted-profis-take-fanmade,,2026-02-12
https://mort-on.itch.io/iron-ledger,,2026-02-12
https://nyaldabaoth.itch.io/masquerade-murder,,2026-02-12
https://robyjam.itch.io/dec-2025-apples-in-time-crisis,,2026-02-12
https://jan-west.itch.io/alien-vs-social-cues,,2026-02-12
https://itomi.itch.io/digital-character-sheet-isle-of-ixx,,2026-02-12
https://humanbean64.itch.io/jacob-islander-eats-a-hotdog,,2026-02-12
https://abast123.itch.io/tactyx-mobile,,2026-02-12
https://capyd3v.itch.io/sprite-gditor,,2026-02-12
https://bmc420.itch.io/match-3,,2026-02-12
https://emassemin.itch.io/bagaramask,,2026-02-12
https://brianjameschapman.itch.io/wikipedia-trend-tracker,,2026-02-12
https://big-rickclause.itch.io/how-to-walk-with-a-gorilla,,2026-02-12
https://bmc420.itch.io/lostone,,2026-02-12
https://jellydogstudio.itch.io/banny-split,,2026-02-12
https://collectorsincorporated.itch.io/dr-grand-lie,,2026-02-12
https://bixro-tv-tao-studio.itch.io/8-ch-1,,2026-02-12
https://blood-seller.itch.io/the-worlds-that-died-in-me-short-demo,,2026-02-12
https://itskon.itch.io/pidgeo-and-beeta,,2026-02-12
https://grimmpathic-games.itch.io/even-after,,2026-02-12
https://rattammaoon.itch.io/crazy-snake-ladder,,2026-02-12
https://ryanlaliberty.itch.io/rimbound,,2026-02-12
https://hellishcz.itch.io/devilbreath,,2026-02-12
https://scozzatron.itch.io/incremental-empire,,2026-02-12
https://p3rmaban.itch.io/dead-carnival,,2026-02-12
https://sontayo.itch.io/echocity,,2026-02-12
https://hollowdevv.itch.io/world-war-mask,,2026-02-12
https://rogarca.itch.io/room-a-cozy-farm-tracks,,2026-02-12
https://gunsightsoftware.itch.io/blackjack-buddies,,2026-02-12
https://kmart1.itch.io/smileygame,,2026-02-12
https://bfc2002.itch.io/enter-the-ruffian,,2026-02-12
https://scriptseller88.itch.io/nets,,2026-02-12
https://herrcrusher.itch.io/dunestrider,,2026-02-12
https://ralghyan.itch.io/omificate,,2026-02-12
https://o-h4des-o.itch.io/retro-ui-pack-1,,2026-02-12
https://soundfontguy.itch.io/sights,,2026-02-12
https://cscc-game-projects.itch.io/2026sp-cozy-night-shift,,2026-02-12
https://normalmap-games.itch.io/screen-effect-overlays-pack,,2026-02-12
https://valuef.itch.io/videoremap,,2026-02-12
https://amaterasugames.itch.io/spirit-splasher,,2026-02-12
https://oriathan.itch.io/masked-melee,,2026-02-12
https://parfait-is-the-cutest.itch.io/platinum-form,,2026-02-12
https://r-4x.itch.io/vibes-in-vibes-out,,2026-02-12
https://crypt1x.itch.io/but-why,,2026-02-12
https://3dgoblindev.itch.io/ludus-fatidicus-tarot-duels-pnp,,2026-02-12
https://monougg.itch.io/brick-jungle,,2026-02-12
https://mamota-games.itch.io/crankwords,,2026-02-12
https://bmc420.itch.io/space-attack,,2026-02-12
https://pedro-nlima.itch.io/tales-from-the-old-empire,,2026-02-12
https://nlg-software.itch.io/mission-space-axe-ii,,2026-02-12
https://clockworkconnorofficial.itch.io/upstair-abandonment-post,,2026-02-12
https://tartumgames.itch.io/memory-game,,2026-02-12
https://lukeitor.itch.io/juego-de-muestro-twinery,,2026-02-12
https://jellyworldgames.itch.io/catch-my-heart,,2026-02-12
https://typhoon36.itch.io/surviveinfuture,,2026-02-12
https://yultt.itch.io/the-calling-past,,2026-02-12
https://sicksoup.itch.io/el-pit,,2026-02-12
https://mikoridou.itch.io/inside-for-a-while,,2026-02-12
https://bbbbbbbbbbbbbbbbbbbbbbbbb.itch.io/the-long-con,,2026-02-12
https://thotoe.itch.io/stellar-defender,,2026-02-12
https://lreh5aw.itch.io/espilce,,2026-02-12
https://luadiurna.itch.io/cesta,,2026-02-12
https://prp-studios.itch.io/slime-want-coke,,2026-02-12
https://mkn-publications.itch.io/mkn-oracle-webapp,,2026-02-12
https://mchenlee.itch.io/kiwami-resurrection,,2026-02-12
https://wisemanmods.itch.io/space-caves,,2026-02-12
https://blobbloo.itch.io/rogue-realities,,2026-02-12
https://kurooguro.itch.io/golden-beauty-2026,,2026-02-12
https://liw-jk.itch.io/apocalyptic-special,,2026-02-12
https://kwstudioorg.itch.io/luxury-vehicles-bundle,,2026-02-12
https://kwstudioorg.itch.io/platinum-drive-collection-82-detailed-working-cars,,2026-02-12
https://kwstudioorg.itch.io/six-pack-mid-poly-cars,,2026-02-12
https://kwstudioorg.itch.io/10-working-cars-pack,,2026-02-12
https://kwstudioorg.itch.io/low-poly-10-cars-pack-working,,2026-02-12
https://kwstudioorg.itch.io/low-poly-civil-ems-15-cars-pack,,2026-02-12
https://kwstudioorg.itch.io/12-working-military-vehicles-pack,,2026-02-12
https://kwstudioorg.itch.io/48-military-cars-pack-low-poly,,2026-02-12
https://kwstudioorg.itch.io/urban-rider-8-bike-pack,,2026-02-12
https://kwstudioorg.itch.io/6-rural-trucks-pack,,2026-02-12
https://kwstudioorg.itch.io/low-poly-sport-cars-pack,,2026-02-12
https://whimsywallflower.itch.io/citraduck,,2026-02-12
https://theisolinearchip.itch.io/factory-danger,,2026-02-12
https://cbdbg.itch.io/royalgridcannon,,2026-02-12
https://sylviethedragon.itch.io/wandwood-academy,,2026-02-12
https://bit-life.itch.io/jack-in-the-box,,2026-02-12
https://alpha-strike-games.itch.io/carrier-ops-yankee-station,,2026-02-12
https://games-mob-invertido.itch.io/red-dust-county,,2026-02-12
https://liam-m-mays.itch.io/super-slider,,2026-02-12
https://cute-grub.itch.io/naga-in-the-colloseum,,2026-02-12
https://shifooexe.itch.io/shelter,,2026-02-12
https://pebetom.itch.io/saving-private-crocky,,2026-02-12
https://polygonas.itch.io/all-you-can-steal,,2026-02-12
https://yamin11.itch.io/flappy-bird,,2026-02-12
https://fulminisictus.itch.io/my-very-nice-audiopack,,2026-02-12
https://thomasrodrigobravo.itch.io/journey-to-oasis,,2026-02-12
https://ghostrider9206.itch.io/horror-light-night,,2026-02-12
https://animatedal.itch.io/sonic-al,,2026-02-12
https://peakboredom.itch.io/tictactoe-peak-boredom,,2026-02-12
https://denis-coruja.itch.io/estranhos-sentimentos,,2026-02-12
https://lewiscuhh.itch.io/crystaltaggers,,2026-02-12
https://sirtophamhakurei.itch.io/wiseland-adventures,,2026-02-12
https://psychotomato.itch.io/the-procrastinator,,2026-02-12
https://tigeystudios.itch.io/text-till-then,,2026-02-12
https://shibunuwu.itch.io/the-hidden-sky,,2026-02-12
https://terieur.itch.io/no-pressure,,2026-02-12
https://gd-forge.itch.io/pongobo-arena,,2026-02-12
https://conviction-srpg.itch.io/redrmegamejam,,2026-02-12
https://zelofi.itch.io/bring-food-origins,,2026-02-12
https://desktortoise.itch.io/survive-the-night,,2026-02-12
https://egg-head-games.itch.io/katabasis,,2026-02-12
https://ibaadm.itch.io/typocalypse,,2026-02-12
https://leviathanimation.itch.io/tyraniaenforcers,,2026-02-12
https://erbdev.itch.io/fish-island,,2026-02-12
https://portacom.itch.io/secrets-of-masks,,2026-02-12
https://zpektrumxp.itch.io/skynetweb,,2026-02-12
https://stav-bueno.itch.io/tasks-working-from-home,,2026-02-12
https://kurumiiii.itch.io/flicker,,2026-02-12
https://dragonsritual.itch.io/elemental-swords-64x64-weapon-icons,,2026-02-12
https://zeitgeistgaming.itch.io/zeitgeist-gaming-magazine-issue-1,,2026-02-12
https://twinbrights.itch.io/mulch-morph-magic,,2026-02-12
https://fesalalsubie.itch.io/let-me-work-in-peace,,2026-02-12
https://blazeepic.itch.io/nekobyte,,2026-02-12
https://reptilligator.itch.io/breadlizard,,2026-02-12
https://megumi-ryu.itch.io/celtic-fantasy-loops-music-asset-set-celtic-wonder-bgm,,2026-02-12
https://megumi-ryu.itch.io/free-celtic-fantasy-loops-music-asset-celtic-wonder-bgm,,2026-02-12
https://qudogames.itch.io/blox-nano,,2026-02-12
https://rerstuf.itch.io/fembots-n-femboys,,2026-02-12
https://tamstudio.itch.io/panda-jump,,2026-02-12
https://jamesweeman1.itch.io/project-speed,,2026-02-12
https://i-cam.itch.io/once-there-were-two-dinosaurs,,2026-02-12
https://dlou-saiyan.itch.io/realistic-urban-city-tileset-pixel-art-side-scrolling-30x30,,2026-02-12
https://mai493.itch.io/eras-hero,,2026-02-12
https://d4l1ir3tr0.itch.io/lut-generator,,2026-02-12
https://ollisuoranta.itch.io/ignoring-the-rhythm,,2026-02-12
https://guiorgui37.itch.io/shame-of-the-olympians,,2026-02-12
https://crioux.itch.io/shadowdark-character-sheet-index-card-3x5,,2026-02-12
https://victord62.itch.io/borderline,,2026-02-12
https://xixiliii.itch.io/only-jump,,2026-02-12
https://thestiff.itch.io/ratman,,2026-02-12
https://oktembaris77.itch.io/low-poly-urban-civilians-character-pack,,2026-02-12
https://ashmaes.itch.io/ducker,,2026-02-12
https://tb-fox.itch.io/project-aion-prototipo,,2026-02-12
https://guiorgui37.itch.io/shame-of-the-olympians-manual,,2026-02-12
https://clever-studios.itch.io/animal-tag,,2026-02-12
https://retro-tales.itch.io/babelum,,2026-02-12
https://dangerep.itch.io/wall-and-order,,2026-02-12
https://ami-tomato.itch.io/starhold-command,,2026-02-12
https://kolulu.itch.io/senescence,,2026-02-12
https://kellerlou06.itch.io/mall-madness-game-pitch,,2026-02-12
https://orilla-tag.itch.io/monkeychaos,,2026-02-12
https://hunter2e.itch.io/feed-the-pit,,2026-02-12
https://drpallid.itch.io/morp,,2026-02-12
https://gonte.itch.io/final-catalyst,,2026-02-12
https://reviveislostdev.itch.io/lost-in-reality-beta-demo-v03,,2026-02-12
https://mandrew0822.itch.io/spell-weaver,,2026-02-12
https://pr0x3y.itch.io/exact-time-trigger-python,,2026-02-12
https://nexis717.itch.io/tessara,,2026-02-12
https://kailey-kings.itch.io/apricity,,2026-02-12
https://dj-punk.itch.io/chlorokill,,2026-02-12
https://jgarcia2004.itch.io/spoils-of-victory-final,,2026-02-12
https://dacornchipe.itch.io/not-stable,,2026-02-12
https://rimori.itch.io/apartment-01-assignment,,2026-02-12
https://weheartgames.itch.io/dicedeck,,2026-02-12
https://the-barn-owls-house.itch.io/mushroom-hunter,,2026-02-12
https://gameboygod.itch.io/jacks-car-musuem,,2026-02-12
https://canvass-corps.itch.io/the-last-run,,2026-02-12
https://semestralindiegames.itch.io/umbilicus,,2026-02-12
https://tridium.itch.io/reid-dates-everyone,,2026-02-12
https://flatman26.itch.io/tower-of-choice,,2026-02-12
https://joshoroboto.itch.io/a-hogs-incredible-hoops,,2026-02-12
https://expnm.itch.io/krastofomit,,2026-02-12
https://nshabv.itch.io/die-in-the-dark,,2026-02-12
https://glitched-json.itch.io/ricochet-blaster,,2026-02-12
https://hyper-cryptical.itch.io/infinite-rainbow-smoke-v1-4k-wallpaper-loop,,2026-02-12
https://workaroundwizard.itch.io/phsyco-casino,,2026-02-12
https://mynephew.itch.io/domain-root-management,,2026-02-12
https://lulugamestudio.itch.io/expetion-67,,2026-02-12
https://pandabubu.itch.io/tower-defense-builder,,2026-02-12
https://otodus-games.itch.io/insaneyety,,2026-02-12
https://creativeseeds-gdd.itch.io/bloodend,,2026-02-12
https://lemun8.itch.io/bonewake-demo,,2026-02-12
https://fotrs-gaming.itch.io/ibss,,2026-02-12
https://reactorcore.itch.io/reactorcores-xenonauts-mods,,2026-02-12
https://lilypound.itch.io/big-lucky-day,,2026-02-12
https://ue-benito.itch.io/unreal-engine-rig-pack,,2026-02-12
https://heereezz.itch.io/shawrma-skewer-psx-style,,2026-02-12
https://madeofmess.itch.io/bruised-fruit-is-still-good,,2026-02-12
https://the-menu-zine.itch.io/the-menu-january-2026,,2026-02-12
https://solune-co.itch.io/galactically-away-from-your-problems,,2026-02-12
https://theojouan.itch.io/pokdouille,,2026-02-12
https://exxxxxxxxk.itch.io/all-the-tears,,2026-02-12
https://monrote.itch.io/atamne,,2026-02-12
https://toaster-properties.itch.io/blank,,2026-02-12
https://verbagao.itch.io/breakout-lite,,2026-02-12
https://lootcombat.itch.io/game,,2026-02-12
https://victord62.itch.io/sucide,,2026-02-12
https://controlfreak-studio.itch.io/broke-and-dirt-004,,2026-02-12
https://douimet.itch.io/topdog,,2026-02-12
https://recodestudio.itch.io/lich-lords,,2026-02-12
https://lunarkaiya.itch.io/paddles,,2026-02-12
https://plouton2006.itch.io/genesis-infiltrator,,2026-02-12
https://madeofmess.itch.io/hunting-dog-poem-zine,,2026-02-12
https://puppersv.itch.io/maria-is-missing,,2026-02-12
https://crazyentertainment.itch.io/dumptotxt,,2026-02-12
https://blinkstudio.itch.io/candy-crunch-sugar-escape,,2026-02-12
https://sofiabrocardo.itch.io/bajo-la-mascara,,2026-02-12
https://netovoxel.itch.io/voxel-ultimate-starter-pack-100-models-vol-1,,2026-02-12
https://andrewwritegood.itch.io/terzaks-trundling-tower,,2026-02-12
https://chubby-kitty.itch.io/chubby-kitty-emotes-vol1,,2026-02-12
https://sevpuch.itch.io/sky-dungeon,,2026-02-12
https://sumperson.itch.io/jeffs-shift-at-nightmart,,2026-02-12
https://phxntxsm.itch.io/spawn-overhaul-mod,,2026-02-12
https://rabittan.itch.io/minesweeper,,2026-02-12
https://remilcoolsaetcom.itch.io/pipeline-heroes,,2026-02-12
https://kingrain777.itch.io/grey-pilgrim,,2026-02-12
https://pnpisland.itch.io/monster-flipping-battle,,2026-02-12
https://phxntxsm.itch.io/vintage-story-modding-the-zero-to-code-handbook-pdf-guide,,2026-02-12
https://danuno12.itch.io/cyberpunk-survival,,2026-02-12
https://simenhs.itch.io/skinners-box,,2026-02-12
https://it-green.itch.io/acid-sprunki,,2026-02-12
https://deltaairliness-alt.itch.io/unmask-the-truth,,2026-02-12
https://hugosaulnier.itch.io/zgur,,2026-02-12
https://classtro-official.itch.io/classtros-hit-n-groove-ul-game,,2026-02-12
https://simonk0.itch.io/undead-monarch,,2026-02-12
https://two-faces-studio.itch.io/tiny-kingdom-armies,,2026-02-12
https://rebecasantosb.itch.io/noira-o-silencio-dos-cristais,,2026-02-12
https://tales-of-the-dark.itch.io/tales-of-the-dark-handbook,,2026-02-12
https://cnlool.itch.io/tetris,,2026-02-12
https://kingrain777.itch.io/you-cant-overthrow-heaven,,2026-02-12
https://m0rrn1ng-st4r.itch.io/run-samurai-run,,2026-02-12
https://forknight.itch.io/terror-of-the-valley,,2026-02-12
https://oroborworldforge.itch.io/orobor-monster-manual-the-voll,,2026-02-12
https://swos21z.itch.io/championship-manager-0102-winter-26,,2026-02-12
https://monfery.itch.io/kandl,,2026-02-12
https://gravity-sound.itch.io/electronic-music-2-for-integration,,2026-02-12
https://protobigen.itch.io/odd-homebrew-reboot,,2026-02-12
https://arasgonuldev.itch.io/heroicflick,,2026-02-12
https://skelledmir.itch.io/horror-game-prototype,,2026-02-12
https://swos21z.itch.io/sensible-world-of-soccer-26-winter-360-pc-rgh,,2026-02-12
https://samueless.itch.io/greg-and-the-button,,2026-02-12
https://vore-comics12.itch.io/the-cult,,2026-02-12
https://cas-windsor.itch.io/synty-screenshot-jam,,2026-02-12
https://gravity-sound.itch.io/electronic-music-3-for-integration,,2026-02-12
https://geri8.itch.io/tengo-un-internet-en-mi-casa,,2026-02-12
https://itsnoahbodie.itch.io/blood-blarney,,2026-02-12
https://cooper12341.itch.io/pibble-pibble-click,,2026-02-12
https://mastersofevil.itch.io/battlewugs,,2026-02-12
https://arasgonuldev.itch.io/georun,,2026-02-12
https://gravity-sound.itch.io/fun-rpg-music-for-integration,,2026-02-12
https://bnuuyshame.itch.io/gluttonism-folk-feederism-religion,,2026-02-12
https://sgd19.itch.io/chess-master,,2026-02-12
https://victord62.itch.io/violence,,2026-02-12
https://yahia-zakaria.itch.io/portal-pass,,2026-02-12
https://galgorithm.itch.io/opustorrentia,,2026-02-12
https://gravity-sound.itch.io/rpg-music-2-for-integration,,2026-02-12
https://crioux.itch.io/shadowdark-character-sheet-index-card-4x6,,2026-02-12
https://no-bs.itch.io/epstein-files-8-pages,,2026-02-12
https://racoontv-incio.itch.io/bendy-and-the-ink-machine-chapter-1-2d,,2026-02-12
https://nandp123.itch.io/flappybird,,2026-02-12
https://gravity-sound.itch.io/kids-music-for-integration,,2026-02-12
https://envirohopper.itch.io/the-perfect-backstab,,2026-02-12
https://gravity-sound.itch.io/post-rock-music-for-integration,,2026-02-12
https://bush3d.itch.io/rain-stays-longer-here,,2026-02-12
https://maru-98.itch.io/pub-interior-assets-pack-16x16-pixel-art,,2026-02-12
https://turtleburgle.itch.io/protect-the-crystal,,2026-02-12
https://voidsoul-214.itch.io/vampire-survivors-afk-bot-v21,,2026-02-12
https://tyler-brack.itch.io/fishymovement,,2026-02-12
https://spire123.itch.io/spire123,,2026-02-12
https://maritocreates.itch.io/mask-64,,2026-02-12
https://doofsakano.itch.io/flying-shapes-redux,,2026-02-12
https://ooen.itch.io/fruit-merge,,2026-02-12
https://carboncats.itch.io/osas,,2026-02-12
https://sys-games.itch.io/dont-touch-the-knife,,2026-02-12
https://gravity-sound.itch.io/post-rock-music-2-for-integration,,2026-02-12
https://kingtag.itch.io/sandtetris,,2026-02-12
https://anapat-thongkam.itch.io/redline-protocol,,2026-02-12
https://managician.itch.io/parasomnia42,,2026-02-12
https://caphonic.itch.io/project-ritalin,,2026-02-12
https://13leagues.itch.io/throne-of-ashes-nour,,2026-02-12
https://gravity-sound.itch.io/post-rock-music-3-for-integration,,2026-02-12
https://rafaela-tavaress.itch.io/lego-batman,,2026-02-12
https://xteamgg.itch.io/guitar-for-noobs,,2026-02-12
https://juan-chovi.itch.io/trinity-bazaar,,2026-02-12
https://dream-junk-games.itch.io/monsterburg-2,,2026-02-12
https://suprgrl1995.itch.io/grow-zine,,2026-02-12
https://ragdolldudelol.itch.io/ragdoll-fun-mobile,,2026-02-12
https://gravity-sound.itch.io/post-rock-music-4-for-integration,,2026-02-12
https://scubamaster69.itch.io/placeface,,2026-02-12
https://gravity-sound.itch.io/puzzle-music-for-integration,,2026-02-12
https://frukkkt.itch.io/wersal,,2026-02-12
https://reactorcore.itch.io/super-cryptark-armageddon,,2026-02-12
https://enrique-vera.itch.io/jackal,,2026-02-12
https://yarncatgames.itch.io/flame-forge-demo,,2026-02-12
https://fragysh1.itch.io/sigma-pong,,2026-02-12
https://gravity-sound.itch.io/puzzle-music-2-for-integration,,2026-02-12
https://m8n-matandessaur.itch.io/cranked-metal,,2026-02-12
https://eve-was.itch.io/the-metamorphist,,2026-02-12
https://cassykay04.itch.io/brains,,2026-02-12
https://gravity-sound.itch.io/reggae-music-for-integration,,2026-02-12
https://elmos-minion.itch.io/the-burgers-strike-back,,2026-02-12
https://projectghostowner.itch.io/projectghosturl,,2026-02-12
https://kenanege.itch.io/riziko,,2026-02-12
https://bjornjonker.itch.io/the-legend-of-blahaj,,2026-02-12
https://gravity-sound.itch.io/relaxing-music-for-integration,,2026-02-12
https://impioussaint.itch.io/forbidden-psalm-twisted-fates,,2026-02-12
https://arludus.itch.io/2d-pixel-art-planets-pack,,2026-02-12
https://gravity-sound.itch.io/retro-music-for-integration,,2026-02-12
https://lunarrmoth.itch.io/quackhunt,,2026-02-12
https://denisstejskal.itch.io/crimson-snow,,2026-02-12
https://hzinhodevyt.itch.io/typertive,,2026-02-12
https://gravity-sound.itch.io/synthwave-music-for-integration,,2026-02-12
https://ferranvegas.itch.io/the-witches-road,,2026-02-12
https://maksasj.itch.io/tartar-project-isekai,,2026-02-12
https://max-parera.itch.io/the-legless-bandit,,2026-02-12
https://gravity-sound.itch.io/synthwave-music-2-for-integration,,2026-02-12
https://redthebrit.itch.io/termiteinate,,2026-02-12
https://darrizard.itch.io/echoing-depths,,2026-02-12
https://kostek2.itch.io/factory-hell-chapter3-losthaven,,2026-02-12
https://gravity-sound.itch.io/synthwave-music-3-for-integration,,2026-02-12
https://adriaen-vdm.itch.io/the-understory-cycle-of-care,,2026-02-12
https://dutudev.itch.io/asthmathic-thieves,,2026-02-12
https://backlogbuster.itch.io/backlog-buster,,2026-02-12
https://tales-of-the-dark.itch.io/tales-of-the-dark-handbook-preview,,2026-02-12
https://aislinsilvers.itch.io/metapawphasis,,2026-02-12
https://gravity-sound.itch.io/synthwave-music-4-for-integration,,2026-02-12
https://sansyg.itch.io/bloody-horror-ui-button-pack,,2026-02-12
https://sirbozo.itch.io/feelys-mod-2,,2026-02-12
https://xlebniy-samurai.itch.io/tanchiki-3d-voxel-edition,,2026-02-12
https://gravity-sound.itch.io/trance-music-for-integration,,2026-02-12
https://f-u-n-t-i-m-e.itch.io/confuse,,2026-02-12
https://hawkstudioofficial.itch.io/cat-z-studio-beyond-time-1,,2026-02-12
https://jairos.itch.io/fishlifess,,2026-02-12
https://brud777.itch.io/wenda-treatment-reuploaded,,2026-02-12
https://bongooos.itch.io/bullet-punch,,2026-02-12
https://laufa17.itch.io/dia-normal-de-ren,,2026-02-12
https://a200731118.itch.io/connect,,2026-02-12
https://anvil-of-echoes.itch.io/retr-music-pack,,2026-02-12
https://themaniacmartian.itch.io/feed-my-mech,,2026-02-12
https://oxulpixel.itch.io/tap-atack-demo,,2026-02-12
https://jeejthepug.itch.io/zarzour-bet48,,2026-02-12
https://zzzcomics.itch.io/the-island-of-doctor-morgro,,2026-02-12
https://la-pandilla-cacahuate.itch.io/la-pandilla-cacahuate,,2026-02-12
https://alesuper22.itch.io/soyo,,2026-02-12
https://lucky-fox-tabletop.itch.io/the-green-goo,,2026-02-12
https://alzennn.itch.io/3d-proje-deneme,,2026-02-12
https://amiteshj.itch.io/mini-astronught,,2026-02-12
https://zzzcomics.itch.io/the-island-of-doctor-morgro-collectors-edition,,2026-02-12
https://zzzcomics.itch.io/the-island-of-doctor-morgro-2,,2026-02-12
https://designersoup.itch.io/low-poly-2j-suprex,,2026-02-12
https://digitalriftgames.itch.io/tank-vs-tank,,2026-02-12
https://kingrain777.itch.io/lucky13,,2026-02-12
https://emmanuelkyoria.itch.io/rayman-2-the-great-escape-remake,,2026-02-12
https://zzzcomics.itch.io/the-island-of-doctor-morgro-2-collectors-edition,,2026-02-12
https://huldrahouse.itch.io/a-haven-far-from-home,,2026-02-12
https://falconoflight.itch.io/14-visual-novel-winter-backgrounds,,2026-02-12
https://unitytools.itch.io/automatic-level-design-utility,,2026-02-12
https://zzzcomics.itch.io/the-island-of-doctor-morgro-3,,2026-02-12
https://rocketpunchpress.itch.io/jrpg-quest-the-rpg,,2026-02-12
https://sansyg.itch.io/medieval-ui-button-pack,,2026-02-12
https://rogue01010010.itch.io/texting-while-driving-simulator,,2026-02-12
https://zzzcomics.itch.io/the-island-of-doctor-morgro-3-collectors-edition,,2026-02-12
https://impioussaint.itch.io/what-lies-in-shadows-run-from-the-dark-expansion,,2026-02-12
https://noah-allan.itch.io/video-game-history,,2026-02-12
https://sansyg.itch.io/steampunk-ui-button-pack,,2026-02-12
https://ludoyst.itch.io/trials-of-the-demon-gate-version-a,,2026-02-12
https://sansyg.itch.io/gun-weapon-sprite-pack,,2026-02-12
https://pl4smic34.itch.io/lune-taggers,,2026-02-12
https://davi-faria.itch.io/akbal,,2026-02-12
https://sansyg.itch.io/steampunk-gun-weapon-pack,,2026-02-12
https://sansyg.itch.io/melee-weapon-sprite-pack,,2026-02-12
https://capisdevstudio.itch.io/menangkap-alat-tulis,,2026-02-12
https://zhyt2014.itch.io/antz-vr,,2026-02-12
https://particular-indevidual.itch.io/parry-prototype,,2026-02-12
https://comavt.itch.io/astraea-echoes-of-the-deep-pre-alpha,,2026-02-12
https://sansyg.itch.io/nature-environment-asset-pack,,2026-02-12
https://michalkas.itch.io/three-rooms-no-windows,,2026-02-12
https://peterdrinnan.itch.io/word-catcher,,2026-02-12
https://tmmax.itch.io/2d-25d-office-pixel-assets,,2026-02-12
https://sansyg.itch.io/pixel-art-nature-pack,,2026-02-12
https://kingslayerxt.itch.io/jon,,2026-02-12
https://ripext.itch.io/words-in-the-world,,2026-02-12
https://eamon97.itch.io/pixel-survivor-01,,2026-02-12
https://deslrv.itch.io/8-castles-of-sand-and-sky,,2026-02-12
https://ludoyst.itch.io/trials-of-the-demon-gate-version-b,,2026-02-12
https://ripext.itch.io/brain-mind-set,,2026-02-12
https://ludoyst.itch.io/trials-of-the-demon-gate-version-c,,2026-02-12
https://iwansherlock.itch.io/i-guess-it-is-rocket-science,,2026-02-12
https://scubamaster69.itch.io/baldis-basics-classic-unofficial,,2026-02-12
https://logster-2022.itch.io/monkey-bros,,2026-02-12
https://chubby-kitty.itch.io/chubby-kitty-stickers-vol1,,2026-02-12
https://ilya-antusharev.itch.io/stone-keeper,,2026-02-12
https://ooen.itch.io/radioactive-farm,,2026-02-12
https://viakole.itch.io/moody-skies,,2026-02-12
https://marialogic.itch.io/bukhari-al-hara,,2026-02-12
https://skib77.itch.io/platyformer,,2026-02-12
https://topd.itch.io/smart-camera-bounds-for-godot-4,,2026-02-12
https://digitalriftgames.itch.io/shooting-gallery,,2026-02-12
https://emanuellopez.itch.io/deep-os,,2026-02-12
https://davidli.itch.io/wigglytooth,,2026-02-12
https://notrealgamesinc.itch.io/the-3am-checklist,,2026-02-12
https://jonnyu.itch.io/gpr101,,2026-02-12
https://kornphlake.itch.io/neonbushido,,2026-02-12
https://twistedpsycho13.itch.io/the-box,,2026-02-12
https://skepe-bocha.itch.io/dave-have-date,,2026-02-12
https://joaokendall.itch.io/sabao,,2026-02-12
https://mati-apple.itch.io/inputnull,,2026-02-12
https://aylight.itch.io/picell,,2026-02-12
https://turtletennis.itch.io/the-awful-sorcerer,,2026-02-12
https://sp-ike.itch.io/forsaken,,2026-02-12
https://bee-wits.itch.io/instrument-of-amnesty,,2026-02-12
https://hlo-activity-game.itch.io/hlo-activity-2-game,,2026-02-12
https://ben-chisman.itch.io/game-jam,,2026-02-12
https://zeitgeistgaming.itch.io/zeitgeist-gaming-magazine-2,,2026-02-12
https://bee-wits.itch.io/even-when-you-dont-know,,2026-02-12
https://maicod71.itch.io/chemistry-and-elements,,2026-02-12
https://galacticsoldier.itch.io/duck-takes-the-wrong-path,,2026-02-12
https://mossy-forest.itch.io/the-lazy-shepherd,,2026-02-12
https://darkcybernetics.itch.io/gb-avp-sprite-sheet,,2026-02-12
https://tapdig.itch.io/dasca-app,,2026-02-12
https://agatatp.itch.io/minisnake,,2026-02-12
https://fullbox2000.itch.io/christmas-taggering,,2026-02-12
https://objectively-cool-games.itch.io/ben-in-jordyn,,2026-02-12
https://setlist-magazin.itch.io/setlist-magazin-3,,2026-02-12
https://neroblyt.itch.io/pc-clicker,,2026-02-12
https://gamerover.itch.io/portofolio,,2026-02-12
https://agatatp.itch.io/galobross,,2026-02-12
https://nikolas-alexandrou.itch.io/crown-rush,,2026-02-12
https://ghost-05157.itch.io/collect-win,,2026-02-12
https://hyperpixel.itch.io/unreasonable-newtonian-cube,,2026-02-12
https://sgradegames.itch.io/rkn-simulator,,2026-02-12
https://andrejogos.itch.io/ecodive,,2026-02-12
https://thefaruz.itch.io/spiriti-assolutamente-eterei,,2026-02-12
https://bilgehansavgu.itch.io/left-alone,,2026-02-12
https://robotofthenorth.itch.io/fisherboy,,2026-02-12
https://trevor-kosht.itch.io/wizard-dungeon-crawler,,2026-02-12
https://pixelfox1991.itch.io/tv-head,,2026-02-12
https://miguelio-3.itch.io/incredibox-dove,,2026-02-12
https://sallier.itch.io/five-nights-at-freddys-official-decompiled-html-fan-port,,2026-02-12
https://lategamer.itch.io/shifters,,2026-02-12
https://jun-09r.itch.io/portafolio,,2026-02-12
https://kingrain777.itch.io/stack-kastle,,2026-02-12
https://stephanedurette.itch.io/math-game-v3,,2026-02-12
https://pommelax.itch.io/pomebox-fake-sprunki-pyramixed-pomexs-take,,2026-02-12
https://reeneeheehee.itch.io/through-the-forest-lens,,2026-02-12
https://baomont.itch.io/foxtracker,,2026-02-12
https://love-vixen.itch.io/project-lazeredge,,2026-02-12
https://lumi977.itch.io/gaming-history-museum,,2026-02-12
https://poorbro6.itch.io/guess-who,,2026-02-12
https://klosterschule.itch.io/isometric-collecting-game,,2026-02-12
https://kusaremiyabi.itch.io/idiot,,2026-02-12
https://taleturn.itch.io/tell-me-more-tell-me-more,,2026-02-12
https://gamerover.itch.io/ficha9,,2026-02-12
https://capisdevstudio.itch.io/capy-playlist,,2026-02-12
https://jeanlescano.itch.io/calsalute,,2026-02-12
https://deltasquib.itch.io/pix-realms-horse-pack,,2026-02-12
https://sallier.itch.io/five-nights-at-freddys-demo-official-decompiled-html-fan-port,,2026-02-12
https://casearias-modding.itch.io/new-holland-t8,,2026-02-12
https://mantonio1284c1212.itch.io/liams-castle,,2026-02-12
https://atractor88.itch.io/interactive-enigma-machine,,2026-02-12
https://karsiori.itch.io/pixel-art-door-pack-animated,,2026-02-12
https://jeebsmakesgames.itch.io/ctcla-wendys,,2026-02-12
https://watcherdm.itch.io/gangsters-n-gargoyles,,2026-02-12
https://gutimxp45.itch.io/trump-survival-roguelike-with-pvp-and-rank-elo,,2026-02-12
https://omar-sahel.itch.io/impressions-orientalistes-un-voyage-en-couleurs,,2026-02-12
https://winnydows.itch.io/barrakuda-man-russia-attack-3d,,2026-02-12
https://edge-of-town-games.itch.io/fat-old-witchs-dungeon,,2026-02-12
https://louielougames.itch.io/mini-mal,,2026-02-12
https://m8n-matandessaur.itch.io/my-parking-spot,,2026-02-12
https://thebitbet.itch.io/ye-olde-geoff-pawnshop-underworld-hub,,2026-02-12
https://ponkyponk.itch.io/questionable-quiz,,2026-02-12
https://neonmesh.itch.io/modular-dungeon-pack-all-in-one-low-poly-environment,,2026-02-12
https://doofsakano.itch.io/turkey-escape,,2026-02-12
https://renayumearts.itch.io/asaba-harumasa-2025-cg-pack,,2026-02-12
https://npulley.itch.io/nyctophobia,,2026-02-12
https://jabstudio.itch.io/mole-run-game-tileset,,2026-02-12
https://kruton1979.itch.io/orbit-express,,2026-02-12
https://adizii.itch.io/toshis-adv,,2026-02-12
https://gregorsoenn.itch.io/mikratheus,,2026-02-12
https://dieganzekraft.itch.io/thought-breaker,,2026-02-12
https://prelude-games.itch.io/let-him-cook,,2026-02-12
https://peakboredom.itch.io/connect4-peak-boredom-2,,2026-02-12
https://tall-goat.itch.io/dr-fustys-big-number,,2026-02-12
https://keremkaragull.itch.io/ai-or-real,,2026-02-12
https://ciklole.itch.io/watermelon-fall,,2026-02-12
https://charlesdavis.itch.io/no-time-to-live,,2026-02-12
https://magorygaming.itch.io/break-out,,2026-02-12
https://siddurz.itch.io/tomato-boy,,2026-02-12
https://dariel-ordan.itch.io/the-dark-mouse,,2026-02-12
https://dieclick.itch.io/pqq,,2026-02-12
https://itomi.itch.io/digital-character-sheet-for-cairn,,2026-02-12
https://rat-in-the-walls.itch.io/one-button-brawl,,2026-02-12
https://captainbiscuits123.itch.io/chicas-kitchen-frenzy,,2026-02-12
https://helifors.itch.io/trashy,,2026-02-12
https://kodachil26.itch.io/shoot-the-balloon,,2026-02-12
https://jimanthapickens.itch.io/less-enticing-aroma,,2026-02-12
https://dawny-tags.itch.io/treacherous-travels,,2026-02-12
https://dobybaxter127.itch.io/fast-path,,2026-02-12
https://jdr-academy.itch.io/les-vacances-dhiver-de-jason-statham,,2026-02-12
https://yannrenvoise.itch.io/the-owl-knighter,,2026-02-12
https://tintwotin.itch.io/meta-morphosis,,2026-02-12
https://simplyana.itch.io/egodeath-jam-ver,,2026-02-12
https://hot-dog39.itch.io/radi-101-chaos,,2026-02-12
https://abjectcloud.itch.io/the-endless-night,,2026-02-12
https://manrouss.itch.io/la-primera-mascara-de-oaxaca,,2026-02-12
https://marinsmolji.itch.io/therminal-protocol,,2026-02-12
https://televipop.itch.io/pixel-warrior-2,,2026-02-12
https://kingrain777.itch.io/ark-ii,,2026-02-12
https://ily-si.itch.io/achluophobia,,2026-02-12
https://leviathanapsu.itch.io/ab-bas-last-breath,,2026-02-12
https://gian-luca-burtoli.itch.io/vaderetrosatana,,2026-02-12
https://rhys-burt.itch.io/youtube-simulatortext-based-alpha,,2026-02-12
https://eposnix.itch.io/nixfx-procedural-planets-for-gamemaker-studio,,2026-02-12
https://jakeanator.itch.io/jakes-game-test,,2026-02-12
https://macfrezz.itch.io/five-nights-at-cartis,,2026-02-12
https://tonhao-do-pneu.itch.io/powering,,2026-02-12
https://rcrex11.itch.io/project-rex,,2026-02-12
https://phxntxsm.itch.io/ps1-horror-textures,,2026-02-12
https://kusaremiyabi.itch.io/idiot2,,2026-02-12
https://m8n-matandessaur.itch.io/wooorm,,2026-02-12
https://nicosilver.itch.io/sleeping-faun,,2026-02-12
https://floreswa.itch.io/paper-horizon-pixel-font,,2026-02-12
https://rafaelo-007.itch.io/blade-sphere,,2026-02-12
https://jedi-giraffe.itch.io/mi231-space-shmup,,2026-02-12
https://delcidkidv.itch.io/the-overclock-protocol,,2026-02-12
https://matteobnvl.itch.io/jeu-2devs,,2026-02-12
https://demonlordownsall.itch.io/blue-yellow,,2026-02-12
https://voidbandit.itch.io/thieves-cant-thieves-can,,2026-02-12
https://leduo-el.itch.io/deadlight,,2026-02-12
https://agiiidyne.itch.io/quack-man,,2026-02-12
https://pr0tag.itch.io/maluso-the-pegasus,,2026-02-12
https://theroaringknight333.itch.io/atravessiamobile,,2026-02-12
https://ikonyksound.itch.io/energy-zone-sports-game-music,,2026-02-12
https://storyteller-dave.itch.io/ooze-wranglers,,2026-02-12
https://basideveloper.itch.io/rock-paper-scissor,,2026-02-12
https://tree-0252.itch.io/gambling-simulator,,2026-02-12
https://makan-ansari.itch.io/rogue-agent-editor,,2026-02-12
https://woodensoftwaredevelopment.itch.io/media-file-vault,,2026-02-12
https://piratzfan.itch.io/burgesslegacy,,2026-02-12
https://saintmilk.itch.io/forest-arena,,2026-02-12
https://minoy-joy.itch.io/494-p1-zelda-nes-recreation,,2026-02-12
https://klosterschule.itch.io/isometric-collecting-game-mobile,,2026-02-12
https://djestklin.itch.io/one-day-at-dormitory,,2026-02-12
https://shreyaaaaaa.itch.io/super-citronaut,,2026-02-12
https://fonger1.itch.io/fire-wood,,2026-02-12
https://mechadecimal.itch.io/deskstones,,2026-02-12
https://ryumon91.itch.io/xdmonvoices,,2026-02-12
https://ikonyksound.itch.io/whimsical-playtime-childrens-game-music,,2026-02-12
https://cassykay04.itch.io/fire-esiet,,2026-02-12
https://ref.itch.io/phishlanezx,,2026-02-12
https://gazzta.itch.io/the-abyss-files,,2026-02-12
https://double-star-games.itch.io/moondrop-water-harp-cave,,2026-02-12
https://androidweb.itch.io/complacency-breakout,,2026-02-12
https://layerlab.itch.io/sci-fi-kill-streak-text,,2026-02-12
https://applecorestudios.itch.io/celliuse,,2026-02-12
https://luza777.itch.io/training-arcade,,2026-02-12
https://bjartur-dev.itch.io/pong,,2026-02-12
https://joear93.itch.io/lauchpad-pro,,2026-02-12
https://carry-on.itch.io/deltarune-battle-template,,2026-02-12
https://ayhanonder.itch.io/serpent,,2026-02-12
https://7thsystem.itch.io/cow-curse,,2026-02-12
https://che4p-vodk4.itch.io/vslsk,,2026-02-12
https://artemko741.itch.io/catchfishgame,,2026-02-12
https://slugpplgames.itch.io/slugly-forages-for-food,,2026-02-12
https://head-cheese.itch.io/supa-street-fighta,,2026-02-12
https://el-sebasxd.itch.io/minecraft-mod,,2026-02-12
https://bnuuyshame.itch.io/gluttonism-story-tuki-tiki-visual-novel,,2026-02-12
https://kyle850.itch.io/the-cayo-perico-heist,,2026-02-12
https://mrchristenson.itch.io/mission-2-part-1-watching-the-moon,,2026-02-12
https://findus-787.itch.io/fragmentum-der-letzte-orbit,,2026-02-12
https://burnoutcat.itch.io/scope-test,,2026-02-12
https://nolanwoodyer.itch.io/citro-man,,2026-02-12
https://flpy.itch.io/dokebullet-hell,,2026-02-12
https://jonahbearstudiosinc.itch.io/ohboypalthatsswell,,2026-02-12
https://azul1ne.itch.io/whats-in-my-head-nowadays,,2026-02-12
https://josemateusamaral.itch.io/chrono-descent,,2026-02-12
https://aeneas-nin.itch.io/behold-a-party-game,,2026-02-12
https://legobegotego.itch.io/mainicrefiti,,2026-02-12
https://cvalera.itch.io/false-enemy,,2026-02-12
https://thebackstagedevreal.itch.io/genesis-engine,,2026-02-12
https://chrisdev110.itch.io/spider-steps,,2026-02-12
https://mrchanpi2007-incredibox.itch.io/incredibox-sprunki-shifted-partners-in-carnage-chanpion-dash-gd-take,,2026-02-12
https://all-bones-jones.itch.io/cradle-of-nightmare,,2026-02-12
https://stoinket.itch.io/the-bees-knees,,2026-02-12
https://scaleboundgames.itch.io/astra-pirate-map-icons,,2026-02-12
https://faeralcatmeems.itch.io/a-2025-digital-sketchbook-part-2,,2026-02-12
https://econprazednoahbear.itch.io/consuela-sb-family-guy,,2026-02-12
https://uzziponydubberx.itch.io/charlie-morningstar-hypno-suck-hd,,2026-02-12
https://z-han.itch.io/level-design,,2026-02-12
https://gr8earlofhell.itch.io/tallow-candles,,2026-02-12
https://kaiwoverine.itch.io/the-grim,,2026-02-12
https://mikemancha.itch.io/the-sword-game,,2026-02-12
https://spicysush1.itch.io/tile-match,,2026-02-12
https://mr-cloudy-3.itch.io/universitycombatfrenzy,,2026-02-12
https://gbraad.itch.io/regroovelizer-raspi,,2026-02-12
https://d3f3nestration.itch.io/pucchimas-pickle,,2026-02-12
https://normalpressco.itch.io/the-horrible-harusame-castle,,2026-02-12
https://jonandrewitchio.itch.io/androodev-co-op-sample,,2026-02-12
https://pyronian-studios.itch.io/bbbbb,,2026-02-12
https://baroldbilly.itch.io/henry-adventure-boy-platformer,,2026-02-12
https://pyronian-studios.itch.io/mlg-breakout,,2026-02-12
https://evalynn.itch.io/watercolor-painted-flowers,,2026-02-12
https://javsamonte.itch.io/unity-webxr-demo,,2026-02-12
https://rawlings.itch.io/splink,,2026-02-12
https://spicysush1.itch.io/guys-adventure,,2026-02-12
https://seahong28.itch.io/down-the-rabbit-hole,,2026-02-12
https://ilazer.itch.io/uw-game-development-club-art-project-lesson,,2026-02-12
https://hollowdevlab.itch.io/crystal-runner,,2026-02-12
https://prince2005kumar.itch.io/bangbangarena,,2026-02-12
https://lilyfallingapart.itch.io/sonic-advance-4ever-and-ever,,2026-02-12
https://amanmathur.itch.io/designation-slugger,,2026-02-12
https://joel-a-huegel.itch.io/mus-g0,,2026-02-12
https://loomy-pixie.itch.io/basic-environment-tileset-free,,2026-02-12
https://claireart8023.itch.io/isometricterraintilepack48,,2026-02-12
https://invisiblecuts.itch.io/final-knight,,2026-02-12
https://eljidev.itch.io/spaghetticode,,2026-02-12
https://spicysush1.itch.io/my-masterful-maze,,2026-02-12
https://frxmex27.itch.io/last-square-v01,,2026-02-12
https://saturn-computing-topic.itch.io/qzeq-please-play-my-game-bussimulator,,2026-02-12
https://rigeladmin.itch.io/the-god-wars,,2026-02-12
https://jaumaras.itch.io/archviztest1,,2026-02-12
https://isopodders.itch.io/citrus-invaders,,2026-02-12
https://pyronian-studios.itch.io/dark-cut-4,,2026-02-12
https://posterboardgames.itch.io/wizards-guns,,2026-02-12
https://nekono-studio.itch.io/pong-assault,,2026-02-12
https://sumatra-3d.itch.io/havenwood-diaries-vol-1,,2026-02-12
https://justgeno.itch.io/slop-tag-horror,,2026-02-12
https://homay.itch.io/ash,,2026-02-12
https://rootoo555.itch.io/bloodsong,,2026-02-12
https://ikonyksound.itch.io/voyage-of-the-valiant-epic-adventure-game-music,,2026-02-12
https://luisgonzalez514.itch.io/dungeonknights,,2026-02-12
https://ariffdev-ash.itch.io/hauntu-dusun,,2026-02-12
https://playstationnerd1994.itch.io/cosmic-rift-airstrike-nazi-zero-g-experiment-rift-war-1944,,2026-02-12
https://dylancshop.itch.io/doctor-who,,2026-02-12
https://joeypacentine.itch.io/give-me-a-brake,,2026-02-12
https://ikonyksound.itch.io/voyage-of-the-valiant-ii-epic-adventure-game-music,,2026-02-12
https://jimmyneutrons.itch.io/fnfb,,2026-02-12
https://da6447.itch.io/knightrun,,2026-02-12
https://lapizwcg.itch.io/wow-dbc-localization-merger-335a,,2026-02-12
https://deangoodson.itch.io/fishgun,,2026-02-12
https://citrous-studio.itch.io/citrous-splash,,2026-02-12
https://sin1dor2zan3.itch.io/we-play-tanks,,2026-02-12
https://ikonyksound.itch.io/chip-groove-three-retro-inspired-game-music,,2026-02-12
https://in-the-void.itch.io/free-rpg-icons,,2026-02-12
https://molerbearac.itch.io/my-sprunki-mod-leak,,2026-02-12
https://dannyisyt.itch.io/project-cosmo,,2026-02-12
https://inusou.itch.io/zlamani,,2026-02-12
https://thanlada.itch.io/quick-quizzers,,2026-02-12
https://ikonyksound.itch.io/battle-nexus-ii-arena-combat-game-music,,2026-02-12
https://zeke897.itch.io/spring-tagv1,,2026-02-12
https://keysataniel.itch.io/legends-of-the-pixel-realm-14-tracks-retro-rpg-collection,,2026-02-12
https://kor1creates.itch.io/justasunclanwarrior,,2026-02-12
https://woodensoftwaredevelopment.itch.io/metal-detector,,2026-02-12
https://laffraff.itch.io/ballads-in-the-dark,,2026-02-12
https://nimanoro.itch.io/neon-survivor,,2026-02-12
https://abresch.itch.io/ovrgre,,2026-02-12
https://nitsujinn.itch.io/tripper,,2026-02-12
https://stevenroyals.itch.io/square-match,,2026-02-12
https://finzaroth.itch.io/fossilyzed,,2026-02-12
https://chaos00177.itch.io/the-lewdest-sovereign,,2026-02-12
https://labofidee.itch.io/rainy-path,,2026-02-12
https://ikonyksound.itch.io/groovy-puzzles-3-groovy-puzzle-game-music,,2026-02-12
https://lustboundbestiary.itch.io/elven-enticement-lustbound-tavern,,2026-02-12
https://damicogames.itch.io/veilborn-woods,,2026-02-12
https://haisonx.itch.io/dunhuang-vr,,2026-02-12
https://ikonyksound.itch.io/retro-racing-ii-old-school-racing-game-music,,2026-02-12
https://historyleaf37.itch.io/momomegu-bingo,,2026-02-12
https://yasaka4160.itch.io/loyalcard77,,2026-02-12
https://ikonyksound.itch.io/chip-groove-four-retro-inspired-game-music,,2026-02-12
https://fleetfoxx.itch.io/cream-cheese,,2026-02-12
https://ikonyksound.itch.io/war-anthems-ii-military-shooter-game-music,,2026-02-12
https://sqweve.itch.io/flappy-balls-d,,2026-02-12
https://crawlertubby.itch.io/raise-a-tamagotchi,,2026-02-12
https://lamenusgame.itch.io/lamenusgame,,2026-02-12
https://ikonyksound.itch.io/the-buried-secrets-survival-horror-game-music,,2026-02-12
https://ikonyksound.itch.io/odyssey-iii-space-adventure-game-music,,2026-02-12
https://ikonyksound.itch.io/enchanted-grove-2-nature-adventure-game-music,,2026-02-12
https://ikonyksound.itch.io/hidden-chamber-ii-ancient-action-game-music,,2026-02-12
https://beautifulpig.itch.io/blockdestoryer,,2026-02-12
https://quincycatholicgames.itch.io/windandwaves,,2026-02-12
https://ikonyksound.itch.io/brutal-beats-3-action-shooter-game-music,,2026-02-12
https://sovseabird.itch.io/legend-of-zelda-unity-remaster,,2026-02-12
https://ikonyksound.itch.io/dystopian-driving-3-post-apocalyptic-driving-game-music,,2026-02-12
https://healthyhuman.itch.io/pc-parts-card-game,,2026-02-12
https://flat-fighter.itch.io/pinky-high-bounce-ball-simulator,,2026-02-12
https://vaultkeeper.itch.io/ice-balls,,2026-02-12
https://zackdurec.itch.io/glorp-pixel-to-svg,,2026-02-12
https://ikonyksound.itch.io/espionage-iii-jazzy-spy-game-music,,2026-02-12
https://toofyvr.itch.io/555555-6-7,,2026-02-12
https://ikonyksound.itch.io/chill-puzzles-2-relaxing-puzzle-game-music,,2026-02-12
https://palomon43.itch.io/arodinter,,2026-02-12
https://ikonyksound.itch.io/beatdown-grooves-2-urban-brawl-game-music,,2026-02-12
https://runyusheng.itch.io/greenjelly,,2026-02-12
https://megentarou.itch.io/japanese-dark-fantasy-enemies-shrinebound-spirits,,2026-02-12
https://autumnmeaning.itch.io/takeoff,,2026-02-12
https://ikonyksound.itch.io/neon-dreams-futuristic-game-music,,2026-02-12
https://martinegames.itch.io/lybyrun,,2026-02-12
https://unnamed-brian.itch.io/fune-chi,,2026-02-12
https://keygreenguineafowl.itch.io/extreme-paintbrawl,,2026-02-12
https://rit2040.itch.io/fatal-heelz,,2026-02-12
https://paofan25.itch.io/0,,2026-02-12
https://misteriumorijinal.itch.io/entre-mundos,,2026-02-12
https://gamessmir.itch.io/falco-apple-worm-2,,2026-02-12
https://pud-wachirawit.itch.io/portfolio-magic-block-connect-4-game,,2026-02-12
https://itch-unk-beb.itch.io/rubox-v0,,2026-02-12
https://enrique-vera.itch.io/mewgenics,,2026-02-12
https://lighttamjam.itch.io/the-boring-cliche-game-script,,2026-02-12
https://creativeseeds-gdd.itch.io/xenotech,,2026-02-12
https://cacarotbritanic.itch.io/salvando-el-mundo-4,,2026-02-12
https://nazarbylen2.itch.io/norwegian-forest,,2026-02-12
https://kento-games.itch.io/bound,,2026-02-12
https://lighttamjam.itch.io/quarantine-lore,,2026-02-12
https://mtomov92.itch.io/simple-game-ui-pack-buttons-bars-panels-hotbar,,2026-02-12
https://chiki-game.itch.io/ferris-wheel-asset-for-rpg-maker-mv-mz,,2026-02-12
https://janastojanovic597-ops.itch.io/mimithemouse,,2026-02-12
https://marek-kubala.itch.io/minecraft-60x-texture-seamless-patterns,,2026-02-12
https://iroburst.itch.io/yuki2,,2026-02-12
https://yumely.itch.io/my-stylish-life-v001,,2026-02-12
https://cello-91.itch.io/beispiel-jump-run,,2026-02-12
https://mtomov92.itch.io/animated-special-effects-pack-2d-effects-for-games,,2026-02-12
https://lwotde.itch.io/lesbian-warriors-of-the-dying-earth-ch4,,2026-02-12
https://mtomov92.itch.io/ultimate-indie-game-assets-bundle-icons-ui-effects,,2026-02-12
https://manyin.itch.io/shuirenxiaoshi,,2026-02-12
https://lighttamjam.itch.io/devilmonster-book-rewrite,,2026-02-12
https://victord62.itch.io/petit-prince,,2026-02-12
https://mustafaramx.itch.io/lingomacbar-menu-bar-translator-for-macos,,2026-02-12
https://icebear120846.itch.io/overheat-runner,,2026-02-12
https://redthebrit.itch.io/wizard-duel,,2026-02-12
https://abwebtech.itch.io/beyond-runner,,2026-02-12
https://seasonstray.itch.io/relic-the-hidden-story,,2026-02-12
https://andrea-pozas.itch.io/save-the-world,,2026-02-12
https://ramziapps.itch.io/kalendarz-katolicki-notatnik-duchowy,,2026-02-12
https://guidosprite.itch.io/file-cleanup-project-folder-organizer-tool,,2026-02-12
https://demondogsrevenge666gaming.itch.io/mike-clone-blast-demo,,2026-02-12
https://asgart-3d.itch.io/viking,,2026-02-12
https://comemartin.itch.io/every-day-is-a-new-fight,,2026-02-12
https://afterlight-studios-off.itch.io/hyperpix,,2026-02-12
https://bradely.itch.io/water-boiling,,2026-02-12
https://luxxor24.itch.io/expose-my-teacher-v-10,,2026-02-12
https://itsmonss.itch.io/psx-syle-desk-lamp-low-poly,,2026-02-12
https://2gates.itch.io/donald-in-love,,2026-02-12
https://obligateanaerobe.itch.io/concept-of-blue,,2026-02-12
https://gametizz.itch.io/satisfying-orb,,2026-02-12
https://challenging-games.itch.io/doomstacker,,2026-02-12
https://1ncors.itch.io/deliverance-protocol-ironrot-demo,,2026-02-12
https://haroldmud.itch.io/zombie-well-defense,,2026-02-12
https://lilfrostyxd.itch.io/kyrith,,2026-02-12
https://d99-1.itch.io/out-of-time,,2026-02-12
https://kudokiw.itch.io/supernova-the-emp,,2026-02-12
https://andyioi0290.itch.io/mirror-maze,,2026-02-12
https://puree-adventure.itch.io/bus-stop-dress-up,,2026-02-12
https://layerlab.itch.io/2d-survival-picto-pack,,2026-02-12
https://agatatp.itch.io/bullet-mechanicis-test,,2026-02-12
https://jeppekjeldal.itch.io/galaxy-strike,,2026-02-12
https://lomok3.itch.io/hell-chess,,2026-02-12
https://calil-vtt-assets.itch.io/tavern-nights-atmospheres,,2026-02-12
https://cinnamonsunby.itch.io/oo-ee-a-e-a,,2026-02-12
https://agatatp.itch.io/undiscovered-collors,,2026-02-12
https://popdaddygames.itch.io/qwt,,2026-02-12
https://glitched-json.itch.io/light-maze,,2026-02-12
https://popdaddygames.itch.io/star-tournament,,2026-02-12
https://glitched-json.itch.io/pac-snowman-remake,,2026-02-12
https://glitched-json.itch.io/legacy-of-the-healer,,2026-02-12
https://glitched-json.itch.io/asteroid-invaders,,2026-02-12
https://glitched-json.itch.io/file-disorder,,2026-02-12
https://glitched-json.itch.io/rogue-desktop,,2026-02-12
https://deputyrangerfan1996.itch.io/one-week,,2026-02-12
https://iwansherlock.itch.io/personal-space,,2026-02-12
https://glitched-json.itch.io/summit,,2026-02-12
https://glitched-json.itch.io/no-time,,2026-02-12
https://endurion.itch.io/parallax,,2026-02-12
https://glitched-json.itch.io/loopers-arena,,2026-02-12
https://popdaddygames.itch.io/chipperton,,2026-02-12
https://game-u-holtz.itch.io/cyber-bouncer,,2026-02-12
https://iwansherlock.itch.io/good-thing-theres-an-eject-button,,2026-02-12
https://iwansherlock.itch.io/good-thing-theres-an-eject-button-ver-02,,2026-02-12
https://glitched-json.itch.io/tower-hell,,2026-02-12
https://itch.io/jam/vgd-2025-26-party-game/rate/4213615,,2026-02-12
https://itch.io/jam/prizes-abstract-audio-jam/rate/4276946,,2026-02-12
https://itch.io/jam/tripo-3d-game-jam-for-gdc-2026-portal-pass/rate/4278792,,2026-02-12
https://itch.io/jam/prizes-wasteland-jam-02/rate/4274496,,2026-02-12
https://itch.io/jam/rol-indie-en-castellano-2026/rate/4179143,,2026-02-12
https://itch.io/jam/interactive-fiction-showcase-2026/rate/4220645,,2026-02-12
https://itch.io/jam/cyberpunk-mission-jam-2026/rate/4278401,,2026-02-12
https://itch.io/jam/8-bit-shadowdark-game-jam/rate/4278843,,2026-02-12
https://itch.io/jam/core-mechanics-challenge-2025-winter/rate/4277496,,2026-02-12
https://itch.io/jam/core-mechanics-challenge-2025-winter/rate/4278861,,2026-02-12
https://itch.io/jam/lgd-bundle-2026/rate/4245784,,2026-02-12
https://itch.io/jam/tripo-3d-game-jam-for-gdc-2026-portal-pass/rate/4278914,,2026-02-12
https://itch.io/jam/8-bit-shadowdark-game-jam/rate/4279005,,2026-02-12
https://itch.io/jam/universe-jam-2022-vs/rate/4182029,,2026-02-12
https://itch.io/jam/flexible-2025/rate/4182029,,2026-02-12
https://itch.io/jam/gamelab-spil/rate/4182029,,2026-02-12
https://itch.io/jam/ai-generated-space-jam-/rate/4182029,,2026-02-12
https://itch.io/jam/synty-screenshot-jam-feb-2026/rate/4279063,,2026-02-12
https://itch.io/jam/tripo-3d-game-jam-for-gdc-2026-portal-pass/rate/4279102,,2026-02-12
https://itch.io/jam/prizes-wasteland-jam-02/rate/4259078,,2026-02-12
https://itch.io/jam/playgama-puzzle-sobbing/rate/4274543,,2026-02-12
https://itch.io/jam/the-transhet-jam/rate/4277505,,2026-02-12
https://itch.io/jam/8-bit-shadowdark-game-jam/rate/4279128,,2026-02-12
https://itch.io/jam/igjam2026/rate/4279198,,2026-02-12
https://itch.io/jam/tripo-3d-game-jam-for-gdc-2026-portal-pass/rate/4278737,,2026-02-12
https://itch.io/jam/goedware-game-jam-community-edition/rate/4276381,,2026-02-12
https://itch.io/jam/tripo-3d-game-jam-for-gdc-2026-portal-pass/rate/4279237,,2026-02-12
https://itch.io/jam/tripo-3d-game-jam-for-gdc-2026-portal-pass/rate/4266485,,2026-02-12
https://itch.io/jam/frontin-ludens-2025-2/rate/4279215,,2026-02-12
https://itch.io/jam/sunday-zine-club-20/rate/4279223,,2026-02-12
https://itch.io/jam/dreamdisc-25/rate/4231097,,2026-02-12
https://itch.io/jam/strawberry-jam-10/rate/4278745,,2026-02-12
https://itch.io/jam/ryona-jam-2026/rate/4277547,,2026-02-12
https://itch.io/jam/mutual-aid-ttrpg-jam/rate/4127776,,2026-02-12
https://itch.io/jam/mutual-aid-ttrpg-jam/rate/1314400,,2026-02-12
https://itch.io/jam/32bit-asset-jam-2/rate/4279019,,2026-02-12
https://itch.io/jam/rule-of-carnage-green-jam-20252026/rate/4279527,,2026-02-12
https://itch.io/jam/ukrainian-micro-visual-novel-jam-2/rate/4279520,,2026-02-12
https://itch.io/jam/micro-jam-053/rate/4275123,,2026-02-12
https://itch.io/jam/mvna2026/rate/4279582,,2026-02-12
https://itch.io/jam/egypt-game-jam-2026/rate/4230880,,2026-02-12
https://itch.io/jam/theham-jam-1/rate/4230880,,2026-02-12
https://itch.io/jam/8-bit-shadowdark-game-jam/rate/4279657,,2026-02-12
https://itch.io/jam/chill-vibes-art-jam-5/rate/4279665,,2026-02-12
https://itch.io/jam/prizes-wasteland-jam-02/rate/4260688,,2026-02-12
https://itch.io/jam/ttrpgs-for-trans-rights-idaho/rate/4245998,,2026-02-12
https://itch.io/jam/ttrpgs-for-trans-rights-idaho/rate/2505870,,2026-02-12
https://itch.io/jam/ttrpgs-for-trans-rights-idaho/rate/3291841,,2026-02-12
https://itch.io/jam/eternal-ttrpg-jam-february-2026-zine-month/rate/4266690,,2026-02-12
https://itch.io/jam/game-breakers-toolkit-jam-13/rate/4279775,,2026-02-12
https://itch.io/jam/frontin-ludens-2025-2/rate/4279569,,2026-02-12
https://itch.io/jam/mutual-aid-ttrpg-jam/rate/4258031,,2026-02-12
https://itch.io/jam/mutual-aid-ttrpg-jam/rate/4268872,,2026-02-12
https://itch.io/jam/dreamdisc-25/rate/4268872,,2026-02-12
https://itch.io/jam/egypt-game-jam-2026/rate/4268872,,2026-02-12
https://itch.io/jam/stockton-university-game-jam-3/rate/4268872,,2026-02-12
https://itch.io/jam/igjam2026/rate/4268872,,2026-02-12
https://itch.io/jam/demake-jam-2026/rate/4268872,,2026-02-12
https://itch.io/jam/turtley-in-love-winter-2026/rate/4268872,,2026-02-12
https://itch.io/jam/theham-jam-1/rate/4268872,,2026-02-12
https://itch.io/jam/game-breakers-toolkit-jam-13/rate/4279947,,2026-02-12
https://itch.io/jam/bevy-jam-7/rate/4268872,,2026-02-12
https://itch.io/jam/playgama-puzzle-sobbing/rate/4268872,,2026-02-12
https://itch.io/jam/chill-vibes-game-jam-5/rate/4279798,,2026-02-12
https://itch.io/jam/8-bit-shadowdark-game-jam/rate/4279079,,2026-02-12
https://itch.io/jam/swyvers-heistable-hovels-jam-/rate/4280051,,2026-02-12
https://itch.io/jam/bigmode-game-jam-2026/rate/4271911,,2026-02-12
https://itch.io/jam/8-bit-shadowdark-game-jam/rate/4280136,,2026-02-12
https://itch.io/jam/8-bit-shadowdark-game-jam/rate/4278869,,2026-02-12
https://itch.io/jam/gdko-2026-round-2/rate/4280087,,2026-02-12
https://itch.io/jam/game-breakers-toolkit-jam-13/rate/4279751,,2026-02-12
https://itch.io/jam/ttrpgs-for-trans-rights-idaho/rate/3086769,,2026-02-12
https://itch.io/jam/roll-bond-bundle-for-pcrf-2026/rate/4035044,,2026-02-12
https://itch.io/jam/dreamdisc-25/rate/4210978,,2026-02-12
https://itch.io/jam/prizes-abstract-audio-jam/rate/4280253,,2026-02-12
https://itch.io/jam/rule-of-carnage-green-jam-20252026/rate/4201326,,2026-02-12
https://itch.io/jam/cyberpunk-mission-jam-2026/rate/4280304,,2026-02-12
https://itch.io/jam/decadejam/rate/4274524,,2026-02-12
https://itch.io/jam/20-years-game-jam/rate/4274524,,2026-02-12
https://itch.io/jam/portfolio-builders-jam-week-59/rate/4274524,,2026-02-12
https://itch.io/jam/rule-of-carnage-green-jam-20252026/rate/4280356,,2026-02-12
https://itch.io/jam/20-years-game-jam/rate/4280373,,2026-02-12
https://itch.io/jam/decadejam/rate/4280373,,2026-02-12
https://itch.io/jam/amigamejam/rate/4268062,,2026-02-12
https://itch.io/jam/8-bit-shadowdark-game-jam/rate/4280232,,2026-02-12
https://itch.io/jam/ukrainian-micro-visual-novel-jam-2/rate/4279114,,2026-02-12
https://itch.io/jam/8-bit-shadowdark-game-jam/rate/4280006,,2026-02-12
https://itch.io/jam/ttrpgs-for-trans-rights-idaho/rate/3142571,,2026-02-12
https://itch.io/jam/noise-jam-2/rate/4180537,,2026-02-12
https://itch.io/jam/game-breakers-toolkit-jam-13/rate/4280521,,2026-02-12
https://itch.io/jam/conduit-festival-game-jam/rate/4277977,,2026-02-12
https://itch.io/jam/rm-event-2026-winter/rate/4274994,,2026-02-12
https://itch.io/jam/magic-school-ttrpg-jam/rate/4270878,,2026-02-12
https://itch.io/jam/portfolio-builders-jam-week-59/rate/4280727,,2026-02-12
https://itch.io/jam/android-indie-game-jam/rate/4276329,,2026-02-12
https://itch.io/jam/cyg-6/rate/4007555,,2026-02-12
https://itch.io/jam/decadejam/rate/4143026,,2026-02-12
https://itch.io/jam/how-long-can-we-jam/rate/4143026,,2026-02-12
https://itch.io/jam/indiepocalypse-issue-76-paying-anthology/rate/4270285,,2026-02-12
https://itch.io/jam/8-bit-shadowdark-game-jam/rate/4280825,,2026-02-12
https://itch.io/jam/8-bit-shadowdark-game-jam/rate/4280847,,2026-02-12
https://itch.io/jam/8-bit-shadowdark-game-jam/rate/4280844,,2026-02-12
https://itch.io/jam/8-bit-shadowdark-game-jam/rate/4280967,,2026-02-12
https://itch.io/jam/ukrainian-micro-visual-novel-jam-2/rate/4280992,,2026-02-12
https://itch.io/jam/8-bit-shadowdark-game-jam/rate/4281019,,2026-02-12
https://itch.io/jam/8-bit-shadowdark-game-jam/rate/4281044,,2026-02-12
https://itch.io/jam/8-bit-shadowdark-game-jam/rate/4280733,,2026-02-12
https://itch.io/jam/8-bit-shadowdark-game-jam/rate/4281029,,2026-02-12
https://itch.io/jam/trijam-358/rate/4277293,,2026-02-12
https://itch.io/jam/mutual-aid-ttrpg-jam/rate/2165124,,2026-02-12
https://itch.io/jam/8-bit-shadowdark-game-jam/rate/4281179,,2026-02-12
https://itch.io/jam/thank-you-itch/rate/3522342,,2026-02-12
https://itch.io/jam/one-game-a-month-56/rate/4281255,,2026-02-12
https://itch.io/jam/scariest-horror-jam/rate/4162852,,2026-02-12
https://itch.io/jam/one-game-a-month-56/rate/4268892,,2026-02-12
https://itch.io/jam/dreamdisc-25/rate/4270674,,2026-02-12
https://itch.io/jam/jdr-haltere-native/rate/4281431,,2026-02-12
https://itch.io/jam/igjam2026/rate/4281409,,2026-02-12
https://itch.io/jam/mutual-aid-ttrpg-jam/rate/4281498,,2026-02-12
https://itch.io/jam/playgama-puzzle-sobbing/rate/4230522,,2026-02-12
https://itch.io/jam/igjam2026/rate/4281520,,2026-02-12
https://itch.io/jam/mvna2026/rate/4273488,,2026-02-12
https://itch.io/jam/g4c-ggj-2026/rate/4250213,,2026-02-12
https://itch.io/jam/oiside-game-jam-1/rate/3934866,,2026-02-12
https://itch.io/jam/oiside-game-jam-1/rate/3934331,,2026-02-12
https://itch.io/jam/oiside-game-jam-1/rate/3934953,,2026-02-12
https://itch.io/jam/oiside-game-jam-1/rate/3935006,,2026-02-12
https://itch.io/jam/oiside-game-jam-1/rate/3935009,,2026-02-12
https://itch.io/jam/oiside-game-jam-1/rate/3935011,,2026-02-12
https://itch.io/jam/oiside-game-jam-1/rate/3934528,,2026-02-12
https://itch.io/jam/oiside-game-jam-1/rate/3934928,,2026-02-12
https://itch.io/jam/oiside-game-jam-1/rate/3932522,,2026-02-12
https://itch.io/jam/oiside-game-jam-1/rate/3935042,,2026-02-12
https://itch.io/jam/oiside-game-jam-1/rate/3935118,,2026-02-12
https://itch.io/jam/swgm-start-2026,,2026-02-12
https://itch.io/jam/soilscape-france-2026,,2026-02-12
https://itch.io/jam/soilscape-portugal-2026,,2026-02-12
https://itch.io/jam/one-page-weekender-2026,,2026-02-12
https://itch.io/jam/f1214550,,2026-02-12
https://itch.io/jam/tavern-jam-dnd,,2026-02-12
https://itch.io/jam/raldi-game-jam-2026-edition,,2026-02-12
https://itch.io/jam/sapovit-minecraft-game-jam-1,,2026-02-12
https://itch.io/jam/garbage-jam,,2026-02-12
https://itch.io/jam/itw-week-4-godot-ui,,2026-02-12
https://itch.io/jam/random-,,2026-02-12
https://itch.io/jam/c64-retromania-jam,,2026-02-12
https://itch.io/jam/t39-trilha-03-ter-e-qui-1745-bunaninhas,,2026-02-12
https://itch.io/jam/t45-trilha-03-ter-e-qui-1745-tropa-quebra-cdigo,,2026-02-12
https://itch.io/jam/igds2026-narrative-mod,,2026-02-12
https://itch.io/jam/summer-time-,,2026-02-12
https://itch.io/jam/brock-csc-game-jam-2026,,2026-02-12
https://itch.io/jam/superb-owl-jam,,2026-02-12
https://itch.io/jam/ae-game-jam1,,2026-02-12
https://itch.io/jam/-coppercube-jam-think-outside-the-full-screen,,2026-02-12
https://itch.io/jam/coppercube-jam-the-unclosed-window-psychological-horror-edition,,2026-02-12
https://itch.io/jam/artd1157-flickgames-2026,,2026-02-12
https://graydsl.itch.io,,2026-02-12
https://hornymelon.itch.io,,2026-02-12
https://adriaen-vdm.itch.io,,2026-02-12
https://nexis717.itch.io,,2026-02-12
https://glitched-json.itch.io,,2026-02-12
https://jakeanator.itch.io,,2026-02-12
https://aspirations-pit.itch.io,,2026-02-12
https://kaelaks.itch.io,,2026-02-12
https://c0wp0k3.itch.io,,2026-02-12
https://yasaka4160.itch.io,,2026-02-12
https://datdejvtho.itch.io,,2026-02-12
https://chrisdev110.itch.io,,2026-02-12
https://che4p-vodk4.itch.io,,2026-02-12
https://chesterhuang.itch.io,,2026-02-12
https://studiobedem.itch.io,,2026-02-12
https://niqxel.itch.io,,2026-02-12
https://egesteam3.itch.io,,2026-02-12
https://thebackstagedevreal.itch.io,,2026-02-12
https://lamenusgame.itch.io,,2026-02-12
https://randomaccess64.itch.io,,2026-02-12
https://dukedevs.itch.io,,2026-02-12
https://miiteosr.itch.io,,2026-02-12
https://garbanzosalhorno.itch.io,,2026-02-12
https://kitdakatdev.itch.io,,2026-02-12
https://cressalina.itch.io,,2026-02-12
https://sansyg.itch.io,,2026-02-12
https://emmarosebomar.itch.io,,2026-02-12
https://carolinemoe.itch.io,,2026-02-12
https://tauherzgamestudio.itch.io,,2026-02-12
https://gian-luca-burtoli.itch.io,,2026-02-12
https://emmanuelkyoria.itch.io,,2026-02-12
https://tall-goat.itch.io,,2026-02-12
https://turtleburgle.itch.io,,2026-02-12
https://thotoe.itch.io,,2026-02-12
https://cvalera.itch.io,,2026-02-12
https://pebetom.itch.io,,2026-02-12
https://manyin.itch.io,,2026-02-12
https://mugmanmiller.itch.io,,2026-02-12
https://byelenn.itch.io,,2026-02-12
https://abjectcloud.itch.io,,2026-02-12
https://fileswork-gamessv.itch.io,,2026-02-12
https://vampirebloodink.itch.io,,2026-02-12
https://ajackthegreater1.itch.io,,2026-02-12
https://crosano.itch.io,,2026-02-12
https://f-u-n-t-i-m-e.itch.io,,2026-02-12
https://ibaadm.itch.io,,2026-02-12
https://retropiq.itch.io,,2026-02-12
https://typhoon36.itch.io,,2026-02-12
https://redux-games.itch.io,,2026-02-12
https://lunarkaiya.itch.io,,2026-02-12
https://gamedev-mel.itch.io,,2026-02-12
https://dem0523.itch.io,,2026-02-12
https://lilfrostyxd.itch.io,,2026-02-12
https://bilgehansavgu.itch.io,,2026-02-12
https://nimanoro.itch.io,,2026-02-12
https://wemeh.itch.io,,2026-02-12
https://lanpota.itch.io,,2026-02-12
https://exxxxxxxxk.itch.io,,2026-02-12
https://fartomy.itch.io,,2026-02-12
https://j0ono0.itch.io,,2026-02-12
https://laungelion.itch.io,,2026-02-12
https://causette-crew.itch.io,,2026-02-12
https://goodfaithgames.itch.io,,2026-02-12
https://nieoshi.itch.io,,2026-02-12
https://lreh5aw.itch.io,,2026-02-12
https://luck-dev.itch.io,,2026-02-12
https://lootcombat.itch.io,,2026-02-12
https://angelbatz.itch.io,,2026-02-12
https://timehasspun.itch.io,,2026-02-12
https://wwexrock.itch.io,,2026-02-12
https://noxmodel001.itch.io,,2026-02-12
https://kubrik.itch.io,,2026-02-12
https://kaiwoverine.itch.io,,2026-02-12
https://gonte.itch.io,,2026-02-12
https://paofan25.itch.io,,2026-02-12
https://gepariir.itch.io,,2026-02-12
https://ta-har.itch.io,,2026-02-12
https://sin1dor2zan3.itch.io,,2026-02-12
https://ael-kurai.itch.io,,2026-02-12
https://frxmex27.itch.io,,2026-02-12
https://aramations.itch.io,,2026-02-12
https://massive-fucking-loser.itch.io,,2026-02-12
https://chickenmargarita.itch.io,,2026-02-12
https://jamesweeman1.itch.io,,2026-02-12
https://rosiesnail.itch.io,,2026-02-12
https://elmichixd.itch.io,,2026-02-12
https://psychotomato.itch.io,,2026-02-12
https://loafthebread.itch.io,,2026-02-12
https://cadaver-shop-games.itch.io,,2026-02-12
https://skelledmir.itch.io,,2026-02-12
https://m0rrn1ng-st4r.itch.io,,2026-02-12
https://m0r1ginz.itch.io,,2026-02-12
https://lixyyfr.itch.io,,2026-02-12
https://ellena132005.itch.io,,2026-02-12
https://sean-games.itch.io,,2026-02-12
https://ayhanonder.itch.io,,2026-02-12
https://blinchikxx.itch.io,,2026-02-12
https://gutimxp45.itch.io,,2026-02-12
https://mr-epic-face.itch.io,,2026-02-12
https://eve-was.itch.io,,2026-02-12
https://solomes.itch.io,,2026-02-12
https://xxggg.itch.io,,2026-02-12
https://fotrs-gaming.itch.io,,2026-02-12
https://jaroslavdobisz.itch.io,,2026-02-12
https://thewitchofart.itch.io,,2026-02-12
https://danuno12.itch.io,,2026-02-12
https://abdou-24.itch.io,,2026-02-12
https://krisronics.itch.io,,2026-02-12
https://pufferlab.itch.io,,2026-02-12
https://digow.itch.io,,2026-02-12
https://flpy.itch.io,,2026-02-12
https://xixiliii.itch.io,,2026-02-12
https://jtrnb.itch.io,,2026-02-12
https://the-asset-store.itch.io,,2026-02-12
https://xgenerativeproductionsunc.itch.io,,2026-02-12
https://krone128.itch.io,,2026-02-12
https://eamon97.itch.io,,2026-02-12
https://plouton2006.itch.io,,2026-02-12
https://phoxyz.itch.io,,2026-02-12
https://alberto-jamr.itch.io,,2026-02-12
https://profiprodutionsitch.itch.io,,2026-02-12
https://xenothatboi.itch.io,,2026-02-12
https://elabrigodepaulo.itch.io,,2026-02-12
https://blank-creation.itch.io,,2026-02-12
https://diim-01.itch.io,,2026-02-12
https://emicarnationproduction.itch.io,,2026-02-12
https://gunsightsoftware.itch.io,,2026-02-12
https://wallibear1999gmailcom.itch.io,,2026-02-12
https://kittybent.itch.io,,2026-02-12
https://al-peep22.itch.io,,2026-02-12
https://neroblyt.itch.io,,2026-02-12
https://hoikocat.itch.io,,2026-02-12
https://p3rmaban.itch.io,,2026-02-12
https://lustlynovels.itch.io,,2026-02-12
https://gameboy5813.itch.io,,2026-02-12
https://virexeon-entertainment.itch.io,,2026-02-12
https://elineer.itch.io,,2026-02-12
https://shahraanandfunandgames.itch.io,,2026-02-12
https://sys-games.itch.io,,2026-02-12
https://olchenok.itch.io,,2026-02-12
https://d99-1.itch.io,,2026-02-12
https://seahong28.itch.io,,2026-02-12
https://capisdevstudio.itch.io,,2026-02-12
https://saxmd.itch.io,,2026-02-12
https://frankiehartono.itch.io,,2026-02-12
https://fenace.itch.io,,2026-02-12
https://miniraptorrcodeblocks.itch.io,,2026-02-12
https://monrote.itch.io,,2026-02-12
https://myacg20251111.itch.io,,2026-02-12
https://fruitscandy.itch.io,,2026-02-12
https://josephschtein.itch.io,,2026-02-12
https://brianjameschapman.itch.io,,2026-02-12
https://particular-indevidual.itch.io,,2026-02-12
https://unknown-individual001.itch.io,,2026-02-12
https://asillwolatt11.itch.io,,2026-02-12
https://cavauwobooza.itch.io,,2026-02-12
https://mai493.itch.io,,2026-02-12
https://liam-m-mays.itch.io,,2026-02-12
https://yiweicheng111.itch.io,,2026-02-12
https://bixro-tv-tao-studio.itch.io,,2026-02-12
https://neongoblin.itch.io,,2026-02-12
https://kor1creates.itch.io,,2026-02-12
https://amixiz.itch.io,,2026-02-12
https://birbdoy.itch.io,,2026-02-12
https://winter-apple.itch.io,,2026-02-12
https://bjartur-dev.itch.io,,2026-02-12
https://zinebdev.itch.io,,2026-02-12
https://anapat-thongkam.itch.io,,2026-02-12
https://rabittan.itch.io,,2026-02-12
https://muntz-studio.itch.io,,2026-02-12
https://ravenrhythm.itch.io,,2026-02-12
https://iroburst.itch.io,,2026-02-12
https://amman-raikar.itch.io,,2026-02-12
https://hzinhodevyt.itch.io,,2026-02-12
https://progroupco.itch.io,,2026-02-12
https://misterbikerguy.itch.io,,2026-02-12
https://alpex-studio.itch.io,,2026-02-12
https://totallyskirmished.itch.io,,2026-02-12
https://theroaringknight333.itch.io,,2026-02-12
https://fromrusttildawn.itch.io,,2026-02-12
https://northbeachstudio.itch.io,,2026-02-12
https://bjp216.itch.io,,2026-02-12
https://ibelion.itch.io,,2026-02-12
https://jntnw.itch.io,,2026-02-12
https://escualina.itch.io,,2026-02-12
https://ludoyst.itch.io,,2026-02-12
https://puppygirlproblems.itch.io,,2026-02-12
https://alpha-strike-games.itch.io,,2026-02-12
https://ily-si.itch.io,,2026-02-12
https://isopodders.itch.io,,2026-02-12
https://jdubin23.itch.io,,2026-02-12
https://drunk-penguin.itch.io,,2026-02-12
https://prp-studios.itch.io,,2026-02-12
https://o-h4des-o.itch.io,,2026-02-12
https://sheng-ren.itch.io,,2026-02-12
https://nolanwoodyer.itch.io,,2026-02-12
https://wolf-stpierre.itch.io,,2026-02-12
https://bjornjonker.itch.io,,2026-02-12
https://stellarcide.itch.io,,2026-02-12
https://gamotronixstudio.itch.io,,2026-02-12
https://grifo-15.itch.io,,2026-02-12
https://mauro-games.itch.io,,2026-02-12
https://fishpondgame.itch.io,,2026-02-12
https://hydrea8.itch.io,,2026-02-12
https://pivotdtimal.itch.io,,2026-02-12
https://scatheuser.itch.io,,2026-02-12
https://mattfalcon.itch.io,,2026-02-12
https://demonlordownsall.itch.io,,2026-02-12
https://gift10.itch.io,,2026-02-12
https://tat-studio.itch.io,,2026-02-12
https://amaterasugames.itch.io,,2026-02-12
https://ankkalab.itch.io,,2026-02-12
https://hugosaulnier.itch.io,,2026-02-12
https://thomasrodrigobravo.itch.io,,2026-02-12
https://orriss.itch.io,,2026-02-12
https://adizii.itch.io,,2026-02-12
https://retro-tales.itch.io,,2026-02-12
https://athegmios.itch.io,,2026-02-12
https://tvtcxde0onyt1.itch.io,,2026-02-12
https://tonhao-do-pneu.itch.io,,2026-02-12
https://yihangli04.itch.io,,2026-02-12
https://kyle850.itch.io,,2026-02-12
https://rattammaoon.itch.io,,2026-02-12
https://rafaelo-007.itch.io,,2026-02-12
https://bfc2002.itch.io,,2026-02-12
https://bussing-studio.itch.io,,2026-02-12
https://yumely.itch.io,,2026-02-12
https://herrcrusher.itch.io,,2026-02-12
https://zakaxsenpai.itch.io,,2026-02-12
https://inusou.itch.io,,2026-02-12
https://fesalalsubie.itch.io,,2026-02-12
https://jior2n.itch.io,,2026-02-12
https://inuranma.itch.io,,2026-02-12
https://toofyvr.itch.io,,2026-02-12
https://gromis-the-gamer.itch.io,,2026-02-12
https://mudverger.itch.io,,2026-02-12
https://terieur.itch.io,,2026-02-12
https://steelheart-studio.itch.io,,2026-02-12
https://big-karma.itch.io,,2026-02-12
https://desktortoise.itch.io,,2026-02-12
https://matteobnvl.itch.io,,2026-02-12
https://chubby-kitty.itch.io,,2026-02-12
https://yannrenvoise.itch.io,,2026-02-12
https://cymatrix-technologies.itch.io,,2026-02-12
https://canvass-corps.itch.io,,2026-02-12
https://backlogbuster.itch.io,,2026-02-12
https://crazyentertainment.itch.io,,2026-02-12
https://treii-0.itch.io,,2026-02-12
https://abysshorrorstudio.itch.io,,2026-02-12
https://games-mob-invertido.itch.io,,2026-02-12
https://pr0x3y.itch.io,,2026-02-12
https://zuu167.itch.io,,2026-02-12
https://shifooexe.itch.io,,2026-02-12
https://shibunuwu.itch.io,,2026-02-12
https://galaxy-y7777.itch.io,,2026-02-12
https://ghostrider9206.itch.io,,2026-02-12
https://peakboredom.itch.io,,2026-02-12
https://survivor-void.itch.io,,2026-02-12
https://managician.itch.io,,2026-02-12
https://loomy-pixie.itch.io,,2026-02-12
https://peterdrinnan.itch.io,,2026-02-12
https://laufa17.itch.io,,2026-02-12
https://roskimoski.itch.io,,2026-02-12
https://blinkstudio.itch.io,,2026-02-12
https://double-star-games.itch.io,,2026-02-12
https://dual-daggers.itch.io,,2026-02-12
https://time2game.itch.io,,2026-02-12
https://zeitgeistgaming.itch.io,,2026-02-12
https://lilypound.itch.io,,2026-02-12
https://mossy-forest.itch.io,,2026-02-12
https://empiresofava.itch.io,,2026-02-12
https://vhschmidt.itch.io,,2026-02-12
https://yannwwnn.itch.io,,2026-02-12
https://ultra64128.itch.io,,2026-02-12
https://televipop.itch.io,,2026-02-12
https://tonyferrari.itch.io,,2026-02-12
https://mati-apple.itch.io,,2026-02-12
https://quentinjecte.itch.io,,2026-02-12
https://kellerlou06.itch.io,,2026-02-12
https://recuperado.itch.io,,2026-02-12
https://reviveislostdev.itch.io,,2026-02-12
https://el-sebasxd.itch.io,,2026-02-12
https://nshabv.itch.io,,2026-02-12
https://expnm.itch.io,,2026-02-12
https://mynephew.itch.io,,2026-02-12
https://boringzhang.itch.io,,2026-02-12
https://minchaomakegames.itch.io,,2026-02-12
https://andrea-pozas.itch.io,,2026-02-12
https://pdavisalvarez.itch.io,,2026-02-12
https://bradely.itch.io,,2026-02-12
https://purivaonline.itch.io,,2026-02-12
https://enrique-vera.itch.io,,2026-02-12
https://ue-benito.itch.io,,2026-02-12
https://oscarolg.itch.io,,2026-02-12
https://plsdevo.itch.io,,2026-02-12
https://toaster-properties.itch.io,,2026-02-12
https://the-wildcard.itch.io,,2026-02-12
https://phenomenal3.itch.io,,2026-02-12
https://bambiestudio.itch.io,,2026-02-12
https://remilcoolsaetcom.itch.io,,2026-02-12
https://the-flintstones.itch.io,,2026-02-12
https://mr-midn1ght.itch.io,,2026-02-12
https://emma1666666666666.itch.io,,2026-02-12
https://thuy-vo-thi.itch.io,,2026-02-12
https://spire123.itch.io,,2026-02-12
https://tales-of-the-dark.itch.io,,2026-02-12
https://rebecasantosb.itch.io,,2026-02-12
https://juan-chovi.itch.io,,2026-02-12
https://coolbeanx.itch.io,,2026-02-12
https://m8n-matandessaur.itch.io,,2026-02-12
https://arasgonuldev.itch.io,,2026-02-12
https://samueless.itch.io,,2026-02-12
https://cocstel.itch.io,,2026-02-12
https://cooper12341.itch.io,,2026-02-12
https://sgd19.itch.io,,2026-02-12
https://zeno-xine.itch.io,,2026-02-12
https://passagesofthepluricosm.itch.io,,2026-02-12
https://envirohopper.itch.io,,2026-02-12
https://bush3d.itch.io,,2026-02-12
https://ooen.itch.io,,2026-02-12
https://walid123456.itch.io,,2026-02-12
https://redthebrit.itch.io,,2026-02-12
https://abesandaodaodao.itch.io,,2026-02-12
https://scubamaster69.itch.io,,2026-02-12
https://projectghostowner.itch.io,,2026-02-12
https://georgiave.itch.io,,2026-02-12
https://deogen-games.itch.io,,2026-02-12
https://reallyplayer.itch.io,,2026-02-12
https://adamdevy2.itch.io,,2026-02-12
https://unitytools.itch.io,,2026-02-12
https://max-parera.itch.io,,2026-02-12
https://ferranvegas.itch.io,,2026-02-12
https://denisstejskal.itch.io,,2026-02-12
https://pear-davy.itch.io,,2026-02-12
https://playbetter.itch.io,,2026-02-12
https://anonimosovea.itch.io,,2026-02-12
https://psxgamedevhorror.itch.io,,2026-02-12
https://mookiee.itch.io,,2026-02-12
https://2gates.itch.io,,2026-02-12
https://neilswanson.itch.io,,2026-02-12
https://a200731118.itch.io,,2026-02-12
https://botondhun8242.itch.io,,2026-02-12
https://manolito44.itch.io,,2026-02-12
https://la-pandilla-cacahuate.itch.io,,2026-02-12
https://capuleto.itch.io,,2026-02-12
https://vulkendov.itch.io,,2026-02-12
https://rogue01010010.itch.io,,2026-02-12
https://marialogic.itch.io,,2026-02-12
https://rhys-burt.itch.io,,2026-02-12
https://noah-allan.itch.io,,2026-02-12
https://pl4smic34.itch.io,,2026-02-12
https://michalkas.itch.io,,2026-02-12
https://citrous-studio.itch.io,,2026-02-12
https://jeebsmakesgames.itch.io,,2026-02-12
https://skepe-bocha.itch.io,,2026-02-12
https://the-kable-guy.itch.io,,2026-02-12
https://justin-leung.itch.io,,2026-02-12
https://thealternamixers.itch.io,,2026-02-12
https://andrejogos.itch.io,,2026-02-12
https://hlo-activity-game.itch.io,,2026-02-12
https://ghost-05157.itch.io,,2026-02-12
https://demirdagcinar436.itch.io,,2026-02-12
https://robotofthenorth.itch.io,,2026-02-12
https://dalion00.itch.io,,2026-02-12
https://lumi977.itch.io,,2026-02-12
https://kusaremiyabi.itch.io,,2026-02-12
https://jeanlescano.itch.io,,2026-02-12
https://omar-sahel.itch.io,,2026-02-12
https://three-mad-lads.itch.io,,2026-02-12
https://edge-of-town-games.itch.io,,2026-02-12
https://nazarbylen2.itch.io,,2026-02-12
https://dariel-ordan.itch.io,,2026-02-12
https://charlesdavis.itch.io,,2026-02-12
https://kodachil26.itch.io,,2026-02-12
https://captainbiscuits123.itch.io,,2026-02-12
https://literally-freddy-fazbear.itch.io,,2026-02-12
https://seasonstray.itch.io,,2026-02-12
https://macfrezz.itch.io,,2026-02-12
https://leduo-el.itch.io,,2026-02-12
https://mr0w0.itch.io,,2026-02-12
https://howmanynerds.itch.io,,2026-02-12
https://lapifia.itch.io,,2026-02-12
https://bigmaustudio.itch.io,,2026-02-12
https://gazzta.itch.io,,2026-02-12
https://loompalace.itch.io,,2026-02-12
https://eanimetv.itch.io,,2026-02-12
https://bigfishcarnival.itch.io,,2026-02-12
https://findus-787.itch.io,,2026-02-12
https://aczo.itch.io,,2026-02-12
https://jonahbearstudiosinc.itch.io,,2026-02-12
https://psykomedia.itch.io,,2026-02-12
https://alexander1924.itch.io,,2026-02-12
https://spicysush1.itch.io,,2026-02-12
https://hollowdevlab.itch.io,,2026-02-12
https://bayonet-rifle.itch.io,,2026-02-12
https://dylancshop.itch.io,,2026-02-12
https://homay.itch.io,,2026-02-12
https://janastojanovic597-ops.itch.io,,2026-02-12
https://ariffdev-ash.itch.io,,2026-02-12
https://nitsujinn.itch.io,,2026-02-12
https://boytoyrodeo.itch.io,,2026-02-12
https://thanlada.itch.io,,2026-02-12
https://damicogames.itch.io,,2026-02-12
https://sqweve.itch.io,,2026-02-12
https://healthyhuman.itch.io,,2026-02-12
https://runyusheng.itch.io,,2026-02-12
https://martinegames.itch.io,,2026-02-12
https://unnamed-brian.itch.io,,2026-02-12
https://notch-gaming.itch.io,,2026-02-12
https://misteriumorijinal.itch.io,,2026-02-12
https://mtomov92.itch.io,,2026-02-12
https://nookstudios.itch.io,,2026-02-12
https://glaregame.itch.io,,2026-02-12
https://silentcherry.itch.io,,2026-02-12
https://umerjutt.itch.io,,2026-02-12
https://v1rusdev.itch.io,,2026-02-12
https://haroldmud.itch.io,,2026-02-12
https://1m-games.itch.io,,2026-02-12
https://pud-wachirawit.itch.io,,2026-02-12
https://lucky-fox-tabletop.itch.io,,2026-02-12
https://amanagames.itch.io,,2026-02-12
https://aegistrigger.itch.io,,2026-02-12
https://iwansherlock.itch.io,,2026-02-12
https://dddiamonddog666777.itch.io,,2026-02-12
https://whitefeatherprojects.itch.io,,2026-02-12
https://deputyrangerfan1996.itch.io,,2026-02-12
https://alvarohanker.itch.io,,2026-02-12
https://winnydows.itch.io,,2026-02-12
https://burgdude.itch.io,,2026-02-12
https://wizardinthemachine.itch.io,,2026-02-12
https://samsteindt.itch.io,,2026-02-12
https://the-stella-nova.itch.io,,2026-02-12
https://retromushy.itch.io,,2026-02-12
https://kornphlake.itch.io,,2026-02-12
https://aislinsilvers.itch.io,,2026-02-12
https://saintmilk.itch.io,,2026-02-12
https://game-u-holtz.itch.io,,2026-02-12
https://legobegotego.itch.io,,2026-02-12
https://phxntxsm.itch.io,,2026-02-12
https://comavt.itch.io,,2026-02-12
https://aggressive-carebear.itch.io,,2026-02-12
https://verklemnt.itch.io,,2026-02-12
https://ronblue.itch.io,,2026-02-12
https://izonnnoui.itch.io,,2026-02-12
https://pancakes11037.itch.io,,2026-02-12
https://comb-s-portfolio.itch.io,,2026-02-12
https://chesterdev.itch.io,,2026-02-12
https://fennas.itch.io,,2026-02-12
https://amneziak.itch.io,,2026-02-12
https://sphere-lab.itch.io,,2026-02-12
https://maybeitsmoss.itch.io,,2026-02-12
https://jupiter-sc.itch.io,,2026-02-12
https://octaviacars.itch.io,,2026-02-12
https://kamumu.itch.io,,2026-02-12
https://atanor-studio.itch.io,,2026-02-12
https://beautifulpig.itch.io,,2026-02-12
https://phobianeptune.itch.io,,2026-02-12
https://erbdev.itch.io,,2026-02-12
https://cello-91.itch.io,,2026-02-12
https://vllain.itch.io,,2026-02-12
https://cyxapiki-hzxd.itch.io,,2026-02-12
https://viakole.itch.io,,2026-02-12
https://dream-junk-games.itch.io,,2026-02-12
https://sofiabrocardo.itch.io,,2026-02-12
https://monfery.itch.io,,2026-02-12
https://minoy-joy.itch.io,,2026-02-12
