loc,lastmodified,added_date
https://bigstretchstudios.itch.io/fatstronaut/devlog/39833/fat-stronaut-update-coming-tuesday,,2025-07-11
https://bigstretchstudios.itch.io/tommy-walk/devlog/40468/july-sprite-pack-availible-now,,2025-07-11
https://bigstretchstudios.itch.io/fatstronaut/devlog/41191/houston-we-have-an-update,,2025-07-11
https://bigstretchstudios.itch.io/fatstronaut/devlog/42446/watch-the-update-12-playthrough-by-tigerj,,2025-07-11
https://jobankswrites.itch.io/the-haunting-of-bartholomew/devlog/491466/chapter-one-part-one,,2025-07-11
https://midnightwine.itch.io/clrdgazevn/devlog/504987/20-progress-4,,2025-07-11
https://jobankswrites.itch.io/the-haunting-of-bartholomew/devlog/518795/chapter-one-updated,,2025-07-11
https://pdrr.itch.io/perfumare-avulsion/devlog/523661/chapter-2-uploaded,,2025-07-11
https://karmenia.itch.io/bloomwell/devlog/523968/welcome-to-bloomwell,,2025-07-11
https://midnightwine.itch.io/clrdgazevn/devlog/530234/small-announcement,,2025-07-11
https://romegamesstudio.itch.io/lince-bird/devlog/530595/update-03,,2025-07-11
https://karmenia.itch.io/bloomwell/devlog/533779/longer-than-expected,,2025-07-11
https://jobankswrites.itch.io/the-haunting-of-bartholomew/devlog/539752/chapter-two-part-one,,2025-07-11
https://jobankswrites.itch.io/the-haunting-of-bartholomew/devlog/555664/chapter-2-part-two,,2025-07-11
https://jobankswrites.itch.io/the-haunting-of-bartholomew/devlog/556768/surprise-chapter-drop,,2025-07-11
https://romegamesstudio.itch.io/lince-bird/devlog/565131/visual-update-and-internal-organization-version-06,,2025-07-11
https://romegamesstudio.itch.io/lince-bird/devlog/565942/changed-customization-menu-visuals-v065,,2025-07-11
https://karmenia.itch.io/bloomwell/devlog/567923/demo-coming-soon,,2025-07-11
https://karmenia.itch.io/bloomwell/devlog/570988/bloomwell-now-released,,2025-07-11
https://karmenia.itch.io/bloomwell/devlog/572484/bloomwells-ost-released,,2025-07-11
https://kimcostudio.itch.io/fantasy-guild-tycoon/devlog/580223/patch-034,,2025-07-11
https://kimcostudio.itch.io/fantasy-guild-tycoon/devlog/580275/patch-035,,2025-07-11
https://kimcostudio.itch.io/fantasy-guild-tycoon/devlog/580474/patch-036,,2025-07-11
https://jobankswrites.itch.io/the-haunting-of-bartholomew/devlog/582261/current-plans,,2025-07-11
https://thaeta.itch.io/evil-chess/devlog/586203/version-02,,2025-07-11
https://thaeta.itch.io/evil-chess/devlog/587411/version-03,,2025-07-11
https://midnightwine.itch.io/clrdgazevn/devlog/620707/20-progress-5,,2025-07-11
https://jobankswrites.itch.io/the-haunting-of-bartholomew/devlog/628802/a-mini-update,,2025-07-11
https://romegamesstudio.itch.io/street-cat/devlog/638234/final-version-for-jam,,2025-07-11
https://jjsteeple.itch.io/weights-of-war-battle-demo/devlog/655811/bug-fixes-for-219-aspect-ratios,,2025-07-11
https://romegamesstudio.itch.io/scape-from-the-frost-valley/devlog/657165/update-version-2,,2025-07-11
https://romegamesstudio.itch.io/decisions-and-economics/devlog/665901/the-work-of-decisions-economics,,2025-07-11
https://romegamesstudio.itch.io/decisions-and-economics/devlog/674484/decisions-economics-version-2,,2025-07-11
https://ionking.itch.io/gdts/devlog/680645/demo-out-now,,2025-07-11
https://user-pvz.itch.io/the-old-town-fight-official-download/devlog/688163/day-1,,2025-07-11
https://user-pvz.itch.io/the-old-town-fight-official-download/devlog/688646/day-2,,2025-07-11
https://user-pvz.itch.io/the-old-town-fight-official-download/devlog/689223/day-3,,2025-07-11
https://user-pvz.itch.io/the-old-town-fight-official-download/devlog/689622/day-4,,2025-07-11
https://user-pvz.itch.io/the-old-town-fight-official-download/devlog/690905/post,,2025-07-11
https://user-pvz.itch.io/the-old-town-fight-official-download/devlog/691610/day-8,,2025-07-11
https://kimcostudio.itch.io/kings-fortress/devlog/693269/game-launched,,2025-07-11
https://kimcostudio.itch.io/kings-fortress/devlog/693294/update-1,,2025-07-11
https://kimcostudio.itch.io/kings-fortress/devlog/693477/update-2-new-enemy-and-balance-adjustments,,2025-07-11
https://user-pvz.itch.io/the-old-town-fight-official-download/devlog/693532/devlopment-paused,,2025-07-11
https://romegamesstudio.itch.io/witch-hunter/devlog/696098/final-jam-update,,2025-07-11
https://romegamesstudio.itch.io/witch-hunter/devlog/700073/post-gamejam-update,,2025-07-11
https://muscript.itch.io/box-running/devlog/705399/box-running,,2025-07-11
https://karmenia.itch.io/bloomwell/devlog/716161/whats-this-an-update,,2025-07-11
https://midnightwine.itch.io/clrdgazevn/devlog/743326/20-progress-hiatus,,2025-07-11
https://rotten-shotgun-games.itch.io/footfall/devlog/762705/footfall-week-two-patch-v011,,2025-07-11
https://rotten-shotgun-games.itch.io/footfall/devlog/764985/v012-changelog-pdf-improvements-power-balancing-new-items,,2025-07-11
https://romegamesstudio.itch.io/find-aqua/devlog/777541/find-aqua-05,,2025-07-11
https://romegamesstudio.itch.io/find-aqua/devlog/788363/version-051,,2025-07-11
https://zorp-games.itch.io/chcesemicurat/devlog/789540/baldis-clicking-m-officiln-itch-strnku,,2025-07-11
https://zorp-games.itch.io/chcesemicurat/devlog/790213/hra-oficiln-vyla,,2025-07-11
https://zorp-games.itch.io/chcesemicurat/devlog/790225/baldis-clicking-patch-011,,2025-07-11
https://zorp-games.itch.io/chcesemicurat/devlog/791169/baldis-clicking-verze-012,,2025-07-11
https://user-pvz.itch.io/pvz-2-pak-dimensional-damage/devlog/795033/im-back,,2025-07-11
https://rotten-shotgun-games.itch.io/footfall/devlog/804440/v013-changelog-hidden-blades-alt-rules-and-balancing-changes-galore,,2025-07-11
https://bigstretchstudios.itch.io/deathbydodgeball/devlog/808459/version-050-update,,2025-07-11
https://zorp-games.itch.io/chcesemicurat/devlog/808718/baldis-clicking-verze-013,,2025-07-11
https://zorp-games.itch.io/chcesemicurat/devlog/814564/baldis-clicking-verze-015,,2025-07-11
https://begrove.itch.io/the-pill/devlog/817531/new-game-on-itch-bountiful-harvest-v01,,2025-07-11
https://zorp-games.itch.io/chcesemicurat/devlog/825954/baldis-clicking-update-020,,2025-07-11
https://romegamesstudio.itch.io/lead-and-conquer/devlog/826073/update-03,,2025-07-11
https://lujainsameer.itch.io/blue-dot-game/devlog/831693/blue-dot-devlog-11102024,,2025-07-11
https://lujainsameer.itch.io/my-digital-darling/devlog/836802/devlog-11192024-version-10,,2025-07-11
https://lectronyx.itch.io/redemption-path/devlog/845177/demo-1-e-released,,2025-07-11
https://lectronyx.itch.io/redemption-path/devlog/845179/demo-1-d-and-itchio-release,,2025-07-11
https://lectronyx.itch.io/redemption-path/devlog/847017/discussion-on-demo-1-g,,2025-07-11
https://devkidd.itch.io/tweencel/devlog/866103/update-tweencel-v20-improvement,,2025-07-11
https://karmenia.itch.io/whimsicalbloomwell/devlog/866695/bloomwell-whimsical-winter-alpha-version-out-now,,2025-07-11
https://lujainsameer.itch.io/my-talking-blossom/devlog/867546/version-10,,2025-07-11
https://devkidd.itch.io/tweencel/devlog/869301/update-tweencel-v21-minor-bug-fix,,2025-07-11
https://zorp-games.itch.io/scratchy-minigames/devlog/870605/release,,2025-07-11
https://zorp-games.itch.io/scratchy-minigames/devlog/871775/update-11,,2025-07-11
https://karmenia.itch.io/bloomwell/devlog/872170/bloomwell-whimsical-winter,,2025-07-11
https://grenademan81.itch.io/pao/devlog/873011/development-progress-1-act-1-script-draft-completed,,2025-07-11
https://pdrr.itch.io/perfumare-avulsion/devlog/873149/chapter-3-uploaded,,2025-07-11
https://grenademan81.itch.io/pao/devlog/873609/writing-progress-us-english-option,,2025-07-11
https://zorp-games.itch.io/scratchy-minigames/devlog/875304/patch-111,,2025-07-11
https://zorp-games.itch.io/scratchy-minigames/devlog/875337/update-12,,2025-07-11
https://lujainsameer.itch.io/my-talking-blossom/devlog/877152/version-11,,2025-07-11
https://jm-bueno.itch.io/the-life-and-death-of-louis-ff-de-bastin/devlog/891615/act-iv-plans-and-general-impressions,,2025-07-11
https://danielles-games.itch.io/oakleys-world/devlog/892763/the-demos-been-updated,,2025-07-11
https://grenademan81.itch.io/pao/devlog/898323/development-progress-2-demo-announcement-act-2-progress,,2025-07-11
https://danielles-games.itch.io/oakleys-world/devlog/900506/slight-update,,2025-07-11
https://danielles-games.itch.io/oakleys-world/devlog/906792/update,,2025-07-11
https://zorp-games.itch.io/ball-clicker/devlog/910918/release,,2025-07-11
https://zorp-games.itch.io/ball-clicker/devlog/912239/v011,,2025-07-11
https://zorp-games.itch.io/ball-clicker/devlog/912242/tiny-patch-v011b,,2025-07-11
https://zorp-games.itch.io/ball-clicker/devlog/912307/v013,,2025-07-11
https://danielles-games.itch.io/oakleys-world/devlog/913129/recent-updates,,2025-07-11
https://warui-programmer.itch.io/five-nights-at-lust/devlog/913605/five-night-at-lust-v015-released,,2025-07-11
https://bigstretchstudios.itch.io/deathbydodgeball/devlog/915674/version-056-update,,2025-07-11
https://danielles-games.itch.io/oakleys-world/devlog/915785/some-small-updates,,2025-07-11
https://pdrr.itch.io/perfumare-avulsion/devlog/917604/chapter-4-uploaded,,2025-07-11
https://romegamesstudio.itch.io/project-coreline/devlog/920889/update-011,,2025-07-11
https://cheeseburger-89.itch.io/sprunki-simons-realm/devlog/922547/accurate-simon-sound,,2025-07-11
https://cheeseburger-89.itch.io/sprunki-simons-realm/devlog/923156/credits-update,,2025-07-11
https://cheeseburger-89.itch.io/sprunki-simons-realm/devlog/925005/accuraty-soundys-simon-durple-sky,,2025-07-11
https://cheeseburger-89.itch.io/sprunki-simons-realm/devlog/925065/bigges-update-yetstill-a-bit-minor,,2025-07-11
https://cheeseburger-89.itch.io/sprunki-simons-realm/devlog/925637/horror-mode,,2025-07-11
https://cheeseburger-89.itch.io/sprunki-simons-realm/devlog/926253/new-sounds-again,,2025-07-11
https://cheeseburger-89.itch.io/sprunki-simons-realm/devlog/928131/announcementclick-me,,2025-07-11
https://cheeseburger-89.itch.io/sprunki-simons-realm/devlog/929674/another-announcement,,2025-07-11
https://cheeseburger-89.itch.io/sprunki-simons-realm/devlog/931444/back-from-break-and-a-update,,2025-07-11
https://cheeseburger-89.itch.io/sprunki-simons-realm/devlog/933445/a-update-that-has-to-do-with-horror,,2025-07-11
https://cheeseburger-89.itch.io/sprunki-simons-realm/devlog/933568/the-actual-update,,2025-07-11
https://bigstretchstudios.itch.io/deathbydodgeball/devlog/938472/version-057-update,,2025-07-11
https://lewdmilk.itch.io/lewd-detective-the-island-of-pleasure/devlog/942253/public-version-of-chapter-6,,2025-07-11
https://cheeseburger-89.itch.io/sprunki-pyramixed-with-unreleased-characters/devlog/944308/finally-a-update,,2025-07-11
https://orribu.itch.io/twistedfates-introlucas-act1/devlog/946645/woooorking-on-it,,2025-07-11
https://cheeseburger-89.itch.io/sprunki-pyramixed/devlog/949115/a-whole-ass-rework-what-the-fuck-,,2025-07-11
https://grenademan81.itch.io/pao/devlog/949335/chapter-2-finished-various-changes-made,,2025-07-11
https://grenademan81.itch.io/pao/devlog/949337/script-update-game-changes,,2025-07-11
https://cheeseburger-89.itch.io/sprunki-simons-realm/devlog/949662/horror-mode-is-finished,,2025-07-11
https://cheeseburger-89.itch.io/sprunki-simons-realm/devlog/950382/featured-mix-at-the-time,,2025-07-11
https://cheeseburger-89.itch.io/sprunki-simons-realm/devlog/951684/added-a-character,,2025-07-11
https://warui-programmer.itch.io/five-nights-at-lust/devlog/956048/five-night-at-lust-v02-released,,2025-07-11
https://cheeseburger-89.itch.io/sprunki-pyramixed-with-unreleased-characters/devlog/956625/whos-that,,2025-07-11
https://lujainsameer.itch.io/luas-cookie-clicker/devlog/960216/version-101,,2025-07-11
https://nofacestudios.itch.io/nfgtesting/devlog/960287/flood-descendance-v02,,2025-07-11
https://cheeseburger-89.itch.io/sprunki-pyramixed/devlog/963861/small-update,,2025-07-11
https://cheeseburger-89.itch.io/sprunki-pyramixed/devlog/964346/3-fellas,,2025-07-11
https://vf-traveller.itch.io/a2cayry-seems-to-be-playtesting-a-2d-runner-shooter-from-cciprologue-demo/devlog/965097/v10231localization-update,,2025-07-11
https://cheeseburger-89.itch.io/sprunki-pyramixed/devlog/965539/mix-place,,2025-07-11
https://cheeseburger-89.itch.io/sprunki-simons-realm/devlog/966908/the-sounds-update,,2025-07-11
https://orribu.itch.io/twistedfates-introlucas-act1/devlog/968254/version-03-part-one-drafted-in-engine,,2025-07-11
https://steadfastsalmon.itch.io/underground-dungeon-asset-pack/devlog/968290/devlog-1-meet-the-stub-,,2025-07-11
https://bigwater6464.itch.io/infinitarium2025/devlog/970044/v110-new-props-stamina-system-map-backgrounds-more,,2025-07-11
https://pdrr.itch.io/perfumare-avulsion/devlog/970448/chapter-5-uploaded,,2025-07-11
https://canaanthedoll.itch.io/m07h3rsay5-ver1999-viverevitam/devlog/970626/568365-character-introduction,,2025-07-11
https://postcommercialismalliance.itch.io/agnosia/devlog/970883/agnosia-ver101,,2025-07-11
https://cheeseburger-89.itch.io/sprunki-simons-realm/devlog/971726/who-invited-you,,2025-07-11
https://mastadongames.itch.io/route-runner/devlog/971863/route-runner,,2025-07-11
https://gabrielwessling.itch.io/the-wormhole/devlog/972397/miniblog-modulo-de-construo,,2025-07-11
https://steadfastsalmon.itch.io/underground-dungeon-asset-pack/devlog/972626/devlog-2-stub-released-,,2025-07-11
https://sabresnout.itch.io/dotami-vrm/devlog/973066/initial-release,,2025-07-11
https://matheuzfariaz.itch.io/aisterminacao/devlog/973307/aisterminao-v12,,2025-07-11
https://kintsugi-digital.itch.io/a-new-place-v250/devlog/974593/a-new-place-v0260-update,,2025-07-11
https://bro101010.itch.io/slimes/devlog/975143/devlog-2,,2025-07-11
https://orribu.itch.io/twistedfates-introlucas-act1/devlog/975316/slow-and-steady,,2025-07-11
https://milopanta.itch.io/blade-of-the-abyss/devlog/976852/prototype-update-1-why-i-made-the-game-and-whats-next,,2025-07-11
https://steadfastsalmon.itch.io/underground-dungeon-asset-pack/devlog/977453/devlog-3-whats-cooking,,2025-07-11
https://soapinsoup.itch.io/yandere-wonderland/devlog/977807/version-8-progress7102025,,2025-07-11
https://toastysodastudios.itch.io/long-live-mydas/devlog/978171/dev-log-01,,2025-07-11
https://alexdb.itch.io/victorian-idle/devlog/978450/110x-is-now-a-thing-,,2025-07-11
https://landrydev.itch.io/code-clicker/devlog/978707/002,,2025-07-11
https://landrydev.itch.io/code-clicker/devlog/978737/003,,2025-07-11
https://dylaniscozy.itch.io/window-planter/devlog/978992/30-the-infestation-update,,2025-07-11
https://lucasjappert.itch.io/mooraiders/devlog/979306/-devlog-3-new-hero-smarter-combat-better-flow,,2025-07-11
https://landrydev.itch.io/code-clicker/devlog/979344/004,,2025-07-11
https://landrydev.itch.io/code-clicker/devlog/979350/0041,,2025-07-11
https://gorridev.itch.io/heart-of-evil-3d-boatgame-prototype/devlog/979709/dd63-patch,,2025-07-11
https://frozen-potato.itch.io/tung-tung-tung-sahur-playtest/devlog/979865/small-update,,2025-07-11
https://banana-jeff.itch.io/dniostatnie/devlog/979981/steam-release,,2025-07-11
https://landrydev.itch.io/code-clicker/devlog/980015/005,,2025-07-11
https://erodungeons.itch.io/ero-hunters/devlog/980321/ero-dungeons-patch-3-and-a-roadmap,,2025-07-11
https://dingdongvg.itch.io/dominoid/devlog/980869/dominoid-version-101,,2025-07-11
https://itch.io/blog/981403/danganronpa-art-study-last-update-792025,,2025-07-11
https://fnbproductions.itch.io/eden/devlog/981465/chapter-3-out-now-on-patreon,,2025-07-11
https://desert-coder.itch.io/larrys-adventure-beta/devlog/981512/sad-annoucement,,2025-07-11
https://wrex-crimson.itch.io/blood-money-commander/devlog/981563/blood-money-lives-and-its-evolving,,2025-07-11
https://dev-rahul-k.itch.io/tic-tac-toe-mindflip-edition/devlog/981573/tic-tac-toe-mindflip-edition,,2025-07-11
https://haptales.itch.io/romcom-divergence/devlog/981640/chapter-3-devlog-1,,2025-07-11
https://spark180.itch.io/the-phantom-and-the-sun/devlog/981677/version-13-changes,,2025-07-11
https://gabrielwessling.itch.io/the-wormhole/devlog/981684/miniblog-base-estrutural-do-jogo,,2025-07-11
https://theartistabbaddon.itch.io/devils-paradiso/devlog/981845/formatting-rework-further-editing,,2025-07-11
https://landrydev.itch.io/code-clicker/devlog/981854/006,,2025-07-11
https://gabrielwessling.itch.io/the-wormhole/devlog/981883/miniblog-sistema-modal,,2025-07-11
https://steadfastsalmon.itch.io/underground-dungeon-asset-pack/devlog/982209/devlog-4-new-buncha-things-update,,2025-07-11
https://davisgsee.itch.io/his-own-being/devlog/982393/the-patch-where-i-put-it-all-out-there,,2025-07-11
https://fell-hawk.itch.io/fali/devlog/982465/source-code-for-fali-is-now-available,,2025-07-11
https://joedigital.itch.io/akasha/devlog/982563/update-1-development-going-smooth,,2025-07-11
https://orribu.itch.io/twistedfates-introlucas-act1/devlog/982596/lukes-name-renpy-code-musing,,2025-07-11
https://user-pvz.itch.io/pvz-2-pak-dimensional-damage/devlog/982623/im-back-again,,2025-07-11
https://lightthoughts.itch.io/mr-pompys-extravagant-quiz/devlog/982666/mr-pompys-extravagant-quiz-final-update,,2025-07-11
https://trainridegames.itch.io/super-ville/devlog/982745/-public-release-v100-corrected,,2025-07-11
https://sonichum.itch.io/runnyrunrunsonic/devlog/982789/the-full-game-is-not-here-yet,,2025-07-11
https://cursedatelier.itch.io/voidbound/devlog/982818/progress-report-170-july-2025,,2025-07-11
https://imp3tuz.itch.io/neon-underground/devlog/982831/nwhip-a-reflection-and-way-forward,,2025-07-11
https://timo-uudev.itch.io/unending-universe/devlog/982846/unending-universe-71,,2025-07-11
https://ranitaya-studios.itch.io/ranitayas-massive-dungeon-pack/devlog/982851/daily-update-44interface-icons,,2025-07-11
https://genuine-emo.itch.io/gayest-science/devlog/982858/devlog-updated-gameplay,,2025-07-11
https://awsomesaucer.itch.io/skylanders-collection-vault-recreated/devlog/982872/important-annoucement-09072025,,2025-07-11
https://rienichii.itch.io/office-crush-ds/devlog/982873/devlog-3-i-might-release-the-extended-demo-this-month,,2025-07-11
https://undermax.itch.io/spirits/devlog/982874/v110-mid-update-evolutions-new-features,,2025-07-11
https://fmgenjoyer.itch.io/inside-the-system/devlog/982875/continuation,,2025-07-11
https://codelemon-studios.itch.io/pawtential-pawdungeon/devlog/982876/working-on-update-v15-beta,,2025-07-11
https://crimsonparse.itch.io/posthumanclicker/devlog/982877/update,,2025-07-11
https://janpostolka.itch.io/jps-fantastic-medieval-game/devlog/982878/jps-fantastic-medieval-game-version-2-available-now-with-magic,,2025-07-11
https://tango2999.itch.io/fishing-adventure/devlog/982879/fixed-inventory-window,,2025-07-11
https://crimsonparse.itch.io/cridionvargousdemo/devlog/982880/just-the-beginning,,2025-07-11
https://damselrace.itch.io/damselrace/devlog/982881/v1799-is-free-vacstorage-and-secret-nabbers-for-all,,2025-07-11
https://mattyflexx.itch.io/lemonade-stand-game/devlog/982882/v101-tinymighty-update,,2025-07-11
https://untalaugustus.itch.io/los-periplos-de-ciro-y-sus-amigos/devlog/982883/la-secuela-de-ciro-barre-su-cuarto-,,2025-07-11
https://otaku-argento.itch.io/imo-tsuyo/devlog/982884/actualizacin-v023-update-v023,,2025-07-11
https://symphonie-studio.itch.io/takebuilder/devlog/982885/takebuilder-updata-062,,2025-07-11
https://wpt-games.itch.io/chubby-story/devlog/982886/sekira-part-2cross-promo,,2025-07-11
https://davidmadethis.itch.io/power-network-tycoon/devlog/982888/massive-endgame-update-conquering-the-legacy-save-file-challenge,,2025-07-11
https://ayuo-dev.itch.io/charcrafter/devlog/982890/char-crafter-v13-released-,,2025-07-11
https://hector-collector.itch.io/belles-burstin-bistro/devlog/982891/full-release-of-belles-bistro,,2025-07-11
https://owl-bones.itch.io/bonely-hearts-club-demo-remake/devlog/982892/hotfix-10-update,,2025-07-11
https://solskaia.itch.io/wicked-and-kicking/devlog/982893/printer-friendly-txt,,2025-07-11
https://itch.io/blog/982894/tndsticka-development-progress-1,,2025-07-11
https://solskaia.itch.io/ta-podla-jedza/devlog/982895/printer-friendly-txt,,2025-07-11
https://black-heart-games-studio.itch.io/plinkidle/devlog/982896/between-stage-buffs-prestige-new-stages-balance,,2025-07-11
https://gif-superretroworld.itch.io/new-coop-bundle/devlog/982897/new-bundle-available-,,2025-07-11
https://omiorahman.itch.io/rosenbergkingoking/devlog/982898/fixed-game-crash-in-linux,,2025-07-11
https://sanghendrix.itch.io/rpg-maker-action-combat-rpg-maker-mz-plugin/devlog/982899/video-tutorial-create-shielding-system-to-block-projectiles,,2025-07-11
https://yarheeguy.itch.io/project-smile/devlog/982900/holding-cell-devlog-inventory-3,,2025-07-11
https://kol49.itch.io/memory-drain/devlog/982901/macos-support,,2025-07-11
https://mayonnaises.itch.io/dickmon-x/devlog/982903/dickmonxremake-12a,,2025-07-11
https://studio-were.itch.io/the-walk/devlog/982906/version-010-alpha-demo,,2025-07-11
https://anasj.itch.io/civilization-through-the-ages/devlog/982907/first-time,,2025-07-11
https://tabythastryker.itch.io/4-play/devlog/982908/5-game-paks-in-production,,2025-07-11
https://chr0makid.itch.io/pixel-emotions-pack/devlog/982909/extended-version-needed,,2025-07-11
https://alisindra.itch.io/arena-of-lust/devlog/982910/devblog-about-the-future-and-voting,,2025-07-11
https://itch.io/blog/982911/fallout-tactics-free-download-v21012,,2025-07-11
https://monsteratmydesk.itch.io/tails-from-the-bramble/devlog/982913/critters-are-still-here-pluggin-away,,2025-07-11
https://mezzaninesoftware.itch.io/landsword/devlog/982914/ls-update-v082,,2025-07-11
https://itch.io/blog/982915/old-flame-torch,,2025-07-11
https://gameomatric.itch.io/boatsio/devlog/982916/alpha-501,,2025-07-11
https://killrain81.itch.io/a-bitter-tomorrow/devlog/982917/first-shot,,2025-07-11
https://itch.io/blog/982918/backyard-baseball,,2025-07-11
https://itch.io/blog/982919/farm-together-2-free-download-v20250701,,2025-07-11
https://mr-igame.itch.io/the-secret-of-mom-and-me/devlog/982920/free-release-of-version-085-plans-for-the-next-project,,2025-07-11
https://quill-studio.itch.io/mystic-cafe-romance/devlog/982921/mystic-caf-romance-backgrounds-update-20,,2025-07-11
https://yuuyakzmi.itch.io/meihou-reiiden/devlog/982922/v02-boss-design-preview,,2025-07-11
https://darkbloodbane.itch.io/beasts/devlog/982923/barshen-beasts-is-ready-to-go,,2025-07-11
https://magmaflowgames.itch.io/the-gray-in-between/devlog/982924/dev-build-0120,,2025-07-11
https://gbgamesllc.itch.io/clown-alley-creator/devlog/982925/meet-flower-the-clown,,2025-07-11
https://bukkbeek.itch.io/genesis/devlog/982926/genesis-sandbox-evolution-simulator,,2025-07-11
https://itch.io/blog/982927/isekai-sex-boutique-game-free-download,,2025-07-11
https://lemoncaitie.itch.io/the-bigger-picture/devlog/982928/steam-demo-out-now,,2025-07-11
https://harrisillust.itch.io/miss-manager-misadventure/devlog/982929/binding-indicator-and-active-struggling,,2025-07-11
https://mattyaydev.itch.io/rango/devlog/982930/rango-v8,,2025-07-11
https://itch.io/blog/982931/over-100,,2025-07-11
https://gandalfhardcore.itch.io/pixel-art-npc-characters-pack/devlog/982932/added-summer-lady-with-ball-,,2025-07-11
https://cosmicwarpgames.itch.io/for-potato/devlog/982933/for-potato-devlog,,2025-07-11
https://emptymountain-ncd.itch.io/shrines/devlog/982934/digital-version-100-released,,2025-07-11
https://soudne.itch.io/reliminal/devlog/982935/reliminal-packet-0,,2025-07-11
https://w.itch.io/itsy-bitsy-exercises/devlog/982936/shrine-of-the-sword,,2025-07-11
https://buzzahfoo.itch.io/foreign-bodies/devlog/982937/foreign-bodies-20-is-live,,2025-07-11
https://itch.io/blog/982938/new-website-and-insta,,2025-07-11
https://artsvetlakov.itch.io/adapt-to-dark/devlog/982939/v12-english-translation-added,,2025-07-11
https://dammitbird.itch.io/heavy-hearts/devlog/982940/developer-report-7-9-2025,,2025-07-11
https://arkaxiomdev.itch.io/ark-axiom/devlog/982941/playerinput-null-anymore-mostly-new-interactions-available,,2025-07-11
https://iron8gameworks.itch.io/bloodlock/devlog/982942/bloodlock-playtest-rules-update,,2025-07-11
https://hurdev.itch.io/fundamental-paper-education/devlog/982943/v38,,2025-07-11
https://vg-dev.itch.io/roguestacks/devlog/982944/version-130-is-out,,2025-07-11
https://tarenboswellgamedev.itch.io/tales-of-tallrest-alpha/devlog/982945/new-build-is-live,,2025-07-11
https://cat-creat.itch.io/narutoshinobilord/devlog/982946/naruto-shinobi-lord-037-public,,2025-07-11
https://itch.io/blog/982947/el-matazoros-the-movie,,2025-07-11
https://mattyaydev.itch.io/rango/devlog/982948/actually-fixed-some-stuff,,2025-07-11
https://idc-dev6.itch.io/echo-in-the-shadows/devlog/982950/hook-v004-devlog-implementing-the-quest-system,,2025-07-11
https://heibais.itch.io/the-reborn-cats-revenge/devlog/982951/a-story-inspired-by-a-heartbreaking-reality,,2025-07-11
https://gabrielcassimiro.itch.io/prototype-textures/devlog/982952/unity-package-available-now,,2025-07-11
https://mintygamekit.itch.io/cozy-lipsync-characters/devlog/982953/cozy-talkative-characters,,2025-07-11
https://lavendeerstudios.itch.io/threads-of-you-beyond-the-bay/devlog/982954/love-interest-reintroductions,,2025-07-11
https://themokujin.itch.io/final-notice/devlog/982955/a-cheeky-twist-final-notice-v044-playtest,,2025-07-11
https://methodox.itch.io/transcriber/devlog/982956/update-v04,,2025-07-11
https://thehollowgateway.itch.io/theswordinstonecn/devlog/982957/1-16,,2025-07-11
https://lubenchenkoboris.itch.io/granny-mod-pack-by-lub/devlog/982958/update-1411-09072025,,2025-07-11
https://bloodhound-studios.itch.io/battle-on-slime-island/devlog/982959/battle-on-slime-island-v0099-beta-71,,2025-07-11
https://yellowafterlife.itch.io/gamemaker-cmn-loc/devlog/982960/new-options-and-tweaks,,2025-07-11
https://mancarog32.itch.io/ramping-velocity/devlog/982961/devlog-6-ramping-velocity,,2025-07-11
https://renard-roux.itch.io/malicieuse-famille-suna/devlog/982962/la-malicieuse-famille-suna-102,,2025-07-11
https://lord-rutsah.itch.io/broken-reality-rpg/devlog/982964/version-51-released,,2025-07-11
https://m-david.itch.io/pain-td/devlog/982965/pain-td-g4-update,,2025-07-11
https://dreamnow.itch.io/university-of-problems/devlog/982966/unversity-of-problems-v170-general-release,,2025-07-11
https://drunk-mantis.itch.io/no-right-answer/devlog/982967/major-debug-ending-event-walkthroughs,,2025-07-11
https://marianomora.itch.io/gravity-gunners/devlog/982968/v10-release,,2025-07-11
https://itch.io/blog/982969/skullx-aibohphobia,,2025-07-11
https://demonessfreya.itch.io/spooky-rogue/devlog/982970/several-improvements-linux-build-devlog-2,,2025-07-11
https://pisces-studios.itch.io/textperience/devlog/982971/patch-104,,2025-07-11
https://itch.io/blog/982972/texturelabs-distressor,,2025-07-11
https://alexander-bautista.itch.io/starlink-ttrpg/devlog/982973/pre-launch-update-is-coming,,2025-07-11
https://horbror.itch.io/future-phantoms/devlog/982974/06,,2025-07-11
https://itch.io/blog/982975/rewrite-has-taken-over-itchio,,2025-07-11
https://bernadexgamer23.itch.io/geory-adventure-demo-2/devlog/982977/v3-update,,2025-07-11
https://filbot3.itch.io/war-maker-10-assets/devlog/982978/initial-upload,,2025-07-11
https://1upgame.itch.io/desktop-garage-kit18/devlog/982979/desktop-garage-kit-v2411-updated-on-july-09-2025,,2025-07-11
https://malka-v.itch.io/iron-and-veil/devlog/982980/feature-complete-new-screenshots,,2025-07-11
https://rotten-shotgun-games.itch.io/footfall/devlog/982981/footfall-v020-changelog-new-chapters-powers,,2025-07-11
https://wrongperfection.itch.io/expedition-insanity/devlog/982982/v22-mini-fix,,2025-07-11
https://itch.io/blog/982983/intrapology-episode-3-on-demand-see-episode-4-live,,2025-07-11
https://luskgaimeprays.itch.io/phasmohunter/devlog/982984/livro,,2025-07-11
https://itch.io/blog/982985/some-random-horror-games-you-should-play,,2025-07-11
https://cosmicalascent.itch.io/stonkitode-45/devlog/982986/beta-v0981,,2025-07-11
https://caseofoafs.itch.io/heretics-and-heroes/devlog/982987/updated-character-sheet,,2025-07-11
https://steve-tasker.itch.io/mgp-manager-2023/devlog/982988/mgp-manager-v-2-update-game-demo,,2025-07-11
https://filmstars.itch.io/hypercoven/devlog/982989/v125-spawner2,,2025-07-11
https://snakerser.itch.io/lure-of-passion/devlog/982990/update-052-public,,2025-07-11
https://inhumanbug.itch.io/metsuke-counterblow/devlog/982991/devlog-final,,2025-07-11
https://itch.io/blog/982992/enter-in-group-of-whatsapp,,2025-07-11
https://foxandliongames.itch.io/jurassic-parkour/devlog/982993/demo-012,,2025-07-11
https://lustmadness.itch.io/lust-hunter-gay-edition/devlog/982994/lust-hunter-01180-new-update,,2025-07-11
https://galaxyrainbow.itch.io/multidimensional-parkour/devlog/982995/abilities-update-multidimensional-parkour,,2025-07-11
https://devnero.itch.io/fox-leap/devlog/982996/update-v101-ending-scene-bug-fix,,2025-07-11
https://toastysodastudios.itch.io/long-live-mydas/devlog/982998/dev-log-08,,2025-07-11
https://tardigrade-0x90.itch.io/hand-of-babel-latest/devlog/982999/2025-07-09-1204,,2025-07-11
https://powerfoxo.itch.io/sunshine-rayme/devlog/983000/now-available-on-windows-mac-linux,,2025-07-11
https://hamb04.itch.io/eterynte/devlog/983001/patch-101,,2025-07-11
https://itch.io/blog/983002/nexus-25-justice-for-pyramids-released,,2025-07-11
https://itch.io/blog/983003/-take-a-fetish-survey-please-it-will-take-3-minutes-,,2025-07-11
https://darkmoon-blade.itch.io/shattered-blade-alpha-pre/devlog/983004/shattered-blade-out-now,,2025-07-11
https://itch.io/blog/983005/hoy,,2025-07-11
https://horumaito.itch.io/three-weeks-on-the-atlantic/devlog/983006/opinions-on-the-minigame,,2025-07-11
https://hearthwoodtavern.itch.io/hearthwood-tavern/devlog/983007/version-06,,2025-07-11
https://smiling-astro.itch.io/baldi-goes-fight-player/devlog/983008/update-30,,2025-07-11
https://kone9.itch.io/tappy-chicken-unrealengine/devlog/983009/compatibilidad-con-joystick,,2025-07-11
https://zxkerl.itch.io/crabby-returns/devlog/983010/bug-fixed,,2025-07-11
https://itch.io/blog/983011/escapeayuwokiloboty,,2025-07-11
https://yearafteryear.itch.io/year-after-year/devlog/983012/year-after-year-v007a-release-public-post,,2025-07-11
https://lewdmilk.itch.io/lewd-detective-the-island-of-pleasure/devlog/983013/public-version-of-chapter-7,,2025-07-11
https://moofor2.itch.io/stairball-v1/devlog/983014/finally-done,,2025-07-11
https://r1bka.itch.io/chicken-race/devlog/983016/tricky-chicken-race-update-006,,2025-07-11
https://mahito-fan.itch.io/boba-shop/devlog/983017/new-characters-and-order-note-logos,,2025-07-11
https://luis-davi-12.itch.io/luis-davi-12-remix/devlog/983018/luis-davi-12-game-remix,,2025-07-11
https://tg-03.itch.io/somesense/devlog/983019/somesense-has-been-released,,2025-07-11
https://sphis-sinco.itch.io/dreamland/devlog/983020/050,,2025-07-11
https://itch.io/blog/983021/stranded-working-title,,2025-07-11
https://venova-games.itch.io/world-but-its-better-soon/devlog/983022/wordle-version-22,,2025-07-11
https://malachi63746.itch.io/spralt-sprunki-but-absolutely-garbage-100-real/devlog/983023/overhaul-update,,2025-07-11
https://robotic-topologist.itch.io/phagocytosis/devlog/983024/phagocytosis-is-my-sf-one-shot-jam-25-entry,,2025-07-11
https://celenimus.itch.io/cat-sitter/devlog/983025/moved-to-wetransfer,,2025-07-11
https://unlikely.itch.io/hornstown/devlog/983026/103,,2025-07-11
https://afsalgsilpy.itch.io/subrim/devlog/983027/new-version-v020-lore-update,,2025-07-11
https://itch.io/blog/983028/fragments-of-eternity-fallen-grace-part-1,,2025-07-11
https://playmexstudios.itch.io/multiplayer-roulette-game/devlog/983029/multiplayer-roulette-game-now-on-itchio,,2025-07-11
https://idc-dev6.itch.io/echo-in-the-shadows/devlog/983030/hook-v004-devlog-inventory-system-beginnings,,2025-07-11
https://quasideificalpaca.itch.io/legacy-of-aeon/devlog/983031/midweek-boss-update,,2025-07-11
https://barnabe-wild.itch.io/two-immovable-ducks-rpg/devlog/983032/3-players-combat,,2025-07-11
https://siyokoy.itch.io/what-remains/devlog/983033/android-version-now-available,,2025-07-11
https://gabrielwessling.itch.io/the-wormhole/devlog/983034/devlog-1-comeando-o-projeto-pra-valer,,2025-07-11
https://seductivekneesocks.itch.io/natsuru-roshutsu/devlog/983035/hows-it-going,,2025-07-11
https://idc-dev6.itch.io/echo-in-the-shadows/devlog/983036/hook-v004-devlog-data-loss-starting-fresh,,2025-07-11
https://itch.io/blog/983037/day-8-started-3d-course,,2025-07-11
https://neko-zer0.itch.io/sapphire-hero-rewritten/devlog/983038/23-update-last-non-bug-fixing-update,,2025-07-11
https://conquiri.itch.io/blue-shutter/devlog/983039/flickers-tentacles-and-sandwiches,,2025-07-11
https://wildquill.itch.io/mydemonicjunglequest/devlog/983040/my-demonic-jungle-quest-is-on-sale-here,,2025-07-11
https://idc-dev6.itch.io/echo-in-the-shadows/devlog/983041/hook-v004-devlog-widget-integration-debugging-ui-bindings,,2025-07-11
https://chibisstudio.itch.io/correctional-church/devlog/983042/01-fix-patch-update,,2025-07-11
https://k012.itch.io/hell-fire-ii-the-deadly-strike/devlog/983043/marie-report-7925,,2025-07-11
https://deathdieclub.itch.io/riftwalkers-english/devlog/983044/sample-characters,,2025-07-11
https://chickdog.itch.io/secret-order/devlog/983045/secret-order-ver-020-released,,2025-07-11
https://neko-zer0.itch.io/sapphire-hero-2-rewritten/devlog/983046/16-update-android-version,,2025-07-11
https://deady42.itch.io/minesniper/devlog/983047/bugfix-screen-colors-invertion,,2025-07-11
https://hamb04.itch.io/eterynte/devlog/983049/patch-102,,2025-07-11
https://toxixus.itch.io/toxixus-demo/devlog/983050/texture-update,,2025-07-11
https://devnero.itch.io/fox-leap/devlog/983051/-known-bug-web-version-ui-scaling-issue,,2025-07-11
https://lifepimp.itch.io/secrets/devlog/983052/demo-version-available,,2025-07-11
https://ki-s.itch.io/wheel-of-souls/devlog/983053/major-update-demo-alpha3,,2025-07-11
https://delsusgaming.itch.io/island-survival-rpg/devlog/983054/bottles-and-animations-,,2025-07-11
https://lauvprey.itch.io/a-vore-adventure/devlog/983055/v031,,2025-07-11
https://mrmorzor.itch.io/wizardry-inc/devlog/983056/getting-started,,2025-07-11
https://oddworks.itch.io/false-belief/devlog/983057/released,,2025-07-11
https://itch.io/blog/983058/bride-of-star-station,,2025-07-11
https://kurogamedev.itch.io/vampy-hates-light/devlog/983059/the-aversion-to-sunlight-continues,,2025-07-11
https://pancho0411.itch.io/cap3104-summer-2025-group-project/devlog/983060/early-branch-prototype-now-available,,2025-07-11
https://soundfontguy.itch.io/guyengine/devlog/983061/guyengine-111-bug-fixes-and-more-new-features,,2025-07-11
https://itch.io/blog/983062/update-finished-creative-construct,,2025-07-11
https://orlando-inlove.itch.io/nivanfield-vn/devlog/983063/new-update-4-new-cgs-added,,2025-07-11
https://izakaa.itch.io/gimme-a-hand/devlog/983064/devlog-7-post-alpha,,2025-07-11
https://theartistabbaddon.itch.io/devils-paradiso/devlog/983065/switched-to-open-rpg-creative-license,,2025-07-11
https://split-peaches.itch.io/beauty-clicker-scarlets-dreams/devlog/983066/-now-live-beauty-clicker-scarlets-dreams,,2025-07-11
https://evankice.itch.io/afterplace/devlog/983067/v1218-i-broke-trees,,2025-07-11
https://adult-vr-game-room.itch.io/adult-vr-game-room-premium/devlog/983068/adult-vr-game-room-quality-of-life-update-064-is-now-available,,2025-07-11
https://adult-vr-game-room.itch.io/adult-vr-game-room/devlog/983069/adult-vr-game-room-quality-of-life-update-064-is-now-available,,2025-07-11
https://itch.io/blog/983070/drew-these,,2025-07-11
https://carynvainio.itch.io/wordyrain/devlog/983071/wordy-rain-is-officially-released,,2025-07-11
https://moodyplusminus.itch.io/find-them-all-rick/devlog/983072/find-them-all-rick-mobile-is-available,,2025-07-11
https://durianbean.itch.io/tiny-moments/devlog/983073/0219-add-german-translation,,2025-07-11
https://clever-dragon.itch.io/fakemon-generator/devlog/983074/update-04,,2025-07-11
https://weagame.itch.io/atavernattulia/devlog/983075/devlog-4-first-prototype-and-switching-game-engines,,2025-07-11
https://lukyaforge.itch.io/character-ruby-v4/devlog/983076/new-character-ruby-20-portraits-and-hud,,2025-07-11
https://stylezmj.itch.io/animal-umbrellas/devlog/983077/new-umbrellas,,2025-07-11
https://sweet-sennin-games.itch.io/clover-panties/devlog/983079/annoucement-waking-from-slumber,,2025-07-11
https://maxploit.itch.io/yomichi/devlog/983080/demo-version-01-now-available,,2025-07-11
https://amikoes.itch.io/the-pyramid-zx/devlog/983081/tape-version-available,,2025-07-11
https://cr38or-elijahk2.itch.io/proxygame/devlog/983082/major-update-2,,2025-07-11
https://amikoes.itch.io/zx-game-maker-infinity/devlog/983083/nueva-e-increble-v20x-,,2025-07-11
https://lexip-games.itch.io/them/devlog/983084/streamers,,2025-07-11
https://cardvoid.itch.io/card-void/devlog/983085/problems-with-the-update-yesterday,,2025-07-11
https://venova-games.itch.io/world-but-its-better-soon/devlog/983086/wordle-version-23,,2025-07-11
https://sebas5895-entertainment.itch.io/scary-of-night-chapter-3/devlog/983087/ya-disponible,,2025-07-11
https://luckyape.itch.io/empires/devlog/983088/v031,,2025-07-11
https://exxxolife.itch.io/exxxolife/devlog/983089/new-important-characters,,2025-07-11
https://addinsachen.itch.io/pixeledge-city/devlog/983091/pixeledge-city-update-4-urban-ink-v-1,,2025-07-11
https://azienda.itch.io/falling-undercover-nox-syndicate/devlog/983092/falling-undercover-nox-syndicate-episode-04-status-update-new-luna-illustration,,2025-07-11
https://r-px.itch.io/disaster-replay-remake-beta/devlog/983093/sweet-boss,,2025-07-11
https://black-star-games.itch.io/30-year-old-virgin/devlog/983094/035-is-live-for-public-access,,2025-07-11
https://droxcy.itch.io/bad-knights/devlog/983095/game-design-docs,,2025-07-11
https://lukyaforge.itch.io/ancientforest/devlog/983097/free-character-ruby-portrait,,2025-07-11
https://itch.io/blog/983098/wetlands-game-first-image,,2025-07-11
https://eroxxie.itch.io/ct/devlog/983099/002,,2025-07-11
https://vermiliongames.itch.io/chronicles-of-the-coliseum/devlog/983101/versin-15,,2025-07-11
https://willfire19.itch.io/11th-hour-hero/devlog/983102/second-story-room-release,,2025-07-11
https://every-tangerine.itch.io/mith/devlog/983103/mith-demo-release,,2025-07-11
https://hempuli.itch.io/a-solitaire-mystery/devlog/983104/the-update-is-out,,2025-07-11
https://itch.io/blog/983105/beowulf-monsters-heart-kickstarter,,2025-07-11
https://clicktuck.itch.io/green-soul-trainer/devlog/983106/devlog,,2025-07-11
https://sanghendrix.itch.io/keyboard-gamepad-solution-plugin-for-rpg-maker-mz/devlog/983107/premium-version-110-2-new-features,,2025-07-11
https://plug-dev.itch.io/minesweeper-20/devlog/983108/ui-fix-and-changed-win-condition,,2025-07-11
https://kizunagamestudio.itch.io/twisted-toys-demo/devlog/983109/-the-steam-page-is-now-live-,,2025-07-11
https://coupainsango.itch.io/lancer-ttrpg-traduction-fr-non-officielle/devlog/983110/090,,2025-07-11
https://itch.io/blog/983111/marauder-s-update-09072025-00009,,2025-07-11
https://isaacthebomb360.itch.io/win-loss-counter/devlog/983112/big-update,,2025-07-11
https://fshsd.itch.io/the-talking-room/devlog/983113/the-talking-room,,2025-07-11
https://honeybunny-of.itch.io/sublove-hea/devlog/983114/1k-downloads-special-art,,2025-07-11
https://xarayvl.itch.io/5ecropolis/devlog/983115/chapter-2,,2025-07-11
https://yumi42.itch.io/dw-game/devlog/983116/version-a009r3,,2025-07-11
https://arclamb.itch.io/sexy-spy-yurika/devlog/983117/update-v004,,2025-07-11
https://dimetro-dog.itch.io/returntofeliciademo/devlog/983118/slipping-and-splitting-bug-fix,,2025-07-11
https://isaacthebomb360.itch.io/win-loss-counter/devlog/983119/windows-auto-install,,2025-07-11
https://ikeprincest.itch.io/shamelesslove/devlog/983120/minor-edit,,2025-07-11
https://alexandershen.itch.io/dungeon-run-pocket/devlog/983121/now-on-bgg,,2025-07-11
https://neatly-production.itch.io/grand-drift-aune-demo/devlog/983122/grand-drift-aune-demo-out,,2025-07-11
https://sebas5895-entertainment.itch.io/scary-of-night-chapter-3/devlog/983123/trailer,,2025-07-11
https://dagurasusk.itch.io/shotgunjump/devlog/983125/001a,,2025-07-11
https://hamb04.itch.io/eterynte/devlog/983126/patch-103,,2025-07-11
https://malachi63746.itch.io/spralt-sprunki-but-absolutely-garbage-100-real/devlog/983127/pattchhh,,2025-07-11
https://mitos.itch.io/the-gallifreyan-scribe/devlog/983128/gallifreyan-scribe-version-210,,2025-07-11
https://ndferretstudio.itch.io/the-bloodriver-saga-retransmitter/devlog/983129/brief-news-progress-tracker,,2025-07-11
https://itch.io/blog/983130/no,,2025-07-11
https://rastport.itch.io/iffchunktool/devlog/983131/refactoring-added-functionality,,2025-07-11
https://artsvetlakov.itch.io/adapt-to-dark/devlog/983132/v13-touchscreen-support-and-android-builds,,2025-07-11
https://qvantum66.itch.io/plants-vs-vampires/devlog/983133/another-itsy-bitsy-update,,2025-07-11
https://imgiofm.itch.io/the-surrounding-grounds/devlog/983134/first-itch-update,,2025-07-11
https://noxusgamesstudio.itch.io/dont-stop-in-red-wood/devlog/983135/first-person-updatebugs-fixed,,2025-07-11
https://itch.io/blog/983136/coming-this-weekend-free-match-3-rpg-template-inventory-update,,2025-07-11
https://glitchdotsmh.itch.io/efm/devlog/983137/v030,,2025-07-11
https://gump0.itch.io/size-matters/devlog/983139/animations-week-6,,2025-07-11
https://rapidodev.itch.io/tung-tung-sahur-clicker/devlog/983140/new-update-to-my-tung-tung-clicker,,2025-07-11
https://fluffystudio.itch.io/out-of-puberty-reimagined/devlog/983141/-out-of-puberty-v065-now-publicly-available-,,2025-07-11
https://filbot3.itch.io/hearts-as-distance-effort-as-travel/devlog/983142/initial-upload,,2025-07-11
https://itch.io/blog/983143/vibe-coding-frustrations-galore,,2025-07-11
https://itch.io/blog/983144/medieval-storage-room-low-poly-environment-props,,2025-07-11
https://itch.io/blog/983145/god-summoner-graphic-novel-now-live-on-kickstarter,,2025-07-11
https://itsenderium.itch.io/astronomical-v/devlog/983146/v503-post-launch-updates,,2025-07-11
https://filbot3.itch.io/d6-oracle/devlog/983147/initial-upload,,2025-07-11
https://filbot3.itch.io/pirate-art-cards/devlog/983148/initial-upload,,2025-07-11
https://tmmaher.itch.io/dontdoitagain/devlog/983149/dont-do-it-again,,2025-07-11
https://lunerpixelzsinteractive.itch.io/burger-athlete-test-versions/devlog/983150/added-player-movement,,2025-07-11
https://jacobs-pixels.itch.io/rpg-charrater/devlog/983151/sword-update,,2025-07-11
https://hakuenstudio.itch.io/hakuen-studio-diagonal-characters-for-rpg-maker/devlog/983152/version-102-bug-fixes,,2025-07-11
https://itch.io/blog/983153/-music-collaboration-opportunity-jujuthequi-genre-blending-artist,,2025-07-11
https://feelinimpish.itch.io/impious/devlog/983154/progress-report,,2025-07-11
https://jupitarian.itch.io/fataclysm/devlog/983155/fataclysm-02-release-date-friday-july-11th,,2025-07-11
https://veterua.itch.io/gridhaven/devlog/983156/alpha-release,,2025-07-11
https://nekyiarpg.itch.io/bastets-besties/devlog/983157/pt-br-version,,2025-07-11
https://daremo-publishing.itch.io/star-wars-savage-worlds-companion/devlog/983158/removed-duplicate-entry,,2025-07-11
https://cipherswag.itch.io/mzk/devlog/983159/hi-mzk,,2025-07-11
https://milo-wildcat.itch.io/pula-roots/devlog/983160/quick-update,,2025-07-11
https://fifoni.itch.io/frogy-adventures/devlog/983161/new-frogy-adventures-update,,2025-07-11
https://deadline-co.itch.io/telluricene/devlog/983162/steam-version-now-out,,2025-07-11
https://carlacolon3.itch.io/super-scary-shape-office/devlog/983163/daily-update-09072025,,2025-07-11
https://kurogamedev.itch.io/hot-treasures/devlog/983164/are-we-there-yet,,2025-07-11
https://solarstar-studios.itch.io/ellies-rosy-night-out/devlog/983165/ellies-rosy-night,,2025-07-11
https://xandor.itch.io/raccoons-to-riches/devlog/983166/daily-update-70925-run-starting-bonus-updates,,2025-07-11
https://pnptime.itch.io/escape-the-living-library/devlog/983167/overview-and-playthrough-video-by-shamus,,2025-07-11
https://atrx.itch.io/lost-in-you/devlog/983168/lost-in-you-v013-release-date-announcement,,2025-07-11
https://diabolodev.itch.io/solitaire-battle/devlog/983169/solitaire-battle-v093a-onboarding,,2025-07-11
https://itch.io/blog/983170/-the-history-of-the-master-a-tale-of-beard-bananas-bushes,,2025-07-11
https://nocorxx.itch.io/poostain-tag-horror/devlog/983171/back-in-time,,2025-07-11
https://gladiatordev.itch.io/gladiator-command/devlog/983172/gladiator-command-update-v0522-changelog,,2025-07-11
https://cheeky-nuttybuns.itch.io/the-seeding-curse/devlog/983173/the-seeding-curse-devlog-13-big-new-story-scene-with-new-character-and-date-selection-menu,,2025-07-11
https://vg-dev.itch.io/roguestacks/devlog/983174/version-131,,2025-07-11
https://theerogueone.itch.io/that-new-teacher/devlog/983175/08-progress-update-8,,2025-07-11
https://siim78000.itch.io/oskardi/devlog/983176/guess-whos-back-14prerelease,,2025-07-11
https://neufang.itch.io/blackbird/devlog/983177/118,,2025-07-11
https://bluefairymediagames.itch.io/patreon-the-restoration-of-aphrodisia/devlog/983178/early-bird-update-v01101,,2025-07-11
https://lora-ntr.itch.io/ntr-in-mind/devlog/983179/ntr-in-mind-063-is-already-out,,2025-07-11
https://chesewguy19.itch.io/carterffunnygvameodsdppdsmndajsd/devlog/983180/carter-funny-house-canceled-baldi-fangame,,2025-07-11
https://a-snailman.itch.io/sticky-snail/devlog/983181/general-improvements,,2025-07-11
https://itch.io/blog/983182/slendrina-the-school-full-gameplay,,2025-07-11
https://mohsin-kazmi11.itch.io/quick-problem-solver/devlog/983183/quick-solver-app,,2025-07-11
https://re-gore.itch.io/i-fell-in-love-withe-the-demon-queen-but-now-i-have-to-share-her/devlog/983184/game-version-020-is-released,,2025-07-11
https://knitwitstudios.itch.io/loop-turismo/devlog/983185/v03,,2025-07-11
https://lora-ntr.itch.io/ntr-in-mind/devlog/983186/ntr-in-mind-07-on-patreon,,2025-07-11
https://backterria.itch.io/the-trees/devlog/983187/the-trees-v10,,2025-07-11
https://chesewguy19.itch.io/carterffunnygvameodsdppdsmndajsd/devlog/983189/carter-funny-house-canceled-baldi-fangame,,2025-07-11
https://itch.io/blog/983190/welcome-the-goblin,,2025-07-11
https://studio-laaya.itch.io/abrasion/devlog/983191/final-crunch-week-day-3,,2025-07-11
https://pinkhatdadeveloper.itch.io/lethal-ape-elite/devlog/983192/update-v011,,2025-07-11
https://advstudio.itch.io/basesurvival/devlog/983193/-ciclo-dia-e-noite-novos-inimigos,,2025-07-11
https://it-2090.itch.io/fight-for-platforms-10/devlog/983194/12-hamslugor-improvements,,2025-07-11
https://skylessblind.itch.io/skylessblind/devlog/983195/developer-commentary,,2025-07-11
https://abyzoudev.itch.io/heartbreaker-vn/devlog/983196/the-price-of-devotion-heartbreakers-end-credits-theme,,2025-07-11
https://tmmaher.itch.io/bomber-multiplayer/devlog/983197/bomber-multiplayer,,2025-07-11
https://walldeaf.itch.io/a-thiefs-voyage/devlog/983198/monster-upgrades,,2025-07-11
https://okello20204.itch.io/lisa-entropy-rpg/devlog/983199/fix-2,,2025-07-11
https://itch.io/blog/983200/i-made-a-game-in-18-hours-now-cheesecake-haunts-me,,2025-07-11
https://16bit-hyper-turbo.itch.io/sling-bomb-stg-caravan-mode/devlog/983201/post-your-high-scores-in-my-discord,,2025-07-11
https://veterua.itch.io/gridhaven/devlog/983202/version-002-design-patch,,2025-07-11
https://dede-kusto.itch.io/hot-prospect/devlog/983203/status-update,,2025-07-11
https://exploreman019.itch.io/jolly-but-jolly/devlog/983204/jolly-3-but-jolly-is-finally-out,,2025-07-11
https://chaos00177.itch.io/moaning-meadows/devlog/983205/moaning-meadows-09-is-out,,2025-07-11
https://itch.io/blog/983206/sacosten-nous-projectes,,2025-07-11
https://hempuli.itch.io/a-solitaire-mystery/devlog/983207/small-fixes,,2025-07-11
https://luquigames.itch.io/tits-and-zombies/devlog/983208/devlog-surprise-update-new-village-layout-book-reading-begins,,2025-07-11
https://pinklily69.itch.io/foxified-slutcore/devlog/983209/minor-speech-bubble-fixes,,2025-07-11
https://itch.io/blog/983210/vile-exhumed-release-date,,2025-07-11
https://agpx.itch.io/agpx-game-maker/devlog/983211/fixed-severe-io-issue,,2025-07-11
https://asocietygames.itch.io/boxing-girls/devlog/983212/news-boxing-girls-now-called-boxing-babes-ii,,2025-07-11
https://madtomko.itch.io/mischief-merriment/devlog/983213/christmas-in-july,,2025-07-11
https://arthemy.itch.io/localizationtool/devlog/983214/localization-tool-v14,,2025-07-11
https://memory-briggs.itch.io/the-hero-society/devlog/983215/introduction-to-the-hero-society,,2025-07-11
https://arcforged.itch.io/ultimatesonicsmackdown/devlog/983216/ussd-00110,,2025-07-11
https://demon-alter-studios.itch.io/lustful-apocalypse/devlog/983217/-total-war-is-coming-to-lustful-apocalypse-preview-the-new-campaign-system,,2025-07-11
https://asocietygames.itch.io/boxing-babes-ii/devlog/983218/new-little-update,,2025-07-11
https://covenant-labs.itch.io/carnival-of-the-undead/devlog/983219/carnival-of-the-undead-version-01-initial-release,,2025-07-11
https://fourda.itch.io/four-divine-abidings-full/devlog/983220/just-released-on-steam,,2025-07-11
https://hydrogameraccociasion.itch.io/prodigetic-demo-early-access/devlog/983221/devlog-1,,2025-07-11
https://m-rabbit.itch.io/little-man/devlog/983222/little-man-055-is-out-for-supporters,,2025-07-11
https://czapkoglowy.itch.io/szyba-starter/devlog/983223/wersja-04,,2025-07-11
https://idrellegames.itch.io/wayfarer/devlog/983225/wayfarer-2025-roadmap-q3,,2025-07-11
https://itch.io/blog/983227/sprawl-goons-titles-40-off-until-midnight-saturday-gmt,,2025-07-11
https://goofyguyy.itch.io/loler-runners/devlog/983228/im-might-be-making-this-game-better,,2025-07-11
https://moondev64.itch.io/rec/devlog/983230/let-them-eat-kaedes-cake,,2025-07-11
https://sneakysnakedev.itch.io/kink-maker/devlog/983231/kink-maker-2025-07-09-sneakysnakedev,,2025-07-11
https://roxicaro.itch.io/terminal-descent/devlog/983232/optimizations-bugcrash-fixes-a-new-boss-and-better-heat-management,,2025-07-11
https://offekt.itch.io/tetromino/devlog/983234/update-01b,,2025-07-11
https://endermansupreme.itch.io/unsure/devlog/983235/honestly-i-got-bored,,2025-07-11
https://ionking.itch.io/gdts/devlog/983236/working-on-the-project-again,,2025-07-11
https://solarstar-studios.itch.io/true-ignition/devlog/983237/demo,,2025-07-11
https://envvir.itch.io/jade-pandemonium/devlog/983238/dev-log-2,,2025-07-11
https://balpreets7.itch.io/resume-game/devlog/983239/touch-input-management-better-interaction-systems-superhero-jump-mechanism,,2025-07-11
https://biogenesis.itch.io/the-new-flesh/devlog/983240/free-expansion-supporter-pack-update-version-11,,2025-07-11
https://triniangames.itch.io/missy/devlog/983241/public-post-100725,,2025-07-11
https://antijingoist.itch.io/visual-dos-2024-tech-preview/devlog/983242/minor-patches-and-adjustments,,2025-07-11
https://jeffe-souza.itch.io/tower-of-infinity/devlog/983243/creating-a-storage-chest-system,,2025-07-11
https://bestvoxelgames.itch.io/cube-frontier-the-ultimate-survival-sandbox-experience/devlog/983244/screenshots-changed-now-in-simple-art-style,,2025-07-11
https://kiwistate.itch.io/succubus-roulette/devlog/983245/smoll-korean-update,,2025-07-11
https://st-chem-atelier.itch.io/vm-laura/devlog/983246/10072025-vmlaura-is-out,,2025-07-11
https://pedrolibros.itch.io/labios-salvajes/devlog/983247/wild-lips-048-presodal-early-access,,2025-07-11
https://wispu01.itch.io/wispus-beta-testing-area/devlog/983248/anim-geam-open-for-testing,,2025-07-11
https://showmeahegao.itch.io/parodymerpg/devlog/983249/pre-alpha-version-004,,2025-07-11
https://mechanicalcore.itch.io/project-obscura/devlog/983250/hotfix-1,,2025-07-11
https://fell-hawk.itch.io/fali/devlog/983251/fmod-migration,,2025-07-11
https://wardonstudio.itch.io/horizon-tag/devlog/983253/xmas-23,,2025-07-11
https://mastadongames.itch.io/route-runner/devlog/983254/route-runner-release,,2025-07-11
https://itch.io/blog/983255/long-term-update-pause-announcements,,2025-07-11
https://oppaiman.itch.io/freshwomen/devlog/983256/freshwomen-season-2-episode-4-part-2-coming-on-june-16th-wishlist-now,,2025-07-11
https://itch.io/blog/983258/07092025-new-adventure-launched,,2025-07-11
https://pixel-9.itch.io/run-run-cube/devlog/983259/new-game,,2025-07-11
https://ruslanjan.itch.io/arcanum/devlog/983260/adjusted-the-gameplay-items,,2025-07-11
https://sabishiidev.itch.io/alone-in-the-dark/devlog/983261/bug-crushing-log,,2025-07-11
https://akaricchi.itch.io/taisei/devlog/983262/taisei-v143-released,,2025-07-11
https://reedfield-studios.itch.io/the-rng-rpg/devlog/983264/the-rng-rpg-jam-version-v2,,2025-07-11
https://itch.io/blog/983265/rpg-game-updates,,2025-07-11
https://hamb04.itch.io/eterynte/devlog/983266/patch-104,,2025-07-11
https://itch.io/blog/983267/artshitpost,,2025-07-11
https://kurogamedev.itch.io/push-pull-slide-everywhere/devlog/983268/are-they-done-now,,2025-07-11
https://itch.io/blog/983269/qfw-d3-coming-soon,,2025-07-11
https://rt-rt.itch.io/drifters-dont-brake-midnight-demo/devlog/983270/update-d-250709-0,,2025-07-11
https://jexmex.itch.io/just-the-tail/devlog/983271/v002-update,,2025-07-11
https://itch.io/blog/983272/about-meko-the-grovin-vs-the-world,,2025-07-11
https://murilomj.itch.io/teste/devlog/983273/bloom-sky-entra-em-alpha,,2025-07-11
https://octopodium.itch.io/rangolitico/devlog/983274/alpha-version-release-notes,,2025-07-11
https://kintsugi-digital.itch.io/a-new-place/devlog/983276/a-new-place-v0261-update,,2025-07-11
https://terop.itch.io/gameapi-builder/devlog/983277/videofile-support-and-webcam-support,,2025-07-11
https://akaricchi.itch.io/taisei/devlog/983278/problem-with-the-v143-update-on-macos,,2025-07-11
https://yaru.itch.io/burgertale/devlog/983279/demo-version-127-first-impressions-hotfix,,2025-07-11
https://allan4gaming.itch.io/kill-graggle/devlog/983280/kill-graggle-a-development-retrospective,,2025-07-11
https://sonicexpert986.itch.io/the-bleeding-maw/devlog/983281/the-bleeding-maw-now-with-maps,,2025-07-11
https://speratus.itch.io/aevon/devlog/983282/quality-of-life-update-v022,,2025-07-11
https://colindosh.itch.io/farland/devlog/983284/spritework-halfway-done,,2025-07-11
https://publictransitfan.itch.io/slasher-flick-prototype/devlog/983286/concept-art-,,2025-07-11
https://angelo-durak.itch.io/myriadofmisadventures-demo/devlog/983287/currently-working-on-art-for-the-opening-the-second-level-has-greatly-changed-and-there-will-not-be-an-update-till-i-am-happy-i-will-post-art-and-updates-however,,2025-07-11
https://riffleshuffleandroll.itch.io/collapsi/devlog/983288/solo-rules-removed-until-further-notice,,2025-07-11
https://sethly.itch.io/poonin/devlog/983289/endless-mode,,2025-07-11
https://nocorxx.itch.io/poostain-tag-horror/devlog/983291/v24-bug-fix,,2025-07-11
https://page-keep.itch.io/dwarven-brewer-extended-fermentations/devlog/983292/small-fixes,,2025-07-11
https://antijingoist.itch.io/visual-dos-2024-tech-preview/devlog/983293/mcdonalds-successfully-uses-visual-dos-2024-for-mchire,,2025-07-11
https://sethraeder.itch.io/drgsnz/devlog/983294/0895-fixes-tech-tweaks,,2025-07-11
https://begrove.itch.io/bountiful-harvest/devlog/983295/bountiful-harvest-v03-patreon-exclusive-version,,2025-07-11
https://shaydae.itch.io/in-time/devlog/983296/chapter-one,,2025-07-11
https://kyzanwhitaker.itch.io/robloxia/devlog/983297/robloxia-rebirthed,,2025-07-11
https://pongogogogame.itch.io/all-in-a-mimic/devlog/983298/ver102-update,,2025-07-11
https://neils4.itch.io/epcot-center-communicore/devlog/983300/epcot-center-communicore,,2025-07-11
https://madscs1.itch.io/tordexpanded/devlog/983301/download-removed,,2025-07-11
https://sam-hadding-games.itch.io/nova-boltstar/devlog/983302/version-51,,2025-07-11
https://imakestuffsc.itch.io/pocket-fun/devlog/983303/v13-released,,2025-07-11
https://podagi.itch.io/pons/devlog/983304/updated-demo-release-new-pee-bar,,2025-07-11
https://dead-pixelsz.itch.io/tiny-kingdom/devlog/983305/new-character-archer,,2025-07-11
https://bestvoxelgames.itch.io/cube-frontier-the-ultimate-survival-sandbox-experience/devlog/983306/new-update-changed-player-looks-skins,,2025-07-11
https://moi0210.itch.io/driftline-peaks-demo/devlog/983307/update-v14,,2025-07-11
https://kaligula2817.itch.io/the-school-romance18/devlog/983308/the-school-romance18,,2025-07-11
https://diddileija.itch.io/diddi-and-the-bugs/devlog/983309/removed-the-nightly-version-link,,2025-07-11
https://darthpackman.itch.io/artfight2025/devlog/983310/technical-debt-bug-fix-variable-jumps,,2025-07-11
https://nocorxx.itch.io/poostain-tag-horror/devlog/983312/bug-fix-update-again,,2025-07-11
https://networkmike.itch.io/pleasure-drive/devlog/983313/pleasure-drive-v022b-erotic-encounters-update,,2025-07-11
https://echtrae-games.itch.io/pooka-pandemonium/devlog/983314/v106-update,,2025-07-11
https://itch.io/blog/983315/lethalprimatevr,,2025-07-11
https://softlocked-ranger.itch.io/datadash/devlog/983316/changelog-v070-mobile-controls-first-mobile-build-attempt,,2025-07-11
https://embergamingstudios.itch.io/murder-drones-sudo/devlog/983317/alpha-005-galaxy-out-now,,2025-07-11
https://thatredgtagguy.itch.io/gorilla-panic-official-page/devlog/983318/brainrot-update,,2025-07-11
https://chronomaza.itch.io/kaivasita-sons-of-heaven/devlog/983319/some-illustrations-will-be-missing-for-a-while,,2025-07-11
https://itch.io/blog/983320/third-crisis-neon-nights-v021-patchnotes,,2025-07-11
https://skippendicular.itch.io/talari/devlog/983321/retrigger-update,,2025-07-11
https://itch.io/blog/983322/a-small-little-problem,,2025-07-11
https://trivialknot.itch.io/moon-garden-optimizer/devlog/983323/v1001-fixes,,2025-07-11
https://itch.io/blog/983324/short-short-fictions-now-in-development,,2025-07-11
https://nolimelightproductions.itch.io/prosperon-cyberpunk-setting/devlog/983325/hand-to-hand-combat-update-to-the-rules-and-new-lore-videos-on-youtube,,2025-07-11
https://foxodevelopsgames.itch.io/geometry-dash/devlog/983326/source-code-released,,2025-07-11
https://acetechno.itch.io/astro-gets-a-snack-at-234-am-playable-engine/devlog/983327/version-1045,,2025-07-11
https://noctisp.itch.io/fps-arcade-template/devlog/983328/release,,2025-07-11
https://itch.io/blog/983329/dont-break-one-devlog,,2025-07-11
https://vokimon.itch.io/godot-dice-roller/devlog/983330/godot-dice-roller-153,,2025-07-11
https://abdul-aziz999.itch.io/tic-tac-toe/devlog/983331/tic-tac-toe-a-modern-twist-on-a-classic-game,,2025-07-11
https://ethansonic7.itch.io/desktop-sunky/devlog/983332/sunky-the-desktop-application-v2,,2025-07-11
https://varillgames.itch.io/soul-reaping/devlog/983333/minor-update,,2025-07-11
https://noxdev.itch.io/roguelove/devlog/983335/029,,2025-07-11
https://thenoisewoag777.itch.io/the-abandoned-remants-of-the-tower/devlog/983336/thanks-for-the-support,,2025-07-11
https://mickeyfan254.itch.io/my-charts/devlog/983337/15-is-finally-here,,2025-07-11
https://casper-gaming.itch.io/cgmz-swimming/devlog/983338/version-alpha-r3-release-notes,,2025-07-11
https://plasmagames-studios-alt.itch.io/baldis-basics-the-mod-menu-collection/devlog/983339/v12-update-log,,2025-07-11
https://minecraft-catcherz.itch.io/7-days-to-die/devlog/983340/v23-live-now,,2025-07-11
https://posteebox.itch.io/pt-extra-parmesan/devlog/983341/update-12579,,2025-07-11
https://mattbellamont.itch.io/under-the-bed/devlog/983342/under-the-bed-version-064-bugfix,,2025-07-11
https://spelkollektivet.itch.io/froguelike/devlog/983343/update-040-frogs-story,,2025-07-11
https://itch.io/blog/983344/second-layer-for-creative-construct,,2025-07-11
https://pammy-works.itch.io/sonic-ids-quest/devlog/983345/patreon-release-v07,,2025-07-11
https://lonearchivist.itch.io/oodzee-hozo-awakens/devlog/983346/v10-released,,2025-07-11
https://kurogamedev.itch.io/escape-from-earth/devlog/983347/the-aliens-must-flee-harder,,2025-07-11
https://kurogamedev.itch.io/little-squeak/devlog/983348/we-need-super-cheese-now,,2025-07-11
https://kunai-studios.itch.io/get-free-wip/devlog/983349/-new-game-by-the-dev-of-get-free,,2025-07-11
https://kypcode.itch.io/survivors-end/devlog/983350/update-v007-survivors-end-alpha,,2025-07-11
https://eulucastiagolt.itch.io/los-jogo-da-cobrinha/devlog/983351/game-release,,2025-07-11
https://flimsylegs.itch.io/tarus-infernal-pledge/devlog/983352/major-announcement-foxtail19-joins-the-team-as-an-artist,,2025-07-11
https://mr-moonmi.itch.io/how-to-fix-the-future/devlog/983353/how-to-fix-the-future-chapter-2-part-three-anomaly-v04-is-now-available-for-30,,2025-07-11
https://ljm454.itch.io/nara-order/devlog/983354/scoring-bug-fixed-and-other-things,,2025-07-11
https://viet-nguyen.itch.io/coding-1-summer-25/devlog/983355/door-and-keys,,2025-07-11
https://ombarus.itch.io/solar-rogue/devlog/983356/updated-android-with-valid-signature,,2025-07-11
https://projetoprimatagames.itch.io/capitalcriminal/devlog/983357/capital-criminal-acesso-antecipado,,2025-07-11
https://s1nfu7.itch.io/128px-animation-prototype-humanoid/devlog/983358/mantle-mostly-done,,2025-07-11
https://cpeg.itch.io/absurd-area/devlog/983359/more-preview,,2025-07-11
https://wispu01.itch.io/wispus-beta-testing-area/devlog/983360/11-anim-geam-pre-release,,2025-07-11
https://m3ll0w-mase.itch.io/dinohuntingvr/devlog/983361/game-being-discontinued-new-game-starting,,2025-07-11
https://matpneumatos.itch.io/souls-of-the-goddess/devlog/983363/souls-of-the-goddess-v006red,,2025-07-11
https://coco-adventurer.itch.io/a-cardboard-town/devlog/983364/update-the-game-works-now,,2025-07-11
https://newdron.itch.io/breaksnake/devlog/983365/mobile-joystick-update,,2025-07-11
https://minecraft-catcherz.itch.io/7-days-to-die/devlog/983366/v24-live-now-linux-information-and-the-future,,2025-07-11
https://theflavare.itch.io/slumbering-feline/devlog/983368/devlog-2nd-night-slumber,,2025-07-11
https://speed952.itch.io/clickhawk-v1-saltar-anuncios/devlog/983369/clickhawk-autoclicker-and-skip-ads,,2025-07-11
https://alternativewonders.itch.io/rainbows-and-cheese-grits/devlog/983370/new-visual-novel-rainbows-and-cheese-grits,,2025-07-11
https://itch.io/blog/983371/crafting-a-new-day,,2025-07-11
https://milonsons.itch.io/moon-son/devlog/983372/moon-son-03-update,,2025-07-11
https://eseer.itch.io/hopeless-maw/devlog/983373/crafting-a-new-day,,2025-07-11
https://the-sailor.itch.io/scoundrel/devlog/983374/added-tutorial,,2025-07-11
https://veebuggsy.itch.io/charikiss/devlog/983375/permission-to-love-now-available,,2025-07-11
https://itch.io/blog/983376/devlog-3-clean-souls-visual-progress-animations-and-feedback,,2025-07-11
https://huninn-games.itch.io/confessions-of-a-sassy-girl/devlog/983377/public-release-of-confessions-of-a-sassy-girl-v05,,2025-07-11
https://itch.io/blog/983379/comparison,,2025-07-11
https://jogadasuja.itch.io/samaras-nightmare/devlog/983380/update-novas-mecnicas,,2025-07-11
https://vortexblaze.itch.io/crazy-shootitin/devlog/983382/link,,2025-07-11
https://icychief7.itch.io/battleline/devlog/983383/patch-110,,2025-07-11
https://bu30808.itch.io/project-sjhg/devlog/983384/250710-demo-update-bug-fixes,,2025-07-11
https://kageryo.itch.io/life-on-stage/devlog/983385/150-,,2025-07-11
https://staxxik.itch.io/norikas-case/devlog/983386/norikas-case-v095,,2025-07-11
https://thebreckters.itch.io/mystery-at-davids-chapter-2/devlog/983387/v102,,2025-07-11
https://arseniy-us.itch.io/age-of-europe/devlog/983388/big-update-04,,2025-07-11
https://elementalpaladin.itch.io/nameless-platformer/devlog/983389/level-2-finished-for-virellia-future-plans,,2025-07-11
https://kyarat-0912.itch.io/midnight-halloween/devlog/983390/new-game-japanese-supported,,2025-07-11
https://gymclub3d.itch.io/gymtesting/devlog/983392/gymtest,,2025-07-11
https://truemmertrupp.itch.io/miniversemania/devlog/983393/miniversemania-v073,,2025-07-11
https://alraisi.itch.io/fork/devlog/983395/frok,,2025-07-11
https://timpumb.itch.io/dj-story/devlog/983396/dj-story-042-update-v35-free-now-download-inside,,2025-07-11
https://lyrvx.itch.io/reboot/devlog/983397/over-150-downloads-reboot,,2025-07-11
https://abobaelst.itch.io/stack-survival/devlog/983398/game-status,,2025-07-11
https://devkidd.itch.io/tweencel/devlog/983399/update-tweencel-v22-bug-fixes-improvements,,2025-07-11
https://louidev.itch.io/incro-pachinko/devlog/983400/incro-pachinko-my-first-incremental-game,,2025-07-11
https://flimsylegs.itch.io/animus-non-grata/devlog/983402/sequence-4-available-in-special-edition-v050,,2025-07-11
https://itch.io/blog/983403/our-new-game-junkrats,,2025-07-11
https://engineervrc.itch.io/pizza-tower-demo-1-engis-extras/devlog/983404/waittt,,2025-07-11
https://lectronyx.itch.io/redemption-path/devlog/983405/the-demo-2-release-at-last,,2025-07-11
https://purplexyz.itch.io/swipe-it/devlog/983406/last-update-on-the-works,,2025-07-11
https://bluehoodie.itch.io/jumpdudes/devlog/983407/-closed-release-of-jumpdudes-v0121-,,2025-07-11
https://mkh-user.itch.io/text-forge/devlog/983408/new-feature-panels,,2025-07-11
https://umineko-chan.itch.io/arras/devlog/983409/serverside-source-code-release,,2025-07-11
https://lockyz-media.itch.io/infiniteholesim/devlog/983410/infinite-hole-sim-remix-coming-2026,,2025-07-11
https://itch.io/blog/983412/chubby-story-cross-promo,,2025-07-11
https://bluehoodie.itch.io/jumpdudes/devlog/983413/-jumpdudes-v0122-,,2025-07-11
https://kindeyegames.itch.io/c3-3dobject-alpha/devlog/983414/crash-fixes,,2025-07-11
https://lewdspace.itch.io/lewdspace/devlog/983415/-vote-for-your-1-girl,,2025-07-11
https://the-sailor.itch.io/scoundrel/devlog/983417/concept-ideas-and-art,,2025-07-11
https://hiyamagames.itch.io/koujin-slaying/devlog/983418/ep6,,2025-07-11
https://fluffystudio.itch.io/out-of-puberty-reimagined/devlog/983419/-bugfix-v065b-released,,2025-07-11
https://bookholicdebo.itch.io/blush-maze/devlog/983420/i-made-the-video-dev-loggg,,2025-07-11
https://val2438.itch.io/cats-vs-dogs/devlog/983421/update-1,,2025-07-11
https://itch.io/blog/983422/new-game-homeless-musician-cliker,,2025-07-11
https://lunalyst.itch.io/phantoms-curse/devlog/983423/vivian-quest-part-1-happy-birthday-vik-vivian,,2025-07-11
https://kubataiga.itch.io/action-battle-system-plugin/devlog/983424/update-7-8-2025-is-out-now-for-the-action-battle-system-plugin,,2025-07-11
https://itch.io/blog/983425/laptop-less,,2025-07-11
https://jakkzeven.itch.io/flicker/devlog/983426/flicker-v101-patch,,2025-07-11
https://whisperlinestudio.itch.io/weekly-ferry-uninvited-guest/devlog/983427/first-time-making-a-game,,2025-07-11
https://thekingharem.itch.io/sakura-haruno-naruto-p1/devlog/983428/sakura-haruno-naruto-p1,,2025-07-11
https://enormous-elk.itch.io/ancient-savo/devlog/983429/version-0914-quick-bugfixes,,2025-07-11
https://ludus-pax-studio.itch.io/tiny-terra-spaces/devlog/983430/art-update-is-going-well,,2025-07-11
https://alxlinear.itch.io/last-words-2049/devlog/983431/only-text-version-available,,2025-07-11
https://doogan-inc-studios.itch.io/horders/devlog/983432/page-launch-welcome-to-the-beginning-of-everything-cadets,,2025-07-11
https://jpk-vns.itch.io/the-missing-part/devlog/983434/chapter-3-progress-update-17,,2025-07-11
https://kappa-nerd.itch.io/the-boy-and-his-story-prototype/devlog/983435/new-extra-life-icons-sonic-rush-inspired,,2025-07-11
https://hkmg.itch.io/an-elephants-journey-to-find-its-mate/devlog/983436/update-1,,2025-07-11
https://3mil1991.itch.io/dream-of-remi/devlog/983437/let-it-rain-with-rockets-and-changes,,2025-07-11
https://galdra.itch.io/arcadia-fallen/devlog/983438/galdra-studios-gamescom-2025,,2025-07-11
https://kojefy.itch.io/kojefy/devlog/983439/kojefy,,2025-07-11
https://capitals.itch.io/archeaology-rush/devlog/983440/track-your-tomb-discoveries-post-level,,2025-07-11
https://galdra.itch.io/arcadia-fallen-2/devlog/983441/arcadia-fallen-ii-gamescom-2025,,2025-07-11
https://hauntedtrumpet.itch.io/the-left-eye/devlog/983442/episode-1-of-the-left-eye-available-july-31st,,2025-07-11
https://tragicacomics.itch.io/guia-para-la-aventura/devlog/983443/archivos-correctos,,2025-07-11
https://dondimongames.itch.io/mad-turn-season-1/devlog/983444/mad-trun-season-1,,2025-07-11
https://kiyopawn.itch.io/the-shudderfly-archive/devlog/983445/weekly-update-84-1st-new-sprites-post-hiatus,,2025-07-11
https://sinbeans-studio.itch.io/soupergame/devlog/983447/development-news-10072025,,2025-07-11
https://pixeledmina.itch.io/magical-swamp/devlog/983448/added-gender-neutral-character,,2025-07-11
https://itch.io/blog/983449/experimenting,,2025-07-11
https://mybad1.itch.io/mb-background-bundle-1/devlog/983450/mb-background-bundle-new-update-v12-new-bg,,2025-07-11
https://robinjomargaret.itch.io/the-cursed-woman/devlog/983451/the-cursed-woman-is-out-now-and-its-free,,2025-07-11
https://lostpilgrims.itch.io/vagrus/devlog/983454/dlc-location-artwork-the-forum-of-trophies,,2025-07-11
https://bombomgg.itch.io/luffyfight/devlog/983455/luffy,,2025-07-11
https://tonguefork.itch.io/screamqueans/devlog/983456/episode-2-part-1-coming-soon,,2025-07-11
https://axoartist.itch.io/pixel-tag/devlog/983457/pixel-tag,,2025-07-11
https://banjihagames-official.itch.io/elementail/devlog/983458/devlog-1,,2025-07-11
https://demon-alter-studios.itch.io/lustful-apocalypse/devlog/983460/-lustful-apocalypse-v0816-campaign-chaos-captive-curves-update-,,2025-07-11
https://ava-interactive.itch.io/beneath-the-surface/devlog/983461/v037-change-log,,2025-07-11
https://mintygamekit.itch.io/cozy-character-pack/devlog/983462/cozy-character-pack-v12-fixes,,2025-07-11
https://itch.io/blog/983465/test-animations-and-sounds,,2025-07-11
https://itch.io/blog/983466/mario-party-superstars-nostalgic-fun-with-friends-family,,2025-07-11
https://totalbattery.itch.io/ifo/devlog/983467/html5-version-added,,2025-07-11
https://senpaio-interactive.itch.io/bobos-hotel/devlog/983468/devlog-9-june-25,,2025-07-11
https://victorseven.itch.io/wca-fantasies-collection-dlc/devlog/983469/giveaway-thank-you-for-4-years,,2025-07-11
https://ironsworn-ita.itch.io/ironsworn-traduzione-italiana/devlog/983470/ironsworn-srd-11,,2025-07-11
https://oraclum.itch.io/oraclum-rpg-en/devlog/983471/-updated-files-uploaded,,2025-07-11
https://olipool.itch.io/boeckhams-football-manager/devlog/983472/update-17,,2025-07-11
https://tranceparent.itch.io/game/devlog/983473/tranceparent-v060-media-layer-effects,,2025-07-11
https://roburky.itch.io/sims4-fitness/devlog/983474/v2090-update-for-game-version-1116,,2025-07-11
https://le08nard0.itch.io/geometry-deash/devlog/983476/new-level,,2025-07-11
https://minecraft-catcherz.itch.io/7-days-to-die/devlog/983478/v25-releases-soon-new-launcher,,2025-07-11
https://boxofdough-31.itch.io/rokurokubi/devlog/983479/game-removal-announcement,,2025-07-11
https://legion-cg.itch.io/lunar-heart/devlog/983480/lunar-heart-v030-alpha,,2025-07-11
https://voxel-dev.itch.io/zombie-blast/devlog/983481/new-update,,2025-07-11
https://onlygoodgames.itch.io/milf-hot-stories/devlog/983482/milf-hot-stories-009,,2025-07-11
https://whisperlinestudio.itch.io/weekly-ferry-uninvited-guest/devlog/983484/minor-update-v11,,2025-07-11
https://itch.io/blog/983485/new-batch-of-cartridges-incoming,,2025-07-11
https://thejuster.itch.io/mire-engine/devlog/983486/new-render-pipeline,,2025-07-11
https://itch.io/blog/983488/new-game-out-baldis-basics-in-mini-games-2-android-port,,2025-07-11
https://roleymoth.itch.io/farm-assets-c/devlog/983489/added-hoe-animation-on-character,,2025-07-11
https://linemanpot.itch.io/spacetravelisboring/devlog/983490/post,,2025-07-11
https://l-kot.itch.io/godot-dither-effect/devlog/983491/added-source-code,,2025-07-11
https://ourlife.itch.io/ourlife/devlog/983493/chapter-4-progress-report-4,,2025-07-11
https://free2come.itch.io/funtanariz/devlog/983494/funtanariz-109-is-now-available-for-early-access,,2025-07-11
https://rgmfighter20xx.itch.io/space-monsters-classic/devlog/983495/space-monsters-classic-is-now-available,,2025-07-11
https://storedraumen-games.itch.io/alls-well-that-ends-null/devlog/983496/microdemo,,2025-07-11
https://smrity.itch.io/flappy-bird/devlog/983497/how-i-built-a-viral-flappy-bird-game-in-48-hours,,2025-07-11
https://carnevale.itch.io/vecchio-carnevale-blogghereccio/devlog/983498/raccolte-maggio-e-giugno,,2025-07-11
https://goblin-enjoyer.itch.io/monster-lord-reincarnated/devlog/983499/progress-report-n-19-nsfw,,2025-07-11
https://le08nard0.itch.io/geometry-deash/devlog/983500/one-more-level,,2025-07-11
https://l-kot.itch.io/wordle/devlog/983501/source-code,,2025-07-11
https://carnevale.itch.io/vecchio-carnevale-blogghereccio/devlog/983502/luglio-gli-acquisti,,2025-07-11
https://oserios.itch.io/ltpdtd/devlog/983503/first-post,,2025-07-11
https://itch.io/blog/983505/interesting,,2025-07-11
https://itch.io/blog/983506/mouthwashing-a-fun-and-addictive-game-you-need-to-try,,2025-07-11
https://l-kot.itch.io/wordle/devlog/983507/fixed,,2025-07-11
https://bedevilinc.itch.io/escape-from-grandmas-basement-hidden-object/devlog/983508/new-release-escape-from-grandmas-basement-hidden-object-horror,,2025-07-11
https://moarningshadow.itch.io/project-0193/devlog/983509/minor-updates,,2025-07-11
https://ticosgames.itch.io/stp-space-time-puzzle/devlog/983510/meet-your-new-loyal-companion-in-the-game-dog,,2025-07-11
https://warui-programmer.itch.io/five-nights-at-lust/devlog/983511/five-night-at-lust-v025-released,,2025-07-11
https://magnumstories.itch.io/hearts-on-parole/devlog/983512/rework-time,,2025-07-11
https://lustoverreality.itch.io/adventurous-monster-breeder/devlog/983513/dev-footage-ai-combat-just-got-smarter-and-naughtier-,,2025-07-11
https://paulmaximusttk.itch.io/paul-maximus-petrol-station-tycoon/devlog/983514/version-191-released-10072025,,2025-07-11
https://danudet.itch.io/desire-and-damnation-playtest-packet/devlog/983515/playtest-packet-updates,,2025-07-11
https://landrydev.itch.io/code-clicker/devlog/983516/007,,2025-07-11
https://sigmasuccour.itch.io/false-series-arcade/devlog/983517/more-menu-systems-for-the-arcade,,2025-07-11
https://kiwsety.itch.io/zombiesheriffrebirth/devlog/983519/beta-0014,,2025-07-11
https://triplebaran.itch.io/globglogabgalabexe/devlog/983522/new-game,,2025-07-11
https://landrydev.itch.io/code-clicker/devlog/983523/008,,2025-07-11
https://caterboi.itch.io/m18-smoke-rgd-5-grenades/devlog/983524/some-info,,2025-07-11
https://kpl0kpl0.itch.io/epacse/devlog/983526/changing-the-killers-behavior,,2025-07-11
https://ionking.itch.io/mars/devlog/295367/first-launch-on-itchio,,2025-07-11
https://romegamesstudio.itch.io/beehazard/devlog/300996/post-jam-update,,2025-07-11
https://ionking.itch.io/re/devlog/375552/very-early-early-access,,2025-07-11
https://ionking.itch.io/re/devlog/388655/its-done,,2025-07-11
https://ionking.itch.io/mars/devlog/390376/new-game,,2025-07-11
https://ionking.itch.io/re/devlog/390921/update-11,,2025-07-11
https://ionking.itch.io/re/devlog/391194/update-12,,2025-07-11
https://ionking.itch.io/re/devlog/393825/update-13,,2025-07-11
https://ionking.itch.io/re/devlog/396121/mars-soundtrack-release,,2025-07-11
https://pastelcuties.itch.io/alituratureclub/devlog/406990/whatever-update-this-is-details,,2025-07-11
https://pdrr.itch.io/perfumare-avulsion/devlog/413443/chapter-0-prologue-uploaded,,2025-07-11
https://midnightwine.itch.io/clrdgazevn/devlog/424103/demo-10-is-out-,,2025-07-11
https://pastelcuties.itch.io/close-to-home/devlog/428034/ugh,,2025-07-11
https://ionking.itch.io/re/devlog/429067/11,,2025-07-11
https://midnightwine.itch.io/clrdgazevn/devlog/429192/20-progress-1,,2025-07-11
https://ionking.itch.io/re/devlog/434338/bug-fixes-and-easy-ending-counter,,2025-07-11
https://midnightwine.itch.io/clrdgazevn/devlog/440182/20-progress-2,,2025-07-11
https://pdrr.itch.io/perfumare-avulsion/devlog/445649/chapter-1-uploaded,,2025-07-11
https://pastelcuties.itch.io/close-to-home/devlog/456181/fixing-bugs,,2025-07-11
https://midnightwine.itch.io/clrdgazevn/devlog/486362/20-progress-3,,2025-07-11
https://itch.io/c/323526/secularsages-collection,,2025-07-11
https://itch.io/c/3268060/oh-my-god,,2025-07-11
https://itch.io/c/3268978/assets,,2025-07-11
https://itch.io/c/3269770/amstrad-cpc,,2025-07-11
https://itch.io/c/3285889/orcryss-collection,,2025-07-11
https://itch.io/c/3286054/amiga,,2025-07-11
https://itch.io/c/3374787/conxerafs-collection,,2025-07-11
https://itch.io/c/3386287/18,,2025-07-11
https://itch.io/c/3410300/story,,2025-07-11
https://itch.io/c/3566665/hamezthegreats-collection,,2025-07-11
https://itch.io/c/3618432/rpg-maker,,2025-07-11
https://itch.io/c/3636157/nsfw,,2025-07-11
https://itch.io/c/3750569/pixel-art,,2025-07-11
https://itch.io/c/3782389/zorrodogs-collection,,2025-07-11
https://itch.io/c/3824281/jakalzos-collection,,2025-07-11
https://itch.io/c/3827896/wishlist,,2025-07-11
https://itch.io/c/3911723/futas,,2025-07-11
https://itch.io/c/3918016/vanderfelts-collection,,2025-07-11
https://itch.io/c/4013463/thezippers-collection,,2025-07-11
https://itch.io/c/4015363/tronazos-collection,,2025-07-11
https://itch.io/c/4033385/zodiak667s-collection,,2025-07-11
https://itch.io/c/4092432/maxxisprinklzs-collection,,2025-07-11
https://itch.io/c/4143479/ver-despues,,2025-07-11
https://itch.io/c/4154651/bast47s-collection,,2025-07-11
https://itch.io/c/4159971/lordgargoyles-collection,,2025-07-11
https://itch.io/c/4201027/kij2001s-collection,,2025-07-11
https://itch.io/c/4225879/recomendations,,2025-07-11
https://itch.io/c/4229381/idk,,2025-07-11
https://itch.io/c/4235874/camikatzes-collection,,2025-07-11
https://itch.io/c/4261105/games-i-want,,2025-07-11
https://itch.io/c/4291729/wish-list,,2025-07-11
https://itch.io/c/4336096/wants,,2025-07-11
https://itch.io/c/4352831/normal,,2025-07-11
https://itch.io/c/4353866/horror-games-mods,,2025-07-11
https://itch.io/c/4384766/olusis-collection,,2025-07-11
https://itch.io/c/4399015/silenthell213s-collection,,2025-07-11
https://itch.io/c/4419338/one-piece-zines,,2025-07-11
https://itch.io/c/4421112/tools,,2025-07-11
https://itch.io/c/4431989/going-to-purchese-120-10,,2025-07-11
https://itch.io/c/4453748/idk-chaotics-collection,,2025-07-11
https://itch.io/c/4468257/silenthell213s-collection,,2025-07-11
https://itch.io/c/4504825/gamemememeeessss,,2025-07-11
https://itch.io/c/4518921/kryptics-favourites,,2025-07-11
https://itch.io/c/4528950/azazel0083s-collection,,2025-07-11
https://itch.io/c/4545365/love-my-2d-lovers,,2025-07-11
https://itch.io/c/4566879/resources,,2025-07-11
https://itch.io/c/4578141/xiaoyezhis-collection,,2025-07-11
https://itch.io/c/4579721/metroidvania,,2025-07-11
https://itch.io/c/4586465/playdate-things,,2025-07-11
https://itch.io/c/4594102/shin108s-collection,,2025-07-11
https://itch.io/c/4605944/rikoisthebests-collection,,2025-07-11
https://itch.io/c/4615234/radu658s-collection,,2025-07-11
https://itch.io/c/4648362/yu-qianchengs-collection,,2025-07-11
https://itch.io/c/4648534/funxcats-collection,,2025-07-11
https://itch.io/c/4650142/tikitanas-collection,,2025-07-11
https://itch.io/c/4659956/potato123mans-collection,,2025-07-11
https://itch.io/c/4666148/skipperns-collection,,2025-07-11
https://itch.io/c/4667814/non-nsfw,,2025-07-11
https://itch.io/c/4694609/my-horror-favs,,2025-07-11
https://itch.io/c/4695368/bonger52s-collection,,2025-07-11
https://itch.io/c/4720872/alsdis-collection,,2025-07-11
https://itch.io/c/4731394/rabbitatps-collection,,2025-07-11
https://itch.io/c/4750548,,2025-07-11
https://itch.io/c/4753592/game-jam-games,,2025-07-11
https://itch.io/c/4758664/ssgu478562s-collection,,2025-07-11
https://itch.io/c/4779031/cthuflus-collection,,2025-07-11
https://itch.io/c/4784913/nicholasthegreats-collection,,2025-07-11
https://itch.io/c/4791673/later,,2025-07-11
https://itch.io/c/4797007/fav-games,,2025-07-11
https://itch.io/c/4805329/mehimasheeps-collection,,2025-07-11
https://itch.io/c/4806619/hksans73s-collection,,2025-07-11
https://itch.io/c/4826445/check-later-lol,,2025-07-11
https://itch.io/c/4837209/waterdog125s-collection,,2025-07-11
https://itch.io/c/4839932/itzkevinperezs-collection,,2025-07-11
https://itch.io/c/4847600/liamn1922s-collection,,2025-07-11
https://itch.io/c/4851780/johnathen1608s-collection,,2025-07-11
https://itch.io/c/4859548/otherwordlydreamers-collection,,2025-07-11
https://itch.io/c/4863057/assets,,2025-07-11
https://itch.io/c/4899912/slothds-collection,,2025-07-11
https://itch.io/c/4912714/per4i4eks-collection,,2025-07-11
https://itch.io/c/4920399/hitomiks-collection,,2025-07-11
https://itch.io/c/4923313/delimasts-collection,,2025-07-11
https://itch.io/c/4942228/aisu0157s-collection,,2025-07-11
https://itch.io/c/4948939/spicy-games,,2025-07-11
https://itch.io/c/4954029/meleachs-collection,,2025-07-11
https://itch.io/c/4957470/courtneybeth112s-collection,,2025-07-11
https://itch.io/c/4985421/wtf,,2025-07-11
https://itch.io/c/4991071/s-list-of-games,,2025-07-11
https://itch.io/c/4996909/c,,2025-07-11
https://itch.io/c/5002212/mjay000s-collection,,2025-07-11
https://itch.io/c/5034936/horror-games,,2025-07-11
https://itch.io/c/5041620/keyklickss-collection,,2025-07-11
https://itch.io/c/5061665/maniccmans-collection,,2025-07-11
https://itch.io/c/5073689/thatoneguycars-collection,,2025-07-11
https://itch.io/c/5074823/need-to-try,,2025-07-11
https://itch.io/c/5091065/realooooooooooos-collection,,2025-07-11
https://itch.io/c/5117730/paolina2002s-collection,,2025-07-11
https://itch.io/c/5133765/cosmic-spiderss-collection,,2025-07-11
https://itch.io/c/5162477/zjj1744461s-collection,,2025-07-11
https://itch.io/c/5164017/scottybankss-collection,,2025-07-11
https://itch.io/c/5186967/naazbuakiis-collection,,2025-07-11
https://itch.io/c/5191156/aabcccs-collection,,2025-07-11
https://itch.io/c/5192049/eseniastys-collection,,2025-07-11
https://itch.io/c/5199801/visualnovels,,2025-07-11
https://itch.io/c/5215330/wishlist,,2025-07-11
https://itch.io/c/5220292/darknessholders-collection,,2025-07-11
https://itch.io/c/5229078/juegos,,2025-07-11
https://itch.io/c/5257619/linknjohns-collection,,2025-07-11
https://itch.io/c/5260447/md,,2025-07-11
https://itch.io/c/5265262/victorber199429s-collection,,2025-07-11
https://itch.io/c/5266061/games,,2025-07-11
https://itch.io/c/5273993/ily,,2025-07-11
https://itch.io/c/5290985/foxthebraves-collection,,2025-07-11
https://itch.io/c/5307470/weirdoaritst123s-collection,,2025-07-11
https://itch.io/c/5313350/bits-one-shots-and-drafts,,2025-07-11
https://itch.io/c/5314902/steepracers-collection,,2025-07-11
https://itch.io/c/5330884/mintedoracles-collection,,2025-07-11
https://itch.io/c/5339340/progbisss-collection,,2025-07-11
https://itch.io/c/5339604/mork-borg,,2025-07-11
https://itch.io/c/5351092/1323499s-collection,,2025-07-11
https://itch.io/c/5356050/kapusta-kiszonas-collection,,2025-07-11
https://itch.io/c/5364034/grim-stallions-collection,,2025-07-11
https://itch.io/c/5367686/new-i-want,,2025-07-11
https://itch.io/c/5370992/wait-for-update,,2025-07-11
https://itch.io/c/5374724/lorracles-collection,,2025-07-11
https://itch.io/c/5380272/pin-ups-rewards-2025,,2025-07-11
https://itch.io/c/5384857/visual-novel,,2025-07-11
https://itch.io/c/5387947/ladyjeanettas-collection,,2025-07-11
https://itch.io/c/5399400/pyz5428s-collection,,2025-07-11
https://itch.io/c/5402715/helenafbms-collection,,2025-07-11
https://itch.io/c/5414787/played,,2025-07-11
https://itch.io/c/5416003/nekosenpai321s-collection,,2025-07-11
https://itch.io/c/5423938/partybeetle2007s-collection,,2025-07-11
https://itch.io/c/5429365/kaaennas-collection,,2025-07-11
https://itch.io/c/5433287,,2025-07-11
https://itch.io/c/5459475/w1ozas-collection,,2025-07-11
https://itch.io/c/5482232/wt-dores-collection,,2025-07-11
https://itch.io/c/5482765/rah,,2025-07-11
https://itch.io/c/5483247/wdffs-collection,,2025-07-11
https://itch.io/c/5486452/aniermoss-collection,,2025-07-11
https://itch.io/c/5501323/pikatzu1983s-collection,,2025-07-11
https://itch.io/c/5506594/zeedees-collection,,2025-07-11
https://itch.io/c/5507791/fortunefavors52s-collection,,2025-07-11
https://itch.io/c/5523136/maps,,2025-07-11
https://itch.io/c/5528665/woshiwufans-collection-ok,,2025-07-11
https://itch.io/c/5541620/to-try-pay,,2025-07-11
https://itch.io/c/5544226/hypnotic1s-collection,,2025-07-11
https://itch.io/c/5544520/1tn4s-collection,,2025-07-11
https://itch.io/c/5546660/collection,,2025-07-11
https://itch.io/c/5561764/furry,,2025-07-11
https://itch.io/c/5567619/edwin-evans-thirlwells-collection,,2025-07-11
https://itch.io/c/5568671/gibbxs-collection,,2025-07-11
https://itch.io/c/5570489/me,,2025-07-11
https://itch.io/c/5571937/wesleelewisicloudcoms-collection,,2025-07-11
https://itch.io/c/5590638/backgroundguys-collection,,2025-07-11
https://itch.io/c/5602509/tile-set,,2025-07-11
https://itch.io/c/5613002/stream,,2025-07-11
https://itch.io/c/5613548/mr2humbles-collection,,2025-07-11
https://itch.io/c/5619681/crimsonalpha09s-collection,,2025-07-11
https://itch.io/c/5624742/ruishen5s-collection,,2025-07-11
https://itch.io/c/5626227/mesnoixdecocos-collection,,2025-07-11
https://itch.io/c/5631807/nick-jmsp13s-collection,,2025-07-11
https://itch.io/c/5632956/nice-incremental,,2025-07-11
https://itch.io/c/5635179/neededm73s-collection,,2025-07-11
https://itch.io/c/5635854/idk,,2025-07-11
https://itch.io/c/5639934/sedroneress-collection,,2025-07-11
https://itch.io/c/5656024/firesaleozs-collection,,2025-07-11
https://itch.io/c/5660173/cj-2ts-collection,,2025-07-11
https://itch.io/c/5665525/wolffy-chans-collection,,2025-07-11
https://itch.io/c/5665594/giggle3s-collection,,2025-07-11
https://itch.io/c/5668904/other-games,,2025-07-11
https://itch.io/c/5672483/sussjdkfgjds-collection,,2025-07-11
https://itch.io/c/5675775/alexander06s-collection,,2025-07-11
https://itch.io/c/5675780/mahlyaths-collection,,2025-07-11
https://itch.io/c/5685781/jpbois-collection,,2025-07-11
https://itch.io/c/5689447/mrr0bzxs-collection,,2025-07-11
https://itch.io/c/5699103/should-play,,2025-07-11
https://itch.io/c/5702272/love,,2025-07-11
https://itch.io/c/5711110/akiyongyus-collection,,2025-07-11
https://itch.io/c/5716392/darkfrogggyys-collection,,2025-07-11
https://itch.io/c/5717876/m-u-l-t-i,,2025-07-11
https://itch.io/c/5719262/lyney02s-collection,,2025-07-11
https://itch.io/c/5735985/loljk1224gmailcoms-collection,,2025-07-11
https://itch.io/c/5736875/kalma02s-collection,,2025-07-11
https://itch.io/c/5744547/dolnyanis-collection,,2025-07-11
https://itch.io/c/5745190/furry,,2025-07-11
https://itch.io/c/5753383/shijianjius-collection,,2025-07-11
https://itch.io/c/5755086/salmon8699s-collection,,2025-07-11
https://itch.io/c/5760754/hiringinmatesss-collection,,2025-07-11
https://itch.io/c/5769283/the-483s-collection,,2025-07-11
https://itch.io/c/5770294/zyyns-collection,,2025-07-11
https://itch.io/c/5772623/a-world-for-the-taking,,2025-07-11
https://itch.io/c/5772740/things-to-buy,,2025-07-11
https://itch.io/c/5774856/lynnxs-collection,,2025-07-11
https://itch.io/c/5778008/tobbois-collection,,2025-07-11
https://itch.io/c/5779341/ciderbears-collection,,2025-07-11
https://itch.io/c/5780970/daddypigroachs-collection,,2025-07-11
https://itch.io/c/5781333/pheonixyt03s-collection,,2025-07-11
https://itch.io/c/5781507/fatgapingholes-collection,,2025-07-11
https://itch.io/c/5783073/grex111s-collection,,2025-07-11
https://itch.io/c/5786374/supermedic-101s-collection,,2025-07-11
https://itch.io/c/5789083/rave49s-collection,,2025-07-11
https://itch.io/c/5790811/hyrinxs-collection,,2025-07-11
https://itch.io/c/5793277/mature-romance,,2025-07-11
https://itch.io/c/5793743/shinosakis-collection,,2025-07-11
https://itch.io/c/5799918/younv2s-collection,,2025-07-11
https://itch.io/c/5805741/paintwatertearss-collection,,2025-07-11
https://itch.io/c/5805756/tommes-collection,,2025-07-11
https://itch.io/c/5814076/rolentuss-collection,,2025-07-11
https://itch.io/c/5814484/wishlist,,2025-07-11
https://itch.io/c/5817583/nice,,2025-07-11
https://itch.io/c/5819152/games,,2025-07-11
https://itch.io/c/5826180/nsfw-transformation-moral-deg-corruption-etc,,2025-07-11
https://itch.io/c/5835501/niced,,2025-07-11
https://itch.io/c/5839905/maybe,,2025-07-11
https://itch.io/c/5842344/destroyeastras-collection,,2025-07-11
https://itch.io/c/5842370/hagandasess-collection,,2025-07-11
https://itch.io/c/5855340/wasabu816351s-collection,,2025-07-11
https://itch.io/c/5858097/gjhgs-collection,,2025-07-11
https://itch.io/c/5868917/youtube,,2025-07-11
https://itch.io/c/5871633/cool,,2025-07-11
https://itch.io/c/5871694/li-caras-collection,,2025-07-11
https://itch.io/c/5873450/dabj45s-collection,,2025-07-11
https://itch.io/c/5876555/trial-ls-collection,,2025-07-11
https://itch.io/c/5877339/theone19914s-collection,,2025-07-11
https://itch.io/c/5880603/love-stuff3,,2025-07-11
https://itch.io/c/5881249/ursa2525s-collection,,2025-07-11
https://itch.io/c/5883578/game,,2025-07-11
https://itch.io/c/5887101/mowafis-collection,,2025-07-11
https://itch.io/c/5891262/dev240s-collection,,2025-07-11
https://itch.io/c/5891782/kxkxkx123s-collection,,2025-07-11
https://itch.io/c/5893126/guzman2003gdls-collection,,2025-07-11
https://itch.io/c/5893943/voqdqochilds-collection,,2025-07-11
https://itch.io/c/5895298/ddhd46s-collection,,2025-07-11
https://itch.io/c/5897065/futa,,2025-07-11
https://itch.io/c/5897264/prnc666s-collection,,2025-07-11
https://itch.io/c/5901084/fun,,2025-07-11
https://itch.io/c/5902173/lockouts-collection,,2025-07-11
https://itch.io/c/5904412/want,,2025-07-11
https://itch.io/c/5906091/to-buy,,2025-07-11
https://itch.io/c/5906436/h,,2025-07-11
https://itch.io/c/5907123/yeyubuxis-collection,,2025-07-11
https://itch.io/c/5907868/yandere-vn,,2025-07-11
https://itch.io/c/5908092/stardvst777s-collection,,2025-07-11
https://itch.io/c/5911954/windows,,2025-07-11
https://itch.io/c/5912368/lemonade167s-collection,,2025-07-11
https://itch.io/c/5913010/played-this,,2025-07-11
https://itch.io/c/5914290/schneephins-collection,,2025-07-11
https://itch.io/c/5915862/fritzowolfos-collection,,2025-07-11
https://itch.io/c/5918447/fnksofts-collection,,2025-07-11
https://itch.io/c/5918825/cool-things-i-like,,2025-07-11
https://itch.io/c/5918869/cjiscool09s-collection,,2025-07-11
https://itch.io/c/5920643/6562666s-collection,,2025-07-11
https://itch.io/c/5922393/hsertacserdars-collection,,2025-07-11
https://itch.io/c/5923283/cumboy696969s-collection,,2025-07-11
https://itch.io/c/5924564/mewfoos-collection,,2025-07-11
https://itch.io/c/5926430/to-dowland,,2025-07-11
https://itch.io/c/5927124/1,,2025-07-11
https://itch.io/c/5927406/oreocreams-collection,,2025-07-11
https://itch.io/c/5928007/hehe,,2025-07-11
https://itch.io/c/5929434/lilboo3s-collection,,2025-07-11
https://itch.io/c/5929435/love,,2025-07-11
https://itch.io/c/5929602/weird-limes-collection,,2025-07-11
https://itch.io/c/5933261/zanyyys-collection,,2025-07-11
https://itch.io/c/5935007/best-narrativeharemsandbox-adult-android-games,,2025-07-11
https://itch.io/c/5937452/007191s-collection,,2025-07-11
https://itch.io/c/5938626/linyongkangms-collection,,2025-07-11
https://itch.io/c/5939780/frog,,2025-07-11
https://itch.io/c/5939827/hanskals-collection,,2025-07-11
https://itch.io/c/5940135/smashcaps-collection,,2025-07-11
https://itch.io/c/5940174/no-funfa-no-if,,2025-07-11
https://itch.io/c/5940601/one-page-rpg,,2025-07-11
https://itch.io/c/5940871/spare-short,,2025-07-11
https://itch.io/c/5943031/auvsb0s-collection,,2025-07-11
https://itch.io/c/5946465/racingstuff,,2025-07-11
https://itch.io/c/5948339/boom28s-collection,,2025-07-11
https://itch.io/c/5948771/games,,2025-07-11
https://itch.io/c/5949025/ecchi-to-try,,2025-07-11
https://itch.io/c/5950931/malijiang113087s-collection,,2025-07-11
https://itch.io/c/5953286/wishlist,,2025-07-11
https://itch.io/c/5954233/replayables-collection,,2025-07-11
https://itch.io/c/5954847/guan0320s-collection,,2025-07-11
https://itch.io/c/5956731/mikey,,2025-07-11
https://itch.io/c/5957995/narv1ks-collection,,2025-07-11
https://itch.io/c/5960279/myolizzinesss-collection,,2025-07-11
https://itch.io/c/5964430/smuurons-collection,,2025-07-11
https://itch.io/c/5966812/bgm,,2025-07-11
https://itch.io/c/5967287/xz585as-collection,,2025-07-11
https://itch.io/c/5967328/jackblue434s-collection,,2025-07-11
https://itch.io/c/5969486/kiwiking34s-collection,,2025-07-11
https://itch.io/c/5970688/braincandy8s-collection,,2025-07-11
https://itch.io/c/5972227/van,,2025-07-11
https://itch.io/c/5972908/my-ecchi-collection,,2025-07-11
https://itch.io/c/5973011/sharawatis-collection,,2025-07-11
https://itch.io/c/5973544/ellzyyxs-collection,,2025-07-11
https://itch.io/c/5973965/fatmangoos-collection,,2025-07-11
https://itch.io/c/5974174/tommymoore600s-collection,,2025-07-11
https://itch.io/c/5975360/jadeinheavens-collection,,2025-07-11
https://itch.io/c/5976130/porn-game2,,2025-07-11
https://itch.io/c/5976802/stuff,,2025-07-11
https://itch.io/c/5978253,,2025-07-11
https://itch.io/c/5978544/ssanizzs-collection,,2025-07-11
https://itch.io/c/5978686/bishi-kanishis-collection,,2025-07-11
https://itch.io/c/5979372/bluedragns-collection,,2025-07-11
https://itch.io/c/5980606/character-3d,,2025-07-11
https://itch.io/c/5982849/xrated,,2025-07-11
https://itch.io/c/5983066/colette845s-collection,,2025-07-11
https://itch.io/c/5983440/walyworlds-collection,,2025-07-11
https://itch.io/c/5983852/deadpool-200s-collection,,2025-07-11
https://itch.io/c/5985027/dobby978s-collection,,2025-07-11
https://itch.io/c/5985712/ivestes-collection,,2025-07-11
https://itch.io/c/5986389/raviuiuis-collection,,2025-07-11
https://itch.io/c/5986929/touhou,,2025-07-11
https://itch.io/c/5987015/alex-lora463s-collection,,2025-07-11
https://itch.io/c/5988637/interesantes,,2025-07-11
https://itch.io/c/5989766/qqjks-collection,,2025-07-11
https://itch.io/c/5990764/yaoi,,2025-07-11
https://itch.io/c/5991414/zhi1985s-collection,,2025-07-11
https://itch.io/c/5991426/strawbess-collection,,2025-07-11
https://itch.io/c/5991488/darthvinds-collection,,2025-07-11
https://itch.io/c/5991842/narcissus0s-collection,,2025-07-11
https://itch.io/c/5992018/in-progress,,2025-07-11
https://itch.io/c/5992171/minonimus-mantas-collection,,2025-07-11
https://itch.io/c/5992293/gonnablowups-collection,,2025-07-11
https://itch.io/c/5992303/chevyman472s-collection,,2025-07-11
https://itch.io/c/5992788/thebeangods-collection,,2025-07-11
https://itch.io/c/5993138/regan666s-collection,,2025-07-11
https://itch.io/c/5993371/shomaich90s-collection,,2025-07-11
https://itch.io/c/5993454/visual-novels,,2025-07-11
https://itch.io/c/5994779/abba267s-collection,,2025-07-11
https://itch.io/c/5995563/i-wanna-play-these,,2025-07-11
https://itch.io/c/5995803/yumi-collection,,2025-07-11
https://itch.io/c/5996792/kittycat1657s-collection,,2025-07-11
https://itch.io/c/5996821/moneverlefts-collection,,2025-07-11
https://itch.io/c/5996943/games-to-finish,,2025-07-11
https://itch.io/c/5997173/nicolebsus-collection,,2025-07-11
https://itch.io/c/5997255/buggles486s-collection,,2025-07-11
https://itch.io/c/5997295/lzw20070527s-collection,,2025-07-11
https://itch.io/c/5997571/pineapple-primes-collection,,2025-07-11
https://itch.io/c/5999320/azertoxios-collection,,2025-07-11
https://itch.io/c/5999989/neneko123s-collection,,2025-07-11
https://itch.io/c/6000564/hexeric1s-collection,,2025-07-11
https://itch.io/c/6001262/noah-dlunes-collection,,2025-07-11
https://itch.io/c/6001414/goodots-collection,,2025-07-11
https://itch.io/c/6001488/camilas-collection,,2025-07-11
https://itch.io/c/6001498/jatyuivs-collection,,2025-07-11
https://itch.io/c/6001639/memoria-perdidas-collection,,2025-07-11
https://itch.io/c/6001912/indie-maniac,,2025-07-11
https://itch.io/c/6002090/futa5,,2025-07-11
https://itch.io/c/6002815/luckysenses-collection,,2025-07-11
https://itch.io/c/6003785/industrial-home,,2025-07-11
https://itch.io/c/6004218/axepacss-collection,,2025-07-11
https://itch.io/c/6004269/username-useds-collection,,2025-07-11
https://itch.io/c/6004452/pickeledpickles-collection,,2025-07-11
https://itch.io/c/6004454/gig913rs-collection,,2025-07-11
https://itch.io/c/6004658/moon49s-collection,,2025-07-11
https://itch.io/c/6004728/game-to-play,,2025-07-11
https://itch.io/c/6005856/3-scary-games,,2025-07-11
https://itch.io/c/6006033/kalsers-collection,,2025-07-11
https://itch.io/c/6006116/backgrounds,,2025-07-11
https://itch.io/c/6006311/erlkoenigs-collection,,2025-07-11
https://itch.io/c/6006449/gonna-wait-for-the-full-release,,2025-07-11
https://itch.io/c/6006912/william-pes-collection,,2025-07-11
https://itch.io/c/6007082/andywitztallyhalls-collection,,2025-07-11
https://itch.io/c/6007226/ashiuss-collection,,2025-07-11
https://itch.io/c/6007337/bonrepcos-collection,,2025-07-11
https://itch.io/c/6007471/oguen724s-collection,,2025-07-11
https://itch.io/c/6007476/memoteaz-59s-collection,,2025-07-11
https://itch.io/c/6007563/played,,2025-07-11
https://itch.io/c/6008119/nugratives-collection,,2025-07-11
https://itch.io/c/6008590/supplementals,,2025-07-11
https://itch.io/c/6008775/one-shotsmodules,,2025-07-11
https://itch.io/c/6008977/eukkkkks-collection,,2025-07-11
https://itch.io/c/6009278/cootie,,2025-07-11
https://itch.io/c/6009280/cow-gutss-collection,,2025-07-11
https://itch.io/c/6009339/sfw,,2025-07-11
https://itch.io/c/6009414/mikeoxlon2s-collection,,2025-07-11
https://itch.io/c/6009450/i-played-these-and-they-are-cool,,2025-07-11
https://itch.io/c/6009529/mothership,,2025-07-11
https://itch.io/c/6009543/itsjust1alexs-collection,,2025-07-11
https://itch.io/c/6009634/kino,,2025-07-11
https://itch.io/c/6009642/to-sort,,2025-07-11
https://itch.io/c/6009843/13063042790s-collection,,2025-07-11
https://itch.io/c/6009849/awesome-suace,,2025-07-11
https://itch.io/c/6010257,,2025-07-11
https://itch.io/c/6010272/yulururus-collection,,2025-07-11
https://itch.io/c/6010308/featured-at-the-rpg-night-utrecht,,2025-07-11
https://itch.io/c/6010376/good-stuff,,2025-07-11
https://itch.io/c/6010458/hoom,,2025-07-11
https://itch.io/c/6010522/visual-novels,,2025-07-11
https://itch.io/c/6010545/tatterpigs,,2025-07-11
https://itch.io/c/6010556/computer-games,,2025-07-11
https://itch.io/c/6010563/will-play,,2025-07-11
https://itch.io/c/6010609/pookoofs-collection,,2025-07-11
https://itch.io/c/6010643/fembro-hangout,,2025-07-11
https://itch.io/c/6010665/chrysta-mizukis-collection,,2025-07-11
https://itch.io/c/6010686/browser-games,,2025-07-11
https://itch.io/c/6010724/the-rest-and-the-best,,2025-07-11
https://itch.io/c/6010729/jpsul-5a-2025,,2025-07-11
https://itch.io/c/6010740/goog12s-collection,,2025-07-11
https://itch.io/c/6010751/apk,,2025-07-11
https://itch.io/c/6010769/play-later,,2025-07-11
https://itch.io/c/6010771/bigbawtygyalss-collection,,2025-07-11
https://itch.io/c/6010806/thezuccmans-collection,,2025-07-11
https://itch.io/c/6010810/andyf83s-collection,,2025-07-11
https://itch.io/c/6010814/windows-downloads,,2025-07-11
https://itch.io/c/6010835/slayer33198s-collection,,2025-07-11
https://itch.io/c/6010842/toxic-yuri,,2025-07-11
https://itch.io/c/6010868/slayer33198s-collection,,2025-07-11
https://itch.io/c/6010878/for-projeckt-melody,,2025-07-11
https://itch.io/c/6010880/alterbeing,,2025-07-11
https://itch.io/c/6010886/solo-ttrpg-weekly-roundup-recs,,2025-07-11
https://itch.io/c/6010892/goon,,2025-07-11
https://itch.io/c/6010900/play-later,,2025-07-11
https://itch.io/c/6010928/huangrfgs-collection,,2025-07-11
https://itch.io/c/6010970/3d-goon,,2025-07-11
https://itch.io/c/6011075/watchkidss-collection,,2025-07-11
https://itch.io/c/6011209/fem-protag-corruption,,2025-07-11
https://itch.io/c/6011364/l-o-v-e-,,2025-07-11
https://itch.io/c/6011387/fs25-buildings,,2025-07-11
https://itch.io/c/6011394/tiiiiiis-collection,,2025-07-11
https://itch.io/c/6011395/lorx345s-collection,,2025-07-11
https://itch.io/c/6011404/mini1020308s-collection,,2025-07-11
https://itch.io/c/6011410/colonelcasualtys-collection,,2025-07-11
https://itch.io/c/6011424/zines,,2025-07-11
https://itch.io/c/6011484,,2025-07-11
https://itch.io/c/6011485/thyphonn1s-collection,,2025-07-11
https://itch.io/c/6011502/1,,2025-07-11
https://itch.io/c/6011509,,2025-07-11
https://itch.io/c/6011511/juegacion,,2025-07-11
https://itch.io/c/6011514/waiting-for-android,,2025-07-11
https://itch.io/c/6011540/playdate-fever,,2025-07-11
https://itch.io/c/6011545/loorelapps-collection,,2025-07-11
https://itch.io/c/6011554/saya233s-collection,,2025-07-11
https://itch.io/c/6011563/s-tier,,2025-07-11
https://itch.io/c/6011570/wishlist,,2025-07-11
https://itch.io/c/6011594/ip156227373183s-collection,,2025-07-11
https://itch.io/c/6011664/physical-games,,2025-07-11
https://itch.io/c/6011668/priority-reviews,,2025-07-11
https://itch.io/c/6011678,,2025-07-11
https://itch.io/c/6011693/rpg-maker,,2025-07-11
https://itch.io/c/6011699/yk-bob20s-collection,,2025-07-11
https://itch.io/c/6011701/misc,,2025-07-11
https://itch.io/c/6011731/shrimpietheshrimps-collection,,2025-07-11
https://itch.io/c/6011733/horror-games-i-might-play,,2025-07-11
https://itch.io/c/6011755/linksage25s-collection,,2025-07-11
https://itch.io/c/6011771/oooooo,,2025-07-11
https://itch.io/c/6011773/for-later,,2025-07-11
https://itch.io/c/6011779/pepitolomass-collection,,2025-07-11
https://itch.io/c/6011780/evan-9606s-collection,,2025-07-11
https://itch.io/c/6011787/games,,2025-07-11
https://itch.io/c/6011818/interessante,,2025-07-11
https://itch.io/c/6011839/things-i-have,,2025-07-11
https://itch.io/c/6011855/exploring,,2025-07-11
https://itch.io/c/6011873/games-to-play,,2025-07-11
https://itch.io/c/6011879/yume-00xs-collection,,2025-07-11
https://itch.io/c/6011887/mariomax97s-collection,,2025-07-11
https://itch.io/c/6011890/stock-art-to-look-at,,2025-07-11
https://itch.io/c/6011912/hentai,,2025-07-11
https://itch.io/c/6011924/burger-withautisms-collection,,2025-07-11
https://itch.io/c/6011943/horror,,2025-07-11
https://itch.io/c/6011973/mendokusaihiros-collection,,2025-07-11
https://itch.io/c/6012038/joegoons-collection,,2025-07-11
https://itch.io/c/6012048/2d-assets-unity,,2025-07-11
https://itch.io/c/6012055/programs,,2025-07-11
https://itch.io/c/6012064/pico-8,,2025-07-11
https://itch.io/c/6012068/neet-to-sart,,2025-07-11
https://itch.io/c/6012081/games,,2025-07-11
https://itch.io/c/6012119/mirukmins-collection,,2025-07-11
https://itch.io/c/6012120/amigotudagittims-collection,,2025-07-11
https://itch.io/c/6012125/iriiis-collection,,2025-07-11
https://itch.io/c/6012146/666,,2025-07-11
https://itch.io/c/6012189/favs,,2025-07-11
https://itch.io/c/6012192/miyoo-mini,,2025-07-11
https://itch.io/c/6012229/niyan123s-collection,,2025-07-11
https://itch.io/c/6012238/yoguiiis-collection,,2025-07-11
https://itch.io/c/6012241/check,,2025-07-11
https://itch.io/c/6012261/buuuuas-collection,,2025-07-11
https://itch.io/c/6012263/leo-xwolfers-collection,,2025-07-11
https://itch.io/c/6012270/leo-xwolfers-collection,,2025-07-11
https://itch.io/c/6012296/m4r10201s-collection,,2025-07-11
https://itch.io/c/6012301/my-new-game,,2025-07-11
https://itch.io/c/6012346/kelpeons-collection,,2025-07-11
https://itch.io/c/6012348/to-try-later,,2025-07-11
https://itch.io/c/6012354/kalebthegoattts-collection,,2025-07-11
https://itch.io/c/6012359/neededm73s-collection,,2025-07-11
https://itch.io/c/6012370/lockarts-solo-collection,,2025-07-11
https://itch.io/c/6012374/leo-xwolfers-collection,,2025-07-11
https://itch.io/c/6012389/marias-collection,,2025-07-11
https://itch.io/c/6012392/plaued,,2025-07-11
https://itch.io/c/6012401/godxd123s-collection,,2025-07-11
https://itch.io/c/6012446/leo-xwolfers-collection,,2025-07-11
https://itch.io/c/6012455/to-playwishlist,,2025-07-11
https://itch.io/c/6012474/cairn,,2025-07-11
https://itch.io/c/6012486/quarta-feira-clube,,2025-07-11
https://itch.io/c/6012509/fable1s-collection,,2025-07-11
https://itch.io/c/6012539/novels,,2025-07-11
https://itch.io/c/6012576/bezerrras-collection,,2025-07-11
https://itch.io/c/6012615/whgtyrws-collection,,2025-07-11
https://itch.io/c/6012648/sozonniks-collection,,2025-07-11
https://itch.io/c/6012654/ikzakaria2006s-collection,,2025-07-11
https://itch.io/c/6012671/momohiki36s-collection,,2025-07-11
https://itch.io/c/6012672/hewhobuildsarks-collection,,2025-07-11
https://itch.io/c/6012679/asc1521s-collection,,2025-07-11
https://itch.io/c/6012687/ariannab46s-collection,,2025-07-11
https://itch.io/c/6012690/ovo2cutes-collection,,2025-07-11
https://itch.io/c/6012691/ladyslys-collection,,2025-07-11
https://itch.io/c/6012731/solo,,2025-07-11
https://itch.io/c/6012760/romance-games-3,,2025-07-11
https://itch.io/c/6012795/dream,,2025-07-11
https://itch.io/c/6012823/new-try-outs,,2025-07-11
https://itch.io/c/6012850/cute,,2025-07-11
https://itch.io/c/6012860/played-games-of-2025-3,,2025-07-11
https://itch.io/c/6012870/nuhbreads-collection,,2025-07-11
https://itch.io/c/6012882/nastusoss-collection,,2025-07-11
https://itch.io/c/6012900/nsfw-dibujo,,2025-07-11
https://itch.io/c/6012910/itchyburners-collection,,2025-07-11
https://itch.io/c/6012952/lewisio1s-collection,,2025-07-11
https://itch.io/c/6012957/123,,2025-07-11
https://itch.io/c/6012967/weirdoaritst123s-collection,,2025-07-11
https://itch.io/c/6012974/akcnsoks-collection,,2025-07-11
https://itch.io/c/6012978/z-ol,,2025-07-11
https://itch.io/c/6012990/adult,,2025-07-11
https://itch.io/c/6013003/solo-larp,,2025-07-11
https://itch.io/c/6013020/naazbuakiis-collection,,2025-07-11
https://itch.io/c/6013021/guskollers-collection,,2025-07-11
https://itch.io/c/6013037/kiko903s-collection,,2025-07-11
https://itch.io/c/6013053/fnaf-games,,2025-07-11
https://itch.io/c/6013068/yander-,,2025-07-11
https://itch.io/c/6013069/doomed,,2025-07-11
https://itch.io/c/6013109/5sos-samdeans-collection,,2025-07-11
https://itch.io/c/6013122/smooching,,2025-07-11
https://itch.io/c/6013123/games,,2025-07-11
https://itch.io/c/6013172/horrors,,2025-07-11
https://itch.io/c/6013176/kurage-xxs-collection,,2025-07-11
https://itch.io/c/6013197/things-to-maybe-play,,2025-07-11
https://itch.io/c/6013214/1,,2025-07-11
https://itch.io/c/6013222/demi03s-collection,,2025-07-11
https://itch.io/c/6013224/horror,,2025-07-11
https://itch.io/c/6013231/joguitos,,2025-07-11
https://itch.io/c/6013263/vsntxzs-collection,,2025-07-11
https://itch.io/c/6013272/peak,,2025-07-11
https://itch.io/c/6013274/s-birtch-01s-collection,,2025-07-11
https://itch.io/c/6013297/flowyys1s-collection,,2025-07-11
https://itch.io/c/6013330/check-later,,2025-07-11
https://itch.io/c/6013340/bird-game-jam-tour-2025-so-carlos,,2025-07-11
https://itch.io/c/6013342/azathoth10s-collection,,2025-07-11
https://itch.io/c/6013347/oddperson22s-collection,,2025-07-11
https://itch.io/c/6013369/downloaded,,2025-07-11
https://itch.io/c/6013370/foxylover20s-collection,,2025-07-11
https://itch.io/c/6013375/yep,,2025-07-11
https://itch.io/c/6013382/phantomrabbit12s-collection,,2025-07-11
https://itch.io/c/6013394/yucky-vr,,2025-07-11
https://itch.io/c/6013446/burntywurntys-collection,,2025-07-11
https://itch.io/c/6013448/co,,2025-07-11
https://itch.io/c/6013452/causaps-collection,,2025-07-11
https://itch.io/c/6013454/goonbeers-collection,,2025-07-11
https://itch.io/c/6013459/andriod,,2025-07-11
https://itch.io/c/6013477/reviewed-by-aa-voigt,,2025-07-11
https://itch.io/c/6013482/unknown4trys-collection,,2025-07-11
https://itch.io/c/6013485/vsts,,2025-07-11
https://itch.io/c/6013504/wickedsmes-collection,,2025-07-11
https://itch.io/c/6013505/rytchiis-collection,,2025-07-11
https://itch.io/c/6013516/2d,,2025-07-11
https://itch.io/c/6013519/thegamingimporiums-collection,,2025-07-11
https://itch.io/c/6013520/3d,,2025-07-11
https://itch.io/c/6013536/lavendersmokes-collection,,2025-07-11
https://itch.io/c/6013544/zona-5-indie-games-,,2025-07-11
https://itch.io/c/6013561/zhymqs-collection,,2025-07-11
https://itch.io/c/6013599/racing,,2025-07-11
https://itch.io/c/6013625/jeyssitas-collection,,2025-07-11
https://itch.io/c/6013645/rpgs-i-like,,2025-07-11
https://itch.io/c/6013654/guh,,2025-07-11
https://itch.io/c/6013658/thegermanubers-collection,,2025-07-11
https://itch.io/c/6013663/want-to-play,,2025-07-11
https://itch.io/c/6013675/afterdudes-collection,,2025-07-11
https://itch.io/c/6013684/ulfstien-mjothvitnirsons-collection,,2025-07-11
https://itch.io/c/6013689/01,,2025-07-11
https://itch.io/c/6013718/dingusincs-collection,,2025-07-11
https://itch.io/c/6013724/games-for-dana,,2025-07-11
https://itch.io/c/6013736/wokstahs-collection,,2025-07-11
https://itch.io/c/6013737/momo-playz,,2025-07-11
https://itch.io/c/6013761/aazeys-collection,,2025-07-11
https://itch.io/c/6013786/sennetos-collection,,2025-07-11
https://itch.io/c/6013792/2d-pixel-art-game-dev,,2025-07-11
https://itch.io/c/6013806/matchlock07s-collection,,2025-07-11
https://itch.io/c/6013807/thamaters-collection,,2025-07-11
https://itch.io/c/6013853/den-ises-collection,,2025-07-11
https://itch.io/c/6013886/visual-novels,,2025-07-11
https://itch.io/c/6013918/mistermustang2006s-collection,,2025-07-11
https://itch.io/c/6013928/cats,,2025-07-11
https://itch.io/c/6013959/neo30s-collection,,2025-07-11
https://itch.io/c/6013987/bwisers-collection,,2025-07-11
https://itch.io/c/6013997/psx-lowpoly-rigged,,2025-07-11
https://itch.io/c/6014034/forkorn123s-collection,,2025-07-11
https://itch.io/c/6014050/psx-lowpoly-weapons,,2025-07-11
https://itch.io/c/6014054/rico-para-jugar,,2025-07-11
https://itch.io/c/6014055/ttrpg,,2025-07-11
https://itch.io/c/6014056/g1996s-collection,,2025-07-11
https://itch.io/c/6014063/billie6660s-collection,,2025-07-11
https://itch.io/c/6014072/new-new,,2025-07-11
https://itch.io/c/6014083/new-interesting-games,,2025-07-11
https://itch.io/c/6014126/play-sometime,,2025-07-11
https://itch.io/c/6014132/sunflor00s-collection,,2025-07-11
https://itch.io/c/6014176/eval,,2025-07-11
https://itch.io/c/6014190/yureii-0x0s-collection,,2025-07-11
https://itch.io/c/6014191/rennzlerx23s-collection,,2025-07-11
https://itch.io/c/6014198/peachiesdeys-collection,,2025-07-11
https://itch.io/c/6014204/banocamachos-collection,,2025-07-11
https://itch.io/c/6014205/debt,,2025-07-11
https://itch.io/c/6014215/browser,,2025-07-11
https://itch.io/c/6014266/free,,2025-07-11
https://itch.io/c/6014304/y1500s-collection,,2025-07-11
https://itch.io/c/6014388/les-canards-boiteux,,2025-07-11
https://itch.io/c/6014407/misc,,2025-07-11
https://itch.io/c/6014416/lockouts-collection,,2025-07-11
https://itch.io/c/6014434/play-later,,2025-07-11
https://itch.io/c/6014435/alcr3mies-collection,,2025-07-11
https://itch.io/c/6014450/serandipitys-collection,,2025-07-11
https://itch.io/c/6014453,,2025-07-11
https://itch.io/c/6014457,,2025-07-11
https://itch.io/c/6014469/xjw918238637s-collection,,2025-07-11
https://itch.io/c/6014475/marroon505s-collection,,2025-07-11
https://itch.io/c/6014481/play-with-friends,,2025-07-11
https://itch.io/c/6014507/fnaf-fan-games,,2025-07-11
https://itch.io/c/6014509/9mjmeros-collection,,2025-07-11
https://itch.io/c/6014520/cool-games-collection,,2025-07-11
https://itch.io/c/6014557/monis-collection,,2025-07-11
https://itch.io/c/6014560/652247539s-collection,,2025-07-11
https://itch.io/c/6014570/thiohongs-collection,,2025-07-11
https://itch.io/c/6014583/kateshiki236s-collection,,2025-07-11
https://itch.io/c/6014596/thaghosttts-collection,,2025-07-11
https://itch.io/c/6014602/fellowfleshbags-collection,,2025-07-11
https://itch.io/c/6014604/horror-uwu,,2025-07-11
https://itch.io/c/6014628/sleeepwalkers-collection,,2025-07-11
https://itch.io/c/6014639/sfx,,2025-07-11
https://itch.io/c/6014640/mrae111s-collection,,2025-07-11
https://itch.io/c/6014648/2d-asset,,2025-07-11
https://itch.io/c/6014653/want-to-buy,,2025-07-11
https://itch.io/c/6014658/awesome,,2025-07-11
https://itch.io/c/6014684/recommended-games,,2025-07-11
https://itch.io/c/6014688/touhou-or-safe-game-or-game-i-like,,2025-07-11
https://itch.io/c/6014733/oynanacaklar,,2025-07-11
https://itch.io/c/426863/cool-games,,2025-07-11
https://itch.io/c/562870/arucard1983s-collection,,2025-07-11
https://itch.io/c/827983/qozas-collection,,2025-07-11
https://itch.io/c/852159/jhumbl3s-collection,,2025-07-11
https://itch.io/c/1119381/nnn,,2025-07-11
https://itch.io/c/1154280/playerxt-recommended,,2025-07-11
https://itch.io/c/1168176/thecoder68s-collection,,2025-07-11
https://itch.io/c/1185957/text-based,,2025-07-11
https://itch.io/c/1229069/super1180s-collection,,2025-07-11
https://itch.io/c/1409869/games-sfw,,2025-07-11
https://itch.io/c/1438827/game-creation,,2025-07-11
https://itch.io/c/1596210/duckduckgays-collection,,2025-07-11
https://itch.io/c/1799034/eunbeans-collection,,2025-07-11
https://itch.io/c/1999353/marktfoxs-collection,,2025-07-11
https://itch.io/c/2081289/pixels,,2025-07-11
https://itch.io/c/2309246/buy-later,,2025-07-11
https://itch.io/c/2406730/vaiyats-collection,,2025-07-11
https://itch.io/c/2469999/astr0-gamess-realised,,2025-07-11
https://itch.io/c/2487980/egorkaxxxs-collection,,2025-07-11
https://itch.io/c/2491363/jam360timmys-collection,,2025-07-11
https://itch.io/c/2505890/pozemi20s-collection,,2025-07-11
https://itch.io/c/2526158/crazyfingers87s-collection,,2025-07-11
https://itch.io/c/2530705/jjtzys-collection,,2025-07-11
https://itch.io/c/2555790/lancer-and-lancer-accessories,,2025-07-11
https://itch.io/c/2609743/evanski-made-games,,2025-07-11
https://itch.io/c/2630398/merizumos-collection,,2025-07-11
https://itch.io/c/2669882/cadmackenzieeuas-collection,,2025-07-11
https://itch.io/c/2677897/meangreen89s-collection,,2025-07-11
https://itch.io/c/2709260/pathfinder-2e-stuff,,2025-07-11
https://itch.io/c/2755934/woshiwufans-collection-hesitate,,2025-07-11
https://itch.io/c/2759227/ts1lks-collection,,2025-07-11
https://itch.io/c/2775862/misc,,2025-07-11
https://itch.io/c/2784485/my-games,,2025-07-11
https://itch.io/c/2813598/bun-tired-contributed-to,,2025-07-11
https://itch.io/c/2814883/helmut-hards-collection,,2025-07-11
https://itch.io/c/2825851/visual-novels,,2025-07-11
https://itch.io/c/2836289/bob1206s-collection,,2025-07-11
https://itch.io/c/2933072/bskittless-collection,,2025-07-11
https://itch.io/c/2996121/wl-itch-only,,2025-07-11
https://itch.io/c/3040017/dbzman315s-collection,,2025-07-11
https://itch.io/c/3084168/mothership,,2025-07-11
https://itch.io/c/3169239/pico-8-library,,2025-07-11
https://itch.io/c/3204466/tic80,,2025-07-11
https://itch.io/c/3207913/sioxgwolfs-private-collection,,2025-07-11
https://itch.io/c/3216044/windows-games,,2025-07-11
https://itch.io/c/3223491/zx-spectrum,,2025-07-11
https://itch.io/t/4252861/more-life-dead-interface-an-adventure-game-about-a-fool-a-rotting-city-and-the-death-of-reality,,2025-07-11
https://itch.io/t/5029190/rex-aeterna-prototype-a-vncombat-platformer-hybrid,,2025-07-11
https://itch.io/t/5055516/proxy-devlog-pt-2,,2025-07-11
https://itch.io/t/5066973/story-writer-seeking-for-some-game-writer-base-idea-already-defined,,2025-07-11
https://itch.io/t/5066984/gladiator-command-free-browser-strategy-game-where-your-fighters-die-forever,,2025-07-11
https://itch.io/t/5067087/tiny-tornadoes-a-short-challenging-game,,2025-07-11
https://itch.io/t/5067137/mushroom-ridge,,2025-07-11
https://itch.io/t/5067303/art-2d-artist-looking-for-work-paid-or-unpaid,,2025-07-11
https://itch.io/t/5067478/dark-fantasy-rpg-survival-on-kickstarter-darkest-messia,,2025-07-11
https://itch.io/t/5067514/free-stylized-character-pack,,2025-07-11
https://itch.io/t/5067522/advanced-tictactoe-ticstack,,2025-07-11
https://itch.io/t/5067571/hoopers-announcement,,2025-07-11
https://itch.io/t/5067621/looking-for-other-game-devs-to-grow-with,,2025-07-11
https://itch.io/t/5067650/ura-chicken-the-best-bad-game-ever,,2025-07-11
https://itch.io/t/5067818/where-can-i-see-when-itchio-will-start-charging-the-10-holding-fee,,2025-07-11
https://itch.io/t/5067834/pixel-artist-wanted-for-isometric-social-game,,2025-07-11
https://itch.io/t/5067899/paidstory-narrative-writer-seeking-narrative-designer-for-atmospheric-horror-game,,2025-07-11
https://itch.io/t/5068040/fears-to-process-skinwalker,,2025-07-11
https://itch.io/t/5068125/is-there-anyway-to-remove-games-that-you-bought,,2025-07-11
https://itch.io/t/5068292/art-2d-artist-looking-for-team,,2025-07-11
https://itch.io/t/5068362/free-animated-3d-animal-and-creature-models,,2025-07-11
https://itch.io/t/5068404/i-cast-you-out-new-game-looking-for-feedback,,2025-07-11
https://itch.io/t/5068718/i-am-chinese-and-i-withdraw-my-game-revenue-to-payoneer-will-itchio-inform-payoneer-about-what-kind-of-game-im-selling,,2025-07-11
https://itch.io/t/5068946/recrutement-bnvole-cration-dun-mmorpg-fantasy-3d-projet-nexus,,2025-07-11
https://itch.io/t/5068947/super-mario-brutality,,2025-07-11
https://itch.io/t/5068950/tower-of-gray,,2025-07-11
https://itch.io/t/5068953/wanna-read-a-zine-about-bees,,2025-07-11
https://itch.io/t/5069000/i-cast-you-out-new-solo-journaling-ttrpg-looking-for-feedback,,2025-07-11
https://itch.io/t/5069110/tax-support-doesnt-responding,,2025-07-11
https://itch.io/t/5069154/summer-game,,2025-07-11
https://itch.io/t/5069204/lowpoly-monster,,2025-07-11
https://itch.io/t/5069264/need-feedback,,2025-07-11
https://itch.io/t/5069274/help-needed-id-love-it-if-you-could-help-test-my-game,,2025-07-11
https://itch.io/t/5069289/empires-a-turn-based-strategy-city-builder,,2025-07-11
https://itch.io/t/5069299/cg-artist-needed-paid-work,,2025-07-11
https://itch.io/t/5069439/-we-made-a-cooking-game-with-a-real-chef-yes-really,,2025-07-11
https://itch.io/t/5069560/low-poly-cozy-3d-game-assets,,2025-07-11
https://itch.io/t/5069580/help-i-need-a-artist,,2025-07-11
https://itch.io/t/5069624/the-dark-ones,,2025-07-11
https://itch.io/t/5069654/meet-your-new-loyal-companion-in-the-game-dog,,2025-07-11
https://itch.io/t/5069732/do-players-lose-access-to-paid-itchio-games-after-price-increases,,2025-07-11
https://spriggyhasgames.itch.io/circle-shooter-delta,,2025-07-11
https://spriggyhasgames.itch.io/muto-locus-ldjam,,2025-07-11
https://sunlight-dev.itch.io/marios-escapade,,2025-07-11
https://sirdaringstone77.itch.io/3d-game-test-run,,2025-07-11
https://jjsteeple.itch.io/liquid-gold,,2025-07-11
https://ericsyz.itch.io/blastnbob,,2025-07-11
https://ionking.itch.io/mars,,2025-07-11
https://romegamesstudio.itch.io/beehazard,,2025-07-11
https://sunlight-dev.itch.io/a-midnight-walk,,2025-07-11
https://lordzippo.itch.io/salesman-1997-simulator,,2025-07-11
https://double-citrus.itch.io/arctic-amplification-research,,2025-07-11
https://haslurianexplorer.itch.io/humanphobia-tesis,,2025-07-11
https://stage-lab.itch.io/tailspin-official-web,,2025-07-11
https://ionking.itch.io/re,,2025-07-11
https://baltic-manki.itch.io/bompakiu-fabrikas,,2025-07-11
https://giacomocali.itch.io/bombfall,,2025-07-11
https://baltic-manki.itch.io/bompakiu-fabrikas-2,,2025-07-11
https://baltic-manki.itch.io/bompaki-factory-the-other,,2025-07-11
https://skinnybanditt.itch.io/fpsgod,,2025-07-11
https://romegamesstudio.itch.io/strategy-prototype,,2025-07-11
https://ericsyz.itch.io/re-orbit,,2025-07-11
https://vispo.itch.io/enigman2022,,2025-07-11
https://midnightwine.itch.io/clrdgazevn,,2025-07-11
https://angular.itch.io/shell-of-the-demonlord,,2025-07-11
https://indie-ilay.itch.io/ball-3d,,2025-07-11
https://optimism-indie-dev.itch.io/arkapone,,2025-07-11
https://angular.itch.io/slide-puzzle,,2025-07-11
https://anathidev.itch.io/fight-club,,2025-07-11
https://thaeta.itch.io/wild-protector,,2025-07-11
https://double-citrus.itch.io/project-spider,,2025-07-11
https://teammur.itch.io/hatchetclicker,,2025-07-11
https://nyumisaysnyu.itch.io/super-mario-molds-you-bros,,2025-07-11
https://gatitodev5.itch.io/duck-hunt-rtx,,2025-07-11
https://adiator.itch.io/lunar-lander,,2025-07-11
https://teammur.itch.io/fmtrobot,,2025-07-11
https://tektani.itch.io/the-rage-of-ikthillion,,2025-07-11
https://adiator.itch.io/dodge-the-bullet,,2025-07-11
https://tektani.itch.io/unfinished-tactics-game,,2025-07-11
https://karmenia.itch.io/bloomwell,,2025-07-11
https://romegamesstudio.itch.io/lince-bird,,2025-07-11
https://teammur.itch.io/minejump,,2025-07-11
https://skinnybanditt.itch.io/my-horror,,2025-07-11
https://valtergames.itch.io/pumpkin-vs-ghost,,2025-07-11
https://valtergames.itch.io/dead-fight,,2025-07-11
https://valtergames.itch.io/look-out-monsters,,2025-07-11
https://stage-lab.itch.io/tailspin-official-download,,2025-07-11
https://spriggyhasgames.itch.io/muto-locus,,2025-07-11
https://thaeta.itch.io/timemit,,2025-07-11
https://valtergames.itch.io/protect-the-princess,,2025-07-11
https://bigstretchstudios.itch.io/paintrush,,2025-07-11
https://thaeta.itch.io/a-shadows-quest,,2025-07-11
https://optimism-indie-dev.itch.io/save-the-cave,,2025-07-11
https://thaeta.itch.io/evil-chess,,2025-07-11
https://bigstretchstudios.itch.io/deathbydodgeball,,2025-07-11
https://yellow-paint-games.itch.io/corrupteddemodead,,2025-07-11
https://valtergames.itch.io/cybertower,,2025-07-11
https://romegamesstudio.itch.io/street-cat,,2025-07-11
https://romegamesstudio.itch.io/scape-from-the-frost-valley,,2025-07-11
https://akori2.itch.io/morning-woood-complite,,2025-07-11
https://jomapp.itch.io/alieninvasioncausita,,2025-07-11
https://jjsteeple.itch.io/weights-of-war-battle-demo,,2025-07-11
https://cykodd-production.itch.io/ggj2023-roots-slayer,,2025-07-11
https://romegamesstudio.itch.io/decisions-and-economics,,2025-07-11
https://takasa.itch.io/magus-exo,,2025-07-11
https://zomboyv.itch.io/pessimism-8-page-mini-zine,,2025-07-11
https://bigstretchstudios.itch.io/clownshoes,,2025-07-11
https://milopanta.itch.io/stand-up-recall,,2025-07-11
https://mnmlyw.itch.io/princess-kitty,,2025-07-11
https://ionking.itch.io/gdts,,2025-07-11
https://milopanta.itch.io/math-cannons,,2025-07-11
https://romegamesstudio.itch.io/racers,,2025-07-11
https://lushogt.itch.io/monke-touch,,2025-07-11
https://user-pvz.itch.io/pvz-2-pak-dimensional-damage,,2025-07-11
https://kimcostudio.itch.io/kings-fortress,,2025-07-11
https://kimcostudio.itch.io/mechanical-mayhem,,2025-07-11
https://valtergames.itch.io/cybertower-remade,,2025-07-11
https://romegamesstudio.itch.io/witch-hunter,,2025-07-11
https://rotten-shotgun-games.itch.io/footfall,,2025-07-11
https://ctrlrmt.itch.io/randy-edition,,2025-07-11
https://romegamesstudio.itch.io/the-big-hunt,,2025-07-11
https://milopanta.itch.io/skill-talk-prototype,,2025-07-11
https://lushogt.itch.io/macaques,,2025-07-11
https://nyumisaysnyu.itch.io/basil-vs-watermelons,,2025-07-11
https://romegamesstudio.itch.io/summoning-arena,,2025-07-11
https://akori2.itch.io/hypno-stepmom-final,,2025-07-11
https://oneaction.itch.io/partyroulitte,,2025-07-11
https://romegamesstudio.itch.io/find-aqua,,2025-07-11
https://angelo511ita.itch.io/booger-angelos-basics-in-booger-and-booger,,2025-07-11
https://zsef.itch.io/detective-behind-enemy-lines,,2025-07-11
https://milopanta.itch.io/satyrs-oath,,2025-07-11
https://arterynet.itch.io/ec028,,2025-07-11
https://jomapp.itch.io/artefacto-de-inmortalidad-batalla-sin-magia,,2025-07-11
https://sebas5895-entertainment.itch.io/scary-of-night-chapter-3,,2025-07-11
https://bigstretchstudios.itch.io/pointed-fury,,2025-07-11
https://oneaction.itch.io/cube-game,,2025-07-11
https://oneaction.itch.io/cube-game-longer-version,,2025-07-11
https://oneaction.itch.io/zero-g-experiment,,2025-07-11
https://stage-lab.itch.io/qunnect-4-official-download,,2025-07-11
https://milopanta.itch.io/runic-connect,,2025-07-11
https://milopanta.itch.io/the-rune-transmuter,,2025-07-11
https://artemuce.itch.io/danganronpa-decadent-justice,,2025-07-11
https://trebbu.itch.io/dudo,,2025-07-11
https://fenixapple.itch.io/the-window,,2025-07-11
https://arterynet.itch.io/to-make-you-small,,2025-07-11
https://jedev1.itch.io/operao-hut-9,,2025-07-11
https://milopanta.itch.io/glory-of-the-colosseum,,2025-07-11
https://lectronyx.itch.io/redemption-path,,2025-07-11
https://viver-vive.itch.io/comercio-da-ruina,,2025-07-11
https://romegamesstudio.itch.io/catcolonist,,2025-07-11
https://jogosdigitaisifms.itch.io/escola-das-letras,,2025-07-11
https://jogosdigitaisifms.itch.io/expresso-pantanal,,2025-07-11
https://jogosdigitaisifms.itch.io/geopuzzle,,2025-07-11
https://jogosdigitaisifms.itch.io/equao-astral,,2025-07-11
https://romegamesstudio.itch.io/lead-and-conquer,,2025-07-11
https://nyumisaysnyu.itch.io/game-prototype-grab-bag,,2025-07-11
https://cool-deucelegos.itch.io/roblox-sprunki,,2025-07-11
https://yurt-on-turtle-games.itch.io/10-years-of-rain,,2025-07-11
https://solarstar-studios.itch.io/im-just-droning-by,,2025-07-11
https://weyrektplayzz.itch.io/go,,2025-07-11
https://akori2.itch.io/milf-halloween-party,,2025-07-11
https://turh412.itch.io/brains-and-brawns,,2025-07-11
https://angelo511ita.itch.io/joke-mod-booger-angelos-basics-plus,,2025-07-11
https://akori2.itch.io/dex-momfuck,,2025-07-11
https://cup-of-ice.itch.io/monke-rush,,2025-07-11
https://sonicexpert986.itch.io/the-bleeding-maw,,2025-07-11
https://oneaction.itch.io/monopoly-of-doom,,2025-07-11
https://seversynth.itch.io/glass-shot,,2025-07-11
https://thaeta.itch.io/adventure-4,,2025-07-11
https://beenyproductions.itch.io/beeny-plush-clicker,,2025-07-11
https://itzknaxexe.itch.io/find-your-escape,,2025-07-11
https://karmenia.itch.io/whimsicalbloomwell,,2025-07-11
https://angelo511ita.itch.io/boogerparty,,2025-07-11
https://midnightwine.itch.io/clrdgaze-christmas-vn,,2025-07-11
https://elvgames.itch.io/antalon-sprites-fantasy-dreamland,,2025-07-11
https://dartous-games.itch.io/precision,,2025-07-11
https://tiny-tree.itch.io/potion-pronto-technical-demo,,2025-07-11
https://tektani.itch.io/grave,,2025-07-11
https://vslavk.itch.io/relicquest-mythcreation,,2025-07-11
https://danielles-games.itch.io/oakleys-world,,2025-07-11
https://serivastudios.itch.io/classroomaffairs,,2025-07-11
https://milopanta.itch.io/yatw,,2025-07-11
https://reck26.itch.io/sulok,,2025-07-11
https://bigstretchstudios.itch.io/bubble-league,,2025-07-11
https://warui-programmer.itch.io/five-nights-at-lust,,2025-07-11
https://bpdev.itch.io/smash-simulator,,2025-07-11
https://pikatntyt.itch.io/the-rise-of-doom,,2025-07-11
https://illusionnnnnnn.itch.io/test,,2025-07-11
https://lemonsoup8157.itch.io/my-inner-demons-old,,2025-07-11
https://mr-delta01.itch.io/pong-space,,2025-07-11
https://thalamusdigital.itch.io/starseed-ost,,2025-07-11
https://hudson-the-rock-baird.itch.io/johnnysalamivtpovgp,,2025-07-11
https://eroxxie.itch.io/ct,,2025-07-11
https://lisaburdakramer.itch.io/why-wait-to-bank2,,2025-07-11
https://phgvr.itch.io/phgvrs-horror,,2025-07-11
https://cheeseburger-89.itch.io/sprunki-phase-2-remastered,,2025-07-11
https://cheeseburger-89.itch.io/sprunked-swapped-with-original-sounds,,2025-07-11
https://cheeseburger-89.itch.io/underfell-sans-fight-but-your-always-red,,2025-07-11
https://cheeseburger-89.itch.io/sprunka,,2025-07-11
https://paqgames.itch.io/project-legh,,2025-07-11
https://xxchocoflanxx.itch.io/apocalypse-shopping,,2025-07-11
https://cheeseburger-89.itch.io/sprunki-phase-3-with-phase-4,,2025-07-11
https://pandaplaysyt.itch.io/primal-dread,,2025-07-11
https://cheeseburger-89.itch.io/sprunki-pyramixed-with-unreleased-characters,,2025-07-11
https://zoogame84.itch.io/shadows-in-the-silence,,2025-07-11
https://thelara270.itch.io/flappy-nasa,,2025-07-11
https://immaturegoat.itch.io/4-heights,,2025-07-11
https://cheeseburger-89.itch.io/sprunki-1996-recreation,,2025-07-11
https://pihedron.itch.io/bitmurai,,2025-07-11
https://jw2049.itch.io/soilandbubble,,2025-07-11
https://cheeseburger-89.itch.io/sprunki-pyramixed,,2025-07-11
https://cheeseburger-89.itch.io/incredibox-kats,,2025-07-11
https://kwenksforthebread.itch.io/cuboria,,2025-07-11
https://romegamesstudio.itch.io/project-coreline,,2025-07-11
https://cheeseburger-89.itch.io/sprunki-retake-final-update,,2025-07-11
https://cheeseburger-89.itch.io/sprunki-pyramixed-with-wait-who-are-you,,2025-07-11
https://cheeseburger-89.itch.io/incredibox-sprunki-pre-pyramixed,,2025-07-11
https://bigstretchstudios.itch.io/dream-runner,,2025-07-11
https://bigstretchstudios.itch.io/fatstronaut,,2025-07-11
https://tektani.itch.io/untitled-space-game,,2025-07-11
https://cheeseburger-89.itch.io/sprunki-pyramixed-recomposed,,2025-07-11
https://eventhorizonschool.itch.io/morgana-and-the-mysteries-of-santaurora,,2025-07-11
https://cheeseburger-89.itch.io/whoeveryouare,,2025-07-11
https://tomfox0804.itch.io/annie-simulator,,2025-07-11
https://cheeseburger-89.itch.io/sprunkbig-itch-io-port,,2025-07-11
https://jasonschannel.itch.io/capparkourandmore,,2025-07-11
https://cheeseburger-89.itch.io/title,,2025-07-11
https://pigojl.itch.io/nexum,,2025-07-11
https://cheeseburger-89.itch.io/sprunked-new-things,,2025-07-11
https://mafrgames.itch.io/mafrcraft,,2025-07-11
https://jupresson.itch.io/crystal-cave,,2025-07-11
https://jomapp.itch.io/navecita-espacial-piu-piu,,2025-07-11
https://fenixapple.itch.io/burgerpiz-shift,,2025-07-11
https://nubi400.itch.io/tatudobem,,2025-07-11
https://cheeseburger-89.itch.io/totally-normal-sprunked,,2025-07-11
https://tsumisoft.itch.io/bit-golf,,2025-07-11
https://glikgames.itch.io/birds-of-impalatism,,2025-07-11
https://lonacg.itch.io/buscando-a-euler,,2025-07-11
https://storedraumen-games.itch.io/alls-well-that-ends-null,,2025-07-11
https://cheeseburger-89.itch.io/a-sprunki-mod-thats-almost-impossible-to-mix,,2025-07-11
https://moonworks.itch.io/meldac-prints,,2025-07-11
https://metal9844.itch.io/cuberush,,2025-07-11
https://davisgsee.itch.io/his-own-being,,2025-07-11
https://cup-of-ice.itch.io/gorillproject,,2025-07-11
https://cheeseburger-89.itch.io/incredibox-murder-sprunki,,2025-07-11
https://milopanta.itch.io/sanctify-the-wicked,,2025-07-11
https://coldchocco.itch.io/magnacats,,2025-07-11
https://kier-pixelart.itch.io/pixelart-fences-pack,,2025-07-11
https://gamesovercoffee.itch.io/the-door-problem,,2025-07-11
https://wildquill.itch.io/mydemonicjunglequest,,2025-07-11
https://zoldstudio2.itch.io/blockdrop,,2025-07-11
https://lewdmilk.itch.io/lewd-detective-the-island-of-pleasure,,2025-07-11
https://cheeseburger-89.itch.io/incredibox-kats-horror-mode,,2025-07-11
https://milopanta.itch.io/hack-the-undead,,2025-07-11
https://tektani.itch.io/nightdark,,2025-07-11
https://cheeseburger-89.itch.io/spainters-unlocked,,2025-07-11
https://every-tangerine.itch.io/mith,,2025-07-11
https://cheeseburger-89.itch.io/sprunki-phase-4-but-peak,,2025-07-11
https://cheeseburger-89.itch.io/sprunki,,2025-07-11
https://cheeseburger-89.itch.io/yet-another-boring-old-sprunki-mod,,2025-07-11
https://malachi63746.itch.io/spralt-sprunki-but-absolutely-garbage-100-real,,2025-07-11
https://jerol.itch.io/binary-thinking-open-world,,2025-07-11
https://emanuelsonia.itch.io/tiny-surgeon,,2025-07-11
https://cheeseburger-89.itch.io/spru-what,,2025-07-11
https://milopanta.itch.io/nanoverse-conflict,,2025-07-11
https://covenant-labs.itch.io/carnival-of-the-undead,,2025-07-11
https://existingcoldfood22.itch.io/stopthefireearly,,2025-07-11
https://mh-gamestm.itch.io/mchecz-other-games,,2025-07-11
https://cheeseburger-89.itch.io/sbrunga,,2025-07-11
https://cheeseburger-89.itch.io/sprunki-temmies-take,,2025-07-11
https://ultrahulucreations.itch.io/new-website,,2025-07-11
https://sylonationary-studios.itch.io/not-her-face-demo,,2025-07-11
https://dartous-games.itch.io/fable-fight,,2025-07-11
https://cheeseburger-89.itch.io/sprunki-reupload,,2025-07-11
https://squidhead-games.itch.io/slingers,,2025-07-11
https://princessnataliecreates.itch.io/the-forest,,2025-07-11
https://cheeseburger-89.itch.io/incredibox-cool-as-ice-archive-kind-of,,2025-07-11
https://cheeseburger-89.itch.io/incredibox-warm-like-fire-archive,,2025-07-11
https://mafrgames.itch.io/runner,,2025-07-11
https://tezz124.itch.io/klex-taggers,,2025-07-11
https://hiqqup.itch.io/no-time-to-mine,,2025-07-11
https://solodevv.itch.io/horror-escape-room-version-1,,2025-07-11
https://xavywavy187324097.itch.io/misty-taggers,,2025-07-11
https://gorillataghorror22.itch.io/scary-oo-ahhhhh-by-shrek,,2025-07-11
https://epicfreddy245.itch.io/spacetask,,2025-07-11
https://slayzzd.itch.io/bloop-journey,,2025-07-11
https://novadream.itch.io/coral-kingdom-30,,2025-07-11
https://gorillataghorror22.itch.io/level-2-first-update-big-scary,,2025-07-11
https://lukejones.itch.io/tethernauts,,2025-07-11
https://luminar-games.itch.io/slime-smash,,2025-07-11
https://cheeseburger-89.itch.io/totally-normal-sprunki-retake,,2025-07-11
https://alexandrines.itch.io/aregunds-opfergabe,,2025-07-11
https://ppiamo.itch.io/rttw,,2025-07-11
https://cheeseburger-89.itch.io/simons-realm-1996,,2025-07-11
https://canna-az.itch.io/bounce-and-pray,,2025-07-11
https://sapphire-fox-art-studios.itch.io/miss-silvers-stupendous-steeds,,2025-07-11
https://pixel-9.itch.io/dodge-the-cube,,2025-07-11
https://jerseym.itch.io/kitty-reception,,2025-07-11
https://gorillataghorror22.itch.io/bigscary-fist-update-i-made,,2025-07-11
https://nekopyun.itch.io/when-it-blooms-again,,2025-07-11
https://gorillataghorror22.itch.io/gorilla-tag-horror-v2,,2025-07-11
https://noufany.itch.io/harrier-assault,,2025-07-11
https://jobo15.itch.io/bounceball,,2025-07-11
https://staryxgdev.itch.io/flappy-rocket,,2025-07-11
https://sverryboiii.itch.io/gridclassesprerelease,,2025-07-11
https://gorillataghorror22.itch.io/gorilla-tag-modded-made-by-tag-of-fear-maker,,2025-07-11
https://n3bula-depressed.itch.io/vibetaggers,,2025-07-11
https://5girls.itch.io/amped-up,,2025-07-11
https://gorillataghorror22.itch.io/dad-scary-v2,,2025-07-11
https://robinjomargaret.itch.io/the-cursed-woman,,2025-07-11
https://kalagar.itch.io/l5a-cie-20-hacer-lo-que-debemos-hroes-de-rokugn-i,,2025-07-11
https://milopanta.itch.io/blade-of-the-abyss,,2025-07-11
https://gevandrac-blockmango.itch.io/sprunki-temu,,2025-07-11
https://cheeseburger-89.itch.io/inredibox-kats-leaked-update,,2025-07-11
https://adama3gm.itch.io/dark-fantasy-prefab,,2025-07-11
https://maayanberkovits.itch.io/a-farm-game,,2025-07-11
https://cheeseburger-89.itch.io/sprunki-lynked,,2025-07-11
https://cheeseburger-89.itch.io/sprunki-pop-mix,,2025-07-11
https://gorillataghorror22.itch.io/dad-scary-v3,,2025-07-11
https://swanchime.itch.io/sacrosacred,,2025-07-11
https://chandlermaguire.itch.io/ashadowhidesthere,,2025-07-11
https://projetoprimatagames.itch.io/capitalcriminal,,2025-07-11
https://matheuzfariaz.itch.io/aisterminacao,,2025-07-11
https://astromical-games.itch.io/niko-tropical-trouble,,2025-07-11
https://sparcs-games.itch.io/srd-skill-experience-cards,,2025-07-11
https://sparcs-games.itch.io/srd-phrase-experience-cards,,2025-07-11
https://gorillataghorror22.itch.io/scary-baboon-but-old,,2025-07-11
https://benjagosac.itch.io/eelbound,,2025-07-11
https://mdos79.itch.io/just-a-typical-rpg,,2025-07-11
https://elder3-studio.itch.io/bom,,2025-07-11
https://gorillataghorror22.itch.io/dad-scary-is-back-testing-apk,,2025-07-11
https://st4rbound.itch.io/becoming,,2025-07-11
https://akori2.itch.io/perverted-milf,,2025-07-11
https://greatdragongamer.itch.io/asteroid-miner,,2025-07-11
https://gorillataghorror22.itch.io/big-scary-2-first-update-i-made,,2025-07-11
https://mastadongames.itch.io/route-runner,,2025-07-11
https://ninouilleuh.itch.io/where-are-we,,2025-07-11
https://oleekconder.itch.io/stylized-textures-vol-187-wood,,2025-07-11
https://firefliesjar.itch.io/meowlord,,2025-07-11
https://sabishiidev.itch.io/alone-in-the-dark,,2025-07-11
https://muffinboy1.itch.io/the-mold-grows-demo,,2025-07-11
https://codecola.itch.io/psx-retro-style-gun-kit,,2025-07-11
https://triomatica.itch.io/rabbits-hop-demo,,2025-07-11
https://seversynth.itch.io/the-crash-outs,,2025-07-11
https://cheeseburger-89.itch.io/sprunki-supertunes,,2025-07-11
https://ivo-chanev.itch.io/feast-fist,,2025-07-11
https://n0valove.itch.io/go-and-love-your-dog,,2025-07-11
https://monsta-manly.itch.io/happy-horses-wonderland,,2025-07-11
https://boredpalha.itch.io/jump-square,,2025-07-11
https://arestudio.itch.io/esquivar-bolas,,2025-07-11
https://bigcitywizard.itch.io/chain-shotgun,,2025-07-11
https://dontforgetthegame.itch.io/in-like-flynn,,2025-07-11
https://zzzcomics.itch.io/giantess-pack-q3-2022,,2025-07-11
https://linkthepalesystem64.itch.io/sdl-ii,,2025-07-11
https://gamedevcamp25.itch.io/evas-pong-game,,2025-07-11
https://siempre-studios.itch.io/salto,,2025-07-11
https://amandead.itch.io/drift-king,,2025-07-11
https://darkbloodbane.itch.io/beasts,,2025-07-11
https://ksenia-spirina.itch.io/museum-game,,2025-07-11
https://idglab.itch.io/aitranslate,,2025-07-11
https://jedev1.itch.io/snake-game,,2025-07-11
https://gorillataghorror22.itch.io/oobi-scary,,2025-07-11
https://critywity.itch.io/thrilled-apes,,2025-07-11
https://wolf69black.itch.io/space-shooter,,2025-07-11
https://offbytegames.itch.io/bullet-dance-puzzle-shooter,,2025-07-11
https://stylized.itch.io/monster-pack-1,,2025-07-11
https://spookydafreak.itch.io/incredibox-peepz-and-stuff-mod,,2025-07-11
https://bones20ca.itch.io/hamlets-revenge-demo,,2025-07-11
https://crimsonheadcutiepie.itch.io/hungry-maze,,2025-07-11
https://frgmnt.itch.io/distant-sunlight-endless-regrets,,2025-07-11
https://tg-03.itch.io/somesense,,2025-07-11
https://constitutionalquest.itch.io/constitutional-quest,,2025-07-11
https://stylized.itch.io/monster-pack-2,,2025-07-11
https://veebuggsy.itch.io/permission-to-love,,2025-07-11
https://stylized.itch.io/monster-pack-3-harpy-lizardman-hydra,,2025-07-11
https://landrydev.itch.io/code-clicker,,2025-07-11
https://picnicmagazine.itch.io/picnic-mag-spring-2025,,2025-07-11
https://moth-herald.itch.io/radioman,,2025-07-11
https://gladiatordev.itch.io/gladiator-command,,2025-07-11
https://ayuo-dev.itch.io/charcrafter-free-stylized-character-sample-pack,,2025-07-11
https://flubbamo.itch.io/flood-buds-climate-jam-2025,,2025-07-11
https://aaaoko.itch.io/hijasdelrender,,2025-07-11
https://sangsalawin.itch.io/24xx-srd-thai-translation,,2025-07-11
https://licensed-repose.itch.io/chase-and-escape,,2025-07-11
https://sicklink.itch.io/isometric-brick-breaker,,2025-07-11
https://darkmuffin013.itch.io/ntr-train,,2025-07-11
https://zzzcomics.itch.io/giantess-pack-q4-2022,,2025-07-11
https://tfauthor.itch.io/diploda-dawn,,2025-07-11
https://mku-2025.itch.io/mku-spiel,,2025-07-11
https://mrboxcochat.itch.io/lrc-kingdom-rpg,,2025-07-11
https://quyrul.itch.io/quiz-games,,2025-07-11
https://davemarian.itch.io/fractured-light,,2025-07-11
https://nthans.itch.io/disco-frenzy,,2025-07-11
https://goldenmatrizza.itch.io/demoapers,,2025-07-11
https://locofuria.itch.io/werewolf-cosplayers-1,,2025-07-11
https://stevetyson.itch.io/boni,,2025-07-11
https://fito331.itch.io/mega-alquemybeta002,,2025-07-11
https://kazerdous.itch.io/paddle-probe,,2025-07-11
https://buffine.itch.io/maze,,2025-07-11
https://ahlamx6.itch.io/bowmans-adventure,,2025-07-11
https://derrickmoore.itch.io/turn-based-dungeon-jam,,2025-07-11
https://player-one-dev.itch.io/run-acrossfullscreen,,2025-07-11
https://lamellie.itch.io/teach-er,,2025-07-11
https://memorix101.itch.io/itsatrap,,2025-07-11
https://robobengames.itch.io/roboben-factory-escape,,2025-07-11
https://rzerostern.itch.io/bomber-man,,2025-07-11
https://lonearchivist.itch.io/oodzee-hozo-awakens,,2025-07-11
https://theglunk.itch.io/crime-hero-of-rope,,2025-07-11
https://bitqueststudio.itch.io/smart-tile-control-for-rpg-maker-mz,,2025-07-11
https://bmdh4kpy.itch.io/astro-taggering,,2025-07-11
https://cnoyrel.itch.io/7-vidas,,2025-07-11
https://glutt-garni.itch.io/phantom,,2025-07-11
https://kittao789.itch.io/cross,,2025-07-11
https://lacoste42.itch.io/bonkers,,2025-07-11
https://kvennt.itch.io/unpredictable,,2025-07-11
https://muhammadabidd.itch.io/bobahunt,,2025-07-11
https://burningcheese23.itch.io/nowhere,,2025-07-11
https://jakerz02.itch.io/cool-monkey-horror,,2025-07-11
https://nuutti-jalmari.itch.io/marjas-food-icons,,2025-07-11
https://bunnychung1.itch.io/mhajong-national,,2025-07-11
https://bitqueststudio.itch.io/dynamic-npc-routines-scheduled-movements-for-rpg-maker-mz,,2025-07-11
https://jomapp.itch.io/monkey-climber,,2025-07-11
https://pexeldev.itch.io/itchforge,,2025-07-11
https://ambertimber.itch.io/theseus-adventure,,2025-07-11
https://aidenkramer.itch.io/hellish-revenge,,2025-07-11
https://rj-08.itch.io/dead-point,,2025-07-11
https://adamchilds.itch.io/patt-lands-v1,,2025-07-11
https://baidongculture.itch.io/mooncitywarfare,,2025-07-11
https://befinamor.itch.io/my-headspace,,2025-07-11
https://xx-jim.itch.io/jims-bad-brawlers,,2025-07-11
https://dadousasa.itch.io/babylon,,2025-07-11
https://hamb04.itch.io/eterynte,,2025-07-11
https://team-lemmp.itch.io/picoteo,,2025-07-11
https://felipesilvestre04.itch.io/nomad-of-the-stars,,2025-07-11
https://wolfmood.itch.io/homebody,,2025-07-11
https://origamic-seed.itch.io/ufo,,2025-07-11
https://doctor-violet.itch.io/bride-of-star-station,,2025-07-11
https://nohemiverse.itch.io/narval-terrestre,,2025-07-11
https://endyvr.itch.io/goober-runners,,2025-07-11
https://gamelabunivali.itch.io/toke3,,2025-07-11
https://decktree.itch.io/mountain-generation,,2025-07-11
https://zoy.itch.io/softly-as-in-a-morning-sunrise,,2025-07-11
https://clownmercy.itch.io/dbinvidia,,2025-07-11
https://oxymoron-nonsense.itch.io/wildflower-assets,,2025-07-11
https://superdark.itch.io/barrels-asset-pack,,2025-07-11
https://redrhinogamedev.itch.io/five-guys,,2025-07-11
https://nariarts.itch.io/comic-art-zines,,2025-07-11
https://vore-comics12.itch.io/a-way-to-become-an-apex-predator-what-if,,2025-07-11
https://qtpitarianne.itch.io/mothmania,,2025-07-11
https://lchgames.itch.io/banana-rang,,2025-07-11
https://jacobvdl.itch.io/bobbys-lightmare,,2025-07-11
https://megumi-ryu.itch.io/rainysoundtrack-loops-music-asset-set-japanese-rain-bgm,,2025-07-11
https://megumi-ryu.itch.io/free-rainysoundtrack-loops-music-asset-japanese-rain-bgm,,2025-07-11
https://luvagames-ltd.itch.io/soccer-champions-way,,2025-07-11
https://dragon130613.itch.io/neptune-taggers,,2025-07-11
https://aladinsane-dk.itch.io/hipstercade,,2025-07-11
https://slimezz.itch.io/stupidunfunnyshow,,2025-07-11
https://adiator.itch.io/swerve,,2025-07-11
https://split-peaches.itch.io/beauty-clicker-scarlets-dreams,,2025-07-11
https://veterua.itch.io/gridhaven,,2025-07-11
https://omnisystemspub.itch.io/bioframe-outpost,,2025-07-11
https://adri-space.itch.io/ananas-tag,,2025-07-11
https://jlozanook.itch.io/missioncollege,,2025-07-11
https://thal1432.itch.io/untitled-boss-fight,,2025-07-11
https://xvar12.itch.io/venux-taggers,,2025-07-11
https://emeraldthegamer.itch.io/for-a-prank-charted,,2025-07-11
https://firesystem.itch.io/runner,,2025-07-11
https://potatopasty.itch.io/nonograms,,2025-07-11
https://kbpixelart.itch.io/swamp-part-1,,2025-07-11
https://jesserb.itch.io/para-sprunki-phase-7,,2025-07-11
https://debs-games.itch.io/cupid-deliveries,,2025-07-11
https://ruonan98.itch.io/headless-barbie-dollhidden-within,,2025-07-11
https://starksnow.itch.io/election-time-apmpp,,2025-07-11
https://deluluskye.itch.io/happy-anniversary,,2025-07-11
https://hightechlog.itch.io/dodgely,,2025-07-11
https://fuzzyte.itch.io/dreamshade,,2025-07-11
https://fletser.itch.io/tiny-tornadoes,,2025-07-11
https://st-chem-atelier.itch.io/vm-laura,,2025-07-11
https://dreams-the.itch.io/the-dreams-test,,2025-07-11
https://hydrogameraccociasion.itch.io/prodigetic-demo-early-access,,2025-07-11
https://danudet.itch.io/desire-and-damnation-playtest-packet,,2025-07-11
https://silverstudios.itch.io/spacetanks,,2025-07-11
https://on-an-adventure.itch.io/pack-tactics,,2025-07-11
https://dremhold.itch.io/ethas,,2025-07-11
https://lincoln99151.itch.io/agent-tag,,2025-07-11
https://gonzanator96.itch.io/lurkinghunger,,2025-07-11
https://srhand.itch.io/boobees-vs-luaility,,2025-07-11
https://ner0k1.itch.io/absurd,,2025-07-11
https://abdo-skwth.itch.io/just-cool-cube,,2025-07-11
https://nlb-scratch.itch.io/nlb-game,,2025-07-11
https://ryanfan.itch.io/solarsystem,,2025-07-11
https://casskay.itch.io/sweaty-bingo,,2025-07-11
https://dezrawpixl.itch.io/star-radia,,2025-07-11
https://1000-ways-studios.itch.io/plant-saviors,,2025-07-11
https://ryuheidou.itch.io/anagram-quiz,,2025-07-11
https://samsheart.itch.io/last-stand,,2025-07-11
https://cesargomezbarez.itch.io/boza-san-blas,,2025-07-11
https://comicallyunfunny.itch.io/wombo,,2025-07-11
https://gorillataghorror22.itch.io/gorilla-tag-horror-og-update,,2025-07-11
https://takethemgames.itch.io/hentai-girls-lust-demo,,2025-07-11
https://purplep0tat0.itch.io/escape-from-planet-of-mushrooms,,2025-07-11
https://stage-lab.itch.io/quantum-labyrinth-official-web,,2025-07-11
https://stage-lab.itch.io/quantum-labyrinth-official-download,,2025-07-11
https://ashthederg.itch.io/pixie-lights,,2025-07-11
https://roseriie.itch.io/hue-choose,,2025-07-11
https://javierguy.itch.io/sprunki2018,,2025-07-11
https://mistymurder.itch.io/havvy-metal-lances-lament,,2025-07-11
https://mrpu4i.itch.io/papa,,2025-07-11
https://juan-muela.itch.io/the-legend-of-hero,,2025-07-11
https://eyeofthedragon.itch.io/your-average-character-creator,,2025-07-11
https://valkyriejam.itch.io/vrooomba,,2025-07-11
https://sunmickeymonkey.itch.io/dinosaur,,2025-07-11
https://thefallingdream.itch.io/self-care-menu,,2025-07-11
https://teacupcat.itch.io/warrior-cats-the-star-guide,,2025-07-11
https://gif-superretroworld.itch.io/new-coop-bundle,,2025-07-11
https://trickzplit.itch.io/pizza-room-furniture-cute,,2025-07-11
https://chr0makid.itch.io/pixel-emotions-pack,,2025-07-11
https://yassineunity-studio.itch.io/dreamescape-yassine,,2025-07-11
https://demonalterstudios.itch.io/monster-cam-studios,,2025-07-11
https://brandonwhitton.itch.io/medieval-sword-pack-vol-1,,2025-07-11
https://paulo-alves.itch.io/slime-3d-td,,2025-07-11
https://femboy-estudio.itch.io/andy-and-leyley-sex-2,,2025-07-11
https://falfe.itch.io/fight-platformer,,2025-07-11
https://nezer007.itch.io/cycle,,2025-07-11
https://lincoln99151.itch.io/elbow,,2025-07-11
https://glasswave03.itch.io/matyk3,,2025-07-11
https://woodlandyetigames.itch.io/kill-the-sheep,,2025-07-11
https://oleandrsstudio.itch.io/transgenic-0,,2025-07-11
https://monnierant.itch.io/cyberpunk-rebel-leaks,,2025-07-11
https://zicogames.itch.io/nigero-gucchi-chan,,2025-07-11
https://ouroporos.itch.io/ouros-gameover-collection,,2025-07-11
https://vinsensiuspanjaitan.itch.io/taganing-batak,,2025-07-11
https://studio-were.itch.io/the-walk,,2025-07-11
https://oooccc-maker.itch.io/lets-learn,,2025-07-11
https://seven791.itch.io/9903a1qjy,,2025-07-11
https://pluisjen.itch.io/gff-surge-of-knowledge,,2025-07-11
https://dongchagames.itch.io/golden-arrow-lite-v2,,2025-07-11
https://xiruo-ma.itch.io/sydney2077,,2025-07-11
https://marcos-l.itch.io/effective-sudden-scares,,2025-07-11
https://sammystudio.itch.io/do-i-pass,,2025-07-11
https://orizzontigdr.itch.io/marethar-egemonia-conflitti,,2025-07-11
https://helynalc.itch.io/window-darkly,,2025-07-11
https://kshitijvashisth.itch.io/dangerous-dave-20,,2025-07-11
https://parttimesingularity.itch.io/time-is-running-out,,2025-07-11
https://anasj.itch.io/civilization-through-the-ages,,2025-07-11
https://lefymate.itch.io/island-survival,,2025-07-11
https://purplematchat3a.itch.io/flarp-game,,2025-07-11
https://box-wizard-studios.itch.io/fear-the-pigotaur,,2025-07-11
https://magicalclover.itch.io/run-away-francis,,2025-07-11
https://bebeesg.itch.io/a-dozen-bees,,2025-07-11
https://janpostolka.itch.io/pocket-heroes,,2025-07-11
https://neatly-production.itch.io/grand-drift-aune-demo,,2025-07-11
https://fionn-erickson.itch.io/completely-off-the-table,,2025-07-11
https://hammermichael.itch.io/smtcmd,,2025-07-11
https://mintygamekit.itch.io/cozy-lipsync-characters,,2025-07-11
https://disturber.itch.io/godot-breakout,,2025-07-11
https://gggertyuigfh.itch.io/murder-in-the-woods,,2025-07-11
https://oxycodonee.itch.io/game-ready-scene-locker-room,,2025-07-11
https://estronoid.itch.io/a-bench-in-a-park,,2025-07-11
https://desertmouse666.itch.io/the-spectre,,2025-07-11
https://marcos-l.itch.io/walking-and-running-on-concrete,,2025-07-11
https://daniela10ta.itch.io/game-pong,,2025-07-11
https://michaelataweel.itch.io/patintero,,2025-07-11
https://pchelka02.itch.io/trajectory,,2025-07-11
https://amj15.itch.io/hellhounds-trail,,2025-07-11
https://zeppelin-games.itch.io/picpicto-gaw2025w2,,2025-07-11
https://rpg-games-2026.itch.io/marvel-super-rpg,,2025-07-11
https://3delugar.itch.io/the-ant-farm,,2025-07-11
https://tggcookie.itch.io/epic-horsey-runner,,2025-07-11
https://janpostolka.itch.io/toss-the-oracle,,2025-07-11
https://malcanyon.itch.io/iron-forest,,2025-07-11
https://eromachine.itch.io/rio-futaba-cg-collection,,2025-07-11
https://tagirijus.itch.io/glitches-and-errors-sound-effects,,2025-07-11
https://cactus-pew-pews.itch.io/tinkers,,2025-07-11
https://joninho.itch.io/influencer-x,,2025-07-11
https://greenuparrow.itch.io/trick-tractor,,2025-07-11
https://lazystewgames.itch.io/mad-girl-run,,2025-07-11
https://nikitakvak.itch.io/the-frog-life,,2025-07-11
https://laertjansen.itch.io/le-art,,2025-07-11
https://necropixelgames.itch.io/jagunso,,2025-07-11
https://marcos-l.itch.io/building-demolition-debris,,2025-07-11
https://timeywhimey.itch.io/slime-wars-696969,,2025-07-11
https://xavier-febrero.itch.io/el-traicionado-pj-per-a-the-skeletons,,2025-07-11
https://mysticalcockatoo.itch.io/orbis,,2025-07-11
https://julia-grier.itch.io/loves-echo,,2025-07-11
https://olivernaix.itch.io/eggsroadchallenge,,2025-07-11
https://reck26.itch.io/seven,,2025-07-11
https://ohdeegamer.itch.io/fnf-vs-rewrite-round-2,,2025-07-11
https://kaminarimon-ai.itch.io/suiren-mom-beach,,2025-07-11
https://skanderzoghlami.itch.io/skander,,2025-07-11
https://mobster-mania.itch.io/12-game-bundle-brain-games,,2025-07-11
https://miremagus.itch.io/g-e-n-d-e-r,,2025-07-11
https://tobugadoofc.itch.io/underchara,,2025-07-11
https://dleem.itch.io/raeb-albidaya-finalapk-1,,2025-07-11
https://lachie1999.itch.io/my-pass-wallet,,2025-07-11
https://bahamutchaos666.itch.io/plugin-minigame-pizzamaker-rmmv-1920x1080,,2025-07-11
https://dioxfestivo.itch.io/cats-for-kai,,2025-07-11
https://irontippedquill.itch.io/onboarding-demo,,2025-07-11
https://borisnaftaliev.itch.io/spell-icons-earthnature-pixel-art,,2025-07-11
https://owllog.itch.io/the-inevitable-decay,,2025-07-11
https://amzomolhic.itch.io/abasicguidetosomemoshlings,,2025-07-11
https://lmhpub.itch.io/court-of-tides-a-tabletop-rpg,,2025-07-11
https://whitty5674.itch.io/cool-test,,2025-07-11
https://maxirus98.itch.io/ricochet-robot,,2025-07-11
https://ladinocuspidor.itch.io/stellar-forge,,2025-07-11
https://hornymonkeydreamer.itch.io/h-puzzle,,2025-07-11
https://claireart8023.itch.io/neoncocktailicons89,,2025-07-11
https://tockdev.itch.io/pikky-bird,,2025-07-11
https://orangefruit777.itch.io/appel,,2025-07-11
https://blahblah733.itch.io/kroyer,,2025-07-11
https://marcos-l.itch.io/horror-transition-moments,,2025-07-11
https://capsystems.itch.io/mumbuquinha2-2dclay,,2025-07-11
https://sellessnee.itch.io/bleeding-love-smell-of-roses,,2025-07-11
https://jjastrzembski.itch.io/an-afternoon-walk,,2025-07-11
https://felipetv.itch.io/arthur-basics-in-nightmares,,2025-07-11
https://goldfizh.itch.io/the-glass-wastes,,2025-07-11
https://scribblezdev.itch.io/shattered-loves,,2025-07-11
https://mameka.itch.io/garfielflasaga1,,2025-07-11
https://themetalcarrotdev.itch.io/cosmic-tokyo-2125,,2025-07-11
https://moofor2.itch.io/stairball-v1,,2025-07-11
https://iliketurtles3d.itch.io/random-beast-v1,,2025-07-11
https://gamefab.itch.io/leon-gf,,2025-07-11
https://thegroomstudio.itch.io/spinner-runer,,2025-07-11
https://gobovr.itch.io/apex-predator-vr,,2025-07-11
https://mints123.itch.io/gorilla-tag-recreated,,2025-07-11
https://dandiithefish.itch.io/lemonoids,,2025-07-11
https://locofuria.itch.io/werewolf-cosplayers-2,,2025-07-11
https://asheogunta.itch.io/safari,,2025-07-11
https://aimenpics.itch.io/kozuki-oden,,2025-07-11
https://didilunestudio.itch.io/ddlunestudio-cammy-white-2025,,2025-07-11
https://spacebooger.itch.io/sboom2600,,2025-07-11
https://borisnaftaliev.itch.io/spell-icons-water-pixel-art,,2025-07-11
https://tmlogan008yt.itch.io/atomic-tag,,2025-07-11
https://didilunestudio.itch.io/ddlunstudio-tifa-lockhart-2025,,2025-07-11
https://cohzach.itch.io/factory,,2025-07-11
https://als1925.itch.io/climbing-to-the-top,,2025-07-11
https://giant-hotdog.itch.io/vivis-standoff,,2025-07-11
https://didilunestudio.itch.io/ddlunestudio-black-canary-2025,,2025-07-11
https://klevente13.itch.io/my-pet-auicunk-2,,2025-07-11
https://sylena.itch.io/prologue-jorts-the-knight,,2025-07-11
https://didilunestudio.itch.io/ddlunestudio-boa-hancock-2025,,2025-07-11
https://cosmicsoap.itch.io/spices-girlz-demon-slayers,,2025-07-11
https://didilunestudio.itch.io/ddlunestudio-gamora-2025,,2025-07-11
https://rimuru97.itch.io/pinkboy,,2025-07-11
https://loopzyt.itch.io/physicer,,2025-07-11
https://flexies.itch.io/bionic-girlfriend-part-3,,2025-07-11
https://hotelkilo.itch.io/three-games-of-corporate-little-deaths,,2025-07-11
https://didilunestudio.itch.io/ddlunestudio-saber-dakimakura,,2025-07-11
https://felipetv.itch.io/donald-trump-basics,,2025-07-11
https://wojtek-s.itch.io/wojtek-sprunki-faza-8,,2025-07-11
https://mynerva0x13.itch.io/nier-athlon,,2025-07-11
https://airwrecka0.itch.io/pawsitively-hot-climate-jam-2025-sprint-3-production,,2025-07-11
https://droxcy.itch.io/bad-knights,,2025-07-11
https://adrenalinerpg.itch.io/crossroads,,2025-07-11
https://didilunestudio.itch.io/ddlunestudio-rewards-june2025,,2025-07-11
https://larsh.itch.io/gpu-lightmass-watchdog-for-unreal-engine-5x,,2025-07-11
https://licensed-repose.itch.io/target-ball,,2025-07-11
https://mrcatman47.itch.io/fun-munke-horror,,2025-07-11
https://ben132231.itch.io/you-did-this,,2025-07-11
https://cl-carhart.itch.io/magical-gift,,2025-07-11
https://dingo-dtqob.itch.io/run-and-escape,,2025-07-11
https://itchcreator123.itch.io/2d-shooter,,2025-07-11
https://bhaichoco52.itch.io/death-floor,,2025-07-11
https://maxirus98.itch.io/rempy-project,,2025-07-11
https://icebox91.itch.io/cute-pixel-art-platformer,,2025-07-11
https://meme-studi0.itch.io/simple-coppercube-game,,2025-07-11
https://marcos-l.itch.io/building-and-construction-sites,,2025-07-11
https://borisnaftaliev.itch.io/spell-icons-air-pixel-art,,2025-07-11
https://cl-carhart.itch.io/forbidden-gift,,2025-07-11
https://nhoo.itch.io/draconis-scnario-le-crash,,2025-07-11
https://crazy-weasel994.itch.io/morrions-mind-stone,,2025-07-11
https://davidkulfi.itch.io/survival-game-environment,,2025-07-11
https://cl-carhart.itch.io/winter-flame,,2025-07-11
https://icemaan.itch.io/11-modular-big-swords,,2025-07-11
https://manurubiano.itch.io/tu,,2025-07-11
https://mikeypuma802.itch.io/area-cleared,,2025-07-11
https://tfm-lazzy.itch.io/boost-tag,,2025-07-11
https://southpawdevelopment.itch.io/the-southpaw-development-texture-builder,,2025-07-11
https://fshsd.itch.io/the-talking-room,,2025-07-11
https://basil3124.itch.io/sullivan-my-monster-3d-model-nsfw,,2025-07-11
https://aliumfungus.itch.io/holy-slash-01-02,,2025-07-11
https://otfrs.itch.io/irohi,,2025-07-11
https://asheogunta.itch.io/the-librarian,,2025-07-11
https://rhettdev.itch.io/iron-age,,2025-07-11
https://ooomer.itch.io/bug-byte-the-first-debug,,2025-07-11
https://oxycodonee.itch.io/game-ready-low-poly-desk,,2025-07-11
https://thesneepsnoop.itch.io/violetgrove,,2025-07-11
https://femboy-estudio.itch.io/femboy-carts,,2025-07-11
https://artgameco.itch.io/balance-builder,,2025-07-11
https://midwestemorevival.itch.io/guts,,2025-07-11
https://littletuna27.itch.io/harvest-slayer,,2025-07-11
https://steven4453.itch.io/test-2-0,,2025-07-11
https://zakwithak.itch.io/joe-shambeau,,2025-07-11
https://solarstar-studios.itch.io/ellies-rosy-night-out,,2025-07-11
https://divineisyourpookie.itch.io/bonobo-games,,2025-07-11
https://indydude77.itch.io/sfte,,2025-07-11
https://hokeywokey.itch.io/time-tag-remsa,,2025-07-11
https://logan-baker.itch.io/mothlight,,2025-07-11
https://chinds.itch.io/business-venture,,2025-07-11
https://barrett-krebs.itch.io/on-patroldemo,,2025-07-11
https://goodnuffgaming.itch.io/scrum,,2025-07-11
https://ashheardwrites.itch.io/redecorating,,2025-07-11
https://spinngt.itch.io/akuma-taggers,,2025-07-11
https://dani-desu.itch.io/harvest-horizon,,2025-07-11
https://messdude.itch.io/cavity2025,,2025-07-11
https://alexandershen.itch.io/monster-dinner-party,,2025-07-11
https://red-triangle.itch.io/zacs-gameday,,2025-07-11
https://aeglen.itch.io/unfairdle,,2025-07-11
https://valkyriejam.itch.io/plushbrulee,,2025-07-11
https://yanvictor.itch.io/testes-empresariais-simulador,,2025-07-11
https://tgrjay.itch.io/project-kid-v2,,2025-07-11
https://kozel-games.itch.io/sawn-off-shotgun-the-dungeon,,2025-07-11
https://zcv-qxz111.itch.io/musiccraftbox,,2025-07-11
https://sandman-8.itch.io/skyloop,,2025-07-11
https://meatballandtimbits.itch.io/whispers-in-needlewood-hollow,,2025-07-11
https://kzooy.itch.io/soulspike,,2025-07-11
https://wafih.itch.io/parry-the-platypus,,2025-07-11
https://free-radicals-press.itch.io/dumpster-fire,,2025-07-11
https://thebitbet.itch.io/not-found,,2025-07-11
https://acornup.itch.io/item-overload-online,,2025-07-11
https://p1nkyvr.itch.io/data-tag,,2025-07-11
https://misfit-studios.itch.io/darwins-world-nuclear-edition-feeding-grounds,,2025-07-11
https://imzero-comics.itch.io/sketchbook-june-2025-18,,2025-07-11
https://goomytn.itch.io/penis,,2025-07-11
https://myapc-studios.itch.io/gumbots,,2025-07-11
https://omyurice.itch.io/shortanimationdoctorhimbo,,2025-07-11
https://imzero-comics.itch.io/sketchbook-may-2025-18,,2025-07-11
https://el-kalu-games.itch.io/elviajedeegresados,,2025-07-11
https://sami179.itch.io/lost-in-dust,,2025-07-11
https://omyurice.itch.io/animated-shortshorevisit,,2025-07-11
https://maxdadwarf.itch.io/closeddoors,,2025-07-11
https://felipetv.itch.io/everyone-helps-baldi-android-port,,2025-07-11
https://londonjamesd.itch.io/tinyforest-stylized-nature-pack,,2025-07-11
https://abdulsalamfarun.itch.io/last-light,,2025-07-11
https://mu63n.itch.io/fragments-of-memories,,2025-07-11
https://smallcableboi.itch.io/chaos-deathmatch,,2025-07-11
https://nicoledgs.itch.io/eelbound,,2025-07-11
https://ahmed-stu.itch.io/fishing-moments,,2025-07-11
https://anas818.itch.io/frogy-together-2,,2025-07-11
https://racerman555.itch.io/f1-low-poly-racing-online,,2025-07-11
https://enriquethomaz.itch.io/gridslayers,,2025-07-11
https://whitty5674.itch.io/multiplayer-for-tano,,2025-07-11
https://prokenya.itch.io/flat-keyboardsvg,,2025-07-11
https://chesewguy19.itch.io/carterffunnygvameodsdppdsmndajsd,,2025-07-11
https://higalina.itch.io/forged-in-fantasy-20-one-handed-weapon-icons-png-512x512,,2025-07-11
https://jkbii6789.itch.io/tetris-in-scratch,,2025-07-11
https://jjag7217.itch.io/bird-blast,,2025-07-11
https://ibeid-matheus.itch.io/kuri-ania,,2025-07-11
https://dexod.itch.io/squirrel-re,,2025-07-11
https://tragicacomics.itch.io/guia-para-la-aventura,,2025-07-11
https://pavel-goroxov.itch.io/fade-runner,,2025-07-11
https://madalhus.itch.io/malevolent-ethos,,2025-07-11
https://popeyecsm.itch.io/subject-zero-survival-horrorroguelike-2d-game,,2025-07-11
https://mameka.itch.io/garfielflasaga2,,2025-07-11
https://swiftblaze69.itch.io/glitchhoppers,,2025-07-11
https://jae4life.itch.io/edge-tag,,2025-07-11
https://fahadnovel.itch.io/crimson-hill,,2025-07-11
https://backterria.itch.io/the-trees,,2025-07-11
https://mashinn.itch.io/island-of-babel,,2025-07-11
https://jessiecool.itch.io/phenomena-omens-other-signifiers,,2025-07-11
https://jpsul2025.itch.io/mundo-das-frutas,,2025-07-11
https://kraken-code-games.itch.io/godot-scene-bookmark-manager,,2025-07-11
https://jpsul2025.itch.io/sorvete-genial,,2025-07-11
https://new3-meme.itch.io/momomobomb,,2025-07-11
https://barondipitous.itch.io/the-collection-grows,,2025-07-11
https://storytellerrpg.itch.io/super-street-fighter-ii-rpg,,2025-07-11
https://jpsul2025.itch.io/free-whilly,,2025-07-11
https://jpsul2025.itch.io/cabea-seca,,2025-07-11
https://zzzcomics.itch.io/giantess-pack-q1-2023,,2025-07-11
https://gregerz117.itch.io/cpu-def,,2025-07-11
https://kosat.itch.io/slime-attackuh,,2025-07-11
https://nielscraft12.itch.io/mage-with-rage,,2025-07-11
https://jpsul2025.itch.io/praia-bonita,,2025-07-11
https://zorymoon01.itch.io/diamond-heart,,2025-07-11
https://jpsul2025.itch.io/por-do-sol,,2025-07-11
https://jpsul2025.itch.io/jogo-da-cozinha,,2025-07-11
https://dualistic-games.itch.io/1-am,,2025-07-11
https://jpsul2025.itch.io/on-the-sea,,2025-07-11
https://eagleclaw473.itch.io/godot-asteroids-clone,,2025-07-11
https://gloopcat.itch.io/travel-to-choir-fields,,2025-07-11
https://aramyx.itch.io/yixuans-tits,,2025-07-11
https://pico-real123.itch.io/super-monke-64,,2025-07-11
https://memory-briggs.itch.io/the-hero-society,,2025-07-11
https://sinclairsociety.itch.io/dungeon-quest-15-dragon-avenger-ultimate-bastard-edition,,2025-07-11
https://svart-ulv-dev.itch.io/fps-concept,,2025-07-11
https://cath4444.itch.io/arcade-gone-wild,,2025-07-11
https://xdevster.itch.io/the-covo,,2025-07-11
https://speedyark.itch.io/fearbound,,2025-07-11
https://nanorossi.itch.io/cfb26coachplanner,,2025-07-11
https://bloody-eye1.itch.io/psx-male-character3,,2025-07-11
https://kitauthor.itch.io/pegasus-in-flight,,2025-07-11
https://comrade-makishev.itch.io/muzik-base-nights,,2025-07-11
https://smalltiny.itch.io/heavenly-amnesia,,2025-07-11
https://aezoreglazer.itch.io/aezore-romance,,2025-07-11
https://hamzer.itch.io/hamzer-taggers,,2025-07-11
https://luissexto.itch.io/solar-constellation,,2025-07-11
https://karmaglp.itch.io/glibshi,,2025-07-11
https://marto2234.itch.io/softlogic-mastery,,2025-07-11
https://bigbouncydragon.itch.io/dragon-growth,,2025-07-11
https://cfbgames11.itch.io/college-football-gridiron-2025,,2025-07-11
https://jordanlyon.itch.io/twyla-e-os-cogumigos,,2025-07-11
https://dd-onezero.itch.io/specimen,,2025-07-11
https://danielreipt.itch.io/legendaretro,,2025-07-11
https://sourcaps.itch.io/pantsuninjutsu,,2025-07-11
https://bloody-eye1.itch.io/psx-male-character4,,2025-07-11
https://tomvhs.itch.io/playful-pixels-platformer-pack,,2025-07-11
https://zk-games-inc.itch.io/cuberrun,,2025-07-11
https://jakkzeven.itch.io/flicker,,2025-07-11
https://baggerhead.itch.io/fantastic-groove,,2025-07-11
https://solarstar-studios.itch.io/true-ignition,,2025-07-11
https://jrsdev.itch.io/camping-fields,,2025-07-11
https://folhij.itch.io/krosh-club,,2025-07-11
https://plop-mage.itch.io/taxmans-guide-to-running-a-tavern,,2025-07-11
https://luissexto.itch.io/taco-man,,2025-07-11
https://frostbitevr85.itch.io/forest-faer-battle-pass,,2025-07-11
https://montegamestudio.itch.io/spaceshards,,2025-07-11
https://unknownest.itch.io/space-shooter,,2025-07-11
https://ciclope.itch.io/the-book-of-knowledge,,2025-07-11
https://dacevedo11.itch.io/purr-force-scratch-rescue,,2025-07-11
https://salty-gt19.itch.io/a-gnomes-garden479,,2025-07-11
https://darlinggunneryt.itch.io/sprunki-re-executed-chapter-5,,2025-07-11
https://pacbl84.itch.io/incredibox-mayonnaise,,2025-07-11
https://quillgt.itch.io/spookzilla,,2025-07-11
https://gixross.itch.io/maids-dragons,,2025-07-11
https://balerdev.itch.io/pong-plus,,2025-07-11
https://sam-the-game-dev.itch.io/protect-the-cake,,2025-07-11
https://michellereimers.itch.io/lilac-love,,2025-07-11
https://mameka.itch.io/garfielflasaga3part1,,2025-07-11
https://joaomoutella.itch.io/descensus,,2025-07-11
https://stick-taggers-official.itch.io/stick-taggers,,2025-07-11
https://akestrelrose.itch.io/by-the-book,,2025-07-11
https://rodrigorosa.itch.io/back-of-house,,2025-07-11
https://ashfallstudio.itch.io/passing-of-procyon,,2025-07-11
https://amagni.itch.io/ds-roulette,,2025-07-11
https://stephanedurette.itch.io/unnamed-shooter-game,,2025-07-11
https://mancol001.itch.io/random-photo-viewer,,2025-07-11
https://periodical777.itch.io/sprunkout,,2025-07-11
https://melon-kid.itch.io/miso-shiru,,2025-07-11
https://felipetv.itch.io/red-balls-basics-in-who-is-kindly-keyin,,2025-07-11
https://pjniche.itch.io/ecos-da-casa-perdida,,2025-07-11
https://teamartrix.itch.io/cybernetic-shop-theme-rpg-maker-mz-plugin,,2025-07-11
https://bcbuhler.itch.io/fs25-swather-pack,,2025-07-11
https://hebedebe.itch.io/hello-there-is-a-monster-in-this-forest-and-i-am-afraid-of-it-this-job-fucking-s,,2025-07-11
https://garoto-polvobeingskibidi.itch.io/qr-code-generator,,2025-07-11
https://mooexe.itch.io/o-templo-da-coragem,,2025-07-11
https://pluguezada.itch.io/world-map-generator-python-unity-android,,2025-07-11
https://bulkheadbry.itch.io/ley-lined,,2025-07-11
https://bcbuhler.itch.io/fs25-macdon-pickup-header-pack,,2025-07-11
https://aemyn.itch.io/frog-world-experience,,2025-07-11
https://profluis1986.itch.io/jumpball,,2025-07-11
https://rubydevgtag.itch.io/apit-horror-new,,2025-07-11
https://glochi.itch.io/roamer,,2025-07-11
https://fanofeveryithing2025.itch.io/unit-fractions-band-4,,2025-07-11
https://neils4.itch.io/epcot-center-communicore,,2025-07-11
https://finch-e.itch.io/heartsworn-v01,,2025-07-11
https://papouth.itch.io/paps-finity,,2025-07-11
https://bubblegt4.itch.io/manki-madness,,2025-07-11
https://marshmllw.itch.io/monkeys-paradox,,2025-07-11
https://mameka.itch.io/garfielflasaga3part2,,2025-07-11
https://tanners-itchio-thing.itch.io/bruds-realm-real,,2025-07-11
https://alotogon.itch.io/the-older-gentle-girlfriend-tries-netorare,,2025-07-11
https://matheusjanibelli.itch.io/not-a-hero-unity,,2025-07-11
https://tisthemorrow.itch.io/the-time-collapse-zine-1,,2025-07-11
https://guo-tianyi.itch.io/witch-bang-bang-bang,,2025-07-11
https://tailsthefox323.itch.io/sonc-the-hog,,2025-07-11
https://kona4t.itch.io/the-blues-in-you,,2025-07-11
https://thejolibeejedi.itch.io/low-poly-stylized-campsite,,2025-07-11
https://see-logocom.itch.io/micro-courses,,2025-07-11
https://crimsonparse.itch.io/crimsonparse-hacker-themed-dev-snippet-toolkit,,2025-07-11
https://khytulabyad.itch.io/catch,,2025-07-11
https://whitefoxgaming.itch.io/must-work-to-eat,,2025-07-11
https://masongc.itch.io/crazykight,,2025-07-11
https://stingyyyyy.itch.io/flailboy,,2025-07-11
https://webe-apps.itch.io/bangladesh-history-quiz,,2025-07-11
https://mameka.itch.io/forksmoneyrevenge,,2025-07-11
https://vincra26.itch.io/free-robux-generator,,2025-07-11
https://talesinshadow.itch.io/nemein,,2025-07-11
https://see-logocom.itch.io/ai-nextstep-learning,,2025-07-11
https://boonerz.itch.io/sprunki-forgiven,,2025-07-11
https://spyciebro.itch.io/briccybro,,2025-07-11
https://dawn-to-dusk-games.itch.io/simple-3d-anime-styled-weapons-pack,,2025-07-11
https://see-logocom.itch.io/ai-youlearning,,2025-07-11
https://christianogodinho.itch.io/a-jornada-de-luga,,2025-07-11
https://sylvelanthia.itch.io/shattered-junction,,2025-07-11
https://elcracksito.itch.io/gta-v-fan-made,,2025-07-11
https://m0m0ney.itch.io/assignment-2,,2025-07-11
https://hapticmotion.itch.io/handsos,,2025-07-11
https://brixgames.itch.io/feed-the-fatass,,2025-07-11
https://carlosh992.itch.io/chcalculator,,2025-07-11
https://noidnoidnoid.itch.io/derealization,,2025-07-11
https://claudio-rivas.itch.io/star-force-defense,,2025-07-11
https://breadbox-games.itch.io/60-second-platformer,,2025-07-11
https://cup-of-ice.itch.io/snowy-tag,,2025-07-11
https://akir4a.itch.io/tkami-x-twoni,,2025-07-11
https://dumbvr213.itch.io/horror-monks,,2025-07-11
https://playlightgames.itch.io/ecchi-block,,2025-07-11
https://xfabricioalvesx.itch.io/aventuras-curtas-od2-resgate-no,,2025-07-11
https://iron-feather.itch.io/brutalitower2,,2025-07-11
https://billygoatbuff.itch.io/the-aether-vaults-job-application,,2025-07-11
https://moralesdoris880.itch.io/duck-duty-sprint-3,,2025-07-11
https://roots-force.itch.io/homeless-musician,,2025-07-11
https://the-wai-coder-9xh.itch.io/pin-pon,,2025-07-11
https://ilikebaldi1.itch.io/baldi-joke-mod-b-day-bash-edition,,2025-07-11
https://maluvarella.itch.io/capincendio,,2025-07-11
https://cheboy04.itch.io/beezzzzznes,,2025-07-11
https://diogenesedu.itch.io/captchad-prove-youre-not-a-robot-print-play-board-game,,2025-07-11
https://nilltronic.itch.io/squarenose-for-game-jam,,2025-07-11
https://archimedez1.itch.io/space-scrapper-vr,,2025-07-11
https://see-logocom.itch.io/fix-build-ai,,2025-07-11
https://pz-xyz.itch.io/beauty-water,,2025-07-11
https://wrongrookie.itch.io/jumping-block,,2025-07-11
https://pz-xyz.itch.io/colorful-demon,,2025-07-11
https://eltaverx.itch.io/presentationprogra,,2025-07-11
https://cloverdev.itch.io/rat-cheese-quest,,2025-07-11
https://pluguezada.itch.io/codeloot-rpg-combat-engine-monster-factory,,2025-07-11
https://bedevilinc.itch.io/escape-from-grandmas-basement-hidden-object,,2025-07-11
https://pz-xyz.itch.io/forest-colorful-clothes,,2025-07-11
https://totcomics.itch.io/fridgequest,,2025-07-11
https://shootspacer.itch.io/spacers-gorilla-tag-fan-project,,2025-07-11
https://tabei.itch.io/shimokitazawa,,2025-07-11
https://yaaqov.itch.io/gf-seeds-of-war,,2025-07-11
https://inky-vellum-games.itch.io/mindset-behavior-play,,2025-07-11
https://kd-modding34.itch.io/oliver-1955,,2025-07-11
https://holly-hi.itch.io/orane-stone,,2025-07-11
https://duke-da-duck.itch.io/the-remains-ch-1-2,,2025-07-11
https://avergence.itch.io/sprunksty,,2025-07-11
https://purplecatgamestudio.itch.io/urban-detective,,2025-07-11
https://smallocelot.itch.io/thisgameistooeasy,,2025-07-11
https://actuallybluerocks.itch.io/minion-game,,2025-07-11
https://duckbag.itch.io/guiro-l2z,,2025-07-11
https://jowski.itch.io/panel-panic,,2025-07-11
https://ptson.itch.io/century-coalition,,2025-07-11
https://amingwa.itch.io/bamboo-bounce,,2025-07-11
https://nictrl.itch.io/iris,,2025-07-11
https://raven-annoying.itch.io/2d-turtle-warior,,2025-07-11
https://eyesprites.itch.io/baby-bird-chick,,2025-07-11
https://janpostolka.itch.io/on-the-fly-rpg,,2025-07-11
https://rawambience.itch.io/seaside-soundscapes,,2025-07-11
https://joshmellowfellow.itch.io/pew-pew,,2025-07-11
https://janpostolka.itch.io/what-if-the-ultimate-card-edition,,2025-07-11
https://iamrita.itch.io/word-corp,,2025-07-11
https://stumblestudio.itch.io/slingtopia,,2025-07-11
https://kilarivi.itch.io/indie-climate-jam-sprint-3-disaster-prevention-squad,,2025-07-11
https://antoine-mignon-music.itch.io/epic-and-hybrid-storytelling-soundtrack-volume-02,,2025-07-11
https://thededicatedartist.itch.io/meusse-interactive-history-machine,,2025-07-11
https://tharinda97.itch.io/wish-solitaire,,2025-07-11
https://hirotoryusei.itch.io/wasd,,2025-07-11
https://zesty-salsa.itch.io/trash-man-sam,,2025-07-11
https://qwazygtvr.itch.io/mountain-tag,,2025-07-11
https://waachel.itch.io/breached,,2025-07-11
https://annes-widow.itch.io/raise-a-cat,,2025-07-11
https://badcat154v2.itch.io/testing-apk-v2,,2025-07-11
https://purplep0tat0.itch.io/whereami,,2025-07-11
https://jint-hwang.itch.io/animalsrescuepuzzle,,2025-07-11
https://6cartman9.itch.io/at,,2025-07-11
https://thekingharem.itch.io/sakura-haruno-naruto-p1,,2025-07-11
https://holymassacre.itch.io/thedrownedpath,,2025-07-11
https://marcos-l.itch.io/wood-and-brushwood-impacts,,2025-07-11
https://aleks-j.itch.io/bugworld,,2025-07-11
https://creza-ru.itch.io/starborn-horizon-beta,,2025-07-11
https://beeboundless.itch.io/dearth,,2025-07-11
https://tikitang.itch.io/trial-by-fire-at-blue-rock-mountain,,2025-07-11
https://6cartman9.itch.io/dodgepract,,2025-07-11
https://bslmodding.itch.io/fs25-rovibec-rovicar,,2025-07-11
https://biel-f.itch.io/zombi-shooter,,2025-07-11
https://thiagola92.itch.io/csv-editor,,2025-07-11
https://marixn.itch.io/overgrowth-harvest,,2025-07-11
https://mycoldbones.itch.io/falling-meteors,,2025-07-11
https://teknobotyk.itch.io/videojuegos-ab4-2025,,2025-07-11
https://phillipa-chicken.itch.io/courage-the-cowardly,,2025-07-11
https://krinimus.itch.io/falling-kebab,,2025-07-11
https://marcos-l.itch.io/putting-on-tying-taking-off-shoes,,2025-07-11
https://bopperstopper.itch.io/the-bee-game,,2025-07-11
https://taskot.itch.io/pirate-with-left-rejection,,2025-07-11
https://mrpriest.itch.io/the-roots-of-revenge,,2025-07-11
https://currenttimet.itch.io/horror-village,,2025-07-11
https://tygoh.itch.io/the-modular-puzzle-framework,,2025-07-11
https://orangefactory.itch.io/cakesofserenity,,2025-07-11
https://lushogt.itch.io/lush-tag,,2025-07-11
https://jonaspeheim.itch.io/doom,,2025-07-11
https://marcos-l.itch.io/nylon-coat-actions,,2025-07-11
https://dadino.itch.io/job-application-stop-it,,2025-07-11
https://hammermichael.itch.io/undertoriel,,2025-07-11
https://funksoul.itch.io/sword-clicker,,2025-07-11
https://santorian.itch.io/truck-job,,2025-07-11
https://foxybloxy.itch.io/just-a-block,,2025-07-11
https://wllims.itch.io/demo,,2025-07-11
https://mrpriest.itch.io/clown-therapy,,2025-07-11
https://meghanfeddeler.itch.io/sprint-3-deep-blue-defenders,,2025-07-11
https://marcos-l.itch.io/mothership-interior-textures,,2025-07-11
https://touchmyfeet123.itch.io/grounded-scratch-version,,2025-07-11
https://itsrene.itch.io/witchs-cauldron,,2025-07-11
https://hamisaa.itch.io/escapeexe,,2025-07-11
https://elthen.itch.io/2d-pixel-art-giant-rhino-beetle-sprites,,2025-07-11
https://marcos-l.itch.io/wardrobe-door-opening-and-closing,,2025-07-11
https://artofadam.itch.io/toruhagakuremagazine,,2025-07-11
https://hayyans.itch.io/aiot,,2025-07-11
https://mihaelaturianu.itch.io/universe-intruders,,2025-07-11
https://hu-iz-vi.itch.io/tin-m,,2025-07-11
https://hu-iz-vi.itch.io/platformer-luka-bigovi,,2025-07-11
https://hu-iz-vi.itch.io/platformer-dorian-holjevac,,2025-07-11
https://brrr-holodno.itch.io/capitan-puzo-game,,2025-07-11
https://tobical-studios.itch.io/arians-basics,,2025-07-11
https://halvlys.itch.io/fish-n-chips,,2025-07-11
https://zswell.itch.io/spacehopper-mobgamedev-final,,2025-07-11
https://halvlys.itch.io/yes-we-lick,,2025-07-11
https://giacomocali.itch.io/gimme-the-tree,,2025-07-11
https://jjsteeple.itch.io/hold-the-timeline,,2025-07-11
https://gnoww.itch.io/what-is-missing,,2025-07-11
https://dionysiszogaris.itch.io/summoner,,2025-07-11
https://ericsyz.itch.io/question-nightmare,,2025-07-11
https://willchamberlain.itch.io/stickman,,2025-07-11
https://ericsyz.itch.io/dodge-it,,2025-07-11
https://gnoww.itch.io/three-hp,,2025-07-11
https://sirdaringstone77.itch.io/duck-gallery,,2025-07-11
https://itch.io/jam/devindo2/rate/1644723,,2025-07-11
https://itch.io/jam/indie-game-dev-beginners-003/rate/2002713,,2025-07-11
https://itch.io/jam/godot-wild-jam-70/rate/2791298,,2025-07-11
https://itch.io/jam/mechjam5/rate/2840920,,2025-07-11
https://itch.io/jam/decker-fantasy-camp-2025/rate/3707338,,2025-07-11
https://itch.io/jam/pink-decker-jam/rate/3707338,,2025-07-11
https://itch.io/jam/perzine-jam/rate/3707431,,2025-07-11
https://itch.io/jam/one-little-agony-first/rate/3707439,,2025-07-11
https://itch.io/jam/cybrpunk-jam-007/rate/3707432,,2025-07-11
https://itch.io/jam/oprmj1/rate/3707468,,2025-07-11
https://itch.io/jam/sunday-zine-club-12/rate/3707516,,2025-07-11
https://itch.io/jam/60-minutes-3/rate/3707526,,2025-07-11
https://itch.io/jam/mini-jam-188-mystery/rate/3703992,,2025-07-11
https://itch.io/jam/boss-bash-jam-3/rate/3679306,,2025-07-11
https://itch.io/jam/game-a-week-sydney-2025/rate/3707580,,2025-07-11
https://itch.io/jam/the-skeletons-jam/rate/3707681,,2025-07-11
https://itch.io/jam/60-minutes-3/rate/3707425,,2025-07-11
https://itch.io/jam/summer-game-forge-2/rate/3707402,,2025-07-11
https://itch.io/jam/capacity-jam/rate/3707938,,2025-07-11
https://itch.io/jam/spring-supplies-and-shots-jam/rate/3628241,,2025-07-11
https://itch.io/jam/one-little-agony-first/rate/3706515,,2025-07-11
https://itch.io/jam/perzine-jam/rate/3556719,,2025-07-11
https://itch.io/jam/one-little-agony-first/rate/3707969,,2025-07-11
https://itch.io/jam/1100-words-ttrpg-kitchen-2025/rate/3707936,,2025-07-11
https://itch.io/jam/sci-fi-one-shot-jam-2025/rate/3703357,,2025-07-11
https://itch.io/jam/climate-jam-2025-production/rate/3707978,,2025-07-11
https://itch.io/jam/60-minutes-3/rate/3708024,,2025-07-11
https://itch.io/jam/decadejam/rate/3707574,,2025-07-11
https://itch.io/jam/toxic-yuri-vn-jam/rate/3682740,,2025-07-11
https://itch.io/jam/appx-n-jam/rate/3708054,,2025-07-11
https://itch.io/jam/sunday-zine-club-12/rate/3686207,,2025-07-11
https://itch.io/jam/indiepocalypse-issue-69-paying-anthology/rate/3361268,,2025-07-11
https://itch.io/jam/30-days-of-summer/rate/3708110,,2025-07-11
https://itch.io/jam/oprmj1/rate/3708173,,2025-07-11
https://itch.io/jam/weekly-note-composing-jam-24/rate/3708157,,2025-07-11
https://itch.io/jam/urban-legends-jam/rate/3708257,,2025-07-11
https://itch.io/jam/cause-jam35/rate/3705745,,2025-07-11
https://itch.io/jam/game-a-week-sydney-2025/rate/3707569,,2025-07-11
https://itch.io/jam/pawz-n-clawz-jam/rate/3706352,,2025-07-11
https://itch.io/jam/pawz-n-clawz-jam/rate/3708570,,2025-07-11
https://itch.io/jam/climate-jam-2025-production/rate/3689282,,2025-07-11
https://itch.io/jam/toxic-yuri-vn-jam/rate/3708545,,2025-07-11
https://itch.io/jam/horrorhatch-21-day-challenge-55/rate/3708506,,2025-07-11
https://itch.io/jam/oprmj1/rate/3708454,,2025-07-11
https://itch.io/jam/60-minutes-3/rate/3708481,,2025-07-11
https://itch.io/jam/videotome-jam-2/rate/3706142,,2025-07-11
https://itch.io/jam/dreamscape-jam-3/rate/3708574,,2025-07-11
https://itch.io/jam/1100-words-ttrpg-kitchen-2025/rate/3706587,,2025-07-11
https://itch.io/jam/perzine-jam/rate/3708705,,2025-07-11
https://itch.io/jam/game-a-week-sydney-2025/rate/3708717,,2025-07-11
https://itch.io/jam/toxic-yuri-vn-jam/rate/3708743,,2025-07-11
https://itch.io/jam/oprmj1/rate/3708792,,2025-07-11
https://itch.io/jam/game-a-week-sydney-2025/rate/3708798,,2025-07-11
https://itch.io/jam/toxic-yuri-vn-jam/rate/3655623,,2025-07-11
https://itch.io/jam/trans-representation-jam-25/rate/3655623,,2025-07-11
https://itch.io/jam/free-zine-week-2025/rate/3707516,,2025-07-11
https://itch.io/jam/climate-jam-2025-production/rate/3708870,,2025-07-11
https://itch.io/jam/climate-jam-2025-production/rate/3708869,,2025-07-11
https://itch.io/jam/climate-jam-2025-production/rate/3708810,,2025-07-11
https://itch.io/jam/spring-supplies-and-shots-jam/rate/3708502,,2025-07-11
https://itch.io/jam/appx-n-jam/rate/3698863,,2025-07-11
https://itch.io/jam/oprmj1/rate/3709022,,2025-07-11
https://itch.io/jam/60-minutes-3/rate/3708998,,2025-07-11
https://itch.io/jam/climate-jam-2025-production/rate/3709027,,2025-07-11
https://itch.io/jam/spring-supplies-and-shots-jam/rate/3709055,,2025-07-11
https://itch.io/jam/gbcompo25/rate/3709051,,2025-07-11
https://itch.io/jam/1-hour-or-less-jam/rate/3708707,,2025-07-11
https://itch.io/jam/oprmj1/rate/3709112,,2025-07-11
https://itch.io/jam/jamtime-5/rate/3697558,,2025-07-11
https://itch.io/jam/60-minutes-3/rate/3709154,,2025-07-11
https://itch.io/jam/megamitts-mega-jam-4/rate/3629150,,2025-07-11
https://itch.io/jam/game-a-week-sydney-2025/rate/3709132,,2025-07-11
https://itch.io/jam/game-a-week-sydney-2025/rate/3709159,,2025-07-11
https://itch.io/jam/boss-bash-jam-3/rate/3709206,,2025-07-11
https://itch.io/jam/60-minutes-3/rate/3709242,,2025-07-11
https://itch.io/jam/climate-jam-2025-production/rate/3689449,,2025-07-11
https://itch.io/jam/climate-jam-2025-production/rate/3709250,,2025-07-11
https://itch.io/jam/clash-at-the-campus-game-jam-2025/rate/3709279,,2025-07-11
https://itch.io/jam/clash-at-the-campus-game-jam-2025/rate/3709264,,2025-07-11
https://itch.io/jam/climate-jam-2025-production/rate/3709208,,2025-07-11
https://itch.io/jam/pizza-horror-jam-2025/rate/3695083,,2025-07-11
https://itch.io/jam/pirate-russia/rate/3709305,,2025-07-11
https://itch.io/jam/climate-jam-2025-production/rate/3709315,,2025-07-11
https://itch.io/jam/climate-jam-2025-production/rate/3708631,,2025-07-11
https://itch.io/jam/ljsgcjj/rate/3709366,,2025-07-11
https://itch.io/jam/boss-bash-jam-3/rate/3709017,,2025-07-11
https://itch.io/jam/indiepocalypse-issue-69-paying-anthology/rate/690351,,2025-07-11
https://itch.io/jam/oprmj1/rate/3709401,,2025-07-11
https://itch.io/jam/pirate-russia/rate/3709435,,2025-07-11
https://itch.io/jam/spring-supplies-and-shots-jam/rate/3709356,,2025-07-11
https://itch.io/jam/oprmj1/rate/3709481,,2025-07-11
https://itch.io/jam/climate-jam-2025-production/rate/3709518,,2025-07-11
https://itch.io/jam/boss-bash-jam-3/rate/3709556,,2025-07-11
https://itch.io/jam/mq-represent-game-jam/rate/3709565,,2025-07-11
https://itch.io/jam/summer-25/rate/3444144,,2025-07-11
https://itch.io/jam/idki-intro,,2025-07-11
https://itch.io/jam/idki-unit1,,2025-07-11
https://itch.io/jam/idki-unit2,,2025-07-11
https://itch.io/jam/idki-unit3,,2025-07-11
https://itch.io/jam/idki-optionalchallenges,,2025-07-11
https://itch.io/jam/idki-unit4,,2025-07-11
https://itch.io/jam/idki-unit5,,2025-07-11
https://itch.io/jam/gamedev-uzl-2025,,2025-07-11
https://itch.io/jam/the-campus-game-jam-2025,,2025-07-11
https://itch.io/jam/gamedev-cantabria-jam-3,,2025-07-11
https://itch.io/jam/cdj-summer-jam-2025,,2025-07-11
https://itch.io/jam/dagsoc-summer-game-jam-2025,,2025-07-11
https://itch.io/jam/one-study-group-game-development,,2025-07-11
https://itch.io/jam/remaster-game-jam,,2025-07-11
https://itch.io/jam/idki25-finalproject,,2025-07-11
https://itch.io/jam/how-to-get-brawl-stars-free-gems-,,2025-07-11
https://itch.io/jam/jamnt-2,,2025-07-11
https://itch.io/jam/the-summer-jam-of-25,,2025-07-11
https://itch.io/jam/-3d-modelling-jam-with-blender,,2025-07-11
https://itch.io/jam/pizzamodeljam,,2025-07-11
https://itch.io/jam/kpu-enta-rgd2-gd11-game-2,,2025-07-11
https://itch.io/jam/game-off-2025,,2025-07-11
https://itch.io/jam/filthy-rich-osr-adventure-jam,,2025-07-11
https://itch.io/jam/radskull-cs-dope-game-jam,,2025-07-11
https://itch.io/jam/mini-jam-189-cooking,,2025-07-11
https://itch.io/jam/vega-game-jam-capstone-2545,,2025-07-11
https://itch.io/jam/pirate-jam-test,,2025-07-11
https://itch.io/jam/sophie-rain-leaked-full-breakdown-of-the-viral-controversy,,2025-07-11
https://itch.io/jam/emp-godot-jam-1,,2025-07-11
https://itch.io/jam/camilla-araujo-leaked-the-viral-controversy,,2025-07-11
https://itch.io/jam/dummy-gamejam,,2025-07-11
https://itch.io/jam/viralvideo,,2025-07-11
https://itch.io/jam/onlyfans-leaked-full-video-unmasking-the-reality-behind-content-breaches,,2025-07-11
https://itch.io/jam/not-un-gamejame,,2025-07-11
https://itch.io/jam/sajidiosdsite,,2025-07-11
https://itch.io/jam/nilufaiosdsite,,2025-07-11
https://itch.io/jam/nosibiosdsite,,2025-07-11
https://spriggyhasgames.itch.io,,2025-07-11
https://dan.itch.io,,2025-07-11
https://itsrene.itch.io,,2025-07-11
https://thaeta.itch.io,,2025-07-11
https://lemonsare3d.itch.io,,2025-07-11
https://tektani.itch.io,,2025-07-11
https://tikitang.itch.io,,2025-07-11
https://jomapp.itch.io,,2025-07-11
https://cmcylns.itch.io,,2025-07-11
https://valtergames.itch.io,,2025-07-11
https://driftingdragon.itch.io,,2025-07-11
https://cordonbleu1.itch.io,,2025-07-11
https://miljy.itch.io,,2025-07-11
https://disturber.itch.io,,2025-07-11
https://oneaction.itch.io,,2025-07-11
https://1sskt5.itch.io,,2025-07-11
https://goodguyconnor.itch.io,,2025-07-11
https://zoogame84.itch.io,,2025-07-11
https://jakkzeven.itch.io,,2025-07-11
https://aliumfungus.itch.io,,2025-07-11
https://dexod.itch.io,,2025-07-11
https://tealtiel.itch.io,,2025-07-11
https://solarstar-studios.itch.io,,2025-07-11
https://zomboyv.itch.io,,2025-07-11
https://vincra26.itch.io,,2025-07-11
https://marixn.itch.io,,2025-07-11
https://l3ssee.itch.io,,2025-07-11
https://stylized.itch.io,,2025-07-11
https://ctrlrmt.itch.io,,2025-07-11
https://1000-ways-studios.itch.io,,2025-07-11
https://lushogt.itch.io,,2025-07-11
https://murat7.itch.io,,2025-07-11
https://user-pvz.itch.io,,2025-07-11
https://tomvhs.itch.io,,2025-07-11
https://villains-quest.itch.io,,2025-07-11
https://tggcookie.itch.io,,2025-07-11
https://deltaforge.itch.io,,2025-07-11
https://muscript.itch.io,,2025-07-11
https://jesuisunpetitpoisson.itch.io,,2025-07-11
https://shootspacer.itch.io,,2025-07-11
https://idglab.itch.io,,2025-07-11
https://deluluskye.itch.io,,2025-07-11
https://rbsstudio.itch.io,,2025-07-11
https://p1nkyvr.itch.io,,2025-07-11
https://tsumisoft.itch.io,,2025-07-11
https://amagni.itch.io,,2025-07-11
https://felipesilvestre04.itch.io,,2025-07-11
https://cup-of-ice.itch.io,,2025-07-11
https://koboldwithaquill.itch.io,,2025-07-11
https://mancol001.itch.io,,2025-07-11
https://jedev1.itch.io,,2025-07-11
https://rubixen.itch.io,,2025-07-11
https://reck26.itch.io,,2025-07-11
https://itchix.itch.io,,2025-07-11
https://badcat154v2.itch.io,,2025-07-11
https://noufany.itch.io,,2025-07-11
https://crazy-weasel994.itch.io,,2025-07-11
https://burningcheese23.itch.io,,2025-07-11
https://dani-desu.itch.io,,2025-07-11
https://projetoprimatagames.itch.io,,2025-07-11
https://mobster-mania.itch.io,,2025-07-11
https://metal9844.itch.io,,2025-07-11
https://babyannabell.itch.io,,2025-07-11
https://ethan-catts.itch.io,,2025-07-11
https://ppiamo.itch.io,,2025-07-11
https://smalltiny.itch.io,,2025-07-11
https://ashthederg.itch.io,,2025-07-11
https://tegar-lep0.itch.io,,2025-07-11
https://jetters77.itch.io,,2025-07-11
https://chesewguy19.itch.io,,2025-07-11
https://jupuxfrdvr.itch.io,,2025-07-11
https://spooky-cupcake.itch.io,,2025-07-11
https://spinngt.itch.io,,2025-07-11
https://itzknaxexe.itch.io,,2025-07-11
https://chandlermaguire.itch.io,,2025-07-11
https://mr-delta01.itch.io,,2025-07-11
https://tiwaz-studios.itch.io,,2025-07-11
https://dartous-games.itch.io,,2025-07-11
https://st4rbound.itch.io,,2025-07-11
https://gvnner.itch.io,,2025-07-11
https://owllog.itch.io,,2025-07-11
https://whitty5674.itch.io,,2025-07-11
https://swiftblaze69.itch.io,,2025-07-11
https://duke-da-duck.itch.io,,2025-07-11
https://debs-games.itch.io,,2025-07-11
https://paqgames.itch.io,,2025-07-11
https://boghhhhh.itch.io,,2025-07-11
https://f-up-game-design.itch.io,,2025-07-11
https://ibeid-matheus.itch.io,,2025-07-11
https://watermelonis-153.itch.io,,2025-07-11
https://yes232343524.itch.io,,2025-07-11
https://dandiithefish.itch.io,,2025-07-11
https://pikatntyt.itch.io,,2025-07-11
https://drdrakoa.itch.io,,2025-07-11
https://lp-game-studios.itch.io,,2025-07-11
https://bobuscusgames.itch.io,,2025-07-11
https://fuzzyte.itch.io,,2025-07-11
https://staryxgdev.itch.io,,2025-07-11
https://polaroamer.itch.io,,2025-07-11
https://cheeseburger-89.itch.io,,2025-07-11
https://jlozanook.itch.io,,2025-07-11
https://ollythemonke.itch.io,,2025-07-11
https://madn-games.itch.io,,2025-07-11
https://ambertimber.itch.io,,2025-07-11
https://osherx.itch.io,,2025-07-11
https://jw2049.itch.io,,2025-07-11
https://lefymate.itch.io,,2025-07-11
https://solodevv.itch.io,,2025-07-11
https://carlosh992.itch.io,,2025-07-11
https://dasshuchangaming19235.itch.io,,2025-07-11
https://luludlla.itch.io,,2025-07-11
https://reckedevs.itch.io,,2025-07-11
https://chinds.itch.io,,2025-07-11
https://lukeedev.itch.io,,2025-07-11
https://tomfox0804.itch.io,,2025-07-11
https://cow-cutter.itch.io,,2025-07-11
https://cheboy04.itch.io,,2025-07-11
https://el-kalu-games.itch.io,,2025-07-11
https://until-follow-you.itch.io,,2025-07-11
https://christoslillos30.itch.io,,2025-07-11
https://hamisaa.itch.io,,2025-07-11
https://gorillataghorror22.itch.io,,2025-07-11
https://eyesprites.itch.io,,2025-07-11
https://lost-soldiers.itch.io,,2025-07-11
https://bweadloafy.itch.io,,2025-07-11
https://gampiel.itch.io,,2025-07-11
https://divineisyourpookie.itch.io,,2025-07-11
https://loopzyt.itch.io,,2025-07-11
https://weirdstudio.itch.io,,2025-07-11
https://vivleighunisaeduau.itch.io,,2025-07-11
https://camdenisveryidiot69.itch.io,,2025-07-11
https://bunnychung1.itch.io,,2025-07-11
https://enriquethomaz.itch.io,,2025-07-11
https://malcanyon.itch.io,,2025-07-11
https://giant-hotdog.itch.io,,2025-07-11
https://jdelporte.itch.io,,2025-07-11
https://pinetreegame.itch.io,,2025-07-11
https://montegamestudio.itch.io,,2025-07-11
https://southwesterlygames.itch.io,,2025-07-11
https://m0m0ney.itch.io,,2025-07-11
https://crimsonheadcutiepie.itch.io,,2025-07-11
https://smrity.itch.io,,2025-07-11
https://temunadal.itch.io,,2025-07-11
https://goldenjaya.itch.io,,2025-07-11
https://pixel-9.itch.io,,2025-07-11
https://enemysoft-studio.itch.io,,2025-07-11
https://oddworks.itch.io,,2025-07-11
https://daniela10ta.itch.io,,2025-07-11
https://tikanii.itch.io,,2025-07-11
https://sam-the-game-dev.itch.io,,2025-07-11
https://music-banua.itch.io,,2025-07-11
https://glutt-garni.itch.io,,2025-07-11
https://sunmickeymonkey.itch.io,,2025-07-11
https://5girls.itch.io,,2025-07-11
https://adama3gm.itch.io,,2025-07-11
https://siempre-studios.itch.io,,2025-07-11
https://albyblesprunk.itch.io,,2025-07-11
https://oxulpixel.itch.io,,2025-07-11
https://shark-a-saurus.itch.io,,2025-07-11
https://1968cougrhyd.itch.io,,2025-07-11
https://cosmicwarpgames.itch.io,,2025-07-11
https://rmazzolini-odeko.itch.io,,2025-07-11
https://gamedevcamp25.itch.io,,2025-07-11
https://yoshigamedeveloper.itch.io,,2025-07-11
https://muffinboy1.itch.io,,2025-07-11
https://taskot.itch.io,,2025-07-11
https://br-game-zone.itch.io,,2025-07-11
https://duckyma.itch.io,,2025-07-11
https://vasquito89.itch.io,,2025-07-11
https://cowbaconflakes.itch.io,,2025-07-11
https://wobywabaloo.itch.io,,2025-07-11
https://pesawatkertas.itch.io,,2025-07-11
https://letsplaywithsubterbaldi.itch.io,,2025-07-11
https://critywity.itch.io,,2025-07-11
https://hightechlog.itch.io,,2025-07-11
https://martinezgames.itch.io,,2025-07-11
https://myapc-studios.itch.io,,2025-07-11
https://noviemfr.itch.io,,2025-07-11
https://flubbamo.itch.io,,2025-07-11
https://lincoln99151.itch.io,,2025-07-11
https://constitutionalquest.itch.io,,2025-07-11
https://voroxaudio.itch.io,,2025-07-11
https://xiaolq123.itch.io,,2025-07-11
https://gladiatordev.itch.io,,2025-07-11
https://landrydev.itch.io,,2025-07-11
https://mkh-user.itch.io,,2025-07-11
https://picnicmagazine.itch.io,,2025-07-11
https://totcomics.itch.io,,2025-07-11
https://glochi.itch.io,,2025-07-11
https://gregerz117.itch.io,,2025-07-11
https://darkmuffin013.itch.io,,2025-07-11
https://bulkheadbry.itch.io,,2025-07-11
https://foxodevel0psgames.itch.io,,2025-07-11
https://nohemiverse.itch.io,,2025-07-11
https://mku-2025.itch.io,,2025-07-11
https://quyrul.itch.io,,2025-07-11
https://nthans.itch.io,,2025-07-11
https://dancingjovialpenguin.itch.io,,2025-07-11
https://asheogunta.itch.io,,2025-07-11
https://robobengames.itch.io,,2025-07-11
https://guo-tianyi.itch.io,,2025-07-11
https://buffine.itch.io,,2025-07-11
https://itomma.itch.io,,2025-07-11
https://pjniche.itch.io,,2025-07-11
https://muhammadabidd.itch.io,,2025-07-11
https://jakerz02.itch.io,,2025-07-11
https://hollowstring-studios.itch.io,,2025-07-11
https://daodaogame.itch.io,,2025-07-11
https://baidongculture.itch.io,,2025-07-11
https://ashish-kumar01.itch.io,,2025-07-11
https://juanmeron.itch.io,,2025-07-11
https://leonardo100.itch.io,,2025-07-11
https://craftology.itch.io,,2025-07-11
https://hamzer.itch.io,,2025-07-11
https://als1925.itch.io,,2025-07-11
https://moduleblocks.itch.io,,2025-07-11
https://arancarrio.itch.io,,2025-07-11
https://gixross.itch.io,,2025-07-11
https://aezoreglazer.itch.io,,2025-07-11
https://melongamingofficial.itch.io,,2025-07-11
https://zicogames.itch.io,,2025-07-11
https://luvagames-ltd.itch.io,,2025-07-11
https://opendoor5.itch.io,,2025-07-11
https://veterua.itch.io,,2025-07-11
https://krinimus.itch.io,,2025-07-11
https://skanderzoghlami.itch.io,,2025-07-11
https://thal1432.itch.io,,2025-07-11
https://xvar12.itch.io,,2025-07-11
https://danudet.itch.io,,2025-07-11
https://dreams-the.itch.io,,2025-07-11
https://hydrogameraccociasion.itch.io,,2025-07-11
https://dezrawpixl.itch.io,,2025-07-11
https://melhuang.itch.io,,2025-07-11
https://maxifright.itch.io,,2025-07-11
https://roosterbrains.itch.io,,2025-07-11
https://demonalterstudios.itch.io,,2025-07-11
https://ches159.itch.io,,2025-07-11
https://games-n-more.itch.io,,2025-07-11
https://magicalclover.itch.io,,2025-07-11
https://bebeesg.itch.io,,2025-07-11
https://amecats.itch.io,,2025-07-11
https://amj15.itch.io,,2025-07-11
https://scripturenarrator.itch.io,,2025-07-11
https://quice-games.itch.io,,2025-07-11
https://ayatam.itch.io,,2025-07-11
https://roockva.itch.io,,2025-07-11
https://julia-grier.itch.io,,2025-07-11
https://dleem.itch.io,,2025-07-11
https://orangefruit777.itch.io,,2025-07-11
https://jasonblanksony6.itch.io,,2025-07-11
https://blahblah733.itch.io,,2025-07-11
https://scribblezdev.itch.io,,2025-07-11
https://zakwithak.itch.io,,2025-07-11
https://poopy31.itch.io,,2025-07-11
https://riligostudio.itch.io,,2025-07-11
https://navarroje.itch.io,,2025-07-11
https://themustandjevin.itch.io,,2025-07-11
https://rimuru97.itch.io,,2025-07-11
https://pipecabas-17.itch.io,,2025-07-11
https://cagletireauto.itch.io,,2025-07-11
https://radskullc.itch.io,,2025-07-11
https://ooomer.itch.io,,2025-07-11
https://tfm-lazzy.itch.io,,2025-07-11
https://rf-games.itch.io,,2025-07-11
https://wetlandsni.itch.io,,2025-07-11
https://ln-studio.itch.io,,2025-07-11
https://artgameco.itch.io,,2025-07-11
https://kodybod-studios.itch.io,,2025-07-11
https://indydude77.itch.io,,2025-07-11
https://goodnuffgaming.itch.io,,2025-07-11
https://sandman-8.itch.io,,2025-07-11
https://aeglen.itch.io,,2025-07-11
https://genericallycool.itch.io,,2025-07-11
https://baburo-games.itch.io,,2025-07-11
https://kzooy.itch.io,,2025-07-11
https://mario-39.itch.io,,2025-07-11
https://kitolmstead.itch.io,,2025-07-11
https://hammylover.itch.io,,2025-07-11
https://yaaqov.itch.io,,2025-07-11
https://floralopez.itch.io,,2025-07-11
https://jpsul2025.itch.io,,2025-07-11
https://bite-of-murzik.itch.io,,2025-07-11
https://new3-meme.itch.io,,2025-07-11
https://lensama.itch.io,,2025-07-11
https://kosat.itch.io,,2025-07-11
https://memory-briggs.itch.io,,2025-07-11
https://cath4444.itch.io,,2025-07-11
https://nanorossi.itch.io,,2025-07-11
https://vraqargentina.itch.io,,2025-07-11
https://jordanlyon.itch.io,,2025-07-11
https://i-am-watching-youuu.itch.io,,2025-07-11
https://godotini.itch.io,,2025-07-11
https://cfbgames11.itch.io,,2025-07-11
https://ashfallstudio.itch.io,,2025-07-11
https://michellereimers.itch.io,,2025-07-11
https://thgamess.itch.io,,2025-07-11
https://joaomoutella.itch.io,,2025-07-11
https://arionfire.itch.io,,2025-07-11
https://stick-taggers-official.itch.io,,2025-07-11
https://applekritter.itch.io,,2025-07-11
https://periodical777.itch.io,,2025-07-11
https://avergence.itch.io,,2025-07-11
https://cloverdev.itch.io,,2025-07-11
https://profluis1986.itch.io,,2025-07-11
https://christianogodinho.itch.io,,2025-07-11
https://alotogon.itch.io,,2025-07-11
https://tailsthefox323.itch.io,,2025-07-11
https://khytulabyad.itch.io,,2025-07-11
https://sonstudio.itch.io,,2025-07-11
https://stingyyyyy.itch.io,,2025-07-11
https://elcracksito.itch.io,,2025-07-11
https://claudio-rivas.itch.io,,2025-07-11
https://spyciebro.itch.io,,2025-07-11
https://billygoatbuff.itch.io,,2025-07-11
https://diogenesedu.itch.io,,2025-07-11
https://archimedez1.itch.io,,2025-07-11
https://wafiq-hana-alhafidz.itch.io,,2025-07-11
https://holymassacre.itch.io,,2025-07-11
https://duckbag.itch.io,,2025-07-11
https://ptson.itch.io,,2025-07-11
https://auron-thalostroipnetwork.itch.io,,2025-07-11
https://dmr0wxxx.itch.io,,2025-07-11
https://hirotoryusei.itch.io,,2025-07-11
https://realsexdoll.itch.io,,2025-07-11
https://billykeaton.itch.io,,2025-07-11
https://currenttimet.itch.io,,2025-07-11
https://monoplays.itch.io,,2025-07-11
https://biel-f.itch.io,,2025-07-11
https://phillipa-chicken.itch.io,,2025-07-11
https://teknobotyk.itch.io,,2025-07-11
https://adriana813.itch.io,,2025-07-11
https://burieddreamz.itch.io,,2025-07-11
https://melollo.itch.io,,2025-07-11
https://forgotten-tapes.itch.io,,2025-07-11
https://touchmyfeet123.itch.io,,2025-07-11
https://mistermister890.itch.io,,2025-07-11
https://jjsteeple.itch.io,,2025-07-11
https://kubawsky.itch.io,,2025-07-11
https://embark.itch.io,,2025-07-11
https://turh412.itch.io,,2025-07-11
https://bigstretchstudios.itch.io,,2025-07-11
https://helynalc.itch.io,,2025-07-11
https://sicklink.itch.io,,2025-07-11
https://qtpitarianne.itch.io,,2025-07-11
https://spacebooger.itch.io,,2025-07-11
https://halvlys.itch.io,,2025-07-11
https://willchamberlain.itch.io,,2025-07-11
https://doogan-inc-studios.itch.io,,2025-07-11
https://jessetorial.itch.io,,2025-07-11
https://giacomocali.itch.io,,2025-07-11
https://inky-vellum-games.itch.io,,2025-07-11
https://theglunk.itch.io,,2025-07-11
https://kimcostudio.itch.io,,2025-07-11
https://ericsyz.itch.io,,2025-07-11
https://romegamesstudio.itch.io,,2025-07-11
https://toffee-101.itch.io,,2025-07-11
https://milopanta.itch.io,,2025-07-11
https://seightanic.itch.io,,2025-07-11
https://llluuucc.itch.io,,2025-07-11
https://arterynet.itch.io,,2025-07-11
https://natsora.itch.io,,2025-07-11
https://margogaming.itch.io,,2025-07-11
https://engineervrc.itch.io,,2025-07-11
https://cyphercords.itch.io,,2025-07-11
https://amingwa.itch.io,,2025-07-11
https://gnoww.itch.io,,2025-07-11
https://haslurianexplorer.itch.io,,2025-07-11
https://matheuzfariaz.itch.io,,2025-07-11
https://themoonwalker.itch.io,,2025-07-11
https://artemuce.itch.io,,2025-07-11
https://marto2234.itch.io,,2025-07-11
https://sirdaringstone77.itch.io,,2025-07-11
https://adiator.itch.io,,2025-07-11
https://nyumisaysnyu.itch.io,,2025-07-11
https://viktor878.itch.io,,2025-07-11
https://sunlight-dev.itch.io,,2025-07-11
https://marlorodrigues.itch.io,,2025-07-11
https://roseriie.itch.io,,2025-07-11
https://larsh.itch.io,,2025-07-11
https://cykodd-production.itch.io,,2025-07-11
https://jogosdigitaisifms.itch.io,,2025-07-11
https://ionking.itch.io,,2025-07-11
https://pixelatedpotato.itch.io,,2025-07-11
https://karmenia.itch.io,,2025-07-11
https://moralesdoris880.itch.io,,2025-07-11
https://storylygames.itch.io,,2025-07-11
https://princessnataliecreates.itch.io,,2025-07-11
https://comrade-makishev.itch.io,,2025-07-11
https://double-citrus.itch.io,,2025-07-11
https://optimism-indie-dev.itch.io,,2025-07-11
https://dremhold.itch.io,,2025-07-11
https://midnightwine.itch.io,,2025-07-11
https://sangsalawin.itch.io,,2025-07-11
https://irontippedquill.itch.io,,2025-07-11
https://gggertyuigfh.itch.io,,2025-07-11
https://bones20ca.itch.io,,2025-07-11
https://bearhut-studios.itch.io,,2025-07-11
https://sturmfrei.itch.io,,2025-07-11
https://thededicatedartist.itch.io,,2025-07-11
https://mycoldbones.itch.io,,2025-07-11
https://aaron45355.itch.io,,2025-07-11
https://pastelcuties.itch.io,,2025-07-11
https://scaredcat.itch.io,,2025-07-11
https://gonzanator96.itch.io,,2025-07-11
https://adskyiest.itch.io,,2025-07-11
https://skyehaung.itch.io,,2025-07-11
https://indie-ilay.itch.io,,2025-07-11
https://mulukiter-studio.itch.io,,2025-07-11
