loc,lastmodified,added_date
https://spacegoblingames.itch.io/seedship/devlog/27590/new-random-events,,2025-07-09
https://spacegoblingames.itch.io/beyond-the-chiron-gate/devlog/505804/bug-fix-update-112,,2025-07-09
https://kwfancy.itch.io/dr1ftv3/devlog/510653/dr1ft-next-update,,2025-07-09
https://eliciarski.itch.io/stay-awayk/devlog/516144/stay-awayk-beta-021-update,,2025-07-09
https://eliciarski.itch.io/stay-awayk/devlog/516646/stay-awayk-beta-03-update,,2025-07-09
https://eliciarski.itch.io/stay-awayk/devlog/519428/stay-awayk-beta-04-update,,2025-07-09
https://eliciarski.itch.io/stay-awayk/devlog/520340/stay-awayk-beta-041-update,,2025-07-09
https://eliciarski.itch.io/stay-awayk/devlog/525136/stay-awayk-beta-05-update,,2025-07-09
https://eliciarski.itch.io/stay-awayk/devlog/525485/stay-awayk-beta-051-update,,2025-07-09
https://eliciarski.itch.io/stay-awayk/devlog/527598/stay-awayk-beta-052-update,,2025-07-09
https://eliciarski.itch.io/stay-awayk/devlog/529755/stay-awayk-beta-06-update,,2025-07-09
https://eliciarski.itch.io/stay-awayk/devlog/530623/stay-awayk-beta-061-update,,2025-07-09
https://eliciarski.itch.io/stay-awayk/devlog/535076/stay-awayk-beta-07-update,,2025-07-09
https://eliciarski.itch.io/stay-awayk/devlog/535504/stay-awayk-beta-071-update,,2025-07-09
https://eliciarski.itch.io/stay-awayk/devlog/537638/stay-awayk-beta-08-update,,2025-07-09
https://oozzo.itch.io/birdy/devlog/542042/test-devlog-01,,2025-07-09
https://spacegoblingames.itch.io/beyond-the-chiron-gate/devlog/575849/bug-fix-update-113,,2025-07-09
https://noel-em.itch.io/the-ink-pen/devlog/621722/the-ink-pen-devlog-0-presentation,,2025-07-09
https://drizzyfizzle.itch.io/drizzys-basics/devlog/653645/i-fucking-hate-this-mod,,2025-07-09
https://loafingstudio.itch.io/tasty-road/devlog/662921/tasty-road-week-1,,2025-07-09
https://loafingstudio.itch.io/tasty-road/devlog/669413/tasty-road-week-2,,2025-07-09
https://loafingstudio.itch.io/tasty-road/devlog/672776/tasty-road-week-3,,2025-07-09
https://erdgames.itch.io/rpg-na-timeline/devlog/673956/captulo-1-finalizado-imagens-da-progresso,,2025-07-09
https://loafingstudio.itch.io/tasty-road/devlog/676647/tasty-road-week-4,,2025-07-09
https://loafingstudio.itch.io/tasty-road/devlog/680279/tasty-road-week-5,,2025-07-09
https://loafingstudio.itch.io/tasty-road/devlog/683934/tasty-road-week-6,,2025-07-09
https://egbower.itch.io/percival/devlog/685126/updates,,2025-07-09
https://loafingstudio.itch.io/tasty-road/devlog/688119/tasty-road-week-7,,2025-07-09
https://loafingstudio.itch.io/tasty-road/devlog/692305/tasty-road-week-8,,2025-07-09
https://loafingstudio.itch.io/tasty-road/devlog/695895/tasty-road-week-9,,2025-07-09
https://loafingstudio.itch.io/tasty-road/devlog/703435/tasty-road-week-10-11,,2025-07-09
https://alansio.itch.io/blobbys-adventures/devlog/710631/first-update-wow,,2025-07-09
https://loafingstudio.itch.io/tasty-road/devlog/710824/tasty-road-week-12-13,,2025-07-09
https://alansio.itch.io/blobbys-adventures/devlog/712601/new-update,,2025-07-09
https://acidatm.itch.io/tram/devlog/715766/update-030,,2025-07-09
https://skeletonbone.itch.io/pop-game/devlog/715855/pop-and-relax,,2025-07-09
https://loafingstudio.itch.io/tasty-road/devlog/718348/tasty-road-week-14-15,,2025-07-09
https://zwute-studio.itch.io/visual-novel-netcode-the-protogen-and-more/devlog/719857/visual-novel-netcode-the-protogen-more-zwute-studio-partnership-policy,,2025-07-09
https://loafingstudio.itch.io/tasty-road/devlog/722164/tasty-road-week-16,,2025-07-09
https://spacegoblingames.itch.io/beyond-the-chiron-gate/devlog/727157/bug-fix-update-114-mac-version-discontinued,,2025-07-09
https://movedfizzle.itch.io/friday-night-funkin-green-screen/devlog/728197/a-lot-has-changed,,2025-07-09
https://spacegoblingames.itch.io/beyond-the-chiron-gate/devlog/730965/steam-release,,2025-07-09
https://loafingstudio.itch.io/tasty-road/devlog/747763/tasty-road-update-17,,2025-07-09
https://bradysullivan.itch.io/mementos/devlog/749591/a-prototype-by-the-end-of-summer,,2025-07-09
https://trulystudios.itch.io/lavataggers/devlog/751365/08b,,2025-07-09
https://bradysullivan.itch.io/mementos/devlog/752889/weekly-devlog-6-21-24,,2025-07-09
https://loafingstudio.itch.io/tasty-road/devlog/754439/tasty-road-update-18,,2025-07-09
https://loafingstudio.itch.io/tasty-road/devlog/757455/tasty-road-update-19,,2025-07-09
https://trulystudios.itch.io/lavataggers/devlog/763196/how-to-download,,2025-07-09
https://trulystudios.itch.io/lavataggers/devlog/763199/09,,2025-07-09
https://loafingstudio.itch.io/tasty-road/devlog/764975/tasty-road-update-20,,2025-07-09
https://trulystudios.itch.io/lavataggers/devlog/767769/10,,2025-07-09
https://loafingstudio.itch.io/tasty-road/devlog/772277/tasty-road-update-21,,2025-07-09
https://stupid-olguin.itch.io/last-lesson/devlog/775183/almost-doneeee,,2025-07-09
https://loafingstudio.itch.io/tasty-road/devlog/780094/tasty-road-update-22,,2025-07-09
https://stupid-olguin.itch.io/last-lesson/devlog/780863/tomorrowwww,,2025-07-09
https://spacegoblingames.itch.io/seedship/devlog/781555/title-screen-update,,2025-07-09
https://dokivoxel.itch.io/gamecube-video-game-console-assets-multicolour/devlog/785648/my-first-3d-asset-published,,2025-07-09
https://daniel-the-solo-dev.itch.io/unusual-job/devlog/787169/i-fixed-the-game-breaking-bug,,2025-07-09
https://notuseanymore.itch.io/ftatv/devlog/787201/devlog-1,,2025-07-09
https://notuseanymore.itch.io/ftatv/devlog/788283/devlog-2,,2025-07-09
https://daniel-the-solo-dev.itch.io/super-lost/devlog/794964/some-more-content-is-in-the-game,,2025-07-09
https://trulystudios.itch.io/project-fusion/devlog/795097/100,,2025-07-09
https://trulystudios.itch.io/project-fusion/devlog/795116/101,,2025-07-09
https://yumi42.itch.io/dw-game/devlog/803780/version-a009,,2025-07-09
https://trulystudios.itch.io/project-fusion/devlog/804664/coming-soon,,2025-07-09
https://trulystudios.itch.io/project-fusion/devlog/804677/10,,2025-07-09
https://charliequestsync.itch.io/stardrift/devlog/810733/devlog-01,,2025-07-09
https://infinite-logika.itch.io/logika/devlog/813209/logika-devlog,,2025-07-09
https://infinite-logika.itch.io/the-legend-of-zelda/devlog/813210/the-legend-of-zelda-devlog,,2025-07-09
https://williamstome.itch.io/helloworldimsorry/devlog/813411/hello-world,,2025-07-09
https://williamstome.itch.io/helloworldimsorry/devlog/813979/changelog-for-v020250707,,2025-07-09
https://rexar-games.itch.io/fear-mansion-escape/devlog/815123/post,,2025-07-09
https://charliequestsync.itch.io/stardrift/devlog/816509/demo-update,,2025-07-09
https://charliequestsync.itch.io/stardrift/devlog/818656/the-cancelation,,2025-07-09
https://charliequestsync.itch.io/stardrift/devlog/819867/level-and-graphics-update,,2025-07-09
https://rexar-games.itch.io/simulator-sit-toilet/devlog/820468/new-update,,2025-07-09
https://rexar-games.itch.io/fear-mansion-escape/devlog/820473/-,,2025-07-09
https://rexar-games.itch.io/fear-mansion-escape/devlog/820529/post,,2025-07-09
https://rexar-games.itch.io/frembb10/devlog/821142/update,,2025-07-09
https://rexar-games.itch.io/frembb10/devlog/821470/post,,2025-07-09
https://daniel-the-solo-dev.itch.io/super-lost/devlog/822752/the-new-big-update,,2025-07-09
https://rexar-games.itch.io/the-shadow-of-the-ruined/devlog/824217/post,,2025-07-09
https://rexar-games.itch.io/the-shadow-of-the-ruined/devlog/824431/post,,2025-07-09
https://trulystudios.itch.io/yoyleberry-clicker/devlog/827584/02-music-update,,2025-07-09
https://charliequestsync.itch.io/stardrift/devlog/827790/devlog-02,,2025-07-09
https://trulystudios.itch.io/yoyleberry-clicker/devlog/829312/10,,2025-07-09
https://charliequestsync.itch.io/stardrift/devlog/832363/prelude-release-date,,2025-07-09
https://charliequestsync.itch.io/stardrift/devlog/836189/demorelease,,2025-07-09
https://itsbaileyx3525.itch.io/bddarq/devlog/837421/alpha-test-3,,2025-07-09
https://daniel-the-solo-dev.itch.io/only-stairs/devlog/839381/some-more-content-is-in-the-game,,2025-07-09
https://rafimuzakisaputra07.itch.io/rafimuzakisaputra07/devlog/840822/demo-out-now,,2025-07-09
https://spacegoblingames.itch.io/ragequest/devlog/842255/links-removed,,2025-07-09
https://spacegoblingames.itch.io/they-will-not-return/devlog/842261/v104-links-removed,,2025-07-09
https://spacegoblingames.itch.io/industrial-accident/devlog/842288/links-removed,,2025-07-09
https://spacegoblingames.itch.io/cyborg-arena/devlog/842292/patreon-link-removed,,2025-07-09
https://willardshchavel.itch.io/enough/devlog/842780/-,,2025-07-09
https://spacegoblingames.itch.io/beyond-the-chiron-gate/devlog/845760/bug-fix-update-115,,2025-07-09
https://charliequestsync.itch.io/stardrift/devlog/846418/the-official-trailer,,2025-07-09
https://charliequestsync.itch.io/stardrift/devlog/846616/preludelaunch,,2025-07-09
https://trulystudios.itch.io/project-fusion/devlog/847350/full-release,,2025-07-09
https://trulystudios.itch.io/project-fusion/devlog/848665/110,,2025-07-09
https://flamegamess.itch.io/redm/devlog/853607/redm-new-orleans-demo-available,,2025-07-09
https://alansio.itch.io/blobbys-adventures/devlog/853750/winter-sale-and-free-version,,2025-07-09
https://flamegamess.itch.io/redm/devlog/856368/redm-new-orleans-demo-11-spanish-version-updated,,2025-07-09
https://flamegamess.itch.io/redm/devlog/858197/redm-new-orleans-demo-v12,,2025-07-09
https://flamegamess.itch.io/redm/devlog/858465/redm-new-orleans-spanish-demo-v12,,2025-07-09
https://rexar-games.itch.io/ozon-simulator/devlog/859629/post,,2025-07-09
https://notuseanymore.itch.io/rs-p1-temporary-title/devlog/861181/rs-p1-devlog-1,,2025-07-09
https://pvbiizh3r.itch.io/invoke/devlog/863017/bug-fixes,,2025-07-09
https://notuseanymore.itch.io/rs-p1-temporary-title/devlog/863712/rs-p1-devlog-2,,2025-07-09
https://pvbiizh3r.itch.io/invoke/devlog/863848/new-page,,2025-07-09
https://pvbiizh3r.itch.io/invoke/devlog/864112/verses-added-to-game,,2025-07-09
https://pvbiizh3r.itch.io/invoke/devlog/864647/arrow-fixes-and-pause-menu,,2025-07-09
https://pvbiizh3r.itch.io/invoke/devlog/864711/updates-and-fixes,,2025-07-09
https://notuseanymore.itch.io/overseer/devlog/865559/devlog-1,,2025-07-09
https://notuseanymore.itch.io/overseer/devlog/865788/devlog-2,,2025-07-09
https://pvbiizh3r.itch.io/invoke/devlog/867640/update,,2025-07-09
https://notuseanymore.itch.io/overseer/devlog/869186/devlog-3,,2025-07-09
https://notuseanymore.itch.io/overseer/devlog/869450/devlog-4,,2025-07-09
https://pvbiizh3r.itch.io/invoke/devlog/870343/release,,2025-07-09
https://pvbiizh3r.itch.io/invoke/devlog/871071/please-rate-the-game-after-downloading,,2025-07-09
https://egbower.itch.io/percival/devlog/873177/now-featuring-the-waves,,2025-07-09
https://notuseanymore.itch.io/overseer/devlog/874894/devlog-5,,2025-07-09
https://notuseanymore.itch.io/overseer/devlog/876935/devlog-6,,2025-07-09
https://notuseanymore.itch.io/warpath/devlog/880167/warpath-10,,2025-07-09
https://pvbiizh3r.itch.io/invoke/devlog/880187/invoke-is-out-now-you-may-begin-your-job,,2025-07-09
https://notuseanymore.itch.io/warpath/devlog/881456/warpath-11,,2025-07-09
https://notuseanymore.itch.io/warpath/devlog/884538/warpath-12,,2025-07-09
https://astralitevr.itch.io/gibbonke-beta/devlog/885247/pre-release,,2025-07-09
https://astralitevr.itch.io/gibbonke-beta/devlog/885250/small-update,,2025-07-09
https://amadeoxh.itch.io/fillthevoid/devlog/885696/small-update-v102,,2025-07-09
https://demonichere.itch.io/officialitchioport-hitfranksimlators/devlog/887087/hit-frank-simulators-official-itchio-port,,2025-07-09
https://houndoomboi.itch.io/super-smash-bros-infinity-v070/devlog/888907/super-smash-bros-v061,,2025-07-09
https://pvbiizh3r.itch.io/invoke/devlog/889385/release,,2025-07-09
https://amadeoxh.itch.io/fillthevoid/devlog/889542/update-v103,,2025-07-09
https://notuseanymore.itch.io/warpath/devlog/891445/warpath-13,,2025-07-09
https://pvbiizh3r.itch.io/invoke/devlog/899472/update-12,,2025-07-09
https://notuseanymore.itch.io/wordasaurus/devlog/900338/wordasaurus-10,,2025-07-09
https://pvbiizh3r.itch.io/invoke/devlog/901737/13,,2025-07-09
https://pvbiizh3r.itch.io/invoke/devlog/901739/new-invoke-album,,2025-07-09
https://pvbiizh3r.itch.io/invoke/devlog/902251/fixes,,2025-07-09
https://pvbiizh3r.itch.io/invoke/devlog/903178/ver-13,,2025-07-09
https://gabrieeeuu.itch.io/lambda-project/devlog/917546/quick-fixes-1,,2025-07-09
https://gabrieeeuu.itch.io/lambda-project/devlog/917629/quick-fixes-2,,2025-07-09
https://gabrieeeuu.itch.io/lambda-project/devlog/917853/quick-fixes-3,,2025-07-09
https://gabrieeeuu.itch.io/lambda-project/devlog/918419/quick-fixes-4,,2025-07-09
https://ct25gaming.itch.io/codybox-v1-legacy/devlog/921251/title-changed,,2025-07-09
https://fajerbol.itch.io/opowieci-skrypty/devlog/921805/opowieci-skrypty-opowieci-skonu,,2025-07-09
https://sunkyjam.itch.io/password-is-1/devlog/925727/added-utmt-154,,2025-07-09
https://astralitevr.itch.io/infiltrates-gorilla-horror-pre-beta/devlog/926949/beta-release,,2025-07-09
https://ct25gaming.itch.io/codybox-v1-legacy/devlog/928082/settings-update,,2025-07-09
https://flamegamess.itch.io/redm-chapters-new-orleans-episode-i-zx-plus-3/devlog/938758/redm-chapters-new-orleans-released,,2025-07-09
https://mangomoose.itch.io/project-ohm/devlog/943630/base-builder-wave-defence-prototype-now-available,,2025-07-09
https://mangomoose.itch.io/project-ohm/devlog/945064/swarm-defence-prototype-updates,,2025-07-09
https://davisgsee.itch.io/desert-of-ash/devlog/945136/the-hungerthirst-system-in-desert-of-ash-a-post-apocalyptic-gay-sex-simulator,,2025-07-09
https://losbalhamos.itch.io/wait-for-the-real-name/devlog/947097/release,,2025-07-09
https://silenttears.itch.io/silent-tears/devlog/948043/save-system-done,,2025-07-09
https://ratweeb.itch.io/elderash/devlog/949394/lightning,,2025-07-09
https://ratweeb.itch.io/elderash/devlog/950075/v001,,2025-07-09
https://idkyet312.itch.io/projectsync/devlog/950136/update-030,,2025-07-09
https://idkyet312.itch.io/projectsync/devlog/950783/update-032,,2025-07-09
https://pvbiizh3r.itch.io/bubbas-diner/devlog/951197/release,,2025-07-09
https://ratweeb.itch.io/elderash/devlog/951401/v002,,2025-07-09
https://idkofficialguy.itch.io/incredibox-sprunki-pyramixed-my-version/devlog/952138/incredibox-sprunki-pyramixed-my-version,,2025-07-09
https://pvbiizh3r.itch.io/one-hour-at-the-dollhouse/devlog/952867/release,,2025-07-09
https://salsabilaalaniya.itch.io/bahan-ajar-laju-reaksi-kimia/devlog/952936/testing,,2025-07-09
https://ratweeb.itch.io/elderash/devlog/953531/v003,,2025-07-09
https://picklemuncher89.itch.io/playland/devlog/953785/new-characters,,2025-07-09
https://xezardev.itch.io/vs-arial/devlog/954929/vsarial-a-undertale-battle-is-out-now,,2025-07-09
https://felixby15.itch.io/supernova-deliveries/devlog/955915/v050-upgrade-system-qol-improvements,,2025-07-09
https://losbalhamos.itch.io/wait-for-the-real-name/devlog/957552/the-end,,2025-07-09
https://aidanbrennan55.itch.io/neontrigger/devlog/957783/neon-trigger-devlog-1-whiteboxing-and-narrative,,2025-07-09
https://ratweeb.itch.io/elderash/devlog/958072/v004,,2025-07-09
https://aidanbrennan55.itch.io/neontrigger/devlog/958199/neon-trigger-devlog-3-player-and-ai-controllers,,2025-07-09
https://dawn-to-dusk-games.itch.io/simple-3d-bedroom-asset-pack-set-1/devlog/959616/added-unity-package,,2025-07-09
https://studiocas.itch.io/stache-jutsu/devlog/959689/version-102,,2025-07-09
https://ratweeb.itch.io/elderash/devlog/960181/v005,,2025-07-09
https://aidanbrennan55.itch.io/neontrigger/devlog/960574/neon-trigger-devlog-2-how-to-create-a-interactable-3d-ui-element-in-unity,,2025-07-09
https://pvbiizh3r.itch.io/halls/devlog/962223/v01,,2025-07-09
https://pvbiizh3r.itch.io/halls/devlog/962224/v02,,2025-07-09
https://pvbiizh3r.itch.io/halls/devlog/962225/v03,,2025-07-09
https://ct25gaming.itch.io/codybox-v1/devlog/962938/small-bug-fixes,,2025-07-09
https://losbalhamos.itch.io/wait-for-the-real-name/devlog/963819/spiritual-successor-hmmm,,2025-07-09
https://savos-lyfl.itch.io/dodge/devlog/965383/new-version-130625,,2025-07-09
https://ratweeb.itch.io/elderash/devlog/965464/v006,,2025-07-09
https://one-shot-melee.itch.io/spare-me-the-chaos/devlog/965499/version-beta-101-post-release-patch,,2025-07-09
https://savos-lyfl.itch.io/dodge/devlog/965872/highscore-fully-implemented,,2025-07-09
https://aidanbrennan55.itch.io/neontrigger/devlog/967342/neon-trigger-devlog-4-weapons-character-modeling,,2025-07-09
https://ff-f.itch.io/oh-so-hero/devlog/968846/oh-so-hero-4k-wallpaper,,2025-07-09
https://astralitevr.itch.io/gorilla-tagg-horror-retake/devlog/969105/bug-fixes,,2025-07-09
https://flamegamess.itch.io/redm-chapters-new-orleans-episode-i-zx-plus-3/devlog/971094/spanish-manual-released,,2025-07-09
https://aidanbrennan55.itch.io/neontrigger/devlog/971804/neon-trigger-devlog-5-danger-big-and-small,,2025-07-09
https://loafingstudio.itch.io/tablefornone/devlog/971921/table-for-none-demo-11,,2025-07-09
https://3gnude.itch.io/lustful-haven/devlog/972248/lustful-haven-v01,,2025-07-09
https://paidbread.itch.io/downhill-multiplayer/devlog/972262/paid-v1-equable-dress,,2025-07-09
https://y1z-e.itch.io/portfolio-builders-jam-week-25/devlog/972315/little-patch,,2025-07-09
https://lumovalley-labs.itch.io/tapclank/devlog/973279/version-1011-released,,2025-07-09
https://guaqgames.itch.io/bungjinus-the-farmer/devlog/973294/devlog1,,2025-07-09
https://guaqgames.itch.io/bungjinus-the-farmer/devlog/974312/dev2,,2025-07-09
https://afitotunka.itch.io/cliffstyle/devlog/974754/cliff-style,,2025-07-09
https://roboticred.itch.io/free-fire-endless-demo/devlog/975031/endless-demo-update-mkxi,,2025-07-09
https://shallowfrost.itch.io/shift-bound/devlog/975091/change-logs-110,,2025-07-09
https://sunnflos.itch.io/strikefront/devlog/975613/strikefront-shadow-asset-launch,,2025-07-09
https://aidanbrennan55.itch.io/neontrigger/devlog/975891/neon-trigger-devlog-6-shaders-and-post-processing-for-unity,,2025-07-09
https://3gnude.itch.io/lustful-haven/devlog/975916/lustful-haven-v02,,2025-07-09
https://one-shot-melee.itch.io/spare-me-the-chaos/devlog/975928/version-beta-102-patch-hotfix,,2025-07-09
https://flamegamess.itch.io/redm-chapters-new-orleans-episode-i-english-zx-spectrum-3/devlog/975947/-update-expanded-english-ambient-pdf-now-available,,2025-07-09
https://3gnude.itch.io/lustful-haven/devlog/975950/lustful-haven-v03,,2025-07-09
https://kaiir0s7.itch.io/one-more-click/devlog/976460/one-more-click-visual-direction,,2025-07-09
https://mobilelast.itch.io/hanaa/devlog/976496/happened-in-hanaa-vol-5-june-30july-6-2025,,2025-07-09
https://ratweeb.itch.io/elderash/devlog/976566/magic-size-ally,,2025-07-09
https://cupul-miu-04.itch.io/gamer-html/devlog/976713/gamer-html-006,,2025-07-09
https://kirishimashoichi.itch.io/stretch-en/devlog/976806/how-we-built-the-stretch-club,,2025-07-09
https://marns.itch.io/such-a-lovely-place/devlog/977079/new-minigame-added,,2025-07-09
https://drizzyfizzle.itch.io/drizzys-basics/devlog/977133/2025-update,,2025-07-09
https://guaqgames.itch.io/bungjinus-the-farmer/devlog/977141/log-for-v7,,2025-07-09
https://normal-person2-0.itch.io/baldi-builder-retooled/devlog/977142/demo-b-release,,2025-07-09
https://trueflightspecials.itch.io/vorny-succubai/devlog/977301/work-in-progress-07-updated-77,,2025-07-09
https://3lsnc.itch.io/mcc1/devlog/977517/handasah,,2025-07-09
https://pipedrainage.itch.io/onlydefense/devlog/978247/only-defense-devlog-1,,2025-07-09
https://pvbiizh3r.itch.io/halls/devlog/978423/v04,,2025-07-09
https://losbalhamos.itch.io/wait-for-the-real-name/devlog/978482/workinprogress,,2025-07-09
https://f1fighterpilot.itch.io/behind-the-trenches/devlog/978626/fixed-ai-french-and-usa,,2025-07-09
https://pvbiizh3r.itch.io/halls/devlog/978750/new-update-next-week,,2025-07-09
https://synthoid.itch.io/do-we-have-a-dael/devlog/978815/how-did-we-develop-a-dael,,2025-07-09
https://noideafortheusername.itch.io/subject-72/devlog/978909/control-panels,,2025-07-09
https://paladin-cleric-of-awesome.itch.io/the-dying-days/devlog/979033/farming-and-rottong-vegetables,,2025-07-09
https://ilyactroneee.itch.io/baldi-basics-raging-mod/devlog/979185/download-the-mod-,,2025-07-09
https://jgustudio.itch.io/escape-from-vanya-devourer/devlog/979214/problem,,2025-07-09
https://keisi-studio.itch.io/lust-age-new-home/devlog/979575/devlog4-interface-redesign-part-25,,2025-07-09
https://pearlnsfw.itch.io/animatronic-lust/devlog/979765/new-update-06072025,,2025-07-09
https://dennis-turco.itch.io/remind-me/devlog/979905/dev-log-fix-for-time-with-non-24-hour-format,,2025-07-09
https://brandoff.itch.io/genre-savant/devlog/979919/genre-savant-new-ultimate,,2025-07-09
https://pvbiizh3r.itch.io/one-night-at-david-classic/devlog/980091/release,,2025-07-09
https://phoenix-fable-studios.itch.io/the-rolling-gambit/devlog/980178/beta-out-now,,2025-07-09
https://twig046.itch.io/quietcat/devlog/980224/day-1-starting-out,,2025-07-09
https://tliad.itch.io/aseprite-gradients-extension/devlog/980303/ordered-dither-matrices-aseprite-extension-update-v11,,2025-07-09
https://pvbiizh3r.itch.io/one-night-at-david-2/devlog/980419/release,,2025-07-09
https://emobetty.itch.io/kiss/devlog/980472/k2ss,,2025-07-09
https://redwolfstudios-deg.itch.io/teddy-tragedy/devlog/980510/fixed-bugfixes,,2025-07-09
https://w.itch.io/itsy-bitsy-exercises/devlog/980523/the-wizards-tower,,2025-07-09
https://dos-arracachas.itch.io/between-beasts/devlog/980584/between-beasts-alpha-05,,2025-07-09
https://liminace.itch.io/when-it-rains-red/devlog/980633/when-it-rains-red-another-thank-you,,2025-07-09
https://imgiofm.itch.io/the-surrounding-grounds/devlog/980666/game-now-on-windows,,2025-07-09
https://hrackpot.itch.io/seedbed-farming/devlog/980688/public-release-2025-0601,,2025-07-09
https://scpeckham.itch.io/jasag/devlog/980716/windows-version-file-missing-fixed-june-10th-2025,,2025-07-09
https://ptafdev16.itch.io/ptaf1/devlog/980729/whats-missing-from-purple-the-adventurous-fruit,,2025-07-09
https://guaqgames.itch.io/bungjinus-the-farmer/devlog/980767/version-8-devlog,,2025-07-09
https://pvbiizh3r.itch.io/invoke/devlog/980793/v14,,2025-07-09
https://loafingstudio.itch.io/tablefornone/devlog/980802/table-for-none-demo-12,,2025-07-09
https://athgamesdev.itch.io/bloom-war/devlog/980805/019-update-notes,,2025-07-09
https://dawn-to-dusk-games.itch.io/simple-3d-bedroom-asset-pack-set-1/devlog/980823/added-floor-walls-ceiling-and-a-few-extra-items,,2025-07-09
https://sondeirypt-games.itch.io/download-a-person/devlog/980840/version-10-up,,2025-07-09
https://franzoar.itch.io/kriegsspiel-7-years-war/devlog/980861/version-014-is-available-with-music-and-better-chaaaaaaaaaarge-,,2025-07-09
https://pearlnsfw.itch.io/animatronic-lust/devlog/980886/new-update-07072025,,2025-07-09
https://ranitaya-studios.itch.io/ranitayas-massive-dungeon-pack/devlog/980888/daily-update-41animated-coin-overhaul,,2025-07-09
https://spritebear.itch.io/the-return-to-freddys-2-reimagined/devlog/980891/the-return-to-freddys-2-reimagined-is-out,,2025-07-09
https://intotheunknownttrpg.itch.io/into-the-unknown-first-steps-and-murphys-field-guide/devlog/980907/into-the-unknown-bundle-100-downloads-enjoy-40-off,,2025-07-09
https://mumeimiyafuji.itch.io/orange-smash/devlog/980913/a-good-week-,,2025-07-09
https://werxzy.itch.io/just-a-normal-snake/devlog/980915/just-a-normal-snake-v14,,2025-07-09
https://leo-made.itch.io/shoot-to-survive/devlog/980916/update-record-timer,,2025-07-09
https://tidepoolgames.itch.io/idlewood-outpost/devlog/980917/browser-play-enabled,,2025-07-09
https://annie-games.itch.io/town/devlog/980918/devlog-3-writing-is-almost-done-now-the-scariest-part,,2025-07-09
https://thebreckters.itch.io/play-as-the-badnik-ooooo/devlog/980919/no-one-even-asked-for-this,,2025-07-09
https://itch.io/blog/980920/mechanical-greed-release,,2025-07-09
https://uncreativemedia.itch.io/wintertwined/devlog/980921/devlog-05-june-future-updates,,2025-07-09
https://lyricallull.itch.io/stories-of-somnia/devlog/980922/our-demo-is-coming-in-october-heres-some-info,,2025-07-09
https://tanookitoad64.itch.io/jumping-game-10/devlog/980923/release,,2025-07-09
https://ehfar.itch.io/the-wanking-dead/devlog/980924/just-realised-devlog-tab-is-a-thing-whoops,,2025-07-09
https://headphoneturtlegames.itch.io/signal-intentions/devlog/980925/signal-intentions-v022,,2025-07-09
https://lilcocogoat.itch.io/hilichurlsgirl/devlog/980926/v012-is-out-on-patreon,,2025-07-09
https://anathidev.itch.io/hoopers/devlog/980927/hoopers-update,,2025-07-09
https://tommyk1.itch.io/one-more-button-demo/devlog/980928/updated-demo-with-keyboard-support,,2025-07-09
https://jakubh.itch.io/low-tide/devlog/980929/after-the-publish,,2025-07-09
https://juguti.itch.io/pokemon-eclipse/devlog/980930/nouvelle-version,,2025-07-09
https://fc-magas.itch.io/combat-drone/devlog/980931/combat-drone,,2025-07-09
https://daiviey.itch.io/floppywrite/devlog/980932/creating-an-empathy-driven-narrative-in-a-deeply-unempathetic-time,,2025-07-09
https://artsvetlakov.itch.io/adapt-to-dark/devlog/980933/v11-,,2025-07-09
https://shinju444.itch.io/keeping-an-eye-on-you-demo/devlog/980934/demo-is-out,,2025-07-09
https://ccinteractive.itch.io/fallout-pip-booty/devlog/980935/v052-update,,2025-07-09
https://enrogame.itch.io/the-abandoned-wing/devlog/980936/time-of-anomalies-in-the-new-game-the-abandoned-wing,,2025-07-09
https://prizrakshiza.itch.io/quest-room-witch-hut/devlog/980937/release-beyond-into-the-witch-hut,,2025-07-09
https://dikarier.itch.io/effect-system/devlog/980938/rpg-maker-mz-effect-system-update-25,,2025-07-09
https://tanghere.itch.io/lasting-bonfire/devlog/980939/lasting-bonfire-v042-bug-fixes,,2025-07-09
https://itch.io/blog/980940/troxaren-game-jam-2025,,2025-07-09
https://jenny-petersens-journey.itch.io/jennys-journey/devlog/980941/new-branches,,2025-07-09
https://itch.io/blog/980942/dark-room-working-on-saving-update-is-70-ready,,2025-07-09
https://catterpxl.itch.io/purrfect-village/devlog/980943/525-the-library-update,,2025-07-09
https://itch.io/blog/980946/messy-boxes,,2025-07-09
https://s0urcec0de.itch.io/the-meowtopia-rpg-beta-2/devlog/980947/notes-for-262,,2025-07-09
https://kartik-sonker.itch.io/guess-the-pic/devlog/980948/guess-the-p8c,,2025-07-09
https://saldis-basics.itch.io/playtimehasahoverboardandroidport/devlog/980949/post,,2025-07-09
https://roleymoth.itch.io/farm-assets-c/devlog/980950/camping-equipment-added,,2025-07-09
https://zephyra0.itch.io/rise-of-the-monarch/devlog/980951/rise-of-the-monarch-20250706-devlog11,,2025-07-09
https://xptofeel.itch.io/everylight/devlog/980952/update-version-03,,2025-07-09
https://itch.io/blog/980953/ive-released-a-free-3d-asset-pack,,2025-07-09
https://metalcar.itch.io/godot-2d-game-tutorial/devlog/980954/initial-release,,2025-07-09
https://thebreckters.itch.io/play-as-the-badnik-ooooo/devlog/980955/you-can-now-play-as-a-badnik,,2025-07-09
https://c-mastered-studio.itch.io/forest-exit/devlog/980956/first-game,,2025-07-09
https://bimicerika.itch.io/1001-vies/devlog/980957/engfr-update-video-vido-de-mise-jour-,,2025-07-09
https://rumigames.itch.io/dream-corruption/devlog/980958/v013-now-public-v014-on-patreon,,2025-07-09
https://aikogxstudios.itch.io/caos-entre-reinos-renacer-the-game/devlog/980961/-avances-de-la-semana,,2025-07-09
https://xzarcreative.itch.io/ava-sporelight/devlog/980962/devlog-1-mvp-launch-whats-next-for-ava-sporelight,,2025-07-09
https://zwute-studio.itch.io/visual-novel-netcode-the-protogen-and-more/devlog/980963/visual-novel-netcode-the-protogen-and-more-zwute-studio-partnership-policy,,2025-07-09
https://sublevelgames.itch.io/explainable-minesweeper/devlog/980964/version-020-new-features-blog-post,,2025-07-09
https://cupul-miu-04.itch.io/gamer-html-20/devlog/980965/gamer-html-20,,2025-07-09
https://triplebaran.itch.io/warios-survival/devlog/980966/new-update,,2025-07-09
https://itch.io/blog/980967/game-0-dev-log-1,,2025-07-09
https://mirothefox.itch.io/furthia-trails/devlog/980968/0010-part-3-bugfix-palooza,,2025-07-09
https://itch.io/blog/980969/welcome,,2025-07-09
https://traversefantasy.itch.io/fmc/devlog/980971/one-last-update,,2025-07-09
https://elnoche12.itch.io/submerged/devlog/980972/my-game,,2025-07-09
https://lucas-jogos.itch.io/altered-beast-remake/devlog/980973/verso-final-450-final-version-450-versin-final-450,,2025-07-09
https://mirothefox.itch.io/furthia-trails/devlog/980974/0010-part-3-bugfix-palooza,,2025-07-09
https://jan955.itch.io/texteditor/devlog/980975/texteditor-verffentlicht,,2025-07-09
https://retrodevxp.itch.io/renewed-pixel-dungeon/devlog/980976/renewed-pixel-dungeon-120-is-out,,2025-07-09
https://deadfishdreams.itch.io/good-old-cemetery/devlog/980977/good-old-cemetery-version-0002-saving-more-stuff-coming-soon,,2025-07-09
https://rythen-winds.itch.io/the-alchemists-cottage/devlog/980978/007-update,,2025-07-09
https://itch.io/blog/980980/state-web-game-engine,,2025-07-09
https://heathazegames.itch.io/laser-knights-demo/devlog/980981/shrooms-bushes-update-071,,2025-07-09
https://malefyx.itch.io/biome-platformer/devlog/980982/new-platformer-map-biomes-platformer,,2025-07-09
https://itch.io/blog/980983/atrapado-en-el-bosque-de-mametz,,2025-07-09
https://saxonarts.itch.io/run-goblin-girl-run/devlog/980984/v-177,,2025-07-09
https://yaniv-levin.itch.io/hovershot/devlog/980985/you-can-now-play-the-game-right-in-your-browser,,2025-07-09
https://myon-san.itch.io/eir-of-frohdiff-public-release/devlog/980986/eir-of-frohdiff-chapter-3-for-5-and-10-patreon,,2025-07-09
https://hatchi-dev.itch.io/grow-a-flower/devlog/980987/102v,,2025-07-09
https://birdieuuhh.itch.io/symulatorzyciamihalxa/devlog/980988/wersja-14,,2025-07-09
https://yearafteryear.itch.io/year-after-year/devlog/980989/year-after-year-v007-release-public-post,,2025-07-09
https://itch.io/blog/980990/anthology-news-6jul2025,,2025-07-09
https://wayfarertechnologies.itch.io/delta-phase/devlog/980991/independence-day-edition,,2025-07-09
https://itch.io/blog/980992/no-ice-in-california-charity-bundle-is-live,,2025-07-09
https://beopenbefree.itch.io/fighty-driver/devlog/980993/fighty-driver-drive-in-the-new-mountain-scenario,,2025-07-09
https://pixelotstudio.itch.io/at-what-cost/devlog/980995/at-what-cost-early-access-demo,,2025-07-09
https://carlacolon3.itch.io/super-scary-shape-office/devlog/980996/game-jolt-page,,2025-07-09
https://lazywayfarer.itch.io/rpg-in-another-world/devlog/980998/new-update-alpha-v010-,,2025-07-09
https://newagent3.itch.io/murder-drones-lost-chapters/devlog/980999/doing-things-at-my-pace,,2025-07-09
https://rachfitz.itch.io/ypd/devlog/981000/v119,,2025-07-09
https://gif-superretroworld.itch.io/sunfield-road/devlog/981001/rpg-maker-godot-autotiles-added,,2025-07-09
https://amterrain.itch.io/maya-and-the-five-lost-relics/devlog/981002/update-adjustments,,2025-07-09
https://selkavi.itch.io/firetales/devlog/981003/hotfixes-post-gamejam,,2025-07-09
https://navypink.itch.io/hod-campaign/devlog/981004/next-adventure-announcement,,2025-07-09
https://itch.io/blog/981005/visit-us,,2025-07-09
https://jan955.itch.io/texteditor/devlog/981006/sprachauswahl-hinzugefgt-,,2025-07-09
https://kn56k.itch.io/knight-on-the-moon/devlog/981007/minor-update,,2025-07-09
https://alexmanich.itch.io/juiciness/devlog/981008/journal-entry-1,,2025-07-09
https://itch.io/blog/981009/visit-us-1,,2025-07-09
https://chimeriquement.itch.io/high-school-lolita/devlog/981010/waterlily-on-the-froth-devlog-10-we-are-so-back,,2025-07-09
https://aesir-lust.itch.io/lust-legion/devlog/981011/v-011-coming-out-for-free-on-july-12th,,2025-07-09
https://unauticna.itch.io/chaoslight3/devlog/981012/first-creation,,2025-07-09
https://gaasha.itch.io/bloomagain/devlog/981013/bloom-again-v03-now-public,,2025-07-09
https://ucsc-wildfire-games.itch.io/wildfire-minigames-collection/devlog/981014/approaching-user-experience-crafting-an-interactive-and-immersive-ui,,2025-07-09
https://apocalypticllama.itch.io/racing-game/devlog/981015/wasteland-races-devlog4,,2025-07-09
https://ghelmet.itch.io/daggerheart-campaign-frame-aegis/devlog/981016/aether-and-soul-link-effect-on-skills,,2025-07-09
https://vermiliongames.itch.io/chronicles-of-the-coliseum/devlog/981017/version-14,,2025-07-09
https://dead-leg-production.itch.io/need-for-seat/devlog/981018/011-patch,,2025-07-09
https://ntrai.itch.io/ntredbymyfriend/devlog/981019/release-nbmf-v091,,2025-07-09
https://jan955.itch.io/texteditor/devlog/981020/letztes-update-fr-heute,,2025-07-09
https://crazykryz13.itch.io/peglite/devlog/981021/peglite-devlog-4-pre-alpha,,2025-07-09
https://blackramcharger963.itch.io/gran-torino-racer/devlog/981022/gran-torino-racer,,2025-07-09
https://pixelotstudio.itch.io/at-what-cost/devlog/981023/latest-version-update-build,,2025-07-09
https://nwaber.itch.io/trail-mix/devlog/981024/pursuittracking-play-example,,2025-07-09
https://blackramcharger963.itch.io/gran-torino-racer-ii/devlog/981025/gran-torino-racer-ii,,2025-07-09
https://supertripland.itch.io/supertripland/devlog/981026/3026,,2025-07-09
https://sweetbytegames.itch.io/choco-kiosk-simulator/devlog/981027/-devlog-1-demo-release,,2025-07-09
https://gamolf.itch.io/pairpix/devlog/981028/pairpix-v14,,2025-07-09
https://gannydespy.itch.io/clean-pool/devlog/981029/clean-pool-update-2-hot-fix,,2025-07-09
https://zenithflow.itch.io/multicolors-negative/devlog/981030/new-cutscenes,,2025-07-09
https://justanothernick.itch.io/recrew/devlog/981031/definitely-ahead-of-schedule-wish-i-was-lazier,,2025-07-09
https://nolimelightproductions.itch.io/prosperon-cyberpunk-setting/devlog/981032/critical-update,,2025-07-09
https://funonegames.itch.io/portal-punk-playtest/devlog/981033/portal-punk-playtest-updated,,2025-07-09
https://blackramcharger963.itch.io/gran-torino-racer-iii/devlog/981034/gran-torino-racer-iii,,2025-07-09
https://gurd62.itch.io/time-saver/devlog/981035/small-update-101,,2025-07-09
https://itch.io/blog/981036/devlog-1-maze-game-demo-coming-soon,,2025-07-09
https://jktulord.itch.io/sine3r/devlog/981037/v032-relationship-app,,2025-07-09
https://lilith-fetish-abdl.itch.io/tower-of-the-last-demon-an-abdl-rpg-ongoing/devlog/981038/new-update-012,,2025-07-09
https://cometsans.itch.io/astigmatism-test/devlog/981040/v2,,2025-07-09
https://blackramcharger963.itch.io/gran-torino-racer-iv/devlog/981041/gran-torino-racer-iv,,2025-07-09
https://itch.io/blog/981042/critter-defense,,2025-07-09
https://myxer-studios.itch.io/coffys-enhanced-retake-official/devlog/981043/menu-review,,2025-07-09
https://capky-games.itch.io/yuri-demon/devlog/981045/new-update-released-chapter-7,,2025-07-09
https://themokujin.itch.io/final-notice/devlog/981046/balancing-a-god-final-notices-bounties-mode,,2025-07-09
https://pixelotstudio.itch.io/at-what-cost/devlog/981047/added-web-support,,2025-07-09
https://itch.io/blog/981048/lol-i-comeback,,2025-07-09
https://f1shly.itch.io/a-eye/devlog/981049/for-fun,,2025-07-09
https://evolutionarygames.itch.io/covert-dragons-co/devlog/981051/covert-dragons-co,,2025-07-09
https://redreeh.itch.io/pixelhearts-16x16/devlog/981052/16x16-health-heart-changes,,2025-07-09
https://ucsc-wildfire-games.itch.io/wildfire-minigames-collection/devlog/981053/the-benefits-of-multiplayer-and-how-to-keep-it-in-scope,,2025-07-09
https://tekkerskillet.itch.io/bonk-game/devlog/981054/13,,2025-07-09
https://lukyaforge.itch.io/ancientforest/devlog/981055/new-free-tiles-dark-ancient-forest,,2025-07-09
https://xetinel.itch.io/sswa/devlog/981056/ssotwa-0162b-release-report,,2025-07-09
https://unauticna.itch.io/deltaruneunauticna/devlog/981057/first-creation,,2025-07-09
https://itch.io/blog/981058/monthly-report-june-2025-midlife-adventure,,2025-07-09
https://therealchaoticshift.itch.io/fight-dice/devlog/981059/fight-dice-10,,2025-07-09
https://acktar.itch.io/chronicles-of-dramarith-1/devlog/981060/patch-v122-short-and-sweet,,2025-07-09
https://silentdawnstudios.itch.io/into-the-screamroom/devlog/981061/into-the-screamroom-demo-now-live-a-horror-game-about-sound-silence-and-paranoia,,2025-07-09
https://darkcomdev.itch.io/trees-and-bushes-pack/devlog/981062/-trees-bushes-pack-now-fully-optimized-for-performance,,2025-07-09
https://pirokaon.itch.io/game/devlog/981063/version-125-patreon,,2025-07-09
https://friendlyllama.itch.io/eightfold-path/devlog/981064/ojo-de-pescado-festival-nomination,,2025-07-09
https://liquid-glass-web.itch.io/liquid-glass-ui-kit-modern-tailwind-components-for-websites-apps/devlog/981065/14-liquid-glass-major-update,,2025-07-09
https://orangehinata.itch.io/ranaeats2/devlog/981066/ranaeats2-update1,,2025-07-09
https://moskitogames.itch.io/thales-runn-demo-1/devlog/981067/atualizao-thales-runn-v12,,2025-07-09
https://elzeefantasy.itch.io/tunnel-escape-fe-09a/devlog/981068/tunnel-escape-fates-entwined-090a-to-091a-update,,2025-07-09
https://iriss-art-lab.itch.io/ip-trpg/devlog/981069/a-1-ver1,,2025-07-09
https://vipnunes.itch.io/planet-click/devlog/981070/version-20,,2025-07-09
https://itch.io/blog/981071/new-music-assets-coming-soon,,2025-07-09
https://r1leyd4rk.itch.io/corrupting-my-girlfriend-in-another-world/devlog/981072/public-release-v126-major-update,,2025-07-09
https://itch.io/blog/981073/nonbinary-game-jam-2025,,2025-07-09
https://lsremix.itch.io/villainous-nights/devlog/981074/v-29,,2025-07-09
https://jam-bell.itch.io/border-control/devlog/981075/border-control-a-new-project-begins,,2025-07-09
https://riccardounity.itch.io/helloworldwebgl/devlog/981076/first-release,,2025-07-09
https://demondeals.itch.io/demon-deals/devlog/981077/v07-release-date,,2025-07-09
https://neurodude64.itch.io/attack-of-the-bacilli/devlog/981078/version-2-of-game-published-attack-of-the-bacilli,,2025-07-09
https://waclawi.itch.io/squars-legacy-version/devlog/981079/weekly-9-30062025-06072025,,2025-07-09
https://yellowguy08.itch.io/better-weeping-angels/devlog/981080/bwa-v20-deep-dive,,2025-07-09
https://maxnoscope101.itch.io/epic-skeeball/devlog/981081/version-130-new-l15-rejoice,,2025-07-09
https://mattwalkden.itch.io/fantasy-battle-pack/devlog/981082/mounted-units-update-live,,2025-07-09
https://jonjin.itch.io/move-away/devlog/981083/move-away-01v,,2025-07-09
https://kurogamedev.itch.io/mi-ni-mi/devlog/981084/just-a-few-updates-gotta-rescue-mrs-kitty-after-all,,2025-07-09
https://meybin.itch.io/veil-of-fate/devlog/981085/android-version-on-hold-fix-coming-soon,,2025-07-09
https://tinysecretgames.itch.io/snapshot/devlog/981086/version-091-is-now-in-vip-pre-release,,2025-07-09
https://capky-games.itch.io/yuri-demon/devlog/981087/yuri-demon-now-available-on-my-other-account,,2025-07-09
https://colindosh.itch.io/farland/devlog/981088/hanaba-sprites-done,,2025-07-09
https://miruji.itch.io/cavevox/devlog/981089/devlog-1-start-of-development,,2025-07-09
https://arthurviana.itch.io/savamption/devlog/981090/update-022-ptbr-language,,2025-07-09
https://rafamaster3.itch.io/flappyman/devlog/981091/gamejam-simple-physics-art-and-animations-made-fun-to-play,,2025-07-09
https://strawbeehouse.itch.io/skip/devlog/981092/update-typos-and-additional-content,,2025-07-09
https://clocktowergames.itch.io/the-hand/devlog/981093/released,,2025-07-09
https://gamolf.itch.io/pumpkin-killer/devlog/981094/pumpkin-killer-v15,,2025-07-09
https://bligusfalantis.itch.io/exo-idle/devlog/981095/summer-qol-update-smarter-ships-ui-upgrades,,2025-07-09
https://pizzawriters.itch.io/text-your-life/devlog/981096/tyl-content-update-chapter-2-day-3,,2025-07-09
https://amadeoxh.itch.io/fillthevoid/devlog/981097/major-update,,2025-07-09
https://andreaadimaa.itch.io/angelicas-chaotic-hardcore-school-remastered/devlog/981098/v141-patch-notes,,2025-07-09
https://marpp.itch.io/nine-lives-left/devlog/981099/leaderboard,,2025-07-09
https://zak-draven.itch.io/shrine-of-embers/devlog/981100/updated-demo,,2025-07-09
https://itch.io/blog/981101/der-weltkrieg-simulator,,2025-07-09
https://piggyz-07.itch.io/fantasy-formula/devlog/981102/weekly-progress-post-7-act-3,,2025-07-09
https://rough-devs.itch.io/lost-in-the-backrooms-day-100/devlog/981103/patch-1,,2025-07-09
https://pvbiizh3r.itch.io/one-night-at-david-3/devlog/981106/release,,2025-07-09
https://gladiatordev.itch.io/gladiator-command/devlog/981108/gladiator-command-patch-notes-build-051,,2025-07-09
https://nicbiondi.itch.io/wisdommineralpha/devlog/981109/first-draft-of-game,,2025-07-09
https://f1shly.itch.io/a-eye/devlog/981110/web-build,,2025-07-09
https://itch.io/blog/981111/games-teen-dev-team,,2025-07-09
https://dosgamer6601.itch.io/half-dragon/devlog/981112/half-dragon-pre-alpha-0113-changelog,,2025-07-09
https://pandora-entertainmentxd.itch.io/harem-kingdoms/devlog/981113/011-disponible-en-patronko-fi-on-patronko-fi,,2025-07-09
https://mikigamer888.itch.io/idz-ucieknij/devlog/981114/120,,2025-07-09
https://markusaw.itch.io/epoch/devlog/981115/status-report-6th-of-july-2025,,2025-07-09
https://toppat99.itch.io/mustard/devlog/981116/happy-67,,2025-07-09
https://strfried.itch.io/5th-cataclysm/devlog/981117/bug-fixes-demo-patch-1115,,2025-07-09
https://itch.io/blog/981118/77-flash-sale-kergs-30-off,,2025-07-09
https://ilovemylifeyoulovemejesus.itch.io/the-voices-led-me/devlog/981119/about-this-game,,2025-07-09
https://itch.io/blog/981120/im-back-to-development,,2025-07-09
https://kol-sop.itch.io/the-boss-that-never-stops/devlog/981122/changes-2-mega-changes,,2025-07-09
https://rough-devs.itch.io/lost-in-the-backrooms-day-100/devlog/981123/demo-launch,,2025-07-09
https://thelazystone.itch.io/post-apocalypse-pixel-art-asset-pack/devlog/981126/ive-added-separate-hands-for-the-main-character,,2025-07-09
https://kodenith.itch.io/slime-chamber/devlog/981127/new-update-soon,,2025-07-09
https://brennennenn.itch.io/crimson-moon-tower/devlog/981128/crimson-moon-tower-devlog3,,2025-07-09
https://darkenvisuals.itch.io/folnewday/devlog/981129/update-7624,,2025-07-09
https://antonbaldi.itch.io/kitiks-basics-remastered/devlog/981130/small-hotfix-111,,2025-07-09
https://mr-devs.itch.io/candy-catch/devlog/981131/catch-the-fun-introducing-candy-catch-a-sweet-arcade-treat,,2025-07-09
https://myobliviousdeveloper.itch.io/mom/devlog/981132/v-01610-public,,2025-07-09
https://tabulaforge.itch.io/chains-on-sand/devlog/981133/chains-on-sand-new-demo-out-our-free-early-access-your-feedback-wanted,,2025-07-09
https://itch.io/blog/981134/join-my-live-interview-july-8th-at-9am-eastern-time,,2025-07-09
https://lonelyknightgames.itch.io/king-td/devlog/981135/visual-overhaul,,2025-07-09
https://marns.itch.io/hotel-california/devlog/981136/heaven-or-hell-out-now,,2025-07-09
https://itch.io/blog/981137/heh-sorry-for-the-long-wait-for-weekly-peek,,2025-07-09
https://jester-07.itch.io/fnia-expanded/devlog/981138/introducing-fnia-salvaged,,2025-07-09
https://luckygoods.itch.io/gohomeforandroid/devlog/981139/new-soundtrack-in-gohomeforandroid,,2025-07-09
https://itch.io/blog/981140/devlog-2-about-the-maze-game-iam-developing,,2025-07-09
https://yuuto-katsuki.itch.io/fniathegoldenage/devlog/981141/fnia-expanded-creator-released-a-new-fnia-novel,,2025-07-09
https://radicalpixel.itch.io/desire-dash/devlog/981143/desire-dash-v0100-devlog-3,,2025-07-09
https://mindusky-support2.itch.io/secret-mind-domination/devlog/981147/secret-mind-domination-free-and-full-version,,2025-07-09
https://itch.io/blog/981148/testt,,2025-07-09
https://moxegames.itch.io/brothel-virgin/devlog/981149/-announcement-im-outsourcing-art-to-speed-things-up,,2025-07-09
https://mr-bad7814.itch.io/golittleman/devlog/981150/130-make-way,,2025-07-09
https://anonymityingrey.itch.io/scan-stats-companion-aggregation-nexus/devlog/981151/scan-102,,2025-07-09
https://vibepaw.itch.io/first-horror-game/devlog/981152/devbuild-040-1,,2025-07-09
https://icanfixthatgames.itch.io/midnight-shifts-with-femboy/devlog/981153/progress-report-sneak-peaks-public-post-from-patreon,,2025-07-09
https://lorshank.itch.io/forethought/devlog/981154/dev-log-6-now-with-visual-appeal,,2025-07-09
https://highgardengames.itch.io/it-always-changes/devlog/981155/post-jam-bug-fix-full-game-now-playable,,2025-07-09
https://ilovemylifeyoulovemejesus.itch.io/the-voices-led-me/devlog/981156/character-development-log-for-rose-donald-sterlings-mother-diana-sterling,,2025-07-09
https://kiwsety.itch.io/zombiesheriffrebirth/devlog/981157/beta-0013,,2025-07-09
https://thebreckters.itch.io/play-as-the-badnik-ooooo/devlog/981158/update-coming-soon,,2025-07-09
https://rdrpenguin.itch.io/hopdot/devlog/981159/version-113-,,2025-07-09
https://thebreckters.itch.io/play-as-the-badnik-ooooo/devlog/981160/hell-is-not-over-yet-little-moto-bug,,2025-07-09
https://threehalves.itch.io/rave/devlog/981161/scrimblos-dank-rave-revision-one-point-one,,2025-07-09
https://chris-videos-greek.itch.io/beer/devlog/981162/v084-final-minor-update,,2025-07-09
https://hkmg.itch.io/html5-sokoban/devlog/981163/devlog-1,,2025-07-09
https://ilovemylifeyoulovemejesus.itch.io/the-voices-led-me/devlog/981164/im-going-to-explain-a-couple-of-things-about-the-story,,2025-07-09
https://average-alien.itch.io/hex-troops/devlog/981165/update-gameplay-hints-visual-improvements,,2025-07-09
https://looshgaming.itch.io/looshbox-arbitrariness/devlog/981166/update,,2025-07-09
https://carmincrypt-studio.itch.io/eeris-hotel-prologue-beta/devlog/981167/characters-profile-eboni,,2025-07-09
https://lacara-games.itch.io/twilight-kingdoms-2e/devlog/981168/playtest-v03-released,,2025-07-09
https://kurogamedev.itch.io/cheesecake-hero/devlog/981169/goudans-task-has-been-made-easier-on-firefox,,2025-07-09
https://bravebengal.itch.io/blood-biter-beatdown-2-teaser-demo/devlog/981171/blood-biter-beatdown-2-teaser-demo-public-release,,2025-07-09
https://aks-productions.itch.io/skyline-drones/devlog/981172/a-third-demo-is-on-its-way-,,2025-07-09
https://artonapilos.itch.io/donkey-kong/devlog/981174/answers-to-a-few-more-questions,,2025-07-09
https://daniele-santana.itch.io/tileset/devlog/981175/starting-new-biome-,,2025-07-09
https://itch.io/blog/981177/new-short-released,,2025-07-09
https://wyldbloom.itch.io/echo-game-playtest/devlog/981178/update-0013-clarity-improvements-and-more,,2025-07-09
https://yjonas83.itch.io/space-clicker/devlog/981180/a-web-version-is-live,,2025-07-09
https://lordofpotatos.itch.io/adventurer-academy-heroes-of-the-new-dawn/devlog/981181/update-173-map-encounter-changesdemo-update,,2025-07-09
https://shark0chie.itch.io/dont-breathe/devlog/981182/dont-breathe-v11-is-live,,2025-07-09
https://gimoraes.itch.io/free-biomes-platform-sprites-pixel-art-16x16/devlog/981183/new-sprites-out,,2025-07-09
https://itch.io/blog/981184/beauty-and-the-beast,,2025-07-09
https://phoebii.itch.io/light-of-the-locked-world/devlog/981185/lotlw-devblog-40-aura-gear,,2025-07-09
https://fymm-game.itch.io/ddp/devlog/981186/fixed-windows-version-you-didnt-bought-the-game-mistake-checking,,2025-07-09
https://ramila.itch.io/crazy-manager/devlog/981187/crazy-manager-micro-demo-ya-disponible,,2025-07-09
https://ff-f.itch.io/oh-so-hero/devlog/981188/oh-so-hero-v103001-bug-fix-build,,2025-07-09
https://carmincrypt-studio.itch.io/eeris-hotel-prologue-beta/devlog/981189/prologue-v2-englishfrancais,,2025-07-09
https://blueswallow.itch.io/blue-swallow/devlog/981190/progress-report,,2025-07-09
https://ade2600.itch.io/super-virtual-joysticks-mobile-input-system-for-unity/devlog/981191/super-virtual-joysticks-pro,,2025-07-09
https://mh-4500.itch.io/button-finding/devlog/981192/version-4-of-bgn-button-finding-mini-game,,2025-07-09
https://itch.io/blog/981193/farm-of-burkar-full-gameplay,,2025-07-09
https://itch.io/blog/981194/half-life-2-mobile-inside-the-citadel-4k-60fps,,2025-07-09
https://dungeonmartian.itch.io/alcatmist/devlog/981195/post-jam-update,,2025-07-09
https://itch.io/blog/981196/im-never-playing-arab-horror-games-lost-in-the-desert,,2025-07-09
https://itch.io/blog/981197/slendrina-asylum-full-gameplay,,2025-07-09
https://rtwarner.itch.io/ditherdown-urp/devlog/981198/vhs-effect,,2025-07-09
https://itch.io/blog/981199/roblox-kankans-kindergarten-full-gameplay,,2025-07-09
https://superkalio.itch.io/thesilentweapon/devlog/981200/2025-updates,,2025-07-09
https://itch.io/blog/981201/slendrina-2d-full-gameplay,,2025-07-09
https://itch.io/blog/981202/poppy-playtime-chapter-2-mobile-full-gameplay,,2025-07-09
https://itch.io/blog/981203/never-letting-my-friends-to-choose-a-roblox-game-lost-in-the-desert,,2025-07-09
https://itch.io/blog/981204/roblox-ursurs-shelter-2-1-1-2-3-4-5-6-full-gameplay,,2025-07-09
https://unirion.itch.io/waifu-elements/devlog/981205/whats-your-gamedev-breakthrough-heres-mine,,2025-07-09
https://itch.io/blog/981206/roblox-playground-of-venven-full-gameplay,,2025-07-09
https://itch.io/blog/981207/roblox-dasiferls-daycare-full-gameplay,,2025-07-09
https://itch.io/blog/981208/roblox-camp-of-korobas-full-gameplay,,2025-07-09
https://itch.io/blog/981209/roblox-panpans-city-full-gameplay,,2025-07-09
https://itch.io/blog/981210/poppy-playtime-chapter-3-mobile-full-gameplay,,2025-07-09
https://hallofpool.itch.io/the-lil-bowlinski/devlog/981211/fixed-performance-issue-on-androidmeta-build,,2025-07-09
https://itch.io/blog/981212/shelter-of-sursur-5-mobile-gameplay,,2025-07-09
https://itch.io/blog/981213/roblox-zonerys-fun-world-2-full-gameplay,,2025-07-09
https://itch.io/blog/981214/roblox-zonerys-fun-world-3-full-gameplay,,2025-07-09
https://itch.io/blog/981215/roblox-abandoned-hall-3-full-gameplay,,2025-07-09
https://itch.io/blog/981216/poppy-playtime-chapter-4-mobile-gameplay-fangame,,2025-07-09
https://vicious-games.itch.io/serious-sam-x-encounter/devlog/981217/serious-sam-x-encounter-is-here,,2025-07-09
https://chirranir.itch.io/wolfen/devlog/981219/a-little-step,,2025-07-09
https://0x00eb.itch.io/tile-map-alchemist/devlog/981220/tile-map-alchemist-is-born,,2025-07-09
https://gamesandwutnot.itch.io/naturemancer/devlog/981221/dirt-spirit,,2025-07-09
https://unusualfish.itch.io/lustfulsin/devlog/981222/lustful-sin-v080-update,,2025-07-09
https://itch.io/blog/981223/my-cozy-void-devlog-11,,2025-07-09
https://shadowportal.itch.io/slutcraft/devlog/981224/-announcement-slutcraft-update-048-,,2025-07-09
https://stargirlwriting.itch.io/jackal-and-helvin/devlog/981225/new-draft-released,,2025-07-09
https://itch.io/blog/981226/rodentpunk,,2025-07-09
https://spellswordstudios.itch.io/adventure-master/devlog/981227/adventure-master-simple-rules-for-hexcrawling,,2025-07-09
https://sylviehelstaff.itch.io/shadows-light/devlog/981228/free-preview-now-available,,2025-07-09
https://drunk-mantis.itch.io/no-right-answer/devlog/981229/launch-thoughts-major-minor-language-bug-fixed-sort-of,,2025-07-09
https://the-cat-productions.itch.io/realms-of-transformation/devlog/981230/its-coming,,2025-07-09
https://clayote.itch.io/lisien/devlog/981231/v0200-android-support,,2025-07-09
https://sylviehelstaff.itch.io/shadow-flame/devlog/981232/read-the-first-three-chapters-for-free,,2025-07-09
https://antijingoist.itch.io/visual-dos-2024-tech-preview/devlog/981233/generate-code-with-codepilot-ai,,2025-07-09
https://ivynivek.itch.io/catjam/devlog/981234/realised-the-page-looks-like-poop-on-itchio,,2025-07-09
https://felixby15.itch.io/supernova-deliveries/devlog/981235/v051-quality-of-life-accessibility-update,,2025-07-09
https://bunzo1241.itch.io/chimps-palace/devlog/981236/update-19,,2025-07-09
https://yaylollerp.itch.io/exploration-log-38b/devlog/981237/scope-creep,,2025-07-09
https://brav0-games.itch.io/forgotten-walls/devlog/981238/dev-log-103,,2025-07-09
https://bomennugget.itch.io/binbows/devlog/981239/18-update,,2025-07-09
https://strawberryseven.itch.io/final-project/devlog/981241/week-6-chad,,2025-07-09
https://emmdie.itch.io/hand-of-hexes/devlog/981243/the-merchant-update,,2025-07-09
https://empoweringarts.itch.io/cosy-2d-animation-and-illustration/devlog/981244/alpha-10-major-update-hsluv-colors-onions-retiming-keyframe-markers-selecttransform,,2025-07-09
https://mike4947.itch.io/bbc-shooter/devlog/981245/devlog-v1032,,2025-07-09
https://balpreets7.itch.io/resume-game/devlog/981246/base-setup,,2025-07-09
https://devaosx.itch.io/dungeon-sweeper-roguelike/devlog/981247/dungeon-sweeper-roguelike-v020,,2025-07-09
https://crimson-demon-official.itch.io/crimson-demon-cube/devlog/981248/well-the-code-file-is-here-and-soon-i-will-not-be-here,,2025-07-09
https://develox.itch.io/shifto/devlog/981250/rule-ui-overhaul,,2025-07-09
https://massivemeltmedia.itch.io/job-application-survival/devlog/981251/jam-launch,,2025-07-09
https://frame-matt.itch.io/monochromatic-postapocaliptic-city/devlog/981252/version-04,,2025-07-09
https://pokedev66.itch.io/smash-bros-ultimate/devlog/981253/added-new-game-modes,,2025-07-09
https://aashay-tg.itch.io/hidden-blocx/devlog/981254/hidden-blocx,,2025-07-09
https://thechazz10.itch.io/my-choice-your-pain/devlog/981255/new-osts,,2025-07-09
https://cupul-miu-04.itch.io/gamer-html-20/devlog/981256/gamer-html-20,,2025-07-09
https://williamobraidislee.itch.io/old-school-essentials-advanced-fantasy-character-record-sheet/devlog/981257/july-6-2025,,2025-07-09
https://baldis-basics-games-demo.itch.io/baldis-basics-rbo-demo/devlog/981258/the-plan-for-baldis-basics-rbo-playtest-in-summer-2025,,2025-07-09
https://hellgnoll.itch.io/original-cardactors/devlog/981259/v121-bugfixes-and-some-more-achievements,,2025-07-09
https://kol-sop.itch.io/the-boss-that-never-stops/devlog/981260/small-changespatch-1,,2025-07-09
https://jellyfishparade.itch.io/belle-automata/devlog/981261/6-july-2025-belle-automata-devlogs-announcement,,2025-07-09
https://itch.io/blog/981262/la-cave-de-bebebeer-2-the-1984s-syntax-error-ready-phobia,,2025-07-09
https://xlyph.itch.io/wet-dreams-spa-pocket/devlog/981263/wet-dreams-spa-pocket,,2025-07-09
https://itch.io/blog/981264/devlog-3-the-maze-runner-demo-is-ready,,2025-07-09
https://harenimations.itch.io/harem-searcher/devlog/981265/harem-searcher-v002,,2025-07-09
https://ash-and-gold.itch.io/iphigenia/devlog/981266/roadmap-into-fall-2025,,2025-07-09
https://itch.io/blog/981267/whispers-in-the-walls-arriving-soon,,2025-07-09
https://itch.io/blog/981268/the-opening-of-the-world-chapter-2-development-update-1,,2025-07-09
https://cmcas-games.itch.io/dungeon-explorers-premium/devlog/981269/dungeon-explorers-v32-premium,,2025-07-09
https://bluefairymediagames.itch.io/the-restoration-of-aphrodisia/devlog/981270/public-update-v01100,,2025-07-09
https://vg-dev.itch.io/roguestacks/devlog/981271/v120,,2025-07-09
https://ykvivid.itch.io/what-i-buried/devlog/981272/released,,2025-07-09
https://st33d.itch.io/sad-god/devlog/981273/v0999995-co-op,,2025-07-09
https://bluefairymediagames.itch.io/patreon-the-restoration-of-aphrodisia/devlog/981274/update-v01100,,2025-07-09
https://nimphradora.itch.io/the-remainder/devlog/981275/post,,2025-07-09
https://puddingsmasher.itch.io/woolyouloveme-alpha/devlog/981276/alpha-007-change-log-20250706,,2025-07-09
https://green-dragonzg7s-games.itch.io/from-the-shadows-demo/devlog/981277/from-the-shadows-demo-pc-v16-and-mobile-v130-update,,2025-07-09
https://itch.io/blog/981278/1000000-clicks,,2025-07-09
https://rt-rt.itch.io/drifters-dont-brake-midnight-demo/devlog/981279/update-d-250706-2,,2025-07-09
https://nyxiafromdemifunction.itch.io/kernel-panic/devlog/981280/adition-of-anti-virus-task,,2025-07-09
https://probane.itch.io/idle-brothel/devlog/981281/ver-02-release,,2025-07-09
https://mh-4500.itch.io/arrow-pressing/devlog/981282/version-5-of-bgn-arrow-pressing-mini-game,,2025-07-09
https://darkmatter1980.itch.io/alien-swarm/devlog/981283/alien-swarm-dev-log-1-launch-day,,2025-07-09
https://grizzlebubs.itch.io/flight-172/devlog/981284/culture-log-01-who-is-grizzlebubs,,2025-07-09
https://itch.io/blog/981285/day-6-platformer-with-levels-lives-persistance,,2025-07-09
https://davidsofer.itch.io/fear-the-unknown-jamie-story/devlog/981286/bug-fix-v113-ladders,,2025-07-09
https://othelarian.itch.io/muffins-cookies/devlog/981287/cest-prt-,,2025-07-09
https://unniex.itch.io/coffee-story/devlog/981288/coffee-story-20250706-its-a-beach-episode,,2025-07-09
https://soutmagik.itch.io/hiki/devlog/981289/more-bug-fixes,,2025-07-09
https://marefair.itch.io/mare-fair-tendie-frenzy/devlog/981290/level-1-fixed,,2025-07-09
https://itch.io/blog/981291/thinking-about-making-a-fps-called-lab-rat,,2025-07-09
https://mell1tech2.itch.io/pix-a-pix/devlog/981292/change-log-5,,2025-07-09
https://coolstudios.itch.io/higherlower/devlog/981293/higher-lower,,2025-07-09
https://lazyrain.itch.io/lets-make-chinese-chili-oil/devlog/981294/alpha-release-v001,,2025-07-09
https://p1nk-ang3l.itch.io/your-hero-jayce-blackwood/devlog/981295/just-a-reminder-of-my-socials-and-upcoming-dlc,,2025-07-09
https://storkstudios.itch.io/figa-legend/devlog/981296/figa-legend-ii-project-now-starting,,2025-07-09
https://sethraeder.itch.io/drgsnz/devlog/981297/maintenance-update,,2025-07-09
https://klodska-sus.itch.io/zondre-education/devlog/981298/new-update-,,2025-07-09
https://grovedevelopment.itch.io/snakebyte/devlog/981299/snakebyte-v104-patch-released,,2025-07-09
https://chadius.itch.io/fell-desert/devlog/981300/version-00045-action-hints,,2025-07-09
https://bennyco.itch.io/life-with-rukia/devlog/981301/update-011-announcement,,2025-07-09
https://darthpackman.itch.io/artfight2025/devlog/981302/character-owner-name,,2025-07-09
https://vadcom.itch.io/sigma5/devlog/981303/meet-viola-second-character-in-game,,2025-07-09
https://groovydad.itch.io/rust-buckets/devlog/981304/the-rusty-game-masters-guide-expansion-in-now-available,,2025-07-09
https://subluminary.itch.io/to-agree-or-disagree/devlog/981305/some-bug-fixes,,2025-07-09
https://vihg.itch.io/lyssaproject/devlog/981306/15-game-update-linux-port,,2025-07-09
https://inthelight.itch.io/realmshapers-reborn/devlog/981307/july-2026-road-map,,2025-07-09
https://slowfeet10.itch.io/coding1-doors/devlog/981308/doors-and-keys,,2025-07-09
https://roseumteam.itch.io/cooking-for-my-revolutionary-friend/devlog/981309/lets-begin,,2025-07-09
https://simonwaddell.itch.io/become-an-animal/devlog/981311/hellgrazer-the-first-official-pnm-adventure-is-currently-in-the-works,,2025-07-09
https://casper-gaming.itch.io/cgmz-skill-shop/devlog/981313/version-121-release-notes,,2025-07-09
https://yasodev.itch.io/one-day/devlog/981314/one-day,,2025-07-09
https://kiratera.itch.io/hot-memories-susan/devlog/981317/new-scenes-for-the-memory-shop,,2025-07-09
https://flowersforjoy.itch.io/rectifier-in-bloom/devlog/981318/stiles-route-is-out-now,,2025-07-09
https://ladcan.itch.io/squad-battle/devlog/981319/squad-battle-alpha-update6-release,,2025-07-09
https://epicface9.itch.io/slendy-2-2014/devlog/981320/11-is-out-today,,2025-07-09
https://itch.io/blog/981321/and-loses,,2025-07-09
https://breakchop.itch.io/spottergame/devlog/981322/an-apple-a-day-keeps-the-doctor-away,,2025-07-09
https://itch.io/blog/981323/starting-to-make-games,,2025-07-09
https://ds23g.itch.io/the-art-of-diplomacyand-love/devlog/981324/the-art-of-diplomacyand-love-version-014,,2025-07-09
https://catchycactus.itch.io/neon-sky-test/devlog/981325/playtest-info,,2025-07-09
https://backterria.itch.io/the-chess/devlog/981326/v12-the-shiny-update,,2025-07-09
https://itch.io/blog/981327/announcing-alludle,,2025-07-09
https://xringurngx.itch.io/restoration-times/devlog/981328/the-game-will-no-longer-be-available,,2025-07-09
https://ian05.itch.io/greater-diplomacy-4/devlog/981329/update-4106,,2025-07-09
https://xinav.itch.io/deltarune-battle-demo/devlog/981331/deltarune-battle-demo-update-1,,2025-07-09
https://mira-games.itch.io/slide-zero/devlog/981332/slide-zero-now-on-android-take-the-puzzle-to-go,,2025-07-09
https://gorial.itch.io/luckygame/devlog/981333/new-move-fixing-up-player-and-enemies,,2025-07-09
https://xinav.itch.io/deltarune-battle-demo/devlog/981335/deltarune-battle-demo-update-2,,2025-07-09
https://itch.io/blog/981336/lfd2-mod-is-actually-insane,,2025-07-09
https://nukejolt.itch.io/crateaxis2/devlog/981337/crate-axis-2-full-release-v-10,,2025-07-09
https://rakeela.itch.io/spaceraptor/devlog/981338/more-ending-fixes,,2025-07-09
https://behnder.itch.io/runan-ritual/devlog/981339/runan-ritual-luego-del-demo,,2025-07-09
https://kaygamez.itch.io/d-bit/devlog/981340/v380,,2025-07-09
https://itch.io/blog/981341/hi,,2025-07-09
https://mkrudesign.itch.io/crimson-veil/devlog/981342/weekly-update-7625,,2025-07-09
https://kaijuultimax.itch.io/thank-you-for-your-application/devlog/981343/13-major-update,,2025-07-09
https://origami-trail.itch.io/silver-and-steel-beta/devlog/981345/version-12-the-first-sidequest,,2025-07-09
https://cr4ftyleaf.itch.io/oscitancy-hollow/devlog/981346/devlog-9,,2025-07-09
https://itch.io/blog/981347/a-casa-da-tia-cancelado,,2025-07-09
https://maple-1.itch.io/andr/devlog/981348/post-11-launch-update,,2025-07-09
https://jimmcnulty41.itch.io/minimini-morning-glory-animated-16x16-plant-tiles/devlog/981349/new-asset-pack-new-flowers,,2025-07-09
https://demiurgical.itch.io/dragons-and-swords-original-title/devlog/981350/free-and-suspicious-demo-just-dropped,,2025-07-09
https://enzopuzzlesolver.itch.io/into-the-shift/devlog/981352/world-1-demo-is-updated,,2025-07-09
https://the-ethofficial.itch.io/scary-chimpz0/devlog/981353/scary-chimpz,,2025-07-09
https://zegamez.itch.io/beauty-and-the-thug/devlog/981354/android-port-and-compressed-versions-for-beauty-and-the-thug-41-are-ready,,2025-07-09
https://kurogamedev.itch.io/blocks-fall-down/devlog/981355/the-blocks-continue-to-fall,,2025-07-09
https://quasideificalpaca.itch.io/legacy-of-aeon/devlog/981356/v09a-release,,2025-07-09
https://fell-hawk.itch.io/fali/devlog/981357/version-120,,2025-07-09
https://letsglitchit.itch.io/bucket-bender/devlog/981358/fixes,,2025-07-09
https://itch.io/blog/981359/new-pool-at-my-patreon-come-decide-on-the-next-story,,2025-07-09
https://rakeela.itch.io/spaceraptor/devlog/981360/hotfix-flurry,,2025-07-09
https://meketiay.itch.io/combeat/devlog/981361/reparacion-de-bugas,,2025-07-09
https://daley-modding.itch.io/elmcreek-public-works-4x/devlog/981362/fixed-missing-collision-on-road-in-westcrossing,,2025-07-09
https://disposable-studios.itch.io/scp-shellshock/devlog/981363/scp-shellshock-devlog-1-the-start,,2025-07-09
https://salmonrun.itch.io/heroes-university-h/devlog/981365/heroes-university-h-update-041-dinnas-super-suit,,2025-07-09
https://jz-pixels.itch.io/vfx-and-effects/devlog/981366/vfx-effects-version-v12,,2025-07-09
https://antonbezett.itch.io/abject-abyss/devlog/981367/patch-notes-024,,2025-07-09
https://shagoli.itch.io/parallel-hybrid/devlog/981368/epub-update-fixes,,2025-07-09
https://narcitheus.itch.io/chamoisee-canvasback-prototype/devlog/981369/chamoisee-canvasbackv-0008game-jam,,2025-07-09
https://sorceressgamelab.itch.io/palins-fate/devlog/981370/new-update-available-now,,2025-07-09
https://aidanbrennan55.itch.io/neontrigger/devlog/981371/neon-trigger-devlog-7-ai-jumping,,2025-07-09
https://wet-floor-games.itch.io/the-haunting/devlog/981372/the-haunting-femboy-ghost-smut-early-look,,2025-07-09
https://abbys-cat.itch.io/my-new-second-chance/devlog/981373/devlog-49-starting-the-development-of-ep27,,2025-07-09
https://dark-rozen.itch.io/the-old-lady-game/devlog/981374/game-design-breakdown-the-old-lady-game,,2025-07-09
https://jazz-boy.itch.io/knock-out-arcade/devlog/981375/hotfix-091-is-live,,2025-07-09
https://moondev64.itch.io/rec/devlog/981376/timeline-estimates-for-version-0300,,2025-07-09
https://nerodesu.itch.io/murk-janitor/devlog/981378/big-changes-to-murk,,2025-07-09
https://aaron58903.itch.io/super-jimmy-reborn/devlog/981379/new-game,,2025-07-09
https://roobidium.itch.io/baffall/devlog/981380/133,,2025-07-09
https://roobidium.itch.io/baffall/devlog/981381/133,,2025-07-09
https://jruizm14.itch.io/dllbaldi/devlog/981382/ill-be-back,,2025-07-09
https://jz-pixels.itch.io/traps-and-props/devlog/981383/traps-props-version-v12,,2025-07-09
https://twig046.itch.io/quietcat/devlog/981384/day-2-more-stuff,,2025-07-09
https://pawsum.itch.io/grogs-quest-3-coths-adventure/devlog/981385/final-version,,2025-07-09
https://twig046.itch.io/quietcat/devlog/981386/day-3-magic,,2025-07-09
https://glenn-main.itch.io/mainly-monsters/devlog/981387/mainly-monsters-wip-01-06,,2025-07-09
https://liquorice10113.itch.io/adastra-gba-port/devlog/981389/update,,2025-07-09
https://doc5252.itch.io/tomboy-supremacy/devlog/981390/boredom,,2025-07-09
https://black-fox-24.itch.io/black-fox/devlog/981391/v04-release-date,,2025-07-09
https://growingthingsup.itch.io/growing-things-up/devlog/981392/gtu-episode-4-part-1-maledom-or-femdom,,2025-07-09
https://arthurviana.itch.io/savamption/devlog/981393/024-shader-and-seek-bugs-update,,2025-07-09
https://letsglitchit.itch.io/hue-bandit/devlog/981394/hue-bandit-is-live,,2025-07-09
https://wayfarertechnologies.itch.io/delta/devlog/981395/delta-core-independence-day-edition,,2025-07-09
https://sliphtrexinc.itch.io/reds-righteous-auto-demoproof-of-concept/devlog/981397/in-browser-update,,2025-07-09
https://taller4.itch.io/recess-rumble-x/devlog/981398/nueva-version-final-de-candela-zarate-del-7725,,2025-07-09
https://ateliermycelia.itch.io/amanita/devlog/981399/saving-flowcharts-variables-and-blocks-oh-my,,2025-07-09
https://tejota.itch.io/collapsi-digital-version/devlog/981401/bugfix-and-logo,,2025-07-09
https://seraphrdm.itch.io/mem-en-v1/devlog/981402/update-10,,2025-07-09
https://itch.io/blog/981403/danganronpa-art-study-last-update-762025,,2025-07-09
https://itch.io/blog/981404/remade-save,,2025-07-09
https://bullhead-studios.itch.io/figureone/devlog/981405/101-update,,2025-07-09
https://allforone124.itch.io/the-fall-of-camelot-the-betrayal-of-guinevere-lancelot/devlog/981406/the-fall-of-camelot-part-1-is-officially-out,,2025-07-09
https://arlathavellan.itch.io/twine-theme-analog/devlog/981407/launch,,2025-07-09
https://jaredlevi.itch.io/nest-bound/devlog/981408/v1,,2025-07-09
https://itch.io/blog/981409/pre-beta-dev-blog-kaya,,2025-07-09
https://padawunx-games.itch.io/little-quest/devlog/981410/little-quest-035-patch-notes,,2025-07-09
https://itch.io/blog/981411/pre-beta-dev-blog-ahmed,,2025-07-09
https://vonfoxie.itch.io/appointedaffliction/devlog/981412/removed-jumping-and-more,,2025-07-09
https://micheekosga.itch.io/idle-reign/devlog/981414/test,,2025-07-09
https://jordynwinter.itch.io/coding1/devlog/981415/doors-and-keys,,2025-07-09
https://itch.io/blog/981416/valley-view-new-web-game,,2025-07-09
https://soygus.itch.io/strategy-tower-defense-starter-kit/devlog/981417/strategy-tower-defense-starter-kit-v11,,2025-07-09
https://trweening.itch.io/script-scrapper/devlog/981418/devlog-7-stylized-environment,,2025-07-09
https://usernamedeveloper913.itch.io/coding-1/devlog/981419/doors-and-keys,,2025-07-09
https://hlashbrooke.itch.io/whiskercliff-cemetery/devlog/981420/now-available-in-russian-and-ukrainian,,2025-07-09
https://mrunkn0wn23.itch.io/aokigahara/devlog/981422/updated-trigger-warnings-chat,,2025-07-09
https://shelter-command.itch.io/shelter-command/devlog/981423/-1,,2025-07-09
https://laertjansen.itch.io/space-jitters/devlog/981424/space-jitters,,2025-07-09
https://kol-sop.itch.io/the-boss-that-never-stops/devlog/981425/v210,,2025-07-09
https://ragebreaker.itch.io/furry-runner/devlog/981426/new-update-v15,,2025-07-09
https://nyapommy.itch.io/wood/devlog/981428/wood-20snap4-b1-was-released,,2025-07-09
https://tekkerskillet.itch.io/bonk-game/devlog/981429/14,,2025-07-09
https://wispu01.itch.io/ct-egaomaze/devlog/981430/well-uhh-that-was-fun-i-guess,,2025-07-09
https://wildquill.itch.io/mydemonicjunglequest/devlog/981431/release-1-for-my-demonic-jungle-quest-is-available-on-patreon,,2025-07-09
https://itch.io/blog/981432/critter-defense-trailer,,2025-07-09
https://itch.io/blog/981433/robot-resources-vn-dev-blog-2,,2025-07-09
https://bdb-project.itch.io/tin-star/devlog/981434/tin-star-updated-to-release-2,,2025-07-09
https://lawsong87.itch.io/coding1/devlog/981435/doors-and-keys,,2025-07-09
https://gaybreast.itch.io/fairy-unfortunate/devlog/981436/added-artbook,,2025-07-09
https://dragondagamedev.itch.io/cozy-fishing/devlog/981437/brand-new-update,,2025-07-09
https://mire-studios.itch.io/cardscrawl-demo/devlog/981438/cardscrawl-rc-11,,2025-07-09
https://fourda.itch.io/four-divine-abidings-full/devlog/981439/active-or-idle,,2025-07-09
https://s1nfu7.itch.io/128px-animation-prototype-humanoid/devlog/981440/updated-page-started-mantle-and-wall-related-animations,,2025-07-09
https://bronzemanstudio.itch.io/the-funnel-private-mac-web-test/devlog/981441/funnel-demo-update-030,,2025-07-09
https://alexandershen.itch.io/dungeon-run-pocket/devlog/981444/new-playthrough-video,,2025-07-09
https://yeldstuff.itch.io/the-magical-land-of-yeld-2nd-edition/devlog/981445/visit-our-discord,,2025-07-09
https://fourandmoreeyes.itch.io/feathertouch-impact/devlog/981448/oh-darling-my-darling,,2025-07-09
https://game-bc.itch.io/orpheus/devlog/981449/devlog04more-powerup,,2025-07-09
https://dinosire.itch.io/cranknight/devlog/981453/mega-upate-v110,,2025-07-09
https://edafo.itch.io/r-g-b-proof-of-concept/devlog/981454/7-6-update,,2025-07-09
https://inocless.itch.io/the-island-of-milfs/devlog/981455/build-017-progress,,2025-07-09
https://luicel.itch.io/platformer-roguelike-prototype/devlog/981456/update-1-general-rewriterestructure,,2025-07-09
https://jesscas.itch.io/path-of-code/devlog/981458/videojuego-para-tesis,,2025-07-09
https://refinedbeargames.itch.io/repel-the-rifts/devlog/981460/v012-small-improvements-and-bug-fixes,,2025-07-09
https://cosmik-koto.itch.io/meet-the-wanderers/devlog/981461/dev-log-1-release,,2025-07-09
https://scribbles-and-dice.itch.io/a-song-for-the-lost/devlog/981462/creature-generator-browser-app,,2025-07-09
https://legion1234.itch.io/myproject/devlog/981463/devlog,,2025-07-09
https://trachscor.itch.io/grief/devlog/981464/disabled-dev-bosshealth,,2025-07-09
https://fnbproductions.itch.io/eden/devlog/981465/chapter-3-release-dates,,2025-07-09
https://itch.io/blog/981466/plastic-in-creative-construct,,2025-07-09
https://epicface9.itch.io/slendertubbies-v2-beta/devlog/981467/beta-v33,,2025-07-09
https://byra-dev.itch.io/linc/devlog/981468/linc-v120-no-more-warping,,2025-07-09
https://itch.io/blog/981469/devlog2-clean-soulspyro-the-start,,2025-07-09
https://elementalpaladin.itch.io/nameless-platformer/devlog/981470/more-minor-things-but-for-the-better,,2025-07-09
https://carol5.itch.io/product-2/devlog/981471/lord-of-all,,2025-07-09
https://rbdinteractive.itch.io/tales-of-tolan-all-tangled-up/devlog/981472/new-trailer-released,,2025-07-09
https://twohotmilfsstudio.itch.io/sleeve-shock/devlog/981473/sleeve-shock-july-update,,2025-07-09
https://dogboxmolly.itch.io/dbm-2048/devlog/981474/its-here-uh-again,,2025-07-09
https://teamgreendev.itch.io/team-greens-war-of-the-worlds/devlog/981475/the-road-ahead,,2025-07-09
https://methodox.itch.io/transcriber/devlog/981476/update-v03,,2025-07-09
https://ashabea.itch.io/terminal-885/devlog/981477/alpha-v12-the-spider-update,,2025-07-09
https://novaverse.itch.io/freaky-dude-horror/devlog/981478/12,,2025-07-09
https://itch.io/blog/981479/ship-down-tv-1,,2025-07-09
https://pinkgooose.itch.io/dream-android/devlog/981480/first-version-013,,2025-07-09
https://itch.io/blog/981481/-glam-jam-spotlight-boy-band-beatdown,,2025-07-09
https://blivi0.itch.io/steady-store/devlog/981482/76-progress-update,,2025-07-09
https://itch.io/blog/981483/-across-the-obelisk-game,,2025-07-09
https://arcforged.itch.io/ultimatesonicsmackdown/devlog/981484/ussd-00100,,2025-07-09
https://kurogamedev.itch.io/candy-capsules/devlog/981485/candy-is-always-a-nice-treat-right,,2025-07-09
https://itch.io/blog/981486/vellum-game,,2025-07-09
https://dead-pixelsz.itch.io/tiny-kingdom/devlog/981487/tiny-kingdom,,2025-07-09
https://ibuprofeng.itch.io/onehand/devlog/981488/devlog-5,,2025-07-09
https://hammerai.itch.io/hammerai-desktop/devlog/981490/version-00220,,2025-07-09
https://itch.io/blog/981491/developing-the-doors-in-vanquisher,,2025-07-09
https://somnusgrey.itch.io/keep-dead-quiet/devlog/981492/layout-less-version-released,,2025-07-09
https://distractionsdaily.itch.io/legacy/devlog/981493/qna-update-still-happening-just-slowly,,2025-07-09
https://itch.io/blog/981494/cash-cleaner-simulator-game,,2025-07-09
https://hammerai.itch.io/hammerai-desktop/devlog/981495/version-00221,,2025-07-09
https://hkmg.itch.io/html5-sokoban/devlog/981496/devlog-2,,2025-07-09
https://itch.io/blog/981497/buttknight-game,,2025-07-09
https://raspberrysoft.itch.io/indecent-wife-hana/devlog/981498/episode-5-added,,2025-07-09
https://nymphotropolis.itch.io/nymphotropolis/devlog/981499/new-location-is-ready,,2025-07-09
https://itch.io/blog/981500/succubus-cafe-game,,2025-07-09
https://baptiste-villain.itch.io/blood-after-dusk/devlog/981501/prototype-version-004-released,,2025-07-09
https://itch.io/blog/981502/my-dream-setup-game,,2025-07-09
https://kotailri.itch.io/apexgeoguesser/devlog/981503/some-fixes,,2025-07-09
https://grimkitty-productions.itch.io/click-it-mimic/devlog/981504/patch-update-111-available-now,,2025-07-09
https://thebreckters.itch.io/play-as-the-badnik-ooooo/devlog/981505/hard-mode-too-easy,,2025-07-09
https://newdron.itch.io/grassman/devlog/981506/grassman-released,,2025-07-09
https://itch.io/blog/981507/idol-hands-2-game,,2025-07-09
https://monriatitans-wgs.itch.io/the-show/devlog/981508/video-announcement,,2025-07-09
https://itch.io/blog/981509/mindseye-game,,2025-07-09
https://lexeatsrocks.itch.io/coding-one/devlog/981510/doors-and-keys,,2025-07-09
https://inkusalters.itch.io/vekari-ttrpg/devlog/981511/physical-copies-available,,2025-07-09
https://desert-coder.itch.io/larrys-adventure-beta/devlog/981512/annoucement,,2025-07-09
https://lyrvx.itch.io/reboot/devlog/981513/full-game-release,,2025-07-09
https://throneshard.itch.io/gemanvil/devlog/981514/update-v0122,,2025-07-09
https://traciekitten.itch.io/birthday-climb/devlog/981515/bday-climb-is-now-playable-in-browser,,2025-07-09
https://mike4947.itch.io/bbc-shooter/devlog/981516/changing-version-format,,2025-07-09
https://the-reading-mindset.itch.io/bookhub/devlog/981517/book-hub,,2025-07-09
https://pixollie.itch.io/skeleton-character-asset-pack/devlog/981518/new-skeleton-added-to-fantasy-asset-pack,,2025-07-09
https://iitz-jager.itch.io/my-pmc-girl-04/devlog/981521/my-pmc-girl-04,,2025-07-09
https://iitz-jager.itch.io/my-pmc-girl-04/devlog/981522/my-pmc-girl-04,,2025-07-09
https://pvbiizh3r.itch.io/god-2/devlog/981523/god-2-is-out,,2025-07-09
https://laikalgagarin.itch.io/cosmonaut/devlog/981524/updated-versions,,2025-07-09
https://laikalgagarin.itch.io/2-cosmonaut-the-lunar-wars/devlog/981526/new-updated-versions,,2025-07-09
https://s1ckh34d.itch.io/wh4t-1-w0uldnt-d0-final/devlog/981527/release-postponed,,2025-07-09
https://laikalgagarin.itch.io/the-cosmonaut-collection/devlog/981528/new-updated-versions,,2025-07-09
https://sirgaaamer.itch.io/immortal/devlog/981529/wusap-status-1,,2025-07-09
https://class-2-2-project.itch.io/travelogues/devlog/981530/travelogues-a-small-update,,2025-07-09
https://gowanusaurusrex.itch.io/we-will-not-go-quietly/devlog/981531/happy-belated-independence-day,,2025-07-09
https://kaungkhant-696.itch.io/havenhand/devlog/981532/havenhand,,2025-07-09
https://midnight-meister.itch.io/bing-bos-treasure-hunt/devlog/981533/switch-fix,,2025-07-09
https://ljdosher.itch.io/space-for-sweets/devlog/981534/a-perfectly-sweet-beta-release,,2025-07-09
https://mike4947.itch.io/bbc-shooter/devlog/981535/update-v1032-is-here,,2025-07-09
https://majanite-studio.itch.io/biaya-pulang/devlog/981536/how-to-play,,2025-07-09
https://ajjushii.itch.io/waifu-unveil-starlight-guardians-edition/devlog/981537/waifu-unveil-is-now-on-android,,2025-07-09
https://itch.io/blog/981538/1000-subscribers-important-news-and-a-gift,,2025-07-09
https://vortexblaze.itch.io/endless-progress-real/devlog/981539/link,,2025-07-09
https://madmatt440.itch.io/edgar-quantum/devlog/981540/the-future,,2025-07-09
https://lumiterra.itch.io/game/devlog/981541/-update-90-dao-votes-browser-launch-creative-sparks-,,2025-07-09
https://azurestudio.itch.io/inlawtemptation/devlog/981543/development-restarted,,2025-07-09
https://iskanime.itch.io/project-virtual-girl/devlog/981544/chit-chat-about-whats-next,,2025-07-09
https://sweetchiel.itch.io/saving-grace/devlog/981545/update-772025,,2025-07-09
https://boltfromthegreen.itch.io/bonapartes-bluff/devlog/981546/v012-update-time-controls,,2025-07-09
https://itch.io/blog/981548/super-mario-rpg-a-timeless-adventure,,2025-07-09
https://expandinguniverse.itch.io/endowed/devlog/981549/endowed-v045-announcement-and-devlog,,2025-07-09
https://tsj9834.itch.io/feed-the-fire/devlog/981550/small-updates-for-gamejam-game,,2025-07-09
https://itch.io/blog/981551/next-proyects-w-,,2025-07-09
https://nyltoons.itch.io/what-lies-within-the-maze/devlog/981552/what-lies-within-the-maze-v01,,2025-07-09
https://takumatoiyama.itch.io/amanogawashuttlerun/devlog/981553/amanogawa-shuttlerun,,2025-07-09
https://skyghost01.itch.io/mutsuro/devlog/981554/new-update-first-devlog,,2025-07-09
https://quandtuniverse.itch.io/beaconing/devlog/981555/week-5-toxic-yuri-vn-jam,,2025-07-09
https://enneadgames.itch.io/helpful-list-d100-knightly-order-names/devlog/981556/helpful-list-d100-knightly-order-names,,2025-07-09
https://itch.io/blog/981558/comic,,2025-07-09
https://seliel-the-shaper.itch.io/hardy-horse/devlog/981559/white-color-update-11,,2025-07-09
https://itch.io/blog/981561/patch-08-is-out,,2025-07-09
https://aleksandr-unconditional.itch.io/multiic/devlog/981562/0504-local-image-generation-stable-diffusion-lora-gemini-25,,2025-07-09
https://artom7736.itch.io/glyndi-remake/devlog/981564/-09-,,2025-07-09
https://marcy4000.itch.io/luigis-picture-poker/devlog/981565/windows-release,,2025-07-09
https://alightgames.itch.io/remnant-of-the-fallen/devlog/981566/minor-fixes-and-some-art-upgrades-for-demo,,2025-07-09
https://losbalhamos.itch.io/wait-for-the-real-name/devlog/981567/attention-please,,2025-07-09
https://smashgamestudios.itch.io/arcade-management-simulator/devlog/981568/arcade-management-simulator-demo-015,,2025-07-09
https://m-x-115.itch.io/hyper-front/devlog/981569/hyper-front-0051,,2025-07-09
https://itch.io/blog/981570/pokemon-lets-go-pikachu-a-fun-easy-pokmon-adventure,,2025-07-09
https://just-chich.itch.io/pizzatowermoremayhem/devlog/981571/devlog-collection-29th-april-05th-july,,2025-07-09
https://rugaut.itch.io/buble-space/devlog/981572/bubble-space,,2025-07-09
https://rk-game-dev.itch.io/tic-tac-toe-mindflip-edition/devlog/981573/tic-tac-toe-mindflip-edition,,2025-07-09
https://theharit.itch.io/poy-polis-of-yellow/devlog/981574/small-update,,2025-07-09
https://itch.io/blog/981575/-make-your-roommate-work-wishlist-the-dlc-and-get-a-spicy-wallpaper-,,2025-07-09
https://beastwoe.itch.io/nexus-rush-pre-alpha-demo/devlog/981576/-nexus-rush-patch-notes-rocket-swarm-deck-special,,2025-07-09
https://gamingcouchcom.itch.io/gc/devlog/981577/were-going-to-gamescom-and-its-thanks-to-you-,,2025-07-09
https://thebreckters.itch.io/play-as-the-badnik-ooooo/devlog/981578/another-update-coming-soon,,2025-07-09
https://hema-ram.itch.io/the-real-battle/devlog/981579/the-real-battle-scorpio-se-jump-wala-action-game-,,2025-07-09
https://roxfreeze.itch.io/the-kim-chitchat-program/devlog/981580/aois-route-with-some-struggles,,2025-07-09
https://asad-develper.itch.io/spin-to-earn/devlog/981581/spin-to-earn,,2025-07-09
https://expansionstudio.itch.io/growththief/devlog/981582/growth-thief-episode-5-fixes,,2025-07-09
https://oldsnake.itch.io/city-of-broken-dreams/devlog/981583/v0144-gym-update-now-free,,2025-07-09
https://ct25gaming.itch.io/codybox-v1/devlog/981584/warning-screen-update,,2025-07-09
https://themysticsword.itch.io/telly-no-vision/devlog/981585/041-patch,,2025-07-09
https://delsinsonfire.itch.io/otchaias-deck/devlog/981586/updates-07072025,,2025-07-09
https://mcfly1981.itch.io/alien-destino-del-nostromo-48k-zx-spectrum/devlog/981587/actualizacion-del-juego-debido-a-error,,2025-07-09
https://drages.itch.io/testament-of-minos/devlog/981588/testament-of-minos-0805-release,,2025-07-09
https://mundethcatxd2.itch.io/the-footaged/devlog/981589/the-footaged-post,,2025-07-09
https://confand.itch.io/sakamoto-days-fan-game/devlog/981590/100-downloads-for-sakamoto-days-we-made-it,,2025-07-09
https://itch.io/blog/981591/hiatus,,2025-07-09
https://epicdanceman.itch.io/alpha-vrs-multiuse-of-dd/devlog/981592/first-prototype-drop,,2025-07-09
https://shaden-xa.itch.io/capcom-vs-snk-echoes-r/devlog/981593/cvseu-version-10-released,,2025-07-09
https://warbriel.itch.io/la-cruzada-deneviana/devlog/981594/final-del-jam-de-librojuegos-en-espaol,,2025-07-09
https://haroldo-ok.itch.io/cvbasic-online-compiler/devlog/981595/v0014-refactor-the-calls-to-the-cvbasic-and-gasm80-tools-into-a-cleaner-implementation,,2025-07-09
https://jellehtea.itch.io/anxiety-pet/devlog/981596/141-patch-notes-screen-resolution-jam-results-future-news,,2025-07-09
https://nyxdwan.itch.io/paramart-project/devlog/981597/curhat-dev-random-thought-buat-paramart,,2025-07-09
https://itch.io/blog/981598/im-done-with-the-main-clayarmmarkson,,2025-07-09
https://empexori.itch.io/operation-havok/devlog/981599/devlog-7072025-update-6-needling-gatling-network,,2025-07-09
https://sallow2.itch.io/chronologic/devlog/981600/v-0161-performance-fix,,2025-07-09
https://guaqgames.itch.io/bungjinus-the-farmer/devlog/981601/dev9update,,2025-07-09
https://harevision.itch.io/boxed-cancelled-build/devlog/981602/patch-v101-is-out-now,,2025-07-09
https://shadycornergames.itch.io/shady-lewd-kart/devlog/981603/the-weekly-roundup-7725-galaxy-gooning,,2025-07-09
https://brav0-games.itch.io/forgotten-walls/devlog/981604/dev-log-104,,2025-07-09
https://joe-real-0.itch.io/phantom-cube/devlog/981605/v11-update,,2025-07-09
https://the-shaft.itch.io/shy-guy-goes-to-tesco-first-build/devlog/981606/im-working-on-this-shit-again,,2025-07-09
https://bleuraven.itch.io/macromicrovrservice/devlog/981607/next-update-renamed-to-046-and-versioning-updates,,2025-07-09
https://triplebaran.itch.io/warios-survival/devlog/981609/new-change-to-12,,2025-07-09
https://marii9.itch.io/car-simulator/devlog/981610/car-simulator,,2025-07-09
https://attomake.itch.io/a-demo/devlog/981611/20250707-update,,2025-07-09
https://sunrisecity.itch.io/sunrise-city/devlog/981612/sunrise-city-swimsuit-contest-2025-match-1,,2025-07-09
https://coochewgames.itch.io/dungeoneering/devlog/981613/dungeoneering-update-to-v11,,2025-07-09
https://ciorbyn.itch.io/evolution-drive/devlog/981614/city-track-map,,2025-07-09
https://synstoria.itch.io/imperial-grace/devlog/981615/new-demo-is-here,,2025-07-09
https://dogwalkergames.itch.io/price-of-desires/devlog/981616/ep2-new-beginnings-release-schedule,,2025-07-09
https://maguro157.itch.io/sprunki-1996-ocs-free-sprunki-game/devlog/981617/v321-update,,2025-07-09
https://echtrae-games.itch.io/pooka-pandemonium/devlog/981618/v105-update,,2025-07-09
https://makoteam.itch.io/frogonomicon/devlog/981620/post-jam-fixes,,2025-07-09
https://itch.io/blog/981621/blog-on-itch,,2025-07-09
https://weirdworld.itch.io/superhuman/devlog/981622/version-09999b-is-out,,2025-07-09
https://ranitaya-studios.itch.io/ranitayas-massive-dungeon-pack/devlog/981623/daily-update-42-customizable-dialogue-text-boxes,,2025-07-09
https://iamreferredtoassteven.itch.io/nothing-worth-playing/devlog/981624/nthing,,2025-07-09
https://retektorstudios.itch.io/gravitas/devlog/981625/game-release,,2025-07-09
https://twoandahalfstudios.itch.io/a-date-with-death/devlog/981626/new-casper-plushie-available-now,,2025-07-09
https://athryell.itch.io/after-the-virus-digital-demo/devlog/981627/after-the-virus-v510-keep-an-eye-on-the-zombies,,2025-07-09
https://twoandahalfstudios.itch.io/beyond-the-bet-dlc/devlog/981628/new-casper-plushie-available-now,,2025-07-09
https://ap-cartography.itch.io/the-wandering-library/devlog/981629/expanded-edition-in-progress,,2025-07-09
https://yrmont.itch.io/tales-of-arcrath-genesis/devlog/981630/tales-of-arcrath-102,,2025-07-09
https://itch.io/blog/981632/and-its-good-news,,2025-07-09
https://improvmonster.itch.io/witchever/devlog/981633/updated-serial-number,,2025-07-09
https://ulith-dev.itch.io/ntl/devlog/981634/public-release-v05,,2025-07-09
https://trueclash-games.itch.io/trueclash-games/devlog/981635/-celebrating-the-patreon-release-of-update-02-join-our-instagram-qa,,2025-07-09
https://rachfitz.itch.io/ypd/devlog/981636/v119-hotfix,,2025-07-09
https://griffonrex.itch.io/daggerworld/devlog/981637/ver-13-update,,2025-07-09
https://cagibi.itch.io/warhead-stroll/devlog/981638/warhead-stroll-quits-the-play-store-android-version-back-here,,2025-07-09
https://bluetail7.itch.io/cee-ann-copycat/devlog/981641/android-demo-6759,,2025-07-09
https://throneshard.itch.io/gemanvil/devlog/981642/update-v0125,,2025-07-09
https://fell-hawk.itch.io/fali/devlog/981643/hotfix-121-web-only,,2025-07-09
https://yjonas83.itch.io/space-clicker/devlog/981644/new-graphics-and-music,,2025-07-09
https://nymphvalley.itch.io/hot-nymph-brothel/devlog/981645/artwork-updating,,2025-07-09
https://avenueq.itch.io/yo-yo-oh/devlog/981646/baf-postmortem-the-thread-that-binds-us,,2025-07-09
https://hornblase.itch.io/tourist-tap-alpha-access/devlog/981647/html5-version-save-structure-modified,,2025-07-09
https://onlygoodgames.itch.io/dimension-furry-dating-simulator/devlog/981648/dimension-furry-dating-simulator-005,,2025-07-09
https://sanghendrix.itch.io/rpg-maker-action-combat-rpg-maker-mz-plugin/devlog/981649/video-tutorial-create-enemy-ranged-attack-and-enemy-projectiles,,2025-07-09
https://dekaytainment.itch.io/leyline-chronicles/devlog/981651/v109,,2025-07-09
https://exe-boi.itch.io/ulight-game-engine-relise-10/devlog/981652/-,,2025-07-09
https://ahmetpc.itch.io/endless-tower-defence/devlog/981654/endless-tower-defence,,2025-07-09
https://end433.itch.io/politlife/devlog/981655/politlife-v13-patch-1-is-out,,2025-07-09
https://zwolf212.itch.io/beer-pressure/devlog/981656/hgdc-build-available,,2025-07-09
https://cursed-gamers.itch.io/the-oathbind/devlog/981657/bug-fixes,,2025-07-09
https://mundethcatxd2.itch.io/the-footaged/devlog/981658/demo-2-out,,2025-07-09
https://64bitsanimation.itch.io/squid-game-boy/devlog/981659/update-on-the-bridge-minigame,,2025-07-09
https://tplaygames.itch.io/tplay/devlog/981660/-tplay-v1-is-here-major-redesign-apk-download,,2025-07-09
https://fafomartian.itch.io/job-hunt/devlog/981661/random-bull-go-,,2025-07-09
https://argue-with-sheep.itch.io/coin-devotee/devlog/981662/400-description-revamp,,2025-07-09
https://maguedros.itch.io/beta-plataformas-en-desarrollo/devlog/981663/tweaks-to-the-movement,,2025-07-09
https://9npotato.itch.io/e9uations-demo/devlog/981664/v022-update,,2025-07-09
https://itch.io/blog/981665/sinfest-bundle,,2025-07-09
https://fernandofeltrin.itch.io/blackened-path/devlog/981666/0988,,2025-07-09
https://cattymations.itch.io/7-days-to-escape/devlog/981667/trains-quests-new-areas-and-more,,2025-07-09
https://itch.io/blog/981668/tome-of-endless-romance-2-is-live-now-,,2025-07-09
https://blackwhitegreyteaparty.itch.io/ideserveit/devlog/981669/post,,2025-07-09
https://niinko.itch.io/stuck-in-my-game/devlog/981670/051-bug-fix-release,,2025-07-09
https://pareal-games.itch.io/ruckus-3d/devlog/981671/ive-added-cute-little-item-descriptions-when-youre-in-the-inventory-3,,2025-07-09
https://itch.io/blog/981672/the-cockpit-update-14-warning-nsfw,,2025-07-09
https://mrpinw.itch.io/abyssknight/devlog/981673/v123,,2025-07-09
https://ithiro.itch.io/devil-spire/devlog/981674/devil-spire-falls-aka-devil-spire-2-is-out-now,,2025-07-09
https://manonamora.itch.io/machina-caerulea/devlog/981675/summer-of-translations-franaisnederlands,,2025-07-09
https://ithiro.itch.io/devil-spire-2-prototype/devlog/981676/devil-spire-falls-out-now,,2025-07-09
https://ladinocuspidor.itch.io/space-hunters/devlog/981679/first-version-d,,2025-07-09
https://esbi.itch.io/words-left-unsaid/devlog/981680/1-year-of-words-left-unsaid-browser-version-ost-release,,2025-07-09
https://itch.io/blog/981681/drobobot,,2025-07-09
https://royaston.itch.io/500-2000/devlog/981682/improvements-fixes,,2025-07-09
https://gabrielwessling.itch.io/the-wormhole/devlog/981684/maps-world-and-scenes,,2025-07-09
https://kirishimashoichi.itch.io/stretch-en/devlog/981685/who-are-these-stretch-club-members-anyway,,2025-07-09
https://sage-ice-cream.itch.io/cuberoller/devlog/981686/patch-001-released,,2025-07-09
https://itch.io/blog/981689/persephone-effect-cover-reveal,,2025-07-09
https://draymadev.itch.io/iridescent-beta/devlog/981693/update-7-7-2025,,2025-07-09
https://yarheeguy.itch.io/project-smile/devlog/981695/holding-cell-devlog-inventory-2,,2025-07-09
https://itch.io/blog/981698/scpace-cliker,,2025-07-09
https://mosgrom.itch.io/taxinaut/devlog/981700/taxinaut-road-to-v10,,2025-07-09
https://huf0001.itch.io/custom-yu-gi-oh-cards/devlog/981701/new-custom-cards-des-slime-and-assistant-magician,,2025-07-09
https://itch.io/blog/981702/the-summersale-is-here,,2025-07-09
https://nether3755.itch.io/backtothetop/devlog/981703/alpha-10,,2025-07-09
https://darkcomdev.itch.io/lp-concrete-planters/devlog/981704/-lp-concrete-planters-asset-pack-release-,,2025-07-09
https://worsteventgames.itch.io/do-you-have-a-moment-to-talk-about-our-lord-and-savior/devlog/981705/changelog-version-107,,2025-07-09
https://judor-ablaridis.itch.io/des-tensions-provisoires/devlog/981706/-nouvelle-mise-jour-jouez-en-ligne-en-solo-directement-dans-votre-navigateur-,,2025-07-09
https://r123-stars-stars.itch.io/dodgetheblocks/devlog/981707/dodge-the-blocks,,2025-07-09
https://asaltaelrol.itch.io/mamporreros-sobrenaturales/devlog/981708/ficha-mamporrera,,2025-07-09
https://prikol-kot.itch.io/british-wonderland/devlog/981709/developer-diary-entry-1,,2025-07-09
https://darkcomdev.itch.io/warehouse-props/devlog/981710/-warehouse-props-35-low-poly-3d-models-now-available-,,2025-07-09
https://fmgenjoyer.itch.io/a-time-of-change/devlog/981711/20-update,,2025-07-09
https://theapollogaming.itch.io/whats-in-the-box/devlog/981712/created-a-html-and-added-screenshots,,2025-07-09
https://itch.io/blog/981713/-mergulhe-no-inesperado-com-dave-the-diver-,,2025-07-09
https://questfactory.itch.io/fruits-of-eden/devlog/981714/devlog-1-potions-and-new-characters,,2025-07-09
https://levikornelsen.itch.io/manyfold/devlog/981715/manyfold-2025,,2025-07-09
https://beastwoe.itch.io/nexus-rush-pre-alpha-demo/devlog/981716/-nexus-rush-patch-notes-the-sick-beats-edition,,2025-07-09
https://theapollogaming.itch.io/wizard-quest/devlog/981717/update-soon,,2025-07-09
https://ncdm.itch.io/quell/devlog/981718/-android,,2025-07-09
https://slowseer.itch.io/midnight-t-rex/devlog/981719/build-110-tech-update-,,2025-07-09
https://pearlnsfw.itch.io/animatronic-lust/devlog/981720/new-update-08072025,,2025-07-09
https://wiijii.itch.io/nts-im-sim/devlog/981721/010-released-on-patreon,,2025-07-09
https://seamus-conneely.itch.io/a-stern-chase-is-a-long-chase/devlog/981722/breathless-jam-2-upgrade-complete,,2025-07-09
https://rusty-craft.itch.io/midnight-racers/devlog/981723/update,,2025-07-09
https://itch.io/blog/981724/new-game-coming-soon,,2025-07-09
https://darkcomdev.itch.io/urban-scenery-accessories-kit/devlog/981725/-urban-scenery-accessories-kit-construction-signage-props-are-here-,,2025-07-09
https://anubis573.itch.io/knockouthavoc/devlog/981726/update-v240-ready-to-go,,2025-07-09
https://itch.io/blog/981727/v-lover-game-free-download,,2025-07-09
https://solitaryscribbles.itch.io/chub-chomp-chill/devlog/981728/feedback-form-please-fill-out,,2025-07-09
https://itch.io/blog/981729/zak-and-danica-are-getting-closer,,2025-07-09
https://yurale.itch.io/tgemblem/devlog/981730/final-chapter-fixes-v110,,2025-07-09
https://ottoojala.itch.io/autopeli/devlog/981731/v-102-difficulty-options,,2025-07-09
https://katalystkaleb.itch.io/lyra-forge/devlog/981732/wall-jumps-and-slides,,2025-07-09
https://dead-pixelsz.itch.io/tiny-kingdom/devlog/981733/new-npc-queen,,2025-07-09
https://borzoa-studio.itch.io/house-of-taboo/devlog/981734/we-rebuilt-everything-for-you-,,2025-07-09
https://demon-alter-studios.itch.io/lustful-apocalypse/devlog/981735/-lustful-apocalypse-update-0815-the-passion-patch-,,2025-07-09
https://ariigames.itch.io/cathy-and-the-crow/devlog/981736/whats-the-animation-progress-at,,2025-07-09
https://flaminglemon.itch.io/heartstop-tour/devlog/981737/riku-route-release-10k-plays-,,2025-07-09
https://rherc.itch.io/jncz/devlog/981738/pdf-launch,,2025-07-09
https://sumiruku.itch.io/suguri-paired-memories/devlog/981739/031a-release,,2025-07-09
https://ratweeb.itch.io/elderash/devlog/981740/relic-update,,2025-07-09
https://kallemauer.itch.io/raumwald/devlog/981741/user-change,,2025-07-09
https://peppino-xd-gaming.itch.io/1st-prize-revenge/devlog/981742/update,,2025-07-09
https://transformae.itch.io/alices-adventures-in-transformation-wonderland/devlog/981743/chapter-one-releasing-in-early-access-release-date-announcement-demo-update,,2025-07-09
https://arkive-games.itch.io/revenges-resilience/devlog/981744/chapter-2-part-3-preview,,2025-07-09
https://mundethcatxd2.itch.io/the-footaged/devlog/981745/demo-3-out,,2025-07-09
https://mdqp.itch.io/caliross/devlog/981746/bouncing-booty-boost,,2025-07-09
https://zincik.itch.io/zerozeta/devlog/981747/ui-overhaul-vfx-overhaul,,2025-07-09
https://itch.io/blog/981748/paradise-beach-simulator-free-download,,2025-07-09
https://kepx.itch.io/pixel-houses-rpg-top-down-pixel-art-asset-pack-16x16/devlog/981749/4-minor-update-new-house-added-,,2025-07-09
https://nekyiarpg.itch.io/taishan/devlog/981750/tramas,,2025-07-09
https://immaturegoat.itch.io/wikineedia/devlog/981751/v042-release-today,,2025-07-09
https://akrolpative.itch.io/physiological-monitor-simulator/devlog/981752/bug-fixes,,2025-07-09
https://rottenraccoons.itch.io/obscura/devlog/981753/oleander-chapter-two-is-out,,2025-07-09
https://itsbaileyx3525.itch.io/clickymmo/devlog/981754/big-update,,2025-07-09
https://alcyone-legends.itch.io/ilias-alcyone-legends/devlog/981755/check-out-boobie-a-sandbox-sci-fi-dating-game-by-lascavia-studio,,2025-07-09
https://dogwalkergames.itch.io/price-of-desires/devlog/981756/price-of-desires-ep-2-new-beginnings-is-out,,2025-07-09
https://redm0nkeystudio.itch.io/funny-bones/devlog/981757/demo-v15,,2025-07-09
https://luckysandbox.itch.io/virt3d/devlog/981758/added-7-new-poses-for-malefemale,,2025-07-09
https://itch.io/blog/981759/chapter-3-progress,,2025-07-09
https://linuz.itch.io/eldritchinstinct/devlog/981760/now-available-as-print-on-demand,,2025-07-09
https://ticuto.itch.io/ticuto/devlog/981761/build-1134-2025-07-05-alpha,,2025-07-09
https://esbionarshadow.itch.io/mondian-protective-aggregate-license/devlog/981762/update-,,2025-07-09
https://scarypumpkin.itch.io/demoncurse/devlog/981763/dc-051public,,2025-07-09
https://darkmoon-blade.itch.io/shattered-blade-alpha-pre/devlog/981764/official-trailer-store-page-updated,,2025-07-09
https://pvbiizh3r.itch.io/one-night-at-david-4/devlog/981765/one-night-at-david-4-is-out,,2025-07-09
https://shadowband.itch.io/dinogore/devlog/981766/dinogore-download-the-game,,2025-07-09
https://themokujin.itch.io/final-notice/devlog/981767/voodoo-bosses-now-available-final-notice-v043,,2025-07-09
https://amos11scratch.itch.io/3-d-shape-container-generator-web/devlog/981768/update,,2025-07-09
https://shadowband.itch.io/astocreep-invasion-3d/devlog/981769/play-my-latest-release-dinogore-today,,2025-07-09
https://shadowband.itch.io/stewie-kills-the-griffins-family-guy/devlog/981770/play-my-latest-release-dinogore-today,,2025-07-09
https://itch.io/blog/981771/how-to-get-commissioned-as-a-music-producer-for-videogames-i-am-an-experienced-musician,,2025-07-09
https://darkcomdev.itch.io/high-quality-trees-for-vr/devlog/981772/-high-quality-trees-for-vr-nature-pack-released-,,2025-07-09
https://atelier57.itch.io/dixit-dominus/devlog/981775/prelude-v0110,,2025-07-09
https://jean-heon.itch.io/picola-anatis-jr-paint/devlog/981776/tutorialhow-to-erase-all-data-in-picola-anatis-jr-paint,,2025-07-09
https://jean-heon.itch.io/picola-anatis-jr-paint/devlog/981778/-,,2025-07-09
https://inkusalters.itch.io/poltersprite/devlog/981780/poltersprite-cartridges-are-here,,2025-07-09
https://goblin-games-fr.itch.io/navy-island-confidential/devlog/981781/the-idea-behind-the-project,,2025-07-09
https://itch.io/blog/981782/sneak-peak-for-next-update,,2025-07-09
https://sei-ren.itch.io/margarets-sin/devlog/981783/our-game-is-now-available-on-dlsite,,2025-07-09
https://itch.io/blog/981784/srunki-is-frozen,,2025-07-09
https://gunesustunalp.itch.io/fantasy-grand-strategy/devlog/981785/update-015-basic-ai,,2025-07-09
https://sharp-set.itch.io/jupiter-jackpot-casino/devlog/981786/last-day-for-founding-sale,,2025-07-09
https://thebreckters.itch.io/play-as-the-badnik-ooooo/devlog/981787/small-update,,2025-07-09
https://sayorii430.itch.io/lab-rats/devlog/981788/sneak-peakon-full-game,,2025-07-09
https://brennennenn.itch.io/crimson-moon-tower/devlog/981789/crimson-moon-tower-playable-in-browsers,,2025-07-09
https://danieltelesost.itch.io/8-bits-horror/devlog/981790/new-tracks-incoming,,2025-07-09
https://alexandershen.itch.io/deep-sea-adventure/devlog/981791/dungeon-run-pocket,,2025-07-09
https://alexandershen.itch.io/mcd-02-just-a-dungeon/devlog/981793/dungeon-run-pocket,,2025-07-09
https://iron8gameworks.itch.io/bloodlock/devlog/981794/bloodlock-playtest-rules-update,,2025-07-09
https://bragekh.itch.io/bunker-73/devlog/981795/bunker-73-hotfix-102,,2025-07-09
https://moselysoftware.itch.io/yellowdemon/devlog/981796/new-gameplay-trailer-and-screenshots-added,,2025-07-09
https://itch.io/blog/981797/a-new-nightmare-brews,,2025-07-09
https://boiledgoosegames.itch.io/hellbent-demo/devlog/981799/hellbent-1st-demo-out,,2025-07-09
https://kurai7.itch.io/rpg-icons-pack-by-kuri/devlog/981801/version-12,,2025-07-09
https://aliceproject.itch.io/run-chew-run/devlog/981802/notice-of-change-of-staffs,,2025-07-09
https://trivialknot.itch.io/moon-garden-optimizer/devlog/981803/expansion-aspirations,,2025-07-09
https://aliceproject.itch.io/run-chew-run/devlog/981804/recent-works-in-progress,,2025-07-09
https://whykay.itch.io/python-zine-fanzine/devlog/981805/downloadable-pdf,,2025-07-09
https://smnthgn.itch.io/edge-case/devlog/981806/devlog-8-the-tech-behind-the-terminal,,2025-07-09
https://itch.io/blog/981808/finally-the-save-function-has-been-implemented,,2025-07-09
https://itch.io/blog/981809/the-fall-of-camelot-part-i-lancelot-guinevere,,2025-07-09
https://daviddelapuente.itch.io/memorium/devlog/981810/memorium,,2025-07-09
https://spacefoon.itch.io/fugs-multitrack-audio-rmmv/devlog/981811/more-features-coming-soon,,2025-07-09
https://croakanddagger.itch.io/wurm/devlog/981812/added-print-and-play-loot-and-battle-board-pdfs,,2025-07-09
https://larkylabs.itch.io/paper-masks/devlog/981813/chapter-2,,2025-07-09
https://ericwaack.itch.io/lethal-ape/devlog/981814/lethal-ape-release-game-by-stella,,2025-07-09
https://lovebytegames.itch.io/strip-quest-alpha-v1/devlog/981815/new-11-alpha-update,,2025-07-09
https://itch.io/blog/981816/dirtyleague-devil-may-care,,2025-07-09
https://stickrpg.itch.io/phvh/devlog/981817/v016-client-prediction-error-fixing-and-more,,2025-07-09
https://the-pink-penguin.itch.io/ascension-ii-arcane-prodigy/devlog/981820/version-060-public-release,,2025-07-09
https://nether3755.itch.io/backtothetop/devlog/981821/alpha-11,,2025-07-09
https://gbgamesllc.itch.io/clown-alley-creator/devlog/981822/freshly-squeezed-progress-report-the-other-90-of-the-work,,2025-07-09
https://flamegamess.itch.io/redm-chapters-new-orleans-episode-i-english-zx-spectrum-3/devlog/981823/new-version-111-released,,2025-07-09
https://hornblase.itch.io/scarlet-simulator/devlog/981824/big-update-scarlet-simulator-19,,2025-07-09
https://siris-pendrake.itch.io/project-silverfish/devlog/981825/beta-016,,2025-07-09
https://alenar-soft.itch.io/aether-singularity-demo/devlog/981826/demo-27-daemon-update,,2025-07-09
https://kurogamedev.itch.io/little-muncher/devlog/981827/the-early-worm-who-gets-the-star-gets-points,,2025-07-09
https://twistedmoony.itch.io/lost-bound/devlog/981828/moonday-update-07-07-2025,,2025-07-09
https://killahseven.itch.io/my-new-family/devlog/981829/progress-update-07072025,,2025-07-09
https://fallencranberrystudio.itch.io/koibito-no-nazo-prologue/devlog/981830/june-updates,,2025-07-09
https://arcadebadgers.itch.io/snake-a-roid/devlog/981831/20-is-coming-soon,,2025-07-09
https://leafygames.itch.io/fleet/devlog/981832/fleet-playtest-2-out-now,,2025-07-09
https://rottencone83.itch.io/juicerecipe-unity-feedback-effects-toolkit/devlog/981833/juicerecipe-launch-add-game-feel-without-the-overhead,,2025-07-09
https://jiqo.itch.io/the-speed-of-space/devlog/981834/devblog-2-the-speed-of-space,,2025-07-09
https://dskat.itch.io/semidiaric/devlog/981836/v020-now-out-mobile-support-and-more,,2025-07-09
https://kurogamedev.itch.io/super-mini-jumper/devlog/981837/the-neverending-fixes-for-the-neverending-dino,,2025-07-09
https://dragonite.itch.io/gmbenchmark/devlog/981839/added-lines-for-5-margins-on-the-graph,,2025-07-09
https://deathdieclub.itch.io/riftwalkers/devlog/981840/actual-play-warp-rayders-parte-2,,2025-07-09
https://triplebaran.itch.io/five-nights-at-warios-origins-baran-edition/devlog/981841/demo-2,,2025-07-09
https://desgames.itch.io/zomb-battlegrounds/devlog/981842/zomb-battlegrounds-supporter-edition-is-now-free,,2025-07-09
https://thermo-entertainment.itch.io/totmer/devlog/981843/totmer-dev-here,,2025-07-09
https://maiu-online.itch.io/maiu-online/devlog/981844/browser-3d-mmorpg-maiu-online-9-upcomming-public-alpha-tests,,2025-07-09
https://heartsyncproductions.itch.io/the-properties-of-iron/devlog/981846/choose-your-fighter-a-post-mortem,,2025-07-09
https://unidaystudio.itch.io/cave-engine/devlog/981847/its-summer-sale-time,,2025-07-09
https://mundethcatxd2.itch.io/the-footaged/devlog/981848/video-gameplay,,2025-07-09
https://mh-farms-modding-mapping.itch.io/mh-farms-reshade/devlog/981849/here-is-my-reshade,,2025-07-09
https://crimium.itch.io/true-intentions/devlog/981850/new-version-ver-101a-bugfixing-and-balancing,,2025-07-09
https://crimsonparse.itch.io/posthumanclicker/devlog/981852/new,,2025-07-09
https://adjective-noun.itch.io/basic-pixel-silhouette-icons/devlog/981853/basic-pixel-silhouette-icons-v2,,2025-07-09
https://penguinfp.itch.io/code-clicker/devlog/981854/006,,2025-07-09
https://itch.io/blog/981855/hola,,2025-07-09
https://1d105.itch.io/solitary-defilement/devlog/981856/77-community-copies-plus-painflail-quest,,2025-07-09
https://itch.io/blog/981857/scanned-textures-terms-update,,2025-07-09
https://timboe.itch.io/factory-farming/devlog/981858/firmware-275-compatibility-release-ff-v18,,2025-07-09
https://dacode135s.itch.io/cts/devlog/981859/changed-direction-of-the-game,,2025-07-09
https://dacode135s.itch.io/cts/devlog/981860/changed-direction-of-the-game,,2025-07-09
https://vine-moss-games.itch.io/seconds-between-summer/devlog/981861/seconds-between-summer-retrospective,,2025-07-09
https://nekyiarpg.itch.io/taishan/devlog/981862/ficha-de-personagem,,2025-07-09
https://timboe.itch.io/you-cannot-go-back/devlog/981863/firmware-275-compatibility-release-v21i,,2025-07-09
https://agentsmith200.itch.io/scream-forever/devlog/981864/post-jam-updates,,2025-07-09
https://hexedpress.itch.io/do-anything-d6/devlog/981865/the-online-rules-repository-is-live,,2025-07-09
https://itch.io/blog/981866/i-wont-hide-from-you-anymore-,,2025-07-09
https://itch.io/blog/981868/2-game-page-are-design-now,,2025-07-09
https://manifoldstudios.itch.io/shepherds-of-haven-public-demo/devlog/981869/new-public-demo-release-devlog,,2025-07-09
https://ucsc-wildfire-games.itch.io/wildfire-minigames-collection/devlog/981870/launching-a-game-for-impact-the-challenges-without-a-marketing-budget,,2025-07-09
https://neonvisions.itch.io/dral-deadlylife/devlog/981871/release-date-,,2025-07-09
https://ebihime.itch.io/emmeline/devlog/981872/ukrainian-translation-added,,2025-07-09
https://itch.io/blog/981873/how-to-pronounce-catel-albastru-joc-video,,2025-07-09
https://studiosriba.itch.io/kurt-cobalto/devlog/981874/version-11,,2025-07-09
https://winlu.itch.io/winlus-cyberpunk-tileset-1-interior/devlog/981875/remaster-version-update,,2025-07-09
https://chronomaza.itch.io/kaivasita-fated-souls/devlog/981876/less-awkwardness-and-hopefully-for-the-last-time,,2025-07-09
https://toneedgames.itch.io/esrialylaspiramides/devlog/981877/esrial-v020-bug-fixes-and-new-levels,,2025-07-09
https://isometric8.itch.io/sprite-sheet-slicer/devlog/981878/bug-fix-layout-issue-with-hyperlink,,2025-07-09
https://tobedefined.itch.io/bladdertelemetryapp/devlog/981879/019-edit-bladder-capacity,,2025-07-09
https://fat-snail-games.itch.io/boris-vampire-slayer/devlog/981880/2-months-with-boris-vampire-slayer,,2025-07-09
https://therealfloridaman.itch.io/not-gd/devlog/981881/an-entire-year-of-sprinting,,2025-07-09
https://gabrielwessling.itch.io/the-wormhole/devlog/981883/modal-system,,2025-07-09
https://jetamp.itch.io/hell-builder/devlog/981884/my-latest-game-hell-builder,,2025-07-09
https://divverent.itch.io/aaaaxy/devlog/981885/release-v16252,,2025-07-09
https://rodwan.itch.io/formation/devlog/981886/animations-rework-greek-citizen,,2025-07-09
https://iitz-jager.itch.io/my-pmc-girl-04/devlog/981887/fix-041,,2025-07-09
https://raou.itch.io/desert/devlog/981888/added-new-house-tiles,,2025-07-09
https://skinboydeerskirt.itch.io/save-state-error-testing/devlog/981889/05-content-update,,2025-07-09
https://debatingpanda.itch.io/between-humanity/devlog/981890/development-04-5,,2025-07-09
https://illtemperedtuna.itch.io/the-seacrit-fish-game/devlog/981891/that-last-blather-was-aweful,,2025-07-09
https://lustbornstudio.itch.io/succubus-the-lustborn-curse/devlog/981892/update-v0010-now-live-dark-elf-arrives-altar-system-expanded-settings-reworked-camera-controls,,2025-07-09
https://fageltomten.itch.io/modular-fantasy-melee-weapons/devlog/981893/version-12,,2025-07-09
https://shadowportal.itch.io/slutcraft/devlog/981895/-devlog-9,,2025-07-09
https://octotem.itch.io/the-tale-of-whirl-v09/devlog/981896/new-logo-of-the-game,,2025-07-09
https://mystery-meat-games.itch.io/anne-vore/devlog/981897/discord-server-ko-fi-memberships,,2025-07-09
https://itch.io/blog/981898/deadly-six,,2025-07-09
https://o111.itch.io/one-potion-please/devlog/981899/minor-update-v029,,2025-07-09
https://cyansorcery.itch.io/blobun/devlog/981900/blobun-mini-out-now,,2025-07-09
https://thebreckters.itch.io/play-as-the-badnik-ooooo/devlog/981901/31,,2025-07-09
https://pamukdevstuffs.itch.io/fishy-cat-killspire/devlog/981902/everything-is-bricked,,2025-07-09
https://asterism-games.itch.io/survive-resist-collaborate-a-world-war-2-choice-based-story/devlog/981903/the-demo-now-works-on-older-laptops,,2025-07-09
https://itch.io/blog/981904/terrordivers-jam-project-is-posted,,2025-07-09
https://cyberofficial.itch.io/synthalingua/devlog/981905/sneak-peek-the-next-big-update-for-synthalingua,,2025-07-09
https://chrys-lair.itch.io/braveheart-academy-2/devlog/981906/braveheart-academy-2-breath-of-fresh-air,,2025-07-09
https://chrys-lair.itch.io/braveheart-academy-2/devlog/981907/braveheart-academy-2-overhauled-game-systems,,2025-07-09
https://chrys-lair.itch.io/braveheart-academy-2/devlog/981908/braveheart-academy-2-vr-mode-meet-n-yeet-revamp,,2025-07-09
https://axolotlguybooks.itch.io/transformed/devlog/981909/released,,2025-07-09
https://gladiatordev.itch.io/gladiator-command/devlog/981910/gladiator-command-v052-update,,2025-07-09
https://greenintern.itch.io/tiny-mall-wizards/devlog/981911/tiny-update,,2025-07-09
https://starlight-studios.itch.io/runes-of-pandemonium/devlog/981912/monday-update-crosspost,,2025-07-09
https://itch.io/blog/981913/our-website,,2025-07-09
https://gaylie.itch.io/cloverse-bases/devlog/981914/perky-long-ears-and-closed-case-tails,,2025-07-09
https://itch.io/blog/981915/heartmoonlit-demo-arrives-soon,,2025-07-09
https://itch.io/blog/981916/our-blog,,2025-07-09
https://duck-williams.itch.io/the-divine-art-of-mischief/devlog/981918/no-ice-in-california,,2025-07-09
https://luckygoods.itch.io/gohomeforandroid/devlog/981919/new-improved-gohomeforandroid,,2025-07-09
https://justjaro.itch.io/illness-hunt/devlog/981920/update-11,,2025-07-09
https://hangout-shmelet.itch.io/tnhsr/devlog/981921/we-are-proud-to-announce,,2025-07-09
https://dragofinder.itch.io/lisa-total-investigation/devlog/981922/update-7-the-dangerous-game-of-temptation,,2025-07-09
https://mark-agis.itch.io/tnaf/devlog/981923/version0724,,2025-07-09
https://hexedpress.itch.io/do-anything-d6-wilderness/devlog/981926/the-online-rules-repository-is-live,,2025-07-09
https://straponcookie.itch.io/tragic-elf-life/devlog/981927/update-rework-day-1-2,,2025-07-09
https://monsterboxgames.itch.io/in-heat/devlog/981928/bugfix-patch-notes-2025-07-07-u0323,,2025-07-09
https://dev-goose.itch.io/thombly-paint/devlog/981929/thombly-paint-v110-update,,2025-07-09
https://dillthecreeper.itch.io/teenycraft/devlog/981930/teenycraft-a-minecraft-inspired-rpg-is-releasing-july-10,,2025-07-09
https://lightbl0om.itch.io/godotcraft/devlog/981931/godotcraft-03-release-notes,,2025-07-09
https://podagi.itch.io/pons/devlog/981932/updated-release-july-7-2025,,2025-07-09
https://305games.itch.io/dadsphone/devlog/981934/dads-phone-chapter-02-free-members,,2025-07-09
https://eliciarski.itch.io/stay-awayk/devlog/981936/stay-awayk-full-version-is-here,,2025-07-09
https://thebreckters.itch.io/sonics-speedy-nights/devlog/981938/v125-coming-soon,,2025-07-09
https://spelkollektivet.itch.io/not-us/devlog/981939/new-levels-sunlens,,2025-07-09
https://itch.io/blog/981940/ui-manager-expected-nightmare,,2025-07-09
https://pixelerr.itch.io/browser-bash/devlog/981941/nevermind-development-has-been-thrown-back-10-miles-but-i-have-a-logo-now-so-yay,,2025-07-09
https://aerobyte12.itch.io/kluckit/devlog/981942/farmer-aeros-devlog-1,,2025-07-09
https://gardenia86.itch.io/tower-of-flex/devlog/981944/tower-of-flex-a-post-jam-analysis,,2025-07-09
https://digitourney.itch.io/vet-simulator/devlog/981945/-introducing-vet-simulator-a-labor-of-love-for-animal-care,,2025-07-09
https://thekingharem.itch.io/fubuki-one-punch-man-p1/devlog/981946/fubuki-one-punch-man-p1,,2025-07-09
https://itch.io/blog/981948/i-have-a-discord-server-now,,2025-07-09
https://sheepwhoharp.itch.io/fools-errand-alpha/devlog/981949/version-059-changelog,,2025-07-09
https://itch.io/blog/981950/catspaw-modern-day-mage-supernatural-investigation,,2025-07-09
https://mirothefox.itch.io/furthia-trails/devlog/981951/patreon-now-available,,2025-07-09
https://tankshark.itch.io/tankshark/devlog/981952/a-graphics-overhaul,,2025-07-09
https://nocorxx.itch.io/poostain-tag-horror/devlog/981953/new-itchio,,2025-07-09
https://scight.itch.io/fantasy-garden/devlog/981954/new-4-plants,,2025-07-09
https://jeeyonshim.itch.io/over-the-wailing-wind/devlog/981955/7725-rules-and-play-guides-uploaded,,2025-07-09
https://hexedpress.itch.io/do-anything-d6-skills/devlog/981956/online-rules-repository-is-live,,2025-07-09
https://zellogi.itch.io/rise-of-the-unfelled/devlog/981957/rise-of-the-unfelled-chapter-6-bugfix-update,,2025-07-09
https://purplehat-productions.itch.io/re-education/devlog/981958/game-resolution-used-to-hide-many-sins,,2025-07-09
https://sqshi.itch.io/tunnel-game/devlog/981959/bug-fixes-new-obstacles,,2025-07-09
https://anarchothaumaturgist.itch.io/course-of-temptation/devlog/981960/course-of-temptation-july-monthly-update-v067,,2025-07-09
https://drphoenixgames.itch.io/milfania/devlog/981962/episode-06,,2025-07-09
https://dead-pixelsz.itch.io/tiny-kingdom/devlog/981963/new-character-warrior,,2025-07-09
https://janwatever.itch.io/puppeteer/devlog/981964/dev-log-pre-alpha-build,,2025-07-09
https://realmiksy.itch.io/projectm/devlog/981966/some-optimization-stuff,,2025-07-09
https://dycamax.itch.io/rayman-revenge-of-the-pirate-robots/devlog/981968/this-september-1st-,,2025-07-09
https://midnightmoonlightgames.itch.io/lunatix/devlog/981969/optimized-bug-free-demo,,2025-07-09
https://g0ld1e.itch.io/starcade-87/devlog/981970/devlog-4-one-of-the-last-updates-before-launch,,2025-07-09
https://carlacolon3.itch.io/super-scary-shape-office/devlog/981971/daily-update-07072025,,2025-07-09
https://itch.io/blog/981972/hey-everyone,,2025-07-09
https://xandor.itch.io/raccoons-to-riches/devlog/981973/daily-update-70725-new-run-starting-bonuses,,2025-07-09
https://emberushi.itch.io/cvm/devlog/981974/minor-bug-fixes,,2025-07-09
https://void-star.itch.io/short-stories-collection/devlog/981975/short-stories-23,,2025-07-09
https://chaos-studio.itch.io/bloody-eclipse-eng/devlog/981977/new-version,,2025-07-09
https://mallcreeps.itch.io/mall-creeps/devlog/981978/weekly-update-july-7-2025,,2025-07-09
https://seraphrdm.itch.io/inaroras-excursion/devlog/981979/update-14,,2025-07-09
https://metaknightjay.itch.io/unavni/devlog/981980/unavni-version-050-release,,2025-07-09
https://vg-dev.itch.io/roguestacks/devlog/981981/version-121,,2025-07-09
https://mjmaron.itch.io/bandersnatchs-loop/devlog/981982/bandersnatchs-loop,,2025-07-09
https://aceius.itch.io/project-4/devlog/981983/release-0100,,2025-07-09
https://ipodtouch0218.itch.io/nsmb-mariovsluigi/devlog/981985/release-v2000,,2025-07-09
https://hotvenusstudios.itch.io/simulation-69/devlog/981986/episode-7-public-release,,2025-07-09
https://imasu0.itch.io/spnano/devlog/981987/ver10,,2025-07-09
https://itch.io/blog/981988/sub,,2025-07-09
https://itch.io/blog/981989/ero-now-what-devlog-public,,2025-07-09
https://levadev.itch.io/akone/devlog/981990/map-selector,,2025-07-09
https://somchu.itch.io/tlr2/devlog/981991/v054-more-shop-quests,,2025-07-09
https://minamotion.itch.io/ricegame/devlog/981992/this-game-is-cancelled,,2025-07-09
https://ffgdgrrr.itch.io/colorrevolutionofguiyumiddleschool/devlog/981993/6,,2025-07-09
https://le-joyeux-scribe.itch.io/covid-everyday/devlog/981995/v-11-update,,2025-07-09
https://kurogamedev.itch.io/hot-treats/devlog/981996/it-only-gets-hotter-from-here-out,,2025-07-09
https://studio-laaya.itch.io/abrasion/devlog/981997/final-crunch-week-day-1,,2025-07-09
https://dragon-studios-games.itch.io/dragon-runners/devlog/981998/update-2-for-010-alpha,,2025-07-09
https://yumi42.itch.io/dw-game/devlog/981999/version-a009r1,,2025-07-09
https://woerkflow.itch.io/periculum/devlog/982000/update-v1081,,2025-07-09
https://kubika.itch.io/kubika-a-cube-story/devlog/982002/kubika-demo-02,,2025-07-09
https://nicec00lkldd.itch.io/baldis-basics-full-game-public-demo/devlog/982004/should-i-cancel-the-release,,2025-07-09
https://esodev.itch.io/esoteric-erotica/devlog/982005/esoteric-update-317-updated-updates-and-gravity,,2025-07-09
https://zizazat.itch.io/shadowdark-weird-tales-game-jam-the-sin-eater/devlog/982006/release-v11,,2025-07-09
https://kletscode.itch.io/kautokey/devlog/982008/kautokey-v12,,2025-07-09
https://itch.io/blog/982009/tomorrow-is-the-live-intervierw,,2025-07-09
https://tickerwick.itch.io/codex-of-the-cryptids/devlog/982010/new-trailer,,2025-07-09
https://orz3l.itch.io/lewd-phone/devlog/982011/update-02-on-patreon,,2025-07-09
https://steinstern.itch.io/steinstern/devlog/982012/update-129,,2025-07-09
https://thatredstoneguru.itch.io/mr-pebble/devlog/982013/night-mode-and-more,,2025-07-09
https://sondeirypt-games.itch.io/pastries-a-plenty/devlog/982014/minor-mechanical-updates,,2025-07-09
https://sondeirypt-games.itch.io/a-batter-idea/devlog/982015/minor-mechanical-updates,,2025-07-09
https://andregalrao.itch.io/life-wind/devlog/982017/24-new-plant-eucaliptyus,,2025-07-09
https://rodrodev.itch.io/missing-pieces/devlog/982018/missing-pieces-update,,2025-07-09
https://am1lton.itch.io/space-in-darkness/devlog/982019/update-02,,2025-07-09
https://pvbiizh3r.itch.io/one-night-at-david-classic/devlog/982020/update,,2025-07-09
https://haoningwu.itch.io/dear-clara/devlog/982021/black-and-white,,2025-07-09
https://aoba-games.itch.io/sarakin-2/devlog/982022/atualizao-12-070725,,2025-07-09
https://skullyisagod.itch.io/five-nights-at-walters/devlog/982023/update-on-the-game,,2025-07-09
https://kittyking101.itch.io/soup/devlog/982024/soup-patch-101-small-fixes,,2025-07-09
https://the-puppet-mini-games.itch.io/tuiam/devlog/982025/v146,,2025-07-09
https://sethraeder.itch.io/drgsnz/devlog/982026/balancing-tweaks,,2025-07-09
https://projectulysses.itch.io/the-mirror-eater/devlog/982027/broadcast-5-lamps,,2025-07-09
https://m8nsun.itch.io/eclipse-special-forces/devlog/982028/-200-funded-on-kickstarteryuri-game-eclipse-,,2025-07-09
https://jjjbon.itch.io/wvisit3/devlog/982029/update-level-sprite,,2025-07-09
https://connors06.itch.io/eldritch-roguelike/devlog/982030/v009-risky-tonic,,2025-07-09
https://nyt3bl4d3.itch.io/advent-breakout-combat-demo/devlog/982031/bug-fix-buff-fixes-number-tweaks,,2025-07-09
https://ladinocuspidor.itch.io/space-hunters/devlog/982032/future-update,,2025-07-09
https://minecraft-catcherz.itch.io/7-days-to-die/devlog/982033/v23-is-live,,2025-07-09
https://gamesovercoffee.itch.io/the-door-problem/devlog/982034/new-feature-in-last-room,,2025-07-09
https://somchu.itch.io/tlr2/devlog/982035/v0541-oopsie-daisy,,2025-07-09
https://crisischild.itch.io/flirtingtale/devlog/982036/updated-3,,2025-07-09
https://minecraft-catcherz.itch.io/7-days-to-die/devlog/982037/mod-supporthow-to-mod,,2025-07-09
https://lunexi0.itch.io/room-shuffle/devlog/982038/-room-shuffle-05-devlog-deeper-emotions-new-paths,,2025-07-09
https://prizrakshiza.itch.io/quest-room-witch-hut/devlog/982039/first-day-patch-,,2025-07-09
https://hangovercatpurrroduction.itch.io/he-maid-her-fall/devlog/982040/he-maid-her-fall-v056-is-out,,2025-07-09
https://akking-studio.itch.io/barlatro-open-beta/devlog/982041/015-achievements,,2025-07-09
https://minecraft-catcherz.itch.io/7-days-to-die/devlog/982042/takedown-of-v23,,2025-07-09
https://itch.io/blog/982043/the-power-of-substance-painter,,2025-07-09
https://vololp.itch.io/lookback/devlog/982044/little-fixes,,2025-07-09
https://black-ink-games.itch.io/you-cant-prove-anything/devlog/982045/switching-engine-i-know-i-know,,2025-07-09
https://allforone124.itch.io/the-fall-of-camelot-the-betrayal-of-guinevere-lancelot/devlog/982046/the-fall-of-camelot-part-1-is-out-for-5,,2025-07-09
https://youyileng.itch.io/deepbubbles/devlog/982047/first-beta-release-of-deepbubbles,,2025-07-09
https://oldmanjinxens.itch.io/charge-ahead/devlog/982048/update-to-version-002,,2025-07-09
https://itch.io/blog/982049/lobotomy-sandboxx,,2025-07-09
https://macrowdev.itch.io/bombustion/devlog/982050/demo-v10,,2025-07-09
https://nymphvalley.itch.io/hot-nymph-brothel/devlog/982051/005,,2025-07-09
https://mqsalmon.itch.io/grimoirepunk/devlog/982052/grimoirepunk-version-12,,2025-07-09
https://lumovalley-labs.itch.io/tapclank/devlog/982053/version-1012-released,,2025-07-09
https://midnight-meister.itch.io/bing-bos-treasure-hunt/devlog/982055/fixes,,2025-07-09
https://jabocgb.itch.io/tattoo-dungeon/devlog/982056/project-update-progress-screenshots-whats-next,,2025-07-09
https://jabocgb.itch.io/tattoo-dungeon-demo/devlog/982057/project-update-progress-screenshots-whats-next,,2025-07-09
https://omar-ibrahem.itch.io/whispering-forest-platformer-pack/devlog/982059/update-2-4-seasons-more-colors,,2025-07-09
https://badmustard.itch.io/almost-dead/devlog/982060/chapter-18-public-release-party-almost-dead,,2025-07-09
https://digidec.itch.io/its-just-a-game/devlog/982061/progress,,2025-07-09
https://willy25819.itch.io/filecusersdaniel20bastos20luciodownloadshist-ria20sem20t-tulo203html/devlog/982062/t21-enfermagem,,2025-07-09
https://random3312.itch.io/the-survey-2/devlog/982064/the-game-is-canceled,,2025-07-09
https://the1detective.itch.io/corrupted/devlog/982065/corrupted-020-update,,2025-07-09
https://kitsunami.itch.io/smpl/devlog/982066/saturday-day-morning-pizza-lizards-monday-night-media-update,,2025-07-09
https://itch.io/blog/982068/realistic-temperatures-usa-v10,,2025-07-09
https://darthpackman.itch.io/artfight2025/devlog/982069/menu-sounds-4-chars,,2025-07-09
https://madnesscombatisgoated.itch.io/sprunki-phase-3/devlog/982070/1920-anims-done,,2025-07-09
https://studiosriba.itch.io/kurt-cobalto/devlog/982071/version-111,,2025-07-09
https://bossclaw.itch.io/slimestronauts/devlog/982072/more-slimes-less-game-breaking-bugs,,2025-07-09
https://ianstoops.itch.io/beta-breaker/devlog/982073/balance,,2025-07-09
https://softlocked-ranger.itch.io/datadash/devlog/982074/devlog-monday-772025,,2025-07-09
https://indivi.itch.io/ldplus/devlog/982075/lust-doll-plus-r750-released-to-public,,2025-07-09
https://jepalmer.itch.io/apple-grapple/devlog/982076/03-update,,2025-07-09
https://zirkkun.itch.io/calling/devlog/982077/version-101-update,,2025-07-09
https://zappidappi.itch.io/wobble-girls/devlog/982079/smore-tweaks,,2025-07-09
https://s1lv3.itch.io/fnapp/devlog/982080/fnapp-010,,2025-07-09
https://seansanthology.itch.io/barroom-brawler-d20-based-mini-game/devlog/982081/mobile-pdf-uploaded,,2025-07-09
https://picklejargames.itch.io/rush-hour-at-bartholomews/devlog/982082/rush-hour-at-bartholomews-v2-is-here,,2025-07-09
https://fantabulosoful.itch.io/fantaria-cragwell-demo/devlog/982083/update-v0082-notes,,2025-07-09
https://pedrinho-games.itch.io/climbing-rush/devlog/982084/hard-mode-and-bubble-shooter-added,,2025-07-09
https://ladnoanet.itch.io/baldi-badsam-2d/devlog/982085/fieldtrip-demo,,2025-07-09
https://itch.io/blog/982086/sneak-peek-of-latest-big-project,,2025-07-09
https://casper-gaming.itch.io/cgmz-skill-levels/devlog/982088/version-alpha-r3-release-notes,,2025-07-09
https://geraldfranklin.itch.io/lasso-lad/devlog/982089/11-update,,2025-07-09
https://pinknarcissus.itch.io/all-there/devlog/982090/all-there-got-some-awards,,2025-07-09
https://smnthgn.itch.io/edge-case/devlog/982091/devlog9-expanding-the-studio-and-building-genesis,,2025-07-09
https://furroy.itch.io/treachery/devlog/982092/treachery-devlog-2,,2025-07-09
https://bunklings.itch.io/bunklings-corona-royal/devlog/982093/possible-server-connection-issues-fix,,2025-07-09
https://lightsaga.itch.io/winters-big-round-adventure/devlog/982094/development-has-resumed-july-7th-2025,,2025-07-09
https://nolimelightproductions.itch.io/prosperon-cyberpunk-setting/devlog/982095/much-needed-update-on-the-rise,,2025-07-09
https://muggyfox1.itch.io/wolves-on-an-island/devlog/982096/finished-working-on-wolves-on-an-island,,2025-07-09
https://backterria.itch.io/the-cards/devlog/982097/v16-zodiac-ii,,2025-07-09
https://iamsilver.itch.io/hypnothornia/devlog/982099/quick-update-july-2025,,2025-07-09
https://glenn-main.itch.io/mainly-monsters/devlog/982100/mainly-monsters-wip-07,,2025-07-09
https://ashd-117.itch.io/forsaken-in-hell/devlog/982101/game-status-1,,2025-07-09
https://mrunkn0wn23.itch.io/aokigahara/devlog/982102/new-features-episode-names,,2025-07-09
https://nightfoxy25-animations.itch.io/blade-n-critters/devlog/982103/blade-n-critters-is-released,,2025-07-09
https://spitedev.itch.io/danmaku-wars-proto/devlog/982104/31,,2025-07-09
https://andonav.itch.io/chaotica/devlog/982105/chaotica-14,,2025-07-09
https://quillrabbit.itch.io/a-person-your-past-self-would-loathe/devlog/982106/nearly-there-but-cursing-myself-for-writing-an-action-story,,2025-07-09
https://cpeg.itch.io/absurd-area/devlog/982107/countdown-to-release,,2025-07-09
https://itsc0wb0ygamez.itch.io/john-deere-new-generation-row-crop-tractors-redux/devlog/982108/patch-11-in-progress,,2025-07-09
https://sevencrane.itch.io/vaportrails-physics/devlog/982110/development-canceled,,2025-07-09
https://itch.io/blog/982111/new-discord,,2025-07-09
https://majesticgazelle.itch.io/n0rad/devlog/982112/google-play-testing-phase-entered-need-help,,2025-07-09
https://illtemperedtuna.itch.io/the-seacrit-fish-game/devlog/982113/you-cant-force-it,,2025-07-09
https://tonikgames.itch.io/drillbot-descent-beta/devlog/982114/beta-v9-up,,2025-07-09
https://elena-ware.itch.io/project-twins/devlog/982115/final-demo-update,,2025-07-09
https://callianml.itch.io/cragex-5/devlog/982116/cragex-5-released,,2025-07-09
https://itch.io/blog/982118/monthly-update-july-2025,,2025-07-09
https://qvantum66.itch.io/plants-vs-vampires/devlog/982119/new-tweaks-not-twaearks,,2025-07-09
https://darkservside.itch.io/vs-melody-fnf-cover-mod/devlog/982120/new-death-animation-for-censored-build,,2025-07-09
https://supertripland.itch.io/supertripland/devlog/982121/3210,,2025-07-09
https://yodaugly67.itch.io/creative-construct/devlog/982122/music-notice-for-creative-construct,,2025-07-09
https://goodbuggames.itch.io/skunked/devlog/982123/v014-skunked,,2025-07-09
https://itch.io/blog/982124/mini-game-upcoming,,2025-07-09
https://itch.io/blog/982126/n,,2025-07-09
https://dragonskies.itch.io/riddles-of-gold/devlog/982127/update-released-02,,2025-07-09
https://antisit-games.itch.io/noir-in-hong-kong-beta-build/devlog/982128/my-partner-the-dead-one,,2025-07-09
https://one-shot-melee.itch.io/spare-me-the-chaos/devlog/982129/version-beta-104-patch-qol,,2025-07-09
https://witchgrove-games.itch.io/chronicles-of-vaeltaja/devlog/982130/summer-sale-update-v0792,,2025-07-09
https://itch.io/blog/982132/flappy-girl,,2025-07-09
https://cenya.itch.io/aftersky/devlog/982133/qqq,,2025-07-09
https://ceylonentertainment.itch.io/bewitching-sinners-visual-novel/devlog/982134/bug-fix,,2025-07-09
https://charliequestsync.itch.io/stardrift/devlog/982135/post,,2025-07-09
https://itch.io/blog/982136/fc25-pack-open-and-ai-predictor-for-balondor-and-world-cup-winners,,2025-07-09
https://mikey4753.itch.io/topdown-rpg-work-in-progress/devlog/982137/patch-003,,2025-07-09
https://rakeela.itch.io/spaceraptor/devlog/982139/doctor-ending-patch,,2025-07-09
https://purplexel.itch.io/den-of-the-defiant/devlog/982140/devlog-chapter-4-status,,2025-07-09
https://darkchibishadow.itch.io/cavemate/devlog/982141/retiring-this-page-chapter-1-2-is-now-available-as-part-1-on-its-own-page,,2025-07-09
https://fetishphone.itch.io/fetish-phone/devlog/982142/fetish-phone-update-v061,,2025-07-09
https://rogueflopware.itch.io/end-of-life/devlog/982143/devlog-0,,2025-07-09
https://catchycactus.itch.io/neon-sky-test/devlog/982144/new-patch-78,,2025-07-09
https://tabby-cat-nya.itch.io/chronochamber/devlog/982145/chronochamber-v12,,2025-07-09
https://tliad.itch.io/aseprite-gradients-extension/devlog/982146/update-v12-with-35-new-gradients,,2025-07-09
https://azulumi.itch.io/oneiric-mementos/devlog/982147/oneiric-mementos-devlog,,2025-07-09
https://thebreckters.itch.io/sonics-speedy-nights/devlog/982148/v125,,2025-07-09
https://kurogamedev.itch.io/nadines-fleet-ii/devlog/982149/fixing-broken-ai-seems-to-be-a-recent-hobby,,2025-07-09
https://nukejolt.itch.io/crateaxis2/devlog/982150/patch-v-101,,2025-07-09
https://jhongame.itch.io/botrob/devlog/982152/android-test-2,,2025-07-09
https://jtm-ai.itch.io/3-month-pack-june-august-2025/devlog/982153/small-announcementapology,,2025-07-09
https://itch.io/blog/982154/we-just-hit-15-000-total-downloads,,2025-07-09
https://itch.io/blog/982155/been-a-long-time,,2025-07-09
https://waharocket.itch.io/faith/devlog/982156/v125,,2025-07-09
https://emolicodes.itch.io/vn-game/devlog/982157/version-11-beta-out,,2025-07-09
https://mahoushoujo11.itch.io/twin-eyes/devlog/982158/playable-in-web,,2025-07-09
https://bearlyawesome.itch.io/bearly-awesome/devlog/982159/updated-apk-to-a-playable-bluestacks-build,,2025-07-09
https://tieslies.itch.io/kurokami/devlog/982161/the-start,,2025-07-09
https://sinistarr.itch.io/requiem-of-gold/devlog/982162/web-version-available,,2025-07-09
https://spi3lot.itch.io/vectorscope-v4/devlog/982164/v41-wasapi-loopback-capture,,2025-07-09
https://fell-hawk.itch.io/fali/devlog/982165/adding-patreondonation-button,,2025-07-09
https://itch.io/blog/982166/hokkaido-fox-063,,2025-07-09
https://bristle-and-broadsword.itch.io/exo-tomb/devlog/982168/full-version-is-ready-for-download,,2025-07-09
https://orizzontigdr.itch.io/marethar/devlog/982169/marethar-seconda-edizione-disponibile-ora,,2025-07-09
https://orizzontigdr.itch.io/marethar-rotte-perdute/devlog/982171/rotte-perdute-seconda-edizione,,2025-07-09
https://trueclash-games.itch.io/trueclash-games/devlog/982172/-trueclash-version-02-for-patreons-is-here,,2025-07-09
https://brokenarmsgames.itch.io/under-par-golf-architect/devlog/982173/-june-dev-blog-the-anatomy-of-a-golf-hole,,2025-07-09
https://unicorn-studio.itch.io/cumjutsu/devlog/982174/new-game-launch-cumjutsu-now-live,,2025-07-09
https://miruji.itch.io/cavevox/devlog/982175/devlog-2-generation,,2025-07-09
https://serpagames.itch.io/acsg/devlog/982176/acsg-progress-on-version-105,,2025-07-09
https://eezybreezy-games.itch.io/moving-in/devlog/982177/v021-public-release,,2025-07-09
https://rorymichaelson.itch.io/lesser-known-monsters-ebook/devlog/982178/the-lesser-known-monsters-books-are-now-available-on-itch,,2025-07-09
https://rorymichaelson.itch.io/lesser-known-monsters-audiobook/devlog/982179/the-lesser-known-monsters-series-is-now-available-on-itch,,2025-07-09
https://emolicodes.itch.io/vn-game/devlog/982180/version-11-beta-out,,2025-07-09
https://rorymichaelson.itch.io/the-bone-gate-audiobook/devlog/982181/the-lesser-known-monsters-series-is-now-available-on-itch,,2025-07-09
https://rorymichaelson.itch.io/the-bone-gate/devlog/982182/the-lesser-known-monsters-series-is-now-available-on-itch,,2025-07-09
https://chimerosgames.itch.io/furrhouse/devlog/982183/updated-to-chapter-18,,2025-07-09
https://gamolf.itch.io/pompach/devlog/982184/pompach-v14,,2025-07-09
https://rorymichaelson.itch.io/the-torn-earth-ebook/devlog/982185/the-lesser-known-monsters-series-is-now-available-on-itch,,2025-07-09
https://rorymichaelson.itch.io/the-torn-earth-ebook/devlog/982186/the-lesser-known-monsters-series-is-now-available-on-itch,,2025-07-09
https://mayostudio.itch.io/project-p/devlog/982187/0020,,2025-07-09
https://realwhiteraven.itch.io/a-new-dawn/devlog/982188/bugfix-492,,2025-07-09
https://slimecubestudios.itch.io/byte-n-bash/devlog/982190/devlog-0-coming-soon-byte-n-bash,,2025-07-09
https://lolo-claw.itch.io/easy-rebinding-system/devlog/982191/github-repository,,2025-07-09
https://itch.io/blog/982192/now-live-a-full-suite-of-royalty-free-cyberpunk-music-packs-for-game-developers,,2025-07-09
https://mr-viktor.itch.io/nailed/devlog/982193/next-update-this-saturday,,2025-07-09
https://jan955.itch.io/texteditor/devlog/982194/neue-updates,,2025-07-09
https://danielk0104.itch.io/timeline-card-game/devlog/982195/web-version-release,,2025-07-09
https://delsinsonfire.itch.io/otchaias-deck/devlog/982196/updates-07-08-25,,2025-07-09
https://niltonfirmo.itch.io/festa-junina/devlog/982197/festa-junina,,2025-07-09
https://houdini-magazine.itch.io/anti-style-magazine-blogging-framework/devlog/982198/released-anti-style-iteration-cleopatra,,2025-07-09
https://somniladon.itch.io/fish-face/devlog/982199/1000-plays-popularity-poll-celebration,,2025-07-09
https://gippoplay.itch.io/street-goons/devlog/982200/created-english-rules-for-street-goons-a-tunnel-goons-hack,,2025-07-09
https://haroldo-ok.itch.io/cvbasic-online-compiler/devlog/982201/v0015-implement-a-few-measures-to-prevent-cache-problems,,2025-07-09
https://itch.io/blog/982202/wdwgc,,2025-07-09
https://itch.io/blog/982203/aabans-basics-camping-demo,,2025-07-09
https://keisi-studio.itch.io/lust-age-new-home/devlog/982204/devlog5-interface-redesign-part-3-final,,2025-07-09
https://princegarg001.itch.io/bundle/devlog/982205/best-game,,2025-07-09
https://thekingharem.itch.io/tsunade-senju-naruto-p1/devlog/982206/tsunade-senju-naruto-p1,,2025-07-09
https://parreirao2.itch.io/windows-vpet/devlog/982207/update02-the-poop-context-update,,2025-07-09
https://venova-games.itch.io/world-but-its-better-soon/devlog/982208/i-made-wordle,,2025-07-09
https://steadfastsalmon.itch.io/underground-dungeon-asset-pack/devlog/982209/release-devlog-4-new-buncha-things-update,,2025-07-09
https://itch.io/blog/982210/monster-train-2-a-thrilling-sequel-to-the-deck-building-roguelike,,2025-07-09
https://didolino.itch.io/trenchpunk/devlog/982211/trenchpunk-commerical-release-and-upcoming-demo,,2025-07-09
https://imsoswag4real.itch.io/flatbeerflatsmile/devlog/982212/flat-beer-flat-smile-v12-update,,2025-07-09
https://apophenia-23.itch.io/reditum/devlog/982213/the-browser-version-i-should-have-made-a-long-time-ago,,2025-07-09
https://hasturudjat.itch.io/warforged/devlog/982214/version-101,,2025-07-09
https://mh-farms-modding-mapping.itch.io/mh-farms-reshade/devlog/982216/fix,,2025-07-09
https://thaliarchus.itch.io/spearhand-faring/devlog/982217/second-draft-of-spearhand-faring-is-complete,,2025-07-09
https://nadeaufunniesproductions.itch.io/the-end-of-the-norm/devlog/982218/first-screenshot-of-teotn-game,,2025-07-09
https://greenboy123.itch.io/free-cyberpunk-lofi-music/devlog/982219/free-music-asset,,2025-07-09
https://nyumelt.itch.io/succubus-pack-vol2/devlog/982220/-all-nsfw-card-packs-are-now-free-support-on-patreon-for-hd-bonus-content,,2025-07-09
https://bluetail7.itch.io/cee-ann-copycat/devlog/982221/sigma-version-available,,2025-07-09
https://m3ll0w-mase.itch.io/dinohuntingvr/devlog/982222/game-is-out-now-for-meta-only,,2025-07-09
https://refinedbeargames.itch.io/repel-the-rifts/devlog/982223/v020-two-small-features,,2025-07-09
https://blindkrakenstudio.itch.io/sanity-escape/devlog/982224/sanity-escape,,2025-07-09
https://toffeecraft.itch.io/forest-nature-pack/devlog/982225/sakura-trees,,2025-07-09
https://niichan029.itch.io/my-bully-is-my-lover/devlog/982226/teaser-1-mbml-chapter-2-episode-1,,2025-07-09
https://loud-rabbits.itch.io/amanzi/devlog/982227/amanzi-135-better-faster-more-,,2025-07-09
https://itch.io/blog/982228/hiccup-but-not-really,,2025-07-09
https://bu30808.itch.io/project-sjhg/devlog/982229/250708-update,,2025-07-09
https://anya-and-lolo.itch.io/claimable/devlog/982230/-pro-guide-rewritten-level-up-your-time-system,,2025-07-09
https://chewybytesstudio.itch.io/cosmic-colonists/devlog/982231/ready-made-construction-system,,2025-07-09
https://itch.io/blog/982232/re-release-phone-runnner-gb,,2025-07-09
https://strong-family.itch.io/red-out-block/devlog/982233/red-out-block-is-now-available,,2025-07-09
https://thraex-aquator.itch.io/lockdown/devlog/982234/dvlg026-nw-brk03-summer-break,,2025-07-09
https://ertal-games.itch.io/exes-assault/devlog/982235/game-update,,2025-07-09
https://studiosandcroc.itch.io/street-cat/devlog/982236/demo-second-line-of-levels-out-now-on-browser,,2025-07-09
https://sir-honkalot.itch.io/crossing-the-southern-border/devlog/982238/update-055,,2025-07-09
https://glueblade.itch.io/cleave/devlog/982239/endings-guide,,2025-07-09
https://lemonthunder.itch.io/wip-shooter/devlog/982240/7-8-25-update,,2025-07-09
https://sorcier-sympa.itch.io/rust-blood/devlog/982241/rust-blood-v2-is-available-,,2025-07-09
https://kinkyfridays.itch.io/wet-nightmares/devlog/982242/wet-nightmares-v311,,2025-07-09
https://fartisart.itch.io/tiktok-animal-race/devlog/982243/new-version-available-tiktok-live-games,,2025-07-09
https://nimbuspawtales.itch.io/arcanum-academy/devlog/982244/new-layout-of-quests,,2025-07-09
https://corba911.itch.io/bullet-clicker/devlog/982246/02-version,,2025-07-09
https://toxixus.itch.io/toxixus-demo/devlog/982247/the-start,,2025-07-09
https://cp-soft.itch.io/harrier-attack-reloaded/devlog/982248/two-player-and-powerups-for-harrier-attack-reloaded,,2025-07-09
https://cosmic-poptart.itch.io/misanthropy/devlog/982249/misanthropy-85-80-free,,2025-07-09
https://asephy.itch.io/femboy-burgers/devlog/982250/fixed-crash-on-skipping-workday,,2025-07-09
https://0x00sleep.itch.io/monster-girl-rpg-early-access-demo/devlog/982251/scope-creep-almost-done-demo,,2025-07-09
https://itch.io/blog/982252/working-on-mugen-slop,,2025-07-09
https://cemckrc.itch.io/fast-as-supermarket/devlog/80736/v04-is-available-now,,2025-07-09
https://cemckrc.itch.io/fast-as-supermarket/devlog/82460/v05-is-available-now,,2025-07-09
https://spacegoblingames.itch.io/they-will-not-return/devlog/126588/v103-policebot-memory-bugfix,,2025-07-09
https://he32-aew5.itch.io/gi-regrown/devlog/142727/spooky-house-fix,,2025-07-09
https://he32-aew5.itch.io/gi-regrown/devlog/147638/biggest-26,,2025-07-09
https://he32-aew5.itch.io/gi-regrown/devlog/153108/we-are-back-on-track-27-plans,,2025-07-09
https://he32-aew5.itch.io/gi-regrown/devlog/155535/grassy-islands-classic-not-27,,2025-07-09
https://he32-aew5.itch.io/gi-regrown/devlog/155536/grassy-islands-classic-not-27,,2025-07-09
https://he32-aew5.itch.io/gi-regrown/devlog/160632/version-27,,2025-07-09
https://eldritch-kitten.itch.io/hiragana-now/devlog/160956/version-11-released,,2025-07-09
https://rydergames.itch.io/dodging-the-rain/devlog/161044/new-dodging-the-rain-update,,2025-07-09
https://rydergames.itch.io/dodging-the-rain/devlog/163171/screenshot,,2025-07-09
https://rydergames.itch.io/dodging-the-rain/devlog/167457/stay-tuned-for-new-update,,2025-07-09
https://rydergames.itch.io/dodging-the-rain/devlog/167543/finally,,2025-07-09
https://chunky-jew-ninety-five.itch.io/winston-and-some-blobs/devlog/204552/bugs-fixed-and-new-level-yes-i-made-a-new-level-exciting-isnt-it,,2025-07-09
https://rydergames.itch.io/block-dodges-blocks/devlog/211368/new-update-101,,2025-07-09
https://rydergames.itch.io/block-dodges-blocks/devlog/213257/stay-tuned-for-new-updates,,2025-07-09
https://rydergames.itch.io/block-dodges-blocks/devlog/215253/new-update-102,,2025-07-09
https://rydergames.itch.io/block-dodges-blocks/devlog/216967/i-made-a-mistake,,2025-07-09
https://rydergames.itch.io/block-dodges-blocks/devlog/219077/stay-tuned-for-update-103,,2025-07-09
https://rydergames.itch.io/block-dodges-blocks/devlog/219719/version-103-is-saying-hello-to-the-world,,2025-07-09
https://rydergames.itch.io/block-dodges-blocks/devlog/222990/new-update-105,,2025-07-09
https://acidatm.itch.io/acid/devlog/224473/acid-011,,2025-07-09
https://acidatm.itch.io/acid/devlog/224475/acid-010,,2025-07-09
https://rydergames.itch.io/block-dodges-blocks/devlog/229124/update-107-unscheduled,,2025-07-09
https://acidatm.itch.io/acid/devlog/245020/acid-012,,2025-07-09
https://spacegoblingames.itch.io/seedship/devlog/257293/downloadable-versions,,2025-07-09
https://cemckrc.itch.io/katman/devlog/279305/katman-guncelleme,,2025-07-09
https://theglazedham.itch.io/the-endless-locker/devlog/325573/first-update-fix-01,,2025-07-09
https://superkalio.itch.io/thesilentweapon/devlog/329025/update-02,,2025-07-09
https://theglazedham.itch.io/the-endless-locker/devlog/333237/update-02,,2025-07-09
https://superkalio.itch.io/thesilentweapon/devlog/356077/2022-major-updates,,2025-07-09
https://edgecopecorp.itch.io/dragons-defense/devlog/364180/update-to-v09,,2025-07-09
https://edgecopecorp.itch.io/dragons-defense/devlog/370660/the-full-10,,2025-07-09
https://edgecopecorp.itch.io/dragons-defense/devlog/370974/source-code-posted,,2025-07-09
https://spacegoblingames.itch.io/beyond-the-chiron-gate/devlog/376830/beyond-the-chiron-gate-is-now-out,,2025-07-09
https://spacegoblingames.itch.io/beyond-the-chiron-gate/devlog/377270/bug-fix-update-101,,2025-07-09
https://spacegoblingames.itch.io/beyond-the-chiron-gate/devlog/379639/bug-fix-update-102,,2025-07-09
https://spacegoblingames.itch.io/beyond-the-chiron-gate/devlog/381920/bug-fix-update-103,,2025-07-09
https://spacegoblingames.itch.io/beyond-the-chiron-gate/devlog/383421/phone-apps,,2025-07-09
https://spacegoblingames.itch.io/beyond-the-chiron-gate/devlog/385935/bug-fix-update-104,,2025-07-09
https://superkalio.itch.io/thesilentweapon/devlog/389935/2022-wip1,,2025-07-09
https://spacegoblingames.itch.io/beyond-the-chiron-gate/devlog/390114/bug-fix-update-105,,2025-07-09
https://superkalio.itch.io/thesilentweapon/devlog/393533/new-shooter-gameplay-video-with-sfx-wip,,2025-07-09
https://jadejesp.itch.io/byte-the-bullet/devlog/397604/version-011,,2025-07-09
https://edgecopecorp.itch.io/hypermarket-power/devlog/399096/fixed-hypermarket,,2025-07-09
https://incanarcade.itch.io/matchy-dice/devlog/408232/new-move-indicators-added,,2025-07-09
https://spacegoblingames.itch.io/beyond-the-chiron-gate/devlog/419278/content-update-11-endless-mode-and-new-content,,2025-07-09
https://spacegoblingames.itch.io/beyond-the-chiron-gate/devlog/423174/bug-fix-update-111,,2025-07-09
https://edgecopecorp.itch.io/hypermarket-power/devlog/429491/source-code-posted,,2025-07-09
https://itch.io/c/178338/gaming-collection,,2025-07-09
https://itch.io/c/180092/skoids-collection,,2025-07-09
https://itch.io/c/285515/juliendrioss-collection,,2025-07-09
https://itch.io/c/3267001/spaceybrainss-collection,,2025-07-09
https://itch.io/c/3268181/jeu,,2025-07-09
https://itch.io/c/3337477/scp,,2025-07-09
https://itch.io/c/3349953/yomamafayes-collection,,2025-07-09
https://itch.io/c/3370748/anupamnaskars-collection,,2025-07-09
https://itch.io/c/3376333/tewoests-collection,,2025-07-09
https://itch.io/c/3394124/space-opera-ttrpg,,2025-07-09
https://itch.io/c/3414860/betas,,2025-07-09
https://itch.io/c/3426003/elle-3s-collection,,2025-07-09
https://itch.io/c/3439181/tytezzahs-collection,,2025-07-09
https://itch.io/c/3454960/replay,,2025-07-09
https://itch.io/c/3512996/2023-graduate-showcase,,2025-07-09
https://itch.io/c/3559241/proudprototypes-collection,,2025-07-09
https://itch.io/c/3559792/caboose32s-collection,,2025-07-09
https://itch.io/c/3560373/best-games,,2025-07-09
https://itch.io/c/3569116/kowtowrobinsons-collection,,2025-07-09
https://itch.io/c/3570798/whofarteds-collection,,2025-07-09
https://itch.io/c/3570984/kyocras-collection,,2025-07-09
https://itch.io/c/3585182/past-played-games,,2025-07-09
https://itch.io/c/3600462/-,,2025-07-09
https://itch.io/c/3602534/wishlist,,2025-07-09
https://itch.io/c/3605851/eviecoms-collection,,2025-07-09
https://itch.io/c/3612950/pretty-cool-games,,2025-07-09
https://itch.io/c/3622484/mankey136s-collection,,2025-07-09
https://itch.io/c/3630862/visual-novel,,2025-07-09
https://itch.io/c/3642245/fly-fire1000s-collection,,2025-07-09
https://itch.io/c/3649164/-,,2025-07-09
https://itch.io/c/3676632/ryces-collection,,2025-07-09
https://itch.io/c/3685918/others,,2025-07-09
https://itch.io/c/3706543/mickey677s-collection,,2025-07-09
https://itch.io/c/3711549/sangoats-collection,,2025-07-09
https://itch.io/c/3744861/buy,,2025-07-09
https://itch.io/c/3746793/rpg-tools,,2025-07-09
https://itch.io/c/3760100/owned-assets,,2025-07-09
https://itch.io/c/3787873/idosexalot31s-collection,,2025-07-09
https://itch.io/c/3792754/tedttrfs-collection,,2025-07-09
https://itch.io/c/3809963/mikewightmans-collection,,2025-07-09
https://itch.io/c/3841247/karaneas-wishlist,,2025-07-09
https://itch.io/c/3861456/lost-worlds,,2025-07-09
https://itch.io/c/3873882/kudzukuns-collection,,2025-07-09
https://itch.io/c/3880310/interactive-fics,,2025-07-09
https://itch.io/c/3895619/theopiece1s-collection,,2025-07-09
https://itch.io/c/3908883/student-projects,,2025-07-09
https://itch.io/c/3926781/jeriko879s-collection,,2025-07-09
https://itch.io/c/3942704/jesses-collection,,2025-07-09
https://itch.io/c/3948076/tonixvoidrunners-collection,,2025-07-09
https://itch.io/c/3960648/lexlerxsts-collection,,2025-07-09
https://itch.io/c/4014996/horror,,2025-07-09
https://itch.io/c/4019685/harharfazbears-collection,,2025-07-09
https://itch.io/c/4056725/shadowoffrozentimes-collection,,2025-07-09
https://itch.io/c/4078781/greggassters-collection,,2025-07-09
https://itch.io/c/4087756/watermelooohns-collection,,2025-07-09
https://itch.io/c/4103535/pepeln1tsas-collection,,2025-07-09
https://itch.io/c/4116318/3d,,2025-07-09
https://itch.io/c/4129934/boobendos-collection,,2025-07-09
https://itch.io/c/4133384/panda01reals-collection,,2025-07-09
https://itch.io/c/4157542/cuteman254s-collection,,2025-07-09
https://itch.io/c/4163922/horror-2-xd,,2025-07-09
https://itch.io/c/4189504/emily123456678899976s-collection,,2025-07-09
https://itch.io/c/4205974/assets,,2025-07-09
https://itch.io/c/4227885/favs-,,2025-07-09
https://itch.io/c/4242904,,2025-07-09
https://itch.io/c/4249046/initialwriters-collection,,2025-07-09
https://itch.io/c/4265710/games-of-interest,,2025-07-09
https://itch.io/c/4282124/alexs-collection,,2025-07-09
https://itch.io/c/4283030/chrisspartas-collection,,2025-07-09
https://itch.io/c/4285797/game-assets,,2025-07-09
https://itch.io/c/4291191/osydns-collection,,2025-07-09
https://itch.io/c/4299419/bornkiller1463s-collection,,2025-07-09
https://itch.io/c/4300585/ksordys-collection,,2025-07-09
https://itch.io/c/4305349/chloe-chs-collection,,2025-07-09
https://itch.io/c/4340859/sailsailsails-collection,,2025-07-09
https://itch.io/c/4345516/tools,,2025-07-09
https://itch.io/c/4367532/alde-402s-collection,,2025-07-09
https://itch.io/c/4383881/top,,2025-07-09
https://itch.io/c/4392146/to-play,,2025-07-09
https://itch.io/c/4404632/jackthecolorfulcats-collection,,2025-07-09
https://itch.io/c/4410964/ssssssssssssas-collection,,2025-07-09
https://itch.io/c/4414703/drxppyszns-collection,,2025-07-09
https://itch.io/c/4434883/hondulusbonduluss-collection,,2025-07-09
https://itch.io/c/4438345/pizzapens-collection,,2025-07-09
https://itch.io/c/4456906/cute-short-games-,,2025-07-09
https://itch.io/c/4462335/i-recommend,,2025-07-09
https://itch.io/c/4478610/mamkafa9s-collection,,2025-07-09
https://itch.io/c/4480067/iheavens-collection,,2025-07-09
https://itch.io/c/4486604/cutie-ffriends,,2025-07-09
https://itch.io/c/4508486/cheechdgafs-collection,,2025-07-09
https://itch.io/c/4511845/games-i-need-to-pay-for,,2025-07-09
https://itch.io/c/4514087/ttrpgs,,2025-07-09
https://itch.io/c/4520367/ayleths-collection,,2025-07-09
https://itch.io/c/4522769/games,,2025-07-09
https://itch.io/c/4525552/library,,2025-07-09
https://itch.io/c/4526921/brutaltruths-collection,,2025-07-09
https://itch.io/c/4533530/843958329s-collection,,2025-07-09
https://itch.io/c/4537461/lzjacksons-collection-butter-game,,2025-07-09
https://itch.io/c/4539058/gluboxxs-collection,,2025-07-09
https://itch.io/c/4549780/wishlist,,2025-07-09
https://itch.io/c/4550263/buy-later,,2025-07-09
https://itch.io/c/4571414/anju-negaums-collection,,2025-07-09
https://itch.io/c/4580423/adrenalinejunkies-collection,,2025-07-09
https://itch.io/c/4601026/bsddsshinobus-collection,,2025-07-09
https://itch.io/c/4620942/to-be-played,,2025-07-09
https://itch.io/c/4622799/nice,,2025-07-09
https://itch.io/c/4636191/vbryan888s-collection,,2025-07-09
https://itch.io/c/4640479/anyinings-collection,,2025-07-09
https://itch.io/c/4647601/mlgb54088s-collection,,2025-07-09
https://itch.io/c/4656279/flamecrafter511s-collection,,2025-07-09
https://itch.io/c/4661244/computer-games,,2025-07-09
https://itch.io/c/4664071/get,,2025-07-09
https://itch.io/c/4665231/3157332117s-collection,,2025-07-09
https://itch.io/c/4676490/sprite-packs,,2025-07-09
https://itch.io/c/4677586/les,,2025-07-09
https://itch.io/c/4685035/what,,2025-07-09
https://itch.io/c/4694039/demurrages-collection,,2025-07-09
https://itch.io/c/4695320/jaxszs-collection,,2025-07-09
https://itch.io/c/4723106/zines,,2025-07-09
https://itch.io/c/4726081/anonymoose125s-collection,,2025-07-09
https://itch.io/c/4748745/pu-ying-yan-hus-collection,,2025-07-09
https://itch.io/c/4749745/daora,,2025-07-09
https://itch.io/c/4751892/browser-games,,2025-07-09
https://itch.io/c/4770056/the-monsters-collection,,2025-07-09
https://itch.io/c/4774572/stardust272s-collection,,2025-07-09
https://itch.io/c/4790027/games-cause-im-bored,,2025-07-09
https://itch.io/c/4792970/roms,,2025-07-09
https://itch.io/c/4795139/on-the-wishlist,,2025-07-09
https://itch.io/c/4803279/lustygardeners-collection,,2025-07-09
https://itch.io/c/4811660/bylgates-collection,,2025-07-09
https://itch.io/c/4812143/alex992058s-collection,,2025-07-09
https://itch.io/c/4814482/diger-piks-collection,,2025-07-09
https://itch.io/c/4819184/nsfw-collection,,2025-07-09
https://itch.io/c/4832359/bucknastys-collection,,2025-07-09
https://itch.io/c/4843946/ishintons-collection,,2025-07-09
https://itch.io/c/4847599/neondaybreaks-collection,,2025-07-09
https://itch.io/c/4848759/isaiah37gs-collection,,2025-07-09
https://itch.io/c/4856846/0822rainfalls-collection,,2025-07-09
https://itch.io/c/4863473/gongwools-collection,,2025-07-09
https://itch.io/c/4868191/lustrels-collection,,2025-07-09
https://itch.io/c/4870374/cool-games-d,,2025-07-09
https://itch.io/c/4878856/fred-the-fishs-collection,,2025-07-09
https://itch.io/c/4881595/fpsgamer99s-collection,,2025-07-09
https://itch.io/c/4891485/dookiemcpees-collection,,2025-07-09
https://itch.io/c/4915655/calib-gamers-collection,,2025-07-09
https://itch.io/c/4921426/pico-8-paradise,,2025-07-09
https://itch.io/c/4922429/needyheifers-collection,,2025-07-09
https://itch.io/c/4933207/diddys-lubricant,,2025-07-09
https://itch.io/c/4946070/to-play,,2025-07-09
https://itch.io/c/4951647/emii242s-collection,,2025-07-09
https://itch.io/c/4953105/libros-y-cmics,,2025-07-09
https://itch.io/c/4964922/24torchic200s-collection,,2025-07-09
https://itch.io/c/4977271/crowe4aggots-collection,,2025-07-09
https://itch.io/c/4996876/giorgio05s-collection,,2025-07-09
https://itch.io/c/5003364/devataaaas-collection,,2025-07-09
https://itch.io/c/5017400/test-out,,2025-07-09
https://itch.io/c/5030648/love-it,,2025-07-09
https://itch.io/c/5032591/cnskaylees-collection,,2025-07-09
https://itch.io/c/5038508/juegos-goty,,2025-07-09
https://itch.io/c/5044351/colby1988s-collection,,2025-07-09
https://itch.io/c/5051046/hamaya3s-collection,,2025-07-09
https://itch.io/c/5051731/lolitalucass-collection,,2025-07-09
https://itch.io/c/5054656/jasminnesms-collection,,2025-07-09
https://itch.io/c/5064873/medic996s-collection,,2025-07-09
https://itch.io/c/5073998/redtrain99s-collection,,2025-07-09
https://itch.io/c/5074636/casual,,2025-07-09
https://itch.io/c/5075371/lirfs-collection,,2025-07-09
https://itch.io/c/5078010/the-sent1nels-collection,,2025-07-09
https://itch.io/c/5079764/ary3s-collection,,2025-07-09
https://itch.io/c/5085996/mdias,,2025-07-09
https://itch.io/c/5092147/christmas,,2025-07-09
https://itch.io/c/5094261/otome,,2025-07-09
https://itch.io/c/5098049/cxhieus-collection,,2025-07-09
https://itch.io/c/5098445,,2025-07-09
https://itch.io/c/5127037/wildmimikyus-collection,,2025-07-09
https://itch.io/c/5134975/wishlist,,2025-07-09
https://itch.io/c/5146407/esubboys-collection,,2025-07-09
https://itch.io/c/5146453/jogios,,2025-07-09
https://itch.io/c/5146891/r3nzo-11s-collection,,2025-07-09
https://itch.io/c/5152054/korngogs-collection,,2025-07-09
https://itch.io/c/5155853/hehtai,,2025-07-09
https://itch.io/c/5158364/ma-rlly-epik-colection,,2025-07-09
https://itch.io/c/5161782/chacters-ig,,2025-07-09
https://itch.io/c/5162683/xenxens-collection,,2025-07-09
https://itch.io/c/5167077/vore-games,,2025-07-09
https://itch.io/c/5170836/krowking21s-collection,,2025-07-09
https://itch.io/c/5174917/wish-to-buy-2,,2025-07-09
https://itch.io/c/5178545/k-nanass-collection,,2025-07-09
https://itch.io/c/5179450/dating-sims,,2025-07-09
https://itch.io/c/5179659/alexs-collection,,2025-07-09
https://itch.io/c/5181163/fs25,,2025-07-09
https://itch.io/c/5189433/biaklanns-collection,,2025-07-09
https://itch.io/c/5193634/ijustwanna-plays-collection,,2025-07-09
https://itch.io/c/5197698/zdh513s-collection,,2025-07-09
https://itch.io/c/5198414/rodwans-collection,,2025-07-09
https://itch.io/c/5202667/gengzis-collection,,2025-07-09
https://itch.io/c/5210045/evilchick-ns-collection,,2025-07-09
https://itch.io/c/5220818/vasipups-collection,,2025-07-09
https://itch.io/c/5221212/cheesjjbs-collection,,2025-07-09
https://itch.io/c/5221247/stars-favourites,,2025-07-09
https://itch.io/c/5227370/flannerzs-collection,,2025-07-09
https://itch.io/c/5230357/crazybitch37s-collection,,2025-07-09
https://itch.io/c/5233460/male-protag-games,,2025-07-09
https://itch.io/c/5260526/gleeson,,2025-07-09
https://itch.io/c/5260657/niks13s-collection,,2025-07-09
https://itch.io/c/5268527/female-protag-games,,2025-07-09
https://itch.io/c/5271261/bankkoos-collection,,2025-07-09
https://itch.io/c/5272727/gems,,2025-07-09
https://itch.io/c/5272998/skoczone,,2025-07-09
https://itch.io/c/5275509/koleksiyonum,,2025-07-09
https://itch.io/c/5276691/games,,2025-07-09
https://itch.io/c/5276743/appleblossum24s-collection,,2025-07-09
https://itch.io/c/5276814/ferum8s-collection,,2025-07-09
https://itch.io/c/5281460/shadowsbois-collection,,2025-07-09
https://itch.io/c/5283499/00ziellos00s-collection,,2025-07-09
https://itch.io/c/5284659/horror-games,,2025-07-09
https://itch.io/c/5288103/mre19s-collection,,2025-07-09
https://itch.io/c/5289542,,2025-07-09
https://itch.io/c/5292759/dejansrbs-collection,,2025-07-09
https://itch.io/c/5296581/hawlofs-collection,,2025-07-09
https://itch.io/c/5298801/fluffyteddybears-collection,,2025-07-09
https://itch.io/c/5301628/favorite-stuff,,2025-07-09
https://itch.io/c/5310356/juego,,2025-07-09
https://itch.io/c/5313038/ilikecickennuggets69s-collection,,2025-07-09
https://itch.io/c/5318638/lustyaros-collection,,2025-07-09
https://itch.io/c/5321331/cvntys-collection,,2025-07-09
https://itch.io/c/5321720/thediktatortots-collection,,2025-07-09
https://itch.io/c/5321928/inspiration,,2025-07-09
https://itch.io/c/5324862/good-visual-novel,,2025-07-09
https://itch.io/c/5339151/play-at-some-point,,2025-07-09
https://itch.io/c/5340042/cookie0414s-collection,,2025-07-09
https://itch.io/c/5355229/lissafreewinds-collection,,2025-07-09
https://itch.io/c/5364763/stacygotbored123s-collection,,2025-07-09
https://itch.io/c/5366710/kgya,,2025-07-09
https://itch.io/c/5370709/ymr19950913s-collection,,2025-07-09
https://itch.io/c/5381903/decentaxis8383s-collection,,2025-07-09
https://itch.io/c/5393730/thebattlefrontgam3rs-collection,,2025-07-09
https://itch.io/c/5409520/strawberryshark88s-collection,,2025-07-09
https://itch.io/c/5411497/seif33s-collection,,2025-07-09
https://itch.io/c/5411869/otome-have-to-play,,2025-07-09
https://itch.io/c/5416266/championziggys-collection,,2025-07-09
https://itch.io/c/5418085/samgames2025s-collection,,2025-07-09
https://itch.io/c/5420034/besups-collection,,2025-07-09
https://itch.io/c/5420699/hazebordenss-collection,,2025-07-09
https://itch.io/c/5422163/fun,,2025-07-09
https://itch.io/c/5422276/saucy,,2025-07-09
https://itch.io/c/5423084/tvirus0584s-collection,,2025-07-09
https://itch.io/c/5426081/seven-killerss-collection,,2025-07-09
https://itch.io/c/5428614/shiro412s-collection,,2025-07-09
https://itch.io/c/5429842/played,,2025-07-09
https://itch.io/c/5430693/volter25s-collection,,2025-07-09
https://itch.io/c/5432414/game-pad,,2025-07-09
https://itch.io/c/5437217/waiwai726s-collection,,2025-07-09
https://itch.io/c/5438519/nathrirs-collection,,2025-07-09
https://itch.io/c/5446657/moosqwees-collection,,2025-07-09
https://itch.io/c/5447722/lostoones-collection,,2025-07-09
https://itch.io/c/5453365/peak,,2025-07-09
https://itch.io/c/5463454/yandere,,2025-07-09
https://itch.io/c/5464617/my-favourite-ifs,,2025-07-09
https://itch.io/c/5466476/mitchell0912s-collection,,2025-07-09
https://itch.io/c/5467105/-,,2025-07-09
https://itch.io/c/5480484/bfgfys-collection,,2025-07-09
https://itch.io/c/5480619/bigal0104s-collection,,2025-07-09
https://itch.io/c/5483185/snow-bunnygirls-collection,,2025-07-09
https://itch.io/c/5485470/metehan-00s-collection,,2025-07-09
https://itch.io/c/5493110/vixlores-collection,,2025-07-09
https://itch.io/c/5493555/games-i-have-run-as-a-gm,,2025-07-09
https://itch.io/c/5495053/supernaturalsupernovas-collection,,2025-07-09
https://itch.io/c/5496417/ghostface-onlykillss-collection,,2025-07-09
https://itch.io/c/5497350/eduardo025s-collection,,2025-07-09
https://itch.io/c/5499034/my-favorites,,2025-07-09
https://itch.io/c/5504709/georgetheclocks-collection,,2025-07-09
https://itch.io/c/5515166/megajirafs-collection,,2025-07-09
https://itch.io/c/5521455/tylers-recs,,2025-07-09
https://itch.io/c/5526154/hydra72s-collection,,2025-07-09
https://itch.io/c/5531962/avn,,2025-07-09
https://itch.io/c/5536586/games-1,,2025-07-09
https://itch.io/c/5536798/kkk,,2025-07-09
https://itch.io/c/5540958/reiningiyas-collection,,2025-07-09
https://itch.io/c/5542641/glum31s-collection,,2025-07-09
https://itch.io/c/5543649/shintoro453s-collection,,2025-07-09
https://itch.io/c/5543858/try-later,,2025-07-09
https://itch.io/c/5552165/tainted-bubbles-collection,,2025-07-09
https://itch.io/c/5558952/finished-abandoned,,2025-07-09
https://itch.io/c/5560751/tryblueflys-collection,,2025-07-09
https://itch.io/c/5567547/cutiepatootieuwus-collection,,2025-07-09
https://itch.io/c/5569936/emmyciyats-collection,,2025-07-09
https://itch.io/c/5570277/hardyleon88s-collection,,2025-07-09
https://itch.io/c/5570880/bigchungussks-collection,,2025-07-09
https://itch.io/c/5576537/missingcavern-102s-collection,,2025-07-09
https://itch.io/c/5576667/infamousdlcs-collection,,2025-07-09
https://itch.io/c/5578284/anulis-collection,,2025-07-09
https://itch.io/c/5589238/archaicsoil01s-collection,,2025-07-09
https://itch.io/c/5589603/plushtrol243s-collection,,2025-07-09
https://itch.io/c/5593777/kosheres-collection,,2025-07-09
https://itch.io/c/5596373/rterracc4s-collection,,2025-07-09
https://itch.io/c/5597320/peter22332s-collection,,2025-07-09
https://itch.io/c/5598419/misc-,,2025-07-09
https://itch.io/c/5608570/zipzipzipzapzapzapzepzeps-collection,,2025-07-09
https://itch.io/c/5614192/latexspiders-collection,,2025-07-09
https://itch.io/c/5615352/gaw25,,2025-07-09
https://itch.io/c/5623296/furry-games,,2025-07-09
https://itch.io/c/5624964/hentai,,2025-07-09
https://itch.io/c/5625160/nixon-20s-collection,,2025-07-09
https://itch.io/c/5628521/rapidclovers-collection,,2025-07-09
https://itch.io/c/5633468/rodjocks-collection,,2025-07-09
https://itch.io/c/5640145/khenialenechs-collection,,2025-07-09
https://itch.io/c/5641717/babypluspluss-collection,,2025-07-09
https://itch.io/c/5650118/horrorfabulas-collection,,2025-07-09
https://itch.io/c/5655495/assets,,2025-07-09
https://itch.io/c/5656941/bitsy,,2025-07-09
https://itch.io/c/5657753/darikens-collection,,2025-07-09
https://itch.io/c/5661395/moriasprofessors-collection,,2025-07-09
https://itch.io/c/5661833/must-playyyyyy,,2025-07-09
https://itch.io/c/5662339/toki976s-collection,,2025-07-09
https://itch.io/c/5663650/best-horror-games-2025,,2025-07-09
https://itch.io/c/5664305/joe264s-collection,,2025-07-09
https://itch.io/c/5664347/que-dire-des-oeuvres-darts-,,2025-07-09
https://itch.io/c/5666040/folabi123s-collection,,2025-07-09
https://itch.io/c/5668506/browser-games,,2025-07-09
https://itch.io/c/5674608/unique-puzzle-game,,2025-07-09
https://itch.io/c/5674663/chill-games,,2025-07-09
https://itch.io/c/5677872/ndrjds1526s-collection,,2025-07-09
https://itch.io/c/5681669/dobi0647s-collection,,2025-07-09
https://itch.io/c/5682712/hehehe,,2025-07-09
https://itch.io/c/5685993/shadows767s-collection,,2025-07-09
https://itch.io/c/5687038/xxerosenxxs-collection,,2025-07-09
https://itch.io/c/5687195/zry215747s-collection,,2025-07-09
https://itch.io/c/5688737/sus13-f1tzg3r0lds-collection,,2025-07-09
https://itch.io/c/5692349/planum-cosmicum,,2025-07-09
https://itch.io/c/5699081/cards,,2025-07-09
https://itch.io/c/5700957/mr-ltgs-collection,,2025-07-09
https://itch.io/c/5709284/acidixzs-collection,,2025-07-09
https://itch.io/c/5710481/louknots-collection,,2025-07-09
https://itch.io/c/5712472/horror,,2025-07-09
https://itch.io/c/5714338/allexciteds-collection,,2025-07-09
https://itch.io/c/5716168/acordero0909s-collection,,2025-07-09
https://itch.io/c/5720292/zevwaxs-collection,,2025-07-09
https://itch.io/c/5721706/5zfxqlqgw9rus-collection,,2025-07-09
https://itch.io/c/5724534/joseph47747s-collection,,2025-07-09
https://itch.io/c/5726235/goya441991s-collection,,2025-07-09
https://itch.io/c/5727602/assets,,2025-07-09
https://itch.io/c/5732133,,2025-07-09
https://itch.io/c/5732311/wowowow,,2025-07-09
https://itch.io/c/5733500/all-time-bangers,,2025-07-09
https://itch.io/c/5734611/checkmasters-collection,,2025-07-09
https://itch.io/c/5736092/stuff-i-like,,2025-07-09
https://itch.io/c/5736648/played,,2025-07-09
https://itch.io/c/5737711/-to-be-played,,2025-07-09
https://itch.io/c/5740578/if-games-text-based,,2025-07-09
https://itch.io/c/5740623/if-games-visual-novel,,2025-07-09
https://itch.io/c/5742451/cheesus9870s-collection,,2025-07-09
https://itch.io/c/5745124/1,,2025-07-09
https://itch.io/c/5746772/kingbases-collection,,2025-07-09
https://itch.io/c/5748282/waiting,,2025-07-09
https://itch.io/c/5748293/future,,2025-07-09
https://itch.io/c/5750490/jizzz65s-collection,,2025-07-09
https://itch.io/c/5752412/gm-mystery,,2025-07-09
https://itch.io/c/5753725/drauli0s-collection,,2025-07-09
https://itch.io/c/5754022/cy-borg,,2025-07-09
https://itch.io/c/5756054/new,,2025-07-09
https://itch.io/c/5756146/kamads-collection,,2025-07-09
https://itch.io/c/5757538/peepeeboy01s-collection,,2025-07-09
https://itch.io/c/5758387/my-trijam-entries,,2025-07-09
https://itch.io/c/5758883/sigasigamans-collection,,2025-07-09
https://itch.io/c/5763943/my-list-lol,,2025-07-09
https://itch.io/c/5765193/dougdabugs-collection,,2025-07-09
https://itch.io/c/5766326/fushiwooshyvues-collection,,2025-07-09
https://itch.io/c/5768824/games-2-try,,2025-07-09
https://itch.io/c/5771637/rickymorningstars-collection,,2025-07-09
https://itch.io/c/5776434/3,,2025-07-09
https://itch.io/c/5777268/birdyarelings-collection,,2025-07-09
https://itch.io/c/5777304/bangarang969s-collection,,2025-07-09
https://itch.io/c/5779292/3,,2025-07-09
https://itch.io/c/5780576/stoopidnuggets-collection,,2025-07-09
https://itch.io/c/5780900/maddogdjs-collection,,2025-07-09
https://itch.io/c/5781475/nightszzzzs-collection,,2025-07-09
https://itch.io/c/5781976/viiiii444s-collection,,2025-07-09
https://itch.io/c/5785279/mrbadman001s-collection,,2025-07-09
https://itch.io/c/5786094/luna-2011s-collection,,2025-07-09
https://itch.io/c/5787152/link101mans-collection,,2025-07-09
https://itch.io/c/5793899/sudden371s-collection,,2025-07-09
https://itch.io/c/5794846/ryanthelion1167s-collection,,2025-07-09
https://itch.io/c/5796196/a-probar,,2025-07-09
https://itch.io/c/5796753/zigzag5552s-collection,,2025-07-09
https://itch.io/c/5799217/carlos-emanuel-come-comes-collection,,2025-07-09
https://itch.io/c/5799496/ttrpg-tools-i-like,,2025-07-09
https://itch.io/c/5802286/concept-art-project,,2025-07-09
https://itch.io/c/5803237/lovelive2ds-collection,,2025-07-09
https://itch.io/c/5803929/pc,,2025-07-09
https://itch.io/c/5805617/chrismeos-collection,,2025-07-09
https://itch.io/c/5806057/gin95269s-collection,,2025-07-09
https://itch.io/c/5806094/creepy,,2025-07-09
https://itch.io/c/5808535/zzszys520s-collection,,2025-07-09
https://itch.io/c/5809478/princess1111s-collection,,2025-07-09
https://itch.io/c/5811124/horror,,2025-07-09
https://itch.io/c/5811182/covlless-collection,,2025-07-09
https://itch.io/c/5812188/dragonwoxls-collection,,2025-07-09
https://itch.io/c/5814458/nice,,2025-07-09
https://itch.io/c/5814460/pufflemuffs-collection,,2025-07-09
https://itch.io/c/5815060/gibvks-collection,,2025-07-09
https://itch.io/c/5815464/jlandforms-collection,,2025-07-09
https://itch.io/c/5815984/font,,2025-07-09
https://itch.io/c/5816372/shayu0327s-collection,,2025-07-09
https://itch.io/c/5818625/sfw,,2025-07-09
https://itch.io/c/5822257/other-nsfw-furry-art,,2025-07-09
https://itch.io/c/5823819/hesu1234s-collection,,2025-07-09
https://itch.io/c/5823826/rummelboxers-collection,,2025-07-09
https://itch.io/c/5828893/my-doomed-men,,2025-07-09
https://itch.io/c/5829192/akirabss-collection,,2025-07-09
https://itch.io/c/5829686/3d-low-poly,,2025-07-09
https://itch.io/c/5830447/maybe,,2025-07-09
https://itch.io/c/5831311/dispel-magics-collection,,2025-07-09
https://itch.io/c/5832259/juegos,,2025-07-09
https://itch.io/c/5832392/newcollection,,2025-07-09
https://itch.io/c/5834230/filipeondores-collection,,2025-07-09
https://itch.io/c/5837944/unholyyy13s-collection,,2025-07-09
https://itch.io/c/5838956/xiaoqifushengs-collection,,2025-07-09
https://itch.io/c/5839610/games-2,,2025-07-09
https://itch.io/c/5839849/angelfire1s-collection,,2025-07-09
https://itch.io/c/5840871/buggaboobabys-collection,,2025-07-09
https://itch.io/c/5842759/dubiousroosters-collection,,2025-07-09
https://itch.io/c/5843648/lancelord11s-collection,,2025-07-09
https://itch.io/c/5845165/shadowdemonbes-collection,,2025-07-09
https://itch.io/c/5845799/good-romance-games,,2025-07-09
https://itch.io/c/5847629/to-play,,2025-07-09
https://itch.io/c/5847690/kicelbs-collection,,2025-07-09
https://itch.io/c/5849355/han-nqs-collection,,2025-07-09
https://itch.io/c/5849995/shanpoons-collection,,2025-07-09
https://itch.io/c/5850518/comprartuamae,,2025-07-09
https://itch.io/c/5850549/mookahellds-collection,,2025-07-09
https://itch.io/c/5851530/play,,2025-07-09
https://itch.io/c/5851804/butterflyplays-collection,,2025-07-09
https://itch.io/c/5853113/gubbgraters-collection,,2025-07-09
https://itch.io/c/5854255,,2025-07-09
https://itch.io/c/5854924/thefruitolios-collection,,2025-07-09
https://itch.io/c/5857934/rosalyacherrys-collection,,2025-07-09
https://itch.io/c/5857993/horror,,2025-07-09
https://itch.io/c/5858671/trike-21s-collection,,2025-07-09
https://itch.io/c/5862130/helltakens-collection,,2025-07-09
https://itch.io/c/5862869/randalosguadalupes-collection,,2025-07-09
https://itch.io/c/5863299/action,,2025-07-09
https://itch.io/c/5864285/totally-normal-sprunki-games,,2025-07-09
https://itch.io/c/5866737/userunkn0wns-collection,,2025-07-09
https://itch.io/c/5867464/naturalwells-collection,,2025-07-09
https://itch.io/c/5867506,,2025-07-09
https://itch.io/c/5867736/2d,,2025-07-09
https://itch.io/c/5870178/fate,,2025-07-09
https://itch.io/c/5870388/tissuebocss-collection,,2025-07-09
https://itch.io/c/5871687/game-graveyard,,2025-07-09
https://itch.io/c/5871729/zoroa64s-collection,,2025-07-09
https://itch.io/c/5871951/plugos-collection,,2025-07-09
https://itch.io/c/5875755/comic,,2025-07-09
https://itch.io/c/5876027/clockkeepers-collection,,2025-07-09
https://itch.io/c/5876151/aiana09887s-collection,,2025-07-09
https://itch.io/c/5876256/bigbull69s-collection,,2025-07-09
https://itch.io/c/5876279/rteqes-collection,,2025-07-09
https://itch.io/c/5878106/lordsamaels-collection,,2025-07-09
https://itch.io/c/5879693/userunkn0wns-collection,,2025-07-09
https://itch.io/c/5881531/yukkuri929s-collection,,2025-07-09
https://itch.io/c/5884800/buttpirate77777s-collection,,2025-07-09
https://itch.io/c/5886706/conciofostos-collection,,2025-07-09
https://itch.io/c/5887271/kitxx228s-collection,,2025-07-09
https://itch.io/c/5888391/warreng2294s-collection,,2025-07-09
https://itch.io/c/5889824/desk-of-pauls-collection,,2025-07-09
https://itch.io/c/5890197/gbbvs-collection,,2025-07-09
https://itch.io/c/5892244/tossables-collection,,2025-07-09
https://itch.io/c/5892651/teritarys-collection,,2025-07-09
https://itch.io/c/5892749/gummi-sugurus-collection,,2025-07-09
https://itch.io/c/5892982/the-good-shit-tm,,2025-07-09
https://itch.io/c/5893063/dawg-mostly-dating-sims,,2025-07-09
https://itch.io/c/5893958/apink-bews-collection,,2025-07-09
https://itch.io/c/5894347/popsbensons-collection,,2025-07-09
https://itch.io/c/5896915/others,,2025-07-09
https://itch.io/c/5897811/rii-asmods-collection,,2025-07-09
https://itch.io/c/5897839/review,,2025-07-09
https://itch.io/c/5898408/all-finished-games,,2025-07-09
https://itch.io/c/5898411/all-done-games,,2025-07-09
https://itch.io/c/5899506/alchemysolgods-collection,,2025-07-09
https://itch.io/c/5900118/lebetes-collection,,2025-07-09
https://itch.io/c/5900923/rogue,,2025-07-09
https://itch.io/c/5904119/kusttiks-collection,,2025-07-09
https://itch.io/c/5905203/charcoalcheeses-collection,,2025-07-09
https://itch.io/c/5906086/collection-01,,2025-07-09
https://itch.io/c/5906498/amn101s-collection,,2025-07-09
https://itch.io/c/5906673/abacon-1000s-collection,,2025-07-09
https://itch.io/c/5906877/favorites,,2025-07-09
https://itch.io/c/5907733/comics,,2025-07-09
https://itch.io/c/5907797/xxmsslimeballbballinxxs-collection,,2025-07-09
https://itch.io/c/5908136/unholybible667s-collection,,2025-07-09
https://itch.io/c/5908324/sologm-less-games-i-heart,,2025-07-09
https://itch.io/c/5908397/get-on-my-table-asap,,2025-07-09
https://itch.io/c/5909001/katowo2235s-collection,,2025-07-09
https://itch.io/c/5909089/sjmsjmsjms-collection,,2025-07-09
https://itch.io/c/5909177/galaxy-gonzalezs-collection,,2025-07-09
https://itch.io/c/5909271/aquanewsonesites-collection,,2025-07-09
https://itch.io/c/5909700/raulitus-collection,,2025-07-09
https://itch.io/c/5909973/gamefans-collection,,2025-07-09
https://itch.io/c/5910038/vifty73s-collection,,2025-07-09
https://itch.io/c/5912841/ahmeds-collection,,2025-07-09
https://itch.io/c/5916552/nickerics-collection,,2025-07-09
https://itch.io/c/5917366/focaccia1s-collection,,2025-07-09
https://itch.io/c/5917860/moonheadxxls-collection,,2025-07-09
https://itch.io/c/5920580/ghastlysssss-collection,,2025-07-09
https://itch.io/c/5922079/itchio-12s-collection,,2025-07-09
https://itch.io/c/5922105/ttrpgs,,2025-07-09
https://itch.io/c/5922558/mygames,,2025-07-09
https://itch.io/c/5923661/xv88stealthsuits-collection,,2025-07-09
https://itch.io/c/5925682/milk19s-collection,,2025-07-09
https://itch.io/c/5926096/contributor-voodoo,,2025-07-09
https://itch.io/c/5926772/jogos-normais-de-romance,,2025-07-09
https://itch.io/c/5927327/91vip1s-collection,,2025-07-09
https://itch.io/c/5927746/game-android,,2025-07-09
https://itch.io/c/5930569/want-to-play,,2025-07-09
https://itch.io/c/5930865/joddsons-collection,,2025-07-09
https://itch.io/c/5931290/incredibox-yt,,2025-07-09
https://itch.io/c/5931474/loras1206s-collection,,2025-07-09
https://itch.io/c/5933534/inspiration,,2025-07-09
https://itch.io/c/5935563/sussy,,2025-07-09
https://itch.io/c/5935778/redjoks-collection,,2025-07-09
https://itch.io/c/5937261/xxcstl3s-collection,,2025-07-09
https://itch.io/c/5938391/1207715433s-collection,,2025-07-09
https://itch.io/c/5938666/chill,,2025-07-09
https://itch.io/c/5940259/latexi-00s-collection,,2025-07-09
https://itch.io/c/5940969/plan-to-play,,2025-07-09
https://itch.io/c/5941193/zaercats-collection,,2025-07-09
https://itch.io/c/5941504/horror-indie,,2025-07-09
https://itch.io/c/5941888/laughingfox3845s-collection,,2025-07-09
https://itch.io/c/5942423/solo-rpg,,2025-07-09
https://itch.io/c/5942445/keepers-from-narrascope,,2025-07-09
https://itch.io/c/5942517/estebaneuxs-collection,,2025-07-09
https://itch.io/c/5943195/payant-,,2025-07-09
https://itch.io/c/5944835/others,,2025-07-09
https://itch.io/c/5945377/boring-printouts,,2025-07-09
https://itch.io/c/5946119/everlazuris-collection,,2025-07-09
https://itch.io/c/5946504/ankit3714cs-collection,,2025-07-09
https://itch.io/c/5947209/koudmasters-collection,,2025-07-09
https://itch.io/c/5947886/sangoats-collection,,2025-07-09
https://itch.io/c/5948319/darknight101s-collection,,2025-07-09
https://itch.io/c/5949030/collection,,2025-07-09
https://itch.io/c/5949270/itskamis-collection,,2025-07-09
https://itch.io/c/5949599/tesorofiross-collection,,2025-07-09
https://itch.io/c/5951219/dask-recommendeds,,2025-07-09
https://itch.io/c/5951226/aroxiiis-collection,,2025-07-09
https://itch.io/c/5951379/some-sexy-games,,2025-07-09
https://itch.io/c/5952034/bananpannkakas-collection,,2025-07-09
https://itch.io/c/5952874/skibiditoiletlols-collection,,2025-07-09
https://itch.io/c/5952953/gridzeros-collection,,2025-07-09
https://itch.io/c/5953561/horor,,2025-07-09
https://itch.io/c/5953716/visual-novel-games,,2025-07-09
https://itch.io/c/5954183/pxlperveyors-collection,,2025-07-09
https://itch.io/c/5955718/oyuncu12s-collection,,2025-07-09
https://itch.io/c/5956074/blazecalibers-collection,,2025-07-09
https://itch.io/c/5956152/333,,2025-07-09
https://itch.io/c/5956476/davidcavaco18s-collection,,2025-07-09
https://itch.io/c/5957106/played-games,,2025-07-09
https://itch.io/c/5959303/xtremz59201s-collection,,2025-07-09
https://itch.io/c/5960197/jsoqvqis-collection,,2025-07-09
https://itch.io/c/5960312/gamestoplay,,2025-07-09
https://itch.io/c/5960996/14159265s-collection,,2025-07-09
https://itch.io/c/5961522/to-be-played,,2025-07-09
https://itch.io/c/5961724/things-to-write-with,,2025-07-09
https://itch.io/c/5962831/laotiaos-collection,,2025-07-09
https://itch.io/c/5962862/pedroacs-collection,,2025-07-09
https://itch.io/c/5963067/favorite,,2025-07-09
https://itch.io/c/5963375/hxb13615950112s-collection,,2025-07-09
https://itch.io/c/5963961/bobthejesters-collection,,2025-07-09
https://itch.io/c/5964229/xigeges-collection,,2025-07-09
https://itch.io/c/5965502/to-play,,2025-07-09
https://itch.io/c/5965504/berskelruss-collection,,2025-07-09
https://itch.io/c/5965537/ockbrots-collection,,2025-07-09
https://itch.io/c/5965579/pinas123s-collection,,2025-07-09
https://itch.io/c/5966036/generators,,2025-07-09
https://itch.io/c/5966050/nuttymonos-collection,,2025-07-09
https://itch.io/c/5966441/lisasoto8088gmailcoms-collection,,2025-07-09
https://itch.io/c/5966666/my-games,,2025-07-09
https://itch.io/c/5967522/nikkamis-collection,,2025-07-09
https://itch.io/c/5967618/mruknown1929s-collection,,2025-07-09
https://itch.io/c/5967940/allexa705s-collection,,2025-07-09
https://itch.io/c/5968653/solo-someday,,2025-07-09
https://itch.io/c/5968696/billypods-collection,,2025-07-09
https://itch.io/c/5968895/interesting-low5044s-collection,,2025-07-09
https://itch.io/c/5969453/hum3r4ys-collection,,2025-07-09
https://itch.io/c/5969459/indy-yipes-collection,,2025-07-09
https://itch.io/c/5969949/fr0z3nd0wns-collection,,2025-07-09
https://itch.io/c/5970617/indie-games-to-play,,2025-07-09
https://itch.io/c/5970739/games-i-like,,2025-07-09
https://itch.io/c/5971646,,2025-07-09
https://itch.io/c/5972023/isimsizbiris-collection,,2025-07-09
https://itch.io/c/5972104/keinsdars-collection,,2025-07-09
https://itch.io/c/5972631/wholesome-lil-games,,2025-07-09
https://itch.io/c/5973179/diamondchariots-collection,,2025-07-09
https://itch.io/c/5973295/1bit,,2025-07-09
https://itch.io/c/5973485/visual-novels-i-worship,,2025-07-09
https://itch.io/c/5973627/dyfyfys-collection,,2025-07-09
https://itch.io/c/5973963/lauditsgamings-collection,,2025-07-09
https://itch.io/c/5974040/fun-story-games-to-try-yourself,,2025-07-09
https://itch.io/c/5974419/eres6498s-collection,,2025-07-09
https://itch.io/c/5974573/patatillas,,2025-07-09
https://itch.io/c/5974598/desvirgaburra-collections,,2025-07-09
https://itch.io/c/5974729/could-make-you-rage-quit-3,,2025-07-09
https://itch.io/c/5974788/lclimbs-collection,,2025-07-09
https://itch.io/c/5974986/i-love-this,,2025-07-09
https://itch.io/c/5975322/pixelrafaels-collection,,2025-07-09
https://itch.io/c/5975924/raiden8300s-collection,,2025-07-09
https://itch.io/c/5976057/yanyan,,2025-07-09
https://itch.io/c/5976566/jemesis3s-collection,,2025-07-09
https://itch.io/c/5976824/human,,2025-07-09
https://itch.io/c/5976918/new19,,2025-07-09
https://itch.io/c/5977787/shadowdark,,2025-07-09
https://itch.io/c/5978633/asxtrds-collection,,2025-07-09
https://itch.io/c/5978762/certified-bangersjerkers,,2025-07-09
https://itch.io/c/5978956/10,,2025-07-09
https://itch.io/c/5979409/hux1243s-collection,,2025-07-09
https://itch.io/c/5979433/interested-in-playing,,2025-07-09
https://itch.io/c/5979603/play-next,,2025-07-09
https://itch.io/c/5980225/misc,,2025-07-09
https://itch.io/c/5980250/play,,2025-07-09
https://itch.io/c/5980251/oddtimexs-collection,,2025-07-09
https://itch.io/c/5980894/jinchamploo96s-collection,,2025-07-09
https://itch.io/c/5981006/greenlizard2016s-collection,,2025-07-09
https://itch.io/c/5981481/boitec3s-collection,,2025-07-09
https://itch.io/c/5981719/whotfcaress-collection,,2025-07-09
https://itch.io/c/5981737/mossvalestudioss-collection,,2025-07-09
https://itch.io/c/5982760/steezy10s-collection,,2025-07-09
https://itch.io/c/5983088/shadowdark,,2025-07-09
https://itch.io/c/5983484/madicakes-collection,,2025-07-09
https://itch.io/c/5983674/limserikas-collection,,2025-07-09
https://itch.io/c/5983863/isimsizbiris-collection,,2025-07-09
https://itch.io/c/5983904/lupusdei212s-collection,,2025-07-09
https://itch.io/c/5983913/blonkerduds-collection,,2025-07-09
https://itch.io/c/5984081/play-later,,2025-07-09
https://itch.io/c/5984324/ultimate-wildcards-collection,,2025-07-09
https://itch.io/c/5984452/jayjays-collection,,2025-07-09
https://itch.io/c/5984888/lonieqs-collection,,2025-07-09
https://itch.io/c/5984960/ytxiaohanzhus-collection,,2025-07-09
https://itch.io/c/5985045/marcel282019s-collection,,2025-07-09
https://itch.io/c/5985336/student-games,,2025-07-09
https://itch.io/c/5985396/emotional-damage-collection,,2025-07-09
https://itch.io/c/5985757/xy196630s-collection,,2025-07-09
https://itch.io/c/5985831/cute-cozy,,2025-07-09
https://itch.io/c/5985846/jjthegamers-collection,,2025-07-09
https://itch.io/c/5985905/kkk,,2025-07-09
https://itch.io/c/5986500/stream,,2025-07-09
https://itch.io/c/5986507/56284s-collection,,2025-07-09
https://itch.io/c/5986508/ones-to-download,,2025-07-09
https://itch.io/c/5987458/idk0022s-collection,,2025-07-09
https://itch.io/c/5987601/games,,2025-07-09
https://itch.io/c/5987846/kakakakakakakaaas-collection,,2025-07-09
https://itch.io/c/5987981/want-to-play,,2025-07-09
https://itch.io/c/5988020/thedjcomets-collection,,2025-07-09
https://itch.io/c/5988154/rngtriggerhappys-collection,,2025-07-09
https://itch.io/c/5988181/h,,2025-07-09
https://itch.io/c/5988320/later,,2025-07-09
https://itch.io/c/5988335/ranchwars-collection,,2025-07-09
https://itch.io/c/5988584/kufu,,2025-07-09
https://itch.io/c/5988868/faigins-collection,,2025-07-09
https://itch.io/c/5989015/hexsolo,,2025-07-09
https://itch.io/c/5989159/quelllls-collection,,2025-07-09
https://itch.io/c/5989191/ya-jugado,,2025-07-09
https://itch.io/c/5989682/seems-cool-idk,,2025-07-09
https://itch.io/c/5990523/thanhtraius-collection,,2025-07-09
https://itch.io/c/5990537/coldtwoones-collection,,2025-07-09
https://itch.io/c/5990751/luo-xuchens-collection,,2025-07-09
https://itch.io/c/5990789/xbczus-collection,,2025-07-09
https://itch.io/c/5990791/liuweizes-collection,,2025-07-09
https://itch.io/c/5990823/games,,2025-07-09
https://itch.io/c/5990956/asian-food-pack,,2025-07-09
https://itch.io/c/5991181/st4rrrrrrrrrs-collection,,2025-07-09
https://itch.io/c/5991346/vixi01s-collection,,2025-07-09
https://itch.io/c/5991413/3,,2025-07-09
https://itch.io/c/5991607/strategy,,2025-07-09
https://itch.io/c/5991641/gb-homebrew-downloaded,,2025-07-09
https://itch.io/c/5992211/visual-novel,,2025-07-09
https://itch.io/c/5992271/malakai-rainfists-collection,,2025-07-09
https://itch.io/c/5992337/eclipse1441s-collection,,2025-07-09
https://itch.io/c/5992545/kygosutogmailcoms-collection,,2025-07-09
https://itch.io/c/5992568/zamakoss-collection,,2025-07-09
https://itch.io/c/5992621/computer,,2025-07-09
https://itch.io/c/5992827/purchased,,2025-07-09
https://itch.io/c/5992906/uh-thatkids-collection,,2025-07-09
https://itch.io/c/5993188/cookie-quqis-collection,,2025-07-09
https://itch.io/c/5993361/sens5s-collection,,2025-07-09
https://itch.io/c/5993596/y4nna0909s-collection,,2025-07-09
https://itch.io/c/5993603/roseuwxs-collection,,2025-07-09
https://itch.io/c/5993661/hyakkimaru444s-collection,,2025-07-09
https://itch.io/c/5993668/jams,,2025-07-09
https://itch.io/c/5993675/2024-games,,2025-07-09
https://itch.io/c/5993931/banaa,,2025-07-09
https://itch.io/c/5994802/gmiller7138s-collection,,2025-07-09
https://itch.io/c/5994860/hrscs-collection,,2025-07-09
https://itch.io/c/5994884/noorpys-collection,,2025-07-09
https://itch.io/c/5995173/oh-skib,,2025-07-09
https://itch.io/c/5995285/samm0601s-collection,,2025-07-09
https://itch.io/c/5995305/jet12617s-collection,,2025-07-09
https://itch.io/c/5995323/rrrraaaaarrr,,2025-07-09
https://itch.io/c/5995438/games-ive-played,,2025-07-09
https://itch.io/c/5995494/pizza-dog1,,2025-07-09
https://itch.io/c/5995503/my-fav-nsfw-games,,2025-07-09
https://itch.io/c/5995524/to-play-nsfw-games,,2025-07-09
https://itch.io/c/5995547/horror,,2025-07-09
https://itch.io/c/5995548/pumppums-collection,,2025-07-09
https://itch.io/c/5995584/cozy-games-,,2025-07-09
https://itch.io/c/5995669/anarchomagicians-collection,,2025-07-09
https://itch.io/c/5995731/geil,,2025-07-09
https://itch.io/c/5995844/mcdonaldsenjoyer83s-collection,,2025-07-09
https://itch.io/c/5995977/gb-homebrew-demos,,2025-07-09
https://itch.io/c/5996039/magnuslindevalls-collection,,2025-07-09
https://itch.io/c/5996049/cule,,2025-07-09
https://itch.io/c/5996467/almightyzurgs-collection,,2025-07-09
https://itch.io/c/5996472/visual-novels-n-other-cool-stuff,,2025-07-09
https://itch.io/c/5996658/games-i-like,,2025-07-09
https://itch.io/c/5997145/my-ports,,2025-07-09
https://itch.io/c/5997195/bigfishes250s-collection,,2025-07-09
https://itch.io/c/5997214/laurashawnlees-collection,,2025-07-09
https://itch.io/c/5997466/interesting,,2025-07-09
https://itch.io/c/5997488/ioi906s-collection,,2025-07-09
https://itch.io/c/5997587/didnt-enjoy,,2025-07-09
https://itch.io/c/5997594/enjoyed,,2025-07-09
https://itch.io/c/5997668/nekho57s-collection,,2025-07-09
https://itch.io/c/5997706/porn,,2025-07-09
https://itch.io/c/5997745/chillkrills-collection,,2025-07-09
https://itch.io/c/5997791/games-ill-play-lateer-at-pc,,2025-07-09
https://itch.io/c/5997824/violettels-collection,,2025-07-09
https://itch.io/c/5997829/rpg,,2025-07-09
https://itch.io/c/5997879/wishlist,,2025-07-09
https://itch.io/c/5997880/3d,,2025-07-09
https://itch.io/c/5997885/2d,,2025-07-09
https://itch.io/c/5997888/eeek69s-collection,,2025-07-09
https://itch.io/c/5997908/horror,,2025-07-09
https://itch.io/c/5997950/frrr,,2025-07-09
https://itch.io/c/5997982/ltingfengs-collection,,2025-07-09
https://itch.io/c/5998002/-,,2025-07-09
https://itch.io/c/5998006/horror-games,,2025-07-09
https://itch.io/c/5998031/yuno777s-collection,,2025-07-09
https://itch.io/c/5998065/ashaneens-collection,,2025-07-09
https://itch.io/c/5998080/idkanymore991s-collection,,2025-07-09
https://itch.io/c/5998098/games-video,,2025-07-09
https://itch.io/c/5998106/games-ttrpg-physical-etc,,2025-07-09
https://itch.io/c/5998119/idk,,2025-07-09
https://itch.io/c/5998138/mods27s-collection,,2025-07-09
https://itch.io/c/5998145/ltingfengs-collection,,2025-07-09
https://itch.io/c/5998148/mods27s-collection,,2025-07-09
https://itch.io/c/5998159/stuff-that-i-dont-really-know-how-to-catalogue,,2025-07-09
https://itch.io/c/5998162/might-peek-,,2025-07-09
https://itch.io/c/5998167/might-play-later,,2025-07-09
https://itch.io/c/5998170/idk,,2025-07-09
https://itch.io/c/5998200/-,,2025-07-09
https://itch.io/c/5998203/ladyaehs-collection,,2025-07-09
https://itch.io/c/5998206/ming1104s-collection,,2025-07-09
https://itch.io/c/5998212/games-recommended-by-8bitoe,,2025-07-09
https://itch.io/c/5998222/demongyfs-collection,,2025-07-09
https://itch.io/c/5998224,,2025-07-09
https://itch.io/c/5998252/world-map,,2025-07-09
https://itch.io/c/5998254/dropped-might-return-to,,2025-07-09
https://itch.io/c/5998264/18,,2025-07-09
https://itch.io/c/5998311/unsolved,,2025-07-09
https://itch.io/c/5998357/thatoneguy966s-collection,,2025-07-09
https://itch.io/c/5998361/hunteress-collection,,2025-07-09
https://itch.io/c/5998365/test,,2025-07-09
https://itch.io/c/5998407/iamsmallests-collection,,2025-07-09
https://itch.io/c/5998410/nes,,2025-07-09
https://itch.io/c/5998473/reaper-16s-collection,,2025-07-09
https://itch.io/c/5998476/zelda31s-collection,,2025-07-09
https://itch.io/c/5998482/fkr-asr,,2025-07-09
https://itch.io/c/5998503/bobbybacon123s-collection,,2025-07-09
https://itch.io/c/5998504/kim-246s-collection,,2025-07-09
https://itch.io/c/5998528/shin-tsukimi-3s-collection,,2025-07-09
https://itch.io/c/5998534/chpsgl111s-collection,,2025-07-09
https://itch.io/c/5998538/cartoony,,2025-07-09
https://itch.io/c/5998542/reaper-16s-collection,,2025-07-09
https://itch.io/c/5998557/pixel-art,,2025-07-09
https://itch.io/c/5998562/shunhakunas-collection,,2025-07-09
https://itch.io/c/5998569/fff456s-collection,,2025-07-09
https://itch.io/c/5998571/hiand-ayas-collection,,2025-07-09
https://itch.io/c/5998586/lokanys-collection,,2025-07-09
https://itch.io/c/5998599/jankbois-collection,,2025-07-09
https://itch.io/c/5998742/chillguyx999yts-collection,,2025-07-09
https://itch.io/c/5998839/chemanou23s-collection,,2025-07-09
https://itch.io/c/5998901/karitys-collection,,2025-07-09
https://itch.io/c/5999038/wl,,2025-07-09
https://itch.io/c/5999063/porn,,2025-07-09
https://itch.io/c/5999069/unisinos-fjd-2025-1,,2025-07-09
https://itch.io/c/5999079/idkuss-collection,,2025-07-09
https://itch.io/c/5999082/fav,,2025-07-09
https://itch.io/c/5999099/good-games-i-love-then-so-much,,2025-07-09
https://itch.io/c/5999129/favorite,,2025-07-09
https://itch.io/c/5999140/windows-8,,2025-07-09
https://itch.io/c/5999144/fat,,2025-07-09
https://itch.io/c/5999201/dating-sim,,2025-07-09
https://itch.io/c/5999204/simply-blus-collection,,2025-07-09
https://itch.io/c/5999205/horror-games-betz-collection,,2025-07-09
https://itch.io/c/5999213/yuri,,2025-07-09
https://itch.io/c/5999239/muvid6978s-collection,,2025-07-09
https://itch.io/c/5999250/nice,,2025-07-09
https://itch.io/c/5999255/denzluigys-collection,,2025-07-09
https://itch.io/c/5999260/mana-seed,,2025-07-09
https://itch.io/c/5999288/scotomasaurs-collection,,2025-07-09
https://itch.io/c/5999312/cubepunks,,2025-07-09
https://itch.io/c/5999313/joseph47747s-collection,,2025-07-09
https://itch.io/c/5999348/phantom4792s-collection,,2025-07-09
https://itch.io/c/5999359/lengocs-collection,,2025-07-09
https://itch.io/c/5999360/play-later,,2025-07-09
https://itch.io/c/5999363/icemandagoats-collection,,2025-07-09
https://itch.io/c/5999364/finished,,2025-07-09
https://itch.io/c/5999383/lzzymoonbows-collection,,2025-07-09
https://itch.io/c/5999395/2games,,2025-07-09
https://itch.io/c/5999399/abyssalchalices-collection,,2025-07-09
https://itch.io/c/5999400/hellobias-collection,,2025-07-09
https://itch.io/c/5999401/derrambonators-collection,,2025-07-09
https://itch.io/c/5999402/play-later,,2025-07-09
https://itch.io/c/5999403/the-collection,,2025-07-09
https://itch.io/c/5999409/topdwon,,2025-07-09
https://itch.io/c/5999412/miyoo,,2025-07-09
https://itch.io/c/5999438/nineniness-collection,,2025-07-09
https://itch.io/c/5999458/vria4402s-collection,,2025-07-09
https://itch.io/c/5999466/playdate-wishlist,,2025-07-09
https://itch.io/c/5999469/cbwqs-collection,,2025-07-09
https://itch.io/c/5999472/mokusawa413s-collection,,2025-07-09
https://itch.io/c/5999484/vampirexbunnys-collection,,2025-07-09
https://itch.io/c/5999506/huangxingzhings-collection,,2025-07-09
https://itch.io/c/5999514/rockmaos-collection,,2025-07-09
https://itch.io/c/5999523/celinasupers-collection,,2025-07-09
https://itch.io/c/5999541/ihcaebs-collection,,2025-07-09
https://itch.io/c/5999558/karlalallalas-collection,,2025-07-09
https://itch.io/c/5999583/kim-dokja41s-collection,,2025-07-09
https://itch.io/c/5999587/lynn221122s-collection,,2025-07-09
https://itch.io/c/5999637/horror,,2025-07-09
https://itch.io/c/5999648/about-tranny,,2025-07-09
https://itch.io/c/5999683/money,,2025-07-09
https://itch.io/c/5999687/rockmaos-collection,,2025-07-09
https://itch.io/c/5999704/depressivemarelesbians-collection,,2025-07-09
https://itch.io/c/5999721/diger-piks-collection,,2025-07-09
https://itch.io/c/5999723/chuu-s-collection,,2025-07-09
https://itch.io/c/5999726/icy-lemonzs-collection,,2025-07-09
https://itch.io/c/5999739/susutings-collection,,2025-07-09
https://itch.io/c/5999782/jahsskjs-collection,,2025-07-09
https://itch.io/c/5999790/gdd-3s-collection,,2025-07-09
https://itch.io/c/5999796/alasarss-collection,,2025-07-09
https://itch.io/c/5999802/vividfatals-collection,,2025-07-09
https://itch.io/c/5999820/xxwaifuloverxx1s-collection,,2025-07-09
https://itch.io/c/5999837/cutie,,2025-07-09
https://itch.io/c/5999846/jogos-qeu-ja-baixei,,2025-07-09
https://itch.io/c/5999849/jayyxgxs-collection,,2025-07-09
https://itch.io/c/5999854/r34ckrys-collection,,2025-07-09
https://itch.io/c/5999877/teodoramurutakis-collection,,2025-07-09
https://itch.io/c/5999884/venika-rosenclaires-collection,,2025-07-09
https://itch.io/c/5999903/patrioltapgs-collection,,2025-07-09
https://itch.io/c/5999916/r10tfalls-collection-to-play,,2025-07-09
https://itch.io/c/5999934/say-d1020s-collection,,2025-07-09
https://itch.io/c/5999939/horror,,2025-07-09
https://itch.io/c/5999948/vr-games,,2025-07-09
https://itch.io/c/5999966/wazghas-collection,,2025-07-09
https://itch.io/c/5999993/bara-games,,2025-07-09
https://itch.io/c/5999995/ash527213s-collection,,2025-07-09
https://itch.io/c/5999997/ash527213s-collection,,2025-07-09
https://itch.io/c/6000011/horror,,2025-07-09
https://itch.io/c/6000015/recommended-porny-games-that-arent-in-my-other-collections,,2025-07-09
https://itch.io/c/6000017/tema,,2025-07-09
https://itch.io/c/6000037/recommended-sfw-games-i-enjoy,,2025-07-09
https://itch.io/c/6000044/the-new-game-nsfw,,2025-07-09
https://itch.io/c/6000045/castiel3131s-collection,,2025-07-09
https://itch.io/c/6000068/quarkycheeses-collection,,2025-07-09
https://itch.io/c/6000076/cosmicnias-collection,,2025-07-09
https://itch.io/c/6000084/mangothethirds-collection,,2025-07-09
https://itch.io/c/6000098/yes,,2025-07-09
https://itch.io/c/6000111/cute-free-games,,2025-07-09
https://itch.io/c/6000123/cute-horror-games,,2025-07-09
https://itch.io/c/6000136/premium,,2025-07-09
https://itch.io/c/6000144/me-for-games,,2025-07-09
https://itch.io/c/6000148/luosihuas-collection,,2025-07-09
https://itch.io/c/6000149/h-browser,,2025-07-09
https://itch.io/c/6000153/downloadbrowser,,2025-07-09
https://itch.io/c/6000154/iroliies-collection,,2025-07-09
https://itch.io/c/6000184/xxwaifuloverxx1s-collection,,2025-07-09
https://itch.io/c/6000190/briaaaas-collection,,2025-07-09
https://itch.io/c/6000191/sophiakbrandaos-collection,,2025-07-09
https://itch.io/c/6000196/needyheifers-collection,,2025-07-09
https://itch.io/c/6000214/games,,2025-07-09
https://itch.io/c/6000222/coblentzlawncares-collection,,2025-07-09
https://itch.io/c/6000235/lunanurs-collection,,2025-07-09
https://itch.io/c/6000241/coblentzlawncares-collection,,2025-07-09
https://itch.io/c/6000245/fiufiuxuxus-collection,,2025-07-09
https://itch.io/c/6000258/gvhjgdfghjkfs-collection,,2025-07-09
https://itch.io/c/6000265/finished,,2025-07-09
https://itch.io/c/6000277/games-to-play,,2025-07-09
https://itch.io/c/6000312/bobbabass-collection,,2025-07-09
https://itch.io/c/6000313/itsxalwaysxsunis-collection,,2025-07-09
https://itch.io/c/6000316/jaystar11s-collection,,2025-07-09
https://itch.io/c/6000353/owned-ttrpg,,2025-07-09
https://itch.io/c/6000355/external-downloads,,2025-07-09
https://itch.io/c/6000360/play,,2025-07-09
https://itch.io/c/6000365/free-downloads,,2025-07-09
https://itch.io/c/6000370/novel-shet3,,2025-07-09
https://itch.io/c/6000375/paid-downloads,,2025-07-09
https://itch.io/c/6000386/sater44s-collection,,2025-07-09
https://itch.io/c/6000395/skellefrostknoges-collection,,2025-07-09
https://itch.io/c/6000399/gb-homebrew-paid,,2025-07-09
https://itch.io/c/6000415/romance-shit,,2025-07-09
https://itch.io/c/6000433/vixi01s-collection,,2025-07-09
https://itch.io/c/6000442/kamads-collection,,2025-07-09
https://itch.io/c/6000452/watchlist,,2025-07-09
https://itch.io/c/6000455/mini-games,,2025-07-09
https://itch.io/c/6000459/waddle-deez1s-collection,,2025-07-09
https://itch.io/c/6000468/alex-akirutas-collection,,2025-07-09
https://itch.io/c/6000477/gamearts,,2025-07-09
https://itch.io/c/6000485/breast-expansion,,2025-07-09
https://itch.io/c/6000503/waddle-deez1s-collection,,2025-07-09
https://itch.io/c/6000513/pay,,2025-07-09
https://itch.io/c/6000524/gremlin1337s-collection,,2025-07-09
https://itch.io/c/6000525/cass987s-collection,,2025-07-09
https://itch.io/c/6000532/no-ice-in-california-bundle,,2025-07-09
https://itch.io/c/6000568/booifys-collection,,2025-07-09
https://itch.io/c/6000570/rpg-world,,2025-07-09
https://itch.io/c/6000588/collection,,2025-07-09
https://itch.io/c/6000589/international-zine-month-free-bundle,,2025-07-09
https://itch.io/c/6000592/denicez,,2025-07-09
https://itch.io/c/6000602/do-skoczenia,,2025-07-09
https://itch.io/c/6000607/must-play,,2025-07-09
https://itch.io/c/6000615/spec-mistys-collection,,2025-07-09
https://itch.io/c/6000617/lina11s-collection,,2025-07-09
https://itch.io/c/6000618/spec-mistys-collection,,2025-07-09
https://itch.io/c/6000625/captbs-collection,,2025-07-09
https://itch.io/c/6000628/game-playlist,,2025-07-09
https://itch.io/c/6000651/gmiller7138s-collection,,2025-07-09
https://itch.io/c/6000653/ryke550s-collection,,2025-07-09
https://itch.io/c/6000668/free-browser-games,,2025-07-09
https://itch.io/c/6000672/nova07s-collection,,2025-07-09
https://itch.io/c/6000676/cool,,2025-07-09
https://itch.io/c/6000697/noice,,2025-07-09
https://itch.io/c/6000709/non-horror,,2025-07-09
https://itch.io/c/6000722/acrfroggychairs-collection,,2025-07-09
https://itch.io/c/6000731/gobrens-trinkets,,2025-07-09
https://itch.io/c/6000738/janxxxs-collection,,2025-07-09
https://itch.io/c/6000751/fun-with-friends,,2025-07-09
https://itch.io/c/6000752/jivin0s-collection,,2025-07-09
https://itch.io/c/6000754/zuloks-collection,,2025-07-09
https://itch.io/c/6000766/historinhas-e-escolhas,,2025-07-09
https://itch.io/c/6000773/diomedes1234s-collection,,2025-07-09
https://itch.io/c/6000775/single-player,,2025-07-09
https://itch.io/c/6000794/fun-to-play,,2025-07-09
https://itch.io/c/6000798/custom-character,,2025-07-09
https://itch.io/c/6000818/i-want-to-play,,2025-07-09
https://itch.io/c/6000821/played,,2025-07-09
https://itch.io/c/6000823/future-downloads,,2025-07-09
https://itch.io/c/6000830/getinabogs-collection,,2025-07-09
https://itch.io/c/6000832/to-play,,2025-07-09
https://itch.io/c/6000858/fs22,,2025-07-09
https://itch.io/c/6000866/games-i-want,,2025-07-09
https://itch.io/c/6000874/demosones-that-arent-finished-yet,,2025-07-09
https://itch.io/c/6000875/beamng,,2025-07-09
https://itch.io/c/6000889/nowe,,2025-07-09
https://itch.io/c/6000901/dating-sims,,2025-07-09
https://itch.io/c/6000903/visual-novels,,2025-07-09
https://itch.io/c/6000904/procgen,,2025-07-09
https://itch.io/c/6000908/non-dating-games,,2025-07-09
https://itch.io/c/6000911,,2025-07-09
https://itch.io/c/6000916/cyruszgaming3s-collection,,2025-07-09
https://itch.io/c/6000918/1games,,2025-07-09
https://itch.io/c/6000936/pixel-art-assets,,2025-07-09
https://itch.io/c/6000937/good-psx-games,,2025-07-09
https://itch.io/c/6000951/my-odd-taste-in-men,,2025-07-09
https://itch.io/c/6000994/visual-novels-and-scary-games,,2025-07-09
https://itch.io/c/6000995/ieatcatsforfrees-collection,,2025-07-09
https://itch.io/c/6001025/android,,2025-07-09
https://itch.io/c/6001026/to-play,,2025-07-09
https://itch.io/c/6001029/medieval,,2025-07-09
https://itch.io/c/6001045,,2025-07-09
https://itch.io/c/6001052/deadshot140s-collection,,2025-07-09
https://itch.io/c/6001060/games-i-have-downloaded,,2025-07-09
https://itch.io/c/6001067/mcclugginss-collection,,2025-07-09
https://itch.io/c/6001070/lilduck288s-collection,,2025-07-09
https://itch.io/c/6001086/ritsuchuus-collection,,2025-07-09
https://itch.io/c/6001093/to-play,,2025-07-09
https://itch.io/c/6001113/mind-control,,2025-07-09
https://itch.io/c/6001122/cheyques-collection,,2025-07-09
https://itch.io/c/6001124/rpgs,,2025-07-09
https://itch.io/c/6001137/peterzs-collection,,2025-07-09
https://itch.io/c/6001138/bobby753357s-collection,,2025-07-09
https://itch.io/c/6001144/zanej1s-collection,,2025-07-09
https://itch.io/c/6001146/comedy,,2025-07-09
https://itch.io/c/6001150/qimo666s-collection,,2025-07-09
https://itch.io/c/6001169/to-play,,2025-07-09
https://itch.io/c/6001179/redstrapcowboys-collection,,2025-07-09
https://itch.io/c/6001185/hmrmrmhrmrmh,,2025-07-09
https://itch.io/c/6001186/mrbutterthe1sts-collection,,2025-07-09
https://itch.io/c/6001187/lebronions-collection,,2025-07-09
https://itch.io/c/6001192/stream-games,,2025-07-09
https://itch.io/c/6001196/nsfw,,2025-07-09
https://itch.io/c/6001210/need,,2025-07-09
https://itch.io/c/6001217/bakenohana,,2025-07-09
https://itch.io/c/6001218/assets,,2025-07-09
https://itch.io/c/6001228/uuuu,,2025-07-09
https://itch.io/c/6001232/gobrens-collection,,2025-07-09
https://itch.io/c/6001247/a,,2025-07-09
https://itch.io/c/6001264/train8s-collection,,2025-07-09
https://itch.io/c/6001281/freddycountrys-collection,,2025-07-09
https://itch.io/c/6001294/undertale,,2025-07-09
https://itch.io/c/6001295/to-play,,2025-07-09
https://itch.io/c/6001318/royalsurfaces-collection,,2025-07-09
https://itch.io/c/6001338/july,,2025-07-09
https://itch.io/c/6001340/try-it-out,,2025-07-09
https://itch.io/c/6001341/pancakelord08s-collection,,2025-07-09
https://itch.io/c/6001344/acidulouscubs-collection,,2025-07-09
https://itch.io/c/6001348/jeff-jam-july-2025,,2025-07-09
https://itch.io/c/6001353/diomedes1234s-collection,,2025-07-09
https://itch.io/c/6001366/tanger1nes-collection,,2025-07-09
https://itch.io/c/6001385/my-favs-of-interactive-fiction,,2025-07-09
https://itch.io/c/6001394/zennonzys-collection,,2025-07-09
https://itch.io/c/6001399/wakawakarevolutions-collection,,2025-07-09
https://itch.io/c/6001413/sulliii099s-collection,,2025-07-09
https://itch.io/c/6001421/7zthys-collection,,2025-07-09
https://itch.io/c/6001440/para-probar,,2025-07-09
https://itch.io/c/6001441/fmg,,2025-07-09
https://itch.io/c/6001447/visual-novels,,2025-07-09
https://itch.io/c/6001466/31,,2025-07-09
https://itch.io/c/6001467/mjv17s-collection,,2025-07-09
https://itch.io/c/6001482/bt-tamashis-collection,,2025-07-09
https://itch.io/c/6001491/vsdiawys-collection,,2025-07-09
https://itch.io/c/6001495/my-favs-3,,2025-07-09
https://itch.io/c/6001500/summerjin19s-collection,,2025-07-09
https://itch.io/c/6001502/summerjin19s-collection,,2025-07-09
https://itch.io/c/6001508/lewd-ones,,2025-07-09
https://itch.io/c/6001518/rocky1464s-collection,,2025-07-09
https://itch.io/c/6001544/3nabmans-collection,,2025-07-09
https://itch.io/c/6001550/xentrions-collection,,2025-07-09
https://itch.io/c/6001552/sinie2077s-collection,,2025-07-09
https://itch.io/c/6001556,,2025-07-09
https://itch.io/c/6001560/edyiies-collection,,2025-07-09
https://itch.io/c/6001579/freshtendiess-collection,,2025-07-09
https://itch.io/c/6001580/donfakeits-collection,,2025-07-09
https://itch.io/c/6001587/yandere-vns,,2025-07-09
https://itch.io/c/6001593/strwberryzs-collection,,2025-07-09
https://itch.io/c/6001594/qicaojies-collection,,2025-07-09
https://itch.io/c/6001597/otome-asukas-collection,,2025-07-09
https://itch.io/c/6001599,,2025-07-09
https://itch.io/c/6001602/1,,2025-07-09
https://itch.io/c/6001629/visual-novel,,2025-07-09
https://itch.io/c/6001643/games,,2025-07-09
https://itch.io/c/6001656/randomness,,2025-07-09
https://itch.io/c/6001662/jellykisss-collection,,2025-07-09
https://itch.io/c/6001665/stories-i-want-to-read,,2025-07-09
https://itch.io/c/6001692/random-games,,2025-07-09
https://itch.io/c/6001712/kaidouks-collection,,2025-07-09
https://itch.io/c/6001746/xentrions-collection,,2025-07-09
https://itch.io/c/6001760/xsensualxs-collection,,2025-07-09
https://itch.io/c/6001761/absurderweises-collection,,2025-07-09
https://itch.io/c/6001772/xsensualxs-collection,,2025-07-09
https://itch.io/c/6001802/hunterfauxs-collection,,2025-07-09
https://itch.io/c/6001811/dating-sims,,2025-07-09
https://itch.io/c/6001822/psychedelic,,2025-07-09
https://itch.io/c/6001847/guhwon00gmailcoms-collection,,2025-07-09
https://itch.io/c/6001860/pol967aress-collection,,2025-07-09
https://itch.io/c/6001876/hlols-collection,,2025-07-09
https://itch.io/c/6001877/stories-i-want-to-read-but-cant-right-now,,2025-07-09
https://itch.io/c/6001882/cute-soft-games,,2025-07-09
https://itch.io/c/6001890/eyja2903s-collection,,2025-07-09
https://itch.io/c/6001901/game-collection,,2025-07-09
https://itch.io/c/6001905/potion-collection,,2025-07-09
https://itch.io/c/6001911/josefo123s-collection,,2025-07-09
https://itch.io/c/6001919/i-loveee,,2025-07-09
https://itch.io/c/6001946/games-3,,2025-07-09
https://itch.io/c/6001962/fantastical,,2025-07-09
https://itch.io/c/6001973/jakobisbest07s-collection,,2025-07-09
https://itch.io/c/6002021/its-rayees-collection,,2025-07-09
https://itch.io/c/6002030/meri31s-collection,,2025-07-09
https://itch.io/c/6002034/hongnnnns-collection,,2025-07-09
https://itch.io/c/6002045/meri31s-collection,,2025-07-09
https://itch.io/c/6002047/wishlist,,2025-07-09
https://itch.io/c/6002054/nukigels-collection,,2025-07-09
https://itch.io/c/6002058/foulspectres-collection,,2025-07-09
https://itch.io/c/6002075/bloodwhitewolfs-collection,,2025-07-09
https://itch.io/c/6002089/my-games,,2025-07-09
https://itch.io/c/6002098/sleepybandit011s-collection,,2025-07-09
https://itch.io/c/6002102/darkfiress-collection,,2025-07-09
https://itch.io/c/6002114/dd-adventures,,2025-07-09
https://itch.io/c/6002123/jackie-mercys-collection,,2025-07-09
https://itch.io/c/6002130/sir-dodibans-collection,,2025-07-09
https://itch.io/c/6002146/rolandhuxleys-game-asset-collection,,2025-07-09
https://itch.io/c/6002170/w4ntwa1t,,2025-07-09
https://itch.io/c/6002179/juegos-q-me-interesan,,2025-07-09
https://itch.io/c/6002181/tunapitch15s-collection,,2025-07-09
https://itch.io/c/6002191/with-carson-825,,2025-07-09
https://itch.io/c/6002196/pirate-boooorg,,2025-07-09
https://itch.io/c/6002207/mausig,,2025-07-09
https://itch.io/c/6002220/cards,,2025-07-09
https://itch.io/c/6002235,,2025-07-09
https://itch.io/c/6002238/download,,2025-07-09
https://itch.io/c/6002243/ymqjs-collection,,2025-07-09
https://itch.io/c/6002248/lzjsws-collection,,2025-07-09
https://itch.io/c/6002249/carlas-collection,,2025-07-09
https://itch.io/c/6002253/pillmanmichaels-collection,,2025-07-09
https://itch.io/c/6002268/monicaxs-collection,,2025-07-09
https://itch.io/c/6002300/okk,,2025-07-09
https://itch.io/c/6002346/let-me-out,,2025-07-09
https://itch.io/c/6002348/kreampies-collection,,2025-07-09
https://itch.io/c/6002363/kozomoros-collection,,2025-07-09
https://itch.io/c/6002379/itstheseabasss-collection,,2025-07-09
https://itch.io/c/6002397/kozomoros-collection,,2025-07-09
https://itch.io/c/6002408/wehtdogs-collection,,2025-07-09
https://itch.io/c/6002423/hellxbunnys-collection,,2025-07-09
https://itch.io/c/6002432/megaglaceus-collection,,2025-07-09
https://itch.io/c/6002441/my-favorite-games,,2025-07-09
https://itch.io/c/6002450/ahhh,,2025-07-09
https://itch.io/c/6002461/to-dowanlaod,,2025-07-09
https://itch.io/c/6002466/coolxhunters-collection,,2025-07-09
https://itch.io/c/6002475/goonergames,,2025-07-09
https://itch.io/c/6002488,,2025-07-09
https://itch.io/c/6002493/mrpinks-collection,,2025-07-09
https://itch.io/c/6002507/fiyori-takeshis-collection,,2025-07-09
https://itch.io/c/6002509/games-to-play,,2025-07-09
https://itch.io/c/6002515/over-dnos-collection,,2025-07-09
https://itch.io/c/6002526/killalepandas-collection,,2025-07-09
https://itch.io/c/6002528/ayo,,2025-07-09
https://itch.io/c/6002559/currently-played,,2025-07-09
https://itch.io/c/6002579/online1981s-collection,,2025-07-09
https://itch.io/c/6002586/kerem-ceylans-collection,,2025-07-09
https://itch.io/c/6002589/kerem-ceylans-collection,,2025-07-09
https://itch.io/c/6002598/orizazazas-collection,,2025-07-09
https://itch.io/c/6002618/-,,2025-07-09
https://itch.io/c/6002628/weatherreport16s-collection,,2025-07-09
https://itch.io/c/6002663/bloodyrose-0s-collection,,2025-07-09
https://itch.io/c/6002664/horror,,2025-07-09
https://itch.io/c/6002668/arcade-puzzle,,2025-07-09
https://itch.io/c/6002674/svcbois-collection,,2025-07-09
https://itch.io/c/6002683/oliodimaiss-collection,,2025-07-09
https://itch.io/c/6002685/games-to-play,,2025-07-09
https://itch.io/c/6002693/zhanatkan-01s-collection,,2025-07-09
https://itch.io/c/6002695/3,,2025-07-09
https://itch.io/c/6002702/cardesus-collection,,2025-07-09
https://itch.io/c/6002704/danommys-collection,,2025-07-09
https://itch.io/c/6002746/l3af3nncs-collection,,2025-07-09
https://itch.io/c/6002773/mrkvs-collection,,2025-07-09
https://itch.io/c/6002786/1,,2025-07-09
https://itch.io/c/6002795/potentials,,2025-07-09
https://itch.io/c/6002802/assets,,2025-07-09
https://itch.io/c/6002804/gugu065s-collection,,2025-07-09
https://itch.io/c/6002822/horror-10-menit-,,2025-07-09
https://itch.io/c/6002828/2010625s-collection,,2025-07-09
https://itch.io/c/6002829/freaking-awesome-web-games,,2025-07-09
https://itch.io/c/6002833/waffel13s-collection,,2025-07-09
https://itch.io/c/6002853/couple-protag-games,,2025-07-09
https://itch.io/c/6002866/lordruezs-collection,,2025-07-09
https://itch.io/c/6002869/to-play,,2025-07-09
https://itch.io/c/6002872/waffel13s-collection,,2025-07-09
https://itch.io/c/6002877/chorr1r,,2025-07-09
https://itch.io/c/6002883/fan-games,,2025-07-09
https://itch.io/c/6002913/boomer-shooter,,2025-07-09
https://itch.io/c/6002921/aaaaaaaaaaaa,,2025-07-09
https://itch.io/c/6002959/abandoned,,2025-07-09
https://itch.io/c/6002979/unorganized,,2025-07-09
https://itch.io/c/6003002/1-waiting,,2025-07-09
https://itch.io/c/6003007/fushiwooshyvues-collection,,2025-07-09
https://itch.io/c/6003009/glassskin,,2025-07-09
https://itch.io/c/6003021/bendy-games,,2025-07-09
https://itch.io/c/6003023/w2,,2025-07-09
https://itch.io/c/6003059/collection,,2025-07-09
https://itch.io/c/6003060/moar,,2025-07-09
https://itch.io/c/6003061/mlem,,2025-07-09
https://itch.io/c/6003069/yk5rys-collection,,2025-07-09
https://itch.io/c/6003080/collectionholder13s-collection,,2025-07-09
https://itch.io/c/6003092/td123abcds-collection,,2025-07-09
https://itch.io/c/6003097/plan-to-play,,2025-07-09
https://itch.io/c/6003139/puede-ser,,2025-07-09
https://itch.io/c/6003145/zarathustra,,2025-07-09
https://itch.io/c/6003146/jen733ec3s-collection,,2025-07-09
https://itch.io/c/6003155/optiderass-collection,,2025-07-09
https://itch.io/c/6003164/miatungol53gmailcoms-collection,,2025-07-09
https://itch.io/c/6003169/ennies,,2025-07-09
https://itch.io/c/6003194/sakwolfls-collection,,2025-07-09
https://itch.io/c/6003228/fecho80s-collection,,2025-07-09
https://itch.io/c/6003232/rpg-horror-games,,2025-07-09
https://itch.io/c/6003272/horror-games-,,2025-07-09
https://itch.io/c/6003307/fun,,2025-07-09
https://itch.io/c/6003308/guesswhatchickenbutts-collection,,2025-07-09
https://itch.io/c/6003312/yk5rys-collection,,2025-07-09
https://itch.io/c/6003326/gm-less-ttrpg,,2025-07-09
https://itch.io/c/6003330/new-nsfw,,2025-07-09
https://itch.io/c/6003345/bileldzzs-collection,,2025-07-09
https://itch.io/c/6003348/girly-pop-games,,2025-07-09
https://itch.io/c/6003350/osr-that-i-need,,2025-07-09
https://itch.io/c/6003376/horror-games,,2025-07-09
https://itch.io/c/6003425/terror-coleccion,,2025-07-09
https://itch.io/c/6003448/cockwoashs-collection,,2025-07-09
https://itch.io/c/6003458/ellitotss-collection,,2025-07-09
https://itch.io/c/6003465/lancehartzs-collection,,2025-07-09
https://itch.io/c/6003485/xzayvierofficials-collection,,2025-07-09
https://itch.io/c/6003497/played,,2025-07-09
https://itch.io/c/6003515/games-to-play,,2025-07-09
https://itch.io/c/6003529/inifinis-collection,,2025-07-09
https://itch.io/c/6003564/iris-yues-collection,,2025-07-09
https://itch.io/c/6003596/unicorn-potluck-writers-collective,,2025-07-09
https://itch.io/c/6003604/want-to-play,,2025-07-09
https://itch.io/c/6003620/bg,,2025-07-09
https://itch.io/c/6003627/mothership-modules,,2025-07-09
https://itch.io/c/6003628/games,,2025-07-09
https://itch.io/c/6003642/nannosas-collection,,2025-07-09
https://itch.io/c/6003657/peace-jam-2024,,2025-07-09
https://itch.io/c/6003662/300o1s-collection,,2025-07-09
https://itch.io/c/6003695/rpg,,2025-07-09
https://itch.io/c/6003702/cyberpunk-soundtrack-ost-packs,,2025-07-09
https://itch.io/c/6003703/co-op,,2025-07-09
https://itch.io/c/6003705/original-harem-waifus,,2025-07-09
https://itch.io/c/6003707/sci-fi,,2025-07-09
https://itch.io/c/6003737/yummy,,2025-07-09
https://itch.io/c/6003740/horror,,2025-07-09
https://itch.io/c/6003742/gooner,,2025-07-09
https://itch.io/c/6003744/demakeremake,,2025-07-09
https://itch.io/c/6003765/transitions-impacts,,2025-07-09
https://itch.io/c/6003771/city,,2025-07-09
https://itch.io/c/6003785/industrial,,2025-07-09
https://itch.io/c/6003789/i-love-these-games,,2025-07-09
https://itch.io/c/6003791/played-and-loved,,2025-07-09
https://itch.io/c/6003792/game-jams,,2025-07-09
https://itch.io/c/6003795/waflemanss-collection,,2025-07-09
https://itch.io/c/6003796/fundamentos-de-jogos-digitais,,2025-07-09
https://itch.io/c/6003797/nature,,2025-07-09
https://itch.io/c/6003799/spark-the-aliens-collection,,2025-07-09
https://itch.io/c/6003811/cool-games-id-like-to-play-or-have-played,,2025-07-09
https://itch.io/c/6003820/juufas-collection,,2025-07-09
https://itch.io/c/6003829/visual-novels,,2025-07-09
https://itch.io/c/6003838/whwys-collection,,2025-07-09
https://itch.io/c/6003849/vns-to-read,,2025-07-09
https://itch.io/c/6003883/bimbo,,2025-07-09
https://itch.io/c/6003910/robbyyns-collection,,2025-07-09
https://itch.io/c/6003914/king-snake-lovers-collection,,2025-07-09
https://itch.io/c/6003926/rebbel63s-collection,,2025-07-09
https://itch.io/c/6003934/s,,2025-07-09
https://itch.io/c/6003952/unofficial-spireheart-supplements,,2025-07-09
https://itch.io/c/6003959/biggy-ballss-collection,,2025-07-09
https://itch.io/c/6003961/shadowsgames-collection,,2025-07-09
https://itch.io/c/6004001/tarezisyts-collection,,2025-07-09
https://itch.io/c/6004007/coino,,2025-07-09
https://itch.io/c/6004009/wait-for-updates,,2025-07-09
https://itch.io/c/6004010/games-2-play,,2025-07-09
https://itch.io/c/6004014/dinosaurs,,2025-07-09
https://itch.io/c/6004034/games-to-check-out-o-o,,2025-07-09
https://itch.io/c/6004044/homework,,2025-07-09
https://itch.io/c/6004053/carlos-cxys-collection,,2025-07-09
https://itch.io/c/6004056/assets,,2025-07-09
https://itch.io/c/6004061/jogos,,2025-07-09
https://itch.io/c/6004065/mogley53s-collection,,2025-07-09
https://itch.io/c/6004077/daleknightwalkers-collection,,2025-07-09
https://itch.io/c/6004087/sircaksalots-collection,,2025-07-09
https://itch.io/c/6004111/my-fav-nsfw-games-3c,,2025-07-09
https://itch.io/c/6004127/games-to-try,,2025-07-09
https://itch.io/c/6004133/doncorleone2000s-collection,,2025-07-09
https://itch.io/c/6004171/try-later-w,,2025-07-09
https://itch.io/c/6004172/i-played-,,2025-07-09
https://itch.io/c/6004173/dednaxs-collection,,2025-07-09
https://itch.io/c/6004177/gibbyderkobolds-collection,,2025-07-09
https://itch.io/c/6004191/games,,2025-07-09
https://itch.io/c/6004200/intewits-collection,,2025-07-09
https://itch.io/c/6004205/mike99899s-collection,,2025-07-09
https://itch.io/c/6004229/blitz96s-collection,,2025-07-09
https://itch.io/c/6004238/hr,,2025-07-09
https://itch.io/c/6004259/millkkers-collection,,2025-07-09
https://itch.io/c/6004271/games-i-want-to-play,,2025-07-09
https://itch.io/c/6004280/didden-auren-bluddens-collection,,2025-07-09
https://itch.io/c/6004291/way-of-a-pilgrim-assets,,2025-07-09
https://itch.io/c/6004296/skyler32s-collection,,2025-07-09
https://itch.io/c/6004301/devicheks-collection,,2025-07-09
https://itch.io/c/6004306/coco-kolahs-collection,,2025-07-09
https://itch.io/c/6004322/cuties,,2025-07-09
https://itch.io/c/6004355/surreal,,2025-07-09
https://itch.io/c/6004361/quiero,,2025-07-09
https://itch.io/c/6004365/furry-visual-novels-5,,2025-07-09
https://itch.io/c/6004368/normal,,2025-07-09
https://itch.io/c/6004375/games-to-play,,2025-07-09
https://itch.io/c/6004379/my-collection,,2025-07-09
https://itch.io/c/6004383/vfgb-n,,2025-07-09
https://itch.io/c/6004385/wurmbaths-collection,,2025-07-09
https://itch.io/c/6004394/featuring-girls-with-cocks,,2025-07-09
https://itch.io/c/6004395/assets,,2025-07-09
https://itch.io/c/6004403/rogue1actuals-collection,,2025-07-09
https://itch.io/c/6004409/want-to-play,,2025-07-09
https://itch.io/c/6004429/infilkays-collection,,2025-07-09
https://itch.io/c/6004437/soon-p,,2025-07-09
https://itch.io/c/6004449/already-played,,2025-07-09
https://itch.io/c/6004481/kai-809s-collection,,2025-07-09
https://itch.io/c/6004586/pinvein0s-collection,,2025-07-09
https://itch.io/c/6004622/story,,2025-07-09
https://itch.io/c/6004656/evaasuxs-collection,,2025-07-09
https://itch.io/c/6004669/vns,,2025-07-09
https://itch.io/c/6004680/waiting-to-play,,2025-07-09
https://itch.io/c/6004702/melhores-jogos-do-mundo,,2025-07-09
https://itch.io/c/6004708/jogar-depoissss,,2025-07-09
https://itch.io/c/6004727/ballefiss-collection,,2025-07-09
https://itch.io/c/6004732/silly-games,,2025-07-09
https://itch.io/c/6004736,,2025-07-09
https://itch.io/c/6004740/nectardaddys-collection,,2025-07-09
https://itch.io/c/6004748/later,,2025-07-09
https://itch.io/c/6004757/kronkners-collection,,2025-07-09
https://itch.io/c/6004767/flipgoblin69s-collection,,2025-07-09
https://itch.io/c/6004777/to-play-list,,2025-07-09
https://itch.io/c/6004793/makasuis-collection,,2025-07-09
https://itch.io/c/6004808/ragingbrainers-collection,,2025-07-09
https://itch.io/c/6004809,,2025-07-09
https://itch.io/c/6004817/otome,,2025-07-09
https://itch.io/c/6004825/strange-girl-studios,,2025-07-09
https://itch.io/c/6004827/2d-add,,2025-07-09
https://itch.io/c/6004829/-,,2025-07-09
https://itch.io/c/6004834/selldocs-collection,,2025-07-09
https://itch.io/c/6004857/video-game-making-assets,,2025-07-09
https://itch.io/c/6004886/to-download,,2025-07-09
https://itch.io/c/6004895/para-cuando-sea-libre,,2025-07-09
https://itch.io/c/6004905/vr,,2025-07-09
https://itch.io/c/6004909/el-hag-abdos-collection,,2025-07-09
https://itch.io/c/6004911/distantgamers-collection,,2025-07-09
https://itch.io/c/6004912/mamahaless-collection,,2025-07-09
https://itch.io/c/6004913/tryout,,2025-07-09
https://itch.io/c/6004915/fuxta90s-collection,,2025-07-09
https://itch.io/c/6004932/play-it-later-or-soon-twine-ver,,2025-07-09
https://itch.io/c/6004935/idkanymore991s-collection,,2025-07-09
https://itch.io/c/6004958/play-later,,2025-07-09
https://itch.io/c/6004971/juegos-en-general,,2025-07-09
https://itch.io/c/6005015/ara-120s-collection,,2025-07-09
https://itch.io/c/6005020/akiraharis-collection,,2025-07-09
https://itch.io/c/6005038/leimmortalravens-collection,,2025-07-09
https://itch.io/c/6005040/whatismys-collection,,2025-07-09
https://itch.io/c/6005041/lavenderrecords-collection,,2025-07-09
https://itch.io/c/6005045/3,,2025-07-09
https://itch.io/c/6005046/jerking-off-to-pixles,,2025-07-09
https://itch.io/c/6005048/angelpapaias-collection,,2025-07-09
https://itch.io/c/6005057/softbread777s-collection,,2025-07-09
https://itch.io/c/6005059/justamorons-collection,,2025-07-09
https://itch.io/c/6005063/relevans-collection,,2025-07-09
https://itch.io/c/6005083/thetaais-collection,,2025-07-09
https://itch.io/c/6005101/laotiaos-collection,,2025-07-09
https://itch.io/c/6005111/asdfghjklasdfgtgvs-collection,,2025-07-09
https://itch.io/c/6005119/arvi-teikari,,2025-07-09
https://itch.io/c/6005153/war-strategy,,2025-07-09
https://itch.io/c/6005154/animal-games,,2025-07-09
https://itch.io/c/6005159/planning,,2025-07-09
https://itch.io/c/6005176/turrent121s-collection,,2025-07-09
https://itch.io/c/6005177/gg-algos-collection,,2025-07-09
https://itch.io/c/6005197/scary,,2025-07-09
https://itch.io/c/6005209/brushes,,2025-07-09
https://itch.io/c/6005210/favorites-3,,2025-07-09
https://itch.io/c/6005213/visual-novels-3,,2025-07-09
https://itch.io/c/6005222/gumbywenchs-collection,,2025-07-09
https://itch.io/c/6005225/marklee1210s-collection,,2025-07-09
https://itch.io/c/6005242/racoons-collection,,2025-07-09
https://itch.io/c/6005261/para-comprar,,2025-07-09
https://itch.io/c/6005264/minty21s-collection,,2025-07-09
https://itch.io/c/6005267/spiltsmoothies-collection,,2025-07-09
https://itch.io/c/6005268/ray-sallyfaces-collection,,2025-07-09
https://itch.io/c/6005269/random,,2025-07-09
https://itch.io/c/6005275/marcyka3s-collection,,2025-07-09
https://itch.io/c/6005291/otome-jam-25-demos,,2025-07-09
https://itch.io/c/6005298/mangatsikas-collection,,2025-07-09
https://itch.io/c/6005310/piqued-interest,,2025-07-09
https://itch.io/c/6005313/warrior-cats-stuff-33,,2025-07-09
https://itch.io/c/6005319/andrewyau36s-collection,,2025-07-09
https://itch.io/c/6005346/sharksitos-collection,,2025-07-09
https://itch.io/c/6005358/sharksitos-collection,,2025-07-09
https://itch.io/c/6005369/to-try,,2025-07-09
https://itch.io/c/6005398/bangers,,2025-07-09
https://itch.io/c/6005400/jypark0514s-collection,,2025-07-09
https://itch.io/c/6005401/spicycontrols-collection,,2025-07-09
https://itch.io/c/6005415/good-games-romance-and-non-romance,,2025-07-09
https://itch.io/c/6005423/games-for-zae,,2025-07-09
https://itch.io/c/6005432/wanderhome,,2025-07-09
https://itch.io/c/6005445/junio2025,,2025-07-09
https://itch.io/c/6005447/amenohinonekos-collection,,2025-07-09
https://itch.io/c/6005450/otoges-i-want-to-play,,2025-07-09
https://itch.io/c/6005452/sanddollarts-collection,,2025-07-09
https://itch.io/c/6005463/incremental-games-to-try,,2025-07-09
https://itch.io/c/6005472/games-enjoyed,,2025-07-09
https://itch.io/c/6005494/straight,,2025-07-09
https://itch.io/c/6005497/omegathekings-collection,,2025-07-09
https://itch.io/c/6005504/pt-4,,2025-07-09
https://itch.io/c/6005511/youtube-video-worthy,,2025-07-09
https://itch.io/c/6005518/sexy-samplers,,2025-07-09
https://itch.io/c/6005530/wanna-play-3,,2025-07-09
https://itch.io/c/6005538/modelciti5s-collection,,2025-07-09
https://itch.io/c/6005543/mothership,,2025-07-09
https://itch.io/c/6005562/birdyarelings-collection,,2025-07-09
https://itch.io/c/6005563/modelciti5s-collection,,2025-07-09
https://itch.io/c/6005601/games-to-maybe-play,,2025-07-09
https://itch.io/c/6005604/4nyx4s-collection,,2025-07-09
https://itch.io/c/6005618/snow2077s-collection,,2025-07-09
https://itch.io/c/6005647/low,,2025-07-09
https://itch.io/c/6005655/middle,,2025-07-09
https://itch.io/c/6005674/leounyys-collection,,2025-07-09
https://itch.io/c/6005692/choi022049s-collection,,2025-07-09
https://itch.io/c/6005693/sexy,,2025-07-09
https://itch.io/c/6005765/milkycream6s-collection,,2025-07-09
https://itch.io/c/6005785/storiul1999s-collection,,2025-07-09
https://itch.io/c/6005833/bought,,2025-07-09
https://itch.io/c/6005835/down,,2025-07-09
https://itch.io/c/6005849/dich1s-collection,,2025-07-09
https://itch.io/c/6005864/things-that-i-have-played,,2025-07-09
https://itch.io/c/6005866/shmexy,,2025-07-09
https://itch.io/c/6005899/raccoon-childes-collection,,2025-07-09
https://itch.io/c/6005918/interactive-fictions,,2025-07-09
https://itch.io/c/6005925/knjkobs-collection,,2025-07-09
https://itch.io/c/6005951/laoxia-540823s-collection,,2025-07-09
https://itch.io/c/6005962/chedda-roadkills-collection,,2025-07-09
https://itch.io/c/6006019/wishlist,,2025-07-09
https://itch.io/c/6006067/horror,,2025-07-09
https://itch.io/c/6006068/brunhildcs-collection,,2025-07-09
https://itch.io/c/6006069/tompsontoonzs-collection,,2025-07-09
https://itch.io/c/6006080/gummybearnats-collection,,2025-07-09
https://itch.io/c/6006128/horror-games,,2025-07-09
https://itch.io/c/463644/julyrubyroses-collection,,2025-07-09
https://itch.io/c/495504/manuels-collection,,2025-07-09
https://itch.io/c/533339/wishlist,,2025-07-09
https://itch.io/c/585843/omega0lords-collection,,2025-07-09
https://itch.io/c/653645/vomes-collection,,2025-07-09
https://itch.io/c/694191/games,,2025-07-09
https://itch.io/c/704015/xenjios-collection,,2025-07-09
https://itch.io/c/726193/assets,,2025-07-09
https://itch.io/c/757352/sliznices-collection,,2025-07-09
https://itch.io/c/764347/threehands500s-collection,,2025-07-09
https://itch.io/c/1081697/oo,,2025-07-09
https://itch.io/c/1088092/kingajs-collection,,2025-07-09
https://itch.io/c/1111311/1,,2025-07-09
https://itch.io/c/1142281/kahvitaukos-collection,,2025-07-09
https://itch.io/c/1186139/inbred-jedis-collection,,2025-07-09
https://itch.io/c/1263209/mindmeatss-collection,,2025-07-09
https://itch.io/c/1303781/other-gamejams,,2025-07-09
https://itch.io/c/1364070/rpgs,,2025-07-09
https://itch.io/c/1426813/orioncelsiuss-collection,,2025-07-09
https://itch.io/c/1473654/vodouchais-playlist,,2025-07-09
https://itch.io/c/1621799/sega-master-system,,2025-07-09
https://itch.io/c/1632841/demos,,2025-07-09
https://itch.io/c/1672333/benum123s-collection,,2025-07-09
https://itch.io/c/1758443/my-collection,,2025-07-09
https://itch.io/c/1770017/homawk418s-collection,,2025-07-09
https://itch.io/c/1823981/homawk418s-collection,,2025-07-09
https://itch.io/c/1841767/vrac,,2025-07-09
https://itch.io/c/1850771/rowlandss-collection,,2025-07-09
https://itch.io/c/1873948/leakikas-collection,,2025-07-09
https://itch.io/c/1898307/jeux-important,,2025-07-09
https://itch.io/c/1899499/miltonfilho150s-collection,,2025-07-09
https://itch.io/c/1908268/point-and-click,,2025-07-09
https://itch.io/c/2070005/historie239s-collection,,2025-07-09
https://itch.io/c/2071837/good-gamed-yed,,2025-07-09
https://itch.io/c/2301302/shmups,,2025-07-09
https://itch.io/c/2323099/johny66czs-collection,,2025-07-09
https://itch.io/c/2345924/mm-visual-novels-of-the-highest-quality,,2025-07-09
https://itch.io/c/2388885/cool-free-games,,2025-07-09
https://itch.io/c/2402436/gaia140s-collection,,2025-07-09
https://itch.io/c/2529696/nephemoses-collection,,2025-07-09
https://itch.io/c/2609165/ironredfox12s-collection,,2025-07-09
https://itch.io/c/2632085/kawa0079s-collection,,2025-07-09
https://itch.io/c/2640587/omninbs-collection,,2025-07-09
https://itch.io/c/2650990/porn,,2025-07-09
https://itch.io/c/2665186/creationritess-collection-misc,,2025-07-09
https://itch.io/c/2688545/cocoonedspiders-collection,,2025-07-09
https://itch.io/c/2737316/gamejam2022,,2025-07-09
https://itch.io/c/2780365/itsaimless301s-collection,,2025-07-09
https://itch.io/c/2780998/val-the-enbies-collection,,2025-07-09
https://itch.io/c/2803496/panko451s-collection,,2025-07-09
https://itch.io/c/2831521/sidthekid4796s-collection,,2025-07-09
https://itch.io/c/2853251/strawbelliotts-collection,,2025-07-09
https://itch.io/c/2862369/my-favorite-games,,2025-07-09
https://itch.io/c/2925959/grayclowns-collection,,2025-07-09
https://itch.io/c/2927808/finished-games,,2025-07-09
https://itch.io/c/2931815/sabrobs-collection,,2025-07-09
https://itch.io/c/3002581/favorilerim,,2025-07-09
https://itch.io/c/3038926/scrublord641s-collection,,2025-07-09
https://itch.io/c/3045655/i-love,,2025-07-09
https://itch.io/c/3047219/slumlovers-collection,,2025-07-09
https://itch.io/c/3102687/someonesearchinganinterestinggamess-collection,,2025-07-09
https://itch.io/c/3126563/gb-studio,,2025-07-09
https://itch.io/c/3194624/ttrpg,,2025-07-09
https://itch.io/c/3212264/nearch-44s-collection,,2025-07-09
https://itch.io/c/3236302/cool-stuffs,,2025-07-09
https://itch.io/c/3248879/progamas,,2025-07-09
https://itch.io/c/3251285/potassium19s-collection,,2025-07-09
https://itch.io/t/3951714/prismatic-hero-adventure-ttrpg-demo-quick-start,,2025-07-09
https://itch.io/t/5026657/drop-bears-byte-jam-1-nearly-finished-,,2025-07-09
https://itch.io/t/5048686/sfxtranslations-visual-novel-looking-for-additional-help-updated,,2025-07-09
https://itch.io/t/5053501/writers-wanted-fantasy-romance-visual-novel-worldbuilding-story-development,,2025-07-09
https://itch.io/t/5057414/why-sprunki-this-fake-game,,2025-07-09
https://itch.io/t/5057433/mechanical-greed-released,,2025-07-09
https://itch.io/t/5057531/orphelinat-de-cornichon,,2025-07-09
https://itch.io/t/5057542/automatic-moderation-for-comments-with-links,,2025-07-09
https://itch.io/t/5057544/my-game-has-not-been-indexed,,2025-07-09
https://itch.io/t/5057558/first-game-jam-game-chicken-a-box-try-it-out,,2025-07-09
https://itch.io/t/5057628/my-game-page-has-been-quarantined-please-help,,2025-07-09
https://itch.io/t/5057740/looking-to-collaborate-free-gameplaycontent-designer-to-help-you-expand-your-game,,2025-07-09
https://itch.io/t/5058045/ufo-the-spectrum-basic,,2025-07-09
https://itch.io/t/5058212/heres-a-taste-of-the-chaos,,2025-07-09
https://itch.io/t/5058276/character-generator-for-rpg-maker-mv-here-on-itchio-with-a-more-retro-style,,2025-07-09
https://itch.io/t/5058425/ava-sporelight-early-narrative-rpg-prototype-playable-mvp-live,,2025-07-09
https://itch.io/t/5058451/boxed-truth-can-you-solve-the-mysteries,,2025-07-09
https://itch.io/t/5058523/beginner-sprite-animator-looking-to-collaborate-or-animate-for-indie-projects-free-or-cheap,,2025-07-09
https://itch.io/t/5058568/half-ear,,2025-07-09
https://itch.io/t/5058647/littlegame-130-make-way,,2025-07-09
https://itch.io/t/5058663/left-handed-mode-tag-in-accessibility-configuration,,2025-07-09
https://itch.io/t/5058671/do-purchases-at-a-lower-price-still-grant-access-if-the-price-later-increases,,2025-07-09
https://itch.io/t/5058742/promotion-our-first-release-bounzy-ballz,,2025-07-09
https://itch.io/t/5058773/add-a-few-new-updatesneed-some-ideas-for-my-game,,2025-07-09
https://itch.io/t/5058882/the-legacy-of-the-fragmented-world-conceptual-design,,2025-07-09
https://itch.io/t/5058883/my-pixel-village-pack,,2025-07-09
https://itch.io/t/5058890/voice-actor-looking-for-exprience,,2025-07-09
https://itch.io/t/5058972/basic-3d-game-knowledge-available,,2025-07-09
https://itch.io/t/5059090/one-night-at-david-3-is-now-available-to-play,,2025-07-09
https://itch.io/t/5059117/looking-for-2d-artist-indie-game-in-development,,2025-07-09
https://itch.io/t/5059285/unpaid-music-credits-music-composer-need,,2025-07-09
https://itch.io/t/5059337/cannot-see-steam-keys,,2025-07-09
https://itch.io/t/5059426/sound-better-2,,2025-07-09
https://itch.io/t/5059448/new-move-update-perfect-order-puzzle,,2025-07-09
https://itch.io/t/5059461/new-release-the-rusty-game-masters-guide-an-expansion-for-the-rust-buckets-role-playing-game,,2025-07-09
https://itch.io/t/5059486/looking-for-developer-pc-sim-game-about-malware-defense,,2025-07-09
https://itch.io/t/5059524/unpaidprogrammer-looking-for-another-godot-level-designer-and-integrator,,2025-07-09
https://itch.io/t/5059940/renpy-asset-simple-gui-kit-a-dynamic-cohesive-ui-themer,,2025-07-09
https://itch.io/t/5060179/regroupsteam,,2025-07-09
https://itch.io/t/5060418/god-2-is-now-available-to-play,,2025-07-09
https://itch.io/t/5060432/engine-dev-log-15-loading-a-3d-model,,2025-07-09
https://itch.io/t/5060517/i-am-looking-for-a-2d-pixel-artist-for-my-indie-team,,2025-07-09
https://itch.io/t/5060550/3d-artist-low-poly-psx-stylized-pixel-shader-looking-for-game-jam-collab,,2025-07-09
https://itch.io/t/5060696/jam-results-not-showing-after-deadline,,2025-07-09
https://itch.io/t/5060745/stop-dont-fight-for-me-complete-version,,2025-07-09
https://itch.io/t/5060828/looking-for-a-long-term-partner,,2025-07-09
https://itch.io/t/5060852/composer-and-sound-designer,,2025-07-09
https://itch.io/t/5060864/revshare-looking-for-environment-artist-ue5,,2025-07-09
https://itch.io/t/5060904/my-first-game-got-qurantined-as-soon-as-i-uploaded-it,,2025-07-09
https://itch.io/t/5061059/narrative-concept-art-narrative-designer-looking-for-team-or-partner,,2025-07-09
https://itch.io/t/5061060/2d-artist-looking-for-work,,2025-07-09
https://itch.io/t/5061118/release-of-the-forbidden-knowledge-roguelike-dungeon-crawler,,2025-07-09
https://itch.io/t/5061134/depolarise-climates-one-tile-at-a-time-with-our-new-analogue-game-links,,2025-07-09
https://itch.io/t/5061182/dropbot-game-announcement,,2025-07-09
https://itch.io/t/5061227/play-now-scottie-the-forgotten-one-is-available,,2025-07-09
https://itch.io/t/5061262/artfor-hire-pixel-art-commissions-for-video-games,,2025-07-09
https://itch.io/t/5061276/device-theme-tag-for-the-asset-store,,2025-07-09
https://itch.io/t/5061350/frogonomicon-our-second-game-jam,,2025-07-09
https://itch.io/t/5061390/lets-make-nsfw-game,,2025-07-09
https://itch.io/t/5061525/lockdown-reflections-storytelling-and-a-new-kind-of-adventure-game,,2025-07-09
https://itch.io/t/5061620/one-night-at-david-4-is-now-available-to-play,,2025-07-09
https://itch.io/t/5061679/lethal-a-card-puzzler-about-winning-in-1-turn,,2025-07-09
https://itch.io/t/5061714/crimson-moon-tower-is-now-playable-free-in-browsers,,2025-07-09
https://itch.io/t/5061775/we-made-a-fun-game-in-a-game-jam,,2025-07-09
https://itch.io/t/5061813/2d-artist-conceptilustrator-artist-looking-for-job-opportunities,,2025-07-09
https://itch.io/t/5061906/looking-for-feedback-on-my-wip-puzzle-game,,2025-07-09
https://itch.io/t/5061913/automatically-start-on-page-load-not-working,,2025-07-09
https://itch.io/t/5061927/hunter-hall-part-3,,2025-07-09
https://itch.io/t/5062061/new-pwyw-fantasy-western-ttrpg-by-will-savino-borough-bound-music-d20,,2025-07-09
https://itch.io/t/5062072/another-fine-release-by-rinoko-studio,,2025-07-09
https://itch.io/t/5062147/can-i-make-an-itch-entry-for-a-game-i-made-in-second-life,,2025-07-09
https://itch.io/t/5062333/game-generalist-developer-writer-marketing-and-artist-looking-for-paid-only-work,,2025-07-09
https://itch.io/t/5062342/godot-narrative-gameplay-designer-experienced-writer-and-gameplay-designer-looking-to-join-serious-team,,2025-07-09
https://itch.io/t/5062410/gifted-patreon-tiers-cant-get-download-key,,2025-07-09
https://itch.io/t/5062438/a-simple-multiplayer-game-about-cats-jumping,,2025-07-09
https://itch.io/t/5062492/godot-unity-art-programmer-with-2-years-of-game-development-experience-looking-for-1-artist,,2025-07-09
https://itch.io/t/5062581/covid-everyday-a-survival-tabletop-rpg-set-in-the-2020s,,2025-07-09
https://itch.io/t/5062677/help-wanted-web-designerdeveloper-for-social-gaming-website-rev-share,,2025-07-09
https://itch.io/t/5062705/guidelines-for-showcasing-a-work-in-progress,,2025-07-09
https://itch.io/t/5062708/musiciancomposer-paid-seeking-projects-to-work-on,,2025-07-09
https://itch.io/t/5062717/2d-artist-concept-artdesign-artist-new-to-the-industry-looking-for-work,,2025-07-09
https://itch.io/t/5062731/you-decide-this-game,,2025-07-09
https://itch.io/t/5062937/twin-peaks-guess-who,,2025-07-09
https://itch.io/t/5063122/text-is-showing-as-,,2025-07-09
https://itch.io/t/5063172/survey-feedback-needed-working-on-a-companion-game,,2025-07-09
https://itch.io/t/5063173/companion-game-short-survey-feedback-needed,,2025-07-09
https://itch.io/t/5063179/pushing-builds-via-butler-arent-working,,2025-07-09
https://itch.io/t/5063181/evolution-simulator-traits-natural-selection-evolution-in-real-time-free-open-source,,2025-07-09
https://itch.io/t/5063239/non-jam-volunteer-lf-background-artist,,2025-07-09
https://itch.io/t/5063312/composer-looking-to-expand-portfolio-no-charge,,2025-07-09
https://itch.io/t/5063351/grow-or-flow-please-give-me-feedback,,2025-07-09
https://itch.io/t/5063477/interface-errors,,2025-07-09
https://itch.io/t/5063508/kid-blu-is-out,,2025-07-09
https://itch.io/t/5063704/the-final-expedition-hunt-aliens-avoid-mutants-exotic-wildlife-across-6-biomes,,2025-07-09
https://itch.io/t/5063806/touch-grass,,2025-07-09
https://itch.io/t/5063884/brians-redemption-where-brotato-meets-the-binding-of-isaac,,2025-07-09
https://fatmuffin.itch.io/sync-about-life,,2025-07-09
https://sotycii.itch.io/received,,2025-07-09
https://cemckrc.itch.io/katman,,2025-07-09
https://cemckrc.itch.io/fps-arms-psx-style,,2025-07-09
https://cemckrc.itch.io/double-barrel-shotgun-psx-ps1-style,,2025-07-09
https://rachiecodes.itch.io/bad-rats,,2025-07-09
https://spacegoblingames.itch.io/encounter,,2025-07-09
https://theglazedham.itch.io/let-there-be-chaos,,2025-07-09
https://cemckrc.itch.io/unaltered,,2025-07-09
https://oliverajones.itch.io/get-outta-here,,2025-07-09
https://romline5.itch.io/the-collector-mobile,,2025-07-09
https://romline5.itch.io/diamond-hunter-4,,2025-07-09
https://romline5.itch.io/the-capture-2,,2025-07-09
https://theglazedham.itch.io/skeleboi,,2025-07-09
https://spacegoblingames.itch.io/beyond-the-chiron-gate,,2025-07-09
https://volaris-himmel.itch.io/archers-kingdom,,2025-07-09
https://acidatm.itch.io/tram,,2025-07-09
https://spacegoblingames.itch.io/cyborg-arena,,2025-07-09
https://romline5.itch.io/mytv-2,,2025-07-09
https://cemckrc.itch.io/reach-top-puzzle-game,,2025-07-09
https://superkalio.itch.io/thesilentweapon,,2025-07-09
https://theglazedham.itch.io/the-endless-locker,,2025-07-09
https://skullyisagod.itch.io/five-nights-at-walters,,2025-07-09
https://themorse.itch.io/hard-game,,2025-07-09
https://r4hmi.itch.io/flappy-bird-3d,,2025-07-09
https://incanarcade.itch.io/dino-mayhem,,2025-07-09
https://r4hmi.itch.io/get-the-key,,2025-07-09
https://ctd75studios.itch.io/conrads-adventure,,2025-07-09
https://theglazedham.itch.io/robo-desert,,2025-07-09
https://romline5.itch.io/pokemon-x-and-y-go-again,,2025-07-09
https://edgecopecorp.itch.io/dragons-defense,,2025-07-09
https://inhumanity-arts.itch.io/bride-zilla,,2025-07-09
https://romline5.itch.io/drone-army,,2025-07-09
https://jadejesp.itch.io/byte-the-bullet,,2025-07-09
https://rachiecodes.itch.io/hell-climber,,2025-07-09
https://r4hmi.itch.io/fnaf-definitive-edition,,2025-07-09
https://r4hmi.itch.io/abdulrahman-aladi-vs-the-aliens,,2025-07-09
https://edgecopecorp.itch.io/hypermarket-power,,2025-07-09
https://r4hmi.itch.io/horror-pac-man,,2025-07-09
https://romline5.itch.io/mytv-world,,2025-07-09
https://bestpillowcase.itch.io/two-free-rigged-mech-models,,2025-07-09
https://gamesantora.itch.io/gmt-bit-tunes-pack,,2025-07-09
https://gossamer-coast-press.itch.io/glimmers-rim,,2025-07-09
https://gamesantora.itch.io/santorahorror,,2025-07-09
https://incanarcade.itch.io/matchy-dice,,2025-07-09
https://themorse.itch.io/dice-swap,,2025-07-09
https://spartimm.itch.io/the-house-always-wins,,2025-07-09
https://arthurhale.itch.io/aryan-island,,2025-07-09
https://r4hmi.itch.io/fnaf-2-definitive-edition,,2025-07-09
https://theglazedham.itch.io/sochess,,2025-07-09
https://themorse.itch.io/my-friend-teddy,,2025-07-09
https://bograt.itch.io/d66-western-vol-1,,2025-07-09
https://bograt.itch.io/d66-western-vol-2,,2025-07-09
https://bograt.itch.io/d66-western-vol-3,,2025-07-09
https://r4hmi.itch.io/sandbox-island,,2025-07-09
https://bograt.itch.io/d66-western-vol-4,,2025-07-09
https://spartimm.itch.io/mysterious-mineshafts,,2025-07-09
https://r4hmi.itch.io/impossible-jump,,2025-07-09
https://bograt.itch.io/d66-western-vol-5,,2025-07-09
https://edgecopecorp.itch.io/viper-i-one,,2025-07-09
https://bograt.itch.io/d66-western-vol-6,,2025-07-09
https://bograt.itch.io/d12-dia-de-los-muertos-vol-1,,2025-07-09
https://bograt.itch.io/d12-dia-de-los-muertos-vol-2,,2025-07-09
https://bograt.itch.io/d12-rodeo-clowns-vol-1,,2025-07-09
https://bograt.itch.io/d66-monstrous-scum-for-westerns-vol-1,,2025-07-09
https://bograt.itch.io/d66-western-vol-7,,2025-07-09
https://bitsmitten.itch.io/dont-die-again,,2025-07-09
https://edgecopecorp.itch.io/thdgwypuipadttafhfm,,2025-07-09
https://incanarcade.itch.io/pixel-quest-dungeon-crawler-asset-pack,,2025-07-09
https://norewardgames.itch.io/megabox-vs-villains-2d,,2025-07-09
https://eivver.itch.io/cubrunner,,2025-07-09
https://wayfarertechnologies.itch.io/delta,,2025-07-09
https://izfun.itch.io/1-shasha-slap-mini-clicker-game,,2025-07-09
https://norewardgames.itch.io/infected-zombie-game,,2025-07-09
https://coolnotcold.itch.io/flappy-bird-city-theme,,2025-07-09
https://lucasmagookis.itch.io/bananamanio,,2025-07-09
https://egbower.itch.io/percival,,2025-07-09
https://r4hmi.itch.io/cube-head,,2025-07-09
https://incanarcade.itch.io/shark-dentist,,2025-07-09
https://egbower.itch.io/the-horseman,,2025-07-09
https://eivver.itch.io/roguelike-2d,,2025-07-09
https://bograt.itch.io/d66-western-vol-8,,2025-07-09
https://incanarcade.itch.io/pocket-fables-fantasy-adventure-pack,,2025-07-09
https://bograt.itch.io/d66-western-vol-9,,2025-07-09
https://bograt.itch.io/d66-western-vol-10,,2025-07-09
https://r4hmi.itch.io/resident-evil-cube,,2025-07-09
https://me-butmeme.itch.io/im-high,,2025-07-09
https://bograt.itch.io/d66-western-vol-11,,2025-07-09
https://bograt.itch.io/d66-western-vol-12,,2025-07-09
https://bograt.itch.io/d66-western-vol-13,,2025-07-09
https://bograt.itch.io/d12-rodeo-clowns-vol-2,,2025-07-09
https://bograt.itch.io/d12-rodeo-clowns-vol-3,,2025-07-09
https://bograt.itch.io/d66-western-vol-14,,2025-07-09
https://bograt.itch.io/d66-monstrous-scum-for-westerns-vol-2,,2025-07-09
https://re-uploadgamesio.itch.io/the-slaying-of-sandy-hooks-elementary,,2025-07-09
https://bograt.itch.io/d12-dia-de-los-muertos-vol-3,,2025-07-09
https://bograt.itch.io/d12-dia-de-los-muertos-vol-4,,2025-07-09
https://bograt.itch.io/d12-rodeo-clowns-vol-4,,2025-07-09
https://mitamo.itch.io/launch-up,,2025-07-09
https://incanarcade.itch.io/sneakysheep,,2025-07-09
https://bograt.itch.io/d66-western-vol-15,,2025-07-09
https://bograt.itch.io/d66-western-vol-16,,2025-07-09
https://megapupsik1.itch.io/schooltime,,2025-07-09
https://bograt.itch.io/d66-sugar-skull-gang,,2025-07-09
https://norewardgames.itch.io/flappy-porros,,2025-07-09
https://wyu4.itch.io/flappybird,,2025-07-09
https://eliciarski.itch.io/stay-awayk,,2025-07-09
https://norewardgames.itch.io/gravity-pong-2d,,2025-07-09
https://justgrayitch.itch.io/bearlos-school,,2025-07-09
https://bograt.itch.io/d66-western-vol-17,,2025-07-09
https://bograt.itch.io/d66-western-vol-18,,2025-07-09
https://just-jeremy.itch.io/backrooms-cleanup,,2025-07-09
https://fatmuffin.itch.io/archipel,,2025-07-09
https://fransetstudios.itch.io/skelegeon,,2025-07-09
https://spacegoblingames.itch.io/seedship,,2025-07-09
https://darkcomdev.itch.io/trees-and-bushes-pack,,2025-07-09
https://wise-bu.itch.io/ame,,2025-07-09
https://streltsova-anastasiya.itch.io/toxic-city,,2025-07-09
https://egbower.itch.io/the-augur,,2025-07-09
https://kollessisopod.itch.io/mantis-simulator,,2025-07-09
https://izfun.itch.io/show-me-booba,,2025-07-09
https://loafingstudio.itch.io/shrike-hates-the-light,,2025-07-09
https://bograt.itch.io/d66-western-vol-19,,2025-07-09
https://dokivoxel.itch.io/thecrtcollection,,2025-07-09
https://space-studios-oficial.itch.io/angrycat,,2025-07-09
https://coolnotcold.itch.io/escape-the-arcade,,2025-07-09
https://incanarcade.itch.io/pupkin-patch,,2025-07-09
https://romline5.itch.io/snake-master,,2025-07-09
https://wakarikaneru.itch.io/aurora-flight,,2025-07-09
https://ubaygd.itch.io/tales-of-nivaria,,2025-07-09
https://space-studios-oficial.itch.io/space-smash,,2025-07-09
https://space-studios-oficial.itch.io/teach-code,,2025-07-09
https://noel-em.itch.io/flooded-delirium,,2025-07-09
https://ultradrone.itch.io/gamemaker-live2d-extension,,2025-07-09
https://leeamor999.itch.io/the-seventh,,2025-07-09
https://norewardgames.itch.io/exerciseprototype,,2025-07-09
https://ink-ify.itch.io/digging-up-a-klein-bottle,,2025-07-09
https://ugdev.itch.io/gravix,,2025-07-09
https://lditko.itch.io/mid-century-holiday-coloring-pages,,2025-07-09
https://zsef.itch.io/project-bj,,2025-07-09
https://miji-project.itch.io/mjp-hand,,2025-07-09
https://avieart.itch.io/shadowdeath,,2025-07-09
https://space-studios-oficial.itch.io/christmas-gift,,2025-07-09
https://coolnotcold.itch.io/a-hope-in-snow,,2025-07-09
https://romline5.itch.io/mytv-saint-seiya,,2025-07-09
https://dont-be-scareed-entmt.itch.io/bobysjourney,,2025-07-09
https://megapupsik1.itch.io/vegetables,,2025-07-09
https://rusty-east.itch.io/the-bunny,,2025-07-09
https://be-n-team.itch.io/11hour,,2025-07-09
https://zsef.itch.io/khalifa-run,,2025-07-09
https://incanarcade.itch.io/funny-bunny-battle,,2025-07-09
https://romline5.itch.io/breakout,,2025-07-09
https://eldritch-kitten.itch.io/hiragana-now-android,,2025-07-09
https://romline5.itch.io/adventure,,2025-07-09
https://leeamor999.itch.io/literature-defense-guardian-of-obidos,,2025-07-09
https://bograt.itch.io/d100-avatars-for-westerns-vol-1,,2025-07-09
https://bluqen.itch.io/reilluminate,,2025-07-09
https://egbower.itch.io/fair-game,,2025-07-09
https://bograt.itch.io/d100-avatars-for-western-vol-2,,2025-07-09
https://zsef.itch.io/projectmask,,2025-07-09
https://bograt.itch.io/d100-avatars-for-western-vol-3,,2025-07-09
https://bograt.itch.io/d12-rodeo-clowns-vol-5,,2025-07-09
https://bograt.itch.io/d12-rodeo-clowns-vol-6,,2025-07-09
https://bluqen.itch.io/frozen-escape,,2025-07-09
https://projectulysses.itch.io/the-mirror-eater,,2025-07-09
https://coolnotcold.itch.io/clicked,,2025-07-09
https://dartekz.itch.io/bubble-gum-gun,,2025-07-09
https://coolnotcold.itch.io/zic-zac-zoe,,2025-07-09
https://alansio.itch.io/blobbys-adventures,,2025-07-09
https://leytongtag.itch.io/aspectapes,,2025-07-09
https://makislush.itch.io/gorilla-tag-horror,,2025-07-09
https://catcorperation.itch.io/head-bumper-jumper,,2025-07-09
https://blorpware.itch.io/nightmare-in-dunwich,,2025-07-09
https://egbower.itch.io/the-arrivistes,,2025-07-09
https://harunwosche.itch.io/der-krieger-swordi,,2025-07-09
https://leeamor999.itch.io/kung-fu-panda-the-sacred-scroll,,2025-07-09
https://dervsh.itch.io/shun,,2025-07-09
https://loafingstudio.itch.io/block-colony,,2025-07-09
https://mostudios.itch.io/mosimulator,,2025-07-09
https://jdloci.itch.io/plataformaprincipalproyectotransmedia,,2025-07-09
https://romii0x.itch.io/bio-feast,,2025-07-09
https://norewardgames.itch.io/ghoul-company,,2025-07-09
https://avenueq.itch.io/the-butterfly-dreams,,2025-07-09
https://meant-to-bee-studios.itch.io/rectifier-in-bloom,,2025-07-09
https://gabrieeeuu.itch.io/canga,,2025-07-09
https://wessy1515.itch.io/chimponze-steam,,2025-07-09
https://nico95cortes.itch.io/knight-platformer-5-beta,,2025-07-09
https://lafraguadelpixel.itch.io/dragon-guardian,,2025-07-09
https://wweegee.itch.io/lmtmb,,2025-07-09
https://bmbg.itch.io/killthezombies,,2025-07-09
https://majanite-studio.itch.io/indomie-nigame,,2025-07-09
https://rexar-games.itch.io/psihmod,,2025-07-09
https://majanite-studio.itch.io/abajak-ayobayarpajak,,2025-07-09
https://norewardgames.itch.io/gas-station-trip,,2025-07-09
https://leytongtag.itch.io/fun-aspect-horror,,2025-07-09
https://mispine-studio.itch.io/super-parkour-remastered,,2025-07-09
https://babyfishy713.itch.io/space-cube,,2025-07-09
https://wizaspida.itch.io/the-alchamist,,2025-07-09
https://space-studios-oficial.itch.io/dessert-duo,,2025-07-09
https://leytongtag.itch.io/mint-tag,,2025-07-09
https://snakewinter.itch.io/underwater-study,,2025-07-09
https://space-studios-oficial.itch.io/arcane-rise,,2025-07-09
https://bluqen.itch.io/alachemia,,2025-07-09
https://cuteseas.itch.io/floppy-jelly,,2025-07-09
https://punchingbag.itch.io/spider-bro,,2025-07-09
https://dreamtechentertainment.itch.io/sonixos,,2025-07-09
https://infinite-expansion.itch.io/isle-of-hunger,,2025-07-09
https://romline5.itch.io/3d-models-swords-pack1,,2025-07-09
https://bitsmitten.itch.io/cat-smash,,2025-07-09
https://chicken-nugget5.itch.io/waltz-taggers,,2025-07-09
https://cozmic-games.itch.io/dread-in-the-dark-demo,,2025-07-09
https://tarositos.itch.io/michaels-murder-night,,2025-07-09
https://fatmuffin.itch.io/phantoms-in-the-crypt,,2025-07-09
https://rexar-games.itch.io/fear-mansion-escape,,2025-07-09
https://rexar-games.itch.io/resident-evil-2-remake-by-unity,,2025-07-09
https://rexar-games.itch.io/escape-for-skuf,,2025-07-09
https://rexar-games.itch.io/simulator-sit-toilet,,2025-07-09
https://vparant24.itch.io/visualx,,2025-07-09
https://sashaant.itch.io/mvlo-miminosomod,,2025-07-09
https://charliequestsync.itch.io/stardrift,,2025-07-09
https://zsef.itch.io/its-nice-to-have-a-buddy,,2025-07-09
https://williamstome.itch.io/helloworldimsorry,,2025-07-09
https://bomberscarab.itch.io/a2dpa,,2025-07-09
https://monkvr-13x.itch.io/sympathy-taggers,,2025-07-09
https://majanite-studio.itch.io/cirsed-multiplayer,,2025-07-09
https://macrowdev.itch.io/bombustion,,2025-07-09
https://mitrisha.itch.io/fluffy-village,,2025-07-09
https://rexar-games.itch.io/frembb10,,2025-07-09
https://catherinenekoro.itch.io/hanging-thread,,2025-07-09
https://weyrektplayzz.itch.io/dream,,2025-07-09
https://rexar-games.itch.io/the-shadow-of-the-ruined,,2025-07-09
https://rexar-games.itch.io/nexbot-run,,2025-07-09
https://alex-coldfire.itch.io/untilthelaststarfades,,2025-07-09
https://trulystudios.itch.io/yoyleberry-clicker,,2025-07-09
https://willardshchavel.itch.io/enough,,2025-07-09
https://automationstudy.itch.io/automationgame,,2025-07-09
https://srss-squad.itch.io/spider-man-miles-morales-mobile-fangame-v1,,2025-07-09
https://megapupsik1.itch.io/towerdefence,,2025-07-09
https://rexar-games.itch.io/dimension-x,,2025-07-09
https://amantepc.itch.io/ap,,2025-07-09
https://temmiefan-hoi.itch.io/rat-labyrinth,,2025-07-09
https://rexar-games.itch.io/redzone-store,,2025-07-09
https://coytoketti.itch.io/appetite-for-shrooms,,2025-07-09
https://kate-wright.itch.io/gimme-another-round,,2025-07-09
https://houndoomboi.itch.io/super-smash-bros-infinity-v070,,2025-07-09
https://dawn-to-dusk-games.itch.io/simple-3d-bedroom-asset-pack-set-1,,2025-07-09
https://deathdieclub.itch.io/riftwalkers-english,,2025-07-09
https://sushibee123.itch.io/soretro,,2025-07-09
https://cemckrc.itch.io/psx-customizable-shotgun,,2025-07-09
https://gossamer-coast-press.itch.io/candleberry-jam,,2025-07-09
https://splix04.itch.io/olympian-chaos,,2025-07-09
https://fransetstudios.itch.io/meteor-survival,,2025-07-09
https://brumas-dev.itch.io/not-stop-working,,2025-07-09
https://rj-08.itch.io/multiruin,,2025-07-09
https://rexar-games.itch.io/ozon-simulator,,2025-07-09
https://karensumano.itch.io/latidos-de-decision,,2025-07-09
https://your-local-modder.itch.io/sprunki-cancelled-update-good-ending-update-4-more-updates-soon,,2025-07-09
https://your-local-modder.itch.io/sprunki-cancelled-update-good-ending-but-you-can-play-it-without-download,,2025-07-09
https://rexar-games.itch.io/console-assistent,,2025-07-09
https://obsolete-games.itch.io/happy-new-fucking-year,,2025-07-09
https://coolnotcold.itch.io/santas-hallway,,2025-07-09
https://fluoritegames.itch.io/116,,2025-07-09
https://segasheila.itch.io/bat-breakout,,2025-07-09
https://adrasko.itch.io/savagedungeons,,2025-07-09
https://eggplantdevelopment.itch.io/irre,,2025-07-09
https://romline5.itch.io/sexy-anime-girls-image-pack-1,,2025-07-09
https://ash-youtube.itch.io/gurillas,,2025-07-09
https://suitablegames.itch.io/runes-of-albarcha,,2025-07-09
https://jellyy09.itch.io/project-steroid,,2025-07-09
https://pamsdrabbles.itch.io/celestial-signs,,2025-07-09
https://backyardigans-studios.itch.io/otto,,2025-07-09
https://alansio.itch.io/rounds-arena,,2025-07-09
https://hazem-walid1.itch.io/fish-chasing,,2025-07-09
https://closdsbobvr.itch.io/phobiataghorror,,2025-07-09
https://dervsh.itch.io/kopuk-foam,,2025-07-09
https://ramila.itch.io/crazy-manager,,2025-07-09
https://bravebengal.itch.io/blood-biter-beatdown-2-teaser-demo,,2025-07-09
https://amadeoxh.itch.io/fillthevoid,,2025-07-09
https://mystic-pixel-labs.itch.io/endless-runner-3d,,2025-07-09
https://therealcobymaniayt.itch.io/five-night-at-freddys-pizzeria-simulator-scratch-port,,2025-07-09
https://catcorperation.itch.io/cuberace,,2025-07-09
https://pvbiizh3r.itch.io/invoke,,2025-07-09
https://jester-07.itch.io/fnia-salvaged,,2025-07-09
https://poyu0302.itch.io/foxtheendlessrunner,,2025-07-09
https://lobowicz.itch.io/shape-shooter,,2025-07-09
https://oldmanjinxens.itch.io/charge-ahead,,2025-07-09
https://matchalattepng.itch.io/kirb-trip,,2025-07-09
https://guselect.itch.io/echosqueak,,2025-07-09
https://plexusstudio.itch.io/the-blue-cut-hook,,2025-07-09
https://dwekou.itch.io/fomalhaut-prototype,,2025-07-09
https://cyanxiety24.itch.io/heartstalker,,2025-07-09
https://catcorperation.itch.io/fps-trash,,2025-07-09
https://nickerman2000.itch.io/decayer,,2025-07-09
https://liuhankun0401.itch.io/gdim32-finalproject-teambakabaka,,2025-07-09
https://designwisp.itch.io/design-odyssey,,2025-07-09
https://gaspar-valdez.itch.io/notrash-adventure-ecodash,,2025-07-09
https://taytay14.itch.io/refreshing-tag,,2025-07-09
https://siinteractive.itch.io/nutreents,,2025-07-09
https://darkmoon-blade.itch.io/shattered-blade-alpha-pre,,2025-07-09
https://flexahedron.itch.io/prince-of-nothing,,2025-07-09
https://c3z4r.itch.io/find-satanas,,2025-07-09
https://jabstudio.itch.io/70-interior-wall-and-floor-tileset,,2025-07-09
https://midnight-meister.itch.io/bing-bos-treasure-hunt,,2025-07-09
https://cloberscot.itch.io/space-gaym,,2025-07-09
https://strainedpixels.itch.io/mists-of-ypres,,2025-07-09
https://gingersnap776.itch.io/one-of-ours,,2025-07-09
https://bluqen.itch.io/soulbound-hare,,2025-07-09
https://egbower.itch.io/the-season,,2025-07-09
https://gabrieeeuu.itch.io/lambda-project,,2025-07-09
https://oliverblue.itch.io/lethel-ipe,,2025-07-09
https://3dnikgames.itch.io/asteroid-belt,,2025-07-09
https://romii0x.itch.io/ricochet-outlaw,,2025-07-09
https://marianomora.itch.io/gravity-gunners,,2025-07-09
https://norewardgames.itch.io/get-caught,,2025-07-09
https://alansio.itch.io/dunge,,2025-07-09
https://endbit.itch.io/raccoon-jump,,2025-07-09
https://uwu1o1o2o.itch.io/protective-cat-2,,2025-07-09
https://3dnikgames.itch.io/elvis-spacebirdy-landing,,2025-07-09
https://lobowicz.itch.io/scrabble,,2025-07-09
https://maxploit.itch.io/yomichi,,2025-07-09
https://andreicud.itch.io/tales-of-the-underworld,,2025-07-09
https://uddingstudio.itch.io/two-button-beta,,2025-07-09
https://megapupsik1.itch.io/ecologycity,,2025-07-09
https://eldritch-kitten.itch.io/ready-deck-go,,2025-07-09
https://eldritch-kitten.itch.io/cave-dwellers,,2025-07-09
https://fatmuffin.itch.io/drunken,,2025-07-09
https://liuhankun0401.itch.io/gdim27-hw1,,2025-07-09
https://joonaqualia.itch.io/qualialabs-01,,2025-07-09
https://dokivoxel.itch.io/ten-tables,,2025-07-09
https://sym123.itch.io/pencil,,2025-07-09
https://neostarstudios.itch.io/redgate,,2025-07-09
https://another-techiom-studios.itch.io/nighttag,,2025-07-09
https://jarrrrl.itch.io/chattino-space-program,,2025-07-09
https://powerpuff-gurl.itch.io/one-last-exit,,2025-07-09
https://ultraknight-darkderd.itch.io/color-bulls-you-not-gonna-find-it,,2025-07-09
https://avenueq.itch.io/lady-anneliese-dies,,2025-07-09
https://sondeirypt-games.itch.io/download-a-person,,2025-07-09
https://jk-tu.itch.io/magicka-hero,,2025-07-09
https://meyer02.itch.io/alien-sports-dodgeball,,2025-07-09
https://pooiod7.itch.io/robloxstudiorestarter,,2025-07-09
https://fabianausinformatik.itch.io/informatikprojektalexundfabianhlg,,2025-07-09
https://syringeoners.itch.io/house-of-renren,,2025-07-09
https://renard-roux.itch.io/orphelinat-cornichon,,2025-07-09
https://odiolisk.itch.io/ira-et-dolor-cazstar-zine-2025,,2025-07-09
https://dokivoxel.itch.io/pixel-art-computer-crt-terminal-monitors,,2025-07-09
https://madafajitas.itch.io/zombie-killer-machine,,2025-07-09
https://pacbl84.itch.io/sprunki-1996,,2025-07-09
https://sourguyvr.itch.io/raycaster-test-in-scratch,,2025-07-09
https://flamegamess.itch.io/redm-chapters-new-orleans-episode-i-zx-plus-3,,2025-07-09
https://felixve.itch.io/iridescent,,2025-07-09
https://ade2600.itch.io/super-virtual-joysticks-mobile-input-system-for-unity,,2025-07-09
https://liuhankun0401.itch.io/game-eco-test,,2025-07-09
https://cyansorcery.itch.io/blobun-mini,,2025-07-09
https://sollot.itch.io/we-are-cooked,,2025-07-09
https://coytoketti.itch.io/lab-volcano,,2025-07-09
https://runnerstudios.itch.io/scuffedanimalcompany,,2025-07-09
https://retektorstudios.itch.io/gravitas,,2025-07-09
https://venova-games.itch.io/2d-interior-and-walls,,2025-07-09
https://mangomoose.itch.io/project-ohm,,2025-07-09
https://astek-game-studio.itch.io/tcg-card-templates,,2025-07-09
https://soulcode.itch.io/free-goblin-pack,,2025-07-09
https://peza1208111.itch.io/projectsummerreborn,,2025-07-09
https://fitamas.itch.io/wdl,,2025-07-09
https://losbalhamos.itch.io/wait-for-the-real-name,,2025-07-09
https://daccdwhgdcfgh.itch.io/reupload,,2025-07-09
https://ansdor.itch.io/fever,,2025-07-09
https://slimeinspace.itch.io/he-is-steve,,2025-07-09
https://vv1v.itch.io/gun-paks-1,,2025-07-09
https://sararomanophd.itch.io/review-biophilicoffice,,2025-07-09
https://idkyet312.itch.io/projectsync,,2025-07-09
https://uddingstudio.itch.io/real-tales-1988,,2025-07-09
https://galoxyum.itch.io/ons2encore,,2025-07-09
https://donian.itch.io/zeromania,,2025-07-09
https://silver-keogh.itch.io/redner,,2025-07-09
https://sexybaguettestudio.itch.io/hentai-clicker-emy,,2025-07-09
https://jeremy-devg.itch.io/the-descent,,2025-07-09
https://charlielowe.itch.io/off-with-their-bread,,2025-07-09
https://pvbiizh3r.itch.io/bubbas-diner,,2025-07-09
https://0x00eb.itch.io/tile-map-alchemist,,2025-07-09
https://pacbl84.itch.io/my-horror-tom,,2025-07-09
https://spritebear.itch.io/the-return-to-freddys-2-reimagined,,2025-07-09
https://robinvdb.itch.io/game-prototype,,2025-07-09
https://mdevillar.itch.io/giant-shoulders,,2025-07-09
https://casualgamedev.itch.io/mini-planet-generator,,2025-07-09
https://yarnadev.itch.io/yarnadev-yan-sim-on-scratch,,2025-07-09
https://moxytofire.itch.io/summertagv2,,2025-07-09
https://nn17-drugki.itch.io/sprun,,2025-07-09
https://thifall.itch.io/kartografowie,,2025-07-09
https://maxeatssoap.itch.io/monkey-mania-vr,,2025-07-09
https://azure-tary.itch.io/crimson-flow-mac-version,,2025-07-09
https://stupidspacedev.itch.io/super-fighter-test,,2025-07-09
https://lampblack-games.itch.io/meis-chupu-challenge,,2025-07-09
https://pexeldev.itch.io/mc-server-manager,,2025-07-09
https://darkzin-007.itch.io/lust-town-amandas-road-to-porn,,2025-07-09
https://nolini135.itch.io/spikestorm,,2025-07-09
https://pipersnest.itch.io/the-good-family,,2025-07-09
https://kollessisopod.itch.io/goof-your-place,,2025-07-09
https://darkzin-007.itch.io/new-world-paradise,,2025-07-09
https://manatii.itch.io/loch-mess,,2025-07-09
https://1comic1chance.itch.io/wasp-simulator,,2025-07-09
https://blorpware.itch.io/break-an-egg,,2025-07-09
https://danielk0104.itch.io/timeline-card-game-web,,2025-07-09
https://wiswis.itch.io/heartgunshoot,,2025-07-09
https://vaccaria.itch.io/one-last-vow,,2025-07-09
https://bunklings.itch.io/bunklings-corona-royal,,2025-07-09
https://maniquin20.itch.io/lava-jumper,,2025-07-09
https://yrgo-game-creator.itch.io/regauge,,2025-07-09
https://retrodadz.itch.io/islandfever,,2025-07-09
https://betatown.itch.io/jumpers,,2025-07-09
https://aerobyte12.itch.io/kluckit,,2025-07-09
https://the-advisors-game.itch.io/parasitic,,2025-07-09
https://lafraguadelpixel.itch.io/2dplataformas,,2025-07-09
https://flashfictionmonth.itch.io/flash-fiction-month-prompt-generator-2025,,2025-07-09
https://pvbiizh3r.itch.io/halls,,2025-07-09
https://gingerbread-99.itch.io/2230-writer,,2025-07-09
https://gingerbread-99.itch.io/2230-artist,,2025-07-09
https://gingerbread-99.itch.io/2230-musician,,2025-07-09
https://gingerbread-99.itch.io/2230-marketer,,2025-07-09
https://s-kuma.itch.io/s-kumabox-v1-sprunki,,2025-07-09
https://ragebreaker.itch.io/imagot,,2025-07-09
https://ww8w.itch.io/projectape,,2025-07-09
https://guillaumegd.itch.io/night-keeper-geres,,2025-07-09
https://tres-bravas-team.itch.io/el-camino-de-geraldo,,2025-07-09
https://cosmik-koto.itch.io/meet-the-wanderers,,2025-07-09
https://abdo.itch.io/rekenrek,,2025-07-09
https://sisouto-kyomu.itch.io/kioku-demo,,2025-07-09
https://coalforge.itch.io/laika,,2025-07-09
https://jimmcnulty41.itch.io/minimini-morning-glory-animated-16x16-plant-tiles,,2025-07-09
https://mrblobsbunker.itch.io/monkbonk,,2025-07-09
https://morningdawnstar.itch.io/thegathering,,2025-07-09
https://morningdawnstar.itch.io/try,,2025-07-09
https://emlstudio.itch.io/my-shadow-and-me,,2025-07-09
https://fletchhead.itch.io/stsmon-demo,,2025-07-09
https://elfenauge.itch.io/not-alone,,2025-07-09
https://viddogt.itch.io/monkeyblox,,2025-07-09
https://supamon2.itch.io/fnadrc,,2025-07-09
https://maellemarylloup.itch.io/tools-weapons-icons,,2025-07-09
https://awdl.itch.io/happy-birthday-the-box-demo,,2025-07-09
https://samuelessen.itch.io/verbmeister-demo-version,,2025-07-09
https://jlrs-games.itch.io/escape-the-maw,,2025-07-09
https://rizzlord.itch.io/quickview-3d-modelviewer,,2025-07-09
https://mijiodevour.itch.io/cursed-memory,,2025-07-09
https://exotic12.itch.io/projectexotic,,2025-07-09
https://atlobster.itch.io/lobster-taggers,,2025-07-09
https://fuentespens.itch.io/orion,,2025-07-09
https://kkz-studio.itch.io/lili-desktop,,2025-07-09
https://andries659.itch.io/tor-w,,2025-07-09
https://ladnoanet.itch.io/badsam-dev,,2025-07-09
https://christopherpro1234-yt.itch.io/httpsscratchmiteduprojects1177693532editor,,2025-07-09
https://allendayan.itch.io/my-gaming-assets,,2025-07-09
https://rodrigo-j-silva.itch.io/sweet-defenders,,2025-07-09
https://gavinonwin11.itch.io/beamng-drive-01203,,2025-07-09
https://loafingstudio.itch.io/tablefornone,,2025-07-09
https://wooseong.itch.io/duality,,2025-07-09
https://superwaitsum.itch.io/cuytarsis,,2025-07-09
https://robinvdb.itch.io/ship-survival-demo,,2025-07-09
https://josorogic.itch.io/deepsleepprueba-html,,2025-07-09
https://sandiarta.itch.io/chrono-duel,,2025-07-09
https://brs-t.itch.io/a-new-machinist,,2025-07-09
https://jonkelly.itch.io/explorer-app,,2025-07-09
https://chaskibum.itch.io/chorirun-prototype,,2025-07-09
https://fastjr.itch.io/apex-tagv3,,2025-07-09
https://raouldukesilver.itch.io/save-the-swamps-on-kirwan-iii,,2025-07-09
https://coltron.itch.io/hells-high-rollers,,2025-07-09
https://merlincode.itch.io/no-more-trees,,2025-07-09
https://flamegamess.itch.io/redm-chapters-new-orleans-episode-i-english-zx-spectrum-3,,2025-07-09
https://idkofficialguy.itch.io/sprunki-penz,,2025-07-09
https://spicystudionsfw.itch.io/angels-academy,,2025-07-09
https://dunhead.itch.io/towers-of-ages,,2025-07-09
https://coolkid-and-nathan.itch.io/dad-scary-is-back-testing-apk,,2025-07-09
https://nicbiondi.itch.io/wisdommineralpha,,2025-07-09
https://bitacoraspatrias.itch.io/remedios2,,2025-07-09
https://marat-mmr.itch.io/wantedwheels,,2025-07-09
https://neo-art.itch.io/quicksilver-game,,2025-07-09
https://theduckcow.itch.io/the-seattle-freeze,,2025-07-09
https://letsglitchit.itch.io/hue-bandit,,2025-07-09
https://impio.itch.io/through-the-snow,,2025-07-09
https://tliad.itch.io/aseprite-gradients-extension,,2025-07-09
https://sisouto-kyomu.itch.io/ver100eren,,2025-07-09
https://darknesod.itch.io/dark-paths,,2025-07-09
https://egorteror256.itch.io/pr,,2025-07-09
https://tarroook.itch.io/parkour-knight,,2025-07-09
https://paidbread.itch.io/downhill-multiplayer-deom,,2025-07-09
https://scarybaboonapks.itch.io/dont-click-it,,2025-07-09
https://moleculepress.itch.io/13-ruined-lives,,2025-07-09
https://thatdevjack.itch.io/sandwich-simulator,,2025-07-09
https://rafivijil.itch.io/father-figure-it-out,,2025-07-09
https://oleekconder.itch.io/stylized-textures-vol-186-wood,,2025-07-09
https://cloudcastleaudio.itch.io/fading-echoes,,2025-07-09
https://paidbread.itch.io/downhill-multiplayer,,2025-07-09
https://torchin.itch.io/substraction,,2025-07-09
https://danka-dobric.itch.io/summer-of-25,,2025-07-09
https://petlimpet.itch.io/harelines,,2025-07-09
https://chirps-n-chimes.itch.io/ricks-konbini,,2025-07-09
https://nirsegal26.itch.io/kidandblu,,2025-07-09
https://paligamer.itch.io/a-thiefs-escape,,2025-07-09
https://hala17.itch.io/dont-pop-bob,,2025-07-09
https://jacob-makes-games.itch.io/delivery-dash,,2025-07-09
https://peterdrake.itch.io/cascadia91,,2025-07-09
https://orz3l.itch.io/lewd-phone,,2025-07-09
https://indytheartist.itch.io/httpsscratchmiteduprojects1048200602,,2025-07-09
https://guaqgames.itch.io/bungjinus-the-farmer,,2025-07-09
https://waferborn.itch.io/inmate-0001,,2025-07-09
https://elvgames.itch.io/ice-spell-icons-16x16-pixelart,,2025-07-09
https://lowtekgames.itch.io/artcollector-viverse-avatars,,2025-07-09
https://fishygt2.itch.io/chimpers,,2025-07-09
https://garbata.itch.io/random-table-generator,,2025-07-09
https://veras-studios.itch.io/rough-drafting-writing-app,,2025-07-09
https://aieseattle.itch.io/blubru,,2025-07-09
https://itzbmw.itch.io/monkey-walkers,,2025-07-09
https://sassas98.itch.io/lich-loop,,2025-07-09
https://mellizogames.itch.io/aura,,2025-07-09
https://avenueq.itch.io/yo-yo-oh,,2025-07-09
https://cam999.itch.io/parlor-mall,,2025-07-09
https://rheia.itch.io/zombie-radio-pack,,2025-07-09
https://farukb.itch.io/mono-tape,,2025-07-09
https://jochem-veldhuizen.itch.io/aim-trainer-unreal-engine,,2025-07-09
https://qrisis.itch.io/tracer-x,,2025-07-09
https://supertomy.itch.io/supertomy,,2025-07-09
https://iislei.itch.io/sling-roulette,,2025-07-09
https://nightfoxy25-animations.itch.io/blade-n-critters,,2025-07-09
https://idleexe.itch.io/morsa,,2025-07-09
https://thisbetyler.itch.io/project-collect,,2025-07-09
https://dfl-34.itch.io/sillyrevamped,,2025-07-09
https://empoweringarts.itch.io/cosy-2d-animation-and-illustration,,2025-07-09
https://treores.itch.io/every-single-night,,2025-07-09
https://ren-ceifer-nsfw.itch.io/real-time-video-rpg-maker-mz,,2025-07-09
https://hamsteriv.itch.io/narrative-rougelike-editor,,2025-07-09
https://nsuprem.itch.io/pastoreando,,2025-07-09
https://trtr999.itch.io/eon,,2025-07-09
https://bifrostgames.itch.io/the-faded-forest,,2025-07-09
https://coolkid-and-nathan.itch.io/oobi-scary,,2025-07-09
https://lugiz.itch.io/minotaurjam,,2025-07-09
https://the-support-system.itch.io/jeopardy-night,,2025-07-09
https://1upgame.itch.io/desktop-garage-kit18,,2025-07-09
https://katerinayiningyang.itch.io/ddes9903-deepocean,,2025-07-09
https://manuchi-nuchi.itch.io/zuish-text-editor,,2025-07-09
https://brandenolen.itch.io/nox-tag,,2025-07-09
https://loafingstudio.itch.io/spikelovesberries,,2025-07-09
https://big-david.itch.io/jibc-eocsimulator,,2025-07-09
https://nightcity.itch.io/unrolled,,2025-07-09
https://jaxon-crazy.itch.io/project-cookie,,2025-07-09
https://project-noob.itch.io/project-noob,,2025-07-09
https://veltrix-dev.itch.io/sky-trax,,2025-07-09
https://sethly.itch.io/poonin,,2025-07-09
https://prozaird.itch.io/avoid-slime,,2025-07-09
https://friend-crow.itch.io/regularnatural-zine,,2025-07-09
https://owl-bones.itch.io/bhc-halloween-event,,2025-07-09
https://kenwillcode.itch.io/sunray-vacations,,2025-07-09
https://poiphantasm.itch.io/mole-of-the-day,,2025-07-09
https://gidalis.itch.io/raksha2,,2025-07-09
https://bardon.itch.io/luisa,,2025-07-09
https://dana-c.itch.io/the-little-witch,,2025-07-09
https://asterism-games.itch.io/survive-resist-collaborate-a-world-war-2-choice-based-story,,2025-07-09
https://owl-bones.itch.io/bhc-winter-event,,2025-07-09
https://nschrag.itch.io/big-hurricane-hunter-2033,,2025-07-09
https://capital-loop-studios.itch.io/simprofit,,2025-07-09
https://mrdunkeldev.itch.io/road-kill-rush,,2025-07-09
https://swouse-mouse-studios.itch.io/kenopsia-demo,,2025-07-09
https://manifoldstudios.itch.io/shepherds-of-haven-public-demo,,2025-07-09
https://verysimplesoftware.itch.io/controller-to-mouse,,2025-07-09
https://eljose963.itch.io/sans-fight-gm,,2025-07-09
https://ridhuannaim.itch.io/sirahdemo,,2025-07-09
https://pixollie.itch.io/skeleton-character-asset-pack,,2025-07-09
https://jamdeception.itch.io/get-out-of-the-house,,2025-07-09
https://baptiste-villain.itch.io/blood-after-dusk,,2025-07-09
https://flockofimps.itch.io/halfspirit,,2025-07-09
https://hazem-walid1.itch.io/star-wars,,2025-07-09
https://merillgames.itch.io/portal,,2025-07-09
https://calzark.itch.io/quota,,2025-07-09
https://crimson-demon-official.itch.io/crimson-demon-cube,,2025-07-09
https://ajbowen249.itch.io/oh-no-nogram,,2025-07-09
https://liltwineplayzz.itch.io/basket-random,,2025-07-09
https://matte0802.itch.io/the-phantom-of-caribbean-isle,,2025-07-09
https://cometsans.itch.io/astigmatism-test,,2025-07-09
https://bucolian.itch.io/the-copper-circle,,2025-07-09
https://charles-masse.itch.io/jusqua-la-derniere-goutte,,2025-07-09
https://flintycave.itch.io/claw-machine,,2025-07-09
https://dysprositos.itch.io/consume,,2025-07-09
https://labash-studio.itch.io/cuboid-shift,,2025-07-09
https://unicorn-studio.itch.io/cumjutsu,,2025-07-09
https://siryy-studios.itch.io/martial-league,,2025-07-09
https://normalmap-games.itch.io/you-decide-this-game,,2025-07-09
https://bdragon1727.itch.io/pixel-avatar-frame-02,,2025-07-09
https://queen-2023.itch.io/meat-missile,,2025-07-09
https://georgechatzinikolaou.itch.io/raceline-precision-drive,,2025-07-09
https://curepotion.itch.io/bit-galaxy,,2025-07-09
https://killgorack.itch.io/sledge,,2025-07-09
https://karattygames.itch.io/master-your-interests,,2025-07-09
https://stabalarash.itch.io/witching-hour,,2025-07-09
https://theblkmn.itch.io/this-is-not-a-guide-to-life,,2025-07-09
https://gimoraes.itch.io/free-biomes-platform-sprites-pixel-art-16x16,,2025-07-09
https://space-studios-oficial.itch.io/space-cheese,,2025-07-09
https://dev-junin.itch.io/mario,,2025-07-09
https://waty.itch.io/medieval-rpg-3d-assets,,2025-07-09
https://matheusems.itch.io/ameaca-global,,2025-07-09
https://creativecodergd-esp.itch.io/optimized-sword-pack,,2025-07-09
https://gm-m10.itch.io/crybaby,,2025-07-09
https://dillthecreeper.itch.io/teenycraft,,2025-07-09
https://dylogaming.itch.io/dyvox,,2025-07-09
https://wet-floor-games.itch.io/the-haunting,,2025-07-09
https://bigscrumbo.itch.io/i-left-my-son-at-the-gas-station,,2025-07-09
https://calgaryramos.itch.io/toon-tanks,,2025-07-09
https://wispswillows.itch.io/rogue-resort-vr,,2025-07-09
https://bladeozogames.itch.io/elemental-battle-eclipse,,2025-07-09
https://biboufgme-dev.itch.io/darkloop,,2025-07-09
https://veralin-fl.itch.io/estacion-transgenesis,,2025-07-09
https://inexorablecompulsion.itch.io/get-frankie-ready,,2025-07-09
https://elyaradine.itch.io/bloom,,2025-07-09
https://crflower.itch.io/the-nut-madness,,2025-07-09
https://platinumplat.itch.io/desert-dunes,,2025-07-09
https://varyshen.itch.io/breakout,,2025-07-09
https://magicbox-io.itch.io/gansekichitai,,2025-07-09
https://nilo141.itch.io/mr-mateus-schoolhouse-plus,,2025-07-09
https://skeeeth.itch.io/lizardry-drazils-revenge,,2025-07-09
https://seantcooper.itch.io/breaker,,2025-07-09
https://marrensmusings.itch.io/breathless-in-dungeon-pocket,,2025-07-09
https://destion-play.itch.io/flox-bird,,2025-07-09
https://lchgames.itch.io/chroma,,2025-07-09
https://simeringstudios.itch.io/100-men-vs-1-gorilla,,2025-07-09
https://bristolpone.itch.io/melodys-secret-hobby,,2025-07-09
https://simbastudios.itch.io/simba-apk-hub,,2025-07-09
https://barrack.itch.io/ram-escape,,2025-07-09
https://ifart.itch.io/stronghold-pre-alpha,,2025-07-09
https://stillfleet.itch.io/gunless-gauchos,,2025-07-09
https://starsauce.itch.io/cyberspace-conspiracy,,2025-07-09
https://eyepatch95.itch.io/goblin-crusaders,,2025-07-09
https://jgustudio.itch.io/escape-from-vanya-devourer,,2025-07-09
https://beerad.itch.io/beerads-mystical-journey,,2025-07-09
https://danezc.itch.io/simple-gui-kit,,2025-07-09
https://ghocadegames.itch.io/aperoomsvr,,2025-07-09
https://maya2027.itch.io/flagquiz,,2025-07-09
https://lucasmagookis.itch.io/chasm-shift,,2025-07-09
https://thewhiteshadow.itch.io/bubblebombing,,2025-07-09
https://icychief7.itch.io/battleline,,2025-07-09
https://laxenadre.itch.io/neon-wanderer,,2025-07-09
https://adrien-irr-b.itch.io/sillyoungsters,,2025-07-09
https://ryguy1234hi.itch.io/speedys-night-shift1,,2025-07-09
https://qwertyiscool.itch.io/old-baldi-powerpoint-rig,,2025-07-09
https://eeriexanthic.itch.io/steeled-heart,,2025-07-09
https://madlabgames.itch.io/hunting-dd-monsters,,2025-07-09
https://veralin-fl.itch.io/jass,,2025-07-09
https://miraeru.itch.io/02-fantasy-monster-asset-pack-vol20,,2025-07-09
https://jennylihan.itch.io/flappy-piper,,2025-07-09
https://femboy-estudio.itch.io/femboy-cliker,,2025-07-09
https://femboy-estudio.itch.io/femboys-love,,2025-07-09
https://ocm-studio.itch.io/zombie-massacre-80,,2025-07-09
https://gleeson.itch.io/lemon-shark,,2025-07-09
https://deathguardgame.itch.io/death-guard,,2025-07-09
https://gamesmuch.itch.io/bee-the-cycle,,2025-07-09
https://bernard-dolesniak.itch.io/ghost-in-a-box,,2025-07-09
https://kacperm45440.itch.io/beebeehuns,,2025-07-09
https://viznic.itch.io/the-skeletons-amalgama,,2025-07-09
https://tkalien.itch.io/serafen-sickbay,,2025-07-09
https://cupstic-games.itch.io/fat-rat,,2025-07-09
https://femboy-estudio.itch.io/ojos-de-gato,,2025-07-09
https://danielmadan2001.itch.io/enchant-blaster,,2025-07-09
https://car-mahdi.itch.io/car-mahdi,,2025-07-09
https://femboy-estudio.itch.io/polve-de-angel-rule-34,,2025-07-09
https://femboy-estudio.itch.io/getting-over-it-mario-version,,2025-07-09
https://alvina-dr.itch.io/a-dumpster-a-day-keeps-the-debt-away,,2025-07-09
https://quintessential-gaming.itch.io/the-caller,,2025-07-09
https://femboy-estudio.itch.io/femboy-clic-2,,2025-07-09
https://journeyman123.itch.io/in-the-box,,2025-07-09
https://oiia-pixel.itch.io/capy-diner-coloring,,2025-07-09
https://dureddu.itch.io/unboxing,,2025-07-09
https://femboy-estudio.itch.io/dark-souls-iii-simulator-o,,2025-07-09
https://wandering-door-games.itch.io/the-no-good-sandwich-thief,,2025-07-09
https://thestolenreturn.itch.io/thestickman,,2025-07-09
https://evanewton.itch.io/caca-palavras-360,,2025-07-09
https://suzanagamedev.itch.io/cute-pixel-cats-pack,,2025-07-09
https://baldi-basic-archive.itch.io/baldi-basic-archive-official-basically-games,,2025-07-09
https://karolzajac.itch.io/last-pilot,,2025-07-09
https://chrsmtz.itch.io/timeline,,2025-07-09
https://krawlic.itch.io/fertile-moon,,2025-07-09
https://icely.itch.io/sokorogue,,2025-07-09
https://rift-interactive.itch.io/escapingkittens,,2025-07-09
https://legitcheems.itch.io/lelush,,2025-07-09
https://paulpol77.itch.io/gua-definitiva-crea-tu-propio-server-con-ip-propia-sin-pagar-hosting,,2025-07-09
https://darkzin-007.itch.io/one-pump-chump-act,,2025-07-09
https://jabrony.itch.io/gas-station-management-prototype,,2025-07-09
https://justjaro.itch.io/illness-hunt,,2025-07-09
https://paulpol77.itch.io/pasos-definitiva-crea-tu-propio-server-con-ip-propia-sin-pagar-hosting,,2025-07-09
https://pvbiizh3r.itch.io/one-night-at-david-classic,,2025-07-09
https://teamxz.itch.io/tactical-technician,,2025-07-09
https://lonepaperclip.itch.io/gmc-winter-jam25,,2025-07-09
https://oxpurplleefn.itch.io/purp-taggers,,2025-07-09
https://codestingray.itch.io/behind-the-curtain,,2025-07-09
https://porkscrew.itch.io/kaijuju,,2025-07-09
https://aygozineproduction.itch.io/ygomerzine,,2025-07-09
https://gensofi24.itch.io/chaos-and-rabbits,,2025-07-09
https://dylan-fortin.itch.io/giovanni-game,,2025-07-09
https://cult-of-the-dev.itch.io/millwa,,2025-07-09
https://takumatoiyama.itch.io/amanogawashuttlerun,,2025-07-09
https://imcoffeecats.itch.io/heavensent,,2025-07-09
https://antonpirulero10.itch.io/cat-game,,2025-07-09
https://yamigisa.itch.io/bakekok-kekok,,2025-07-09
https://rowlof.itch.io/trick-and-treat,,2025-07-09
https://tanguy-bouckaert.itch.io/power-plant-panic,,2025-07-09
https://maskem.itch.io/feed-the-chickens,,2025-07-09
https://wekeen.itch.io/dungeon-master,,2025-07-09
https://mistynmika.itch.io/emoji-dodger,,2025-07-09
https://san4x.itch.io/high-card,,2025-07-09
https://ternetnoah.itch.io/gloinks-web,,2025-07-09
https://gawa-ng-mumu.itch.io/baw-ashcan,,2025-07-09
https://juel-s.itch.io/undercooked,,2025-07-09
https://teshot.itch.io/templarorder,,2025-07-09
https://ilndvm.itch.io/freethelight,,2025-07-09
https://petars.itch.io/music-of-letter-to-the-witch,,2025-07-09
https://tinnayang.itch.io/ddes9903,,2025-07-09
https://jinjayagi.itch.io/jinja-go-to-america,,2025-07-09
https://debulba-studios.itch.io/dwarf-tower-defense,,2025-07-09
https://vitooss-l.itch.io/frog-outta-control,,2025-07-09
https://egbower.itch.io/cuck-tent-game,,2025-07-09
https://coytoketti.itch.io/dreaming-peony,,2025-07-09
https://muhsinyavb.itch.io/murder-animals,,2025-07-09
https://sigmasigmagame.itch.io/fnaa,,2025-07-09
https://jjramos.itch.io/make-it-shine,,2025-07-09
https://pvbiizh3r.itch.io/one-night-at-david-2,,2025-07-09
https://dylanhoctor.itch.io/twilights-insanity-reupload,,2025-07-09
https://bittybigstudio.itch.io/bittybig-dynamic-camera,,2025-07-09
https://gigi-is-great.itch.io/hawhoff,,2025-07-09
https://groovydad.itch.io/rusty-gms-guide,,2025-07-09
https://mousepotatodoesstuff.itch.io/asteroid-plant,,2025-07-09
https://nasimentega.itch.io/before-3-am,,2025-07-09
https://xd7oome3000.itch.io/tic-tac-toe,,2025-07-09
https://provokater-pravko.itch.io/powerwash,,2025-07-09
https://naldeir.itch.io/gridbreaker-system-infiltration,,2025-07-09
https://plug-dev.itch.io/minesweeper-20,,2025-07-09
https://armindeck.itch.io/patos-en-busca-de-mini,,2025-07-09
https://w.itch.io/itsy-bitsy-exercises,,2025-07-09
https://triple-dev.itch.io/me-and-i,,2025-07-09
https://vmpwje.itch.io/tanith-and-the-space-garden,,2025-07-09
https://kruty1918.itch.io/scary-guy,,2025-07-09
https://dogtopius.itch.io/tengoku-hisenki,,2025-07-09
https://jodios.itch.io/boxed,,2025-07-09
https://femboy-estudio.itch.io/cuida-a-angel-dust,,2025-07-09
https://zezefr.itch.io/project-prince,,2025-07-09
https://call-of-beyond-team.itch.io/call-of-beyond-08,,2025-07-09
https://frozen-potato.itch.io/the-forest-walk,,2025-07-09
https://2h4rk.itch.io/temporal-decay,,2025-07-09
https://myjeandev.itch.io/sum-to-quota,,2025-07-09
https://ariosodev.itch.io/monstrego,,2025-07-09
https://steven4453.itch.io/assets,,2025-07-09
https://jetvac2.itch.io/splintered-continuum,,2025-07-09
https://qngtrnh.itch.io/the-last-passenger,,2025-07-09
https://hannah-rose.itch.io/haunted-phone-2,,2025-07-09
https://fortellerduller6000.itch.io/many-nights-at-fredbears-3,,2025-07-09
https://voodoolewstudios.itch.io/dark-stories-overtime,,2025-07-09
https://scorpionsensual.itch.io/final-frame,,2025-07-09
https://iliketurtles3d.itch.io/tunnerfbx,,2025-07-09
https://shahartropp.itch.io/up-and-right,,2025-07-09
https://serious-hats-only.itch.io/gnome,,2025-07-09
https://venxfortesque.itch.io/crystals-of-old,,2025-07-09
https://altgallade.itch.io/box-of-tricks,,2025-07-09
https://kt08.itch.io/learn-to-fly-a-helicopter,,2025-07-09
https://lyime.itch.io/tomato-timer,,2025-07-09
https://ddulla.itch.io/martians-lock-loaded,,2025-07-09
https://loanzin.itch.io/circle-game-beta,,2025-07-09
https://shival-panchal.itch.io/it-201-sprint2-shival-panchal,,2025-07-09
https://lizard-b0y.itch.io/rats-rats-rats,,2025-07-09
https://david-lopez.itch.io/ewe-few-crew,,2025-07-09
https://tannoki.itch.io/run-for-pecan,,2025-07-09
https://its-inckys.itch.io/purple-ninja,,2025-07-09
https://the-great-black-cat.itch.io/serialised-collections-unity,,2025-07-09
https://crislley.itch.io/gastronomicon,,2025-07-09
https://bazyleeshek.itch.io/crossbone,,2025-07-09
https://imsoswag4real.itch.io/flatbeerflatsmile,,2025-07-09
https://owl-bones.itch.io/bonely-hearts-club-demo-remake,,2025-07-09
https://couldbegelo.itch.io/the-wait,,2025-07-09
https://nixqam.itch.io/realistic-eye,,2025-07-09
https://nahuel2305.itch.io/eternal-exile,,2025-07-09
https://ackrit.itch.io/the-way-i-might-die,,2025-07-09
https://trashbingames.itch.io/box-in-2070,,2025-07-09
https://mcfluff.itch.io/get-me-a-cold-one,,2025-07-09
https://cmnp59.itch.io/it201-sprint2-carlos-pineda,,2025-07-09
https://ragebreaker.itch.io/free-the-bugs,,2025-07-09
https://bitqueststudio.itch.io/simple-menu-solution-for-rpg-maker-mz,,2025-07-09
https://latamata.itch.io/frontier-of-the-forsaken,,2025-07-09
https://spencerrc.itch.io/the-misadventures-of-mantis-man,,2025-07-09
https://vaporwario.itch.io/mario-kart-world-2,,2025-07-09
https://warasibe1192.itch.io/ms-bells-simon-challenge,,2025-07-09
https://lpssousa.itch.io/matuto,,2025-07-09
https://megumi-ryu.itch.io/free-rainysoundtrack-loops-music-asset-dark-day-bgm,,2025-07-09
https://megumi-ryu.itch.io/rainysoundtrack-loops-music-asset-set-dark-day-bgm,,2025-07-09
https://pitahaya-games.itch.io/vampotanic,,2025-07-09
https://staggeredamusementmachine.itch.io/california-burnin,,2025-07-09
https://rrabbi2.itch.io/blink-test,,2025-07-09
https://farseerdav.itch.io/scuba-diver,,2025-07-09
https://supersonic3606.itch.io/then-we-met,,2025-07-09
https://airja.itch.io/wicked-witches,,2025-07-09
https://fluffytheterrible6.itch.io/all-the-little-bits-and-pieces,,2025-07-09
https://pythonprogrammi.itch.io/quotes,,2025-07-09
https://dreca.itch.io/the-oldfashioned,,2025-07-09
https://deviludevlp.itch.io/melodies-way,,2025-07-09
https://made3.itch.io/a-costly-hat,,2025-07-09
https://garnek.itch.io/almanach-nadzwyczajny,,2025-07-09
https://g57main.itch.io/dark-adventure-unity-platformer-template,,2025-07-09
https://digital-workshop22.itch.io/dress-me-laly,,2025-07-09
https://bobby-tables2.itch.io/project-m8-revision-2,,2025-07-09
https://kwikrick.itch.io/diorama,,2025-07-09
https://frankiplier.itch.io/hotel-afterlife,,2025-07-09
https://gorgonhead.itch.io/days-of-the-plague,,2025-07-09
https://hamishhillyer.itch.io/pixel-quest,,2025-07-09
https://enrogame.itch.io/the-abandoned-wing,,2025-07-09
https://kromsalych.itch.io/keep-the-peace,,2025-07-09
https://interfectoremcubiculum.itch.io/theres-an-intruder-capitan,,2025-07-09
https://kanthiraza.itch.io/avuid-of-shadows,,2025-07-09
https://itero-proto.itch.io/dice-and-survive,,2025-07-09
https://circle-ay-ugm.itch.io/midnight-type-er,,2025-07-09
https://devpoga.itch.io/bookshelf,,2025-07-09
https://sage-gnome-games.itch.io/echoes-of-evidence,,2025-07-09
https://gringo-charlatan.itch.io/starship-farmers,,2025-07-09
https://fractilegames.itch.io/save-the-last-humans,,2025-07-09
https://threadmoon.itch.io/devvys-adventure,,2025-07-09
https://xeraesh.itch.io/fracture-point,,2025-07-09
https://eherman.itch.io/club-mare,,2025-07-09
https://gippoplay.itch.io/street-goons,,2025-07-09
https://amos-makes.itch.io/devilishly-delicious,,2025-07-09
https://bsimser.itch.io/hellmaze,,2025-07-09
https://theriverdog.itch.io/poreia-react,,2025-07-09
https://keeefkaaa.itch.io/aetherfall,,2025-07-09
https://mizuki-game.itch.io/coin-circuit,,2025-07-09
https://maybeimluca.itch.io/heavens-toll,,2025-07-09
https://nilltronic.itch.io/rickroll-for-gameboy,,2025-07-09
https://a2zed.itch.io/participlepractice,,2025-07-09
https://jirbyart.itch.io/where-are-my-socks,,2025-07-09
https://messiah-rezaei.itch.io/your-first-hour,,2025-07-09
https://rumey-games.itch.io/blockout,,2025-07-09
https://joshtheg.itch.io/oldgtagctf,,2025-07-09
https://floconsugar.itch.io/super-awesome-personality-quizz,,2025-07-09
https://cheymann.itch.io/vaisseaux-pierres-mer-de-sable,,2025-07-09
https://vancssa.itch.io/garlic,,2025-07-09
https://ostman-twelwe.itch.io/spam-clicker,,2025-07-09
https://tyruru.itch.io/skinshop,,2025-07-09
https://venux-crucifix.itch.io/zigzag-zealot,,2025-07-09
https://monozukishi.itch.io/dungeon-of-desire-and-transformation,,2025-07-09
https://elrostros.itch.io/spaceship-defender,,2025-07-09
https://sonechko.itch.io/ecko,,2025-07-09
https://mbalee-sithebe.itch.io/forbidden-island-2d-card-game,,2025-07-09
https://zcoder16.itch.io/cbx-fidget,,2025-07-09
https://thejakery.itch.io/overheard-demo,,2025-07-09
https://tanookitoad64.itch.io/jumping-game-10,,2025-07-09
https://leechbrain.itch.io/5ht2a,,2025-07-09
https://blumaker.itch.io/blocky-boss-rush-game,,2025-07-09
https://shade-raid.itch.io/parcel-of-echoes,,2025-07-09
https://linneanygren.itch.io/cowboy-invaders,,2025-07-09
https://moveax00.itch.io/football-game-prototype,,2025-07-09
https://gamer45546789.itch.io/the-red-ball,,2025-07-09
https://thenoisewoag777.itch.io/the-abandoned-remants-of-the-tower,,2025-07-09
https://blaith.itch.io/king-james,,2025-07-09
https://teist.itch.io/minitel-surfer,,2025-07-09
https://adrienbryter.itch.io/deep-dumb-thoughts-2-get-shrekked,,2025-07-09
https://malumartins.itch.io/cannibal-babies,,2025-07-09
https://afdeksjan.itch.io/frogs-walk,,2025-07-09
https://konopattan.itch.io/asteroids,,2025-07-09
https://eoniumstudios.itch.io/chicken-vs-dog,,2025-07-09
https://mrblobsbunker.itch.io/projectpotato,,2025-07-09
https://discordionthe1.itch.io/killing-floor-2d,,2025-07-09
https://jaybars.itch.io/jaybars-2025028,,2025-07-09
https://nattural20.itch.io/smurf-simulator,,2025-07-09
https://jeffryshortsac23.itch.io/test-tag,,2025-07-09
https://lochi-makes-games.itch.io/pharmakon,,2025-07-09
https://duckyrecorder.itch.io/psybox,,2025-07-09
https://okayest-rpg-publishing.itch.io/chronon-chamber,,2025-07-09
https://evohaler.itch.io/blitz-vic20-clone,,2025-07-09
https://mimikey.itch.io/character-drawings1,,2025-07-09
https://superidolman.itch.io/eleolegim,,2025-07-09
https://marcos-l.itch.io/group-of-people-running-in-boots,,2025-07-09
https://lamellie.itch.io/yumespace,,2025-07-09
https://ljr-modding.itch.io/fs25-feedlot-fence-pack,,2025-07-09
https://mohando.itch.io/dr-sholmes-1,,2025-07-09
https://connorbett.itch.io/crill-or-krab,,2025-07-09
https://shydr0x.itch.io/ball-in-the-box,,2025-07-09
https://cupul-miu-04.itch.io/gamer-html-20,,2025-07-09
https://majanite-studio.itch.io/biaya-pulang,,2025-07-09
https://christwriter.itch.io/blood-from-a-stone,,2025-07-09
https://bubblyplup.itch.io/calvifier,,2025-07-09
https://marcos-l.itch.io/crumbling-brick-wall-demolition,,2025-07-09
https://mr-devs.itch.io/candy-catch,,2025-07-09
https://endlessabyss101.itch.io/two-sides,,2025-07-09
https://squarey.itch.io/spranky-demo-sprunki-emojified,,2025-07-09
https://errravy.itch.io/head-or-dead,,2025-07-09
https://yurixeon.itch.io/freedom-quest,,2025-07-09
https://bierascianka.itch.io/the-free-three-musketeers-remastered,,2025-07-09
https://3dgoblindev.itch.io/stella-amoris,,2025-07-09
https://shaqiz02.itch.io/matcha-addiction,,2025-07-09
https://maorastritzki.itch.io/the-nutcracker-storytelling,,2025-07-09
https://vhshorrorland2112.itch.io/psx-styled-dumpster,,2025-07-09
https://ajmc99.itch.io/beat-the-box,,2025-07-09
https://jitsukoan.itch.io/spaceship,,2025-07-09
https://dominikwas.itch.io/boxdefender,,2025-07-09
https://saldis-basics.itch.io/valdisbasicsandroidport,,2025-07-09
https://peanutbuttar.itch.io/my-talking-summer,,2025-07-09
https://mrhfreegamedojo.itch.io/irosumarpg,,2025-07-09
https://monkemodegt.itch.io/project-x,,2025-07-09
https://femboy-estudio.itch.io/kebab-gliker,,2025-07-09
https://norrland.itch.io/minebuild,,2025-07-09
https://vhshorrorland2112.itch.io/psx-styled-laptop,,2025-07-09
https://malefyx.itch.io/biome-platformer,,2025-07-09
https://kuenkaxx.itch.io/super-dj-simulator-64-deluxe,,2025-07-09
https://fruity52.itch.io/sprunked-qs-take-horror,,2025-07-09
https://chrysanthemumonfingertip.itch.io/stop-dont-fight-for-me,,2025-07-09
https://damian-marquez.itch.io/malva,,2025-07-09
https://tammastudio.itch.io/magicaproject,,2025-07-09
https://cameron-thompson.itch.io/zombierunnerz,,2025-07-09
https://mycelliummosaic.itch.io/abstract-psychopomp,,2025-07-09
https://prapdragon.itch.io/exeeternal,,2025-07-09
https://yearafteryear.itch.io/year-after-year,,2025-07-09
https://traversefantasy.itch.io/blessed-are-the-peacemakers,,2025-07-09
https://getjv.itch.io/what-is-in-the-box,,2025-07-09
https://nyilena.itch.io/course-not-taken,,2025-07-09
https://marcos-l.itch.io/interference-static-noise-glitches,,2025-07-09
https://throneshard.itch.io/gemanvil,,2025-07-09
https://leemon22.itch.io/night-on-fire,,2025-07-09
https://dreamermouse.itch.io/nameless-stars,,2025-07-09
https://hutaodayoo.itch.io/watchout,,2025-07-09
https://cian18888.itch.io/blueghostz-taggers,,2025-07-09
https://kemopre.itch.io/revive,,2025-07-09
https://ninjartist.itch.io/legacy-of-darkness-1,,2025-07-09
https://skypro86.itch.io/heroshooterlevel,,2025-07-09
https://bimpyton.itch.io/couldron-clicker,,2025-07-09
https://xandr09.itch.io/simple-2d-game-assets,,2025-07-09
https://voidstryder.itch.io/assembly,,2025-07-09
https://aaron-games.itch.io/cookie-block,,2025-07-09
https://hiddenpotential.itch.io/spirograph,,2025-07-09
https://ulmosito.itch.io/luciernaga,,2025-07-09
https://iheartraccoons.itch.io/raccoon-restaurant-simulator,,2025-07-09
https://toufuzama.itch.io/chessgame,,2025-07-09
https://nadir17.itch.io/tenna-desktop-buddy,,2025-07-09
https://jibakurei-games.itch.io/ix-kin,,2025-07-09
https://styxhousestudio.itch.io/alleyway-exposure,,2025-07-09
https://badstar-games.itch.io/bachotrafficnal,,2025-07-09
https://hamtarorunrun.itch.io/save-momo,,2025-07-09
https://bolimart.itch.io/lme,,2025-07-09
https://stranger22212.itch.io/after-school2,,2025-07-09
https://memeric.itch.io/mirror-to-the-past,,2025-07-09
https://gatoparty.itch.io/ant-map,,2025-07-09
https://animatedal.itch.io/ufo,,2025-07-09
https://vidakovich.itch.io/wrdprobas,,2025-07-09
https://douglas-bicalho.itch.io/atom-eve,,2025-07-09
https://lyamgtt.itch.io/candy-box-clicker,,2025-07-09
https://thatredgtagguy.itch.io/vpm-taggers,,2025-07-09
https://wender9.itch.io/hazmebrillar,,2025-07-09
https://bluebrain.itch.io/pedro-apagn-corre-mogolln,,2025-07-09
https://marcos-l.itch.io/plane-passing-by-over-urban-area,,2025-07-09
https://eromachine.itch.io/matsumoto-rangiku-cg-collection,,2025-07-09
https://ivangutierrez0.itch.io/candle-curse,,2025-07-09
https://lesskedo.itch.io/knightventure,,2025-07-09
https://stilldeveloper.itch.io/there-is-no-exit-choky,,2025-07-09
https://kai16-infinity.itch.io/trashdivas,,2025-07-09
https://mitamo.itch.io/rhythm-city,,2025-07-09
https://ashheardwrites.itch.io/the-jersey-snafu,,2025-07-09
https://damian-marquez.itch.io/malva-celular,,2025-07-09
https://rafaspazi.itch.io/prncipe-prot-flore,,2025-07-09
https://vertiginousltu.itch.io/rat-simulator,,2025-07-09
https://kiko173.itch.io/the-black-terminalweb,,2025-07-09
https://akkator006.itch.io/advanced-bunkers-and-badasses,,2025-07-09
https://bankkay.itch.io/nightmares-in-wakemouth-episode-01,,2025-07-09
https://dmitriy-bronza.itch.io/ourfuture,,2025-07-09
https://shefilton.itch.io/traffic-jam,,2025-07-09
https://jonjin.itch.io/move-away,,2025-07-09
https://frozenbound.itch.io/under-the-table-ntr,,2025-07-09
https://ericherediia.itch.io/heartwrought-short-demo,,2025-07-09
https://blackramcharger963.itch.io/gran-torino-racer,,2025-07-09
https://bobthebuilder73.itch.io/snow-taggers,,2025-07-09
https://vidu.itch.io/grandma-is-a-liar,,2025-07-09
https://blackramcharger963.itch.io/gran-torino-racer-ii,,2025-07-09
https://zeloizio.itch.io/light-souls,,2025-07-09
https://elmagorubio.itch.io/tikitam,,2025-07-09
https://acatango.itch.io/detective-simulator,,2025-07-09
https://devchickeon.itch.io/chicken-bazooka,,2025-07-09
https://methodox.itch.io/transcriber,,2025-07-09
https://blackramcharger963.itch.io/gran-torino-racer-iii,,2025-07-09
https://ametra.itch.io/lumi-boxart,,2025-07-09
https://rusamalam.itch.io/piggy-heist,,2025-07-09
https://b3x.itch.io/fall-xtra,,2025-07-09
https://xtremeplayer64.itch.io/sproodles-demo,,2025-07-09
https://blackramcharger963.itch.io/gran-torino-racer-iv,,2025-07-09
https://ancoris.itch.io/walljumperskickerssuperultraanniversaryeditioncompetitionxviiichickenmagnagetsjo,,2025-07-09
https://ziebieemm.itch.io/gaming-app,,2025-07-09
https://ametra.itch.io/hiyama-kiyoteru-v4-rock-boxart,,2025-07-09
https://parkah.itch.io/one-last-canvas,,2025-07-09
https://the-sailor.itch.io/scoundrel,,2025-07-09
https://ametra.itch.io/hiyama-kiyoteru-v4-natural,,2025-07-09
https://theklaus.itch.io/youniverse,,2025-07-09
https://zeloizio.itch.io/gabu-babu,,2025-07-09
https://nogamesgames.itch.io/economy-simulator-2025,,2025-07-09
https://ametra.itch.io/kaai-yuki-v4-boxart,,2025-07-09
https://fitzi99.itch.io/haltestellung,,2025-07-09
https://collorfull-studios.itch.io/labirinth-v300-beta-3,,2025-07-09
https://peter-februar.itch.io/the-doors-the-movie-the-game,,2025-07-09
https://patitow.itch.io/polimap,,2025-07-09
https://ametra.itch.io/denatsu-sora-boxart,,2025-07-09
https://ametra.itch.io/ham-boxart,,2025-07-09
https://riccardounity.itch.io/helloworldwebgl,,2025-07-09
https://ametra.itch.io/kikyuune-aiko-boxart,,2025-07-09
https://guestytherobloxian.itch.io/no,,2025-07-09
https://yjonas83.itch.io/space-clicker,,2025-07-09
https://outname-games.itch.io/plate-3d,,2025-07-09
https://sacrit38.itch.io/cost-of-living,,2025-07-09
https://jjag7217.itch.io/1000000,,2025-07-09
https://troingle.itch.io/the-arch-dinner-party,,2025-07-09
https://zeloizio.itch.io/accept-or-reject,,2025-07-09
https://joycatdev.itch.io/unity-notify-trayicon-tool-for-windows-builds,,2025-07-09
https://raiduts.itch.io/buy-me-off-demo,,2025-07-09
https://the-lobby.itch.io/quack-noir,,2025-07-09
https://bully-revenge-studios.itch.io/dominated-by-yandere-goth-maid,,2025-07-09
https://zizeba.itch.io/cost-of-melodies,,2025-07-09
https://chayakorn-5.itch.io/glasses-protector,,2025-07-09
https://foggysunrise.itch.io/creepy-cartoons-music-pack,,2025-07-09
https://xiu15.itch.io/test-qs,,2025-07-09
https://wlke.itch.io/pvz-ifg,,2025-07-09
https://mythforgeoffiziel.itch.io/mythforge-beta10,,2025-07-09
https://aurelienlachat.itch.io/a-muffin-quest,,2025-07-09
https://clocktowergames.itch.io/the-hand,,2025-07-09
https://urashi-mataro.itch.io/lovely-sex-with-childhood-friend-an-innocent-girl-becomes-addicted-to-lewd-play,,2025-07-09
https://drapi.itch.io/parasprunki-retold-1-5,,2025-07-09
https://not-mildew.itch.io/the-freshman-party,,2025-07-09
https://omeninoprecavido.itch.io/joo-barros-e-a-tempestade-iminente,,2025-07-09
https://derivativeofx.itch.io/pop-up-alarm,,2025-07-09
https://zeloizio.itch.io/quable,,2025-07-09
https://taynara-bessi.itch.io/vave,,2025-07-09
https://msolgar97.itch.io/star-pots,,2025-07-09
https://matviy-7878.itch.io/windows-121,,2025-07-09
https://anaghsworld.itch.io/boxed-truth,,2025-07-09
https://mad-qxxp.itch.io/resellers,,2025-07-09
https://lunathemoongirl.itch.io/super-capitalist-farm,,2025-07-09
https://bluupi.itch.io/ols-in-a-bohx,,2025-07-09
https://kingdunnad.itch.io/pembroke-385,,2025-07-09
https://reaperfury12.itch.io/coding-1-summer24,,2025-07-09
https://borechka2000.itch.io/proto4,,2025-07-09
https://pixel6and4.itch.io/fire-walker,,2025-07-09
https://saeiongames.itch.io/accident,,2025-07-09
https://shalicewong.itch.io/your-choice-your-future,,2025-07-09
https://mralek.itch.io/right-on-time,,2025-07-09
https://goumdree.itch.io/charrys-passage-wake-of-souls,,2025-07-09
https://jete.itch.io/silver-fangame,,2025-07-09
https://greatlove.itch.io/beije-a-flor,,2025-07-09
https://stiggzz22.itch.io/jump-n-jump,,2025-07-09
https://brokebubble90.itch.io/chromatica,,2025-07-09
https://the-true-yaim.itch.io/bad-gamejam-wtc-simulator,,2025-07-09
https://lizard-b0y.itch.io/windows-95-grocery-store,,2025-07-09
https://petepoo.itch.io/sir,,2025-07-09
https://tectrunners.itch.io/tect-runners,,2025-07-09
https://pvbiizh3r.itch.io/one-night-at-david-3,,2025-07-09
https://xpunchgames.itch.io/half-ear,,2025-07-09
https://vipnunes.itch.io/html-tester,,2025-07-09
https://weirddemongames.itch.io/find-fight,,2025-07-09
https://pavlov36.itch.io/i-lost-my-cat-at-4am,,2025-07-09
https://enchantreal.itch.io/project-scary,,2025-07-09
https://parzivallpo.itch.io/fade-into-forest,,2025-07-09
https://arthurmtro.itch.io/evidence-of-guilt,,2025-07-09
https://porfiriall737.itch.io/starter-set-of-enemies,,2025-07-09
https://door-man125.itch.io/somththing-changed-frunki-20,,2025-07-09
https://notpbbvvr12.itch.io/project-gold,,2025-07-09
https://marcos-l.itch.io/casual-bubbly-notifications,,2025-07-09
https://xpareteret.itch.io/dream-remedy,,2025-07-09
https://troypress.itch.io/hintutubi-1,,2025-07-09
https://dnvrwheelz.itch.io/khmer-game-25-d-verbs,,2025-07-09
https://kajagames.itch.io/vogel,,2025-07-09
https://balieiro.itch.io/papa-peixe,,2025-07-09
https://str4y.itch.io/project-lucky,,2025-07-09
https://anayagf.itch.io/casa-das-aves,,2025-07-09
https://bitqueststudio.itch.io/clock-calendar-system,,2025-07-09
https://mettamaxie.itch.io/suicide-of-the-golden-witch-demo,,2025-07-09
https://syc1.itch.io/coddoc,,2025-07-09
https://lizcheong.itch.io/kyoto-tokyo25-a-travel-zine,,2025-07-09
https://northernlightsfoundry.itch.io/hxplr,,2025-07-09
https://caveweasel.itch.io/bossbox,,2025-07-09
https://williamgames.itch.io/will-wallpapers-2,,2025-07-09
https://zerkywerky.itch.io/pizzadoggy-goes-to-hell,,2025-07-09
https://iliketurtles3d.itch.io/brudfbxv2,,2025-07-09
https://zikzay.itch.io/img-ia,,2025-07-09
https://reygun.itch.io/chores-of-horror,,2025-07-09
https://mctutioficial.itch.io/bem-te-vi-voador,,2025-07-09
https://cristalexp.itch.io/chad-chronicles,,2025-07-09
https://samsaga.itch.io/bobys-legacy-hero-of-the-day,,2025-07-09
https://femboy-estudio.itch.io/maze-escape,,2025-07-09
https://yorudrawing.itch.io/space-garden,,2025-07-09
https://adultkid.itch.io/the-heart-of-the-mountain-system-neutral-1p-dungeon,,2025-07-09
https://beanie-bopper.itch.io/dhikz,,2025-07-09
https://vanmaster.itch.io/scp-cereber,,2025-07-09
https://bloody-eye1.itch.io/psx-male-character,,2025-07-09
https://crisplease.itch.io/dusty-tale-1x9,,2025-07-09
https://trulystudios.itch.io/untitled-monke-game,,2025-07-09
https://danxvo.itch.io/applemonster2,,2025-07-09
https://xoxogamewolf2.itch.io/eternal-conquestium,,2025-07-09
https://joa1024.itch.io/gladiators-fate,,2025-07-09
https://unkindead.itch.io/fantasy-stilized-rock-pack,,2025-07-09
https://merkier.itch.io/runic-vault,,2025-07-09
https://cyclopkitty.itch.io/generic-shop-game,,2025-07-09
https://lazergt.itch.io/gorilla-tag-v4-revived,,2025-07-09
https://sapuskugamedev.itch.io/hand-signs-and-emojis,,2025-07-09
https://altf4-studios.itch.io/la-palatea,,2025-07-09
https://prohibitonsmuggler.itch.io/outbreak,,2025-07-09
https://massivemeltmedia.itch.io/job-application-survival,,2025-07-09
https://doubs3.itch.io/rogue-wing,,2025-07-09
https://jebus-crust.itch.io/v-1,,2025-07-09
https://that1stickman.itch.io/the-adventure-of-the-gentlemans-brawl,,2025-07-09
https://januha.itch.io/pixel-hunter,,2025-07-09
https://jj-the-king-2.itch.io/boom-taggers,,2025-07-09
https://roberttt3.itch.io/el-eco-de-los-hermanos-ogro,,2025-07-09
https://sonki-boy.itch.io/surfin-sewers,,2025-07-09
https://queen-2023.itch.io/sexy-time-puzzle-match,,2025-07-09
https://zowell.itch.io/cow-shifter,,2025-07-09
https://nyxiafromdemifunction.itch.io/kernel-panic,,2025-07-09
https://naughty-mono.itch.io/escape-the-girl,,2025-07-09
https://misclicking-ork.itch.io/a-sacrifice-too-far,,2025-07-09
https://sebcs.itch.io/human-juice-factory,,2025-07-09
https://cursesodacan.itch.io/swallowed-hole,,2025-07-09
https://boonerz.itch.io/jez-i-know-your-playing-this,,2025-07-09
https://razuth.itch.io/tavern-crawl,,2025-07-09
https://shobonlol.itch.io/ptr2visual,,2025-07-09
https://quentindelvallet.itch.io/quintillionaire,,2025-07-09
https://teabone.itch.io/cyberpunk-music-tracks,,2025-07-09
https://remked.itch.io/crate-expectations,,2025-07-09
https://aksommerville.itch.io/cherteau,,2025-07-09
https://yxvectordev.itch.io/mystery-maze,,2025-07-09
https://thog-n.itch.io/menuing-practice-tool,,2025-07-09
https://jimmys7777.itch.io/unboxed,,2025-07-09
https://bianmorales.itch.io/atlas-sheridan-la-caida-de-una-estrella,,2025-07-09
https://crow-seeds.itch.io/hotdog-heaven-chicago,,2025-07-09
https://nopecopter.itch.io/farm-boy-volleyball,,2025-07-09
https://badpiggy.itch.io/portrait-of-blood,,2025-07-09
https://krokobil.itch.io/the-elements,,2025-07-09
https://ceprotypes.itch.io/ibis,,2025-07-09
https://hgammah.itch.io/desastronauts,,2025-07-09
https://ren-ceifer-nsfw.itch.io/cowplay-boots-mamagen,,2025-07-09
https://noseticgames.itch.io/hollow-floor,,2025-07-09
https://thatonemonkekidwmgs.itch.io/glitches,,2025-07-09
https://jamesaber.itch.io/dont-get-chomped,,2025-07-09
https://thegreatescaper.itch.io/tunnels,,2025-07-09
https://checkpointtanuki.itch.io/postman-panda-alpha,,2025-07-09
https://zoomzoomzooms.itch.io/piggie-game,,2025-07-09
https://pachino55.itch.io/killer-tempo,,2025-07-09
https://ray-furyy.itch.io/autumn-theme,,2025-07-09
https://prim0rdi4l.itch.io/micro-mechs,,2025-07-09
https://normalizecurlyfries.itch.io/so-long-space-cadet,,2025-07-09
https://caskethouse.itch.io/dear-me,,2025-07-09
https://kakaocze.itch.io/todays-mystery-unboxing,,2025-07-09
https://anchorsplash.itch.io/celluloid,,2025-07-09
https://kgriffin-fs.itch.io/realistic-temperatures-spain,,2025-07-09
https://david100awesome.itch.io/patty-flipper,,2025-07-09
https://eclipse-azure.itch.io/corruptor-princess,,2025-07-09
https://shanianickel.itch.io/rpg-asset-tileset-cozy-indoor-pack-asset-alliance,,2025-07-09
https://spellswordstudios.itch.io/adventure-master,,2025-07-09
https://mcpato.itch.io/buildings-facades-ps1-asset-packs,,2025-07-09
https://storkstudios.itch.io/figa-legend-ii,,2025-07-09
https://nytecomics.itch.io/kana-hinas-deadly-stroll,,2025-07-09
https://hngnard.itch.io/dead-tree,,2025-07-09
https://kallis-creation-station.itch.io/palette-zine-byte-edition-v1-i4,,2025-07-09
https://fnafonscratch.itch.io/cookie-click-pro,,2025-07-09
https://suitablegames.itch.io/eatin-things,,2025-07-09
https://bloody-eye1.itch.io/psx-male-character2,,2025-07-09
https://xlyph.itch.io/wet-dreams-spa-pocket,,2025-07-09
https://dogemastr.itch.io/inbox-collective,,2025-07-09
https://pyreflies.itch.io/clanless,,2025-07-09
https://biped-potato.itch.io/box-labyrinth,,2025-07-09
https://headoflettuce.itch.io/blood-4-blood,,2025-07-09
https://cadaver-studio.itch.io/tripolar-2-killer-t,,2025-07-09
https://mantevian.itch.io/punchbox,,2025-07-09
https://drawnstraws.itch.io/gmap-231-wk2,,2025-07-09
https://glitterbean.itch.io/fredifer-combat,,2025-07-09
https://hxmpter.itch.io/monkes-territory-vr,,2025-07-09
https://nsp554.itch.io/maze-runner-level-1-demo,,2025-07-09
https://toyfelarg.itch.io/ninja-verde-la-venganza-pegajosa,,2025-07-09
https://andirz.itch.io/poisoning-overhaul,,2025-07-09
https://pew-pewzz.itch.io/godot-2d-vehicle-template,,2025-07-09
https://m3ntitas.itch.io/thetreasureofzorvath,,2025-07-09
https://somecallmesensai.itch.io/damnit-tenna,,2025-07-09
https://ranchampa.itch.io/ex-alto,,2025-07-09
https://pprmsk.itch.io/tamaghosted,,2025-07-09
https://ylpes.itch.io/omniverse-defense-clicker,,2025-07-09
https://alkhemrt.itch.io/chaoschess,,2025-07-09
https://sapuskugamedev.itch.io/characters-emojis-emblems-and-monsters,,2025-07-09
https://vollubane.itch.io/bombercraft,,2025-07-09
https://bogdan-mon.itch.io/bob-help,,2025-07-09
https://dominicgaboury.itch.io/la-malediction-de-la-pyramide-inversee,,2025-07-09
https://jekkthrenn.itch.io/iss-gardening,,2025-07-09
https://bloody-eye1.itch.io/psx-female-character-2,,2025-07-09
https://isbjorn52.itch.io/dungeons-and-deliveries,,2025-07-09
https://nhoo.itch.io/sur-la-route-des-pices-sacres,,2025-07-09
https://amaralynn.itch.io/mothwoods,,2025-07-09
https://senc1yo.itch.io/jumping-frogs,,2025-07-09
https://canquinee.itch.io/tomoto,,2025-07-09
https://estebanriu.itch.io/monkey-maze,,2025-07-09
https://vitorascorrea.itch.io/evidence-room,,2025-07-09
https://callmemonamiral.itch.io/glizzy-lord,,2025-07-09
https://ajbowen249.itch.io/oh-no-nogram-demo,,2025-07-09
https://magmatuna.itch.io/manmonger,,2025-07-09
https://michaelmcdowell.itch.io/trollfaces-hilarious-internet-adventures-newgrounds-edition,,2025-07-09
https://professionnel1.itch.io/until-proven-otherwise,,2025-07-09
https://mancli.itch.io/mutiny,,2025-07-09
https://crazybuilder07.itch.io/to-be-a-merchant,,2025-07-09
https://fnc-productions.itch.io/the-mandate,,2025-07-09
https://blamerobots.itch.io/stairs,,2025-07-09
https://tinytouchtales.itch.io/gatchji-moji,,2025-07-09
https://sennefestijn.itch.io/festijn-manager,,2025-07-09
https://tiagoadcosta.itch.io/greyturismo,,2025-07-09
https://pamuramu.itch.io/zero-tolerance-hero-climaxing-with-oneesans-before-saving-the-world,,2025-07-09
https://darkmatter1980.itch.io/alien-swarm,,2025-07-09
https://jalencs.itch.io/complete-week-3-to-sleep,,2025-07-09
https://jedimatt.itch.io/die-gestion,,2025-07-09
https://vxnea.itch.io/night-raven-lilies,,2025-07-09
https://jmxx.itch.io/pcrafty,,2025-07-09
https://bigdinosuarvr.itch.io/dino-taggers,,2025-07-09
https://cooldinorsua.itch.io/weighting-elevator,,2025-07-09
https://alebear.itch.io/incremental-garden,,2025-07-09
https://eldiplo.itch.io/ethan,,2025-07-09
https://veracity.itch.io/little-remedies,,2025-07-09
https://hexaclue.itch.io/welcome-to-jacks,,2025-07-09
https://finelad.itch.io/lignum,,2025-07-09
https://darbus.itch.io/untitled-boat-game,,2025-07-09
https://calebmhartshorn.itch.io/asteroid-gardener,,2025-07-09
https://reoverv.itch.io/eavum,,2025-07-09
https://vg-dev.itch.io/roguestacks,,2025-07-09
https://kipomara.itch.io/they-still-keep-watch,,2025-07-09
https://chatdo37.itch.io/popupdisplay,,2025-07-09
https://punchingbag.itch.io/peidei-do-fart-sounds-of-fart,,2025-07-09
https://midnigh7-creek-farms.itch.io/western-lowboy-edit,,2025-07-09
https://zuizui2buibui.itch.io/fontaine-dc-64,,2025-07-09
https://dantinho.itch.io/pole-volt-w-helm,,2025-07-09
https://vilzio11.itch.io/project-energy,,2025-07-09
https://presentfactory.itch.io/sunset-smoothies,,2025-07-09
https://guilherme-vidal-veber.itch.io/corrida-de-atletismo,,2025-07-09
https://flaykes.itch.io/echo,,2025-07-09
https://bropi.itch.io/kairos,,2025-07-09
https://anaise448.itch.io/just-dance-kids-disney-party,,2025-07-09
https://midnigh7-creek-farms.itch.io/2022-peterbilt-567,,2025-07-09
https://poys.itch.io/meteor-shooter,,2025-07-09
https://novaflip.itch.io/coinden,,2025-07-09
https://extremeteam.itch.io/mecklevr,,2025-07-09
https://frasun.itch.io/trisudoku,,2025-07-09
https://icyyyyyyyyy.itch.io/blobby-2,,2025-07-09
https://tiyasuryaning.itch.io/froggo,,2025-07-09
https://francesco-testi.itch.io/penguin-buffet,,2025-07-09
https://sourguyvr.itch.io/project-sour,,2025-07-09
https://julson.itch.io/cardboard-cut-outs,,2025-07-09
https://leonardoorlando.itch.io/pixel-fut,,2025-07-09
https://snubster.itch.io/snubbys-bomb-pop,,2025-07-09
https://binau.itch.io/spirited-in,,2025-07-09
https://shirosaurus.itch.io/oc-fighters,,2025-07-09
https://pierre1ben.itch.io/pierres-alien-invasion,,2025-07-09
https://tockdev.itch.io/actions-cost-cfac-mj,,2025-07-09
https://zoestocker.itch.io/k2y,,2025-07-09
https://crystalrevanitedesigns.itch.io/compound-b,,2025-07-09
https://sunburntbanana.itch.io/cookie-sprinters-beta-testings,,2025-07-09
https://eclipse-azure.itch.io/hiyoris-summer-ntr-lessons,,2025-07-09
https://spaceperson1.itch.io/incredibox-sprunki-spruli,,2025-07-09
https://darknerior.itch.io/physiscs-runner,,2025-07-09
https://festmester.itch.io/the-anomaly,,2025-07-09
https://zlawg321.itch.io/project-zl-23,,2025-07-09
https://happyfox123.itch.io/rpg-maker-mv-ship-tileset,,2025-07-09
https://iliketurtles3d.itch.io/simon-armature,,2025-07-09
https://paterik.itch.io/monster-clicker,,2025-07-09
https://trashcan001.itch.io/famgame,,2025-07-09
https://wethecircle-assets.itch.io/music-for-titles-menu-6-videogame-instrumentals-pack,,2025-07-09
https://junstuck.itch.io/juns-bad-game,,2025-07-09
https://vmamede.itch.io/jeremys-box,,2025-07-09
https://phbarralis.itch.io/this-side-up,,2025-07-09
https://crystalrevanitedesigns.itch.io/joo,,2025-07-09
https://pamuramu.itch.io/tale-of-elisha-hypnotized-sorcerer,,2025-07-09
https://pyramidx0fr.itch.io/simonsrealmremake,,2025-07-09
https://theeegg.itch.io/heromonke,,2025-07-09
https://jerga99.itch.io/loria,,2025-07-09
https://ckrgames.itch.io/logicadeunaobsesion,,2025-07-09
https://noxio.itch.io/condensed-milk,,2025-07-09
https://generaltso990.itch.io/teacup-survivor,,2025-07-09
https://pacbl84.itch.io/incrediboxsprunkirelish,,2025-07-09
https://fruity52.itch.io/spruenrkjfeslkmfsdklfsdeifdmifmekee,,2025-07-09
https://iwarren.itch.io/sand-your-ground,,2025-07-09
https://itsc0wb0ygamez.itch.io/john-deere-saddle-tanks-edit,,2025-07-09
https://zsupermicrowave.itch.io/frank-box,,2025-07-09
https://le-joyeux-scribe.itch.io/covid-everyday,,2025-07-09
https://alilali.itch.io/lie1eng,,2025-07-09
https://celestialqueen1.itch.io/scooter-champ,,2025-07-09
https://arlathavellan.itch.io/twine-theme-analog,,2025-07-09
https://mvmegacollectionplus.itch.io/i-did-it-2025,,2025-07-09
https://rubydevgtag.itch.io/project-ruby,,2025-07-09
https://uhhhhh-yeet.itch.io/pirate-deltaruin-and-accidently-install-a-virus-simulator,,2025-07-09
https://crimsonparse.itch.io/posthumanclicker,,2025-07-09
https://rana1232.itch.io/1-click-lod-generator,,2025-07-09
https://darkwire-games.itch.io/voidspace,,2025-07-09
https://fantasy-office.itch.io/charles,,2025-07-09
https://miliag.itch.io/away,,2025-07-09
https://giocriscuolo.itch.io/chroma,,2025-07-09
https://merchinbenz.itch.io/the-rift-dimensional-pair,,2025-07-09
https://p4kvr.itch.io/rinkle-tag-fix,,2025-07-09
https://eduardo-torquato.itch.io/o-jogo-de-arco-e-flecha,,2025-07-09
https://intox404.itch.io/gb-qb-rush-demo,,2025-07-09
https://rox-wilson.itch.io/xenoscientifica,,2025-07-09
https://theapollogaming.itch.io/whats-in-the-box,,2025-07-09
https://kal06.itch.io/decayed,,2025-07-09
https://bryarey.itch.io/recon-hunt,,2025-07-09
https://kulacemre.itch.io/the-meaning-of-life,,2025-07-09
https://pixemisti.itch.io/black-box,,2025-07-09
https://rippersmith.itch.io/super-cyborg-man-the-trillion-dollar-technofuel-scam,,2025-07-09
https://the-boop.itch.io/bunker-lights,,2025-07-09
https://exedexes1.itch.io/fluxwobble-the-shifting-maze,,2025-07-09
https://dysprositos.itch.io/spectrum,,2025-07-09
https://intox404.itch.io/8-bit-cruisin-demo,,2025-07-09
https://damah2236.itch.io/robgolem,,2025-07-09
https://terraxcvii.itch.io/wake-up,,2025-07-09
https://zareals.itch.io/tictactoe,,2025-07-09
https://dylanhoctor.itch.io/luna-game-mlg-reupload,,2025-07-09
https://chanceoffire.itch.io/dreamwalking-elysium,,2025-07-09
https://lightsblue.itch.io/mystery-unboxing,,2025-07-09
https://virtuelle-20.itch.io/full-hand,,2025-07-09
https://djthedoge.itch.io/unpacking-the-evidence,,2025-07-09
https://ghostremz.itch.io/lethal-ape-7-modded-by-ghostremz,,2025-07-09
https://keeganb3.itch.io/chess-evolved,,2025-07-09
https://reycgf.itch.io/alipix,,2025-07-09
https://githubusernotabot.itch.io/mini-jam-188-box-idly-er,,2025-07-09
https://dylanhoctor.itch.io/you-betrayed-meexe-reupload,,2025-07-09
https://rosaceae-games.itch.io/bloodvein,,2025-07-09
https://dylanhoctor.itch.io/lonas-goem-48-reupload,,2025-07-09
https://dskat.itch.io/semidiaric,,2025-07-09
https://nyt3bl4d3.itch.io/advent-breakout-combat-demo,,2025-07-09
https://bigkittygames.itch.io/solace-builder,,2025-07-09
https://vein-pursuer.itch.io/ad-infernum,,2025-07-09
https://prokenya.itch.io/parcel-inspector,,2025-07-09
https://lovelesspress.itch.io/too-wide-for-words,,2025-07-09
https://dysprositos.itch.io/secrete-extend-consume,,2025-07-09
https://okz072.itch.io/komachi-hikigaya-cleft-1-1-200img,,2025-07-09
https://oliprocrack.itch.io/l3d,,2025-07-09
https://carbanocreekpress.itch.io/playing-for-keeps-ashcan,,2025-07-09
https://anibakan.itch.io/stay-la-decisin-comienza-aqu,,2025-07-09
https://thedamnandres.itch.io/desarrollo-de-interfaces-con-unity,,2025-07-09
https://elitegamecreater.itch.io/explorerknight,,2025-07-09
https://webe-apps.itch.io/cristiano-ronaldo-lifestyle-httppub-4hhjc-4artdquickappninjacom,,2025-07-09
https://gabrielrg.itch.io/radbox-factory,,2025-07-09
https://brennennenn.itch.io/rage-raddington-vs-the-man-part-107-night-rage,,2025-07-09
https://crazedmonkey231.itch.io/afternoon-lunch,,2025-07-09
https://fliktart.itch.io/drop-bear-community-challenge,,2025-07-09
https://third-country-press.itch.io/from-hells-heart-a-breathless-adventure-of-nautical-tragedy,,2025-07-09
https://gabbygames.itch.io/save-the-bunny-simulator,,2025-07-09
https://jackboles.itch.io/my-underground-game,,2025-07-09
https://abdulzabba.itch.io/ngethek,,2025-07-09
https://joey-terry.itch.io/adhd-simulator,,2025-07-09
https://besttrashgames.itch.io/vortex-taggers-v2,,2025-07-09
https://ptokish.itch.io/arma-reforger-maps,,2025-07-09
https://katalystkaleb.itch.io/lyra-forge,,2025-07-09
https://blazegt1.itch.io/otag,,2025-07-09
https://team-zero-s.itch.io/eahac,,2025-07-09
https://lindy28ca.itch.io/operation-no-trace-no-trouble,,2025-07-09
https://hatchimba.itch.io/el-ultimo-golpe,,2025-07-09
https://jesscas.itch.io/path-of-code,,2025-07-09
https://lindy28ca.itch.io/sweet-laberinto,,2025-07-09
https://zrodfects.itch.io/isometric-room-set-1-starter-pack,,2025-07-09
https://h415music.itch.io/mindflow-the-streetlight,,2025-07-09
https://zach-kolman.itch.io/slime-crisis,,2025-07-09
https://alotgames.itch.io/dirt-survival,,2025-07-09
https://emrat.itch.io/sewer-slices,,2025-07-09
https://sibolis.itch.io/tomoto,,2025-07-09
https://faz1esh.itch.io/slippery-tag-revived,,2025-07-09
https://aovexgames.itch.io/cubeton-escape-zombie,,2025-07-09
https://fortron.itch.io/no-free-lunch,,2025-07-09
https://silis-kleemoff.itch.io/first-person-shooter,,2025-07-09
https://petsdinner.itch.io/raise-your-can-of-beer-on-high,,2025-07-09
https://cannondian.itch.io/space-flower,,2025-07-09
https://crafty-stodios.itch.io/craftytagvr,,2025-07-09
https://pwnzer21.itch.io/asteroid-garden,,2025-07-09
https://elbuentocino.itch.io/boxception-a-ms-tery-game,,2025-07-09
https://belmontart.itch.io/2025-may-set,,2025-07-09
https://hongx213.itch.io/sprunki-purps-revenge,,2025-07-09
https://imposterblues.itch.io/monster-drafter,,2025-07-09
https://gruutle.itch.io/packing-up,,2025-07-09
https://dungeon-key.itch.io/kyanosphylls,,2025-07-09
https://flipkaboom.itch.io/spirit-breaker,,2025-07-09
https://nubag.itch.io/step-dad-class-ep3-domino-1,,2025-07-09
https://randomguy05.itch.io/sprenkli,,2025-07-09
https://mybad1.itch.io/my-computer,,2025-07-09
https://usernamedeveloper913.itch.io/coding-1,,2025-07-09
https://cupul-miu-04.itch.io/galaxya-defense,,2025-07-09
https://nextbestgames.itch.io/going-to-fast,,2025-07-09
https://sg5202.itch.io/drakermodehorror,,2025-07-09
https://eddyvr575gmailcom.itch.io/monkey-tumble,,2025-07-09
https://yourlocalspookysunoffical.itch.io/sprunki-extended-bar,,2025-07-09
https://dead-pixelsz.itch.io/tiny-kingdom,,2025-07-09
https://elems4.itch.io/elems4-alpha,,2025-07-09
https://hyperaware.itch.io/the-gumshoe,,2025-07-09
https://yitsstg.itch.io/gatibara-time-to-hunt,,2025-07-09
https://yagi-sakaguchi.itch.io/jealousy,,2025-07-09
https://xxjmppxx.itch.io/monkey-climber,,2025-07-09
https://pongogogogame.itch.io/all-in-a-mimic,,2025-07-09
https://guestytherobloxian.itch.io/uhrm,,2025-07-09
https://phayze81.itch.io/beneath-the-ice,,2025-07-09
https://timbot1789.itch.io/three-fold-fever,,2025-07-09
https://helcustom.itch.io/sci-fi-orpheus,,2025-07-09
https://kairuken.itch.io/leapy-frog,,2025-07-09
https://sickpleaseohno.itch.io/waterwalk,,2025-07-09
https://webe-apps.itch.io/httpsquickappninjacomapp-wizard52ff2dcd-454e-41bb-a31a-b9f701ebdd24cris,,2025-07-09
https://thatkid144.itch.io/koolaid-tag,,2025-07-09
https://robotic-topologist.itch.io/phagocytosis,,2025-07-09
https://twincrow.itch.io/below-the-regolith,,2025-07-09
https://azraelart.itch.io/sanzo-rr-volume-1-r18,,2025-07-09
https://malachitepuppy.itch.io/cannibal-chef,,2025-07-09
https://muskmeion.itch.io/sprunkeso-remastered,,2025-07-09
https://cokegamingstudios.itch.io/exploding-sprouts,,2025-07-09
https://quillgt.itch.io/chimp-kinetix,,2025-07-09
https://zentastic.itch.io/20-flappyheart,,2025-07-09
https://nasser154.itch.io/denis-aventure,,2025-07-09
https://thepizzapunk.itch.io/shrimp-is-bugz,,2025-07-09
https://ianmbeckman.itch.io/climb-time,,2025-07-09
https://corndev.itch.io/glob,,2025-07-09
https://judahgamedev.itch.io/jurasic-walk,,2025-07-09
https://lemonbindropped.itch.io/rebel-rabble,,2025-07-09
https://ixemanin.itch.io/back-for-revenge,,2025-07-09
https://zeek13.itch.io/mindscape-unfinished-version,,2025-07-09
https://kpl0kpl0.itch.io/epacse,,2025-07-09
https://hakucatl4.itch.io/reunite,,2025-07-09
https://bichis.itch.io/the-strongbox,,2025-07-09
https://mox16.itch.io/caponoira,,2025-07-09
https://alerbo-51.itch.io/8,,2025-07-09
https://niillo.itch.io/cad-o-meu,,2025-07-09
https://polysw.itch.io/a21sdzxczxc,,2025-07-09
https://foxera9.itch.io/the-unremarkable-box-i-found-at-the-flea-market,,2025-07-09
https://ry-productions.itch.io/break-target-get-money,,2025-07-09
https://trachscor.itch.io/grief,,2025-07-09
https://zitian-encoded.itch.io/delivery-girl,,2025-07-09
https://toon-napo.itch.io/go-mars,,2025-07-09
https://nox-corridor.itch.io/pipe-dream,,2025-07-09
https://somnusgrey.itch.io/keep-dead-quiet,,2025-07-09
https://windupthing.itch.io/pan,,2025-07-09
https://ceprotypes.itch.io/galactic-gardening,,2025-07-09
https://iitz-jager.itch.io/my-pmc-girl-04,,2025-07-09
https://squigglez.itch.io/rockhopper,,2025-07-09
https://joeyland.itch.io/bi-punk,,2025-07-09
https://krabbytheartist.itch.io/ochako-and-izuku-second-date,,2025-07-09
https://kgriffin-fs.itch.io/realistic-temperatures-finland,,2025-07-09
https://hrenit.itch.io/futa-on-the-train,,2025-07-09
https://yammy16.itch.io/catchimon-11-12-13,,2025-07-09
https://hrenit.itch.io/my-best-friends-secret-ep-012,,2025-07-09
https://veralin-fl.itch.io/repac-man,,2025-07-09
https://cepheus16.itch.io/five-nights-at-moes,,2025-07-09
https://dragoncat372.itch.io/petting-piper,,2025-07-09
https://nm445.itch.io/crazycattle3d,,2025-07-09
https://perhapsotto.itch.io/bad-drink,,2025-07-09
https://kazposting.itch.io/farewell-sockington,,2025-07-09
https://ghostbillyknifefight.itch.io/lets-make-a-stew,,2025-07-09
https://aimenpics.itch.io/kinemon,,2025-07-09
https://edward-lee-studios.itch.io/adventure-grid,,2025-07-09
https://binaryclone.itch.io/the-cta-is-late-and-so-are-you,,2025-07-09
https://1999-ad.itch.io/variety-meat,,2025-07-09
https://fish-vr-123.itch.io/lil-monks,,2025-07-09
https://chairshotgames.itch.io/hypertram-4000-world-tour,,2025-07-09
https://martincho1986.itch.io/la-venganza-del-karateca,,2025-07-09
https://leoheren.itch.io/cubiosis,,2025-07-09
https://ng76.itch.io/highway-of-fear,,2025-07-09
https://questionable-ppl.itch.io/flappygirl,,2025-07-09
https://child-of-terra.itch.io/children-of-terra,,2025-07-09
https://rj-08.itch.io/only-one,,2025-07-09
https://storytaco.itch.io/accidentally,,2025-07-09
https://chunkmonk.itch.io/monk-lab,,2025-07-09
https://jerryvrgaming.itch.io/stage-456,,2025-07-09
https://evancendekia.itch.io/sock-spot,,2025-07-09
https://my-banjo.itch.io/clappin-in-the-woods,,2025-07-09
https://moeb5.itch.io/emergency-rush,,2025-07-09
https://iamdoingstuff.itch.io/staring-contest,,2025-07-09
https://justzerogames.itch.io/zombie-rush-last-stand,,2025-07-09
https://psalu.itch.io/dice-tower-defense,,2025-07-09
https://pietpiper.itch.io/slime-slider-12th-level-included,,2025-07-09
https://aahn8.itch.io/ladybug-game,,2025-07-09
https://grass12.itch.io/grass12s-clicker-game,,2025-07-09
https://ebwrb.itch.io/bad-shooting,,2025-07-09
https://femboy-estudio.itch.io/flip-3d,,2025-07-09
https://pvbiizh3r.itch.io/god-2,,2025-07-09
https://pjuffh.itch.io/i-am-cat,,2025-07-09
https://tango2999.itch.io/fishing-adventure,,2025-07-09
https://amariiiiis.itch.io/pixelgirlsfrontline-pe,,2025-07-09
https://lennonstolk.itch.io/tamaghosted,,2025-07-09
https://contentdeleted.itch.io/miyamotos-challenge,,2025-07-09
https://gm637legend.itch.io/for-the-colony,,2025-07-09
https://bucketmanisaskid.itch.io/rizz-scary-v5,,2025-07-09
https://duchainer.itch.io/space-dilemna,,2025-07-09
https://rerstuf.itch.io/the-bid-race,,2025-07-09
https://r-naito.itch.io/minigame,,2025-07-09
https://yuner0519.itch.io/eternalstars,,2025-07-09
https://sxstone.itch.io/goth-femboy-and-tentacles,,2025-07-09
https://marcos-l.itch.io/sinister-reverberant-transitions,,2025-07-09
https://sisouto-kyomu.itch.io/anohinokurasinoowarini-demo,,2025-07-09
https://phantaskew.itch.io/scale-the-trials,,2025-07-09
https://volpanic.itch.io/greenhouse-schism,,2025-07-09
https://zhengzhy.itch.io/lightning-effects-40-sets,,2025-07-09
https://arseniy-dymaet.itch.io/memories,,2025-07-09
https://lion77770.itch.io/incredibox-backbox-v3-the-dark-cave,,2025-07-09
https://player11132.itch.io/fuga,,2025-07-09
https://endermansupreme.itch.io/unsure,,2025-07-09
https://babcom.itch.io/endless-light,,2025-07-09
https://boxviet.itch.io/limb-by-limb,,2025-07-09
https://frogaccount.itch.io/zero-g-ardening,,2025-07-09
https://kovsolo.itch.io/flump-vr,,2025-07-09
https://nyltoons.itch.io/what-lies-within-the-maze,,2025-07-09
https://crotch-dot.itch.io/butt-n-dong,,2025-07-09
https://lunicosm.itch.io/purgatrolley,,2025-07-09
https://jasonws.itch.io/self-destruct,,2025-07-09
https://officialelectric.itch.io/p3t,,2025-07-09
https://togeproductions.itch.io/saber-survivors,,2025-07-09
https://goo2027.itch.io/ready-sew-action,,2025-07-09
https://moon03amv.itch.io/setchar-2-village-character,,2025-07-09
https://chococitruspop.itch.io/generate-or-capitulate,,2025-07-09
https://jerrfo.itch.io/heart-journey,,2025-07-09
https://enneadgames.itch.io/helpful-list-d100-knightly-order-names,,2025-07-09
https://fantarama.itch.io/jet-boats,,2025-07-09
https://fenroargames.itch.io/infinite-staircase,,2025-07-09
https://sashaant.itch.io/flame-torque,,2025-07-09
https://devincompleto.itch.io/infileap,,2025-07-09
https://dayapau.itch.io/magicpaint,,2025-07-09
https://yuner0519.itch.io/the-penguin,,2025-07-09
https://m3ll0w-mase.itch.io/dinohuntingvr,,2025-07-09
https://ojeda.itch.io/pentax,,2025-07-09
https://alex-coldfire.itch.io/10-instrumental-game-soundtracks-fantasyorchestralrpg-free,,2025-07-09
https://guselect.itch.io/rust-in-pieces,,2025-07-09
https://maxwell-itchio.itch.io/incredibox-sprunki-fbnr-update-46,,2025-07-09
https://dylhousedylz.itch.io/file-scraper,,2025-07-09
https://so-amazing-games.itch.io/happy-flappy-rocket-davide-murro,,2025-07-09
https://epicdanceman.itch.io/alpha-vrs-multiuse-of-dd,,2025-07-09
https://visustella.itch.io/visustella-armory-shotgun01-and-vest01,,2025-07-09
https://thatsnice123.itch.io/spake,,2025-07-09
https://so-amazing-games.itch.io/bone-escape-by-davide-murro,,2025-07-09
https://fridaytechnologies.itch.io/plantarium,,2025-07-09
https://some-on-e.itch.io/time-dilation,,2025-07-09
https://dplekh.itch.io/space-gatherer,,2025-07-09
https://necrotonesradio.itch.io/cryptid-squad,,2025-07-09
https://krestyktsg.itch.io/mousejam,,2025-07-09
https://gamedeveloperstudio.itch.io/animated-enemy-tracked-mechanoid,,2025-07-09
https://yuner0519.itch.io/forest-story,,2025-07-09
https://wise-bu.itch.io/heavingly-traffic,,2025-07-09
https://zpektrumxp.itch.io/rea10,,2025-07-09
https://nya1nhour.itch.io/finns-fin-tastic-adventure,,2025-07-09
https://omegatchi.itch.io/chibikins,,2025-07-09
https://lednah.itch.io/spin-the-bottle-part-iii,,2025-07-09
https://thingomy.itch.io/2-impostors-remain,,2025-07-09
https://skeletonizerstrawberries.itch.io/y-you-jerk,,2025-07-09
https://nikosgames.itch.io/mr-mouse,,2025-07-09
https://scratchtacgamesyt.itch.io/one-night-at-maj0rs,,2025-07-09
https://unremarkable1.itch.io/petes-peril,,2025-07-09
https://iamreferredtoassteven.itch.io/nothing-worth-playing,,2025-07-09
https://marcos-l.itch.io/wooden-stairs-footspeps,,2025-07-09
https://ahmetpc.itch.io/endless-tower-defence,,2025-07-09
https://al-mondmilk.itch.io/technotopia,,2025-07-09
https://bahamutchaos666.itch.io/plugin-minigame-shooter-rmmv,,2025-07-09
https://thezetasqaud.itch.io/frunki-the-definitive-phase-3-zetasquad-reskin-itchio-port,,2025-07-09
https://ladinocuspidor.itch.io/space-hunters,,2025-07-09
https://mrhfreegamedojo.itch.io/supiridonsenkiallgamepack,,2025-07-09
https://captain-moo.itch.io/nature-pack,,2025-07-09
https://multihanded.itch.io/cuckoo,,2025-07-09
https://okenki.itch.io/cosmoscape,,2025-07-09
https://jordytd6.itch.io/project-rex,,2025-07-09
https://another-dimension-games.itch.io/mars-rocks-i-count-mordrak,,2025-07-09
https://thevortexdev.itch.io/untitled-zombie-tower-defense,,2025-07-09
https://deleted7.itch.io/trollface-quest-1,,2025-07-09
https://kippiegames.itch.io/parktails,,2025-07-09
https://mmatter.itch.io/gold-rush,,2025-07-09
https://loo-games.itch.io/star-fight,,2025-07-09
https://mobinet.itch.io/tome-of-endless-romance-2,,2025-07-09
https://whykay.itch.io/python-zine-fanzine,,2025-07-09
https://k-storm-studio.itch.io/wild-radio-flux,,2025-07-09
https://bahamutchaos666.itch.io/plugin-minigame-trading-rmmv,,2025-07-09
https://obsoletegr.itch.io/mission-odessa,,2025-07-09
https://amiiiinee.itch.io/tralalero-tralala,,2025-07-09
https://jackeyke.itch.io/match3,,2025-07-09
https://marcos-l.itch.io/great-idea-moment,,2025-07-09
https://dixexstudio.itch.io/the-iron-chronicle,,2025-07-09
https://ka1ikasan.itch.io/seasoned-heroes,,2025-07-09
https://circle-fujiko.itch.io/exorcists-calamity,,2025-07-09
https://lchgames.itch.io/dont-lose-your-head,,2025-07-09
https://neikeldev.itch.io/blood-debt,,2025-07-09
https://afitotunka.itch.io/cliffstyle,,2025-07-09
https://sofiaav.itch.io/layla-fugindo-da-escola,,2025-07-09
https://valvalgames.itch.io/pixel-barista,,2025-07-09
https://mozu-field.itch.io/a-troubled-gravure-idol-engaging-in-intimate-acts-and-pushing-boundaries,,2025-07-09
https://fusselgames.itch.io/pomodotchi,,2025-07-09
https://alilali.itch.io/ms1,,2025-07-09
https://oouyuki.itch.io/lewdlittleduo,,2025-07-09
https://forsaken-chance.itch.io/project-strong-water,,2025-07-09
https://mrhfreegamedojo.itch.io/tkoolvxshortgames2015-2025,,2025-07-09
https://ianvv.itch.io/gerrymander-genius,,2025-07-09
https://lunawrites.itch.io/step-by-step-feminisation,,2025-07-09
https://vciolac.itch.io/correio-do-amor,,2025-07-09
https://jetamp.itch.io/hell-builder,,2025-07-09
https://marcos-l.itch.io/sci-fi-organic-morphing-textures,,2025-07-09
https://bloodkillerr.itch.io/the-forbidden-knowledge,,2025-07-09
https://mewthree809.itch.io/the-deep-woken,,2025-07-09
https://bossybee.itch.io/slap-the-crappy-stick,,2025-07-09
https://alilali.itch.io/ms2,,2025-07-09
https://ridek240.itch.io/hipocritical-oath,,2025-07-09
https://jms-yoss.itch.io/wildshard-the-goblin-fortress-pack,,2025-07-09
https://karam-mohammed14.itch.io/the-random-quiz-gameplay,,2025-07-09
https://mcxxl-warez-konfiwakepl.itch.io/desktop-spider,,2025-07-09
https://alegm2010.itch.io/galagantua,,2025-07-09
https://flockofimps.itch.io/lich-pact,,2025-07-09
https://cafemeek.itch.io/my-little-town,,2025-07-09
https://epicgenie.itch.io/chomp,,2025-07-09
https://rick-riverstudio.itch.io/spoekn-kiekers,,2025-07-09
https://oxycodonee.itch.io/game-ready-low-poly-cart,,2025-07-09
https://gimura.itch.io/colour,,2025-07-09
https://vamparise.itch.io/robot,,2025-07-09
https://sirrym.itch.io/duckumentor,,2025-07-09
https://palizarobot.itch.io/pcp,,2025-07-09
https://msagames.itch.io/mine-guard,,2025-07-09
https://philliousl.itch.io/the-average-mcflonalds-night-shift,,2025-07-09
https://planetparkar.itch.io/shape-shooter-1,,2025-07-09
https://roboxmr.itch.io/robox-os-pr-alpha,,2025-07-09
https://game-buoy-games.itch.io/embergameandwatch,,2025-07-09
https://garnek.itch.io/dzien-w-ktorym-zatonela-urda,,2025-07-09
https://brandonwhitton.itch.io/ancient-grimoire-pack-vol-1,,2025-07-09
https://james-hall38.itch.io/skull-hotel,,2025-07-09
https://jogzfon.itch.io/dashabubble,,2025-07-09
https://alexmaranon.itch.io/the-last-thread,,2025-07-09
https://lawx-sama.itch.io/the-lords-story-version-mac,,2025-07-09
https://fantasyr.itch.io/grimrise,,2025-07-09
https://pkeinix.itch.io/taewo-gernia,,2025-07-09
https://ianuarius.itch.io/maagilike,,2025-07-09
https://stink-games.itch.io/stink-bot,,2025-07-09
https://hobbob.itch.io/eat-the-king,,2025-07-09
https://relaxed-frog.itch.io/enhance-cozy-pixel-font,,2025-07-09
https://macrt.itch.io/aureum-plaza,,2025-07-09
https://toponou.itch.io/entre-sombras-y-susurros,,2025-07-09
https://quietgodot.itch.io/061-nearest-neighbour,,2025-07-09
https://wonky-productions.itch.io/fliply,,2025-07-09
https://marcos-l.itch.io/critical-damage-alerts,,2025-07-09
https://caitvr.itch.io/watersimulaton-8104,,2025-07-09
https://op133444444444455555545.itch.io/spook-facility,,2025-07-09
https://lavasilk.itch.io/bulletime,,2025-07-09
https://canya00.itch.io/petualanggalaxy,,2025-07-09
https://kgame-dev-studio.itch.io/1-real,,2025-07-09
https://pixelhouse.itch.io/retro-fantasy-rpg-monster-forest-tiles,,2025-07-09
https://vaalkor.itch.io/make-a-wish,,2025-07-09
https://lostwords.itch.io/pair-a-gon,,2025-07-09
https://megapupsik1.itch.io/cost-of-light,,2025-07-09
https://boiledgoosegames.itch.io/hellbent-demo,,2025-07-09
https://visalchangatt.itch.io/ice,,2025-07-09
https://dawnnadeeka.itch.io/little-link,,2025-07-09
https://nvts8a.itch.io/inq28-fillable-character-sheet,,2025-07-09
https://clairenapier.itch.io/wolf-story-chapter-9,,2025-07-09
https://visalchangatt.itch.io/flush,,2025-07-09
https://teorautio.itch.io/talesknight,,2025-07-09
https://alilali.itch.io/jhonny-en-coma-1,,2025-07-09
https://hzxuxx.itch.io/noiseshiplouderstronger,,2025-07-09
https://belmontart.itch.io/2025-june-pack,,2025-07-09
https://visalchangatt.itch.io/chain-reaction,,2025-07-09
https://obboocreator.itch.io/gagt,,2025-07-09
https://brandonhogue94.itch.io/mathland,,2025-07-09
https://colegio-canada.itch.io/save-the-world,,2025-07-09
https://pvbiizh3r.itch.io/one-night-at-david-4,,2025-07-09
https://mr-sonymix.itch.io/goblin-the-coin-addict,,2025-07-09
https://brandonhogue94.itch.io/engineers-workshop,,2025-07-09
https://colegio-canada.itch.io/gree-hero,,2025-07-09
https://colegio-canada.itch.io/salva-a-las-tortugas,,2025-07-09
https://tol0x.itch.io/os-update,,2025-07-09
https://darkcomdev.itch.io/high-quality-trees-for-vr,,2025-07-09
https://dennisbusch-de.itch.io/amiga-1200-external-usb-keyboard-plug-mount-3d-printable,,2025-07-09
https://sinistarr.itch.io/vitavampire,,2025-07-09
https://losthavengames.itch.io/wildspace,,2025-07-09
https://smt72.itch.io/the-f-and-n-show,,2025-07-09
https://breadsticks-n-blood.itch.io/dead-man-walking,,2025-07-09
https://vadym-palchyk.itch.io/tappy-plane,,2025-07-09
https://craknain.itch.io/risky-rescue,,2025-07-09
https://seeone.itch.io/parasyte,,2025-07-09
https://tvoysenpayi.itch.io/style-slasher,,2025-07-09
https://puapka.itch.io/background-pack,,2025-07-09
https://commander-karl-the-jesus.itch.io/ppc,,2025-07-09
https://miguel-games.itch.io/o-perigo-esta-a-sua-volta,,2025-07-09
https://unve.itch.io/crazybouncer,,2025-07-09
https://blueokapigames.itch.io/wastelander,,2025-07-09
https://sgtwombatstudios.itch.io/evergreen-harvest,,2025-07-09
https://sang-sang-sang.itch.io/souls-wars,,2025-07-09
https://zsef.itch.io/frogger,,2025-07-09
https://limingchong.itch.io/3-match,,2025-07-09
https://4z-r4-3l.itch.io/dog-abuse,,2025-07-09
https://fshashy.itch.io/fordf150,,2025-07-09
https://coffeeinteractive.itch.io/el-dorado-ost,,2025-07-09
https://wapotes.itch.io/minimurdermistery,,2025-07-09
https://devstim.itch.io/steamers,,2025-07-09
https://superziz.itch.io/skelly-banana-2001,,2025-07-09
https://izfun.itch.io/chameliaboobajob,,2025-07-09
https://evekproducoes.itch.io/jokeapp,,2025-07-09
https://killrain81.itch.io/a-bitter-tomorrow,,2025-07-09
https://reemzenreal.itch.io/flappie-squirrelie,,2025-07-09
https://cassieg1.itch.io/dont-even-play,,2025-07-09
https://tvoysenpayi.itch.io/hot-on-board,,2025-07-09
https://zsef.itch.io/gearuploser,,2025-07-09
https://eduardopupucon.itch.io/jakiro-wars,,2025-07-09
https://morimori-1411.itch.io/parasite,,2025-07-09
https://helloboyfriend.itch.io/bug,,2025-07-09
https://marti-mayolas.itch.io/pitas-over-it,,2025-07-09
https://techhead.itch.io/td-ex-machina,,2025-07-09
https://runfs.itch.io/survival-in-room,,2025-07-09
https://lotsofgtag.itch.io/hat,,2025-07-09
https://thebloodysadist.itch.io/dead-dogs-an-adult-coloring-book,,2025-07-09
https://hi-there678hello.itch.io/gucci-horror-game-ghg,,2025-07-09
https://terrorpenguin.itch.io/night-of-the-living-realdog,,2025-07-09
https://tvoysenpayi.itch.io/nitro-kebab,,2025-07-09
https://wolfmood.itch.io/split-skin,,2025-07-09
https://colegio-canada.itch.io/guardin-del-hielo,,2025-07-09
https://nicolasgamer595.itch.io/sprunki-but-what-if-fun-bot-won,,2025-07-09
https://bewelengames.itch.io/labubumergebattle,,2025-07-09
https://poyo04.itch.io/vakarm,,2025-07-09
https://the-dumb-man.itch.io/miscel,,2025-07-09
https://colegio-canada.itch.io/recycle-games,,2025-07-09
https://jmj.itch.io/dawn,,2025-07-09
https://gh0stkn1ght.itch.io/defrost,,2025-07-09
https://kingkuraselache.itch.io/love-merge-bat-gone-rogue,,2025-07-09
https://ikurosoft.itch.io/spacehook,,2025-07-09
https://itchedsprunked234.itch.io/incredibox-sprunki-healed,,2025-07-09
https://highhway.itch.io/dodgetheghoul3d,,2025-07-09
https://hoopercoderz.itch.io/hooperz-games,,2025-07-09
https://icy-95.itch.io/fruity-survivor,,2025-07-09
https://lilboigames.itch.io/speed-maze,,2025-07-09
https://soyjupiter.itch.io/industrial-hell,,2025-07-09
https://xxuurruuii.itch.io/draw-a-loop,,2025-07-09
https://skylarell.itch.io/robot-pyromaniac,,2025-07-09
https://gonicar.itch.io/sprunklee-hehe,,2025-07-09
https://paul28gg.itch.io/the-dark-forest-mobile,,2025-07-09
https://smbfan.itch.io/supermariobrothersg,,2025-07-09
https://meme-studi0.itch.io/3d-funhouse,,2025-07-09
https://mh-farms-modding-mapping.itch.io/mh-farms-reshade,,2025-07-09
https://kgame-dev-studio.itch.io/dino-runner,,2025-07-09
https://julvador.itch.io/sin-city-shuffle,,2025-07-09
https://klevieio.itch.io/retro-desert-texture-pack,,2025-07-09
https://kjdoga34.itch.io/lenferthemagazine,,2025-07-09
https://cool-guy782.itch.io/coolguys-gorilla-horror,,2025-07-09
https://kgame-dev-studio.itch.io/right-speech,,2025-07-09
https://bukkbeek.itch.io/genesis,,2025-07-09
https://black-bear-enterntainment.itch.io/internet-explorer-clicker,,2025-07-09
https://colegio-canada.itch.io/ecorunner,,2025-07-09
https://bigdinosuarvr.itch.io/dino-tag-beta,,2025-07-09
https://hexerre.itch.io/pages-petals,,2025-07-09
https://flightlesssaucer.itch.io/guesswhotwinpeaks,,2025-07-09
https://crowseph.itch.io/thieving-seagull,,2025-07-09
https://femboy-estudio.itch.io/blocks,,2025-07-09
https://lostprogram.itch.io/echo-flight,,2025-07-09
https://xdsypher.itch.io/the-final-expedition,,2025-07-09
https://sanmoddervf-28.itch.io/wiener-cassle-fanbuild-v1,,2025-07-09
https://fildecristal.itch.io/terre-daccueil,,2025-07-09
https://femboy-estudio.itch.io/escondite-con-femboys,,2025-07-09
https://gtwarrior4921.itch.io/warrior-tag-test,,2025-07-09
https://anuran-games.itch.io/flywars,,2025-07-09
https://fat-snail-games.itch.io/boris-vampire-slayer,,2025-07-09
https://monkeygarbage.itch.io/flappyclone,,2025-07-09
https://lootboy3000.itch.io/240,,2025-07-09
https://nullpointgames.itch.io/cry-a-tear,,2025-07-09
https://somewherewithstories.itch.io/the-unshelved-shelf,,2025-07-09
https://geflg.itch.io/sprungef-sprunki-mod,,2025-07-09
https://superpox.itch.io/bunnyadventure,,2025-07-09
https://gavinr622.itch.io/gavin-community,,2025-07-09
https://thesonydsdev.itch.io/gravbattlerevamped,,2025-07-09
https://subben999.itch.io/subbens-asteroids,,2025-07-09
https://james-xiii.itch.io/glitchhopper,,2025-07-09
https://kjdoga34.itch.io/lenferissue008,,2025-07-09
https://dylanhoctor.itch.io/rememberexe-rpg-reupload,,2025-07-09
https://aaronhere.itch.io/testcalculator2,,2025-07-09
https://jonasz-o.itch.io/ambient-forge-music-creator,,2025-07-09
https://elliewishes.itch.io/potions-and-pearls,,2025-07-09
https://6bitstuideos.itch.io/primitive-realms,,2025-07-09
https://baktubak.itch.io/opr-lzip,,2025-07-09
https://spiritoffice.itch.io/bubble-isolation,,2025-07-09
https://mr-is-a-tough-man.itch.io/apple-rush,,2025-07-09
https://ashheardwrites.itch.io/just-a-sc,,2025-07-09
https://cassieg1.itch.io/poopy-dookie,,2025-07-09
https://peeblo.itch.io/one-night-with-the-spooky-scary-skeleton,,2025-07-09
https://raziernefraga.itch.io/monster-in-the-city1,,2025-07-09
https://mate-gogebashvili.itch.io/no-way-out,,2025-07-09
https://azuna-pixels.itch.io/1bitfantasyitems,,2025-07-09
https://quinnful-games.itch.io/snailquest,,2025-07-09
https://inenought.itch.io/skip-cat1,,2025-07-09
https://bardon.itch.io/keep-luisa-alive,,2025-07-09
https://infinitehorizongames.itch.io/voidhook,,2025-07-09
https://enxo318.itch.io/slendytubbies-fangame,,2025-07-09
https://omar-genuis123.itch.io/cat-tag,,2025-07-09
https://everything-ridiculous.itch.io/random-number-generator,,2025-07-09
https://zcoder16.itch.io/cubikblox-fidget-bomb,,2025-07-09
https://peeblo.itch.io/hatbrat,,2025-07-09
https://jmj.itch.io/attack-of-the-evil-electric-space-princess,,2025-07-09
https://shepherdgt.itch.io/spaace-tagging,,2025-07-09
https://philtacular.itch.io/green-forest,,2025-07-09
https://red-x-vr.itch.io/og-gorilla-tag-horror,,2025-07-09
https://thatoneflaredev.itch.io/moter-monks,,2025-07-09
https://getaro.itch.io/blood-honey,,2025-07-09
https://bellocity.itch.io/humanfarm,,2025-07-09
https://thekingharem.itch.io/fubuki-one-punch-man-p1,,2025-07-09
https://peeblo.itch.io/nostalgia-criteria,,2025-07-09
https://alex-m24.itch.io/voxelengine,,2025-07-09
https://smain-blua.itch.io/lisa-flower,,2025-07-09
https://1middle1.itch.io/hex-taggers,,2025-07-09
https://bennnick.itch.io/vice-shadows,,2025-07-09
https://thegoofgoob.itch.io/get-glooby-demo-2,,2025-07-09
https://szorader.itch.io/dungeon-crawler,,2025-07-09
https://anthras-pantea.itch.io/les-potions-majick,,2025-07-09
https://ninjjuu.itch.io/this-side-up,,2025-07-09
https://msibrava.itch.io/inner-temple,,2025-07-09
https://runasrecientes.itch.io/goo,,2025-07-09
https://kingocrsh.itch.io/stellar-blade-peril-pack,,2025-07-09
https://dragonfrog-studio.itch.io/wrong-move,,2025-07-09
https://bully-revenge-studios.itch.io/dominated-by-yandere-goth-milf-maid,,2025-07-09
https://jeancab.itch.io/bubblenaut,,2025-07-09
https://elbuentocino.itch.io/popout,,2025-07-09
https://redux-soul.itch.io/visual-novel-sprite-emma,,2025-07-09
https://pacbl84.itch.io/incredibox-sprunki-mayonnaise,,2025-07-09
https://maristan-polunth.itch.io/communications-race,,2025-07-09
https://fishygt2.itch.io/gorilla-company,,2025-07-09
https://musashi-rafa.itch.io/generic-assets,,2025-07-09
https://moonanagames.itch.io/80-songs-pack,,2025-07-09
https://avariwilt.itch.io/dodge-the-creeps-a-bit-more-than-the-godot-tutorial,,2025-07-09
https://mjmaron.itch.io/bandersnatchs-loop,,2025-07-09
https://bloodoftyrants.itch.io/fateful-reinforcement,,2025-07-09
https://t-mine18.itch.io/leaping-legends,,2025-07-09
https://seweingames.itch.io/risagame,,2025-07-09
https://malumartins.itch.io/steak-nevermore,,2025-07-09
https://bitacoraspatrias.itch.io/remedios3,,2025-07-09
https://patosangrento.itch.io/thets-a-bowling,,2025-07-09
https://roguelatro.itch.io/archiveland,,2025-07-09
https://jogadasuja.itch.io/samaras-nightmare,,2025-07-09
https://imasu0.itch.io/spnano,,2025-07-09
https://gabriel-gallardo.itch.io/against-corruption-nttdata,,2025-07-09
https://pwmuniz.itch.io/fox-adventure,,2025-07-09
https://ashtonlosurdo.itch.io/doctors-journey-demo-v-005,,2025-07-09
https://poule-trempee.itch.io/escape-the-cops,,2025-07-09
https://fish-vr-123.itch.io/big-scary-modded,,2025-07-09
https://iliketurtles3d.itch.io/wenda-rig-fbx,,2025-07-09
https://venova-games.itch.io/world-but-its-better-soon,,2025-07-09
https://elynn122112.itch.io/bun-tag,,2025-07-09
https://crowdagger.itch.io/punk-is-undead,,2025-07-09
https://kletscode.itch.io/kautokey,,2025-07-09
https://slightly-eroholic.itch.io/meguru-chan-gets-sexually-harassed-in-another-world,,2025-07-09
https://intothesinx.itch.io/factory-defect,,2025-07-09
https://oxymoron-nonsense.itch.io/wildflower-tiles,,2025-07-09
https://carltonheywood.itch.io/8-bit-fantasy-loop-pack-5-game-ready-chiptunes,,2025-07-09
https://professionnel1.itch.io/blocs-and-stocks,,2025-07-09
https://fandomgames.itch.io/orange-roulette-endless,,2025-07-09
https://frenchvampire.itch.io/ceux-qui-saignent-marchent-encore,,2025-07-09
https://l0t3m.itch.io/leapneat-87,,2025-07-09
https://nullanthradev.itch.io/anthropocene-grimes-in-artificial-brainrot-song-beatmap,,2025-07-09
https://devester7.itch.io/super-gym-bros,,2025-07-09
https://quillgt.itch.io/mega-fear,,2025-07-09
https://karenshi.itch.io/potion-adventure,,2025-07-09
https://rodrigogamer42gd.itch.io/down,,2025-07-09
https://lucasrozado.itch.io/ritual-of-paint,,2025-07-09
https://collateral-sin.itch.io/anothertrip,,2025-07-09
https://pixelds.itch.io/cowwer,,2025-07-09
https://niltonfirmo.itch.io/festa-junina,,2025-07-09
https://a86gj3f.itch.io/busty-bunny-ladys-cum-squeezing-copulation,,2025-07-09
https://casualblindness.itch.io/are-you-feeling-so-very-disco,,2025-07-09
https://astroceratops.itch.io/charter-a-game-about-going-from-here-to-there,,2025-07-09
https://pjvr3.itch.io/chimps-tag,,2025-07-09
https://crandaddy.itch.io/the-last-voyage-of-the-cyclops,,2025-07-09
https://exxkap.itch.io/press-the-button,,2025-07-09
https://soleil-levant.itch.io/regretevator-flappy-poptart,,2025-07-09
https://la-caps.itch.io/zombie-hunte-r-the-last-of-pixel,,2025-07-09
https://square-wind-vr.itch.io/square-taggers,,2025-07-09
https://dummy-2d3d.itch.io/flappy-bird-rebooth,,2025-07-09
https://thomasmarascia.itch.io/simple-build-system-for-unity,,2025-07-09
https://zenithflow.itch.io/multicolors-2,,2025-07-09
https://buzayboy.itch.io/project-bee-v1,,2025-07-09
https://nomty.itch.io/rats,,2025-07-09
https://therealpotajoe.itch.io/tree-png,,2025-07-09
https://juyka.itch.io/the-escape,,2025-07-09
https://enbeeprince.itch.io/how-haikyuu-volleyball-help-me-envision-the-world-i-want-to-live-in,,2025-07-09
https://dm-games25.itch.io/localchess,,2025-07-09
https://just-a-person-1.itch.io/orc-ville,,2025-07-09
https://timelesserotica.itch.io/seducing-the-lusty-snow-maid,,2025-07-09
https://inenought.itch.io/ball-route-template,,2025-07-09
https://thomasmarascia.itch.io/simple-ability-system,,2025-07-09
https://redloftwing.itch.io/aerial-defence,,2025-07-09
https://one-owl-games.itch.io/successor,,2025-07-09
https://kjdoga34.itch.io/lenferissue09,,2025-07-09
https://thomasmarascia.itch.io/simple-mining-system,,2025-07-09
https://makyuni.itch.io/battyball,,2025-07-09
https://su-tart123k.itch.io/five-nights-at-tubbylandplus,,2025-07-09
https://takeowrites.itch.io/one-shot,,2025-07-09
https://onesixgames.itch.io/simple-dynamic-skybox-clouds-urp,,2025-07-09
https://rickygdev.itch.io/dontforget,,2025-07-09
https://lucasrios.itch.io/asteroid-belt,,2025-07-09
https://damianartclub.itch.io/the-office-escapist-gameboy-game,,2025-07-09
https://krabbytheartist.itch.io/hex-analyzed-set,,2025-07-09
https://timelesserotica.itch.io/gaelic-goddess,,2025-07-09
https://misakoinsano50.itch.io/prueba-autos,,2025-07-09
https://zeko4142.itch.io/sorcerous-seeds-job-application,,2025-07-09
https://doughnutcleric.itch.io/teeth-of-the-wicked,,2025-07-09
https://timelesserotica.itch.io/taboo-inheritance,,2025-07-09
https://iamdoingstuff.itch.io/staring-contest-v-210,,2025-07-09
https://dewgames.itch.io/jump-shift-rally-go-early-access,,2025-07-09
https://rukansow.itch.io/pcb-destiny,,2025-07-09
https://brunnin04.itch.io/atletismo,,2025-07-09
https://projectbifron.itch.io/projectdiana,,2025-07-09
https://lditko.itch.io/protest-chants-zine,,2025-07-09
https://chirag050.itch.io/nuclear-meltdown,,2025-07-09
https://playflux.itch.io/flux,,2025-07-09
https://pz-xyz.itch.io/pz-xyz,,2025-07-09
https://thebarpon.itch.io/space-baboon,,2025-07-09
https://wild-dev123.itch.io/gth-fallen-editon,,2025-07-09
https://mrbryguy.itch.io/ghost-runners,,2025-07-09
https://sylena.itch.io/balloons,,2025-07-09
https://makotohiramatsu.itch.io/zoom-h5studio,,2025-07-09
https://gregteam.itch.io/a-night-at-willys-4,,2025-07-09
https://stickydoodler.itch.io/naptime-sweet-phone,,2025-07-09
https://caramelsugarevil.itch.io/badges-under-glass,,2025-07-09
https://otojang.itch.io/lavender-tea-time-vn-gui-pack,,2025-07-09
https://sevencrane.itch.io/neodrive,,2025-07-09
https://velha.itch.io/test-game,,2025-07-09
https://riverlevee.itch.io/sushipete-playlist,,2025-07-09
https://hotelkilo.itch.io/elfen-lied-a-monsterhearts-hack,,2025-07-09
https://andrewstories.itch.io/emily-wang-submissive-forbidden-encounter-in-the-american-south,,2025-07-09
https://demma98.itch.io/trade-off,,2025-07-09
https://feypop.itch.io/glimmer-first-light,,2025-07-09
https://sarethdg.itch.io/bed-breakfast,,2025-07-09
https://mummychicken3.itch.io/high-rises-and-fancy-sofas,,2025-07-09
https://activedaydreamer.itch.io/alone,,2025-07-09
https://sydie.itch.io/puppypark,,2025-07-09
https://spicienoodle.itch.io/backseat-dealer,,2025-07-09
https://marcos-l.itch.io/lake-boats-docked-at-the-pier-ambiences,,2025-07-09
https://okz072.itch.io/fam-gingitsune-bp-1-8-200img,,2025-07-09
https://ashtonlosurdo.itch.io/pointclicker2,,2025-07-09
https://joshua-matr.itch.io/fp-token,,2025-07-09
https://uzziponydubberx.itch.io/flutterass-in-a-swimsuit-hd,,2025-07-09
https://bardon.itch.io/saving-princess-luisa,,2025-07-09
https://panduck812.itch.io/thai-duck-paradise,,2025-07-09
https://rpdak.itch.io/goldy-blocks-inc,,2025-07-09
https://darkchibishadow.itch.io/cavemate-p1,,2025-07-09
https://lemnon.itch.io/american-intelligence,,2025-07-09
https://marcos-l.itch.io/vhs-player-actions,,2025-07-09
https://roissd.itch.io/scary-rats,,2025-07-09
https://pz-xyz.itch.io/flame-priest,,2025-07-09
https://nukadoko.itch.io/double-titjob-collection,,2025-07-09
https://yoshitube.itch.io/understanding-and-learning-recreated-in-bfnsu,,2025-07-09
https://marcos-l.itch.io/morse-code-communication,,2025-07-09
https://mameka.itch.io/fnasmm,,2025-07-09
https://betanights.itch.io/wizard-tennis,,2025-07-09
https://kazukikaneko.itch.io/scene64,,2025-07-09
https://tieslies.itch.io/kurokami,,2025-07-09
https://kumada1.itch.io/medusa-ume-snake-creature-plum-racing,,2025-07-09
https://gbrogames.itch.io/gbro-battle-core-plugin-mv,,2025-07-09
https://mantonio1284c1212.itch.io/tropical-snake-c64,,2025-07-09
https://gbrogames.itch.io/legend-of-legaia-battle-plugin-rpg-maker-mv,,2025-07-09
https://see-logocom.itch.io/accelerace,,2025-07-09
https://ryeth.itch.io/les-prgrinations-dun-handi-vers-lest,,2025-07-09
https://marcos-l.itch.io/optical-disc-player-actions,,2025-07-09
https://yeetthefloridaman.itch.io/rocksrocksrocks,,2025-07-09
https://whitezap.itch.io/hokkaido-fox-063,,2025-07-09
https://monosga.itch.io/f16,,2025-07-09
https://endless-ent.itch.io/slasherite,,2025-07-09
https://callum-begley.itch.io/flappy-kiwi,,2025-07-09
https://triqui.itch.io/helix-fall,,2025-07-09
https://ninecandles6.itch.io/pin-attack,,2025-07-09
https://wishtobedeleted.itch.io/drifter,,2025-07-09
https://mrhfreegamedojo.itch.io/acedishortgames2017-2024,,2025-07-09
https://intoxicat-studio.itch.io/vocabutory,,2025-07-09
https://fresh-breeze.itch.io/meow-fun-pinball,,2025-07-09
https://adultkid.itch.io/the-tiniest-tea-shop,,2025-07-09
https://soergamestudio.itch.io/virtual-girlfriend,,2025-07-09
https://player-54655.itch.io/generatore-di-linee-d-quaderno,,2025-07-09
https://thejolibeejedi.itch.io/small-stylized-well,,2025-07-09
https://aishadeen.itch.io/zombie-escape,,2025-07-09
https://staaystudio.itch.io/tiny-adventures-rachels-shrinkage-quest,,2025-07-09
https://masterofhats.itch.io/donutforgetit,,2025-07-09
https://buddybudd.itch.io/midnight-inquisition,,2025-07-09
https://elseifelse.itch.io/dont-break-the-glass,,2025-07-09
https://so-studio.itch.io/flappy-so,,2025-07-09
https://x-games-studio.itch.io/robots-vs-khrushchevka,,2025-07-09
https://monosga.itch.io/road-to-mars,,2025-07-09
https://planetary-penguin-games.itch.io/maintenance-of-ships-second-edition-core-rules,,2025-07-09
https://leparesseux.itch.io/sonic-the-hedgehog-pocket-platformer-ver,,2025-07-09
https://tvmzstudios.itch.io/pocket-arcade-phone-runner-gb-rerelease,,2025-07-09
https://nayliiac.itch.io/divine-liar,,2025-07-09
https://nariarts.itch.io/perzine-collection,,2025-07-09
https://moxie-pixel.itch.io/archer-adventure,,2025-07-09
https://rain-jur.itch.io/the-ornamentalists,,2025-07-09
https://lukethesoup.itch.io/incredibox-sprunki-lukethesoupified-demo,,2025-07-09
https://bhaichoco52.itch.io/order-sir,,2025-07-09
https://fioldoll.itch.io/the-thread-of-fate,,2025-07-09
https://thekingharem.itch.io/tsunade-senju-naruto-p1,,2025-07-09
https://marcos-l.itch.io/spaceship-control-system-elements,,2025-07-09
https://monosga.itch.io/dinoop,,2025-07-09
https://oxycodonee.itch.io/game-ready-mid-poly-barrel,,2025-07-09
https://drixxi69.itch.io/horror-taggers-v1,,2025-07-09
https://zsef.itch.io/scrapshot,,2025-07-09
https://eric11195.itch.io/crazy-paw-pals,,2025-07-09
https://harlie777.itch.io/scorpionandfrog,,2025-07-09
https://remi-summerglow.itch.io/giantess-lover-collection,,2025-07-09
https://ktoto-meme.itch.io/unusual-exits,,2025-07-09
https://highrose.itch.io/ape-ascend,,2025-07-09
https://dmytro-burlakov.itch.io/msu-solar-system,,2025-07-09
https://cesargomezbarez.itch.io/sanblas,,2025-07-09
https://itandfeel.itch.io/chinese-food-box,,2025-07-09
https://jaydenvrstudios.itch.io/neptune-taggers,,2025-07-09
https://segasheila.itch.io/spinfinite,,2025-07-09
https://mushoe.itch.io/plank-master,,2025-07-09
https://remi-summerglow.itch.io/psychopathology-of-the-tiny-man,,2025-07-09
https://ashley-wilsom.itch.io/beachfront,,2025-07-09
https://graymahn.itch.io/floodgemland,,2025-07-09
https://zezefr.itch.io/project-shadow,,2025-07-09
https://dark42phoenix.itch.io/musicclicker,,2025-07-09
https://onemc-rave.itch.io/rave,,2025-07-09
https://gamedeveloperstudio.itch.io/mech-city-environement-design-mega-pack,,2025-07-09
https://zsef.itch.io/onsight,,2025-07-09
https://junyynyyn.itch.io/styx,,2025-07-09
https://ryansoxmisty.itch.io/the-whistlers,,2025-07-09
https://hattylaird.itch.io/3d-game-making-assets-low-poly-free,,2025-07-09
https://reiko-samaa.itch.io/noel-in-charge,,2025-07-09
https://ivan-nogueirra.itch.io/hammers,,2025-07-09
https://goldfizh.itch.io/choirs,,2025-07-09
https://marcos-l.itch.io/ripping-fabric-apart,,2025-07-09
https://bitsmitten.itch.io/little-one,,2025-07-09
https://just-jeremy.itch.io/colour-knight,,2025-07-09
https://cemckrc.itch.io/fast-as-supermarket,,2025-07-09
https://spacegoblingames.itch.io/ragequest,,2025-07-09
https://spacegoblingames.itch.io/industrial-accident,,2025-07-09
https://spacegoblingames.itch.io/they-will-not-return,,2025-07-09
https://fatmuffin.itch.io/rhum-and-gun,,2025-07-09
https://cemckrc.itch.io/broken-dreams,,2025-07-09
https://eldritch-kitten.itch.io/hiragana-now,,2025-07-09
https://newburygames.itch.io/star-patrol,,2025-07-09
https://im-about-to-gorp.itch.io/the-morning,,2025-07-09
https://im-about-to-gorp.itch.io/a-tired-and-rude-slime,,2025-07-09
https://im-about-to-gorp.itch.io/the-leap-year-theme-taken-literally,,2025-07-09
https://just-jeremy.itch.io/sickcity,,2025-07-09
https://fatmuffin.itch.io/harold-fils-alchimie-sur-mesure,,2025-07-09
https://spacegoblingames.itch.io/the-mirror-sorceress,,2025-07-09
https://chunky-jew-ninety-five.itch.io/winston-and-some-blobs,,2025-07-09
https://traversefantasy.itch.io/ready-player-24,,2025-07-09
https://romline5.itch.io/monsters-island,,2025-07-09
https://acidatm.itch.io/acid,,2025-07-09
https://just-jeremy.itch.io/roll-up,,2025-07-09
https://movedfizzle.itch.io/friday-night-funkin-green-screen,,2025-07-09
https://itch.io/jam/maxters-jam-2024/rate/2579247,,2025-07-09
https://itch.io/jam/themed-horror-game-jam-18/rate/2853057,,2025-07-09
https://itch.io/jam/feedback-quest-7-indiegames-x-indie-streamers/rate/2853057,,2025-07-09
https://itch.io/jam/5-edicin-game-jam-game-scholars/rate/3068657,,2025-07-09
https://itch.io/jam/maxters-jam-2025/rate/3549525,,2025-07-09
https://itch.io/jam/ruki-probot/rate/3679671,,2025-07-09
https://itch.io/jam/ruki-probot/rate/3679675,,2025-07-09
https://itch.io/jam/ruki-probot/rate/3679887,,2025-07-09
https://itch.io/jam/ruki-probot/rate/3679881,,2025-07-09
https://itch.io/jam/ruki-probot/rate/3679880,,2025-07-09
https://itch.io/jam/ruki-probot/rate/3679919,,2025-07-09
https://itch.io/jam/ruki-probot/rate/3679872,,2025-07-09
https://itch.io/jam/ruki-probot/rate/3697502,,2025-07-09
https://itch.io/jam/ruki-probot/rate/3679860,,2025-07-09
https://itch.io/jam/ruki-probot/rate/3679663,,2025-07-09
https://itch.io/jam/ruki-probot/rate/3679635,,2025-07-09
https://itch.io/jam/ruki-probot/rate/3096923,,2025-07-09
https://itch.io/jam/ruki-probot/rate/3697537,,2025-07-09
https://itch.io/jam/untitled-game-jam-112/rate/3697696,,2025-07-09
https://itch.io/jam/ruki-probot/rate/3096910,,2025-07-09
https://itch.io/jam/the-ucg-discord-great-pig-expo-of-summer-2025/rate/3697795,,2025-07-09
https://itch.io/jam/pizza-horror-jam-2025/rate/3698492,,2025-07-09
https://itch.io/jam/pizza-horror-jam-2025/rate/3699171,,2025-07-09
https://itch.io/jam/bein-jam-3/rate/3699819,,2025-07-09
https://itch.io/jam/themed-horror-game-jam-21/rate/3695331,,2025-07-09
https://itch.io/jam/nsjs-2025-short-2/rate/3699737,,2025-07-09
https://itch.io/jam/live-2-dev-game-jam/rate/3699838,,2025-07-09
https://itch.io/jam/fabujam-2025/rate/3699812,,2025-07-09
https://itch.io/jam/mini-jam-188-mystery/rate/3699626,,2025-07-09
https://itch.io/jam/mehu-jam-13/rate/3699037,,2025-07-09
https://itch.io/jam/mini-jam-188-mystery/rate/3699840,,2025-07-09
https://itch.io/jam/mini-jam-188-mystery/rate/3699861,,2025-07-09
https://itch.io/jam/pink-decker-jam/rate/3699811,,2025-07-09
https://itch.io/jam/decadejam/rate/3696145,,2025-07-09
https://itch.io/jam/nsjs-2025-short-2/rate/3699934,,2025-07-09
https://itch.io/jam/live-2-dev-game-jam/rate/3699937,,2025-07-09
https://itch.io/jam/the-bad-game-jam-part-deux/rate/3696145,,2025-07-09
https://itch.io/jam/untitled-game-jam-112/rate/3699944,,2025-07-09
https://itch.io/jam/the-bad-game-jam-part-deux/rate/3679420,,2025-07-09
https://itch.io/jam/decadejam/rate/3699907,,2025-07-09
https://itch.io/jam/2025-jam/rate/3699907,,2025-07-09
https://itch.io/jam/summer-cool-off-bundle-/rate/2238157,,2025-07-09
https://itch.io/jam/mini-jam-188-mystery/rate/3699999,,2025-07-09
https://itch.io/jam/summerjam-granada-2025/rate/3700036,,2025-07-09
https://itch.io/jam/mini-jam-188-mystery/rate/3694776,,2025-07-09
https://itch.io/jam/bird-game-jam-tour-2025-sao-carlos/rate/3698742,,2025-07-09
https://itch.io/jam/nsjs-2025-short-2/rate/3700069,,2025-07-09
https://itch.io/jam/dissociative-community-zine-jam/rate/3700081,,2025-07-09
https://itch.io/jam/live-2-dev-game-jam/rate/3700080,,2025-07-09
https://itch.io/jam/dissociative-community-zine-jam/rate/3700098,,2025-07-09
https://itch.io/jam/mini-jam-188-mystery/rate/3700067,,2025-07-09
https://itch.io/jam/summerjam-granada-2025/rate/3700101,,2025-07-09
https://itch.io/jam/live-2-dev-game-jam/rate/3700047,,2025-07-09
https://itch.io/jam/live-2-dev-game-jam/rate/3700126,,2025-07-09
https://itch.io/jam/live-2-dev-game-jam/rate/3700131,,2025-07-09
https://itch.io/jam/nsjs-2025-short-2/rate/3700137,,2025-07-09
https://itch.io/jam/mini-jam-188-mystery/rate/3700058,,2025-07-09
https://itch.io/jam/live-2-dev-game-jam/rate/3700019,,2025-07-09
https://itch.io/jam/pp-jam-26/rate/3698742,,2025-07-09
https://itch.io/jam/mehu-jam-13/rate/3700089,,2025-07-09
https://itch.io/jam/the-sumer-twenty-twenty-five-electric-zine-jam/rate/3700127,,2025-07-09
https://itch.io/jam/live-2-dev-game-jam/rate/3698886,,2025-07-09
https://itch.io/jam/mehu-jam-13/rate/3697540,,2025-07-09
https://itch.io/jam/live-2-dev-game-jam/rate/3699936,,2025-07-09
https://itch.io/jam/mehu-jam-13/rate/3698018,,2025-07-09
https://itch.io/jam/live-2-dev-game-jam/rate/3700196,,2025-07-09
https://itch.io/jam/mehu-jam-13/rate/3698552,,2025-07-09
https://itch.io/jam/summerjam-granada-2025/rate/3700207,,2025-07-09
https://itch.io/jam/summerjam-granada-2025/rate/3700159,,2025-07-09
https://itch.io/jam/summerjam-granada-2025/rate/3700051,,2025-07-09
https://itch.io/jam/live-2-dev-game-jam/rate/3697096,,2025-07-09
https://itch.io/jam/live-2-dev-game-jam/rate/3700241,,2025-07-09
https://itch.io/jam/summerjam-granada-2025/rate/3700216,,2025-07-09
https://itch.io/jam/summerjam-granada-2025/rate/3700293,,2025-07-09
https://itch.io/jam/summerjam-granada-2025/rate/3697866,,2025-07-09
https://itch.io/jam/live-2-dev-game-jam/rate/3700308,,2025-07-09
https://itch.io/jam/dissociative-community-zine-jam/rate/3700162,,2025-07-09
https://itch.io/jam/summerjam-granada-2025/rate/3700265,,2025-07-09
https://itch.io/jam/live-2-dev-game-jam/rate/3700318,,2025-07-09
https://itch.io/jam/mini-jam-188-mystery/rate/3700246,,2025-07-09
https://itch.io/jam/nsjs-2025-short-2/rate/3698217,,2025-07-09
https://itch.io/jam/summerjam-granada-2025/rate/3700274,,2025-07-09
https://itch.io/jam/summerjam-granada-2025/rate/3700258,,2025-07-09
https://itch.io/jam/portfolio-builders-jam-week-27/rate/3664136,,2025-07-09
https://itch.io/jam/live-2-dev-game-jam/rate/3700290,,2025-07-09
https://itch.io/jam/live-2-dev-game-jam/rate/3700346,,2025-07-09
https://itch.io/jam/bbq-jam-2025/rate/3699891,,2025-07-09
https://itch.io/jam/live-2-dev-game-jam/rate/3700373,,2025-07-09
https://itch.io/jam/pocket-platformer-jam-4/rate/3700359,,2025-07-09
https://itch.io/jam/bbq-jam-2025/rate/3700294,,2025-07-09
https://itch.io/jam/live-2-dev-game-jam/rate/3700382,,2025-07-09
https://itch.io/jam/live-2-dev-game-jam/rate/3699340,,2025-07-09
https://itch.io/jam/summerjam-granada-2025/rate/3700357,,2025-07-09
https://itch.io/jam/5-year-long-jam/rate/3696145,,2025-07-09
https://itch.io/jam/bbq-jam-2025/rate/3700375,,2025-07-09
https://itch.io/jam/live-2-dev-game-jam/rate/3700369,,2025-07-09
https://itch.io/jam/2025-game-jam/rate/3696145,,2025-07-09
https://itch.io/jam/nsjs-2025-short-2/rate/3700010,,2025-07-09
https://itch.io/jam/live-2-dev-game-jam/rate/3698089,,2025-07-09
https://itch.io/jam/2025-jam/rate/3696145,,2025-07-09
https://itch.io/jam/live-2-dev-game-jam/rate/3700431,,2025-07-09
https://itch.io/jam/live-2-dev-game-jam/rate/3698260,,2025-07-09
https://itch.io/jam/cfac-x-micro-1/rate/3698636,,2025-07-09
https://itch.io/jam/bird-game-jam-tour-2025-sao-carlos/rate/3700301,,2025-07-09
https://itch.io/jam/live-2-dev-game-jam/rate/3700282,,2025-07-09
https://itch.io/jam/live-2-dev-game-jam/rate/3700418,,2025-07-09
https://itch.io/jam/eb-sparky-jam/rate/3700458,,2025-07-09
https://itch.io/jam/live-2-dev-game-jam/rate/3700473,,2025-07-09
https://itch.io/jam/live-2-dev-game-jam/rate/3700487,,2025-07-09
https://itch.io/jam/live-2-dev-game-jam/rate/3700494,,2025-07-09
https://itch.io/jam/live-2-dev-game-jam/rate/3699073,,2025-07-09
https://itch.io/jam/live-2-dev-game-jam/rate/3700225,,2025-07-09
https://itch.io/jam/live-2-dev-game-jam/rate/3700503,,2025-07-09
https://itch.io/jam/live-2-dev-game-jam/rate/3699608,,2025-07-09
https://itch.io/jam/live-2-dev-game-jam/rate/3700513,,2025-07-09
https://itch.io/jam/live-2-dev-game-jam/rate/3700510,,2025-07-09
https://itch.io/jam/live-2-dev-game-jam/rate/3700521,,2025-07-09
https://itch.io/jam/live-2-dev-game-jam/rate/3695639,,2025-07-09
https://itch.io/jam/live-2-dev-game-jam/rate/3699387,,2025-07-09
https://itch.io/jam/live-2-dev-game-jam/rate/3695644,,2025-07-09
https://itch.io/jam/live-2-dev-game-jam/rate/3699570,,2025-07-09
https://itch.io/jam/update-an-existing-game-jam/rate/3145049,,2025-07-09
https://itch.io/jam/toxic-yuri-vn-jam/rate/3697005,,2025-07-09
https://itch.io/jam/mehu-jam-13/rate/3700429,,2025-07-09
https://itch.io/jam/bird-game-jam-tour-2025-sao-carlos/rate/3700577,,2025-07-09
https://itch.io/jam/mini-jam-188-mystery/rate/3700497,,2025-07-09
https://itch.io/jam/pocket-platformer-jam-4/rate/3700446,,2025-07-09
https://itch.io/jam/bird-game-jam-tour-2025-sao-carlos/rate/3700562,,2025-07-09
https://itch.io/jam/trijam-329/rate/3700579,,2025-07-09
https://itch.io/jam/pizza-horror-jam-2025/rate/3700632,,2025-07-09
https://itch.io/jam/bird-game-jam-tour-2025-sao-carlos/rate/3700643,,2025-07-09
https://itch.io/jam/modern-fables-jam/rate/3700558,,2025-07-09
https://itch.io/jam/pocket-platformer-jam-4/rate/3700646,,2025-07-09
https://itch.io/jam/untitled-game-jam-112/rate/3700590,,2025-07-09
https://itch.io/jam/mini-jam-188-mystery/rate/3700587,,2025-07-09
https://itch.io/jam/untitled-game-jam-112/rate/3688278,,2025-07-09
https://itch.io/jam/pizza-horror-jam-2025/rate/3700627,,2025-07-09
https://itch.io/jam/sci-fi-one-shot-jam-2025/rate/3700691,,2025-07-09
https://itch.io/jam/bird-game-jam-tour-2025-sao-carlos/rate/3700726,,2025-07-09
https://itch.io/jam/mini-jam-188-mystery/rate/3695372,,2025-07-09
https://itch.io/jam/bird-game-jam-tour-2025-sao-carlos/rate/3700758,,2025-07-09
https://itch.io/jam/mini-jam-188-mystery/rate/3700707,,2025-07-09
https://itch.io/jam/the-bad-game-jam-part-deux/rate/3700765,,2025-07-09
https://itch.io/jam/pocketjam/rate/3700767,,2025-07-09
https://itch.io/jam/bird-game-jam-tour-2025-sao-carlos/rate/3700696,,2025-07-09
https://itch.io/jam/bird-game-jam-tour-2025-sao-carlos/rate/3700701,,2025-07-09
https://itch.io/jam/the-bad-game-jam-part-deux/rate/3700654,,2025-07-09
https://itch.io/jam/trijam-329/rate/3700770,,2025-07-09
https://itch.io/jam/portfolio-builders-jam-week-27/rate/3700795,,2025-07-09
https://itch.io/jam/bird-game-jam-tour-2025-sao-carlos/rate/3700759,,2025-07-09
https://itch.io/jam/one-page-dungeon-contest/rate/3700773,,2025-07-09
https://itch.io/jam/sgh-kesajami-2025/rate/3699660,,2025-07-09
https://itch.io/jam/mini-jam-188-mystery/rate/3700813,,2025-07-09
https://itch.io/jam/free-zine-week-2025/rate/3379579,,2025-07-09
https://itch.io/jam/free-zine-week-2025/rate/2723688,,2025-07-09
https://itch.io/jam/untitled-game-jam-112/rate/3678243,,2025-07-09
https://itch.io/jam/pizza-horror-jam-2025/rate/3699716,,2025-07-09
https://itch.io/jam/1100-words-ttrpg-kitchen-2025/rate/3691290,,2025-07-09
https://itch.io/jam/pizza-horror-jam-2025/rate/3700896,,2025-07-09
https://itch.io/jam/pizza-horror-jam-2025/rate/3700897,,2025-07-09
https://itch.io/jam/pp-jam-26/rate/3700883,,2025-07-09
https://itch.io/jam/mini-jam-188-mystery/rate/3700671,,2025-07-09
https://itch.io/jam/indie-city-allstars-2025/rate/3698550,,2025-07-09
https://itch.io/jam/mini-jam-188-mystery/rate/3700867,,2025-07-09
https://itch.io/jam/mini-jam-188-mystery/rate/3700676,,2025-07-09
https://itch.io/jam/mini-byte-jam/rate/3700894,,2025-07-09
https://itch.io/jam/trijam-329/rate/3700232,,2025-07-09
https://itch.io/jam/bird-game-jam-tour-2025-sao-carlos/rate/3700943,,2025-07-09
https://itch.io/jam/cfac-x-micro-1/rate/3700941,,2025-07-09
https://itch.io/jam/untitled-game-jam-112/rate/3700964,,2025-07-09
https://itch.io/jam/cfac-x-micro-1/rate/3700917,,2025-07-09
https://itch.io/jam/pizza-horror-jam-2025/rate/3699727,,2025-07-09
https://itch.io/jam/the-bad-game-jam-part-deux/rate/3700959,,2025-07-09
https://itch.io/jam/the-bad-game-jam-part-deux/rate/3697174,,2025-07-09
https://itch.io/jam/healthy-game-jam-2025/rate/3527557,,2025-07-09
https://itch.io/jam/the-bad-game-jam-part-deux/rate/3700978,,2025-07-09
https://itch.io/jam/mini-jam-188-mystery/rate/3700669,,2025-07-09
https://itch.io/jam/cfac-x-micro-1/rate/3700823,,2025-07-09
https://itch.io/jam/gbcompo25/rate/3604597,,2025-07-09
https://itch.io/jam/mini-jam-188-mystery/rate/3700721,,2025-07-09
https://itch.io/jam/pizza-horror-jam-2025/rate/3700757,,2025-07-09
https://itch.io/jam/mini-jam-188-mystery/rate/3692074,,2025-07-09
https://itch.io/jam/mini-jam-188-mystery/rate/3700998,,2025-07-09
https://itch.io/jam/mini-jam-188-mystery/rate/3696296,,2025-07-09
https://itch.io/jam/healthy-game-jam-2025/rate/3700997,,2025-07-09
https://itch.io/jam/untitled-game-jam-112/rate/3701035,,2025-07-09
https://itch.io/jam/pizza-horror-jam-2025/rate/3700859,,2025-07-09
https://itch.io/jam/mini-jam-188-mystery/rate/3701080,,2025-07-09
https://itch.io/jam/mini-jam-188-mystery/rate/3695487,,2025-07-09
https://itch.io/jam/cfac-x-micro-1/rate/3701050,,2025-07-09
https://itch.io/jam/pizza-horror-jam-2025/rate/3701023,,2025-07-09
https://itch.io/jam/pocketjam/rate/3700945,,2025-07-09
https://itch.io/jam/mini-jam-188-mystery/rate/3700945,,2025-07-09
https://itch.io/jam/untitled-game-jam-112/rate/3701103,,2025-07-09
https://itch.io/jam/cfac-x-micro-1/rate/3701047,,2025-07-09
https://itch.io/jam/pizza-horror-jam-2025/rate/3700734,,2025-07-09
https://itch.io/jam/pizza-horror-jam-2025/rate/3701114,,2025-07-09
https://itch.io/jam/mini-jam-188-mystery/rate/3701051,,2025-07-09
https://itch.io/jam/cfac-x-micro-1/rate/3699438,,2025-07-09
https://itch.io/jam/novella-spring-garden-2025/rate/3701102,,2025-07-09
https://itch.io/jam/bein-jam-3/rate/3701123,,2025-07-09
https://itch.io/jam/pizza-horror-jam-2025/rate/3687638,,2025-07-09
https://itch.io/jam/mini-jam-188-mystery/rate/3695669,,2025-07-09
https://itch.io/jam/mini-jam-188-mystery/rate/3701108,,2025-07-09
https://itch.io/jam/sci-fi-one-shot-jam-2025/rate/3700599,,2025-07-09
https://itch.io/jam/sci-fi-one-shot-jam-2025/rate/3701137,,2025-07-09
https://itch.io/jam/fabujam-2025/rate/3701084,,2025-07-09
https://itch.io/jam/untitled-game-jam-112/rate/3701164,,2025-07-09
https://itch.io/jam/1100-words-ttrpg-kitchen-2025/rate/3701134,,2025-07-09
https://itch.io/jam/mini-jam-188-mystery/rate/3698154,,2025-07-09
https://itch.io/jam/mini-jam-188-mystery/rate/3700829,,2025-07-09
https://itch.io/jam/the-bad-game-jam-part-deux/rate/3699125,,2025-07-09
https://itch.io/jam/mini-jam-188-mystery/rate/3699484,,2025-07-09
https://itch.io/jam/mini-jam-188-mystery/rate/3698577,,2025-07-09
https://itch.io/jam/toxic-yuri-vn-jam/rate/3699826,,2025-07-09
https://itch.io/jam/trijam-329/rate/3701086,,2025-07-09
https://itch.io/jam/mini-jam-188-mystery/rate/3700910,,2025-07-09
https://itch.io/jam/practice-jam-2025-5-ranked-version/rate/3697558,,2025-07-09
https://itch.io/jam/the-skeletons-jam/rate/3694805,,2025-07-09
https://itch.io/jam/trijam-329/rate/3701212,,2025-07-09
https://itch.io/jam/the-bad-game-jam-part-deux/rate/3701279,,2025-07-09
https://itch.io/jam/1100-words-ttrpg-kitchen-2025/rate/3701195,,2025-07-09
https://itch.io/jam/2025-game-jam/rate/3643970,,2025-07-09
https://itch.io/jam/trijam-329/rate/3699628,,2025-07-09
https://itch.io/jam/mini-jam-188-mystery/rate/3701286,,2025-07-09
https://itch.io/jam/cfac-x-micro-1/rate/3701298,,2025-07-09
https://itch.io/jam/decadejam/rate/3643970,,2025-07-09
https://itch.io/jam/indie-city-allstars-2025/rate/3700878,,2025-07-09
https://itch.io/jam/summer-game-forge-2/rate/3701317,,2025-07-09
https://itch.io/jam/mini-jam-188-mystery/rate/3701346,,2025-07-09
https://itch.io/jam/mini-jam-188-mystery/rate/3701347,,2025-07-09
https://itch.io/jam/mini-jam-188-mystery/rate/3701089,,2025-07-09
https://itch.io/jam/mini-jam-188-mystery/rate/3699770,,2025-07-09
https://itch.io/jam/mini-jam-188-mystery/rate/3701246,,2025-07-09
https://itch.io/jam/mini-jam-188-mystery/rate/3699115,,2025-07-09
https://itch.io/jam/mini-jam-188-mystery/rate/3701331,,2025-07-09
https://itch.io/jam/untitled-game-jam-112/rate/3701443,,2025-07-09
https://itch.io/jam/trijam-329/rate/3701436,,2025-07-09
https://itch.io/jam/mini-jam-188-mystery/rate/3701375,,2025-07-09
https://itch.io/jam/the-bad-game-jam-part-deux/rate/3701446,,2025-07-09
https://itch.io/jam/untitled-game-jam-112/rate/3701461,,2025-07-09
https://itch.io/jam/portfolio-builders-jam-week-27/rate/3686574,,2025-07-09
https://itch.io/jam/untitled-game-jam-112/rate/3701424,,2025-07-09
https://itch.io/jam/decker-fantasy-camp-2025/rate/3697098,,2025-07-09
https://itch.io/jam/portfolio-builders-jam-week-27/rate/3697098,,2025-07-09
https://itch.io/jam/mini-jam-188-mystery/rate/3701290,,2025-07-09
https://itch.io/jam/mini-jam-188-mystery/rate/3701456,,2025-07-09
https://itch.io/jam/untitled-game-jam-112/rate/3701488,,2025-07-09
https://itch.io/jam/untitled-game-jam-112/rate/3700660,,2025-07-09
https://itch.io/jam/untitled-game-jam-112/rate/3701496,,2025-07-09
https://itch.io/jam/untitled-game-jam-112/rate/3701500,,2025-07-09
https://itch.io/jam/untitled-game-jam-112/rate/3697100,,2025-07-09
https://itch.io/jam/mini-jam-188-mystery/rate/3701448,,2025-07-09
https://itch.io/jam/mini-jam-188-mystery/rate/3697785,,2025-07-09
https://itch.io/jam/mini-jam-188-mystery/rate/3701401,,2025-07-09
https://itch.io/jam/indie-city-allstars-2025/rate/3698704,,2025-07-09
https://itch.io/jam/space-turtle-jam/rate/3687056,,2025-07-09
https://itch.io/jam/mini-jam-188-mystery/rate/3697525,,2025-07-09
https://itch.io/jam/mini-jam-188-mystery/rate/3701041,,2025-07-09
https://itch.io/jam/mini-jam-188-mystery/rate/3701045,,2025-07-09
https://itch.io/jam/mini-jam-188-mystery/rate/3701493,,2025-07-09
https://itch.io/jam/mini-jam-188-mystery/rate/3701564,,2025-07-09
https://itch.io/jam/megamitts-mega-jam-4/rate/3701547,,2025-07-09
https://itch.io/jam/-gmhrs-sumhers-jam/rate/3701547,,2025-07-09
https://itch.io/jam/portfolio-builders-jam-week-27/rate/3701547,,2025-07-09
https://itch.io/jam/one-game-a-month-49/rate/3701547,,2025-07-09
https://itch.io/jam/uplifting-game-jam-for-artists-cash-prizes/rate/3701547,,2025-07-09
https://itch.io/jam/space-turtle-jam/rate/3701547,,2025-07-09
https://itch.io/jam/mini-byte-jam/rate/3701547,,2025-07-09
https://itch.io/jam/interactive-fiction-showcase-2025/rate/3701547,,2025-07-09
https://itch.io/jam/mini-jam-188-mystery/rate/3701599,,2025-07-09
https://itch.io/jam/mini-byte-jam/rate/3701637,,2025-07-09
https://itch.io/jam/untitled-game-jam-112/rate/3701326,,2025-07-09
https://itch.io/jam/rpg-maker-10-day-rtp-challenge-3/rate/3701633,,2025-07-09
https://itch.io/jam/cfac-x-micro-1/rate/3701673,,2025-07-09
https://itch.io/jam/cfac-x-micro-1/rate/3698380,,2025-07-09
https://itch.io/jam/indie-city-allstars-2025/rate/3701688,,2025-07-09
https://itch.io/jam/mini-jam-188-mystery/rate/3701636,,2025-07-09
https://itch.io/jam/summer-game-forge-2/rate/3701711,,2025-07-09
https://itch.io/jam/trijam-329/rate/3701707,,2025-07-09
https://itch.io/jam/mini-jam-188-mystery/rate/3701548,,2025-07-09
https://itch.io/jam/indie-city-allstars-2025/rate/3701696,,2025-07-09
https://itch.io/jam/cfac-x-micro-1/rate/3700592,,2025-07-09
https://itch.io/jam/modern-fables-jam/rate/3701756,,2025-07-09
https://itch.io/jam/mini-jam-188-mystery/rate/3701736,,2025-07-09
https://itch.io/jam/mini-jam-188-mystery/rate/3695623,,2025-07-09
https://itch.io/jam/mini-jam-188-mystery/rate/3701505,,2025-07-09
https://itch.io/jam/indie-city-allstars-2025/rate/3701778,,2025-07-09
https://itch.io/jam/mini-jam-188-mystery/rate/3694275,,2025-07-09
https://itch.io/jam/cfac-x-micro-1/rate/3701770,,2025-07-09
https://itch.io/jam/horrorhatch-21-day-challenge-55/rate/3700896,,2025-07-09
https://itch.io/jam/cfac-x-micro-1/rate/3701703,,2025-07-09
https://itch.io/jam/mini-jam-188-mystery/rate/3701732,,2025-07-09
https://itch.io/jam/mini-jam-188-mystery/rate/3701819,,2025-07-09
https://itch.io/jam/sci-fi-one-shot-jam-2025/rate/3701830,,2025-07-09
https://itch.io/jam/mini-jam-188-mystery/rate/3701814,,2025-07-09
https://itch.io/jam/mini-jam-188-mystery/rate/3701714,,2025-07-09
https://itch.io/jam/cfac-x-micro-1/rate/3701838,,2025-07-09
https://itch.io/jam/sci-fi-one-shot-jam-2025/rate/3701837,,2025-07-09
https://itch.io/jam/sci-fi-one-shot-jam-2025/rate/3701831,,2025-07-09
https://itch.io/jam/mini-jam-188-mystery/rate/3701833,,2025-07-09
https://itch.io/jam/mini-jam-188-mystery/rate/3700980,,2025-07-09
https://itch.io/jam/indie-city-allstars-2025/rate/3700936,,2025-07-09
https://itch.io/jam/mini-jam-188-mystery/rate/3701858,,2025-07-09
https://itch.io/jam/the-bad-game-jam-part-deux/rate/3701867,,2025-07-09
https://itch.io/jam/mini-jam-188-mystery/rate/3701550,,2025-07-09
https://itch.io/jam/mini-jam-188-mystery/rate/3697017,,2025-07-09
https://itch.io/jam/mini-jam-188-mystery/rate/3699429,,2025-07-09
https://itch.io/jam/the-bad-game-jam-part-deux/rate/3701885,,2025-07-09
https://itch.io/jam/trijam-329/rate/3701713,,2025-07-09
https://itch.io/jam/mini-jam-188-mystery/rate/3701722,,2025-07-09
https://itch.io/jam/sci-fi-one-shot-jam-2025/rate/3701854,,2025-07-09
https://itch.io/jam/mini-jam-188-mystery/rate/3701909,,2025-07-09
https://itch.io/jam/mini-jam-188-mystery/rate/3701870,,2025-07-09
https://itch.io/jam/the-bad-game-jam-part-deux/rate/3701884,,2025-07-09
https://itch.io/jam/trijam-329/rate/3701871,,2025-07-09
https://itch.io/jam/indie-city-allstars-2025/rate/3692581,,2025-07-09
https://itch.io/jam/indie-city-allstars-2025/rate/3701927,,2025-07-09
https://itch.io/jam/mini-jam-188-mystery/rate/3701911,,2025-07-09
https://itch.io/jam/mini-jam-188-mystery/rate/3700596,,2025-07-09
https://itch.io/jam/mini-jam-188-mystery/rate/3701924,,2025-07-09
https://itch.io/jam/mini-jam-188-mystery/rate/3701928,,2025-07-09
https://itch.io/jam/mini-jam-188-mystery/rate/3701902,,2025-07-09
https://itch.io/jam/mini-jam-188-mystery/rate/3701903,,2025-07-09
https://itch.io/jam/mini-jam-188-mystery/rate/3701930,,2025-07-09
https://itch.io/jam/one-little-agony-first/rate/3701839,,2025-07-09
https://itch.io/jam/indie-city-allstars-2025/rate/3701944,,2025-07-09
https://itch.io/jam/indie-city-allstars-2025/rate/3691878,,2025-07-09
https://itch.io/jam/cfac-x-micro-1/rate/3701510,,2025-07-09
https://itch.io/jam/trijam-329/rate/3701947,,2025-07-09
https://itch.io/jam/indie-city-allstars-2025/rate/3701882,,2025-07-09
https://itch.io/jam/sci-fi-one-shot-jam-2025/rate/3699272,,2025-07-09
https://itch.io/jam/cfac-x-micro-1/rate/3701005,,2025-07-09
https://itch.io/jam/trijam-329/rate/3701915,,2025-07-09
https://itch.io/jam/indie-city-allstars-2025/rate/3701955,,2025-07-09
https://itch.io/jam/the-bad-game-jam-part-deux/rate/3701843,,2025-07-09
https://itch.io/jam/the-bad-game-jam-part-deux/rate/3701997,,2025-07-09
https://itch.io/jam/indie-city-allstars-2025/rate/3685683,,2025-07-09
https://itch.io/jam/the-bad-game-jam-part-deux/rate/3701999,,2025-07-09
https://itch.io/jam/indie-city-allstars-2025/rate/3683476,,2025-07-09
https://itch.io/jam/indie-city-allstars-2025/rate/3702011,,2025-07-09
https://itch.io/jam/indie-city-allstars-2025/rate/3701415,,2025-07-09
https://itch.io/jam/indie-city-allstars-2025/rate/3702018,,2025-07-09
https://itch.io/jam/sci-fi-one-shot-jam-2025/rate/3702013,,2025-07-09
https://itch.io/jam/indie-city-allstars-2025/rate/3702008,,2025-07-09
https://itch.io/jam/sci-fi-one-shot-jam-2025/rate/3702032,,2025-07-09
https://itch.io/jam/the-bad-game-jam-part-deux/rate/3702025,,2025-07-09
https://itch.io/jam/the-bad-game-jam-part-deux/rate/3694331,,2025-07-09
https://itch.io/jam/the-bad-game-jam-part-deux/rate/3702056,,2025-07-09
https://itch.io/jam/the-bad-game-jam-part-deux/rate/3702057,,2025-07-09
https://itch.io/jam/the-bad-game-jam-part-deux/rate/3689535,,2025-07-09
https://itch.io/jam/cfac-x-micro-1/rate/3702010,,2025-07-09
https://itch.io/jam/the-bad-game-jam-part-deux/rate/3702091,,2025-07-09
https://itch.io/jam/portfolio-builders-jam-week-27/rate/3702088,,2025-07-09
https://itch.io/jam/the-bad-game-jam-part-deux/rate/3702081,,2025-07-09
https://itch.io/jam/trijam-329/rate/3701184,,2025-07-09
https://itch.io/jam/summer-game-forge-2/rate/3648526,,2025-07-09
https://itch.io/jam/the-bad-game-jam-part-deux/rate/3702117,,2025-07-09
https://itch.io/jam/the-bad-game-jam-part-deux/rate/3702116,,2025-07-09
https://itch.io/jam/summer-game-forge-2/rate/3443296,,2025-07-09
https://itch.io/jam/summer-game-forge-2/rate/3462407,,2025-07-09
https://itch.io/jam/summer-25/rate/3648526,,2025-07-09
https://itch.io/jam/summer-25/rate/3443296,,2025-07-09
https://itch.io/jam/summer-25/rate/3462407,,2025-07-09
https://itch.io/jam/liminal3/rate/1200901,,2025-07-09
https://itch.io/jam/liminal3/rate/2533218,,2025-07-09
https://itch.io/jam/liminal3/rate/1167618,,2025-07-09
https://itch.io/jam/trijam-329/rate/3702132,,2025-07-09
https://itch.io/jam/portfolio-builders-jam-week-27/rate/3702186,,2025-07-09
https://itch.io/jam/sci-fi-one-shot-jam-2025/rate/3702193,,2025-07-09
https://itch.io/jam/sci-fi-one-shot-jam-2025/rate/3702200,,2025-07-09
https://itch.io/jam/cfac-x-micro-1/rate/3702232,,2025-07-09
https://itch.io/jam/cfac-x-micro-1/rate/3702256,,2025-07-09
https://itch.io/jam/cfac-x-micro-1/rate/3702262,,2025-07-09
https://itch.io/jam/trijam-329/rate/3698182,,2025-07-09
https://itch.io/jam/trijam-329/rate/3702206,,2025-07-09
https://itch.io/jam/summer-cool-off-bundle-/rate/3591080,,2025-07-09
https://itch.io/jam/cfac-x-micro-1/rate/3702194,,2025-07-09
https://itch.io/jam/cfac-x-micro-1/rate/3702250,,2025-07-09
https://itch.io/jam/mehu-jam-13/rate/3700239,,2025-07-09
https://itch.io/jam/trijam-329/rate/3702350,,2025-07-09
https://itch.io/jam/trijam-329/rate/3702359,,2025-07-09
https://itch.io/jam/trijam-329/rate/3702360,,2025-07-09
https://itch.io/jam/trijam-329/rate/3702345,,2025-07-09
https://itch.io/jam/trijam-329/rate/3702361,,2025-07-09
https://itch.io/jam/cfac-x-micro-1/rate/3702229,,2025-07-09
https://itch.io/jam/portfolio-builders-jam-week-27/rate/3702366,,2025-07-09
https://itch.io/jam/cfac-x-micro-1/rate/3702321,,2025-07-09
https://itch.io/jam/portfolio-builders-jam-week-27/rate/3700183,,2025-07-09
https://itch.io/jam/cfac-x-micro-1/rate/3670286,,2025-07-09
https://itch.io/jam/portfolio-builders-jam-week-27/rate/3702393,,2025-07-09
https://itch.io/jam/cfac-x-micro-1/rate/3702447,,2025-07-09
https://itch.io/jam/1100-words-ttrpg-kitchen-2025/rate/3701095,,2025-07-09
https://itch.io/jam/appx-n-jam/rate/3702508,,2025-07-09
https://itch.io/jam/cfac-x-micro-1/rate/3700907,,2025-07-09
https://itch.io/jam/mini-jam-188-mystery/rate/3700933,,2025-07-09
https://itch.io/jam/mini-jam-188-mystery/rate/3701912,,2025-07-09
https://itch.io/jam/summer-cool-off-bundle-/rate/2445159,,2025-07-09
https://itch.io/jam/mini-jam-188-mystery/rate/3698987,,2025-07-09
https://itch.io/jam/free-zine-week-2025/rate/2031775,,2025-07-09
https://itch.io/jam/1100-words-ttrpg-kitchen-2025/rate/3702584,,2025-07-09
https://itch.io/jam/mini-jam-188-mystery/rate/3698872,,2025-07-09
https://itch.io/jam/cfac-x-micro-1/rate/3702597,,2025-07-09
https://itch.io/jam/cfac-x-micro-1/rate/3696855,,2025-07-09
https://itch.io/jam/cfac-x-micro-1/rate/3667001,,2025-07-09
https://itch.io/jam/cfac-x-micro-1/rate/3693662,,2025-07-09
https://itch.io/jam/cfac-x-micro-1/rate/3702670,,2025-07-09
https://itch.io/jam/mini-jam-188-mystery/rate/3701624,,2025-07-09
https://itch.io/jam/cfac-x-micro-1/rate/3701886,,2025-07-09
https://itch.io/jam/cfac-x-micro-1/rate/3700436,,2025-07-09
https://itch.io/jam/update-an-existing-game-jam/rate/2998024,,2025-07-09
https://itch.io/jam/cfac-x-micro-1/rate/3702776,,2025-07-09
https://itch.io/jam/summer-cool-off-bundle-/rate/2405091,,2025-07-09
https://itch.io/jam/sgh-kesajami-2025/rate/3702881,,2025-07-09
https://itch.io/jam/1100-words-ttrpg-kitchen-2025/rate/3702903,,2025-07-09
https://itch.io/jam/climate-jam-2025-production/rate/3655551,,2025-07-09
https://itch.io/jam/cfac-x-micro-1/rate/3702952,,2025-07-09
https://itch.io/jam/cfac-x-micro-1/rate/3702555,,2025-07-09
https://itch.io/jam/cfac-x-micro-1/rate/3702976,,2025-07-09
https://itch.io/jam/summer-game-forge-2/rate/3703010,,2025-07-09
https://itch.io/jam/cfac-x-micro-1/rate/3702760,,2025-07-09
https://itch.io/jam/cfac-x-micro-1/rate/3697406,,2025-07-09
https://itch.io/jam/cfac-x-micro-1/rate/3702631,,2025-07-09
https://itch.io/jam/cfac-x-micro-1/rate/3702983,,2025-07-09
https://itch.io/jam/cfac-x-micro-1/rate/3702891,,2025-07-09
https://itch.io/jam/cfac-x-micro-1/rate/3703038,,2025-07-09
https://itch.io/jam/cfac-x-micro-1/rate/3703040,,2025-07-09
https://itch.io/jam/cfac-x-micro-1/rate/3702907,,2025-07-09
https://itch.io/jam/cfac-x-micro-1/rate/3703092,,2025-07-09
https://itch.io/jam/cfac-x-micro-1/rate/3703061,,2025-07-09
https://itch.io/jam/cfac-x-micro-1/rate/3702491,,2025-07-09
https://itch.io/jam/cfac-x-micro-1/rate/3703056,,2025-07-09
https://itch.io/jam/cfac-x-micro-1/rate/3703048,,2025-07-09
https://itch.io/jam/update-an-existing-game-jam/rate/2888505,,2025-07-09
https://itch.io/jam/cfac-x-micro-1/rate/3703112,,2025-07-09
https://itch.io/jam/cfac-x-micro-1/rate/3698818,,2025-07-09
https://itch.io/jam/cfac-x-micro-1/rate/3703118,,2025-07-09
https://itch.io/jam/cfac-x-micro-1/rate/3703125,,2025-07-09
https://itch.io/jam/sgh-kesajami-2025/rate/3703154,,2025-07-09
https://itch.io/jam/summer-game-forge-2/rate/3702971,,2025-07-09
https://itch.io/jam/1100-words-ttrpg-kitchen-2025/rate/3694109,,2025-07-09
https://itch.io/jam/toxic-yuri-vn-jam/rate/3703147,,2025-07-09
https://itch.io/jam/liminal3/rate/2875775,,2025-07-09
https://itch.io/jam/cfac-x-micro-1/rate/3703091,,2025-07-09
https://itch.io/jam/cfac-x-micro-1/rate/3703218,,2025-07-09
https://itch.io/jam/cfac-x-micro-1/rate/3703216,,2025-07-09
https://itch.io/jam/cfac-x-micro-1/rate/3703121,,2025-07-09
https://itch.io/jam/free-zine-week-2025/rate/3703182,,2025-07-09
https://itch.io/jam/cassette-case-game-jam/rate/3694973,,2025-07-09
https://itch.io/jam/one-game-a-month-49/rate/3694973,,2025-07-09
https://itch.io/jam/bubblebombing-gamejam-die-2/rate/3703252,,2025-07-09
https://itch.io/jam/sgh-kesajami-2025/rate/3703267,,2025-07-09
https://itch.io/jam/cfac-x-micro-1/rate/3703268,,2025-07-09
https://itch.io/jam/cfac-x-micro-1/rate/3702126,,2025-07-09
https://itch.io/jam/pnw-party-game-jam/rate/3662934,,2025-07-09
https://itch.io/jam/clecio-gamedev-jam-04/rate/3702679,,2025-07-09
https://itch.io/jam/themed-horror-game-jam-21/rate/3680632,,2025-07-09
https://itch.io/jam/summer-game-forge-2/rate/3703342,,2025-07-09
https://itch.io/jam/decadejam/rate/3689387,,2025-07-09
https://itch.io/jam/decadejam/rate/2789566,,2025-07-09
https://itch.io/jam/decadejam/rate/3373611,,2025-07-09
https://itch.io/jam/decadejam/rate/2746080,,2025-07-09
https://itch.io/jam/decadejam/rate/3593393,,2025-07-09
https://itch.io/jam/sgh-kesajami-2025/rate/3703277,,2025-07-09
https://itch.io/jam/mini-byte-jam/rate/3703157,,2025-07-09
https://itch.io/jam/update-an-existing-game-jam/rate/3672789,,2025-07-09
https://itch.io/jam/pnw-party-game-jam/rate/3703461,,2025-07-09
https://itch.io/jam/cfac-x-micro-1/rate/3703384,,2025-07-09
https://itch.io/jam/mini-jam-188-mystery/rate/3700868,,2025-07-09
https://itch.io/jam/fabujam-2025/rate/3703456,,2025-07-09
https://itch.io/jam/thejamjam/rate/2607381,,2025-07-09
https://itch.io/jam/sgh-kesajami-2025/rate/3699884,,2025-07-09
https://itch.io/jam/fabujam-2025/rate/3702966,,2025-07-09
https://itch.io/jam/oprmj1/rate/3703563,,2025-07-09
https://itch.io/jam/pink-decker-jam/rate/3701880,,2025-07-09
https://itch.io/jam/thejamjam/rate/3703526,,2025-07-09
https://itch.io/jam/sunofes25/rate/3581168,,2025-07-09
https://itch.io/jam/bubblebombing-gamejam-die-2/rate/3703568,,2025-07-09
https://itch.io/jam/summer-game-forge-2/rate/3703575,,2025-07-09
https://itch.io/jam/bubblebombing-gamejam-die-2/rate/3693618,,2025-07-09
https://itch.io/jam/bubblebombing-gamejam-die-2/rate/3699420,,2025-07-09
https://itch.io/jam/bubblebombing-gamejam-die-2/rate/3703365,,2025-07-09
https://itch.io/jam/mini-jam-188-mystery/rate/3702330,,2025-07-09
https://itch.io/jam/mini-byte-jam/rate/3703001,,2025-07-09
https://itch.io/jam/questionjam4/rate/3703614,,2025-07-09
https://itch.io/jam/summer-game-forge-2/rate/3703683,,2025-07-09
https://itch.io/jam/cozy-cat/rate/1585829,,2025-07-09
https://itch.io/jam/cozy-cat/rate/3534407,,2025-07-09
https://itch.io/jam/spring-supplies-and-shots-jam/rate/3703675,,2025-07-09
https://itch.io/jam/1100-words-ttrpg-kitchen-2025/rate/3703727,,2025-07-09
https://itch.io/jam/1100-words-ttrpg-kitchen-2025/rate/3703750,,2025-07-09
https://itch.io/jam/eb-sparky-jam/rate/3703815,,2025-07-09
https://itch.io/jam/summer-cool-off-bundle-/rate/1700945,,2025-07-09
https://itch.io/jam/oprmj1/rate/3703841,,2025-07-09
https://itch.io/jam/oprmj1/rate/3703814,,2025-07-09
https://itch.io/jam/bumazhny-jam/rate/3703867,,2025-07-09
https://itch.io/jam/fabujam-2025/rate/3703941,,2025-07-09
https://itch.io/jam/summer-game-forge-2/rate/3703764,,2025-07-09
https://itch.io/jam/thejamjam/rate/3256589,,2025-07-09
https://itch.io/jam/toxic-yuri-vn-jam/rate/3703933,,2025-07-09
https://itch.io/jam/wayfarers-game-jam/rate/3704022,,2025-07-09
https://itch.io/jam/summer-cool-off-bundle-/rate/3655411,,2025-07-09
https://itch.io/jam/practice-jam-2025-5-ranked-version/rate/3684863,,2025-07-09
https://itch.io/jam/free-zine-week-2025/rate/3655411,,2025-07-09
https://itch.io/jam/oprmj1/rate/3704161,,2025-07-09
https://itch.io/jam/toxic-yuri-vn-jam/rate/3704171,,2025-07-09
https://itch.io/jam/cause-jam35/rate/3703874,,2025-07-09
https://itch.io/jam/the-bad-game-jam-part-deux/rate/3704207,,2025-07-09
https://itch.io/jam/short-circuit-vn-jam/rate/2121371,,2025-07-09
https://itch.io/jam/short-circuit-vn-jam/rate/2779862,,2025-07-09
https://itch.io/jam/short-circuit-vn-jam/rate/3123931,,2025-07-09
https://itch.io/jam/fabujam-2025/rate/3689531,,2025-07-09
https://itch.io/jam/rpg-maker-10-day-rtp-challenge-3/rate/3698632,,2025-07-09
https://itch.io/jam/weekly-note-composing-jam-24/rate/3704340,,2025-07-09
https://itch.io/jam/summer-25/rate/3671434,,2025-07-09
https://itch.io/jam/toxic-yuri-vn-jam/rate/3704345,,2025-07-09
https://itch.io/jam/short-circuit-vn-jam/rate/3703933,,2025-07-09
https://itch.io/jam/capacity-jam/rate/3704393,,2025-07-09
https://itch.io/jam/1100-words-ttrpg-kitchen-2025/rate/3704328,,2025-07-09
https://itch.io/jam/liminal3/rate/3686409,,2025-07-09
https://itch.io/jam/1100-words-ttrpg-kitchen-2025/rate/3704515,,2025-07-09
https://itch.io/jam/1100-words-ttrpg-kitchen-2025/rate/3704470,,2025-07-09
https://itch.io/jam/summer-game-forge-2/rate/3704609,,2025-07-09
https://itch.io/jam/1100-words-ttrpg-kitchen-2025/rate/3704589,,2025-07-09
https://itch.io/jam/free-zine-week-2025/rate/3629680,,2025-07-09
https://itch.io/jam/sunofes25/rate/3682973,,2025-07-09
https://itch.io/jam/summer-game-forge-2/rate/3704690,,2025-07-09
https://itch.io/jam/clecio-gamedev-jam-04/rate/3703998,,2025-07-09
https://itch.io/jam/programalixo-gamejam-4/rate/3419553,,2025-07-09
https://itch.io/jam/liminal3/rate/3419553,,2025-07-09
https://itch.io/jam/rpg-maker-10-day-rtp-challenge-3/rate/3700901,,2025-07-09
https://itch.io/jam/umgmc-winter-jam-2025/rate/3704737,,2025-07-09
https://itch.io/jam/lost-souls-jam2/rate/3419553,,2025-07-09
https://itch.io/jam/harold-jam-2025/rate/3419553,,2025-07-09
https://itch.io/jam/bubblebombing-gamejam-die-2/rate/3703489,,2025-07-09
https://itch.io/jam/summer-game-forge-2/rate/3704749,,2025-07-09
https://itch.io/jam/umgmc-winter-jam-2025/rate/3696604,,2025-07-09
https://itch.io/jam/1100-words-ttrpg-kitchen-2025/rate/3704828,,2025-07-09
https://itch.io/jam/summer-game-forge-2/rate/3704596,,2025-07-09
https://itch.io/jam/mini-byte-jam/rate/3704794,,2025-07-09
https://itch.io/jam/summer-game-forge-2/rate/3704867,,2025-07-09
https://itch.io/jam/summer-game-forge-2/rate/3704839,,2025-07-09
https://itch.io/jam/umgmc-winter-jam-2025/rate/3704876,,2025-07-09
https://itch.io/jam/summer-game-forge-2/rate/3704644,,2025-07-09
https://itch.io/jam/baudos-game-jam,,2025-07-09
https://itch.io/jam/untitled-game-jam-113,,2025-07-09
https://itch.io/jam/untitled-game-jam-114,,2025-07-09
https://itch.io/jam/yazjam6,,2025-07-09
https://itch.io/jam/factory-reset-jam-4,,2025-07-09
https://itch.io/jam/utas-pcjam-2025,,2025-07-09
https://itch.io/jam/skillsmith-rapid,,2025-07-09
https://itch.io/jam/nlt-jam-3,,2025-07-09
https://itch.io/jam/nonbinary-game-jam-2025,,2025-07-09
https://itch.io/jam/guns,,2025-07-09
https://itch.io/jam/coding-minigames,,2025-07-09
https://itch.io/jam/rumaiosdsite,,2025-07-09
https://itch.io/jam/kamruiosdsite,,2025-07-09
https://itch.io/jam/backstage-jam-2025,,2025-07-09
https://itch.io/jam/ajharuliosdsite,,2025-07-09
https://itch.io/jam/rajuiosdsite,,2025-07-09
https://itch.io/jam/khokoniosdsite,,2025-07-09
https://itch.io/jam/space-game-junkie-podcasts-500th-episode-celebration,,2025-07-09
https://itch.io/jam/sdtrreeerg,,2025-07-09
https://itch.io/jam/gdfgdghdgdgd,,2025-07-09
https://itch.io/jam/nsfw-minijam-19,,2025-07-09
https://itch.io/jam/memory-game,,2025-07-09
https://itch.io/jam/the-spirit-of-rebellion,,2025-07-09
https://itch.io/jam/g2r25,,2025-07-09
https://itch.io/jam/sinsray-game-jam-1,,2025-07-09
https://itch.io/jam/asasdadas,,2025-07-09
https://itch.io/jam/dasdasda,,2025-07-09
https://itch.io/jam/asdsad,,2025-07-09
https://itch.io/jam/dasdasdas,,2025-07-09
https://itch.io/jam/dsadasd,,2025-07-09
https://itch.io/jam/sdasd,,2025-07-09
https://itch.io/jam/sdasdsdds,,2025-07-09
https://itch.io/jam/gd4fgdg,,2025-07-09
https://itch.io/jam/fdfdregfd,,2025-07-09
https://itch.io/jam/redgames-jam-2025,,2025-07-09
https://itch.io/jam/adasdaswds,,2025-07-09
https://itch.io/jam/hihihihih,,2025-07-09
https://itch.io/jam/sadasdas,,2025-07-09
https://itch.io/jam/asdsada,,2025-07-09
https://itch.io/jam/sdfsdf,,2025-07-09
https://itch.io/jam/adasdasdwe,,2025-07-09
https://itch.io/jam/asasfas,,2025-07-09
https://itch.io/jam/tyyyfffgg,,2025-07-09
https://itch.io/jam/tttttyyyyyyyggg,,2025-07-09
https://itch.io/jam/asasdas,,2025-07-09
https://itch.io/jam/dasdasdeeeed,,2025-07-09
https://itch.io/jam/asdasdaserfd,,2025-07-09
https://itch.io/jam/asdasdefdfds,,2025-07-09
https://itch.io/jam/adsasrdfsdfsd,,2025-07-09
https://itch.io/jam/asdfssdhiisdii,,2025-07-09
https://itch.io/jam/hiallallalalalala,,2025-07-09
https://itch.io/jam/hiallhelloeveryone,,2025-07-09
https://itch.io/jam/allaalalalalalala,,2025-07-09
https://itch.io/jam/asdasdaserdfs,,2025-07-09
https://itch.io/jam/crabby-games-game-jam,,2025-07-09
https://itch.io/jam/no-reason-jam,,2025-07-09
https://itch.io/jam/krestyks-first-jam,,2025-07-09
https://itch.io/jam/camilla-aurora-leak-a-comprehensive-breakdown-of-the-controversial-scandal,,2025-07-09
https://itch.io/jam/rupjandffggerf,,2025-07-09
https://itch.io/jam/quill-and-calibur-summer-jam-2025,,2025-07-09
https://itch.io/jam/a-pocket-code-jam,,2025-07-09
https://itch.io/jam/camilla-aurora-leaked-comprehensive,,2025-07-09
https://itch.io/jam/ukrainian-visual-novel-jam-6,,2025-07-09
https://itch.io/jam/monterey-bay-july-game-jam,,2025-07-09
https://itch.io/jam/roach-ware-jam-3-,,2025-07-09
https://itch.io/jam/composer-synthestration-jam-1-scoringtechnet,,2025-07-09
https://itch.io/jam/fauxjam,,2025-07-09
https://itch.io/jam/game1501-fall2025-ufo-5-game-5,,2025-07-09
https://itch.io/jam/raldi-game-jam-high-effort-2,,2025-07-09
https://itch.io/jam/vquick-jam,,2025-07-09
https://itch.io/jam/vega-game-jam-game-challenge-s2-2025,,2025-07-09
https://itch.io/jam/hypothetical-games-jam-2025,,2025-07-09
https://itch.io/jam/laise-moat-sommer-2025,,2025-07-09
https://itch.io/jam/summer-splash-bash-game-jam-game,,2025-07-09
https://itch.io/jam/asdasrwefsd,,2025-07-09
https://itch.io/jam/hihelloallinone,,2025-07-09
https://itch.io/jam/jjijijijjijijiijd,,2025-07-09
https://itch.io/jam/sadasfasf,,2025-07-09
https://itch.io/jam/fas5regdsgd,,2025-07-09
https://itch.io/jam/asfasfas,,2025-07-09
https://itch.io/jam/asfasrwssdr3d,,2025-07-09
https://itch.io/jam/ss5esgdgdgfgd,,2025-07-09
https://itch.io/jam/rtyry-ryytry-,,2025-07-09
https://itch.io/jam/mahmudaiosdsite,,2025-07-09
https://itch.io/jam/shahinkaka,,2025-07-09
https://itch.io/jam/supiyaapa,,2025-07-09
https://itch.io/jam/ruhulamin,,2025-07-09
https://itch.io/jam/abdullahiosdsite,,2025-07-09
https://itch.io/jam/nosifiosdsite,,2025-07-09
https://thegreatescaper.itch.io,,2025-07-09
https://quandtuniverse.itch.io,,2025-07-09
https://fatmuffin.itch.io,,2025-07-09
https://peepohey.itch.io,,2025-07-09
https://lamellie.itch.io,,2025-07-09
https://wizaspida.itch.io,,2025-07-09
https://farseerdav.itch.io,,2025-07-09
https://kal06.itch.io,,2025-07-09
https://gigi-is-great.itch.io,,2025-07-09
https://aahn8.itch.io,,2025-07-09
https://dungeon-key.itch.io,,2025-07-09
https://poule-trempee.itch.io,,2025-07-09
https://karenshi.itch.io,,2025-07-09
https://konopattan.itch.io,,2025-07-09
https://kletscode.itch.io,,2025-07-09
https://avieart.itch.io,,2025-07-09
https://megapupsik1.itch.io,,2025-07-09
https://tol0x.itch.io,,2025-07-09
https://anchorsplash.itch.io,,2025-07-09
https://mitrisha.itch.io,,2025-07-09
https://wyu4.itch.io,,2025-07-09
https://rinzura.itch.io,,2025-07-09
https://justgrayitch.itch.io,,2025-07-09
https://spicystudionsfw.itch.io,,2025-07-09
https://thecozycode.itch.io,,2025-07-09
https://ifart.itch.io,,2025-07-09
https://gabpixels.itch.io,,2025-07-09
https://eliciarski.itch.io,,2025-07-09
https://seikachan.itch.io,,2025-07-09
https://solstice-solstice.itch.io,,2025-07-09
https://akittu.itch.io,,2025-07-09
https://notjoey09.itch.io,,2025-07-09
https://samuelessen.itch.io,,2025-07-09
https://sassas98.itch.io,,2025-07-09
https://astrakhanastrakhan.itch.io,,2025-07-09
https://ink-ify.itch.io,,2025-07-09
https://wingdinggaster.itch.io,,2025-07-09
https://nectardigital.itch.io,,2025-07-09
https://naathannguyennn.itch.io,,2025-07-09
https://streltsova-anastasiya.itch.io,,2025-07-09
https://kollessisopod.itch.io,,2025-07-09
https://enxo318.itch.io,,2025-07-09
https://morimori-1411.itch.io,,2025-07-09
https://maidinsynth.itch.io,,2025-07-09
https://labash-studio.itch.io,,2025-07-09
https://noel-em.itch.io,,2025-07-09
https://vilzio11.itch.io,,2025-07-09
https://adrien-irr-b.itch.io,,2025-07-09
https://redcyberlol.itch.io,,2025-07-09
https://dairyland-mapping.itch.io,,2025-07-09
https://daviddelapuente.itch.io,,2025-07-09
https://chaaards.itch.io,,2025-07-09
https://patryksu.itch.io,,2025-07-09
https://kkz-studio.itch.io,,2025-07-09
https://space-studios-oficial.itch.io,,2025-07-09
https://januha.itch.io,,2025-07-09
https://dunhead.itch.io,,2025-07-09
https://josorogic.itch.io,,2025-07-09
https://bolimart.itch.io,,2025-07-09
https://masterofhats.itch.io,,2025-07-09
https://moz4020.itch.io,,2025-07-09
https://anibakan.itch.io,,2025-07-09
https://fitamas.itch.io,,2025-07-09
https://roguefairyacademy.itch.io,,2025-07-09
https://coalforge.itch.io,,2025-07-09
https://miliag.itch.io,,2025-07-09
https://jdloci.itch.io,,2025-07-09
https://ultradrone.itch.io,,2025-07-09
https://leeamor999.itch.io,,2025-07-09
https://andrewthehedgehog.itch.io,,2025-07-09
https://kapahab.itch.io,,2025-07-09
https://commander-karl-the-jesus.itch.io,,2025-07-09
https://realxin5030.itch.io,,2025-07-09
https://akkator006.itch.io,,2025-07-09
https://queen-2023.itch.io,,2025-07-09
https://it-fox.itch.io,,2025-07-09
https://lordcarlito.itch.io,,2025-07-09
https://wishtobedeleted.itch.io,,2025-07-09
https://eestrix.itch.io,,2025-07-09
https://dont-be-scareed-entmt.itch.io,,2025-07-09
https://mispine-studio.itch.io,,2025-07-09
https://san4x.itch.io,,2025-07-09
https://jgorman.itch.io,,2025-07-09
https://heart-rotting.itch.io,,2025-07-09
https://bronzemanstudio.itch.io,,2025-07-09
https://rusty-east.itch.io,,2025-07-09
https://ajmc99.itch.io,,2025-07-09
https://mralek.itch.io,,2025-07-09
https://exxkap.itch.io,,2025-07-09
https://sashaant.itch.io,,2025-07-09
https://pew-pewzz.itch.io,,2025-07-09
https://be-n-team.itch.io,,2025-07-09
https://somecallmesensai.itch.io,,2025-07-09
https://flamegamess.itch.io,,2025-07-09
https://oldmanjinxens.itch.io,,2025-07-09
https://bluqen.itch.io,,2025-07-09
https://thesonydsdev.itch.io,,2025-07-09
https://vg-dev.itch.io,,2025-07-09
https://chrysisgamedev.itch.io,,2025-07-09
https://enchantreal.itch.io,,2025-07-09
https://dustou.itch.io,,2025-07-09
https://naldeir.itch.io,,2025-07-09
https://rj-08.itch.io,,2025-07-09
https://anuran-games.itch.io,,2025-07-09
https://bankkay.itch.io,,2025-07-09
https://texatle.itch.io,,2025-07-09
https://pvbiizh3r.itch.io,,2025-07-09
https://omaratef101.itch.io,,2025-07-09
https://knorrieworrie.itch.io,,2025-07-09
https://nayliiac.itch.io,,2025-07-09
https://nokklip.itch.io,,2025-07-09
https://rileytimmerman.itch.io,,2025-07-09
https://leytongtag.itch.io,,2025-07-09
https://catcorperation.itch.io,,2025-07-09
https://leemon22.itch.io,,2025-07-09
https://jeriksgiftson.itch.io,,2025-07-09
https://lennonstolk.itch.io,,2025-07-09
https://sararomanophd.itch.io,,2025-07-09
https://over-load.itch.io,,2025-07-09
https://blumiu.itch.io,,2025-07-09
https://uwu1o1o2o.itch.io,,2025-07-09
https://dervsh.itch.io,,2025-07-09
https://yashuo.itch.io,,2025-07-09
https://maxploit.itch.io,,2025-07-09
https://smurfmurph.itch.io,,2025-07-09
https://ridek240.itch.io,,2025-07-09
https://rexar-games.itch.io,,2025-07-09
https://romii0x.itch.io,,2025-07-09
https://caveweasel.itch.io,,2025-07-09
https://mekuire.itch.io,,2025-07-09
https://parzivallpo.itch.io,,2025-07-09
https://trulystudios.itch.io,,2025-07-09
https://lafraguadelpixel.itch.io,,2025-07-09
https://flintycave.itch.io,,2025-07-09
https://nico95cortes.itch.io,,2025-07-09
https://daniel-the-solo-dev.itch.io,,2025-07-09
https://bmbg.itch.io,,2025-07-09
https://zeroackerman.itch.io,,2025-07-09
https://bichis.itch.io,,2025-07-09
https://arseed.itch.io,,2025-07-09
https://quiteloaf.itch.io,,2025-07-09
https://cyclopkitty.itch.io,,2025-07-09
https://lucasrozado.itch.io,,2025-07-09
https://extremeteam.itch.io,,2025-07-09
https://gtwarrior4921.itch.io,,2025-07-09
https://retektorstudios.itch.io,,2025-07-09
https://ayydev.itch.io,,2025-07-09
https://cuteseas.itch.io,,2025-07-09
https://psalu.itch.io,,2025-07-09
https://runfs.itch.io,,2025-07-09
https://timbot1789.itch.io,,2025-07-09
https://francesco-testi.itch.io,,2025-07-09
https://ztm007.itch.io,,2025-07-09
https://bobthebuilder73.itch.io,,2025-07-09
https://osoverse.itch.io,,2025-07-09
https://nextbestgames.itch.io,,2025-07-09
https://linneanygren.itch.io,,2025-07-09
https://tmmaher.itch.io,,2025-07-09
https://chococitruspop.itch.io,,2025-07-09
https://l0t3m.itch.io,,2025-07-09
https://jordytd6.itch.io,,2025-07-09
https://rottwed.itch.io,,2025-07-09
https://syc1.itch.io,,2025-07-09
https://hermsolute-games.itch.io,,2025-07-09
https://lizard-b0y.itch.io,,2025-07-09
https://bublik-is-pechi.itch.io,,2025-07-09
https://syahrandywaskito.itch.io,,2025-07-09
https://katerinayiningyang.itch.io,,2025-07-09
https://clonc.itch.io,,2025-07-09
https://cameron-thompson.itch.io,,2025-07-09
https://lavender-studios.itch.io,,2025-07-09
https://jaksward-games.itch.io,,2025-07-09
https://maskem.itch.io,,2025-07-09
https://bomberscarab.itch.io,,2025-07-09
https://qngtrnh.itch.io,,2025-07-09
https://dana-c.itch.io,,2025-07-09
https://peanutbuttar.itch.io,,2025-07-09
https://ammajewski.itch.io,,2025-07-09
https://soleil-levant.itch.io,,2025-07-09
https://pixel-cat16.itch.io,,2025-07-09
https://englifrz.itch.io,,2025-07-09
https://demonichere.itch.io,,2025-07-09
https://your-local-modder.itch.io,,2025-07-09
https://mr-is-a-tough-man.itch.io,,2025-07-09
https://keeganb3.itch.io,,2025-07-09
https://automationstudy.itch.io,,2025-07-09
https://mrgoldgj.itch.io,,2025-07-09
https://findingangels.itch.io,,2025-07-09
https://marioxwe.itch.io,,2025-07-09
https://amantepc.itch.io,,2025-07-09
https://temmiefan-hoi.itch.io,,2025-07-09
https://rage-spark.itch.io,,2025-07-09
https://mechanicalcore.itch.io,,2025-07-09
https://rox-wilson.itch.io,,2025-07-09
https://bubblyplup.itch.io,,2025-07-09
https://endbit.itch.io,,2025-07-09
https://eleanor32839.itch.io,,2025-07-09
https://bigdinosuarvr.itch.io,,2025-07-09
https://eagleast.itch.io,,2025-07-09
https://mrblobsbunker.itch.io,,2025-07-09
https://ray-furyy.itch.io,,2025-07-09
https://hazem-walid1.itch.io,,2025-07-09
https://borechka2000.itch.io,,2025-07-09
https://zackwhelmgames.itch.io,,2025-07-09
https://squarey.itch.io,,2025-07-09
https://patitow.itch.io,,2025-07-09
https://externity7.itch.io,,2025-07-09
https://astralitevr.itch.io,,2025-07-09
https://marat-mmr.itch.io,,2025-07-09
https://usavrgtag.itch.io,,2025-07-09
https://unloveablehands.itch.io,,2025-07-09
https://frenchvampire.itch.io,,2025-07-09
https://anthras-pantea.itch.io,,2025-07-09
https://gabbygal.itch.io,,2025-07-09
https://merillgames.itch.io,,2025-07-09
https://eggplantdevelopment.itch.io,,2025-07-09
https://suitablegames.itch.io,,2025-07-09
https://mystic-pixel-labs.itch.io,,2025-07-09
https://toufuzama.itch.io,,2025-07-09
https://muhsinyavb.itch.io,,2025-07-09
https://vapoursave.itch.io,,2025-07-09
https://ktoto-meme.itch.io,,2025-07-09
https://jellyy09.itch.io,,2025-07-09
https://closdsbobvr.itch.io,,2025-07-09
https://xpareteret.itch.io,,2025-07-09
https://chayakorn-5.itch.io,,2025-07-09
https://lockedupgames.itch.io,,2025-07-09
https://akihikozine.itch.io,,2025-07-09
https://paul28gg.itch.io,,2025-07-09
https://jiajin0329.itch.io,,2025-07-09
https://jaxman55.itch.io,,2025-07-09
https://rinanda-hidayat.itch.io,,2025-07-09
https://kitshaw.itch.io,,2025-07-09
https://caitvr.itch.io,,2025-07-09
https://malumartins.itch.io,,2025-07-09
https://mrbryguy.itch.io,,2025-07-09
https://tkalien.itch.io,,2025-07-09
https://loopasaurus.itch.io,,2025-07-09
https://neofite78.itch.io,,2025-07-09
https://poyu0302.itch.io,,2025-07-09
https://lovecraftianbeing.itch.io,,2025-07-09
https://karam-mohammed14.itch.io,,2025-07-09
https://lemosha.itch.io,,2025-07-09
https://tabj.itch.io,,2025-07-09
https://kevinzabiensky.itch.io,,2025-07-09
https://visalchangatt.itch.io,,2025-07-09
https://ayaan-sagar.itch.io,,2025-07-09
https://joseph01234.itch.io,,2025-07-09
https://zyrep.itch.io,,2025-07-09
https://parm-e-sean.itch.io,,2025-07-09
https://estebanriu.itch.io,,2025-07-09
https://vyner-vanderhumeken.itch.io,,2025-07-09
https://duckkkkkkkyyyyeee.itch.io,,2025-07-09
https://middlebucketgames.itch.io,,2025-07-09
https://lkukec22.itch.io,,2025-07-09
https://dfl-34.itch.io,,2025-07-09
https://cupp300.itch.io,,2025-07-09
https://sourguyvr.itch.io,,2025-07-09
https://checkpointcafe.itch.io,,2025-07-09
https://frech5.itch.io,,2025-07-09
https://srijalyadav.itch.io,,2025-07-09
https://wooseong.itch.io,,2025-07-09
https://lion-hghjkl.itch.io,,2025-07-09
https://moxie-pixel.itch.io,,2025-07-09
https://ocm-studio.itch.io,,2025-07-09
https://marianomora.itch.io,,2025-07-09
https://jeancab.itch.io,,2025-07-09
https://caskethouse.itch.io,,2025-07-09
https://thatredgtagguy.itch.io,,2025-07-09
https://nyilena.itch.io,,2025-07-09
https://urashi-mataro.itch.io,,2025-07-09
https://annesmixedsalad.itch.io,,2025-07-09
https://kemopre.itch.io,,2025-07-09
https://vainya.itch.io,,2025-07-09
https://thatonemonkekidwmgs.itch.io,,2025-07-09
https://tony-perkis.itch.io,,2025-07-09
https://favacotta.itch.io,,2025-07-09
https://kxmx.itch.io,,2025-07-09
https://sukrukutlu516.itch.io,,2025-07-09
https://averagesticker.itch.io,,2025-07-09
https://m3ntitas.itch.io,,2025-07-09
https://leonardoorlando.itch.io,,2025-07-09
https://dantinho.itch.io,,2025-07-09
https://eduardo-torquato.itch.io,,2025-07-09
https://patosangrento.itch.io,,2025-07-09
https://brunnin04.itch.io,,2025-07-09
https://drapi.itch.io,,2025-07-09
https://lemonbindropped.itch.io,,2025-07-09
https://brainlessratlab.itch.io,,2025-07-09
https://idkofficialguy.itch.io,,2025-07-09
https://mustafa-saktas.itch.io,,2025-07-09
https://crandom7.itch.io,,2025-07-09
https://momenfadel.itch.io,,2025-07-09
https://elynn122112.itch.io,,2025-07-09
https://alberiogames578.itch.io,,2025-07-09
https://odiolisk.itch.io,,2025-07-09
https://forsaken-chance.itch.io,,2025-07-09
https://vital45.itch.io,,2025-07-09
https://barrack.itch.io,,2025-07-09
https://aishadeen.itch.io,,2025-07-09
https://zoestocker.itch.io,,2025-07-09
https://james-xiii.itch.io,,2025-07-09
https://airja.itch.io,,2025-07-09
https://cassieg1.itch.io,,2025-07-09
https://veltrix-dev.itch.io,,2025-07-09
https://inara-m.itch.io,,2025-07-09
https://cosmothedeer.itch.io,,2025-07-09
https://ardebat-interactives.itch.io,,2025-07-09
https://treores.itch.io,,2025-07-09
https://lettuceteastudios.itch.io,,2025-07-09
https://boomplaysyefc.itch.io,,2025-07-09
https://99fk.itch.io,,2025-07-09
https://karaismen125.itch.io,,2025-07-09
https://the-boop.itch.io,,2025-07-09
https://robinvdb.itch.io,,2025-07-09
https://jackeyke.itch.io,,2025-07-09
https://jeremy-devg.itch.io,,2025-07-09
https://sigmasigmagame.itch.io,,2025-07-09
https://yleso.itch.io,,2025-07-09
https://studiocas.itch.io,,2025-07-09
https://door-man125.itch.io,,2025-07-09
https://maxeatssoap.itch.io,,2025-07-09
https://midnigh7-creek-farms.itch.io,,2025-07-09
https://evan-stickymore21.itch.io,,2025-07-09
https://joshua-matr.itch.io,,2025-07-09
https://borojo-studio.itch.io,,2025-07-09
https://sukrut-mayur-gada.itch.io,,2025-07-09
https://felrer.itch.io,,2025-07-09
https://bebo-games.itch.io,,2025-07-09
https://phantaskew.itch.io,,2025-07-09
https://rk-game-dev.itch.io,,2025-07-09
https://moskitogames.itch.io,,2025-07-09
https://mogzdev.itch.io,,2025-07-09
https://niklex.itch.io,,2025-07-09
https://devester7.itch.io,,2025-07-09
https://chudchaws.itch.io,,2025-07-09
https://dirtliker.itch.io,,2025-07-09
https://higekii.itch.io,,2025-07-09
https://5evenrise.itch.io,,2025-07-09
https://ulmosito.itch.io,,2025-07-09
https://papasincascara.itch.io,,2025-07-09
https://gamer-huila34.itch.io,,2025-07-09
https://cyberdwarves.itch.io,,2025-07-09
https://betatown.itch.io,,2025-07-09
https://gavinonwin11.itch.io,,2025-07-09
https://toastedvr.itch.io,,2025-07-09
https://gingerbread-99.itch.io,,2025-07-09
https://voltika.itch.io,,2025-07-09
https://zanzepickidd.itch.io,,2025-07-09
https://sisouto-kyomu.itch.io,,2025-07-09
https://avan120.itch.io,,2025-07-09
https://juliankrupper.itch.io,,2025-07-09
https://lordretr0.itch.io,,2025-07-09
https://mvbgames.itch.io,,2025-07-09
https://clite-studios.itch.io,,2025-07-09
https://rodrigo-j-silva.itch.io,,2025-07-09
https://ptrooler14.itch.io,,2025-07-09
https://captain-moo.itch.io,,2025-07-09
https://darksignalgames.itch.io,,2025-07-09
https://cobbisnuwara.itch.io,,2025-07-09
https://spronkiguy.itch.io,,2025-07-09
https://bossybee.itch.io,,2025-07-09
https://commandercowcow.itch.io,,2025-07-09
https://ykvivid.itch.io,,2025-07-09
https://exnexter.itch.io,,2025-07-09
https://smiths-customs.itch.io,,2025-07-09
https://mijiodevour.itch.io,,2025-07-09
https://blumaker.itch.io,,2025-07-09
https://skinboydeerskirt.itch.io,,2025-07-09
https://orz3l.itch.io,,2025-07-09
https://yitsstg.itch.io,,2025-07-09
https://mushoe.itch.io,,2025-07-09
https://blueokapigames.itch.io,,2025-07-09
https://sandiarta.itch.io,,2025-07-09
https://julio-cesar-q.itch.io,,2025-07-09
https://session-syndicate.itch.io,,2025-07-09
https://volosko.itch.io,,2025-07-09
https://verysimplesoftware.itch.io,,2025-07-09
https://lpssousa.itch.io,,2025-07-09
https://jennylihan.itch.io,,2025-07-09
https://dragoncat372.itch.io,,2025-07-09
https://kiresu.itch.io,,2025-07-09
https://iamreferredtoassteven.itch.io,,2025-07-09
https://simbagame.itch.io,,2025-07-09
https://jonjin.itch.io,,2025-07-09
https://craknain.itch.io,,2025-07-09
https://cesargomezbarez.itch.io,,2025-07-09
https://darknesod.itch.io,,2025-07-09
https://darkmatter1980.itch.io,,2025-07-09
https://baldimore-the-anim8or-guy.itch.io,,2025-07-09
https://mariamalagon999.itch.io,,2025-07-09
https://pietpiper.itch.io,,2025-07-09
https://lightaxis.itch.io,,2025-07-09
https://maxiswang.itch.io,,2025-07-09
https://zennnnnnnnnnnnnnnnnnnnnnn.itch.io,,2025-07-09
https://aura-artificer.itch.io,,2025-07-09
https://hala17.itch.io,,2025-07-09
https://ckrgames.itch.io,,2025-07-09
https://loanzin.itch.io,,2025-07-09
https://amd971.itch.io,,2025-07-09
https://fishygt2.itch.io,,2025-07-09
https://indytheartist.itch.io,,2025-07-09
https://supertomy.itch.io,,2025-07-09
https://project-noob.itch.io,,2025-07-09
https://samuelbarnett.itch.io,,2025-07-09
https://vitooss-l.itch.io,,2025-07-09
https://wild-dev123.itch.io,,2025-07-09
https://gm-m10.itch.io,,2025-07-09
https://loo-games.itch.io,,2025-07-09
https://bigkittygames.itch.io,,2025-07-09
https://playflux.itch.io,,2025-07-09
https://bropi.itch.io,,2025-07-09
https://purplzissigma.itch.io,,2025-07-09
https://kromsalych.itch.io,,2025-07-09
https://femboy-estudio.itch.io,,2025-07-09
https://supersonic3606.itch.io,,2025-07-09
https://rociogomezcastagnino.itch.io,,2025-07-09
https://zeko4142.itch.io,,2025-07-09
https://zeek13.itch.io,,2025-07-09
https://brunfjell.itch.io,,2025-07-09
https://flockofimps.itch.io,,2025-07-09
https://chill-developer.itch.io,,2025-07-09
https://1upgame.itch.io,,2025-07-09
https://spaghettiworm938.itch.io,,2025-07-09
https://xx-jim.itch.io,,2025-07-09
https://klevieio.itch.io,,2025-07-09
https://friend-crow.itch.io,,2025-07-09
https://arakiyusuke-ohara.itch.io,,2025-07-09
https://kenwillcode.itch.io,,2025-07-09
https://joeyland.itch.io,,2025-07-09
https://thermo-entertainment.itch.io,,2025-07-09
https://endless-ent.itch.io,,2025-07-09
https://asterism-games.itch.io,,2025-07-09
https://valvalgames.itch.io,,2025-07-09
https://capital-loop-studios.itch.io,,2025-07-09
https://starydyxyz.itch.io,,2025-07-09
https://umaimikan.itch.io,,2025-07-09
https://petarisfire.itch.io,,2025-07-09
https://ridhuannaim.itch.io,,2025-07-09
https://georgechatzinikolaou.itch.io,,2025-07-09
https://jgustudio.itch.io,,2025-07-09
https://4z-r4-3l.itch.io,,2025-07-09
https://lootboy3000.itch.io,,2025-07-09
https://ajbowen249.itch.io,,2025-07-09
https://misclicking-ork.itch.io,,2025-07-09
https://himarinui.itch.io,,2025-07-09
https://monosga.itch.io,,2025-07-09
https://breadsticks-n-blood.itch.io,,2025-07-09
https://grimlyy.itch.io,,2025-07-09
https://killgorack.itch.io,,2025-07-09
https://anaphenic.itch.io,,2025-07-09
https://jekkthrenn.itch.io,,2025-07-09
https://cult-of-the-dev.itch.io,,2025-07-09
https://dillthecreeper.itch.io,,2025-07-09
https://64-apples.itch.io,,2025-07-09
https://denjonckheer.itch.io,,2025-07-09
https://pizzuhh.itch.io,,2025-07-09
https://c-mastered-studio.itch.io,,2025-07-09
https://hidden-movement.itch.io,,2025-07-09
https://jashi-psx.itch.io,,2025-07-09
https://platinumplat.itch.io,,2025-07-09
https://ron-chon-productions.itch.io,,2025-07-09
https://rusamalam.itch.io,,2025-07-09
https://omniholopanto.itch.io,,2025-07-09
https://snafflesmusic.itch.io,,2025-07-09
https://nyxiafromdemifunction.itch.io,,2025-07-09
https://beerad.itch.io,,2025-07-09
https://maya2027.itch.io,,2025-07-09
https://pktheboiii.itch.io,,2025-07-09
https://icychief7.itch.io,,2025-07-09
https://kgame-dev-studio.itch.io,,2025-07-09
https://mettamaxie.itch.io,,2025-07-09
https://thenoisewoag777.itch.io,,2025-07-09
https://mameka.itch.io,,2025-07-09
https://stilldeveloper.itch.io,,2025-07-09
https://storytaco.itch.io,,2025-07-09
https://deathguardgame.itch.io,,2025-07-09
https://ashnakonjeti.itch.io,,2025-07-09
https://dominikwas.itch.io,,2025-07-09
https://hema-ram.itch.io,,2025-07-09
https://ivangutierrez0.itch.io,,2025-07-09
https://sherryko.itch.io,,2025-07-09
https://elmagorubio.itch.io,,2025-07-09
https://xdsypher.itch.io,,2025-07-09
https://besttrashgames.itch.io,,2025-07-09
https://karolzajac.itch.io,,2025-07-09
https://bhaichoco52.itch.io,,2025-07-09
https://magicalicious.itch.io,,2025-07-09
https://colegio-canada.itch.io,,2025-07-09
https://buzayboy.itch.io,,2025-07-09
https://anaise448.itch.io,,2025-07-09
https://the-bonerstein-lounge.itch.io,,2025-07-09
https://sanmoddervf-28.itch.io,,2025-07-09
https://rerstuf.itch.io,,2025-07-09
https://carltonheywood.itch.io,,2025-07-09
https://takumatoiyama.itch.io,,2025-07-09
https://quintessentially1.itch.io,,2025-07-09
https://dylan-fortin.itch.io,,2025-07-09
https://sigmanata.itch.io,,2025-07-09
https://shalicewong.itch.io,,2025-07-09
https://debulba-studios.itch.io,,2025-07-09
https://riccardounity.itch.io,,2025-07-09
https://ornavgames01.itch.io,,2025-07-09
https://elmst.itch.io,,2025-07-09
https://arseniy-dymaet.itch.io,,2025-07-09
https://dummy-2d3d.itch.io,,2025-07-09
https://discordionthe1.itch.io,,2025-07-09
https://gamer45546789.itch.io,,2025-07-09
https://juyka.itch.io,,2025-07-09
https://feited.itch.io,,2025-07-09
https://zlawg321.itch.io,,2025-07-09
https://so-studio.itch.io,,2025-07-09
https://adarshmishra-tech.itch.io,,2025-07-09
https://ixemanin.itch.io,,2025-07-09
https://zentastic.itch.io,,2025-07-09
https://growbyte.itch.io,,2025-07-09
https://kelo09.itch.io,,2025-07-09
https://kanthiraza.itch.io,,2025-07-09
https://jupitterr.itch.io,,2025-07-09
https://cosbigamberz.itch.io,,2025-07-09
https://moeb5.itch.io,,2025-07-09
https://purpleshadedev.itch.io,,2025-07-09
https://monozukishi.itch.io,,2025-07-09
https://gewinn.itch.io,,2025-07-09
https://planetparkar.itch.io,,2025-07-09
https://a2zed.itch.io,,2025-07-09
https://checkpointtanuki.itch.io,,2025-07-09
https://arisamanjaya.itch.io,,2025-07-09
https://canquinee.itch.io,,2025-07-09
https://kittao789.itch.io,,2025-07-09
https://killingspringg22.itch.io,,2025-07-09
https://moveax00.itch.io,,2025-07-09
https://rehanasif.itch.io,,2025-07-09
https://goldmaster-dev.itch.io,,2025-07-09
https://lucarisx.itch.io,,2025-07-09
https://chuck-showbiz.itch.io,,2025-07-09
https://prismcross.itch.io,,2025-07-09
https://bierascianka.itch.io,,2025-07-09
https://alicornlauch.itch.io,,2025-07-09
https://nonyx.itch.io,,2025-07-09
https://mr-devs.itch.io,,2025-07-09
https://tiyasuryaning.itch.io,,2025-07-09
https://shaqiz02.itch.io,,2025-07-09
https://nebulaverse-studio.itch.io,,2025-07-09
https://sapuskugamedev.itch.io,,2025-07-09
https://lesskedo.itch.io,,2025-07-09
https://xandr09.itch.io,,2025-07-09
https://shirosaurus.itch.io,,2025-07-09
https://square-wind-vr.itch.io,,2025-07-09
https://yearafteryear.itch.io,,2025-07-09
https://hutaodayoo.itch.io,,2025-07-09
https://hamtarorunrun.itch.io,,2025-07-09
https://yuner0519.itch.io,,2025-07-09
https://iheartraccoons.itch.io,,2025-07-09
https://rafaspazi.itch.io,,2025-07-09
https://webe-apps.itch.io,,2025-07-09
https://acatango.itch.io,,2025-07-09
https://dmitriy-bronza.itch.io,,2025-07-09
https://ericherediia.itch.io,,2025-07-09
https://devchickeon.itch.io,,2025-07-09
https://tolsti.itch.io,,2025-07-09
https://ancoris.itch.io,,2025-07-09
https://mystique-923.itch.io,,2025-07-09
https://outname-games.itch.io,,2025-07-09
https://minamoon.itch.io,,2025-07-09
https://aagreyy.itch.io,,2025-07-09
https://project-noxens.itch.io,,2025-07-09
https://mythforgeoffiziel.itch.io,,2025-07-09
https://xiu15.itch.io,,2025-07-09
https://clocktowergames.itch.io,,2025-07-09
https://taynara-bessi.itch.io,,2025-07-09
https://unknown3692014.itch.io,,2025-07-09
https://mundethcatxd2.itch.io,,2025-07-09
https://ifoundedbread687.itch.io,,2025-07-09
https://reaperfury12.itch.io,,2025-07-09
https://xpunchgames.itch.io,,2025-07-09
https://vortexblaze.itch.io,,2025-07-09
https://zikzay.itch.io,,2025-07-09
https://smartwavetech.itch.io,,2025-07-09
https://kajagames.itch.io,,2025-07-09
https://unkindead.itch.io,,2025-07-09
https://jacksonstormistaken.itch.io,,2025-07-09
https://doubs3.itch.io,,2025-07-09
https://erastudio.itch.io,,2025-07-09
https://altf4-studios.itch.io,,2025-07-09
https://roberttt3.itch.io,,2025-07-09
https://bianmorales.itch.io,,2025-07-09
https://bennnick.itch.io,,2025-07-09
https://zuizui2buibui.itch.io,,2025-07-09
https://eclipse-azure.itch.io,,2025-07-09
https://ranchampa.itch.io,,2025-07-09
https://hxmpter.itch.io,,2025-07-09
https://evancendekia.itch.io,,2025-07-09
https://pinky-bow-tie.itch.io,,2025-07-09
https://mancli.itch.io,,2025-07-09
https://team-glazer.itch.io,,2025-07-09
https://toyfelarg.itch.io,,2025-07-09
https://tiagoadcosta.itch.io,,2025-07-09
https://crystalrevanitedesigns.itch.io,,2025-07-09
https://cooldinorsua.itch.io,,2025-07-09
https://pamuramu.itch.io,,2025-07-09
https://nullpointgames.itch.io,,2025-07-09
https://sennefestijn.itch.io,,2025-07-09
https://yeichita.itch.io,,2025-07-09
https://icyyyyyyyyy.itch.io,,2025-07-09
https://pierre1ben.itch.io,,2025-07-09
https://functionoverfashiondev.itch.io,,2025-07-09
https://thelegendlives.itch.io,,2025-07-09
https://azraelart.itch.io,,2025-07-09
https://aqumaa.itch.io,,2025-07-09
https://rubydevgtag.itch.io,,2025-07-09
https://darkwire-games.itch.io,,2025-07-09
https://fantasy-office.itch.io,,2025-07-09
https://jadenmlg.itch.io,,2025-07-09
https://terraxcvii.itch.io,,2025-07-09
https://gravemind-studio.itch.io,,2025-07-09
https://thatkid144.itch.io,,2025-07-09
https://baconhair44.itch.io,,2025-07-09
https://elitegamecreater.itch.io,,2025-07-09
https://abdulzabba.itch.io,,2025-07-09
https://gabbygames.itch.io,,2025-07-09
https://joey-terry.itch.io,,2025-07-09
https://jackboles.itch.io,,2025-07-09
https://jesscas.itch.io,,2025-07-09
https://wombotgames.itch.io,,2025-07-09
https://alotgames.itch.io,,2025-07-09
https://motownmis.itch.io,,2025-07-09
https://crafty-stodios.itch.io,,2025-07-09
https://aspatte.itch.io,,2025-07-09
https://sundaybrunchstudios.itch.io,,2025-07-09
https://gartenofsirdadadoo.itch.io,,2025-07-09
https://usernamedeveloper913.itch.io,,2025-07-09
https://sg5202.itch.io,,2025-07-09
https://social-batteries.itch.io,,2025-07-09
https://elems4.itch.io,,2025-07-09
https://alerbo-51.itch.io,,2025-07-09
https://mikejirison666.itch.io,,2025-07-09
https://nox-corridor.itch.io,,2025-07-09
https://nm445.itch.io,,2025-07-09
https://child-of-terra.itch.io,,2025-07-09
https://justzerogames.itch.io,,2025-07-09
https://padmdd.itch.io,,2025-07-09
https://sonnick-15.itch.io,,2025-07-09
https://asad-develper.itch.io,,2025-07-09
https://crotch-dot.itch.io,,2025-07-09
https://emfarrh.itch.io,,2025-07-09
https://m3ll0w-mase.itch.io,,2025-07-09
https://this-cat-lap.itch.io,,2025-07-09
https://nya1nhour.itch.io,,2025-07-09
https://mmatter.itch.io,,2025-07-09
https://cardgameshub.itch.io,,2025-07-09
https://seventhdisorder.itch.io,,2025-07-09
https://dixexstudio.itch.io,,2025-07-09
https://cecilcordheley.itch.io,,2025-07-09
https://ashley-wilsom.itch.io,,2025-07-09
https://team-lemmp.itch.io,,2025-07-09
https://sofiaav.itch.io,,2025-07-09
https://sofia-formehl-silva.itch.io,,2025-07-09
https://polygonalassets.itch.io,,2025-07-09
https://pixel-creator3gmailcom.itch.io,,2025-07-09
https://onemc-rave.itch.io,,2025-07-09
https://rleal.itch.io,,2025-07-09
https://muicchirokai.itch.io,,2025-07-09
https://epicgenie.itch.io,,2025-07-09
https://tossed-salads.itch.io,,2025-07-09
https://dsapuntsov.itch.io,,2025-07-09
https://roboxmr.itch.io,,2025-07-09
https://valioso.itch.io,,2025-07-09
https://stripeeeee-studios.itch.io,,2025-07-09
https://team-studio-03.itch.io,,2025-07-09
https://relaxed-frog.itch.io,,2025-07-09
https://starlight3543.itch.io,,2025-07-09
https://p7o09.itch.io,,2025-07-09
https://sadoondev.itch.io,,2025-07-09
https://canya00.itch.io,,2025-07-09
https://op133444444444455555545.itch.io,,2025-07-09
https://brandonhogue94.itch.io,,2025-07-09
https://teorautio.itch.io,,2025-07-09
https://soyjupiter.itch.io,,2025-07-09
https://ruipedro37.itch.io,,2025-07-09
https://p776.itch.io,,2025-07-09
https://agrogames.itch.io,,2025-07-09
https://cl-carhart.itch.io,,2025-07-09
https://highhway.itch.io,,2025-07-09
https://hoopercoderz.itch.io,,2025-07-09
https://icy-95.itch.io,,2025-07-09
https://alex-m24.itch.io,,2025-07-09
https://itchedsprunked234.itch.io,,2025-07-09
https://lostprogram.itch.io,,2025-07-09
https://pathe-go.itch.io,,2025-07-09
https://cool-guy782.itch.io,,2025-07-09
https://daniel-paschoalinoto.itch.io,,2025-07-09
https://star-ts.itch.io,,2025-07-09
https://aaronhere.itch.io,,2025-07-09
https://myceliumskull.itch.io,,2025-07-09
https://tyyod.itch.io,,2025-07-09
https://ph4llon.itch.io,,2025-07-09
https://nullanthradev.itch.io,,2025-07-09
https://endyvr.itch.io,,2025-07-09
https://maximumradish.itch.io,,2025-07-09
https://yuumorikawa.itch.io,,2025-07-09
https://tacs-group.itch.io,,2025-07-09
https://cis-centro-de-inovacao.itch.io,,2025-07-09
https://mxarcadia.itch.io,,2025-07-09
https://westacape.itch.io,,2025-07-09
https://error120-studio.itch.io,,2025-07-09
https://bloodoftyrants.itch.io,,2025-07-09
https://seweingames.itch.io,,2025-07-09
https://t-mine18.itch.io,,2025-07-09
https://oxymoron-nonsense.itch.io,,2025-07-09
https://gabriel-gallardo.itch.io,,2025-07-09
https://rodrigogamer42gd.itch.io,,2025-07-09
https://slightly-eroholic.itch.io,,2025-07-09
https://rukansow.itch.io,,2025-07-09
https://la-caps.itch.io,,2025-07-09
https://a86gj3f.itch.io,,2025-07-09
https://timelesserotica.itch.io,,2025-07-09
https://natanmoon.itch.io,,2025-07-09
https://allegedlygames.itch.io,,2025-07-09
https://adamgruber.itch.io,,2025-07-09
https://pz-xyz.itch.io,,2025-07-09
https://gregteam.itch.io,,2025-07-09
https://callianml.itch.io,,2025-07-09
https://spicienoodle.itch.io,,2025-07-09
https://andrewstories.itch.io,,2025-07-09
https://sarethdg.itch.io,,2025-07-09
https://assetpanda.itch.io,,2025-07-09
https://storrymusic.itch.io,,2025-07-09
https://thejolibeejedi.itch.io,,2025-07-09
https://yoshitube.itch.io,,2025-07-09
https://tieslies.itch.io,,2025-07-09
https://slimecubestudios.itch.io,,2025-07-09
https://ziemniok-xd.itch.io,,2025-07-09
https://old-but-gold-games.itch.io,,2025-07-09
https://simonkafle.itch.io,,2025-07-09
https://callum-begley.itch.io,,2025-07-09
https://player-54655.itch.io,,2025-07-09
https://soergamestudio.itch.io,,2025-07-09
https://buddybudd.itch.io,,2025-07-09
https://staaystudio.itch.io,,2025-07-09
https://grokfree.itch.io,,2025-07-09
https://ramnd.itch.io,,2025-07-09
https://500k0os.itch.io,,2025-07-09
https://madisonapf.itch.io,,2025-07-09
https://highrose.itch.io,,2025-07-09
https://dmytro-burlakov.itch.io,,2025-07-09
https://neonytheproducer.itch.io,,2025-07-09
https://607-games.itch.io,,2025-07-09
https://skybluesprunki.itch.io,,2025-07-09
https://toxixus.itch.io,,2025-07-09
https://lionmind.itch.io,,2025-07-09
https://natoblade.itch.io,,2025-07-09
https://spacegoblingames.itch.io,,2025-07-09
https://emlstudio.itch.io,,2025-07-09
https://jadejesp.itch.io,,2025-07-09
https://sickhouse.itch.io,,2025-07-09
https://asmodraws.itch.io,,2025-07-09
https://theblkmn.itch.io,,2025-07-09
https://wise-bu.itch.io,,2025-07-09
https://saoirsedotexe.itch.io,,2025-07-09
https://paracosmia.itch.io,,2025-07-09
https://eldritch-kitten.itch.io,,2025-07-09
https://tango2999.itch.io,,2025-07-09
https://danaross.itch.io,,2025-07-09
https://crowseph.itch.io,,2025-07-09
https://bitsmitten.itch.io,,2025-07-09
https://nyxdwan.itch.io,,2025-07-09
https://chuckles-troll.itch.io,,2025-07-09
https://sylena.itch.io,,2025-07-09
https://ctd75studios.itch.io,,2025-07-09
https://rickygdev.itch.io,,2025-07-09
https://miji-project.itch.io,,2025-07-09
https://helcustom.itch.io,,2025-07-09
https://cemckrc.itch.io,,2025-07-09
https://just-jeremy.itch.io,,2025-07-09
https://theklaus.itch.io,,2025-07-09
https://theglazedham.itch.io,,2025-07-09
https://wapotes.itch.io,,2025-07-09
https://phbarralis.itch.io,,2025-07-09
https://velomony.itch.io,,2025-07-09
https://ojeda.itch.io,,2025-07-09
https://unovi.itch.io,,2025-07-09
https://tornadosimulator.itch.io,,2025-07-09
https://im-about-to-gorp.itch.io,,2025-07-09
https://reallylonglake.itch.io,,2025-07-09
https://hugjunkie.itch.io,,2025-07-09
https://acidatm.itch.io,,2025-07-09
https://musashi-rafa.itch.io,,2025-07-09
https://he32-aew5.itch.io,,2025-07-09
https://cepheus16.itch.io,,2025-07-09
https://penelopeep.itch.io,,2025-07-09
https://flipkaboom.itch.io,,2025-07-09
https://cynthiasnow.itch.io,,2025-07-09
https://andrew-px1.itch.io,,2025-07-09
https://doughnutcleric.itch.io,,2025-07-09
https://nopecopter.itch.io,,2025-07-09
https://emrat.itch.io,,2025-07-09
https://terrorpenguin.itch.io,,2025-07-09
https://rydergames.itch.io,,2025-07-09
https://willardshchavel.itch.io,,2025-07-09
https://eulucastiagolt.itch.io,,2025-07-09
https://mvanvlack.itch.io,,2025-07-09
https://avariwilt.itch.io,,2025-07-09
https://fransetstudios.itch.io,,2025-07-09
https://poiphantasm.itch.io,,2025-07-09
https://movedfizzle.itch.io,,2025-07-09
https://broneche.itch.io,,2025-07-09
https://chunky-jew-ninety-five.itch.io,,2025-07-09
https://guaqgames.itch.io,,2025-07-09
https://su-tart123k.itch.io,,2025-07-09
https://edgecopecorp.itch.io,,2025-07-09
https://incanarcade.itch.io,,2025-07-09
https://zowol.itch.io,,2025-07-09
https://sibolis.itch.io,,2025-07-09
https://shnayil.itch.io,,2025-07-09
https://justhimi.itch.io,,2025-07-09
https://alansio.itch.io,,2025-07-09
https://greatunclenick.itch.io,,2025-07-09
https://jimmys7777.itch.io,,2025-07-09
https://thevortexdev.itch.io,,2025-07-09
https://bewelengames.itch.io,,2025-07-09
https://aerobyte12.itch.io,,2025-07-09
https://baktubak.itch.io,,2025-07-09
https://majanite-studio.itch.io,,2025-07-09
https://rachiecodes.itch.io,,2025-07-09
https://harlie777.itch.io,,2025-07-09
https://themorse.itch.io,,2025-07-09
https://maristan-polunth.itch.io,,2025-07-09
https://elrostros.itch.io,,2025-07-09
https://mitamo.itch.io,,2025-07-09
https://frenzyfro.itch.io,,2025-07-09
https://volaris-himmel.itch.io,,2025-07-09
https://owlfamily.itch.io,,2025-07-09
https://thatdevjack.itch.io,,2025-07-09
https://killrain81.itch.io,,2025-07-09
https://dokivoxel.itch.io,,2025-07-09
https://subc2.itch.io,,2025-07-09
https://thejakery.itch.io,,2025-07-09
https://r4hmi.itch.io,,2025-07-09
https://githubusernotabot.itch.io,,2025-07-09
https://redloftwing.itch.io,,2025-07-09
https://poys.itch.io,,2025-07-09
https://reoverv.itch.io,,2025-07-09
https://circle-ay-ugm.itch.io,,2025-07-09
https://blorpware.itch.io,,2025-07-09
https://palizarobot.itch.io,,2025-07-09
https://alexaltea.itch.io,,2025-07-09
https://davydenko.itch.io,,2025-07-09
https://egbower.itch.io,,2025-07-09
https://bluiwbible.itch.io,,2025-07-09
https://nvb4real.itch.io,,2025-07-09
https://zeloizio.itch.io,,2025-07-09
https://gossamer-coast-press.itch.io,,2025-07-09
https://izfun.itch.io,,2025-07-09
https://delsinsonfire.itch.io,,2025-07-09
https://fantasyr.itch.io,,2025-07-09
https://coolnotcold.itch.io,,2025-07-09
https://thebarpon.itch.io,,2025-07-09
https://loafingstudio.itch.io,,2025-07-09
https://alex-coldfire.itch.io,,2025-07-09
https://lditko.itch.io,,2025-07-09
https://shrugz.itch.io,,2025-07-09
https://softmagic.itch.io,,2025-07-09
https://mewthree809.itch.io,,2025-07-09
https://ryeth.itch.io,,2025-07-09
https://epicdanceman.itch.io,,2025-07-09
https://deadbyy.itch.io,,2025-07-09
https://kwfancy.itch.io,,2025-07-09
https://l9cas.itch.io,,2025-07-09
https://norewardgames.itch.io,,2025-07-09
https://eivver.itch.io,,2025-07-09
https://ianvv.itch.io,,2025-07-09
https://toponou.itch.io,,2025-07-09
https://lucasmagookis.itch.io,,2025-07-09
https://skeletonizerstrawberries.itch.io,,2025-07-09
