loc,lastmodified,added_date
https://kegnnor.itch.io/therosebush/devlog/45597/bug-fix-as-ironic-as-it-sounds,,2026-06-03
https://alictronic-games.itch.io/dimension-shifters/devlog/545460/v121-update,,2026-06-03
https://alictronic-games.itch.io/dimension-shifters/devlog/548067/v130-update,,2026-06-03
https://appletruffle.itch.io/kawaii-shoot-em-up/devlog/576015/more-development-underway,,2026-06-03
https://notquiterightstudio.itch.io/special-ed-skirmish/devlog/577437/special-ed-skirmish-early-bug-fixes,,2026-06-03
https://notquiterightstudio.itch.io/special-ed-skirmish/devlog/581672/special-ed-skirmish-version-004,,2026-06-03
https://maddyegames.itch.io/mt/devlog/619996/update-002g,,2026-06-03
https://notquiterightstudio.itch.io/special-ed-skirmish/devlog/640052/special-ed-skirmish-version-005,,2026-06-03
https://curlform.itch.io/fried-rice-at-jerrys/devlog/650428/fried-rice-at-jerrys-update-1,,2026-06-03
https://curlform.itch.io/fried-rice-at-jerrys/devlog/650866/fried-rice-at-jerrys-update-2-small-update,,2026-06-03
https://curlform.itch.io/fried-rice-at-jerrys/devlog/654220/fried-rice-at-jerrys-update-3,,2026-06-03
https://curlform.itch.io/fried-rice-at-jerrys/devlog/667481/fried-rice-at-jerrys-update-4,,2026-06-03
https://walkablecity.itch.io/carnivalis/devlog/668555/update-1,,2026-06-03
https://alictronic-games.itch.io/dimension-shifters/devlog/669534/v20-attack-of-the-mouse,,2026-06-03
https://walkablecity.itch.io/carnivalis/devlog/669611/update-2,,2026-06-03
https://notquiterightstudio.itch.io/special-ed-skirmish/devlog/699772/special-ed-skirmish-version-006,,2026-06-03
https://curlform.itch.io/fried-rice-at-jerrys/devlog/706763/fried-rice-at-jerrys-is-now-in-full-release,,2026-06-03
https://reallynotmivioon.itch.io/oil-worker/devlog/710569/preloadv1-note,,2026-06-03
https://reallynotmivioon.itch.io/oil-worker/devlog/710615/011-note,,2026-06-03
https://reallynotmivioon.itch.io/oil-worker/devlog/717416/preloadv2-note,,2026-06-03
https://reallynotmivioon.itch.io/oil-worker/devlog/727964/preloadv3-note,,2026-06-03
https://curlform.itch.io/pipedemoniumalpha/devlog/753744/currently-unnamed-horror-plumbing-game-devlog-1,,2026-06-03
https://curlform.itch.io/pipedemoniumalpha/devlog/755354/currently-unnamed-horror-plumbing-game-devlog-2,,2026-06-03
https://curlform.itch.io/pipedemoniumalpha/devlog/762759/pipedemonium-alpha-devlog-3,,2026-06-03
https://curlform.itch.io/pipedemoniumalpha/devlog/779670/pipedemonium-alpha-devlog-4,,2026-06-03
https://nss07.itch.io/blue-lotus-ninja/devlog/839926/devlog-1-player-antagonist-and-text-engine,,2026-06-03
https://appletruffle.itch.io/fire-performer/devlog/851105/current-progress,,2026-06-03
https://nss07.itch.io/blue-lotus-ninja/devlog/854814/devlog-2-new-battling-mechanics,,2026-06-03
https://appletruffle.itch.io/fire-performer/devlog/857869/gamejam-ended-reflection,,2026-06-03
https://nss07.itch.io/blue-lotus-ninja/devlog/858535/adding-the-first-boss-fight-devlog-3,,2026-06-03
https://curlform.itch.io/fried-rice-at-jerrys/devlog/885338/fraj-biggest-update-yet,,2026-06-03
https://chinsgames.itch.io/megans-prom-makeover/devlog/898327/bug-fix-march-3rd,,2026-06-03
https://thestaticroom.itch.io/strawberry-gashes/devlog/900934/rebrand-update,,2026-06-03
https://thestaticroom.itch.io/radio-broadcast-at-the-end-of-the-world/devlog/900935/rebrand-update,,2026-06-03
https://thestaticroom.itch.io/make-a-necromancer/devlog/900936/rebrand-update,,2026-06-03
https://thestaticroom.itch.io/krampusnacht/devlog/900940/rebrand-update,,2026-06-03
https://thestaticroom.itch.io/gg1-transcend/devlog/900948/rebrand-update,,2026-06-03
https://thestaticroom.itch.io/astral-glow-beta/devlog/900954/rebrand-update,,2026-06-03
https://coolfreegamesmabye.itch.io/main-page/devlog/914000/live-danm,,2026-06-03
https://alictronic-games.itch.io/stars-of-the-valkyrie/devlog/919535/hot-fix-101,,2026-06-03
https://alictronic-games.itch.io/stars-of-the-valkyrie/devlog/921252/hot-fix-102,,2026-06-03
https://alictronic-games.itch.io/stars-of-the-valkyrie/devlog/925688/hot-fix-103,,2026-06-03
https://thekingharem.itch.io/mai-fuyuki-p1/devlog/977355/mai-fuyuki-hokkaido-gals-are-super-adorable-p1,,2026-06-03
https://thekingharem.itch.io/mai-natsume-p1/devlog/979814/mai-natsume-blazblue-p1,,2026-06-03
https://nss07.itch.io/beastbound-survival/devlog/997206/beastbound-survival-devlog-1,,2026-06-03
https://nss07.itch.io/beastbound-survival/devlog/1025897/devlog-2-weather-effects-and-mining,,2026-06-03
https://kitkenk.itch.io/data-miner/devlog/1033119/what-even-is-this,,2026-06-03
https://quinnandtonics.itch.io/field-notes/devlog/1035531/bring-out-your-ghosts,,2026-06-03
https://kegnnor.itch.io/clockwork/devlog/88333/major-update,,2026-06-03
https://sensi-games.itch.io/lustful-heist-v03/devlog/1102147/devlog-update-chapter-2-v02-released,,2026-06-03
https://thekingharem.itch.io/miss-fortune-p2/devlog/1112130/miss-fortune-league-of-legends-p2,,2026-06-03
https://curlform.itch.io/pipedemonium-first-hour/devlog/1113167/pipedemonium-now-has-donation-payment,,2026-06-03
https://infinitylie.itch.io/before-the-last-breath/devlog/1129505/thanks,,2026-06-03
https://thekingharem.itch.io/medaka-kurokami-commissioned-p1/devlog/1130208/medaka-kurokami-medaka-box-commissioned-p1,,2026-06-03
https://infinitylie.itch.io/before-the-last-breath/devlog/1131453/devlog-1,,2026-06-03
https://infinitylie.itch.io/before-the-last-breath/devlog/1131752/update-v11-new-transitions-atmosphere-boost,,2026-06-03
https://tomyself.itch.io/interact-with-me/devlog/1142756/interact-with-me,,2026-06-03
https://curlform.itch.io/pipedemonium-first-hour/devlog/1142861/tweaked-blob-shadows,,2026-06-03
https://infinitylie.itch.io/before-the-last-breath/devlog/1154551/devlog-update-102,,2026-06-03
https://stonedeadshred.itch.io/axeslinger/devlog/1189852/axeslinger-is-on-steam,,2026-06-03
https://thekingharem.itch.io/meer-campbell-p1/devlog/1191080/meer-campbell-gundam-seed-p1,,2026-06-03
https://sderfxdev.itch.io/kourush/devlog/1308025/important-notes,,2026-06-03
https://sderfxdev.itch.io/kourush/devlog/1311947/new-ui-update-coming-,,2026-06-03
https://stonedeadshred.itch.io/axeslinger/devlog/1320469/huge-update,,2026-06-03
https://thestaticroom.itch.io/errand-of-mercy/devlog/1322600/release,,2026-06-03
https://walkablecity.itch.io/dead-hand/devlog/1325929/10-launch-of-dead-hand,,2026-06-03
https://sderfxdev.itch.io/kourush/devlog/1327519/new-ui-controls-tips-cosmetics-and-much-more-upcoming-,,2026-06-03
https://infinitylie.itch.io/before-the-last-breath-webvers/devlog/1334868/web-version-game,,2026-06-03
https://thekingharem.itch.io/marlone-p1/devlog/1341563/marlone-atelier-marie-remake-the-alchemist-of-salburg-p1,,2026-06-03
https://stonedeadshred.itch.io/axeslinger/devlog/1349996/patch-101,,2026-06-03
https://hadesvapeur8.itch.io/ashes-of-rebirth/devlog/1350115/devlog-3-cubes-blender-et-rebond-professionnel,,2026-06-03
https://sderfxdev.itch.io/kourush/devlog/1357269/your-thoughts-what-do-you-think-of-the-game-kourush-,,2026-06-03
https://thekingharem.itch.io/misaki-gundou-p1/devlog/1375391/misaki-gundou-tomo-chan-is-a-girl-p1,,2026-06-03
https://thekingharem.itch.io/misuzu-gundou-p1/devlog/1375488/misuzu-gundou-tomo-chan-is-a-girl-p1,,2026-06-03
https://goragarxgamedev.itch.io/room-713-demo/devlog/1384396/patch-notes-demo-version-11,,2026-06-03
https://peashooter187lol.itch.io/anotherretakeofsprunki/devlog/1384635/170-is-back,,2026-06-03
https://onilomix.itch.io/nrfl/devlog/1411625/aslprototypever0,,2026-06-03
https://curlform.itch.io/pipedemonium-first-hour/devlog/1413557/pipedemonium-now-uses-gles3,,2026-06-03
https://appletruffle.itch.io/laikas-escape/devlog/1447965/first-week-furry-game-jam,,2026-06-03
https://hadesvapeur8.itch.io/ashes-of-rebirth/devlog/1453006/devlog-3-cubes-blender-and-professional-rebound,,2026-06-03
https://ayaxcv.itch.io/ayax-cdigo-verde-beta/devlog/1453589/beta-11,,2026-06-03
https://ayaxcv.itch.io/ayax-cdigo-verde-beta/devlog/1453590/beta-11,,2026-06-03
https://onilomix.itch.io/nrfl/devlog/1454067/aslprototypever01,,2026-06-03
https://curlform.itch.io/pipedemonium-first-hour/devlog/1461207/pipedemonium-first-hour-re-release,,2026-06-03
https://mihirjoshicodi.itch.io/incredibox-template-engine-111/devlog/1464314/whithout-html5-last-year,,2026-06-03
https://thekingharem.itch.io/maria-p1/devlog/1465981/maria-victorian-maid-maria-no-houshi-p1,,2026-06-03
https://thekingharem.itch.io/lohengrin-p1/devlog/1469711/lohengrin-lost-sword-p1,,2026-06-03
https://oneinzero.itch.io/keep-the-dragon/devlog/1473021/feed-the-dragon-first-beta-release,,2026-06-03
https://wizi-games.itch.io/rumble-club/devlog/1475445/devlog-191,,2026-06-03
https://curlform.itch.io/pipedemonium-first-hour/devlog/1477297/pipedemonium-hour-2-announcement,,2026-06-03
https://thepipiw.itch.io/kingdom-of-marionettes/devlog/1480018/thank-you-march-2026-devlog,,2026-06-03
https://inmara.itch.io/shed-everything/devlog/1481618/copy-edited-version-uploaded,,2026-06-03
https://inmara.itch.io/shed-everything/devlog/1482613/pdf-available,,2026-06-03
https://ent12232.itch.io/gorilla-tag-horror-retold/devlog/1486381/released,,2026-06-03
https://ent12232.itch.io/gorilla-tag-horror-retold/devlog/1488945/update-1,,2026-06-03
https://rgtgamestudios.itch.io/vitalis-laboratories-older/devlog/1489695/vitalis-laboratories-launch,,2026-06-03
https://ent12232.itch.io/gorilla-tag-horror-retold/devlog/1491744/moving-updates,,2026-06-03
https://ent12232.itch.io/gorilla-tag-horror-retold/devlog/1493253/project-canceled,,2026-06-03
https://andrewp-fun.itch.io/super-phantasy-fighters/devlog/1496310/version-155-shadowdrop-training-mode-spftv,,2026-06-03
https://thestaticroom.itch.io/errand-of-mercy/devlog/1498458/grammar-edits,,2026-06-03
https://weirdfellows.itch.io/wizard-school-dropout/devlog/1501414/release-preview-16-cult-of-personality,,2026-06-03
https://lispy-gopher-show.itch.io/dl-roc-lisp/devlog/1502166/six-edit-4-got-turned-around-dimensional-hextille-boondoggle-acl2-mcclim-common-lisp,,2026-06-03
https://wizi-games.itch.io/rumble-club/devlog/1504478/epic-update-191,,2026-06-03
https://wrstudios.itch.io/sunrise/devlog/1509792/v202645-now-available-30-sale,,2026-06-03
https://inmara.itch.io/girldragongizzard/devlog/1514819/file-updated-fixed-table-of-contents,,2026-06-03
https://thevivs.itch.io/combat-mimic/devlog/1518642/mimikyu-tinkaton-variant,,2026-06-03
https://billy-bobjohnson.itch.io/a-day-in-the-life-of-spongebob/devlog/1522122/update-log-v10,,2026-06-03
https://cindros109.itch.io/endlesss/devlog/1523764/bugfix-1,,2026-06-03
https://nesery-games.itch.io/sol-aurum/devlog/1524994/sol-aurum-dev-log-1-beta-launch,,2026-06-03
https://nesery-games.itch.io/sol-aurum/devlog/1524998/legal-notice,,2026-06-03
https://nesery-games.itch.io/sol-aurum/devlog/1525000/privacy-policy,,2026-06-03
https://nesery-games.itch.io/sol-aurum/devlog/1525095/sol-aurum-dev-log-2-save-game-migration,,2026-06-03
https://nesery-games.itch.io/sol-aurum/devlog/1525116/sol-aurum-dev-log-2,,2026-06-03
https://nesery-games.itch.io/sol-aurum/devlog/1525301/sol-aurum-dev-log-3,,2026-06-03
https://miyasaymiau.itch.io/silentevidenceact1/devlog/1526226/data-de-lanamentorelease-date,,2026-06-03
https://nesery-games.itch.io/sol-aurum/devlog/1526802/sol-aurum-dev-log-4,,2026-06-03
https://glazial.itch.io/holonoptic/devlog/1527246/minor-patch-110-now-live-hotfixes,,2026-06-03
https://chinsgames.itch.io/ragatha/devlog/1527856/ragathas-pony-adventure,,2026-06-03
https://vanguard-01.itch.io/quanti-finals-steel-front-iron-dash/devlog/1527882/small-update,,2026-06-03
https://oriuan.itch.io/scraptactics/devlog/1529460/scraptactics-gameplay-update-12,,2026-06-03
https://slyblackbird.itch.io/corvinus/devlog/1529965/corvinus-proof-of-concept-demo-released,,2026-06-03
https://nesery-games.itch.io/sol-aurum/devlog/1530319/sol-aurum-dev-log-5,,2026-06-03
https://miyasaymiau.itch.io/silentevidenceact1/devlog/1530879/data-confirmadadate-confirmed,,2026-06-03
https://nesery-games.itch.io/sol-aurum/devlog/1531734/sol-aurum-dev-log-6,,2026-06-03
https://tsgsayshi.itch.io/surface-tilesets/devlog/1534024/added-sand-biome,,2026-06-03
https://pumpkin-spike.itch.io/jincan-underground/devlog/1536037/jincan-underground-chapter-13-update,,2026-06-03
https://caidn.itch.io/color-collision-2/devlog/1536561/early-demo-release,,2026-06-03
https://itch.io/blog/1536616/mega-bundle-is-live-2200-fx-for-3999-future-packs-free-for-bundle-holders,,2026-06-03
https://mountainfoot.itch.io/its-worse-than-that-vol-3/devlog/1536815/vol-3-changed-the-thesis,,2026-06-03
https://chaosdragon0824.itch.io/project-minishworking-title/devlog/1536867/june-2026-post,,2026-06-03
https://thestaticroom.itch.io/vhs-collecting/devlog/1537078/sorry-tape-mold,,2026-06-03
https://idrellegames.itch.io/wayfarer/devlog/1537231/celebrating-wayfarer-day,,2026-06-03
https://itch.io/blog/1537533/3-games-for-199-limited-time-bundle,,2026-06-03
https://froghousedev.itch.io/anthrim/devlog/1537674/anthrim-b0332,,2026-06-03
https://arkinum.itch.io/i-couldnt-become-a-farmer-so-i-decided-to-capture-and-breed-monster-girls-instea/devlog/1537707/project-farm-sim-progress-update-june-2026,,2026-06-03
https://gulliver-de-clercq.itch.io/hunters-arc/devlog/1537948/devlog-05-finalizing-throw,,2026-06-03
https://vanceism7.itch.io/blast-project/devlog/1538109/blast-project-alpha-demo,,2026-06-03
https://afg-studios.itch.io/ascii-fishing-game/devlog/1538405/version-10-official-release,,2026-06-03
https://billy-bobjohnson.itch.io/brads-peanut-butter/devlog/1538600/update-log-v25,,2026-06-03
https://atreyu-james.itch.io/meins-quest-demo-2/devlog/1538677/mein-progress-new-project-dev-update,,2026-06-03
https://tauvale.itch.io/block-puzzle/devlog/1538696/block-tetris,,2026-06-03
https://theflame231.itch.io/project-sp/devlog/1538843/project-sp-patch-notes-v-00125,,2026-06-03
https://miyasaymiau.itch.io/silentevidenceact1/devlog/1538875/now-available-for-download,,2026-06-03
https://jonasz-o.itch.io/3d-paint/devlog/1538944/update-5,,2026-06-03
https://toddln.itch.io/lumen-nexus/devlog/1539038/playtest-week-70-issues-two-tiny-islands-and-a-failed-asteroid,,2026-06-03
https://topojinn.itch.io/mrsaw-devlogs/devlog/1539045/multiplayer-local-vs-and-cloud-save,,2026-06-03
https://miyasaymiau.itch.io/silentevidenceact1/devlog/1539064/mobile-version,,2026-06-03
https://nss07.itch.io/basic-platformer-tileset/devlog/1539262/released-free-platformer-assets,,2026-06-03
https://topojinn.itch.io/mrsaw-devlogs/devlog/1539522/multiplayer-system-crashed,,2026-06-03
https://jonasz-o.itch.io/3d-paint/devlog/1539579/update-6,,2026-06-03
https://howingp.itch.io/rcdr/devlog/1539595/devlog-4-update-0470,,2026-06-03
https://wizi-games.itch.io/rumble-club/devlog/1539607/rumble-devlog-193,,2026-06-03
https://caidn.itch.io/color-collision-2/devlog/1539751/1001-alpha-release-magnets-and-bombs,,2026-06-03
https://hyper0oooo.itch.io/maze-of-shadow-blood/devlog/1539787/survive-maze-if-you-can,,2026-06-03
https://dglarry.itch.io/peapod-scout/devlog/1539909/web-version-available,,2026-06-03
https://2ddude.itch.io/stack-dash/devlog/1539969/stack-dash-is-live,,2026-06-03
https://aktomik.itch.io/food-truc/devlog/1539998/il-est-temps-de-venir-manger-au-food-truc,,2026-06-03
https://spacedog80.itch.io/kukuruchi/devlog/1540029/kukuruchi-main-game-page-what-everything-does,,2026-06-03
https://miyasaymiau.itch.io/silentevidenceact1/devlog/1540031/future-updatesatualizaes-futuras,,2026-06-03
https://spacedog80.itch.io/kukuruchi/devlog/1540044/the-planetary-wizard-the-market-whisperer,,2026-06-03
https://spacedog80.itch.io/kukuruchi/devlog/1540055/kukuruchi-v054-whats-new,,2026-06-03
https://milkplus.itch.io/7388/devlog/1540148/7388lovinggrace-june-2026-monthly-progress-report,,2026-06-03
https://itch.io/blog/1540150/power-of-pride-bundle-2026-participation-announcement,,2026-06-03
https://mobilelast.itch.io/hanaa/devlog/1540156/happened-in-hanaa-vol-52-may-25-31-2026,,2026-06-03
https://itch.io/blog/1540259/pride-month-sale-2026,,2026-06-03
https://javitron.itch.io/game/devlog/1540346/v09,,2026-06-03
https://javitron.itch.io/game/devlog/1540348/v10,,2026-06-03
https://bodinhe.itch.io/takecareofthedog/devlog/1540404/take-care-of-the-cat-15k-downloads,,2026-06-03
https://mwmaresch.itch.io/frog-cop/devlog/1540469/where-this-game-came-from,,2026-06-03
https://grimkitty-productions.itch.io/gd-nexitron/devlog/1540491/nexitron-monthly-devlog-6126,,2026-06-03
https://sleepycatcafe.itch.io/days-at-the-sleepy-cat-bookstore/devlog/1540492/demo-launch,,2026-06-03
https://rafilepage.itch.io/curioshop-idle-game/devlog/1540538/untitled-curio-shop-project-devlog-2,,2026-06-03
https://itch.io/blog/1540572/tales-from-beyond-mc-traits-added,,2026-06-03
https://onilomix.itch.io/nrfl/devlog/1540589/nobody-returns-from-lornfield-prototype-release,,2026-06-03
https://itch.io/blog/1540602/before-the-internet,,2026-06-03
https://gameopen.itch.io/theres-no-escape-from-fate/devlog/1540615/-theres-no-escape-from-fate,,2026-06-03
https://fauxface.itch.io/pulse/devlog/1540627/version-12-the-polish-oomph,,2026-06-03
https://simjim.itch.io/design-my-drink/devlog/1540646/releasing-first-demo-into-the-void,,2026-06-03
https://hhrichards.itch.io/lewd-mod-2/devlog/1540684/day-48-available-on-itchio-day-491-on-patreon,,2026-06-03
https://topojinn.itch.io/mrsaw-devlogs/devlog/1540691/boss-added-and-camera-bug-fixed,,2026-06-03
https://itch.io/blog/1540705/the-cockpit-update-15-warning-nsfw,,2026-06-03
https://elushis.itch.io/cielchan-desktop-ai-companion/devlog/1540718/v172-released-world-diorama-ui-improvements-more,,2026-06-03
https://seduga.itch.io/dornhald/devlog/1540719/the-big-overhaul-world-rework-new-shields-talents,,2026-06-03
https://anxiousnoob.itch.io/coral-reap-prototype/devlog/1540729/adding-fish-and-building-blocks,,2026-06-03
https://innovative-exe.itch.io/project1526/devlog/1540739/112-update-added-sound-to-the-game,,2026-06-03
https://yareel.itch.io/playforfree/devlog/1540742/pride-month-update-is-live,,2026-06-03
https://elushis.itch.io/cielchan-desktop-ai-companion-free/devlog/1540761/v172-released-world-diorama-ui-improvements-more,,2026-06-03
https://ballzythegame.itch.io/ballzy/devlog/1540787/ballzy-v152-android-release-on-itchio,,2026-06-03
https://pozzanghera33.itch.io/dead-before-work-the-commute/devlog/1540803/-dead-before-work-the-commute-ver-050-release-english,,2026-06-03
https://derelict-pixels.itch.io/astro-knight-sludge-lands-tile-set/devlog/1540813/top-down-free-astro-knight-tile-set,,2026-06-03
https://peazygs.itch.io/into-nardath/devlog/1540814/alpha-v098-monster-hunter,,2026-06-03
https://itch.io/blog/1540815/happy-pride-month,,2026-06-03
https://iam-meme.itch.io/idpd-playable-characters/devlog/1540816/first-update,,2026-06-03
https://ggxgg.itch.io/screenbot/devlog/1540817/universal-screen-bot,,2026-06-03
https://wizi-games.itch.io/eggy-party/devlog/1540818/eggy-devlog-1,,2026-06-03
https://jiawen-li.itch.io/final-project/devlog/1540819/content-organization-and-card-style-establishmentziyuan-lin-unlock-game-progress-3,,2026-06-03
https://strainttrpg.itch.io/strain/devlog/1540820/time-is-always-running-out-how-strains-round-tracker-works,,2026-06-03
https://apktodo.itch.io/pawn-pleasure-free-release-apk/devlog/1540821/0522-moan-2-new-animated-scene,,2026-06-03
https://itch.io/blog/1540822/pandit-ji-for-puja-in-noida,,2026-06-03
https://disruptorart.itch.io/infinity-fleet/devlog/1540823/daily-ship-9,,2026-06-03
https://ancient-alien-art.itch.io/ancient-helio/devlog/1540824/-week-1-launch-,,2026-06-03
https://princeonapie.itch.io/the-bestest-knight/devlog/1540825/web-build,,2026-06-03
https://killibeast.itch.io/sawrush/devlog/1540826/v050,,2026-06-03
https://postdev.itch.io/psx-kitchen/devlog/1540827/psx-kitchen-update-2,,2026-06-03
https://lendario888.itch.io/calabouododragao/devlog/1540828/nova-verso-focada-em-esqueletos,,2026-06-03
https://brodadbrickworks.itch.io/brassbound-knights-of-the-air/devlog/1540829/an-update-is-coming,,2026-06-03
https://venomlizard.itch.io/junk-of-knight/devlog/1540830/progress-line-ov-av-restraints-complete-hypnosis-restraint-added,,2026-06-03
https://lallakkes.itch.io/breakflow/devlog/1540831/added-cheat-in-my-game,,2026-06-03
https://andrealphus.itch.io/love-sex-second-base/devlog/1540832/lssb-265-may-2026-update,,2026-06-03
https://sensei-xiongmao.itch.io/trashmageddon-recycled/devlog/1540833/hotfix-update-public-beta-v0111,,2026-06-03
https://codeurchins.itch.io/travelling-spacer/devlog/1540834/demo-v03-now-live,,2026-06-03
https://nursedashie.itch.io/my-little-pony-rpg-vii/devlog/1540835/playing-the-waiting-game-june-2026-devlog,,2026-06-03
https://stillthinkingstudio.itch.io/surreal-bowling/devlog/1540836/game-access-conference-26,,2026-06-03
https://tjonestj.itch.io/spell-duel/devlog/1540837/v050,,2026-06-03
https://esodev.itch.io/esoteric-erotica/devlog/1540838/esoteric-update-356-with-item,,2026-06-03
https://itch.io/blog/1540839/the-gaymie-award-nominations,,2026-06-03
https://lennerd.itch.io/test-project/devlog/1540840/test-devlog,,2026-06-03
https://cheeseness.itch.io/fossil-sweeper/devlog/1540841/may-2026-progress,,2026-06-03
https://sapphiemoondancer.itch.io/crystal-genesis/devlog/1540842/crystal-genesis-v107,,2026-06-03
https://comeback-looplabs.itch.io/matching-number/devlog/1540843/0000537,,2026-06-03
https://lennerd.itch.io/thank-you-dont-come-again-demo/devlog/1540844/minor-patch-v101,,2026-06-03
https://lallakkes.itch.io/breakflow/devlog/1540846/added-uzi-gun-spin-too,,2026-06-03
https://digiflore.itch.io/gem-tactician/devlog/1540847/devlog-4,,2026-06-03
https://hardenville.itch.io/hardenville/devlog/1540848/hardenville-legacy-v025-v027,,2026-06-03
https://uwvelocity.itch.io/youre-hired/devlog/1540849/update-jun-1,,2026-06-03
https://kosmocat.itch.io/board-game-companion/devlog/1540850/android-app-visual-tweaks-feature-balance,,2026-06-03
https://krivetka1023.itch.io/shadow-verse-short-game-god-of-light/devlog/1540851/new-shadow-verse-short-game-released,,2026-06-03
https://idyllune.itch.io/champion-of-i/devlog/1540852/development-update-since-version-0031,,2026-06-03
https://elpadlos.itch.io/gribnik/devlog/1540854/1-year-boss-,,2026-06-03
https://craun.itch.io/go-dj/devlog/1540855/go-dj-foundations-established,,2026-06-03
https://rachellovestocreate.itch.io/the-woman-next-door/devlog/1540856/hello-there,,2026-06-03
https://rmyszka.itch.io/magic-crafting-prototype/devlog/1540857/update-7-world-expands,,2026-06-03
https://thepipiw.itch.io/kingdom-of-marionettes/devlog/1540858/may-2026-devlog,,2026-06-03
https://zstarczali.itch.io/visual-assembler-commodore-64/devlog/1540859/visual-assembler-168-is-out,,2026-06-03
https://thedataman.itch.io/watcherexe/devlog/1540860/game-out-now,,2026-06-03
https://tristan-delheye.itch.io/unique-ability-system/devlog/1540861/prototyping-phase-2,,2026-06-03
https://8080.itch.io/qdock/devlog/1540862/qdock-v225,,2026-06-03
https://gulliver-de-clercq.itch.io/hunters-arc/devlog/1540863/devlog-06-curved-throws,,2026-06-03
https://uvost.itch.io/the-bird-of-the-north/devlog/1540864/the-bird-of-the-north-on-steam-demo-and-release,,2026-06-03
https://sporian.itch.io/agent-of-the-register/devlog/1540865/new-zine-from-the-author,,2026-06-03
https://sporian.itch.io/dont-kiss-your-friends/devlog/1540866/new-zine-from-the-author,,2026-06-03
https://kibyra.itch.io/magic-potions-icons-pixel-art-pack/devlog/1540867/small-cleanup-update,,2026-06-03
https://tiberianerin.itch.io/our-cube/devlog/1540868/almost-the-ending-update-patch-1,,2026-06-03
https://peyre.itch.io/baldis-awesome-basics/devlog/1540869/fix-and-new-stuff,,2026-06-03
https://benwesty.itch.io/legend-of-mir-2-idle/devlog/1540870/added-tao-class,,2026-06-03
https://spkiller31.itch.io/love-castaways/devlog/1540871/love-castaways-v060-public-release,,2026-06-03
https://kylariria.itch.io/suns-arrival-2/devlog/1540873/v121-update,,2026-06-03
https://kenney.itch.io/kenney-solitaire/devlog/1540874/version-12,,2026-06-03
https://rockbotom.itch.io/forsaken/devlog/1540875/another-version-of-ellaila,,2026-06-03
https://lachie1999.itch.io/octopus-scanner/devlog/1540876/update-log-5080-minor-update,,2026-06-03
https://rockbotom.itch.io/forsaken/devlog/1540877/test-level,,2026-06-03
https://itch.io/blog/1540878/-important-comunication-,,2026-06-03
https://starstunna.itch.io/layer-sy/devlog/1540879/layer-sy-out-now,,2026-06-03
https://thatdokuguy.itch.io/chill-panther/devlog/1540880/bringing-ghanaian-rhythms-to-indie-game-music-the-story-behind-the-sounds,,2026-06-03
https://mendercap.itch.io/dwellers-under-the-high-grave/devlog/1540881/character-sheet-now-available,,2026-06-03
https://nox-productions.itch.io/the-last-embrace-demo/devlog/1540882/the-queer-adult-collection-bundle,,2026-06-03
https://ani-games.itch.io/graveboy-crowfeet-quest-for-skulls/devlog/1540883/games-out,,2026-06-03
https://itch.io/blog/1540884/tips-hints-ask-here,,2026-06-03
https://sensi-games.itch.io/lustful-heist-v03/devlog/1540885/lustful-heist-v03-part-1,,2026-06-03
https://wizi-games.itch.io/slapshot/devlog/1540886/-important-update-from-wizi-games,,2026-06-03
https://sqrgames.itch.io/beastgrid/devlog/1540887/beastgrid-010-web-alpha-is-live,,2026-06-03
https://gamessafu.itch.io/just-futanari-3/devlog/1540888/ver083,,2026-06-03
https://wimpycat01.itch.io/the-hibernator-education-edition/devlog/1540890/the-hibernator-education-edition-alpha-09,,2026-06-03
https://itch.io/blog/1540891/major-update-final-alpha-core-rulebook,,2026-06-03
https://papitas319.itch.io/casino/devlog/1540892/casino-assets-free,,2026-06-03
https://itch.io/blog/1540893/complete-bundle-all-coco-audio-library-packs,,2026-06-03
https://samuc16.itch.io/pac-man-labirincejos-fuga-de-pac-city/devlog/1540894/atualizao-65-labirincejos-,,2026-06-03
https://itch.io/blog/1540895/6-more-procedural-fx-packs-added-weather-ui-notification-smoke-fire-footstep-boss-telegraph-damage-numbers,,2026-06-03
https://memoriesofsunshine.itch.io/the-miskatonic-experience/devlog/1540897/10-release,,2026-06-03
https://randomdude87.itch.io/the-elevator-121/devlog/1540898/12,,2026-06-03
https://userwalker1.itch.io/new-line-option-chess/devlog/1540899/new-line-option-chess,,2026-06-03
https://orhstudio.itch.io/wuxia-earrings-icons/devlog/1540900/wuxia-earrings-icons-now-available-free,,2026-06-03
https://warmmilkgames.itch.io/aetherial/devlog/1540902/update-03-lod,,2026-06-03
https://jakezemeckis.itch.io/absolutely-awesome-fantasy-names-and-names-generator/devlog/1540903/update-v11,,2026-06-03
https://jbirch2002.itch.io/suction-stampede/devlog/1540904/patch-v040,,2026-06-03
https://voidedgamestudio.itch.io/others-shoes/devlog/1540905/update-v11-june-1,,2026-06-03
https://nrutd.itch.io/elemensional-rift/devlog/1540906/elemensional-rift-update-v0627,,2026-06-03
https://nicklysuffer-da.itch.io/inflation-roulette-reloaded/devlog/1540907/addendum-v3-cancellation,,2026-06-03
https://gummyskunk.itch.io/nybble/devlog/1540908/v062-released,,2026-06-03
https://bobddadoo.itch.io/tiny-questers-warrior/devlog/1540909/working-on-a-tiny-questers-npc-pack,,2026-06-03
https://lakamfo.itch.io/zombies-must-die/devlog/1540910/20-release,,2026-06-03
https://ipixelgames.itch.io/eneider/devlog/1540911/eneider-beta-33,,2026-06-03
https://mailygamesinc.itch.io/poppy-playtime-chapter-6/devlog/1540912/major-update-v20,,2026-06-03
https://fredj11.itch.io/online/devlog/1540913/v010,,2026-06-03
https://fredj11.itch.io/online/devlog/1540914/v011,,2026-06-03
https://nomaxart.itch.io/conway/devlog/1540915/conway-update-24-is-now-available,,2026-06-03
https://cape215-dev.itch.io/idle-boxing-club/devlog/1540916/idle-boxing-club-version-100,,2026-06-03
https://fredj11.itch.io/online/devlog/1540917/v020,,2026-06-03
https://rhedak.itch.io/panzer-island-web/devlog/1540918/landing-cutscene-and-character-narration-2026-06-01,,2026-06-03
https://fredj11.itch.io/online/devlog/1540919/v021,,2026-06-03
https://gonzobeanz.itch.io/monster-smoosh/devlog/1540921/my-first-release,,2026-06-03
https://roadkillcandy.itch.io/moth-pew-pew/devlog/1540922/art,,2026-06-03
https://throwpup.itch.io/ad-nauseam-the-wrong-side/devlog/1540923/still-working,,2026-06-03
https://fractalisstudio.itch.io/obsolete-salvation-protocol/devlog/1540924/new-demo-trailer-to-replace-the-old-one,,2026-06-03
https://polytricity.itch.io/the-c64-dev-machine/devlog/1540925/updates-lighting-fast-saving-and-loading,,2026-06-03
https://vonfervorich.itch.io/vampiras-lesbianas-del-espacio-exterior/devlog/1540928/vampiras-lesbianas-aliens,,2026-06-03
https://lukeandfriends.itch.io/luke-and-friends-mansion-mystery/devlog/1540929/small-mansion-mystery-update,,2026-06-03
https://samuc16.itch.io/pac-man-labirincejos-fuga-de-pac-city/devlog/1540930/atualizao-70-labirincejos-,,2026-06-03
https://chris-tutorials.itch.io/grid-placement-godot/devlog/1540931/grid-placement-v508-thread-safe-physics-support-drag-building-fixes,,2026-06-03
https://libernoidev.itch.io/psx-weapon-m16-rifle/devlog/1540932/heres-m16,,2026-06-03
https://andolt.itch.io/lifes-gate/devlog/1540933/lifes-gate-01-release,,2026-06-03
https://samasgari.itch.io/gjerdingsaeterkvadet/devlog/1540934/hvile-kurerer-hjernerystelse,,2026-06-03
https://drleria.itch.io/badlucktano/devlog/1540935/new-update-working,,2026-06-03
https://krystal-games.itch.io/mask-of-dead-alt-prototype/devlog/1540936/big-rebuild-update-to-v-100,,2026-06-03
https://studiopeaches.itch.io/tri-city-monsters/devlog/1540937/major-news-regarding-route-endings-and-pricing,,2026-06-03
https://touklakos.itch.io/mainly-daft-adventures/devlog/1540938/made-of-stardust,,2026-06-03
https://starlord501st.itch.io/who-was-kyle/devlog/1540939/added-linux-version,,2026-06-03
https://belezoro.itch.io/matema/devlog/1540940/matema-v003-,,2026-06-03
https://samuc16.itch.io/pac-man-labirincejos-fuga-de-pac-city/devlog/1540941/triste-notcia,,2026-06-03
https://shinyleefeon.itch.io/isekai-supporter/devlog/1540942/dialogue-system,,2026-06-03
https://prethzyus.itch.io/sharpest-adventure/devlog/1540943/devlog-for-may-new-mechanics,,2026-06-03
https://abdullah33.itch.io/boss-fight-game/devlog/1540944/v035,,2026-06-03
https://sad-crab.itch.io/innocent-witchesfree/devlog/1540946/public-news-01062026,,2026-06-03
https://sad-crab.itch.io/innocent-witches/devlog/1540947/public-news-01062026,,2026-06-03
https://indifferentpenguin.itch.io/follow-the-king/devlog/1540948/v0069,,2026-06-03
https://runebitdice.itch.io/verdigris-onyx-d20/devlog/1540949/out-today-free-verdigris-onyx-d20-sprite-pack,,2026-06-03
https://comeback-looplabs.itch.io/matching-number/devlog/1540950/0000542,,2026-06-03
https://dzejkobs.itch.io/the-last-freelancer/devlog/1540951/update-v033-adjustments-and-tweaks,,2026-06-03
https://hummingbird-games.itch.io/20-and-some-change/devlog/1540952/happy-pride,,2026-06-03
https://brockolantern.itch.io/5th-grade-simulator/devlog/1540954/-5th-grade-simulator-june-has-arrived-,,2026-06-03
https://nexxus-drako.itch.io/kitsus-destiny/devlog/1540955/demo-version-12,,2026-06-03
https://basegame.itch.io/odd-dream/devlog/1540956/update-142,,2026-06-03
https://broken-spell-studios.itch.io/reverde/devlog/1540957/devlog-4-characters-animations,,2026-06-03
https://dragonsidestudios.itch.io/shellipelago/devlog/1540958/initial-release,,2026-06-03
https://mago-oq.itch.io/ashen-crown/devlog/1540959/devlog-1-new-prototype-and-game-concept,,2026-06-03
https://waffle-labs.itch.io/street-bites/devlog/1540961/adding-customers,,2026-06-03
https://lobit-club.itch.io/fms/devlog/1540962/fms-121-adjustable-ppqn-addition,,2026-06-03
https://onurruno.itch.io/old-warriors/devlog/1540963/demo-release-old-warriors-runner-prototype,,2026-06-03
https://davidmunozt.itch.io/pixel-art-animals-pack/devlog/1540964/version-11-of-the-tiny-pixel-art-animals-pack,,2026-06-03
https://polana-games.itch.io/cortex/devlog/1540965/major-update-say-hello-to-cortex-alpha-050,,2026-06-03
https://mikigamer888.itch.io/no-name-yet/devlog/1540967/wadaszfsd,,2026-06-03
https://kierangames.itch.io/hordeoverrun/devlog/1540969/ui-change,,2026-06-03
https://alxlinear.itch.io/im-not-an-error/devlog/1540970/update-v07,,2026-06-03
https://vibecoding-industry.itch.io/minecraft-vibecoding-edition/devlog/1540971/build-41,,2026-06-03
https://4baconlife.itch.io/bfdi-clicker-v12077/devlog/1540972/bfdi-clicker,,2026-06-03
https://official-rosk.itch.io/some-kind-of-game/devlog/1540973/update-002-and-bug-fix,,2026-06-03
https://terdiam.itch.io/nexus-hacker-sim/devlog/1540974/nexus-enters-closed-beta-12-testers-wanted-0-ask,,2026-06-03
https://naughtybitsinteractive.itch.io/lustrya/devlog/1540975/weekly-roundup,,2026-06-03
https://stevencasteel.itch.io/silk/devlog/1540976/added-screenshots,,2026-06-03
https://buas.itch.io/woolhalla/devlog/1540977/changelist-version-041,,2026-06-03
https://gandalfhardcore.itch.io/pixel-art-characters-npc-pack/devlog/1540978/added-bathtime-knight-,,2026-06-03
https://buas.itch.io/woolhalla/devlog/1540979/woolhalla-update,,2026-06-03
https://zan-animations012.itch.io/take-care-of-noob0121/devlog/1540980/early-coding-development,,2026-06-03
https://johnanonymous.itch.io/oneshot-remix/devlog/1540981/psa-play-at-latest-oneshot-version,,2026-06-03
https://swordandquill.itch.io/soulblaze/devlog/1540982/hotfix-0112,,2026-06-03
https://itch.io/blog/1540983/bbv-report-12-updated-models-so-far-new-faces,,2026-06-03
https://stelly125.itch.io/okibayashi-of-the-foreign-sea/devlog/1540984/bugs-during-v01-notice,,2026-06-03
https://zetgry.itch.io/hexual-adventures/devlog/1540985/patch-notes-v021,,2026-06-03
https://thedorktrain.itch.io/every-night-the-crab-attacks/devlog/1540986/browser-support,,2026-06-03
https://quandd3112.itch.io/chick-chick/devlog/1540987/chick-chick,,2026-06-03
https://raybishop.itch.io/part-time-hero-demo/devlog/1540989/welcome-to-brass-compass-game-studio,,2026-06-03
https://landromeda.itch.io/pong/devlog/1540990/versin-120,,2026-06-03
https://tinysecretgames.itch.io/snapshot-lewd-shores/devlog/1540991/last-chance-to-win-a-real-sx-toy-and-connect-it-to-lewd-shores,,2026-06-03
https://itch.io/blog/1540992/create-a-game-with-me-survey-results-will-shape-the-project,,2026-06-03
https://itch.io/blog/1540993/heart-of-neon-is-an-article-of-faith,,2026-06-03
https://thewaether.itch.io/katelabs/devlog/1540994/version-204-a-few-speed-updates,,2026-06-03
https://camel101.itch.io/dead-stop-no-vacancy/devlog/1540995/new-trailer-for-dead-stop-no-vacancy,,2026-06-03
https://lemsoft.itch.io/hell-rider-multifire-edition/devlog/1540996/every-robot-fires-,,2026-06-03
https://mbncsa.itch.io/gloss/devlog/1540997/version-14-spring-cleaning,,2026-06-03
https://aamatniekss.itch.io/bitcrawl/devlog/1540998/new-asset-pack-series-bitcrawl,,2026-06-03
https://compnski.itch.io/not-today-heroes/devlog/1541000/building-not-today-heroes,,2026-06-03
https://kaffein-ss.itch.io/five-stages-of-pink/devlog/1541001/part-3-official-release,,2026-06-03
https://buas.itch.io/petrified/devlog/1541002/petrified-early-access-v20-is-out,,2026-06-03
https://yeehaw-games.itch.io/mongirl-conquest/devlog/1541004/weekly-report-for-mongirl-conquest-v095,,2026-06-03
https://tuffmallow.itch.io/a-simple-twist-of-fae/devlog/1541005/steam-when,,2026-06-03
https://cg-games0.itch.io/aerodream/devlog/1541006/aerodream-early-access,,2026-06-03
https://halleynato.itch.io/tenebrarium/devlog/1541008/tenebrarium-devlog-v023,,2026-06-03
https://syronch.itch.io/tcmd/devlog/1541009/patch-102,,2026-06-03
https://dmitriysalnikov.itch.io/obs-notifier/devlog/1541010/137-update,,2026-06-03
https://yostopgame.itch.io/yostop-canva/devlog/1541011/yostop-is-back,,2026-06-03
https://itch.io/blog/1541012/happy-pride-month,,2026-06-03
https://croco-dev.itch.io/chibi-monster-girls/devlog/1541013/chibi-monster-girls-devlog-2026-june-1,,2026-06-03
https://zazzelz.itch.io/nameless/devlog/1541014/devlog-2-nameless-has-a-new-direction,,2026-06-03
https://ledev-chomeur.itch.io/ragequit-pas/devlog/1541015/update,,2026-06-03
https://challe3d.itch.io/twistededen/devlog/1541016/updated-my-vertical-slice,,2026-06-03
https://oneinzero.itch.io/keep-the-dragon/devlog/1541017/keep-the-dragon-version-015-release,,2026-06-03
https://arezet.itch.io/boxed-in/devlog/1541018/patch-1,,2026-06-03
https://andoravn.itch.io/running-the-red-light/devlog/1541020/jun26-update-running-the-red-light,,2026-06-03
https://saliham.itch.io/the-cloud-weaver/devlog/1541021/the-cloud-weaver,,2026-06-03
https://infinitydoom.itch.io/monster-layer-supporter-edition/devlog/1541022/info-update,,2026-06-03
https://blusurfacemedia.itch.io/plunderers-run/devlog/1541023/the-world-opens-up-ports-regions-and-progression,,2026-06-03
https://infinitydoom.itch.io/monster-layer/devlog/1541024/sylvia-crown-update,,2026-06-03
https://samasgari.itch.io/gjerdingsaeterkvadet/devlog/1541025/allfaders-utvalgte-er-n-faktisk-rundebasert,,2026-06-03
https://berkebixi.itch.io/project-resonance/devlog/1541026/-update-notes-v03,,2026-06-03
https://techdebtgames.itch.io/total-incremental-war/devlog/1541027/demo-2-massive-update,,2026-06-03
https://100plans.itch.io/card-to-conquer/devlog/1541028/stash-overhaul-patch-v04,,2026-06-03
https://machinescreen.itch.io/profit-motive/devlog/1541029/profit-motive-v102,,2026-06-03
https://branded-games.itch.io/counter-single/devlog/1541030/update-122-balance,,2026-06-03
https://mandu-games.itch.io/textext-15/devlog/1541031/11-update,,2026-06-03
https://paystudios.itch.io/space-n-blast/devlog/1541032/320,,2026-06-03
https://blauschlumpf.itch.io/midnight-tram/devlog/1541033/good-progress-done,,2026-06-03
https://stardustgames-by-nkanyezi.itch.io/chaser/devlog/1541034/chaser-my-first-indie-game,,2026-06-03
https://shattered-pixel.itch.io/shattered-pixel-dungeon/devlog/1541036/coming-soon-to-shattered-new-enchants-and-pixel-art,,2026-06-03
https://ths-king-of-the-master.itch.io/tiny-world-knight-pack/devlog/1541037/new-update,,2026-06-03
https://zoomplayer.itch.io/zoom-player-max/devlog/1541038/zoom-player-v225-media-library-search-enhancements,,2026-06-03
https://caidn.itch.io/color-collision-2/devlog/1541039/1004-touch-support-and-title-screen-update,,2026-06-03
https://wargasmgames.itch.io/girlyyy/devlog/1541041/girlyyy-the-finally-a-damn-narrative-update-hotfix-1,,2026-06-03
https://littleglass.itch.io/cinderellas-glass-collar/devlog/1541042/devlog-whats-next-spoiler-warning,,2026-06-03
https://shade-raid.itch.io/static-dreams/devlog/1541043/night-one-v1,,2026-06-03
https://newretrogames.itch.io/osir/devlog/1541044/a056-gamepad-support-journal-and-continued-work-on-combat-research-etc,,2026-06-03
https://hanminjie331.itch.io/loader/devlog/1541045/battlefield-hwid-spoofer-hardware-id-changer-ban-bypass-tool,,2026-06-03
https://bem-te-v1.itch.io/teste-ping-pong/devlog/1541046/lanamento,,2026-06-03
https://lazyscarlett.itch.io/fear/devlog/1541047/realese-finale,,2026-06-03
https://itch.io/blog/1541048/candaces-camera-shutter-chance-video-tutorial,,2026-06-03
https://guate-grand-prix.itch.io/guate-grand-prix/devlog/1541049/es-no-andbamos-muertos-tampoco-de-parranda-simplemente-desarrollando-duro,,2026-06-03
https://killahseven.itch.io/my-new-family/devlog/1541050/progress-update-01062026,,2026-06-03
https://itch.io/blog/1541051/developer-update,,2026-06-03
https://gbpatch.itch.io/our-life/devlog/1541052/our-life-orca-merch-available-now-,,2026-06-03
https://itch.io/blog/1541053/game-loop,,2026-06-03
https://kijosoft.itch.io/care/devlog/1541054/care-v06-early-access-launch,,2026-06-03
https://ravs-rambles.itch.io/flowers-and-devotion/devlog/1541055/fixes,,2026-06-03
https://levelshiftstudio.itch.io/strike-day-out/devlog/1541056/strike-day-out-have-updated,,2026-06-03
https://echoindustries.itch.io/erl-c1/devlog/1541057/v031a,,2026-06-03
https://parallax-vault.itch.io/project-ash/devlog/1541058/devlog-6-where-am-i,,2026-06-03
https://paxanga.itch.io/cold-blood-subsistance/devlog/1541059/cold-blood-subsistance-demo-available,,2026-06-03
https://itch.io/blog/1541060/the-wandering-mageshadow-steps,,2026-06-03
https://bridgedworks.itch.io/lawless-west/devlog/1541061/sneak-peeks-and-changes,,2026-06-03
https://guate-grand-prix.itch.io/guate-grand-prix/devlog/1541062/en-reports-of-our-death-was-greatly-exaggerated-we-werent-partying-neither-just-developing-hard,,2026-06-03
https://mzquest.itch.io/bnb/devlog/1541063/version-02021-minor-updates-sprite-transforms-bugfixes-and-witches,,2026-06-03
https://sontheharry.itch.io/musical-mayhem/devlog/1541064/released,,2026-06-03
https://itch.io/blog/1541065/poppy-playtime-the-hour-of-joy,,2026-06-03
https://michel-molenaar.itch.io/war-of-the-worlds-c64/devlog/1541067/version-095-hopefully-solved-save-game-feature,,2026-06-03
https://buas.itch.io/mind-the-gap/devlog/1541068/v06-release,,2026-06-03
https://standout7.itch.io/lokit-forest/devlog/1541069/update-premium-hex-pack-added-stylized-low-poly-game-assets,,2026-06-03
https://exyt.itch.io/la-course-au-pollen/devlog/1541070/v12-patch-note,,2026-06-03
https://verp0q.itch.io/idolizing-the-danger/devlog/1541071/the-demo-of-idolizing-the-danger-is-out-for-free-now3,,2026-06-03
https://farmant-studio.itch.io/horrormini/devlog/1541072/oyunun-yapmclar-oyunun-tasarlanma-sreci,,2026-06-03
https://sweetchiel.itch.io/saving-grace/devlog/1541073/update-162026,,2026-06-03
https://mghurston.itch.io/avemolech/devlog/1541074/update-105,,2026-06-03
https://itch.io/blog/1541075/gay-month,,2026-06-03
https://fishingwithclippy.itch.io/color-blocks-gfc-remake/devlog/1541076/second-demo,,2026-06-03
https://mustapha-jobe.itch.io/martial-arts-rpg/devlog/1541079/v0012-patch-notes,,2026-06-03
https://cozystars.itch.io/rx-demo/devlog/1541080/devlog-1,,2026-06-03
https://futurity-worlds.itch.io/folde-law/devlog/1541081/folde-law-v02-is-out-with-web-version-included,,2026-06-03
https://finmise.itch.io/ski-rider/devlog/1541082/updated,,2026-06-03
https://dotorodev.itch.io/free-500-pixel-food-icons-rpg-asset-pack/devlog/1541083/some-new-stuff-added-yummy-and-cute,,2026-06-03
https://noglory.itch.io/clown-squad/devlog/1541084/dev-logs,,2026-06-03
https://giantflyingreptile.itch.io/megarove/devlog/1541085/megarove-future-releases,,2026-06-03
https://thestrayproject.itch.io/stranded/devlog/1541086/translations,,2026-06-03
https://itch.io/blog/1541087/may-2026-update-multi-projects,,2026-06-03
https://playniax.itch.io/platformer-art-pack-01/devlog/1541088/new-platformer-pack-available,,2026-06-03
https://davisgsee.itch.io/his-own-being/devlog/1541089/power-of-pride-bundle-now-available,,2026-06-03
https://dotorodev.itch.io/s-tier-tileset-free/devlog/1541090/some-new-fantasy-style-textures-icons-added,,2026-06-03
https://thepricelessbeam.itch.io/back-to-the-roots/devlog/1541091/048-yui-and-umeko-update,,2026-06-03
https://jaydengamingahh.itch.io/phg-gorilla-horror-remake/devlog/1541092/new-update,,2026-06-03
https://aconcas.itch.io/pixx/devlog/1541093/pixx-avance-de-la-actualizacin-11,,2026-06-03
https://dubia-productions.itch.io/repo-patch-fr/devlog/1541094/nouveau-correctif-du-patch-fr,,2026-06-03
https://cricketsounds.itch.io/colony-14/devlog/1541095/still-working-on-final-product,,2026-06-03
https://ruwehrooh.itch.io/blink-gone/devlog/1541096/stage-open-blink-gone-is-officially-live-round-7-survival,,2026-06-03
https://itsmyfirstdaystudios.itch.io/expedition-ravn-3/devlog/1541097/may-2026-update,,2026-06-03
https://melancholyg.itch.io/16x16-pixel-art-food-sprites/devlog/1541098/new-11-sprites,,2026-06-03
https://some-crappy-edits.itch.io/allys-new-life/devlog/1541099/allys-new-life-its-your-lucky-day-has-been-released,,2026-06-03
https://spacedog80.itch.io/kukuruchi/devlog/1541100/kukuruchi-v055-the-procyon-hegemony-arrives,,2026-06-03
https://vfian.itch.io/hours-on-the-block/devlog/1541101/hours-on-the-block,,2026-06-03
https://itch.io/blog/1541102/going-indie,,2026-06-03
https://h4baner0.itch.io/mantis3dm3d-rpg-maker-mz-3d-integration/devlog/1541103/update-140,,2026-06-03
https://reichiv.itch.io/redactvhs/devlog/1541104/redactvhs-is-updated,,2026-06-03
https://zgamestudio.itch.io/fever-dream-card-asset/devlog/1541105/v30-new-styles-mono-ink-rust,,2026-06-03
https://met-wally-games.itch.io/metally-man-sparks-of-glory/devlog/1541106/hamza-metwally-is-back-to-lead-yostopgames-x-met-wally-games,,2026-06-03
https://topojinn.itch.io/mrsaw-devlogs/devlog/1541107/controllers-demo-version-and-menu-animation,,2026-06-03
https://scrubsoft.itch.io/vagabrew/devlog/1541108/059-patch-notes,,2026-06-03
https://shirokoi.itch.io/temptations-ballad/devlog/1541109/temptations-ballad-version-028,,2026-06-03
https://kyrieahzzz.itch.io/309-final-project/devlog/1541110/thired-devlog,,2026-06-03
https://snapmods.itch.io/poke-milfs-snapshot-community-pack/devlog/1541111/snapshot-bonus-content,,2026-06-03
https://3kdesign.itch.io/first-semester/devlog/1541112/about-the-quarantine-warning-on-itchio,,2026-06-03
https://itch.io/blog/1541113/the-willowthewashedisles-dev-log,,2026-06-03
https://yumikobyby.itch.io/milk-farm/devlog/1541114/the-girl-who-fixes-trucks,,2026-06-03
https://itch.io/blog/1541115/slow-day-courage,,2026-06-03
https://flockz.itch.io/pixel-phoenix/devlog/1541116/01062026,,2026-06-03
https://gdn001.itch.io/kalia-and-the-fire-staff/devlog/1541117/katfs-alpha-devlog-22-may-2026,,2026-06-03
https://itch.io/blog/1541118/-micah-skrunkly-plushies-launching-june-26,,2026-06-03
https://wizi-games.itch.io/rumble-club/devlog/1541119/rumble-devlog-193,,2026-06-03
https://thauxan-studios.itch.io/synthaar/devlog/1541120/devlog-11-progress-report,,2026-06-03
https://skeleton-m.itch.io/maze-of-monsters/devlog/1541121/fixed-several-issues,,2026-06-03
https://frontlinestudios.itch.io/world-clicker/devlog/1541122/world-clicker-is-now-on-kongregate,,2026-06-03
https://kazcore.itch.io/some-isekai-furry-wattpad-shit-idk/devlog/1541123/rip-the-missing-ending-cgs-,,2026-06-03
https://bbj53jdt.itch.io/being-a-dik-college-drama-visual-novel-windows-free-download-37924/devlog/1541124/being-a-dik-now-available-on-windows-pc,,2026-06-03
https://in-the-keep.itch.io/missing-the-point/devlog/1541125/behind-the-music-merch-art-prints-available,,2026-06-03
https://a-higher-plane.itch.io/press-team-battle-ptb-battle-system-plugin-for-rpg-maker-mz/devlog/1541126/significant-updates-bug-fixes-and-feature-additions,,2026-06-03
https://andorios.itch.io/rpg-puzzle-hindu-mini-pack/devlog/1541127/remixed-hundu-ambience-music-calm,,2026-06-03
https://beosil.itch.io/bone-broke/devlog/1541128/post-jam-release-balance-controls-more,,2026-06-03
https://joystick-justin.itch.io/project-adapt/devlog/1541129/project-adapt-pre-release-version-11,,2026-06-03
https://sexyversecomics.itch.io/velestria/devlog/1541130/velestria-build-5-is-out-now,,2026-06-03
https://itch.io/blog/1541131/caught-in-a-queer-romance-sale,,2026-06-03
https://bbj53jdt.itch.io/brothel-virgin-the-crimson-reverie-adult-management-rpg-windows-38271/devlog/1541133/brothel-virgin-now-available-on-windows-pc,,2026-06-03
https://basically-games.itch.io/baldis-basics-plus/devlog/1541134/june-2026-status-update,,2026-06-03
https://hizor-games.itch.io/uni/devlog/1541135/065-released-and-route-poll-results,,2026-06-03
https://digitalite.itch.io/hide-eat/devlog/1541136/hide-eat-jam-version,,2026-06-03
https://bbj53jdt.itch.io/charmed-supernatural-dating-visual-novel-free-windows-38486/devlog/1541137/charmed-now-available-on-windows-pc,,2026-06-03
https://nss07.itch.io/ego/devlog/1541138/1-ego-the-undertale-inspired-psycho-game,,2026-06-03
https://somafulop.itch.io/regicide/devlog/1541139/animal-companion-jester-token,,2026-06-03
https://razor-sharp-6.itch.io/seaside-camping/devlog/1541140/name-change,,2026-06-03
https://palass.itch.io/zelox/devlog/1541141/version-032-beta-toune-de-boss,,2026-06-03
https://robotfann218.itch.io/ted-clicker-9000/devlog/1541142/tedtalk-4,,2026-06-03
https://bbj53jdt.itch.io/corruption-sandbox-corruption-simulator-free-pc-download-38595/devlog/1541143/corruption-now-available-on-windows-pc,,2026-06-03
https://miyasaymiau.itch.io/silentevidenceact1/devlog/1541144/future-updatesfuturas-atualizaes,,2026-06-03
https://mullins182.itch.io/duck-hunter/devlog/1541145/duck-hunter-v10-released,,2026-06-03
https://makevisualnovels.itch.io/blog/devlog/1541146/who-makes-visual-novels-part-1-indie-game-developers-their-challenges,,2026-06-03
https://bbj53jdt.itch.io/days-with-ophelia-wind-city-romance-vn-uncensored-pc-38699/devlog/1541147/days-with-ophelia-the-girl-from-wind-city-now-available-on-windows-pc,,2026-06-03
https://ryanpirnasar.itch.io/issues-games/devlog/1541148/issues-games-update,,2026-06-03
https://bbj53jdt.itch.io/dungeon-of-erotic-master-reboot-roguelike-adult-rpg-pc-download-38815/devlog/1541149/dungeon-of-erotic-master-reboot-now-available-on-windows-pc,,2026-06-03
https://hasenbauer.itch.io/perspective-protocol/devlog/1541150/demo-out-now-windowslinux,,2026-06-03
https://iggi97.itch.io/pocket-incoming-rpg/devlog/1541151/update-3606,,2026-06-03
https://xarishro.itch.io/fueled-by-insanity/devlog/1541152/0181-fix,,2026-06-03
https://bbj53jdt.itch.io/elf-lifia-and-the-labyrinth-of-everdream-corruption-roguelike-deckbuilder-window/devlog/1541153/elf-lifia-and-the-labyrinth-of-everdream-now-available-on-windows-pc,,2026-06-03
https://liquid-glass-web.itch.io/arknoid-breakout-engine-template-html5-arcade-game-kit/devlog/1541154/breakout-engine-template-released-html5-arcade-game-kit,,2026-06-03
https://vampyrlee.itch.io/elemintz/devlog/1541155/elemintz-v2147-elemental-street-cosmetics,,2026-06-03
https://liruovo.itch.io/surworld/devlog/1541156/crafting-added-beta-12,,2026-06-03
https://bbj53jdt.itch.io/the-endless-abyss-noir-crime-vn-busty-cop-corrupted-soul-pc-39061/devlog/1541157/the-endless-abyss-now-available-on-windows-pc,,2026-06-03
https://bbj53jdt.itch.io/freshwomen-college-mystery-romance-vn-windows-free-download-39217/devlog/1541158/freshwomen-now-available-on-windows-pc,,2026-06-03
https://bbj53jdt.itch.io/harem-hotel-hotel-management-romance-vn-free-windows-18-39324/devlog/1541159/harem-hotel-now-available-on-windows-pc,,2026-06-03
https://leonardodecapitan.itch.io/bulletbox/devlog/1541160/bulletbox-2611-02d,,2026-06-03
https://bbj53jdt.itch.io/hentai-clicker-cassia-is-streaming-roman-gladiator-clicker-free-pc-39428/devlog/1541161/hentai-clicker-cassia-is-streaming-now-available-on-windows-pc,,2026-06-03
https://g-w-i.itch.io/geos-adventures/devlog/1541162/geos-adventures-prologue-fixes,,2026-06-03
https://eggplantdevelopment.itch.io/irre/devlog/1541163/dear-gays,,2026-06-03
https://interestedsc2.itch.io/door-to-door-door-salesman/devlog/1541164/preversion-001,,2026-06-03
https://pkmntrainerkatelyn.itch.io/pokmon-expedition/devlog/1541165/version-124,,2026-06-03
https://renzk.itch.io/berserksurvivor/devlog/1541166/update-30b,,2026-06-03
https://redbitmasterocgamer.itch.io/trapped-in-the-dark/devlog/1541167/making-this-the-best-gameboy-horror-game-yet,,2026-06-03
https://machudev.itch.io/eskinita/devlog/1541168/build-003,,2026-06-03
https://bbj53jdt.itch.io/immoral-bathhouse-bathhouse-management-sim-uncensored-pc-39679/devlog/1541169/immoral-bathhouse-now-available-on-windows-pc,,2026-06-03
https://moonknight313.itch.io/haiku-the-duel/devlog/1541170/haiku-the-duel-v15b-update,,2026-06-03
https://moonknight313.itch.io/haiku-the-duel/devlog/1541171/haiku-the-duel-v15b-update,,2026-06-03
https://batter-sempai.itch.io/protocol-l0-v3d-backrooms/devlog/1541172/update-and-zecharias-reference-wip,,2026-06-03
https://viktor-knobloch.itch.io/vertical-slice/devlog/1541173/016-2045,,2026-06-03
https://bbj53jdt.itch.io/in-heat-open-world-dating-sim-pc-download-18-39790/devlog/1541174/in-heat-now-available-on-windows-pc,,2026-06-03
https://kaffein-ss.itch.io/five-stages-of-pink/devlog/1541176/part-3-itchio-issues,,2026-06-03
https://bbj53jdt.itch.io/isekai-sex-kingdom-dark-fantasy-vn-with-forbidden-romance-free-pc-39894/devlog/1541177/isekai-sex-kingdom-now-available-on-windows-pc,,2026-06-03
https://thegazpacho.itch.io/balatro3ds/devlog/1541178/version-036,,2026-06-03
https://enzetsu.itch.io/sinful-nights/devlog/1541179/first-release-on-itch,,2026-06-03
https://rigeladmin.itch.io/through-the-unknown/devlog/1541180/small-update-575,,2026-06-03
https://ragdoll-playground.itch.io/ragdoll-playground-v-01/devlog/1541181/major-update-v020-new-tem-bug-fixes-character-improvements-new-startup-menu,,2026-06-03
https://bbj53jdt.itch.io/milfy-city-open-world-adult-sandbox-vn-pc-download-39999/devlog/1541182/milfy-city-now-available-on-windows-pc,,2026-06-03
https://ensarlia111gmailcom.itch.io/legocraft-lolo/devlog/1541183/lego-lolonun-v1860-tam-son-srm-versiyon-hata-dzetlemeler-6-son-v61-preview,,2026-06-03
https://batter-sempai.itch.io/be-my-muse/devlog/1541184/update-and-zecharias-reference-wip,,2026-06-03
https://bbj53jdt.itch.io/our-red-string-bittersweet-adult-romance-vn-pc-download-40108/devlog/1541185/our-red-string-now-available-on-windows-pc,,2026-06-03
https://wanderer3782.itch.io/hryvadiplom/devlog/1541186/final,,2026-06-03
https://zero-a-games.itch.io/the-manaworks-demo/devlog/1541187/the-manaworks-demo-04-the-graphics-update,,2026-06-03
https://gentrigger.itch.io/lost-lamb/devlog/1541188/lost-lamb-release,,2026-06-03
https://irina-mishina.itch.io/confluence-finalproject/devlog/1541189/interactions-and-boat-control,,2026-06-03
https://bbj53jdt.itch.io/pleasure-entangled-cinematic-adult-romance-vn-windows-download-40239/devlog/1541190/pleasure-entangled-now-available-on-windows-pc,,2026-06-03
https://bbj53jdt.itch.io/rent-a-husband-sandbox-life-sim-adult-game-free-pc-40354/devlog/1541191/rent-a-husband-now-available-on-windows-pc,,2026-06-03
https://singularity-s.itch.io/from-heart-to-heart/devlog/1541193/a-new-update-making-the-little-owls-world-even-cozier-,,2026-06-03
https://smiling-astro.itch.io/xealdi-tycoonhouse/devlog/1541194/new-update,,2026-06-03
https://bbj53jdt.itch.io/ride-the-dragon-dragon-tamer-roguelite-action-free-pc-40480/devlog/1541195/ride-the-dragon-the-awakening-of-the-dragon-tamer-now-available-on-windows-pc,,2026-06-03
https://petres.itch.io/tdrpg-closed-alpha/devlog/1541196/alpha-010,,2026-06-03
https://2new4u.itch.io/wavedodger/devlog/1541197/1,,2026-06-03
https://smilelulz.itch.io/smashbit-2/devlog/1541198/update-v16,,2026-06-03
https://bendigeidfran.itch.io/nullself/devlog/1541199/nullself-00126-released,,2026-06-03
https://bbj53jdt.itch.io/womb-defense-force-2d-sci-fi-run-and-gun-shooter-free-windows-download-40686/devlog/1541200/womb-defense-force-now-available-on-windows-pc,,2026-06-03
https://artem22212.itch.io/detective-game-ultimate/devlog/1541202/development-diary-2-first-locations,,2026-06-03
https://missilemaxcellaneous.itch.io/rabbithole-island-turn-based-vtuber-battles/devlog/1541203/dev-diary-0,,2026-06-03
https://ruricstudios.itch.io/ruricswafm/devlog/1541204/welcome-to-version-031,,2026-06-03
https://shiningn-osu.itch.io/pharmacy-go-v2/devlog/1541205/level-4-fully-implemented-and-several-qol-changes,,2026-06-03
https://hellper.itch.io/chair-simulator/devlog/1541207/version-060-released,,2026-06-03
https://lonelyfear.itch.io/pixel-history/devlog/1541208/alpha-launch,,2026-06-03
https://sidequestsweden.itch.io/tic-tac-kill/devlog/1541209/updates-for-local-2p-mode,,2026-06-03
https://dzycode.itch.io/retroracing/devlog/1541210/initial-upload,,2026-06-03
https://grobi85.itch.io/pc-kaiser-demo/devlog/1541211/demo-download-avaible-german-english,,2026-06-03
https://dragynrain.itch.io/rogue-signal-protocol/devlog/1541212/rogue-signal-protocol-10-released,,2026-06-03
https://kn56k.itch.io/clash-of-courts/devlog/1541213/minor-update-to-clash-of-courts,,2026-06-03
https://hrackpot.itch.io/seedbed-farming/devlog/1541214/public-release-202606-01,,2026-06-03
https://perico415.itch.io/stealing-from-the-history-museum/devlog/1541215/museo-dia-1-6-26,,2026-06-03
https://horrormancy.itch.io/tartarus/devlog/1541217/tartarus-short-story,,2026-06-03
https://circledude-64.itch.io/ball-race-game/devlog/1541218/version-119,,2026-06-03
https://cururugames.itch.io/cara-nova-ja/devlog/1541219/bug-novo-j-corrijido-,,2026-06-03
https://gafaszt2.itch.io/castle-triumph-d/devlog/1541220/about-paid-versions-and-08-content-prevview,,2026-06-03
https://dev-er.itch.io/from-6-to-7/devlog/1541221/release-from-6-to-7-anomaly-horror-game,,2026-06-03
https://the-orani-group.itch.io/the-orani-prism-demo/devlog/1541222/engine-to-interface-tie-in,,2026-06-03
https://moyalabs.itch.io/sky-lobby/devlog/1541223/sky-lobby-is-here-and-the-only-way-is-up-and-down-then-up-again,,2026-06-03
https://horahoradev.itch.io/beggars-keep/devlog/1541224/development-update-4,,2026-06-03
https://heuscar.itch.io/before-the-final-throne/devlog/1541225/patch-notes-sickle-hit-fixes-collision-overhaul,,2026-06-03
https://garcaner.itch.io/awinchan/devlog/1541226/awinchan-engine-update,,2026-06-03
https://cururugames.itch.io/slimentos/devlog/1541227/whats-next-for-slimentos,,2026-06-03
https://strawbeehouse.itch.io/let-me-ease-your-pain/devlog/1541228/new-layout,,2026-06-03
https://jillionbits.itch.io/jarlyme/devlog/1541229/045-sound-compatibility-performance,,2026-06-03
https://ruricstudios.itch.io/ruricswafm/devlog/1541230/welcome-to-version-031,,2026-06-03
https://bennywalk.itch.io/rat-house/devlog/1541232/rat-house,,2026-06-03
https://glazial.itch.io/holonoptic/devlog/1541233/minor-patch-120-now-live-hotfixes,,2026-06-03
https://frontlinestudios.itch.io/escape-run/devlog/1541234/version-101,,2026-06-03
https://kittymillion.itch.io/aero-rhythm/devlog/1541235/introdution,,2026-06-03
https://a-marks.itch.io/the-last-mission/devlog/1541236/demo-update-089,,2026-06-03
https://jusiv.itch.io/forlorn-shores/devlog/1541237/version-15-patch-notes,,2026-06-03
https://actuallykron.itch.io/pickochet/devlog/1541238/update-achievements-fixes,,2026-06-03
https://sok05.itch.io/goblinfall/devlog/1541239/goblinfall-devlog-crystal-mixing-new-enemies-supply-drops-wave-system,,2026-06-03
https://jay-droid133.itch.io/tharkys-the-knight/devlog/1541240/the-sprite-editor,,2026-06-03
https://syronch.itch.io/tcmd/devlog/1541241/patch-103,,2026-06-03
https://madxen77.itch.io/the-dorm-house/devlog/1541242/version-024-new-feeding-system-buffet-system-mac-version-working-priya-content-rework,,2026-06-03
https://amurito.itch.io/hyphae-genesis/devlog/1541243/hyphae-genesis-v10010-lanzamiento-launch,,2026-06-03
https://azave.itch.io/zct/devlog/1541245/zoes-cool-trials-is-now-public,,2026-06-03
https://knightgoose.itch.io/fatty-runner/devlog/1541246/116-out-now,,2026-06-03
https://alien-arena.itch.io/alien-arena/devlog/1541247/release-7721-available,,2026-06-03
https://lyishere.itch.io/annaraft/devlog/1541248/second-day-and-collision-is-here,,2026-06-03
https://shadowdragon-jb.itch.io/sdjb-base-plugin-mvz/devlog/1541249/2-new-functions-added,,2026-06-03
https://dimeao.itch.io/zookaafruits/devlog/1541250/improved-android-version-of-zookaa-fruits-released,,2026-06-03
https://joel-happyhil.itch.io/dollhouse/devlog/1541251/020-update,,2026-06-03
https://sethwalkeroo.itch.io/grinkys-gazunka-bean-roundup/devlog/1541252/0137-tiny-momentum-update,,2026-06-03
https://mr-unaware-studios.itch.io/unaware-in-the-city-revisited/devlog/1541253/uitc2r-v20260531,,2026-06-03
https://ennix.itch.io/hexlands/devlog/1541254/new-hazard-level-and-better-enemy-ai,,2026-06-03
https://impactxplay.itch.io/lustworth-academy/devlog/1541255/lacademy-v056-fixed-huge-bug,,2026-06-03
https://weirdwonder.itch.io/sunguard/devlog/1541256/back-in-print,,2026-06-03
https://bluestar-games.itch.io/driftwood/devlog/1541257/driftwood-v02,,2026-06-03
https://shadowdragon-jb.itch.io/sdjb-morecustomvehicles/devlog/1541258/pro-version-added,,2026-06-03
https://itch.io/blog/1541259/new-mod-coming-soon,,2026-06-03
https://0xprimegs.itch.io/of-rust-and-darkness/devlog/1541260/of-rust-and-darkness-is-out,,2026-06-03
https://toastycedes.itch.io/late-night-duty/devlog/1541261/late-night-duty-new-screenshots-and-development-update,,2026-06-03
https://sweepix.itch.io/mind-the-gap/devlog/1541262/portuguese-br-translation-is-here-interface-toggle-button,,2026-06-03
https://pixelplop.itch.io/echodrome-amigamejam2025/devlog/1541263/echodrome-changelog-v012b,,2026-06-03
https://szuhi.itch.io/ectd/devlog/1541264/v-031-performance-update,,2026-06-03
https://spook-lass.itch.io/sjsm-project-recode/devlog/1541265/languages,,2026-06-03
https://ulisoft.itch.io/urban-struggle/devlog/1541266/urban-struggle-wishlist-trailer,,2026-06-03
https://cirwilius.itch.io/kick-it/devlog/1541267/minor-fixes,,2026-06-03
https://verblimp.itch.io/swelladia/devlog/1541268/bug-reports-notice,,2026-06-03
https://hornyunion.itch.io/horny-union/devlog/1541269/union-wrapped-may-2026,,2026-06-03
https://cmski.itch.io/your-debt-is-paid/devlog/1541270/v11-new-patch,,2026-06-03
https://nemtropy.itch.io/exile-knight-slice-of-life/devlog/1541271/known-bugs,,2026-06-03
https://itch.io/blog/1541272/why-accurate-project-estimation-is-essential-for-successful-development-projects,,2026-06-03
https://utilizator2011.itch.io/free-tiny-interior-pack-pixel/devlog/1541273/bathroom-update,,2026-06-03
https://flexeye11.itch.io/voidborned/devlog/1541274/voidborned-00361-is-out,,2026-06-03
https://nemtropy.itch.io/exile-knight-slice-of-life/devlog/1541275/credits-to-be-added-soon-added-as-of-june-1-515pm-pst,,2026-06-03
https://bisuketdream.itch.io/darling-touch/devlog/1541277/darling-touch-v040-release,,2026-06-03
https://jay-droid133.itch.io/tharkys-the-knight/devlog/1541278/the-world-editor,,2026-06-03
https://ghostkitchen.itch.io/voidburn/devlog/1541279/web-alpha-8,,2026-06-03
https://offichigo.itch.io/orrrooooohhbanchh/devlog/1541280/patch-note-v11,,2026-06-03
https://emberlockgames.itch.io/solar-scavenge-squad-alpha-test/devlog/1541281/main-menu-reworked,,2026-06-03
https://soapspangledgames.itch.io/alpha-dragon/devlog/1541282/godot-4-port-for-612026,,2026-06-03
https://lexi-inc.itch.io/grapple-demo/devlog/1541283/pride-patch-,,2026-06-03
https://zypher-studio.itch.io/zpriteforge/devlog/1541284/zpriteforge-professional-pixel-art-animation-studio,,2026-06-03
https://starbage.itch.io/halope/devlog/1541285/halope-artbook-part-of-power-of-pride-bundle,,2026-06-03
https://onlytrash.itch.io/baldiburnaut/devlog/1541286/161616-devlog-2,,2026-06-03
https://yze-symbiosis-primordial.itch.io/symbiosis-primordial/devlog/1541287/releases-symbiosis-primordial-v22,,2026-06-03
https://baogames.itch.io/yorucity-alphademo/devlog/1541288/yoru-city-alpha-005-night-city-update,,2026-06-03
https://sudo-nim.itch.io/the-nature-of-magic/devlog/1541289/release-schedule-for-part-four,,2026-06-03
https://elvira-lake.itch.io/sorte-na-rejeio-demo/devlog/1541290/logotipo,,2026-06-03
https://yaxworks.itch.io/game-about-botting-in-an-mmorpg/devlog/1541291/game-about-botting-in-an-mmorpg-introducing-crafting,,2026-06-03
https://andrewschultz.itch.io/big-deal-oh/devlog/1541292/version-120-first-post-comp-release-mostly-fixing-hint,,2026-06-03
https://durbin-max.itch.io/beyond-a-ttrpg-companion-app/devlog/1541293/dev-log-june-7-patch-preview-exploration-margins-and-mechanical-trust,,2026-06-03
https://csadv.itch.io/fascist-took-my-neighbors/devlog/1541294/post-jam-update,,2026-06-03
https://feline78.itch.io/krogger-skull-killer/devlog/1541295/krogger-skull-killer-v1007b,,2026-06-03
https://minesweeperplus-dead.itch.io/numbers-123-v3/devlog/1541296/update,,2026-06-03
https://feline78.itch.io/krogger-skull-killer/devlog/1541297/krogger-skull-killer-v1007b,,2026-06-03
https://simr4.itch.io/platformer-pack-16x16/devlog/1541298/i-want-to-make-money-out-of-this-pack,,2026-06-03
https://bangtymek-john316.itch.io/destroy-the-bunny-2-extra-destruction/devlog/1541299/welcome,,2026-06-03
https://terop.itch.io/gameapi-builder/devlog/1541300/cache-id-fix,,2026-06-03
https://rastala-games.itch.io/kinetic-conundrum/devlog/1541301/kinetic-conundrum-major-updates-level-selector-updated-levels,,2026-06-03
https://aces-2.itch.io/evos-rising/devlog/1541302/version-02-release-for-class-a-patrons,,2026-06-03
https://eatablekolas.itch.io/raticats/devlog/1541303/mer-monday-1,,2026-06-03
https://masterofarcontio.itch.io/arcontio/devlog/1541304/anatomy-of-a-runtime-loop,,2026-06-03
https://ifnerr.itch.io/resonance-core/devlog/1541305/ghost-protocol-sprint-jam-update,,2026-06-03
https://vibecoding-industry.itch.io/minecraft-vibecoding-edition/devlog/1541306/the-inventory-update,,2026-06-03
https://j-card-productions.itch.io/frontlinesurgery/devlog/1541307/v09-final-game-jam-version,,2026-06-03
https://creeepling.itch.io/extreme-raid-progression/devlog/1541308/from-test-sandbox-to-full-game-loop-the-prototype-update-is-live-online-co-op-4-classes-progress-systems,,2026-06-03
https://sajojo.itch.io/the-allie-oop-collection/devlog/1541309/day-one-and-future-plans,,2026-06-03
https://draig120.itch.io/dead-static/devlog/1541310/here-goes-something,,2026-06-03
https://debatingpanda.itch.io/between-humanity/devlog/1541311/development-04-24,,2026-06-03
https://ferddn.itch.io/2d-platformer-free-asset-pack-vikings/devlog/1541312/new-implementation-godot-43,,2026-06-03
https://amonielove.itch.io/betweentwopoints/devlog/1541313/new-patreon-preview-episode-2-ui-features,,2026-06-03
https://notapipe.itch.io/l5/devlog/1541314/hello,,2026-06-03
https://snopygame.itch.io/gg/devlog/1541315/cell-to-singularity-cheat-menu-2026-unlimited-dna-instant-evolution-godmode-singularity-control,,2026-06-03
https://2new4u.itch.io/wavedodger/devlog/1541316/1,,2026-06-03
https://code-room.itch.io/paradise-resort/devlog/1541317/release-10,,2026-06-03
https://snopygame.itch.io/gg/devlog/1541318/cuphead-mod-menu-2026-godmode-unlimited-lives-weapon-editor-boss-control,,2026-06-03
https://snopygame.itch.io/gg/devlog/1541319/cuphead-trainer-2026-godmode-unlimited-lives-instant-unlocks-boss-mastery,,2026-06-03
https://snopygame.itch.io/gg/devlog/1541320/farming-simulator-25-trainer-2026-unlimited-money-infinite-fuel-instant-growth-vehicle-hacks,,2026-06-03
https://armouredboar.itch.io/moon-valley-farm/devlog/1541321/perk-tree-update-v0004,,2026-06-03
https://snopygame.itch.io/gg/devlog/1541322/ultrakill-cheat-menu-2026-godmode-unlimited-blood-style-mastery-level-control,,2026-06-03
https://cealit164.itch.io/web-blacksmith/devlog/1541323/fix-ui-bug,,2026-06-03
https://wyvernden.itch.io/the-golden-double/devlog/1541324/dramatis-personae,,2026-06-03
https://ramunassrl.itch.io/connection/devlog/1541325/after-game-jam-update,,2026-06-03
https://2new4u.itch.io/wavedodger/devlog/1541326/2,,2026-06-03
https://ratking.itch.io/connected/devlog/1541327/connected-v107,,2026-06-03
https://mynameisalreadyname.itch.io/ram-runner/devlog/1541328/huge-update-on-ram-runner,,2026-06-03
https://thimoca.itch.io/patchlings/devlog/1541329/update-1,,2026-06-03
https://gaelicgamesmanager.itch.io/gaelic-games-manager-football/devlog/1541330/beta-update-smoother-weekly-prep-improved-matchday-flow-more-match-sim-fixes,,2026-06-03
https://itch.io/blog/1541331/seeschlacht,,2026-06-03
https://sojournrpg.itch.io/lubat/devlog/1541332/player-handouts-and-pregens-now-available,,2026-06-03
https://odym82.itch.io/procession-of-demons/devlog/1541333/massive-update,,2026-06-03
https://sqrgames.itch.io/beastgrid/devlog/1541334/beastgrid-011-balance-and-hud-update,,2026-06-03
https://deformedstudios.itch.io/the-wheelchair-man/devlog/1541335/new-horror-game,,2026-06-03
https://william-c-waketech.itch.io/twincurrents/devlog/1541336/twin-currents-devlog-1-settings,,2026-06-03
https://thundragame.itch.io/thg/devlog/1541337/007-first-light-trainer-2026-godmode-agent-unlimited-gadgets-stealth-mastery-mission-domination,,2026-06-03
https://itch.io/blog/1541338/entryfoxfire-demo-20,,2026-06-03
https://thundragame.itch.io/thg/devlog/1541339/007-first-light-mod-menu-2026-in-game-agent-editor-unlimited-gadgets-stealth-mastery-mission-control,,2026-06-03
https://octantastudio.itch.io/jewellirium/devlog/1541340/re-upload-jewellirium,,2026-06-03
https://ulmlaut.itch.io/bubbled/devlog/1541341/deep-catch-post-jam-update,,2026-06-03
https://thundragame.itch.io/thg/devlog/1541342/007-first-light-cheat-menu-2026-godmode-agent-unlimited-gadgets-stealth-mastery-mission-control,,2026-06-03
https://sonci64.itch.io/gone-fishing/devlog/1541343/gone-fishing-v1026,,2026-06-03
https://thistimeitsdifferent-if.itch.io/this-time-its-different/devlog/1541344/demo-launch,,2026-06-03
https://rafaarruda.itch.io/cairn-basico-ptbr/devlog/1541345/colorao-e-itlico,,2026-06-03
https://pit-face.itch.io/live-bait-appetizer-version/devlog/1541346/live-bait-appetizer-version,,2026-06-03
https://teapotcutie.itch.io/n-twine-simulator-teaser-demo/devlog/1541347/first-update-log,,2026-06-03
https://fluffystudio.itch.io/out-of-puberty-reimagined/devlog/1541348/version-095-now-live-,,2026-06-03
https://niepawcio.itch.io/dot/devlog/1541349/updot,,2026-06-03
https://fluffystudio.itch.io/out-of-puberty-reimagined-free/devlog/1541350/version-095-now-live-,,2026-06-03
https://gamesandwutnot.itch.io/corruptedwood/devlog/1541351/added-village-art,,2026-06-03
https://friofriend.itch.io/eternal-dread1/devlog/1541352/first-update,,2026-06-03
https://ixkiraix.itch.io/spacecoeur/devlog/1541353/v001,,2026-06-03
https://jespicas.itch.io/eko-guardians-del-planeta/devlog/1541354/enemic-final-desert,,2026-06-03
https://kallis-creation-station.itch.io/too-much-ksg-esb-1/devlog/1541357/macos-versions-live,,2026-06-03
https://luisdorado.itch.io/pdf-to-md/devlog/1541358/pdf-a-markdown,,2026-06-03
https://photon-loreworks.itch.io/heart-light-kotg/devlog/1541359/devlog-update-magic-system,,2026-06-03
https://twistedcrystalgames.itch.io/ophidian-gambit/devlog/1541360/ashcan-player-packet,,2026-06-03
https://rafaelmatos.itch.io/epic-rpg-world-pack-desert-asset/devlog/1541361/new-anubis-character,,2026-06-03
https://warmmilkgames.itch.io/aetherial/devlog/1541362/update-04-qol-improvements-and-features,,2026-06-03
https://itnoetic.itch.io/mathdoku-getaway/devlog/1541363/v6-patch-notes,,2026-06-03
https://aidanandrews.itch.io/wbbl-tv-800-ft/devlog/1541364/minor-visual-update,,2026-06-03
https://azzwyn.itch.io/desire-to-grow/devlog/1541365/v5-ui-and-resolution-scaling,,2026-06-03
https://ahmedkhaled3739.itch.io/subway-spider-endless-runner-adventure/devlog/1541366/subway-spider-endless-runner-adventure,,2026-06-03
https://bail03.itch.io/zombie-thing/devlog/1541367/v-122,,2026-06-03
https://loudscotsbloke.itch.io/altairis-commodore-pet/devlog/1541368/new-d64-version-released,,2026-06-03
https://polytricity.itch.io/the-c64-dev-machine/devlog/1541369/hotfix-for-mac-users,,2026-06-03
https://itch.io/blog/1541370/new-rpg-maker-mz-dev-tool,,2026-06-03
https://wizardhatstudio.itch.io/endless-engine/devlog/1541371/steam-capsules-ready,,2026-06-03
https://colyolyoctopus.itch.io/afk-sprite-character-animator/devlog/1541372/afk-sprite-character-animator-v01-prototype-release,,2026-06-03
https://scrubsoft.itch.io/vagabrew/devlog/1541373/0510-patch-notes,,2026-06-03
https://signal-response.itch.io/hypnosis-signal/devlog/1541374/script-and-performance-update,,2026-06-03
https://fredj11.itch.io/online/devlog/1541376/v022,,2026-06-03
https://quikdagger.itch.io/dungeons-and-data/devlog/1541377/v031-character-sheets,,2026-06-03
https://joshcreeper3-software.itch.io/dposboot-mini-app-operating-system/devlog/1541378/new-dposboot-operating-system-update,,2026-06-03
https://orphic-dreaming.itch.io/prerolled/devlog/1541379/bugfix-and-tiny-update,,2026-06-03
https://itch.io/blog/1541380/jeffrey-epstein-clicker-devlog-1,,2026-06-03
https://gelfer1979.itch.io/book-to-game/devlog/1541381/linux-version-now-run-with-free-puter-ai-small-patches-for-web-windows-and-linux-versions,,2026-06-03
https://choicestorystudio.itch.io/choicestory-studio/devlog/1541382/a-real-bug-you-cant-see-and-one-that-fixed-itself-devlog-4,,2026-06-03
https://devn0x39.itch.io/runxpc/devlog/1541383/update-coming-soon,,2026-06-03
https://hollowfox7.itch.io/crimson-creek/devlog/1541384/abigail-softlock-and-how-to-avoid-it,,2026-06-03
https://unhindgedgekkostudios.itch.io/arteus-victus-prologue-x-aria/devlog/1541385/new-build-with-exe-and-linux,,2026-06-03
https://magnategames.itch.io/studio-magnate/devlog/1541386/dev-log-5-a-look-at-future-film-festivals,,2026-06-03
https://pixlas.itch.io/die-for-the-rat-king/devlog/1541387/puppy-sfx-and-other-updates,,2026-06-03
https://mr-nugget-7.itch.io/campaign-companion/devlog/1541388/devlog-5-obsidian-compatability,,2026-06-03
https://tacoookid2013.itch.io/thegameverse/devlog/1541389/version-04-update,,2026-06-03
https://joexian-mercado.itch.io/joexians-basics-in-bowling-and-video-making/devlog/1541390/melon-joins-joexians-basics,,2026-06-03
https://denarser.itch.io/plants-vs-zombies-garden-warfare-2d/devlog/1541392/about-update-0585,,2026-06-03
https://paintbyslice.itch.io/spirit-mask-rpg/devlog/1541393/ui-update-new-systems-and-more-gameplay,,2026-06-03
https://vulji.itch.io/aim-for-hits-ultraspeed/devlog/1541394/post-jam-version-some-introspection,,2026-06-03
https://glorgosmines.itch.io/glorgos-microplastics-mine/devlog/1541395/glorgos-microplastics-mine-is-now-released,,2026-06-03
https://pain-game-studios.itch.io/press-jump-to-fall-remastered/devlog/1541396/shake-and-bake-boosting-more-interesting,,2026-06-03
https://syronch.itch.io/tcmd/devlog/1541397/patch-104,,2026-06-03
https://cureisonline.itch.io/lbtw/devlog/1541398/dev-log-15-happy-pride-month-and-chapter-6-release-date-announcement,,2026-06-03
https://mallcreeps.itch.io/mall-creeps/devlog/1541399/weekly-notice-june-1,,2026-06-03
https://spacetraintycoon.itch.io/space-train-tycoon/devlog/1541400/new-tutorial-missions,,2026-06-03
https://probably-works.itch.io/vectorcore/devlog/1541401/news-blues-a-website-for-you,,2026-06-03
https://metalwar.itch.io/lands-of-folklore/devlog/1541402/-devlog-22-light-is-no-longer-a-problem-or-how-i-stopped-fighting-godot,,2026-06-03
https://samasgari.itch.io/gjerdingsaeterkvadet/devlog/1541403/setter-du-ny-rekord,,2026-06-03
https://vampyrlee.itch.io/elemintz/devlog/1541405/elemintz-v2148-new-gauntlet-rivals-enter-the-arena,,2026-06-03
https://davidmunozt.itch.io/pixelated-buttons-keys-icons/devlog/1541406/version-11-of-the-pixelated-input-icons-pack,,2026-06-03
https://darksoft-d.itch.io/update-your-antivirus-idiot/devlog/1541407/virus-chan-thanks-yall,,2026-06-03
https://galsoma.itch.io/lust-chronicle/devlog/1541408/update-08,,2026-06-03
https://tsgsayshi.itch.io/surface-tilesets/devlog/1541409/added-snow-biome,,2026-06-03
https://miquervel.itch.io/the-whisperer/devlog/1541410/post,,2026-06-03
https://ap-juso.itch.io/psicodellum/devlog/1541412/psicodellum-v011-naveguemos-hasta-el-fin-del-mundo,,2026-06-03
https://fs7-creative.itch.io/fs7-jumph/devlog/1541413/-fs7-jumph-the-plugin-that-will-transform-your-maps-,,2026-06-03
https://kinzzze.itch.io/kogane/devlog/1541414/115,,2026-06-03
https://famousplunger.itch.io/sphere-climbing/devlog/1541415/welcome,,2026-06-03
https://gummyskunk.itch.io/nybble/devlog/1541416/v063-released,,2026-06-03
https://pervy-bunny-games.itch.io/high-school-master/devlog/1541419/new-free-release-new-release-and-69-off,,2026-06-03
https://lascavia.itch.io/lascavia-musea-free-demo/devlog/1541420/lascavia-musea-v2-update,,2026-06-03
https://lascavia.itch.io/lascavia-musea/devlog/1541421/lascavia-musea-v2-update-finally,,2026-06-03
https://draagonplayz.itch.io/numericalhearts/devlog/1541422/version-230-major-hud-fixes-and-bettermounthud-support,,2026-06-03
https://arcanaxix.itch.io/amadeus-ep2-reharm/devlog/1541423/episode-2-demo-coming-progress-screenshot,,2026-06-03
https://itch.io/blog/1541424/ros-rule-of-salt-devlog-3,,2026-06-03
https://saturngames.itch.io/kissy-kissy-purr-purr/devlog/1541425/023,,2026-06-03
https://xalezar.itch.io/nymble-2/devlog/1541426/v0220-steam-launch-new-backgrounds-new-ui,,2026-06-03
https://eroshyl.itch.io/destined-ntr/devlog/1541427/destined-ntr-v03a-is-out-for-free-on-itchio,,2026-06-03
https://lewdgamesdev.itch.io/my-ntr-girlfriend/devlog/1541428/version-0360,,2026-06-03
https://neonhuntersamael.itch.io/neon-hunter-samaels-soldier/devlog/1541429/update-3-rendering,,2026-06-03
https://dkadprod.itch.io/piped/devlog/1541430/update-01,,2026-06-03
https://metrixgo.itch.io/just-shapes/devlog/1541431/change-01,,2026-06-03
https://takenbydelta.itch.io/cops-and-shapes/devlog/1541432/elephant,,2026-06-03
https://duncan-armstrong.itch.io/da-rl/devlog/1541433/da-rl-demo-and-551,,2026-06-03
https://jakebambeck.itch.io/2dsquirrel/devlog/1541435/mobile-desktop,,2026-06-03
https://grainywaygalaxy.itch.io/plumber-demo/devlog/1541436/demo-has-been-updated,,2026-06-03
https://boneforsoup.itch.io/lucienes-life/devlog/1541437/v041-casino-night-steamy-steps-forward,,2026-06-03
https://pgshiho.itch.io/outland-shelter/devlog/1541438/fix-bug,,2026-06-03
https://wetherilli.itch.io/catch-texty-2/devlog/1541439/the-future-of-texty,,2026-06-03
https://garryg.itch.io/the-history-of-hauntry-hall/devlog/1541440/uploaded-executable-files,,2026-06-03
https://cheekycapybara.itch.io/journey-rebirth/devlog/1541441/journey-rebirth-state-of-the-game-june-2026,,2026-06-03
https://sakanugames.itch.io/nationforge/devlog/1541442/devlog-06-major-systems-update-5-months-of-progress,,2026-06-03
https://whiteknightstudios.itch.io/low-poly-scifi-modular-interior-kit/devlog/1541443/update-3,,2026-06-03
https://kari2244.itch.io/amor-creepy/devlog/1541444/actualizacin,,2026-06-03
https://samasgari.itch.io/gjerdingsaeterkvadet/devlog/1541445/legg-tinga-dine-hjemme,,2026-06-03
https://poprise.itch.io/poprise/devlog/1541446/v-02-windows-port,,2026-06-03
https://radlord.itch.io/hazelnut-latte/devlog/1541448/v0153-changelog-and-release-dates,,2026-06-03
https://itch.io/blog/1541449/under-the-influence,,2026-06-03
https://celestialdragongames.itch.io/infinite-money-mobile-edition/devlog/1541450/problem-with-infinite-money-mobile-edition,,2026-06-03
https://primalsnetgames.itch.io/imaginary-worlds/devlog/1541451/bounty-hunting-tools-for-founders-new-content,,2026-06-03
https://celestialdragongames.itch.io/infinite-money/devlog/1541452/problem-with-infinite-money-mobile-edition,,2026-06-03
https://marchalade.itch.io/impossible-snake/devlog/1541453/impossible-snake-1110-patch-update,,2026-06-03
https://ciocolab.itch.io/isolation-blues-v0/devlog/1541455/first-release,,2026-06-03
https://nancygold.itch.io/edds/devlog/1541456/rulebook-v200a-pure-mechanics-no-setting,,2026-06-03
https://obsession-games.itch.io/old-mate-dave/devlog/1541457/steam-page-is-live,,2026-06-03
https://happygamer772014.itch.io/monke-corp/devlog/1541458/release-date-probably,,2026-06-03
https://djnostyle.itch.io/lessons-in-love/devlog/1541459/new-release-lessons-in-love-0580,,2026-06-03
https://dataerase.itch.io/labyrinthos/devlog/1541460/labyrinthos-164,,2026-06-03
https://synchromesh.itch.io/max-in-stein/devlog/1541461/max-in-stein-remastered,,2026-06-03
https://jake-vanguard.itch.io/troubled-bodies/devlog/1541462/release-day,,2026-06-03
https://lanyard.itch.io/chain-reactor/devlog/1541464/7th-funnest-mobile-support,,2026-06-03
https://fun95.itch.io/ragebleed/devlog/1541465/release,,2026-06-03
https://chugy.itch.io/taintedlife/devlog/1541466/game-will-be-online-soon-,,2026-06-03
https://mistlake-games.itch.io/projectpond/devlog/1541467/firse-release,,2026-06-03
https://vegey.itch.io/interactionbubble/devlog/1541468/my-first-plugin,,2026-06-03
https://meowsticks.itch.io/untold-story/devlog/1541469/version-121,,2026-06-03
https://pgshiho.itch.io/outland-shelter/devlog/1541470/silence,,2026-06-03
https://zombeebunnie.itch.io/trembling-essence-new-update/devlog/1541471/trembling-essencemultiple-choices-feedback-poll,,2026-06-03
https://soproludico.itch.io/my-dress-up-drungeon/devlog/1541472/version-05-sell-clothes,,2026-06-03
https://thatonebilly.itch.io/gandpa-the-last-winter/devlog/1541473/gandpa-the-last-winter-post-jam-update-1,,2026-06-03
https://ghostman909.itch.io/the-blockrooms/devlog/1541474/update-v003-the-inventory-and-revamp-update,,2026-06-03
https://pasgame.itch.io/horripilant/devlog/1541475/web-demo-updated,,2026-06-03
https://fredj11.itch.io/online/devlog/1541476/v023,,2026-06-03
https://raidenxd2.itch.io/cookieclicker2mp4/devlog/1541477/v301,,2026-06-03
https://sparkgapgames.itch.io/socrates/devlog/1541478/ti-994a-socrates-game-development-devlog-27-socrates-game-manual-finishing-touches,,2026-06-03
https://joshcreeper3-software.itch.io/dposboot-mini-app-operating-system/devlog/1541479/new-dposboot-operating-system-big-update,,2026-06-03
https://joshcreeper3-software.itch.io/dposboot-mini-app-operating-system/devlog/1541480/new-dposboot-operating-system-big-update,,2026-06-03
https://william-f-edwards.itch.io/ascendence-of-obsidian/devlog/1541481/the-post-game-jam-patch-11-is-here,,2026-06-03
https://pacsonic.itch.io/femmie-fatale-island/devlog/1541482/top-10-in-the-features-department,,2026-06-03
https://tbnrslime.itch.io/songs-of-tbnrslime/devlog/1541483/version-107,,2026-06-03
https://nonaveragejoe.itch.io/twilight-of-bronze/devlog/1541484/twilight-of-bronze-v020,,2026-06-03
https://prerisen.itch.io/blood-vault/devlog/1541485/blood-vaults-v004,,2026-06-03
https://bullyaustin.itch.io/descend-rougelike-shooter/devlog/1541487/changed-a-lot,,2026-06-03
https://ozoneinteractive.itch.io/canidae/devlog/1541488/announcement-degenerate-star,,2026-06-03
https://nor-pan.itch.io/cultivators-chronicles-idle-wuxia/devlog/1541489/update-1025,,2026-06-03
https://ironhide1975.itch.io/school-quest/devlog/1541490/college-quest-now-available,,2026-06-03
https://fellowplayer.itch.io/puppet-sunsun-the-computer-game/devlog/1541491/release-date,,2026-06-03
https://miatoon.itch.io/new-life/devlog/1541492/new-life-chapter-04-is-finally-here-town-mayor-tier,,2026-06-03
https://batteryaciddev.itch.io/campfire-battles/devlog/1541494/welcome-to-campfire-battles,,2026-06-03
https://itch.io/blog/1541495/gamestop-unboxing-my-new-favorite-game,,2026-06-03
https://itch.io/blog/1541496/three-corridors,,2026-06-03
https://colyolyoctopus.itch.io/afk-maker-suite-lite/devlog/1541497/afk-maker-suite-lite-quick-refresher,,2026-06-03
https://jabbonk.itch.io/homelander/devlog/1541498/chapter-5-part-3-week-4-progress,,2026-06-03
https://itch.io/blog/1541499/sequel-and-a-patreon,,2026-06-03
https://jean-heon.itch.io/fayro-kampo-vr/devlog/1541500/added-7-new-flags,,2026-06-03
https://vegey.itch.io/interactionbubble/devlog/1541501/version-101-preview-released,,2026-06-03
https://colyolyoctopus.itch.io/afk-maker-suite-pro/devlog/1541502/afk-maker-suite-pro-maker-workflow-refresher,,2026-06-03
https://ckabyss.itch.io/ck-abyss-survivors/devlog/1541503/ck-abyss-survivors-beta-v035,,2026-06-03
https://lamarnarmcofficialsprunki.itch.io/sprunki-phase-12-cancellation-update-and-phase120-official-12/devlog/1541504/please-dont-terminate-my-account-this-is-so-urgent-and-so-illegal-release-my-nigga,,2026-06-03
https://elciclo.itch.io/high-school-days/devlog/1541505/weekly-development-update,,2026-06-03
https://thiagui-191.itch.io/slendylarp-beta/devlog/1541506/mobile-and-pc,,2026-06-03
https://purplehat-productions.itch.io/re-education/devlog/1541507/a-new-way-to-edit-photos,,2026-06-03
https://puppeteercreator.itch.io/rent-a-husband/devlog/1541508/devlog-weekly-progress-update,,2026-06-03
https://colyolyoctopus.itch.io/afk-sprite-character-animator/devlog/1541509/sprite-animator-update-free-crop-saves-and-better-workspace-flow,,2026-06-03
https://brockolantern.itch.io/5th-grade-simulator/devlog/1541510/-5th-grade-simulator-june-1st-update-is-here-,,2026-06-03
https://pontura.itch.io/fulbo-stars/devlog/1541511/torneo-grieta-atletico-peronia-vs-argentinos-de-bien,,2026-06-03
https://yakumo-productions.itch.io/valkerys/devlog/1541512/update-mobile-landscape-support-human-pilot-taunts,,2026-06-03
https://nekko1031.itch.io/biofall/devlog/1541513/continuing-development,,2026-06-03
https://tempstuff90.itch.io/babysiter/devlog/1541514/updates,,2026-06-03
https://sleepycatcafe.itch.io/days-at-the-sleepy-cat-bookstore/devlog/1541515/potential-windows-fix-android-version,,2026-06-03
https://itch.io/blog/1541516/a-new-game,,2026-06-03
https://davedoesenough.itch.io/press-2-win/devlog/1541517/behold-the-1-step-series,,2026-06-03
https://meg4cat.itch.io/attorney-ax-a-furry-case/devlog/1541518/actuuu,,2026-06-03
https://snowyplovergames.itch.io/memories-loaming/devlog/1541519/the-sanity-cylinder,,2026-06-03
https://kadajah.itch.io/kadajahs-title-screen-maker-for-rpg-maker-mz/devlog/1541520/update-menu-memory-and-customizable-hover-colors,,2026-06-03
https://scarsrpg.itch.io/scars-rpg/devlog/1541522/major-update-final-alpha-core-rulebook,,2026-06-03
https://nmodern.itch.io/inoculation/devlog/1541523/alternate-title,,2026-06-03
https://tempstuff90.itch.io/babysiter/devlog/1541524/where-do-you-want-it-to-go-next,,2026-06-03
https://yumguy.itch.io/to/devlog/1541525/town-talk-demo-sonee,,2026-06-03
https://cmakesp.itch.io/gummy-and-the-doctor/devlog/1541526/episode-10-is-out-now-for-backers,,2026-06-03
https://sofaspartan.itch.io/bitjump/devlog/1541527/blocks-boomerangs-and-a-little-personality-build-092,,2026-06-03
https://itch.io/blog/1541528/i-need-your-heeeeeelp-testing,,2026-06-03
https://guyofwebs.itch.io/the-garden-at-the-end/devlog/1541529/new-stuff,,2026-06-03
https://purple-conch-studios.itch.io/asteroids/devlog/1541530/small-graphical-update,,2026-06-03
https://minitech.itch.io/otherworld-mmorpg/devlog/1541531/teamwork-makes-the-dream-work-most-of-the-time,,2026-06-03
https://firekestrel.itch.io/a-sheaf-of-papers/devlog/1541532/addendum-sheaf-of-papers-revision-8-update-log,,2026-06-03
https://st4rl1ghts.itch.io/the-mentor-project/devlog/1541533/demo-released,,2026-06-03
https://mistlake-games.itch.io/projectpond/devlog/1541534/projectpond-released,,2026-06-03
https://jaybesquared.itch.io/train-17/devlog/1541535/new-short,,2026-06-03
https://lord-voldy-2022.itch.io/lordvoldy-the-depressed-dude-isekai/devlog/1541536/new-update-035,,2026-06-03
https://royalblack.itch.io/weapon-vs/devlog/1541537/weapon-vs,,2026-06-03
https://idklolwow.itch.io/duck/devlog/1541538/guess-what,,2026-06-03
https://tojidevs.itch.io/wardenwake/devlog/1541539/public-alpha-010-initial-release,,2026-06-03
https://keywordgames.itch.io/a-ultima-gravacao/devlog/1541540/v006-dia-6-a-estrada-tem-memria,,2026-06-03
https://aldo-salt.itch.io/slay-the-demigod/devlog/1541541/slay-the-demigod-v03-update,,2026-06-03
https://ontogeny.itch.io/substrate/devlog/1541542/v0122-liberation-and-loadouts,,2026-06-03
https://zacsgames.itch.io/rrr/devlog/1541543/pc-launch,,2026-06-03
https://pinktea-games.itch.io/dungeon-devotion/devlog/1541544/devlog-for-dungeon-devotion,,2026-06-03
https://samasgari.itch.io/gjerdingsaeterkvadet/devlog/1541545/kurven-dikterer-ikke-lenger,,2026-06-03
https://oleonze.itch.io/birb/devlog/1541546/version-0913,,2026-06-03
https://itch.io/blog/1541547/selling-an-old-project,,2026-06-03
https://kingcrescente.itch.io/side-effects-act-i/devlog/1541548/side-effects-act-iv-available-now,,2026-06-03
https://retrospectivegames.itch.io/ommetaphobia/devlog/1541549/ommetaphobia-demo-out-now,,2026-06-03
https://gazashotshell.itch.io/harbinger-demo/devlog/1541550/harbinger-demo-major-update-2,,2026-06-03
https://nemtropy.itch.io/exile-knight-slice-of-life/devlog/1541551/hotfix-1-june-1-724-pm-pst,,2026-06-03
https://kantalabs.itch.io/adatewithdva/devlog/1541552/version-04-update,,2026-06-03
https://goldeditninja.itch.io/ehnheration-pre-pre-alpha-access-wip/devlog/1541553/update-133-bug-fixes-bank-upgrades-noted-items-and-more,,2026-06-03
https://joshtm26.itch.io/supernova/devlog/1541554/supernova-beta,,2026-06-03
https://hentaku-studios.itch.io/lets-split-up-gang/devlog/1541556/v160-launch,,2026-06-03
https://hakuenstudio.itch.io/eli-enemy-class-for-rpg-maker/devlog/1541557/enemy-class-140-new-features-and-bug-fixes,,2026-06-03
https://xzentaru.itch.io/dvbtd/devlog/1541558/delta-vs-beta-td-out-of-beta,,2026-06-03
https://player213434534534.itch.io/sonic-the-hedgehog-beta-fanmade/devlog/1541559/sonic-the-hedgehog-beta-fanmade,,2026-06-03
https://caidn.itch.io/color-collision-2/devlog/1541560/1005-settings-and-bug-fixing,,2026-06-03
https://hakuenstudio.itch.io/eli-custom-parameters-for-rpg-maker/devlog/1541561/custom-parameters-211-bug-fixes-and-compatibility,,2026-06-03
https://soybaby.itch.io/grandma-ghost/devlog/1541562/early-access-for-mac,,2026-06-03
https://hypnosis-lab.itch.io/hypnosis/devlog/1541563/project-hypnosis-version-v05-release,,2026-06-03
https://anominousanonymous.itch.io/wryhear/devlog/1541564/act-3-wip,,2026-06-03
https://berkebixi.itch.io/project-resonance/devlog/1541566/idlement-major-update-the-deep-climb,,2026-06-03
https://osakanae.itch.io/gemini-in-flux/devlog/1541567/english-support-is-here-a-little-about-me,,2026-06-03
https://jedite1000.itch.io/the-last-mayor-alpha-test/devlog/1541568/new-classes-and-mastery-system,,2026-06-03
https://mylodetarth.itch.io/before-it-breaks/devlog/1541569/devlog-11-ajustando-el-equilibrio-entre-presin-y-recuperacin,,2026-06-03
https://ghstbstrd.itch.io/voxelforge-voxel-model-converter/devlog/1541570/voxelforge-v47-interface-improvements-and-easier-setup,,2026-06-03
https://starpelly.itch.io/hyperspin/devlog/1541571/demo-update-20266020,,2026-06-03
https://3denemy.itch.io/girlballs/devlog/1541572/girlballs-announcement,,2026-06-03
https://hakuenstudio.itch.io/eli-class-curve-for-rpg-maker/devlog/1541573/class-curves-300-new-features-and-huge-improvements,,2026-06-03
https://starlight-studios.itch.io/runes-of-pandemonium/devlog/1541575/monday-update-crosspost,,2026-06-03
https://ciocolab.itch.io/isolation-blues-v0/devlog/1541576/bug-fix,,2026-06-03
https://northline-studio.itch.io/dungeondex/devlog/1541577/dungeondex-v1414,,2026-06-03
https://hakuenstudio.itch.io/eli-dynamic-parameters-for-rpg-maker/devlog/1541578/dynamic-parameters-301-bug-fixes-and-compatibility,,2026-06-03
https://argo3d.itch.io/two-heroes-and-burden/devlog/1541579/v015-changelog,,2026-06-03
https://gorillasuplex.itch.io/wardens-of-everwood/devlog/1541580/update,,2026-06-03
https://xenil.itch.io/xenil/devlog/1541581/version-011,,2026-06-03
https://forwardinstinct.itch.io/keepsake-county/devlog/1541582/075-update-ui-refactor-post-dreamhack-fixes-progression-and-more,,2026-06-03
https://itch.io/blog/1541583/delay-failed-timeline-903,,2026-06-03
https://schwartzgames.itch.io/duat-last-voyage-of-the-pharos/devlog/1541584/update-to-example-walkthrough,,2026-06-03
https://papitas319.itch.io/nature-ui/devlog/1541585/nature-ui-for-just-1,,2026-06-03
https://kasairaito.itch.io/hunted/devlog/1541586/kasairaito-114-programacin,,2026-06-03
https://thelasty-developer.itch.io/delivery/devlog/1541587/fun-elements,,2026-06-03
https://tekatesha.itch.io/teshas-lorebuilder/devlog/1541588/now-supporting-macos-and-linux-android-version-coming-soon,,2026-06-03
https://trueflightspecials.itch.io/vorny-succubai/devlog/1541589/failed-timeline-903-delay,,2026-06-03
https://rippleanimates.itch.io/amazebox/devlog/1541590/final-update,,2026-06-03
https://evildojo.itch.io/projectrpg/devlog/1541591/v019,,2026-06-03
https://dragonsidestudios.itch.io/shellipelago/devlog/1541592/version-11-live,,2026-06-03
https://foxdv.itch.io/fantasy-date/devlog/1541593/fantasy-date-v051-hinata-sakaguchi-tensei-shitara-slime,,2026-06-03
https://grilled-cheese-sandwich.itch.io/the-faceless-west/devlog/1541594/devlog-3-renders-galore,,2026-06-03
https://armor-games-inc.itch.io/robot-le/devlog/1541595/sorry-for-the-sudden-no-update,,2026-06-03
https://zesty-the-lemon.itch.io/toothyank-deluxe-edition/devlog/1541596/wacky-wiggles,,2026-06-03
https://phillthebacon.itch.io/godot-city-generator/devlog/1541597/godot-city-generator-v2,,2026-06-03
https://vampyrlee.itch.io/elemintz/devlog/1541598/elemintz-v2149-achievement-fixes-new-common-backgrounds,,2026-06-03
https://berryitch.itch.io/guard-rrr/devlog/1541599/v1251-patch,,2026-06-03
https://celestialdragongames.itch.io/etch-8/devlog/1541600/fixed-a-bug-in-etch-8,,2026-06-03
https://xx4br4h4ml1nc0lnxx.itch.io/number-game/devlog/1541601/new-up-date,,2026-06-03
https://okai.itch.io/excavatron/devlog/1541602/v055,,2026-06-03
https://llamakazi.itch.io/synergy-abyss/devlog/1541603/v02c-bugfixes,,2026-06-03
https://whitegarouu.itch.io/dominate/devlog/1541604/v04-is-live,,2026-06-03
https://quietware.itch.io/hourglass-timer/devlog/1541605/hourglass-timer-is-now-available-for-macos,,2026-06-03
https://pnhprod.itch.io/pervphone/devlog/1541606/early-release-v04-on-patreonsubscribestar,,2026-06-03
https://munchmo.itch.io/xenodochium/devlog/1541607/finally-caught-up,,2026-06-03
https://kasairaito.itch.io/hunted/devlog/1541608/kasairaito-124-programacin,,2026-06-03
https://winkingcorvid.itch.io/love-limit/devlog/1541609/-happy-2nd-anniversary-to-love-limit-,,2026-06-03
https://itch.io/blog/1541611/will-to-war,,2026-06-03
https://loopz-games.itch.io/the-many-cases-of-justin/devlog/1541612/pre-view-of-the-new-update,,2026-06-03
https://itch.io/blog/1541613/ribbon-the-isolated-playtests,,2026-06-03
https://roadkillcandy.itch.io/cat-galaxy-art-book/devlog/1541614/art-to-add-next-zip-update,,2026-06-03
https://heides1252.itch.io/eschaton/devlog/1541615/eschaton-v153-play-now,,2026-06-03
https://timespacegames.itch.io/shadow-run-action-rpg/devlog/1541616/shadow-run-action-rpg-is-now-available-to-play-on-web-in-itchio,,2026-06-03
https://jception.itch.io/getaway-shootout-hard-so-hard/devlog/1541617/skins-update,,2026-06-03
https://louismareau.itch.io/keychain/devlog/1541619/the-desktop-qr-snip-and-a-far-smarter-merge-flow-v088,,2026-06-03
https://pixel-syndicate-studio.itch.io/night-of-the-breach/devlog/1541621/the-wave-system,,2026-06-03
https://lispy-gopher-show.itch.io/nicclim/devlog/1541623/the-former-unix-surrealism-jam-front-page,,2026-06-03
https://kptemreu.itch.io/piratebrawl/devlog/1541624/ship-hitpoints-now-show-after-taking-damage,,2026-06-03
https://r-goulart.itch.io/ghost-nirvana-reloaded/devlog/1541625/post-jam-update-01,,2026-06-03
https://miuwang.itch.io/unity-anime-eye-effect-shader20-vrchatbirp/devlog/1541626/general-update-new-free-eyes-added,,2026-06-03
https://ch3sh1r3.itch.io/untitle-ttrpg/devlog/1541627/dev-log-2,,2026-06-03
https://thepixelgame.itch.io/15-side-scrolling-pixel-art-background-pack-256x144/devlog/1541628/devlog-15-side-scrolling-pixel-art-backgrounds-pack-released,,2026-06-03
https://chugget.itch.io/into-the-planets-flesh/devlog/1541629/update-008,,2026-06-03
https://jakeonaut.itch.io/neocomposer/devlog/1541630/midi-export,,2026-06-03
https://kasairaito.itch.io/hunted/devlog/1541632/kasairaito-134-programacin,,2026-06-03
https://majalis.itch.io/tales-of-androgyny/devlog/1541633/new-public-build-v03680,,2026-06-03
https://wubingliang77.itch.io/final/devlog/1541635/final-game-project-underlying-architecture-and-automated-construction-of-the-escape-room-card-system,,2026-06-03
https://timespacegames.itch.io/kooyu-endless-adventure-flappy-bird-style/devlog/1541637/kooyu-endless-adventure-flappy-bird-like-new-launch,,2026-06-03
https://matthew-bradford.itch.io/clutch/devlog/1541638/alpha-playtest-31,,2026-06-03
https://mgx5.itch.io/paladin-princess-patreon/devlog/1541639/june-test-build-important-hotfix,,2026-06-03
https://sanymaaaa.itch.io/modern-wars/devlog/1541640/modern-wars-v15,,2026-06-03
https://noxanimdev.itch.io/project-relay/devlog/1541641/patch-0003,,2026-06-03
https://via415.itch.io/greater-diplomacy-5/devlog/1541643/prototype-v7-out,,2026-06-03
https://thetotalunknown2341.itch.io/a-journey-project/devlog/1541644/803-love-sammiches-and-wolves,,2026-06-03
https://timespacegames.itch.io/galactic-space-shooter-action-space-shooter-game-online/devlog/1541645/galactic-space-shooter-online-launched-on-web-on-itchiio,,2026-06-03
https://illtemperedtuna.itch.io/the-seacrit-fish-game/devlog/1541646/a-vent-on-ai-how-it-has-stunted-all-progress-and-for-all-the-wrong-reasons,,2026-06-03
https://nor-pan.itch.io/cultivators-chronicles-idle-wuxia/devlog/1541647/update-10251,,2026-06-03
https://lispy-gopher-show.itch.io/nicclim/devlog/1541648/using-nicclim-starting-from-a-terminal-demo,,2026-06-03
https://stefan-dolidis.itch.io/dead-skin/devlog/1541649/v026-notes,,2026-06-03
https://lvl99goblin.itch.io/the-endless-night/devlog/1541650/new-builds-with-frontend-fixes,,2026-06-03
https://cosmicarcadegames.itch.io/poolscape/devlog/1541651/upcoming-level-update,,2026-06-03
https://outsidetheboxgames.itch.io/madness-interactive-in-vain-windows-build/devlog/1541652/post-itch-launch-goals,,2026-06-03
https://theuniversesstar.itch.io/neurosis-v2-demo/devlog/1541653/big-neurosis-announcement,,2026-06-03
https://omega2791.itch.io/cn-topdown/devlog/1541654/items-added-with-inventory-use,,2026-06-03
https://mediokre-games.itch.io/super-milk-man/devlog/1541655/super-milk-man-demo-launch,,2026-06-03
https://nor-pan.itch.io/cultivators-chronicles-idle-wuxia/devlog/1541656/update-10251-revised,,2026-06-03
https://frail-heart.itch.io/merry-thief/devlog/1541657/version-13-last-major-update,,2026-06-03
https://metalblinga.itch.io/cabin-corpse/devlog/1541658/v0611-release-schedule,,2026-06-03
https://optheflavour.itch.io/unbind-demo/devlog/1541659/unbind-demo-update-20260602,,2026-06-03
https://jwaff.itch.io/towns-charm/devlog/1541661/towns-charm-081b,,2026-06-03
https://itch.io/blog/1541662/fallout,,2026-06-03
https://polyspice.itch.io/rabbit-rocket-racing/devlog/1541663/rabbit-rocket-racing-070,,2026-06-03
https://bullyaustin.itch.io/descend-rougelike-shooter/devlog/1541664/gamepad-update-and-going-forward,,2026-06-03
https://msweb.itch.io/dimenshaper/devlog/1541665/v0962-a11y-icon,,2026-06-03
https://frequenzbetrieb.itch.io/dj-simulator/devlog/1541666/beginning,,2026-06-03
https://turanszkij.itch.io/wicked-engine/devlog/1541667/07266,,2026-06-03
https://ururuo.itch.io/amourfest/devlog/1541668/fix-update,,2026-06-03
https://originlessgamer.itch.io/godot-project-doc-generator/devlog/1541669/update-1-removed-uid-and-import-from-docs-for-clarity,,2026-06-03
https://itch.io/blog/1541670/essentials-the-modern-streetwear-brand-redefining-everyday-fashion,,2026-06-03
https://xyvothgames.itch.io/koruko-and-the-forces-of-destruction/devlog/1541671/koruko-v02,,2026-06-03
https://itch.io/blog/1541672/2nd-furry-jam-over,,2026-06-03
https://colyolyoctopus.itch.io/afk-intern-protocol/devlog/1541673/intern-protocol-refresher-act-1-lab-stability-and-dale,,2026-06-03
https://recursionalignment.itch.io/recursionalignment/devlog/1541675/playtest-ui-update-one-office-one-game,,2026-06-03
https://vonfervorich.itch.io/vampiras-lesbianas-del-espacio-exterior/devlog/1541676/lesbians-vampires-bilingual-update,,2026-06-03
https://cynthiatool.itch.io/4-ct-threatsystem-mmo-style-threat-taunt-system-rpg-maker-mz/devlog/1541677/still-using-random-enemy-targeting-in-rpg-maker-mz-,,2026-06-03
https://tjonestj.itch.io/spell-duel/devlog/1541678/v070,,2026-06-03
https://hirogucci.itch.io/tap-circle-drop/devlog/1541679/online-ranking-added,,2026-06-03
https://spedumon.itch.io/small-on-top/devlog/1541680/small-on-top-patreon-build-090-change-list,,2026-06-03
https://barryfans-games.itch.io/barryware/devlog/1541681/42-update-melon-build,,2026-06-03
https://satinel.itch.io/animal-connections/devlog/1541682/pacifist-run-unlocked,,2026-06-03
https://snehaln.itch.io/rolls-riches/devlog/1541683/rolls-riches-is-live,,2026-06-03
https://foxmuffler.itch.io/wants-to-battle/devlog/1541684/bug-huntress-wants-to-battle-now-available,,2026-06-03
https://cr-studios.itch.io/doodle2-jump/devlog/1541686/game-jam,,2026-06-03
https://osixio.itch.io/osixio/devlog/1541687/-osixio-is-now-live-claim-the-galaxy-in-your-browser,,2026-06-03
https://lemist.itch.io/lami-a-cup-of-code-and-coffee/devlog/1541689/two-years-developing-lami-a-cup-of-code-and-coffee,,2026-06-03
https://thevivs.itch.io/combat-mimic/devlog/1541690/mimikyu-charizard-variant,,2026-06-03
https://itch.io/blog/1541691/devlog-3,,2026-06-03
https://lightningdeveloper.itch.io/cuberunner/devlog/1541692/update-v112,,2026-06-03
https://adolf-reborn-dev.itch.io/adolf-reborn/devlog/1541693/upcoming-update-investigation,,2026-06-03
https://wandereronestudios.itch.io/echoes-of-the-cosmos/devlog/1541694/v0100-the-echoes-begin-to-move,,2026-06-03
https://bjorvack.itch.io/last-call-a-story-in-ten-calls/devlog/1541695/final-jam-results-top-5-in-story-post-jam-build-v110-is-live,,2026-06-03
https://koji-marumugi.itch.io/mega-fantasy-outdoor-tileset/devlog/1541696/june-mf-outdoor-tile-set-progress-update,,2026-06-03
https://pgshiho.itch.io/outland-shelter/devlog/1541697/sound-change,,2026-06-03
https://daturista.itch.io/parafernalha/devlog/1541698/mari-miana-preview,,2026-06-03
https://justaddlava.itch.io/vega-chronicle/devlog/1541699/v0164-missile-bases,,2026-06-03
https://oramix.itch.io/xmod/devlog/1541700/where-did-the-game-go,,2026-06-03
https://casgaimsxd.itch.io/julian-basics-mod-baldi-basics/devlog/1541701/julian-basics-mod,,2026-06-03
https://nesery-games.itch.io/sol-aurum/devlog/1541702/sol-aurum-dev-log-7,,2026-06-03
https://flunch1314.itch.io/circuit-defender/devlog/1541703/v010-building-an-expandable-mineral-frontier,,2026-06-03
https://akami666.itch.io/buff-debuff-icon-pack-free-vol1/devlog/1541705/buff-debuff-icons-vol2-and-where-to-get-vol1-free,,2026-06-03
https://snabisch.itch.io/all-sound-tracker/devlog/1541706/first-recovered-track-acid-beat-contrast,,2026-06-03
https://evildojo.itch.io/projectrpg/devlog/1541707/v0110,,2026-06-03
https://zooperdan.itch.io/zoopertracker/devlog/1541708/zoopertracker-121-update,,2026-06-03
https://nathanjk2005.itch.io/the-labyrinth-of-elsewhere/devlog/1541709/devlog-iii-020626,,2026-06-03
https://kremencek123.itch.io/tales-of-avarion-chapter-1/devlog/1541710/update-6,,2026-06-03
https://eldo145.itch.io/namba-x-ai-support-unit-msx/devlog/1541711/project-update-namba-x-hiragana-version,,2026-06-03
https://kukuruzo.itch.io/fractality/devlog/1541712/fractality-is-live-cat-fighters-vs-ultimate-tic-tac-toe,,2026-06-03
https://itch.io/blog/1541713/modular-submissive-girl,,2026-06-03
https://60k41p.itch.io/peckyard-pursuit/devlog/1541714/peckyard-pursuit-is-now-open-source,,2026-06-03
https://ayuxhh30.itch.io/neon-overdrive/devlog/1541715/neon-overdrive,,2026-06-03
https://ohminen.itch.io/grease-monkey-in-space/devlog/1541716/140,,2026-06-03
https://yash-sharma18.itch.io/jarvis-mark-i/devlog/1541717/jarvis-mark-i-status-subsystems-online-standby-protocol-engaged,,2026-06-03
https://itch.io/blog/1541718/project-ornu-a-quick-showcase-of-what-the-game-might-look-like-once-completed,,2026-06-03
https://7cgames.itch.io/opposite/devlog/1541719/opposite-catalog-atm-game-jam-build,,2026-06-03
https://windik.itch.io/the-link/devlog/1541720/devlog-2-what-the-jam-taught-me,,2026-06-03
https://spectrun.itch.io/metar-by-spectrun/devlog/1541721/metar-full-by-spectrun-update-106,,2026-06-03
https://create-team.itch.io/poppy-laucher/devlog/1541722/update-130,,2026-06-03
https://joelurker.itch.io/by-the-end-of-the-night/devlog/1541723/by-the-end-of-the-night-release-,,2026-06-03
https://ruricstudios.itch.io/ruricswafm/devlog/1541724/adding-animated-erotic-content,,2026-06-03
https://iridark.itch.io/item-pack/devlog/1541725/update,,2026-06-03
https://iridark.itch.io/staff-pack/devlog/1541726/update,,2026-06-03
https://iridark.itch.io/relic-pack/devlog/1541727/update,,2026-06-03
https://iridark.itch.io/accessories-pack/devlog/1541728/update,,2026-06-03
https://wubingliang77.itch.io/final/devlog/1541729/final-game-project-prototype-testing-and-core-framework-acceptance,,2026-06-03
https://lustoverreality.itch.io/adventurous-monster-breeder/devlog/1541730/unique-weapons,,2026-06-03
https://gadill.itch.io/ocean-gates/devlog/1541731/boat-routes,,2026-06-03
https://artemis661.itch.io/rated-z/devlog/1541732/devlog-3-june-2-2026,,2026-06-03
https://atpied.itch.io/luckybloxlauncher/devlog/1541733/coming-soon-06-release,,2026-06-03
https://jollytronvr.itch.io/jollycloud/devlog/1541734/version-321-just-simple-patch,,2026-06-03
https://luca85.itch.io/simple-pixel-art-robot/devlog/1541735/file-update,,2026-06-03
https://itch.io/blog/1541737/post,,2026-06-03
https://ruanfh.itch.io/necromancer/devlog/1541738/try-again-button,,2026-06-03
https://grampa-dream.itch.io/the-stalker-wip/devlog/1541739/stalker-first-release,,2026-06-03
https://venrose-games.itch.io/seas-of-temptation/devlog/1541740/-devlog-4-episode-4-v12-release-dates,,2026-06-03
https://juanma2k.itch.io/critical-choice/devlog/1541741/english-version-available-now,,2026-06-03
https://orhstudio.itch.io/sprite-slicer-pro/devlog/1541743/now-playable-directly-on-itchio,,2026-06-03
https://catiregames.itch.io/snuggle-nightmare-developer-prototype/devlog/1541744/the-snuggle-nightmare-demo-is-now-available-on-itchio,,2026-06-03
https://spicysaucelord.itch.io/agents-of-sunset/devlog/1541745/new-deadlock-chapter-band-aid-fixes-for-android-mac-prototype-released,,2026-06-03
https://morso-irl.itch.io/astral-kingdom-demo/devlog/1541746/another-small-update,,2026-06-03
https://zaytri.itch.io/slime2/devlog/1541747/v110-various-fixes,,2026-06-03
https://fractalistic-games.itch.io/keling-bengkel-keliling-g4c/devlog/1541748/update-alpha-300,,2026-06-03
https://xanderstudio.itch.io/journeygalaxis/devlog/1541749/journey-galaxis-honouring-my-close-friend-who-passed-away,,2026-06-03
https://itch.io/blog/1541750/reserved-table-coming-soon,,2026-06-03
https://krishnamohan-yagneswaran.itch.io/last-viewer/devlog/1541751/v11-new-changes,,2026-06-03
https://eatenbyawhale.itch.io/crime-or-punishment/devlog/1541752/crime-or-punishment-main-113-major-reworks-and-towards-the-full-release,,2026-06-03
https://ankk03.itch.io/sky-land/devlog/1541753/sky-land,,2026-06-03
https://sengokugekokujobeats.itch.io/kekkanokeifu/devlog/1541754/update-v23-all-42-events-now-in-english,,2026-06-03
https://nionola.itch.io/reservedtable/devlog/1541755/reserved-table-coming-soon,,2026-06-03
https://team-everloop.itch.io/project-duality/devlog/1541756/version-11-update-patch-note,,2026-06-03
https://seductgames.itch.io/seductville/devlog/1541758/seductville-update-walkthrough-improvements-fixes,,2026-06-03
https://deadwing.itch.io/crystal-funkadelic-prototype-3/devlog/1541760/creating-new-textures-to-decorate-the-castle,,2026-06-03
https://cocoasoo.itch.io/sketch-kingdom/devlog/1541761/download-demo-out,,2026-06-03
https://lazyanttu.itch.io/wordless-war/devlog/1541762/ui-improvements-texts-on-ui-new-icons,,2026-06-03
https://divverent.itch.io/aaaaxy/devlog/1541764/release-v1777,,2026-06-03
https://puligames.itch.io/jellybob/devlog/1541765/shader-fix,,2026-06-03
https://onilomix.itch.io/nrfl/devlog/1541766/nobody-returns-from-lornfield-001-prototype,,2026-06-03
https://idite-dev.itch.io/monster-mind-body/devlog/1541767/monster-mind-body-v0211-release,,2026-06-03
https://itch.io/blog/1541768/oathbound-devlog-1-emerging-from-the-fog-and-first-steps-in-marandia,,2026-06-03
https://acuristic.itch.io/deathwish/devlog/1541769/deathwish-game-jam-devlog,,2026-06-03
https://khyi.itch.io/club-brawl/devlog/1541770/club-brawl-detailed-controls,,2026-06-03
https://jdlpdev.itch.io/larmateur/devlog/1541771/mise-jour-et-corrections,,2026-06-03
https://serasolarin.itch.io/ziua-copilariei-in-lunaria/devlog/1541772/lansare-oficial-ziua-copilriei-n-lunaria,,2026-06-03
https://micktk.itch.io/yet-another-nonogram/devlog/1541774/v200-is-out-now,,2026-06-03
https://dicestrace.itch.io/game/devlog/1541775/far-far-west-cheat-menu-2026-godmode-cowboy-unlimited-gold-instant-upgrades-outlaw-control,,2026-06-03
https://itch.io/blog/1541776/daily-development-polls,,2026-06-03
https://dicestrace.itch.io/game/devlog/1541777/far-far-west-cheat-2026-godmode-cowboy-unlimited-gold-instant-upgrades-outlaw-control,,2026-06-03
https://dicestrace.itch.io/game/devlog/1541778/far-far-west-trainer-2026-godmode-unlimited-ammo-spell-hacks-co-op-tools,,2026-06-03
https://dicestrace.itch.io/game/devlog/1541780/far-far-west-mod-menu-2026-in-game-overlay-godmode-resource-hack-co-op-controls,,2026-06-03
https://comeback-looplabs.itch.io/matching-number/devlog/1541781/0000544,,2026-06-03
https://princeonapie.itch.io/the-bestest-knight/devlog/1541783/web-build-improvements,,2026-06-03
https://brunu.itch.io/wrecking-wave/devlog/1541784/wrecking-wave-is-now-available,,2026-06-03
https://weltkind.itch.io/game/devlog/1541785/deep-rock-galactic-rogue-core-mod-menu-2026-godmode-dwarf-unlimited-resources-instant-upgrades-swarm-control,,2026-06-03
https://weltkind.itch.io/game/devlog/1541786/deep-rock-galactic-rogue-core-trainer-2026-godmode-dwarf-unlimited-resources-instant-upgrades-mission-domination,,2026-06-03
https://weltkind.itch.io/game/devlog/1541787/deep-rock-galactic-rogue-core-cheat-menu-2026-godmode-dwarf-unlimited-resources-instant-upgrades-mission-control,,2026-06-03
https://weltkind.itch.io/game/devlog/1541788/total-war-warhammer-iii-trainer-2026-unlimited-gold-godmode-armies-instant-recruitment-campaign-domination,,2026-06-03
https://wrinklyoctopus.itch.io/whiplash/devlog/1541789/where-to-find-devlogs,,2026-06-03
https://weltkind.itch.io/game/devlog/1541790/total-war-warhammer-iii-mod-menu-2026-unlimited-gold-godmode-armies-instant-recruitment-campaign-control,,2026-06-03
https://fawkek.itch.io/psx-retro-tools/devlog/1541791/psx-retro-tools-170-is-here-a-major-blender-50-update-focused-on-ps1-style-materials-texture-workflows-vertex-lighting-and-billboard-sprites,,2026-06-03
https://kinmoku.itch.io/ace-and-aro-heart-to-heart/devlog/1541792/new-screenshots-of-ace-aro-heart-to-heart,,2026-06-03
https://slickrick2000.itch.io/speedy-3000/devlog/1541793/new-features-coming,,2026-06-03
https://darkprogame.itch.io/dpg/devlog/1541794/stardew-valley-trainer-2026-unlimited-gold-instant-crops-max-skills-time-control,,2026-06-03
https://darkprogame.itch.io/dpg/devlog/1541795/stardew-valley-mod-menu-2026-unlimited-gold-instant-crops-max-skills-time-control,,2026-06-03
https://darkprogame.itch.io/dpg/devlog/1541796/farever-mod-menu-2026-unlimited-resources-godmode-instant-builds-world-control,,2026-06-03
https://mappadeppamice.itch.io/doodle-dot-vol00/devlog/1541797/hello-itch,,2026-06-03
https://darkprogame.itch.io/dpg/devlog/1541798/satisfactory-cheat-menu-2026-unlimited-resources-godmode-instant-build-factory-domination,,2026-06-03
https://jqtran.itch.io/d-beat-heroes/devlog/1541799/minor-demo-patchupdates,,2026-06-03
https://darkprogame.itch.io/dpg/devlog/1541800/trailmakers-trainer-2026-unlimited-blocks-godmode-vehicles-instant-build-physics-control,,2026-06-03
https://landromeda.itch.io/pong/devlog/1541801/versin-121,,2026-06-03
https://indigobeetle.itch.io/mined-out-2/devlog/1541802/bug-fix,,2026-06-03
https://goonerunleashed.itch.io/yes-i-am-a-furry/devlog/1541803/ver-023,,2026-06-03
https://slightlymadman.itch.io/snekromancy/devlog/1541804/v071,,2026-06-03
https://random-state-machine.itch.io/of-honey-and-bees/devlog/1541805/jam-version-now-available,,2026-06-03
https://vile-praxis.itch.io/vampire-firstlight/devlog/1541806/devlog-3-demo-012,,2026-06-03
https://mialeehere.itch.io/vurachord/devlog/1541808/recordingexporting-update,,2026-06-03
https://playingring-studios.itch.io/ironroutes/devlog/1541809/iron-routes,,2026-06-03
https://spwil.itch.io/connections-life/devlog/1541810/post-game-jam-patch-note,,2026-06-03
https://saliott.itch.io/space-bridge/devlog/1541811/nuova-versione-disponibile,,2026-06-03
https://planetjonbo.itch.io/the-labyrinth-on-burrow-hill/devlog/1541812/the-labyrinth-on-burrow-hill-coming-june-19th,,2026-06-03
https://justyxxx.itch.io/futuasimula/devlog/1541814/now-the-futua-simula-is-transforming-to-science-is-core,,2026-06-03
https://limkoua.itch.io/fantasy-rpg-starter-items-pack-500-game-icons/devlog/1541815/launch-update-500-fantasy-rpg-icons-pack-is-live-new-previews,,2026-06-03
https://topojinn.itch.io/mrsaw-devlogs/devlog/1541816/exporting-testing,,2026-06-03
https://sanghendrix.itch.io/hendrix-hud-designer-rpg-maker-mz-plugin/devlog/1541817/hendrix-hud-designer-released,,2026-06-03
https://rowzgame.itch.io/games/devlog/1541818/battlefield-6-cheat-menu-2026-aimbot-esp-godmode-vehicle-control,,2026-06-03
https://rowzgame.itch.io/games/devlog/1541819/battlefield-6-aim-assist-2026-ballistic-prediction-auto-aim-recoil-control-tactical-esp,,2026-06-03
https://rowzgame.itch.io/games/devlog/1541820/world-of-tanks-heat-cheat-menu-2026-godmode-unlimited-credits-ability-spam-tank-hacks,,2026-06-03
https://trisutridi.itch.io/ella-metahuman-ai/devlog/1541821/ella-update-70,,2026-06-03
https://rowzgame.itch.io/games/devlog/1541822/dune-awakening-mod-menu-2026-godmode-unlimited-spice-water-hack-ornithopter-controls,,2026-06-03
https://rowzgame.itch.io/games/devlog/1541823/smite-2-trainer-2026-godmode-unlimited-mana-cooldown-reset-gold-hack,,2026-06-03
https://aircatdonut.itch.io/peters-realm-birthday-edition/devlog/1541825/yes-hello-new-update,,2026-06-03
https://dreamsmoke19494tvk.itch.io/game/devlog/1541826/tbh-task-bar-hero-trainer-2026-unlimited-gold-max-hero-level-auto-loot-idle-speed-hacks,,2026-06-03
https://dreamsmoke19494tvk.itch.io/game/devlog/1541827/tbh-task-bar-hero-mod-menu-2026-in-game-overlay-unlimited-gold-max-level-auto-battle-controls,,2026-06-03
https://dreamsmoke19494tvk.itch.io/game/devlog/1541828/cheap-car-repair-mod-menu-2026-in-game-economy-editor-instant-repairs-vehicle-godmode-workshop-control,,2026-06-03
https://dreamsmoke19494tvk.itch.io/game/devlog/1541829/everything-is-crab-mod-menu-2026-unlimited-shells-godmode-crab-instant-evolution-swarm-control,,2026-06-03
https://dreamsmoke19494tvk.itch.io/game/devlog/1541830/subnautica-trainer-2026-godmode-unlimited-oxygen-instant-craft-creature-control,,2026-06-03
https://theluckybow.itch.io/realm-of-ink-trainer/devlog/1541831/realm-of-ink-cheat-available,,2026-06-03
https://e8pgcr5z.itch.io/acting-lessons-free-download-drama-hentai-visual-novel-pc-96352/devlog/1541832/acting-lessons-now-available-on-windows-pc,,2026-06-03
https://kyanvdk.itch.io/space-removal-mechanic/devlog/1541833/devlog-1-playing-with-space,,2026-06-03
https://magesinstitute.itch.io/106-david/devlog/1541834/visual-changes,,2026-06-03
https://runetranslate.itch.io/runetranslate/devlog/1541835/update-v01629,,2026-06-03
https://minifungames.itch.io/ballatory/devlog/1541836/new-demo-were-close-to-launch,,2026-06-03
https://troublegame.itch.io/game/devlog/1541837/pubg-cheat-menu-2026-aimbot-esp-godmode-loot-vehicle-hacks,,2026-06-03
https://troublegame.itch.io/game/devlog/1541838/pubg-hacks-2026-aimbot-godmode-esp-loot-control,,2026-06-03
https://troublegame.itch.io/game/devlog/1541839/pubg-aim-assist-2026-ballistic-prediction-auto-aim-recoil-control-esp-assist,,2026-06-03
https://troublegame.itch.io/game/devlog/1541840/pubg-wallhack-2026-esp-aimbot-toggle-distance-hack-loot-radar,,2026-06-03
https://mikes70.itch.io/chaos-arena-pong-riot/devlog/1541841/devlog-update-13,,2026-06-03
https://eddiemonotone.itch.io/private-academy-supercharged/devlog/1541844/new-update-available-on-patreon-private-academy-supercharged-0012,,2026-06-03
https://soaring-dreams.itch.io/zodiarcwardens/devlog/1541845/screenshot-update,,2026-06-03
https://goragarxgamedev.itch.io/room-713/devlog/1541849/patch-02062026-qol-ux-and-one-extra-anomaly,,2026-06-03
https://peyre.itch.io/baldis-awesome-basics/devlog/1541852/new-stuff,,2026-06-03
https://osnoe821w2h.itch.io/gg/devlog/1541859/arma-reforger-aim-assist-2026-precision-silent-aim-no-recoil-bullet-drop-compensation-esp,,2026-06-03
https://osnoe821w2h.itch.io/gg/devlog/1541862/arma-reforger-esp-2026-full-battlefield-awareness-playervehicleloot-detection-distance-markers,,2026-06-03
https://osnoe821w2h.itch.io/gg/devlog/1541863/hitman-world-of-assassination-trainer-2026-god-mode-unlimited-ammo-stealth-mode-esp,,2026-06-03
https://osnoe821w2h.itch.io/gg/devlog/1541864/brick-rigs-trainer-2026-unlimited-bricks-godmode-vehicles-instant-build-physics-control,,2026-06-03
https://osnoe821w2h.itch.io/gg/devlog/1541865/monster-hunter-wilds-trainer-2026-godmode-hunter-unlimited-zenny-instant-hunts-material-godmode,,2026-06-03
https://taztempest.itch.io/train-chain/devlog/1541866/thank-you-,,2026-06-03
https://e8pgcr5z.itch.io/acting-lessons-free-download-pc-complete-edition-18-97898/devlog/1541867/acting-lessons-now-available-on-windows-pc,,2026-06-03
https://e8pgcr5z.itch.io/city-of-broken-dreamers-book-one-free-download-full-hentai-game-pc-windows-98002/devlog/1541868/city-of-broken-dreamers-book-one-now-available-on-windows-pc,,2026-06-03
https://rivergrimm.itch.io/distant-lands-cursed-scroll-1/devlog/1541869/added-a-printable-pdf-with-cairn-stats,,2026-06-03
https://e8pgcr5z.itch.io/cockwork-industries-complete-full-free-download-hentai-game-for-windows-98098/devlog/1541870/cockwork-industries-complete-now-available-on-windows-pc,,2026-06-03
https://seventh-zone.itch.io/heart-of-creation-kaltheim/devlog/1541871/180-update,,2026-06-03
https://e8pgcr5z.itch.io/college-kings-2-episode-1-free-download-full-adult-visual-novel-18-98238/devlog/1541872/college-kings-2-episode-1-now-available-on-windows-pc,,2026-06-03
https://kqsu33my48.itch.io/college-kings-free-download-full-adult-visual-novel-18-98355/devlog/1541873/college-kings-now-available-on-windows-pc,,2026-06-03
https://montilf.itch.io/eroverse-spa/devlog/1541874/game-on-hiatus,,2026-06-03
https://sicsix.itch.io/il2shaker/devlog/1541875/210-improved-ww1-engine-effects-jet-engines-and-balancing,,2026-06-03
https://kqsu33my48.itch.io/countess-in-crimson-free-download-full-adult-visual-novel-18-98449/devlog/1541876/countess-in-crimson-now-available-on-windows-pc,,2026-06-03
https://kqsu33my48.itch.io/depraved-awakening-free-download-full-adult-visual-novel-18-98543/devlog/1541877/depraved-awakening-now-available-on-windows-pc,,2026-06-03
https://kqsu33my48.itch.io/dreams-of-desire-definitive-edition-free-download-full-adult-visual-novel-18-986/devlog/1541878/dreams-of-desire-definitive-edition-now-available-on-windows-pc,,2026-06-03
https://kqsu33my48.itch.io/gray-free-download-full-game-windows-adult-only-98740/devlog/1541879/gray-now-available-on-windows-pc,,2026-06-03
https://rossmccormick.itch.io/can-you-beat-excel-at-chess/devlog/1541880/can-you-beat-excel-at-chess-patch-v11,,2026-06-03
https://sinkidream.itch.io/applied-shamanism-alpha/devlog/1541881/applied-shamanism-alpha-version-is-ready-for-playtesting,,2026-06-03
https://icy-viridian.itch.io/wasteland-lewdness/devlog/1541882/wasteland-lewdness-version-0750,,2026-06-03
https://koguwara.itch.io/stall-quest/devlog/1541883/stall-quest-ver0100-update,,2026-06-03
https://diciannovesimo.itch.io/forge-clicker-2/devlog/1541884/forge-clicker-2-first-development-update,,2026-06-03
https://tme520.itch.io/idol-natsumi/devlog/1541885/update-16-lets-get-cooking,,2026-06-03
https://falsfiction.itch.io/spirit-of-the-latch/devlog/1541886/android-experience-for-sotl-531a,,2026-06-03
https://mql5br1l.itch.io/honey-select-2-libido-free-download-pc-complete-edition-18-99981/devlog/1541887/honey-select-2-libido-now-available-on-windows-pc,,2026-06-03
https://mql5br1l.itch.io/koikatsu-party-full-free-download-hentai-game-for-windows-77/devlog/1541888/koikatsu-party-now-available-on-windows-pc,,2026-06-03
https://mql5br1l.itch.io/leap-of-faith-free-download-full-game-windows-adult-only-170/devlog/1541889/leap-of-faith-now-available-on-windows-pc,,2026-06-03
https://aircatdonut.itch.io/peters-realm-birthday-edition/devlog/1541890/that-other-updatep-art-2,,2026-06-03
https://marc-vittorini.itch.io/space-shield/devlog/1541891/space-shield-109th-atari-2600-game-demo-available-to-download-or-play-in-browser,,2026-06-03
https://mql5br1l.itch.io/leap-of-love-free-download-full-hentai-game-pc-windows-274/devlog/1541892/leap-of-love-now-available-on-windows-pc,,2026-06-03
https://camembert0.itch.io/mms-m/devlog/1541893/travel-map-hosted-build-fixes-and-regional-npc-improvements,,2026-06-03
https://driftmoss-studio.itch.io/black-fox/devlog/1541894/public-release-of-update-v06-now-live,,2026-06-03
https://misterkuul.itch.io/flyboys/devlog/1541895/version-060-update,,2026-06-03
https://mql5br1l.itch.io/love-and-sex-second-base-free-download-full-game-windows-adult-only-398/devlog/1541896/love-and-sex-second-base-now-available-on-windows-pc,,2026-06-03
https://leoey.itch.io/old-noob-clicker/devlog/1541897/115-update,,2026-06-03
https://bottes11fik9.itch.io/game/devlog/1541898/slay-the-spire-2-mod-menu-2026-unlimited-gold-godmode-card-editor-instant-victory,,2026-06-03
https://eve-pen-name.itch.io/bloody-pursuit/devlog/1541899/considerations-in-chapter-two,,2026-06-03
https://okaqjglhu.itch.io/lust-academy-season-1-full-free-download-hentai-game-for-windows-770/devlog/1541900/lust-academy-season-1-now-available-on-windows-pc,,2026-06-03
https://bottes11fik9.itch.io/game/devlog/1541901/feed-the-queen-trainer-2026-unlimited-food-max-synergies-instant-upgrades-colony-godmode,,2026-06-03
https://okaqjglhu.itch.io/magical-waifus-academy-free-download-full-hentai-game-pc-windows-864/devlog/1541902/magical-waifus-academy-now-available-on-windows-pc,,2026-06-03
https://bottes11fik9.itch.io/game/devlog/1541903/celeste-trainer-2026-god-mode-infinite-dashes-speed-hack-all-strawberries-working-after-1421-stability-patch,,2026-06-03
https://itch.io/blog/1541904/-launching-mega-aquarium-a-living-shared-real-time-browser-ecosystem,,2026-06-03
https://sombreheraut.itch.io/escapenight/devlog/1541905/escapenight,,2026-06-03
https://bottes11fik9.itch.io/game/devlog/1541907/shadowverse-worlds-beyond-cheat-menu-2026-unlimited-crystals-instant-deck-win-card-editor,,2026-06-03
https://itch.io/blog/1541908/the-broadcast-new-game,,2026-06-03
https://krishnamohan-yagneswaran.itch.io/last-viewer/devlog/1541909/linux-version-now-available-,,2026-06-03
https://okaqjglhu.itch.io/maid-mansion-free-download-pc-complete-edition-18-959/devlog/1541910/maid-mansion-now-available-on-windows-pc,,2026-06-03
https://bottes11fik9.itch.io/game/devlog/1541911/teamfight-manager-2-cheat-menu-2026-real-time-editor-godmode-resources-advanced-match-hacks-roster-overhaul,,2026-06-03
https://okaqjglhu.itch.io/man-of-the-house-free-download-full-game-windows-adult-only-1058/devlog/1541912/man-of-the-house-now-available-on-windows-pc,,2026-06-03
https://standard-operating-proc.itch.io/bust-a-nut-a-game-about-raising-cocks/devlog/1541913/demo-live-no-sound-yet,,2026-06-03
https://gbgamesllc.itch.io/toy-factory-fixer/devlog/1541914/freshly-squeezed-progress-report-finishing-toy-factory-fixer-sdl3-update,,2026-06-03
https://okaqjglhu.itch.io/monster-girl-island-prologue-free-download-full-hentai-game-pc-windows-1172/devlog/1541915/monster-girl-island-prologue-now-available-on-windows-pc,,2026-06-03
https://tubigame.itch.io/game/devlog/1541916/forza-horizon-6-trainer-2026-unlimited-credits-godmode-cars-instant-wins-performance-hacks,,2026-06-03
https://tubigame.itch.io/game/devlog/1541917/the-last-caretaker-cheat-menu-2026-godmode-unlimited-resources-instant-care-facility-control,,2026-06-03
https://bonin888.itch.io/dubious-deflective-spheres/devlog/1541918/version-100-released,,2026-06-03
https://tubigame.itch.io/game/devlog/1541919/farmers-dynasty-2-mod-menu-2026-unlimited-money-instant-upgrades-crop-godmode-vehicle-control,,2026-06-03
https://kyorohiro.itch.io/tetorica-retro-player/devlog/1541920/v073-smartphone-layout-support,,2026-06-03
https://baardmoeder.itch.io/zwamman/devlog/1541921/linux-support-added,,2026-06-03
https://nexavisuals.itch.io/dark-fantasy-rpg-inventory-ui-kit/devlog/1541922/dark-fantasy-rpg-inventory-ui-kit-is-now-available,,2026-06-03
https://tubigame.itch.io/game/devlog/1541923/blades-of-fire-trainer-2026-god-mode-unlimited-stamina-infinite-durability-easy-forge,,2026-06-03
https://three-eyes-software.itch.io/silverpine/devlog/1541924/release-171,,2026-06-03
https://tubigame.itch.io/game/devlog/1541926/the-last-caretaker-trainer-2026-god-mode-infinite-battery-unlimited-resources-boat-speed-after-latest-early-access-patch,,2026-06-03
https://y71frsx8za0g.itch.io/my-cute-roommate-2-free-download-full-game-windows-adult-only-1424/devlog/1541927/my-cute-roommate-2-now-available-on-windows-pc,,2026-06-03
https://demond0ll.itch.io/beta-blight/devlog/1541928/devlog-1,,2026-06-03
https://pixelrotdev.itch.io/lustline-utopia/devlog/1541929/lustline-updates-022-progress,,2026-06-03
https://y71frsx8za0g.itch.io/my-cute-roommate-full-free-download-hentai-game-for-windows-1554/devlog/1541930/my-cute-roommate-now-available-on-windows-pc,,2026-06-03
https://y71frsx8za0g.itch.io/senren-banka-free-download-pc-complete-edition-18-1657/devlog/1541931/senren-banka-now-available-on-windows-pc,,2026-06-03
https://parnash.itch.io/terlium-chronicles-another-world/devlog/1541932/a-new-update,,2026-06-03
https://y71frsx8za0g.itch.io/snow-daze-the-music-of-winter-free-download-full-hentai-game-pc-windows-1762/devlog/1541933/snow-daze-the-music-of-winter-now-available-on-windows-pc,,2026-06-03
https://aboriskin.itch.io/dreadfield/devlog/1541934/dreadfield-is-out-minesweeper-but-the-numbers-bite-back,,2026-06-03
https://roadkillcandy.itch.io/cat-galaxy-art-book/devlog/1541935/more-to-add-next-update,,2026-06-03
https://misterwizardddxx.itch.io/game/devlog/1541936/bloons-td-6-cheat-menu-2026-unlimited-cash-instant-win-monkey-upgrades-round-skip,,2026-06-03
https://y71frsx8za0g.itch.io/subverse-full-free-download-hentai-game-for-windows-1861/devlog/1541937/subverse-now-available-on-windows-pc,,2026-06-03
https://misterwizardddxx.itch.io/game/devlog/1541938/slime-rancher-2-mod-menu-2026-unlimited-money-instant-slime-growth-godmode-exploration-tools,,2026-06-03
https://klaus117.itch.io/project-phase-shift/devlog/1541939/new-beginnings,,2026-06-03
https://misterwizardddxx.itch.io/game/devlog/1541941/simpleplanes-2-trainer-2026-unlimited-fuel-godmode-physics-override-build-tools,,2026-06-03
https://misterwizardddxx.itch.io/game/devlog/1541942/simpleplanes-2-cheat-menu-2026-godmode-unlimited-fuel-physics-hacks-build-tools,,2026-06-03
https://ultra-shenanigans.itch.io/abandoned-monsters-demo/devlog/1541943/in-the-flesh-new-creepy-monster-designs,,2026-06-03
https://itch.io/blog/1541944/new-game-drill-coming-next-week-probably,,2026-06-03
https://bu30808.itch.io/project-sjhg/devlog/1541945/dev-notes-june-12,,2026-06-03
https://misterwizardddxx.itch.io/game/devlog/1541946/simpleplanes-2-mod-menu-2026-in-game-overlay-unlimited-fuel-physics-control-creative-tools,,2026-06-03
https://ahmedm26.itch.io/rhythmicline/devlog/1541947/rhythmic-line-v037,,2026-06-03
https://itch.io/blog/1541948/pandit-ji-for-puja-in-faridabad,,2026-06-03
https://aimless-studios.itch.io/fiefs-and-trade/devlog/1541949/v02-companions-update,,2026-06-03
https://goalmicky.itch.io/tap-rush-gem-miner/devlog/1541950/introducing-tap-rush-gem-miner-version-10-launch,,2026-06-03
https://roadkillcandy.itch.io/moth-pew-pew/devlog/1541951/bugs-,,2026-06-03
https://peazygs.itch.io/into-nardath/devlog/1541952/alpha-v099-brans-missions,,2026-06-03
https://goosgame.itch.io/gg/devlog/1541953/dont-starve-together-trainer-2026-godmode-unlimited-resources-sanity-lock-world-control,,2026-06-03
https://goosgame.itch.io/gg/devlog/1541955/dont-starve-together-mod-menu-2026-in-game-overlay-unlimited-resources-sanity-lock-world-tools,,2026-06-03
https://cqt1.itch.io/life-escape/devlog/1541956/graphics-api,,2026-06-03
https://nick-hall.itch.io/nick-hall-end-of-trimester-project/devlog/1541957/devlog-4-basic-game-structure-further-discoveries,,2026-06-03
https://goosgame.itch.io/gg/devlog/1541958/dont-starve-together-cheat-menu-2026-godmode-infinite-resources-sanity-hack-world-manipulation,,2026-06-03
https://goosgame.itch.io/gg/devlog/1541959/meow-my-crop-trainer-2026-unlimited-coins-instant-growth-godmode-crop-steal-tools,,2026-06-03
https://goosgame.itch.io/gg/devlog/1541960/meow-my-crop-mod-menu-2026-in-game-overlay-unlimited-coins-instant-growth-farm-protection,,2026-06-03
https://kegnnor.itch.io/starwell/devlog/109065/other-websites,,2026-06-03
https://reallynotmivioon.itch.io/swampy-edges/devlog/333025/-02v,,2026-06-03
https://reallynotmivioon.itch.io/swampy-edges/devlog/334233/-,,2026-06-03
https://single-a-studios.itch.io/timeship-dev/devlog/393239/test,,2026-06-03
https://itch.io/c/183862/ricky-collection,,2026-06-03
https://itch.io/c/235780/inspirational,,2026-06-03
https://itch.io/c/3378044/torankos-collection,,2026-06-03
https://itch.io/c/3412984/mieionas-collection,,2026-06-03
https://itch.io/c/3730563/prox-jugar,,2026-06-03
https://itch.io/c/3737690/yayayayay,,2026-06-03
https://itch.io/c/3767702/smiley8s-collection,,2026-06-03
https://itch.io/c/3867932/prres-collection,,2026-06-03
https://itch.io/c/3882400/non-hentai-games,,2026-06-03
https://itch.io/c/3890470/game-jams,,2026-06-03
https://itch.io/c/3912738/books,,2026-06-03
https://itch.io/c/4093075/games,,2026-06-03
https://itch.io/c/4113325/goosesteppins-collection,,2026-06-03
https://itch.io/c/4137921/cozy-games,,2026-06-03
https://itch.io/c/4183759/jacobferrals-collection,,2026-06-03
https://itch.io/c/4254319/radredfoxs-collection,,2026-06-03
https://itch.io/c/4268946/2632412029s-collection,,2026-06-03
https://itch.io/c/4274107,,2026-06-03
https://itch.io/c/4386518/thegayestbitchs-collection,,2026-06-03
https://itch.io/c/4419642/ermwhatthesigmas-collection,,2026-06-03
https://itch.io/c/4420431/obsessive-behavior-collection-wip,,2026-06-03
https://itch.io/c/4451713/greestrees-collection,,2026-06-03
https://itch.io/c/4473107/crywolfzoris-collection,,2026-06-03
https://itch.io/c/4474247/old-games,,2026-06-03
https://itch.io/c/4486568/bangers,,2026-06-03
https://itch.io/c/4639662/ntheilands-collection,,2026-06-03
https://itch.io/c/4696109/played-d,,2026-06-03
https://itch.io/c/4702066/yazzybears-collection,,2026-06-03
https://itch.io/c/4739467/ayuvarajs-collection,,2026-06-03
https://itch.io/c/4785647/actual-games-lol,,2026-06-03
https://itch.io/c/4801418/gtloks-collection,,2026-06-03
https://itch.io/c/4823207/paulwipe6s-collection,,2026-06-03
https://itch.io/c/4830951/red0snak21s-collection,,2026-06-03
https://itch.io/c/4904065/nekkaros-collection,,2026-06-03
https://itch.io/c/4930882/p,,2026-06-03
https://itch.io/c/4946298/azrael-yippees-collection,,2026-06-03
https://itch.io/c/4964288/elecios-collection,,2026-06-03
https://itch.io/c/5031240/games-ive-translated-so-far,,2026-06-03
https://itch.io/c/5072530/angrystar170s-collection,,2026-06-03
https://itch.io/c/5114623/hentai-games,,2026-06-03
https://itch.io/c/5117213/reapazzis-top-picks-best-tier-ntrnon-ntr-games,,2026-06-03
https://itch.io/c/5133666/if-i-have-a-pc,,2026-06-03
https://itch.io/c/5165405/elgafasjh1s-collection,,2026-06-03
https://itch.io/c/5166046/character,,2026-06-03
https://itch.io/c/5220090/keyrehns-collection,,2026-06-03
https://itch.io/c/5227402/voxxettes-collection,,2026-06-03
https://itch.io/c/5228391/dating-sims-3,,2026-06-03
https://itch.io/c/5266802/favorites,,2026-06-03
https://itch.io/c/5285177/nikfalk98s-collection,,2026-06-03
https://itch.io/c/5317793/rohan172189839421s-collection,,2026-06-03
https://itch.io/c/5331193/jack6528s-collection,,2026-06-03
https://itch.io/c/5333790/erick-viad0s-collection,,2026-06-03
https://itch.io/c/5344788/milk-vibess-collection,,2026-06-03
https://itch.io/c/5377554/3,,2026-06-03
https://itch.io/c/5396395/fire-games,,2026-06-03
https://itch.io/c/5397735/sfw-android-games,,2026-06-03
https://itch.io/c/5427858/arkveniums-collection,,2026-06-03
https://itch.io/c/5435552/study,,2026-06-03
https://itch.io/c/5436774/games-to-get,,2026-06-03
https://itch.io/c/5481551/rpg,,2026-06-03
https://itch.io/c/5501437/undertale-fan-games,,2026-06-03
https://itch.io/c/5509085/commonkestrels-collection,,2026-06-03
https://itch.io/c/5527013/myfate22s-collection,,2026-06-03
https://itch.io/c/5537838/wolfstarrss-collection,,2026-06-03
https://itch.io/c/5558530/proyectos-finales,,2026-06-03
https://itch.io/c/5582333/lovely-games,,2026-06-03
https://itch.io/c/5682549/qavcs-collection,,2026-06-03
https://itch.io/c/5704885/guilty-bottles-collection,,2026-06-03
https://itch.io/c/5732821/wunej0s-collection,,2026-06-03
https://itch.io/c/5772797/released,,2026-06-03
https://itch.io/c/5774318/visionaires-collection,,2026-06-03
https://itch.io/c/5790870/coal1234567s-collection,,2026-06-03
https://itch.io/c/5793847/dating-sims,,2026-06-03
https://itch.io/c/5873065/play-later,,2026-06-03
https://itch.io/c/5878682/played-it-20,,2026-06-03
https://itch.io/c/5883345/game-examples,,2026-06-03
https://itch.io/c/5892477/momessitos-collection,,2026-06-03
https://itch.io/c/5926082/hentai,,2026-06-03
https://itch.io/c/5941398/alyxs-collection,,2026-06-03
https://itch.io/c/5949543/rinrin2233s-collection,,2026-06-03
https://itch.io/c/5951282/jueguitos-gratis,,2026-06-03
https://itch.io/c/5957077/vee-bee21s-collection,,2026-06-03
https://itch.io/c/5974732/wildfire172s-collection,,2026-06-03
https://itch.io/c/5991350/ttrpgs-solo,,2026-06-03
https://itch.io/c/5995842/jaxlagoons-collection,,2026-06-03
https://itch.io/c/5999992/aperturescience666s-collection,,2026-06-03
https://itch.io/c/6033068/playing,,2026-06-03
https://itch.io/c/6035415/chavrub12s-collection,,2026-06-03
https://itch.io/c/6053827/side-scroller-melee,,2026-06-03
https://itch.io/c/6144459/horny,,2026-06-03
https://itch.io/c/6179909/atlasthewatchers-collection,,2026-06-03
https://itch.io/c/6182773/bluepurplekittycat3s-collection,,2026-06-03
https://itch.io/c/6185476/games,,2026-06-03
https://itch.io/c/6185930/schrixs-collection,,2026-06-03
https://itch.io/c/6200168/font-collection,,2026-06-03
https://itch.io/c/6202323/noctariuss-collection,,2026-06-03
https://itch.io/c/6207668/cargadordecelulars-collection,,2026-06-03
https://itch.io/c/6223300/trippyjjs-collection,,2026-06-03
https://itch.io/c/6237104/dollriri-,,2026-06-03
https://itch.io/c/6243496/adammagomedov1s-collection,,2026-06-03
https://itch.io/c/6275241/msass69s-collection,,2026-06-03
https://itch.io/c/6280717/bootybandit2313s-collection,,2026-06-03
https://itch.io/c/6282679/kemono,,2026-06-03
https://itch.io/c/6286974/overl8rds-collection,,2026-06-03
https://itch.io/c/6304453/idanisjejes-collection,,2026-06-03
https://itch.io/c/6317403/favourites,,2026-06-03
https://itch.io/c/6320992/yongxiongweis-collection,,2026-06-03
https://itch.io/c/6346374/sav3s-collection,,2026-06-03
https://itch.io/c/6373912/jamari-scotts-collection,,2026-06-03
https://itch.io/c/6373920/assets-like-its-1996,,2026-06-03
https://itch.io/c/6376139/waiting,,2026-06-03
https://itch.io/c/6376318/play-next,,2026-06-03
https://itch.io/c/6396912/dungeon-crawler,,2026-06-03
https://itch.io/c/6397192/tbp,,2026-06-03
https://itch.io/c/6397207/sweetseabee77s-collection,,2026-06-03
https://itch.io/c/6425275/favourite-games,,2026-06-03
https://itch.io/c/6430013/frank755s-collection,,2026-06-03
https://itch.io/c/6436088/visual-novels-i-adore-,,2026-06-03
https://itch.io/c/6438401/bduhan33s-collection,,2026-06-03
https://itch.io/c/6446297/real-rommels-collection,,2026-06-03
https://itch.io/c/6449473/played,,2026-06-03
https://itch.io/c/6452531/cozy-games,,2026-06-03
https://itch.io/c/6452647/strategy-games,,2026-06-03
https://itch.io/c/6481327/kiri-stars-collection,,2026-06-03
https://itch.io/c/6495522/sungju9467s-collection,,2026-06-03
https://itch.io/c/6502889/school-rpg,,2026-06-03
https://itch.io/c/6511303/to-play,,2026-06-03
https://itch.io/c/6513784/firstdowns-horror-list,,2026-06-03
https://itch.io/c/6518357/chunkys-collection,,2026-06-03
https://itch.io/c/6524563/olis-collection,,2026-06-03
https://itch.io/c/6556033/ladychikoritas-collection,,2026-06-03
https://itch.io/c/6559017/doggoverhoess-collection,,2026-06-03
https://itch.io/c/6571288/retromanues-collection,,2026-06-03
https://itch.io/c/6587883/amy-mardelinas-collection,,2026-06-03
https://itch.io/c/6605559/iflyparanoias-collection,,2026-06-03
https://itch.io/c/6606400/amcrizzs-collection,,2026-06-03
https://itch.io/c/6627177/peak-games-i-like,,2026-06-03
https://itch.io/c/6649255/zhaoyu1145s-collection,,2026-06-03
https://itch.io/c/6652552/rjstratton12gmailcoms-collection,,2026-06-03
https://itch.io/c/6671522/my-babis,,2026-06-03
https://itch.io/c/6680708/cool-stuff-3c,,2026-06-03
https://itch.io/c/6691885/t4nuk1221s-collection,,2026-06-03
https://itch.io/c/6701657/mraidzzzs-collection,,2026-06-03
https://itch.io/c/6705233/tukano-game-studios-collection,,2026-06-03
https://itch.io/c/6717658/heluwurlds-collection,,2026-06-03
https://itch.io/c/6727154/bobina,,2026-06-03
https://itch.io/c/6734253/core-ds-collection,,2026-06-03
https://itch.io/c/6734842/ypro136s-collection,,2026-06-03
https://itch.io/c/6770040/visual-novel,,2026-06-03
https://itch.io/c/6772847/jax7495s-collection,,2026-06-03
https://itch.io/c/6774318/aikosolar101gmailcoms-collection,,2026-06-03
https://itch.io/c/6784313/my-favorite,,2026-06-03
https://itch.io/c/6788542/comic,,2026-06-03
https://itch.io/c/6790828/michiru-mitzui-02s-collection,,2026-06-03
https://itch.io/c/6798430/caelviss-collection,,2026-06-03
https://itch.io/c/6831698/yesssss,,2026-06-03
https://itch.io/c/6850154/kreidahs-collection,,2026-06-03
https://itch.io/c/6852812/peni69s-collection,,2026-06-03
https://itch.io/c/6854653/fin,,2026-06-03
https://itch.io/c/6855607/joguinhos-meus,,2026-06-03
https://itch.io/c/6856356/yonnigs-collection,,2026-06-03
https://itch.io/c/6858997/jays-visual-novel-wanna-trys,,2026-06-03
https://itch.io/c/6859003/jays-visual-novel-favorites,,2026-06-03
https://itch.io/c/6874004/ameon-31s-collection,,2026-06-03
https://itch.io/c/6877021/incendvevos-collection,,2026-06-03
https://itch.io/c/6881936/helpful-stuff,,2026-06-03
https://itch.io/c/6901250/sayyourss-collection,,2026-06-03
https://itch.io/c/6903681/adult,,2026-06-03
https://itch.io/c/6910184/hypnocopss-collection,,2026-06-03
https://itch.io/c/6912984/kate-s26s-collection,,2026-06-03
https://itch.io/c/6922885/terror,,2026-06-03
https://itch.io/c/6924200/rosecrow13s-collection,,2026-06-03
https://itch.io/c/6933447/quins1s-collection,,2026-06-03
https://itch.io/c/6955462/jinxnumberonefans-collection,,2026-06-03
https://itch.io/c/6958280/strvlightt-list,,2026-06-03
https://itch.io/c/6969319/terror,,2026-06-03
https://itch.io/c/6988533/okedens-collection,,2026-06-03
https://itch.io/c/6996193/kayucorp,,2026-06-03
https://itch.io/c/6996997/game-jams,,2026-06-03
https://itch.io/c/6999521/churroes-collection,,2026-06-03
https://itch.io/c/7009507/paviliondxs-collection,,2026-06-03
https://itch.io/c/7022677/riotingjuns-collection,,2026-06-03
https://itch.io/c/7035022/acebat500s-collection,,2026-06-03
https://itch.io/c/7056789/ztiger-0008s-collection,,2026-06-03
https://itch.io/c/7057369/justparcheesys-collection,,2026-06-03
https://itch.io/c/7059905/tjan-jpgs-collection,,2026-06-03
https://itch.io/c/7065726/luckymoneyisadogs-collection,,2026-06-03
https://itch.io/c/7073817/lovinskis-collection,,2026-06-03
https://itch.io/c/7075969/nina012s-collection,,2026-06-03
https://itch.io/c/7089865/giantess,,2026-06-03
https://itch.io/c/7090683/beneficent9s-collection,,2026-06-03
https://itch.io/c/7091032/romancehorror,,2026-06-03
https://itch.io/c/7092315/melkoms-collection,,2026-06-03
https://itch.io/c/7098815/rafa007007s-collection,,2026-06-03
https://itch.io/c/7101604/anastasia10s-collection,,2026-06-03
https://itch.io/c/7101720/killing-visual-games,,2026-06-03
https://itch.io/c/7102508/d1nonlys-collection,,2026-06-03
https://itch.io/c/7107277/ki-lovelycats-collection,,2026-06-03
https://itch.io/c/7111670/good,,2026-06-03
https://itch.io/c/7113066/inita666s-collection,,2026-06-03
https://itch.io/c/7113366/jerry1404s-collection,,2026-06-03
https://itch.io/c/7114669/spoko-giery,,2026-06-03
https://itch.io/c/7116941/spueles-collection,,2026-06-03
https://itch.io/c/7120643/ml7z-777s-collection,,2026-06-03
https://itch.io/c/7126385/cute-boissssss,,2026-06-03
https://itch.io/c/7129598/yoontskis-collection,,2026-06-03
https://itch.io/c/7131735/fun,,2026-06-03
https://itch.io/c/7133578/marcuslo06s-collection,,2026-06-03
https://itch.io/c/7138359/town1es-collection,,2026-06-03
https://itch.io/c/7140050/ufffdiggas-collection,,2026-06-03
https://itch.io/c/7140942/epico,,2026-06-03
https://itch.io/c/7143702/felps-22s-collection,,2026-06-03
https://itch.io/c/7143976/0917264s-collection,,2026-06-03
https://itch.io/c/7158677/sweet,,2026-06-03
https://itch.io/c/7160941/parxetas-collection,,2026-06-03
https://itch.io/c/7167633/peak,,2026-06-03
https://itch.io/c/7174463/alfie-ess0003s-collection,,2026-06-03
https://itch.io/c/7186205/noch-spielen,,2026-06-03
https://itch.io/c/7187753/greykettens-collection,,2026-06-03
https://itch.io/c/7190940/hanikamusexs-collection,,2026-06-03
https://itch.io/c/7190953/green-boyss-collection,,2026-06-03
https://itch.io/c/7191533/revejjs-collection,,2026-06-03
https://itch.io/c/7215751/try-it,,2026-06-03
https://itch.io/c/7216398/pierrotswifeynumber1s-collection,,2026-06-03
https://itch.io/c/7217207/sacg23s-collection,,2026-06-03
https://itch.io/c/7217641/you78b199s-collection,,2026-06-03
https://itch.io/c/7224140/game-to-play,,2026-06-03
https://itch.io/c/7224846/doneiess,,2026-06-03
https://itch.io/c/7226253/gideon-the-hedghogs-collection,,2026-06-03
https://itch.io/c/7234124/z-nerds-collection,,2026-06-03
https://itch.io/c/7239296/b-u-d-iis-collection,,2026-06-03
https://itch.io/c/7243645/yournextdoorguys-collection,,2026-06-03
https://itch.io/c/7245004/my-games,,2026-06-03
https://itch.io/c/7252191/2-playing-currently,,2026-06-03
https://itch.io/c/7256868/lem-vs-collection,,2026-06-03
https://itch.io/c/7260761/red4cteddds-collection,,2026-06-03
https://itch.io/c/7262683/sdnbwjgevf,,2026-06-03
https://itch.io/c/7263025/jetypacks-collection,,2026-06-03
https://itch.io/c/7263874/tbp,,2026-06-03
https://itch.io/c/7281023/fhhngxs-collection,,2026-06-03
https://itch.io/c/7282451/sprinkelss-collection,,2026-06-03
https://itch.io/c/7282732/jayl1ns-collection,,2026-06-03
https://itch.io/c/7290926/games-i-played-and-liked,,2026-06-03
https://itch.io/c/7296922,,2026-06-03
https://itch.io/c/7297399/emilyxx2s-collection,,2026-06-03
https://itch.io/c/7298294/knightrider-library,,2026-06-03
https://itch.io/c/7301842/maxmore1s-collection,,2026-06-03
https://itch.io/c/7304428/mha-luvahs-collection,,2026-06-03
https://itch.io/c/7304614/da-giocare,,2026-06-03
https://itch.io/c/7304989/games,,2026-06-03
https://itch.io/c/7309652/pandaboi0814s-collection,,2026-06-03
https://itch.io/c/7320577/18096705468qwes-collection,,2026-06-03
https://itch.io/c/7325968/1tszxd4s-collection,,2026-06-03
https://itch.io/c/7329910/favs-,,2026-06-03
https://itch.io/c/7334220/yaoiloverxs-collection,,2026-06-03
https://itch.io/c/7339092/gg,,2026-06-03
https://itch.io/c/7341245/terror,,2026-06-03
https://itch.io/c/7341361/ryker676676767s-collection,,2026-06-03
https://itch.io/c/7346641/thelittlestars-collection,,2026-06-03
https://itch.io/c/7348724/crimzonskyzs-collection,,2026-06-03
https://itch.io/c/7350004/berg66613s-collection,,2026-06-03
https://itch.io/c/7351228/mark99s-collection,,2026-06-03
https://itch.io/c/7351603/soon-my-sweet,,2026-06-03
https://itch.io/c/7356455/fem,,2026-06-03
https://itch.io/c/7357490/laylaaa3s-collection,,2026-06-03
https://itch.io/c/7358456/birineu123s-collection,,2026-06-03
https://itch.io/c/7358662/everettbloodclaws-collection,,2026-06-03
https://itch.io/c/7360097/not-finished,,2026-06-03
https://itch.io/c/7365881/first-collection,,2026-06-03
https://itch.io/c/7366321/tools,,2026-06-03
https://itch.io/c/7366712/theevilspoonns-collection,,2026-06-03
https://itch.io/c/7368356/curtos20s-collection,,2026-06-03
https://itch.io/c/7373793/dev,,2026-06-03
https://itch.io/c/7375196/leftlefts-collection,,2026-06-03
https://itch.io/c/7376307/oneuls-collection,,2026-06-03
https://itch.io/c/7376603/hehehehushueuhushefsljslksklsdasdjdshlh,,2026-06-03
https://itch.io/c/7378078/pedrollos-collection,,2026-06-03
https://itch.io/c/7378304/natsu189s-collection,,2026-06-03
https://itch.io/c/7379772/ui,,2026-06-03
https://itch.io/c/7381489/heavy147s-collection,,2026-06-03
https://itch.io/c/7386422/bwaaahhhs-collection,,2026-06-03
https://itch.io/c/7388711/brserkr4420s-collection,,2026-06-03
https://itch.io/c/7389168/to-play,,2026-06-03
https://itch.io/c/7389777/blake128s-collection,,2026-06-03
https://itch.io/c/7392750/vn-alr-played,,2026-06-03
https://itch.io/c/7396543/platformer-2d,,2026-06-03
https://itch.io/c/7400691/yoterys-collection,,2026-06-03
https://itch.io/c/7401237/gilbeyfgmailcoms-collection,,2026-06-03
https://itch.io/c/7404403/gothh-69s-collection,,2026-06-03
https://itch.io/c/7409054/testar,,2026-06-03
https://itch.io/c/7409835/beezls-collection,,2026-06-03
https://itch.io/c/7413888/23rfvs-collection,,2026-06-03
https://itch.io/c/7423354/toxiclifes-collection,,2026-06-03
https://itch.io/c/7423404/toxiclifes-collection,,2026-06-03
https://itch.io/c/7423417/toxiclifes-collection,,2026-06-03
https://itch.io/c/7429271/jpauliokas918gmailcoms-collection,,2026-06-03
https://itch.io/c/7429909/trentrebs-collection,,2026-06-03
https://itch.io/c/7432223/sachi-punpuns-collection,,2026-06-03
https://itch.io/c/7433381/arneots-collection,,2026-06-03
https://itch.io/c/7433514/nite345s-collection,,2026-06-03
https://itch.io/c/7435858,,2026-06-03
https://itch.io/c/7440491/galaxy-99s-collection,,2026-06-03
https://itch.io/c/7440766/stuff-to-buy,,2026-06-03
https://itch.io/c/7446327/sjskshss-collection,,2026-06-03
https://itch.io/c/7447427/misc-3,,2026-06-03
https://itch.io/c/7448697/velve76s-collection,,2026-06-03
https://itch.io/c/7453683/sacrificemystics-collection,,2026-06-03
https://itch.io/c/7456669/mikeoguras-collection,,2026-06-03
https://itch.io/c/7457549/2d-vfxs-die-in-another-dungeon,,2026-06-03
https://itch.io/c/7461559/new,,2026-06-03
https://itch.io/c/7466630/rudolfks-collection,,2026-06-03
https://itch.io/c/7468783/jnd,,2026-06-03
https://itch.io/c/7474596/nokuxs-collection,,2026-06-03
https://itch.io/c/7474686/alx01678s-collection,,2026-06-03
https://itch.io/c/7475716/el-wachins-collection,,2026-06-03
https://itch.io/c/7478742/catguy764s-collection,,2026-06-03
https://itch.io/c/7479561/h,,2026-06-03
https://itch.io/c/7480812/syedabus-collection,,2026-06-03
https://itch.io/c/7482224/ve-berrys-collection,,2026-06-03
https://itch.io/c/7483776/selenite-aventurines-collection,,2026-06-03
https://itch.io/c/7484069/titan-farms-gameing-569s-collection,,2026-06-03
https://itch.io/c/7488415/spiiins-collection,,2026-06-03
https://itch.io/c/7490514/eita,,2026-06-03
https://itch.io/c/7497922/folk-horror,,2026-06-03
https://itch.io/c/7501283/interesting,,2026-06-03
https://itch.io/c/7502206/cozy-games,,2026-06-03
https://itch.io/c/7504865/wodentyouliketoknows-collection,,2026-06-03
https://itch.io/c/7505844/favorite,,2026-06-03
https://itch.io/c/7506858/puzzles,,2026-06-03
https://itch.io/c/7506865/batmatt14s-collection,,2026-06-03
https://itch.io/c/7508356/chrono43s-collection,,2026-06-03
https://itch.io/c/7508410/seven-chois-collection,,2026-06-03
https://itch.io/c/7508593/cuntfuckers-collection,,2026-06-03
https://itch.io/c/7510342/regulus-2s-collection,,2026-06-03
https://itch.io/c/7510916/ok,,2026-06-03
https://itch.io/c/7511104/random-shit,,2026-06-03
https://itch.io/c/7511605/karterjc09s-collection,,2026-06-03
https://itch.io/c/7511672/adventure,,2026-06-03
https://itch.io/c/7513405/dating-sim-gooner-game-lmfao,,2026-06-03
https://itch.io/c/7513791/wowzer,,2026-06-03
https://itch.io/c/7513852/t0fum3ns-collection,,2026-06-03
https://itch.io/c/7515475/maybe-try,,2026-06-03
https://itch.io/c/7518517/kikathlons-collection,,2026-06-03
https://itch.io/c/7519018/ugh,,2026-06-03
https://itch.io/c/7519187/ggggg3112s-collection,,2026-06-03
https://itch.io/c/7520811/sunwayfs-collection,,2026-06-03
https://itch.io/c/7521915/sprunki-games-i-like,,2026-06-03
https://itch.io/c/7523549/sims,,2026-06-03
https://itch.io/c/7524954/games,,2026-06-03
https://itch.io/c/7524967/starvreos-collection,,2026-06-03
https://itch.io/c/7525291/randomstuff,,2026-06-03
https://itch.io/c/7528705/orquids-collection,,2026-06-03
https://itch.io/c/7529152/gatusos-collection,,2026-06-03
https://itch.io/c/7529246/peak-visual-novels,,2026-06-03
https://itch.io/c/7529257/visual-novels-demo,,2026-06-03
https://itch.io/c/7529565/wizardwetwillys-collection,,2026-06-03
https://itch.io/c/7531376,,2026-06-03
https://itch.io/c/7532276/games-to-play,,2026-06-03
https://itch.io/c/7532337/meizs-future-download-frfr,,2026-06-03
https://itch.io/c/7532381/4,,2026-06-03
https://itch.io/c/7533035/want-to-play,,2026-06-03
https://itch.io/c/7533087/lost-pixel-havens-collection,,2026-06-03
https://itch.io/c/7534590/avo0403s-collection,,2026-06-03
https://itch.io/c/7535174/puzonks-collection,,2026-06-03
https://itch.io/c/7535888/zacharyg20s-collection,,2026-06-03
https://itch.io/c/7536503/tahimikos-collection,,2026-06-03
https://itch.io/c/7536783/peak,,2026-06-03
https://itch.io/c/7538702/kzack12s-collection,,2026-06-03
https://itch.io/c/7539984/b1,,2026-06-03
https://itch.io/c/7540692/moelester12s-collection,,2026-06-03
https://itch.io/c/7541390/jugadas,,2026-06-03
https://itch.io/c/7541748/pendientes,,2026-06-03
https://itch.io/c/7541886/l003ys-collection,,2026-06-03
https://itch.io/c/7542630,,2026-06-03
https://itch.io/c/7542759/gdtv-jam-2026-submission-favorites,,2026-06-03
https://itch.io/c/7542944/plutos-collection,,2026-06-03
https://itch.io/c/7543721/mangguss-collection,,2026-06-03
https://itch.io/c/7544901/random,,2026-06-03
https://itch.io/c/7544934/chagoincubusss-collection,,2026-06-03
https://itch.io/c/7545076/maywolf-26,,2026-06-03
https://itch.io/c/7545264/pappichulokyaaa,,2026-06-03
https://itch.io/c/7545432/horror,,2026-06-03
https://itch.io/c/7545596/cool-shit,,2026-06-03
https://itch.io/c/7545771/dezu2337s-collection,,2026-06-03
https://itch.io/c/7545778/play-later,,2026-06-03
https://itch.io/c/7547377/brokensoul575s-collection,,2026-06-03
https://itch.io/c/7547736/drakethevillans-collection,,2026-06-03
https://itch.io/c/7547922/great,,2026-06-03
https://itch.io/c/7547956/allannas-collection,,2026-06-03
https://itch.io/c/7548100/cookmoonzs-collection,,2026-06-03
https://itch.io/c/7548110/rletm488s-collection,,2026-06-03
https://itch.io/c/7548318/meshellps-collection,,2026-06-03
https://itch.io/c/7548381/umamumas-collection,,2026-06-03
https://itch.io/c/7548533/kuovoxs-collection,,2026-06-03
https://itch.io/c/7548669/arrags-collection,,2026-06-03
https://itch.io/c/7548843/101qwqs-collection,,2026-06-03
https://itch.io/c/7550460/rosefluos-collection,,2026-06-03
https://itch.io/c/7551559/cool-games,,2026-06-03
https://itch.io/c/7553246/good-games-i-recommend,,2026-06-03
https://itch.io/c/7553724/yamadakunkuns-collection,,2026-06-03
https://itch.io/c/7553834/g-guru,,2026-06-03
https://itch.io/c/7553878/sans744883s-collection,,2026-06-03
https://itch.io/c/7553977/yandere,,2026-06-03
https://itch.io/c/7554197/c3c3sweetteas-collection,,2026-06-03
https://itch.io/c/7554374/yakrooks-collection,,2026-06-03
https://itch.io/c/7554612/ginjellys-collection,,2026-06-03
https://itch.io/c/7554769/bonbonthebitchs-collection,,2026-06-03
https://itch.io/c/7555332/zombie-girlzs-collection,,2026-06-03
https://itch.io/c/7555685/yurii-paleguns-collection,,2026-06-03
https://itch.io/c/7556174,,2026-06-03
https://itch.io/c/7556698/random-weeblols-collection,,2026-06-03
https://itch.io/c/7557348/para-jugar,,2026-06-03
https://itch.io/c/7557359/gameplays-vistos,,2026-06-03
https://itch.io/c/7557917/future-games,,2026-06-03
https://itch.io/c/7558265/elprubis-collection,,2026-06-03
https://itch.io/c/7558470/games-ive-beaten-so-far,,2026-06-03
https://itch.io/c/7559097/kiekdiekslps-collection,,2026-06-03
https://itch.io/c/7559368/sansblues-collection,,2026-06-03
https://itch.io/c/7559743/balrongs-collection,,2026-06-03
https://itch.io/c/7559961/2d-pixel-top-down,,2026-06-03
https://itch.io/c/7560958/dendierss-collection,,2026-06-03
https://itch.io/c/7561460/games-to-play,,2026-06-03
https://itch.io/c/7561681/danr-cacas-collection,,2026-06-03
https://itch.io/c/7561862/xundreifirstorbillo-engs-collection,,2026-06-03
https://itch.io/c/7561992/done,,2026-06-03
https://itch.io/c/7562748/visual-novels,,2026-06-03
https://itch.io/c/7562779/azknight2018s-collection,,2026-06-03
https://itch.io/c/7562803/3wd-field,,2026-06-03
https://itch.io/c/7563184/iski-anons-collection,,2026-06-03
https://itch.io/c/7563639/gooning,,2026-06-03
https://itch.io/c/7563860/meowmeowsiss-collection,,2026-06-03
https://itch.io/c/7564267/reithatsme537s-collection,,2026-06-03
https://itch.io/c/7565013/sassskes-collection,,2026-06-03
https://itch.io/c/7565612/horror,,2026-06-03
https://itch.io/c/7566192/madskillas-collection,,2026-06-03
https://itch.io/c/7566332/crnifenikss-collection,,2026-06-03
https://itch.io/c/7566423/pupuyes-collection,,2026-06-03
https://itch.io/c/7567971/solidsnakechus-collection,,2026-06-03
https://itch.io/c/7568120/played,,2026-06-03
https://itch.io/c/7568257/itch-games-nicht-herinter-geladen,,2026-06-03
https://itch.io/c/7568312/mttgwrs-collection,,2026-06-03
https://itch.io/c/7568565/yanderes-dates-and-yuri,,2026-06-03
https://itch.io/c/7569516/majorsparkless-collection,,2026-06-03
https://itch.io/c/7569565/primebusinesssystemss-collection,,2026-06-03
https://itch.io/c/7569679/sleepyhound9953s-collection,,2026-06-03
https://itch.io/c/7570226/intimidator25s-collection,,2026-06-03
https://itch.io/c/7570230/gamedevtv-game-jam-2026-favs,,2026-06-03
https://itch.io/c/7570237/joeshmovacays-collection,,2026-06-03
https://itch.io/c/7570301/qwertyblue0305s-collection,,2026-06-03
https://itch.io/c/7570764/marmaladethegoats-collection,,2026-06-03
https://itch.io/c/7570826/coll4,,2026-06-03
https://itch.io/c/7571127/ninonanas-collection,,2026-06-03
https://itch.io/c/7571180/game-assets-to-buy,,2026-06-03
https://itch.io/c/7571584/nsfw,,2026-06-03
https://itch.io/c/7571756/lidushkiexs-collection,,2026-06-03
https://itch.io/c/7571843/s3rch4ss-collection,,2026-06-03
https://itch.io/c/7571913/smk913s-collection,,2026-06-03
https://itch.io/c/7571986/papoi,,2026-06-03
https://itch.io/c/7572003/gudazisan21s-collection,,2026-06-03
https://itch.io/c/7572283/wtf,,2026-06-03
https://itch.io/c/7572421/meliodass111s-collection,,2026-06-03
https://itch.io/c/7572522/absolutepinkmuffins-collection,,2026-06-03
https://itch.io/c/7572616/downloadbuy,,2026-06-03
https://itch.io/c/7572978/dylanrodderhavencoms-collection,,2026-06-03
https://itch.io/c/7573075/check,,2026-06-03
https://itch.io/c/7573503/ilovegayyuris-collection,,2026-06-03
https://itch.io/c/7573649/visual-novels,,2026-06-03
https://itch.io/c/7574282/mothnys-collection,,2026-06-03
https://itch.io/c/7574315/hairoous-collection,,2026-06-03
https://itch.io/c/7574476/2d-pixel,,2026-06-03
https://itch.io/c/7574523/rule-34,,2026-06-03
https://itch.io/c/7574542/yanderes-dates-and-yuri,,2026-06-03
https://itch.io/c/7575054/made-with-twine,,2026-06-03
https://itch.io/c/7575115/tgamer000s-collection,,2026-06-03
https://itch.io/c/7575120/peak,,2026-06-03
https://itch.io/c/7575285/zeduwus-collection,,2026-06-03
https://itch.io/c/7575644/geek-mode-gamings-collection,,2026-06-03
https://itch.io/c/7576036/played-full,,2026-06-03
https://itch.io/c/7576096/horror,,2026-06-03
https://itch.io/c/7576179/gamerking6969s-collection,,2026-06-03
https://itch.io/c/7576492/jackhjesuss-collection,,2026-06-03
https://itch.io/c/7576577/get,,2026-06-03
https://itch.io/c/7576655/dante31002s-collection,,2026-06-03
https://itch.io/c/7576760/pickups,,2026-06-03
https://itch.io/c/7576882/devken87s-collection,,2026-06-03
https://itch.io/c/7577414/qingshuyunis-collection,,2026-06-03
https://itch.io/c/7577463/zeik000s-collection,,2026-06-03
https://itch.io/c/7577494/thedank0s-collection,,2026-06-03
https://itch.io/c/7577507/zetryis-collection,,2026-06-03
https://itch.io/c/7577527,,2026-06-03
https://itch.io/c/7577558/hm-nommms-collection,,2026-06-03
https://itch.io/c/7577566/qwommies-collection,,2026-06-03
https://itch.io/c/7577701/jeux-prsenter,,2026-06-03
https://itch.io/c/7577710/half-done,,2026-06-03
https://itch.io/c/7577721/petits-jeux,,2026-06-03
https://itch.io/c/7577752/hollywuchis-collection,,2026-06-03
https://itch.io/c/7577806/jeux-en-franais,,2026-06-03
https://itch.io/c/7577827/alucard6969s-collection,,2026-06-03
https://itch.io/c/7577846/f,,2026-06-03
https://itch.io/c/7577860/visual-novel,,2026-06-03
https://itch.io/c/7577870/yandere,,2026-06-03
https://itch.io/c/7577874/milfoslavs-collection,,2026-06-03
https://itch.io/c/7577876/dating-simulator,,2026-06-03
https://itch.io/c/7577888/39-horror-games,,2026-06-03
https://itch.io/c/7577891/games-i-loved,,2026-06-03
https://itch.io/c/7577929/soupamegapotatos-collection,,2026-06-03
https://itch.io/c/7577941/objeszkis-collection,,2026-06-03
https://itch.io/c/7577995/jin-21s-collection,,2026-06-03
https://itch.io/c/7578006/kimmozs-collection,,2026-06-03
https://itch.io/c/7578035/escape-games,,2026-06-03
https://itch.io/c/7578044/card-game,,2026-06-03
https://itch.io/c/7578049/recommended-vns,,2026-06-03
https://itch.io/c/7578062/virtual-pet-games,,2026-06-03
https://itch.io/c/7578072/sunwayfs-collection,,2026-06-03
https://itch.io/c/7578073/game-production,,2026-06-03
https://itch.io/c/7578083/glizzardblizzard-018s-collection,,2026-06-03
https://itch.io/c/7578089/games-to-play,,2026-06-03
https://itch.io/c/7578113/justacrazyguys-collection,,2026-06-03
https://itch.io/c/7578128/browser,,2026-06-03
https://itch.io/c/7578133/to-be-tried,,2026-06-03
https://itch.io/c/7578156/lunercheescakes-collection,,2026-06-03
https://itch.io/c/7578159/cool-itch-games,,2026-06-03
https://itch.io/c/7578162/gioca,,2026-06-03
https://itch.io/c/7578194/1,,2026-06-03
https://itch.io/c/7578211/althea503s-collection,,2026-06-03
https://itch.io/c/7578222/stuff-to-check,,2026-06-03
https://itch.io/c/7578230/f1wr0ck9s-collection,,2026-06-03
https://itch.io/c/7578231/althea503s-collection,,2026-06-03
https://itch.io/c/7578239/wishlist,,2026-06-03
https://itch.io/c/7578279/c0-okies-collection,,2026-06-03
https://itch.io/c/7578283/wanna-read,,2026-06-03
https://itch.io/c/7578336/try-later,,2026-06-03
https://itch.io/c/7578346/mecha,,2026-06-03
https://itch.io/c/7578367/wawawawaurwas-collection,,2026-06-03
https://itch.io/c/7578370/huckxos-collection,,2026-06-03
https://itch.io/c/7578383/rykers-collection,,2026-06-03
https://itch.io/c/7578391/darthelaks-collection,,2026-06-03
https://itch.io/c/7578393/shenrui1024s-collection,,2026-06-03
https://itch.io/c/7578418/normal,,2026-06-03
https://itch.io/c/7578422/cool-ass-games,,2026-06-03
https://itch.io/c/7578426/liminal-horror,,2026-06-03
https://itch.io/c/7578434/game-and-art-toolsresources,,2026-06-03
https://itch.io/c/7578441/tunghyuns-collection,,2026-06-03
https://itch.io/c/7578446/he-shin777s-collection,,2026-06-03
https://itch.io/c/7578462/blackcysgodol-afks-collection,,2026-06-03
https://itch.io/c/7578592/hhannahms-collection,,2026-06-03
https://itch.io/c/7578683/heisenburger3088s-collection,,2026-06-03
https://itch.io/c/7578745/themabbers-collection,,2026-06-03
https://itch.io/c/7578783/ui,,2026-06-03
https://itch.io/c/7578785/games,,2026-06-03
https://itch.io/c/7578787/naruto,,2026-06-03
https://itch.io/c/7578795/cats,,2026-06-03
https://itch.io/c/7578807/tiramiluvs-collection,,2026-06-03
https://itch.io/c/7578836/stomacc26s-collection,,2026-06-03
https://itch.io/c/7578841/thecrowkatts-collection,,2026-06-03
https://itch.io/c/7578860/lenaluthorrs-collection,,2026-06-03
https://itch.io/c/7578873/peaches,,2026-06-03
https://itch.io/c/7578907/3d-assets,,2026-06-03
https://itch.io/c/7578913/nsfw-games,,2026-06-03
https://itch.io/c/7578935/marco-akaschias-collection,,2026-06-03
https://itch.io/c/7578944/stomacc26s-collection,,2026-06-03
https://itch.io/c/7578982/uwe50000s-collection,,2026-06-03
https://itch.io/c/7578983/collectible,,2026-06-03
https://itch.io/c/7578990/xyntharas-collection,,2026-06-03
https://itch.io/c/7579001/hiedlers-collection,,2026-06-03
https://itch.io/c/7579018/gamerilands-collection,,2026-06-03
https://itch.io/c/7579033/mhhhhhbdcs-collection,,2026-06-03
https://itch.io/c/7579041/ln,,2026-06-03
https://itch.io/c/7579076/marco-akaschias-collection,,2026-06-03
https://itch.io/c/7579080/hutao890766545s-collection,,2026-06-03
https://itch.io/c/7579084,,2026-06-03
https://itch.io/c/7579094/ugly-rpg,,2026-06-03
https://itch.io/c/7579135/sunnyd33s-collection,,2026-06-03
https://itch.io/c/7579186/shadoo00s-collection,,2026-06-03
https://itch.io/c/7579194/tiles,,2026-06-03
https://itch.io/c/7579205/otigaming12s-collection,,2026-06-03
https://itch.io/c/7579217/yuyuaa11s-collection,,2026-06-03
https://itch.io/c/7579244/collection,,2026-06-03
https://itch.io/c/7579265/my-favourite,,2026-06-03
https://itch.io/c/7579271/otigaming12s-collection,,2026-06-03
https://itch.io/c/7579274/supasimgaes-collection,,2026-06-03
https://itch.io/c/7579282/wanna-play,,2026-06-03
https://itch.io/c/7579297/kktaha2s-collection,,2026-06-03
https://itch.io/c/7579330/caywoods-collection,,2026-06-03
https://itch.io/c/7579346/goon,,2026-06-03
https://itch.io/c/7579379/nekojuan555s-collection,,2026-06-03
https://itch.io/c/7579382/play-later-3,,2026-06-03
https://itch.io/c/7579406/xxteruruxxs-collection,,2026-06-03
https://itch.io/c/7579407/horror-s,,2026-06-03
https://itch.io/c/7579452/soooos,,2026-06-03
https://itch.io/c/7579454/games-n-shi,,2026-06-03
https://itch.io/c/7579470/darkhairedangels-collection,,2026-06-03
https://itch.io/c/7579501/my-favorite-yandere-vns,,2026-06-03
https://itch.io/c/7579510/ancululufus-collection,,2026-06-03
https://itch.io/c/7579520/my-favorite-furry-vns,,2026-06-03
https://itch.io/c/7579537/dante31002s-collection,,2026-06-03
https://itch.io/c/7579539/cye,,2026-06-03
https://itch.io/c/7579579/porn,,2026-06-03
https://itch.io/c/7579612/fucky,,2026-06-03
https://itch.io/c/7579624/ursulauvas-collection,,2026-06-03
https://itch.io/c/7579647/xlysnrs-collection,,2026-06-03
https://itch.io/c/7579656/h-inters-collection,,2026-06-03
https://itch.io/c/7579680/lordnevilles-collection,,2026-06-03
https://itch.io/c/7579689/my-favorite-horrorthriller-vns,,2026-06-03
https://itch.io/c/7579692/duskwing,,2026-06-03
https://itch.io/c/7579708/cozyfun,,2026-06-03
https://itch.io/c/7579710/tupsula67s-collection,,2026-06-03
https://itch.io/c/7579713/matfsdfgss-collection,,2026-06-03
https://itch.io/c/7579715/juegos-web,,2026-06-03
https://itch.io/c/7579717/fanganronpas-to-check-out,,2026-06-03
https://itch.io/c/7579730/yandere-and-yandere-adjacent-visual-novels-mostly-demos,,2026-06-03
https://itch.io/c/7579761/my-favorite-fanganronpa-items,,2026-06-03
https://itch.io/c/7579774/kk,,2026-06-03
https://itch.io/c/7579793/4skinontops-collection,,2026-06-03
https://itch.io/c/7579795/games-omnivorous,,2026-06-03
https://itch.io/c/7579808/fat-loves-collection,,2026-06-03
https://itch.io/c/7579809/wcl4859662s-collection,,2026-06-03
https://itch.io/c/7579822/c2-addons,,2026-06-03
https://itch.io/c/7579848/basicsofcqcs-collection,,2026-06-03
https://itch.io/c/7579855/misfit07s-collection,,2026-06-03
https://itch.io/c/7579871/spiritualreality369-progs-collection,,2026-06-03
https://itch.io/c/7579876/my-too-be-played-vnsgames,,2026-06-03
https://itch.io/c/7579881/suhostoiis-collection,,2026-06-03
https://itch.io/c/7579886/want-to-play,,2026-06-03
https://itch.io/c/7579897/my-comfort-vns,,2026-06-03
https://itch.io/c/7579906/marks0007s-collection,,2026-06-03
https://itch.io/c/7579910/dakis-collection,,2026-06-03
https://itch.io/c/7579916/games,,2026-06-03
https://itch.io/c/7579944/dolls-palaces-collection,,2026-06-03
https://itch.io/c/7579946/sunshine-and-rainbows,,2026-06-03
https://itch.io/c/7579952/bobthedeath7s-collection,,2026-06-03
https://itch.io/c/7579956/freaky-stuff,,2026-06-03
https://itch.io/c/7579991/suhostoiis-collection,,2026-06-03
https://itch.io/c/7580007/romance,,2026-06-03
https://itch.io/c/7580009/alevarathan-393s-collection,,2026-06-03
https://itch.io/c/7580022/installa,,2026-06-03
https://itch.io/c/7580037/laav-these-,,2026-06-03
https://itch.io/c/7580042/braydencountesss-collection,,2026-06-03
https://itch.io/c/7580051/alexisrobiniloveyouuuus-collection,,2026-06-03
https://itch.io/c/7580078/try-out,,2026-06-03
https://itch.io/c/7580083/mtf-games,,2026-06-03
https://itch.io/c/7580100/gimmick-games,,2026-06-03
https://itch.io/c/7580115/vns,,2026-06-03
https://itch.io/c/7580117/meow,,2026-06-03
https://itch.io/c/7580119/ero,,2026-06-03
https://itch.io/c/7580125/oh-my-goodness,,2026-06-03
https://itch.io/c/7580136/jjsmith00s-collection,,2026-06-03
https://itch.io/c/7580146/non-yandere-visual-novels-debatable,,2026-06-03
https://itch.io/c/7580152/want,,2026-06-03
https://itch.io/c/7580161/2e3us-collection,,2026-06-03
https://itch.io/c/7580162/horror-games-to-play,,2026-06-03
https://itch.io/c/7580166/quiero-jugar-,,2026-06-03
https://itch.io/c/7580203/mi-amorrrrrr,,2026-06-03
https://itch.io/c/7580236/public-tuff-vn-,,2026-06-03
https://itch.io/c/7580237/pixel,,2026-06-03
https://itch.io/c/7580239/kimyyos-collection,,2026-06-03
https://itch.io/c/7580241/ran-yakumo,,2026-06-03
https://itch.io/c/7580252/gamedevtv-2026-jam-favorites,,2026-06-03
https://itch.io/c/7580275/zaynab64s-collection,,2026-06-03
https://itch.io/c/7580276/horror,,2026-06-03
https://itch.io/c/7580280/cariosprs-collection,,2026-06-03
https://itch.io/c/7580300/karkuuuuus-collection,,2026-06-03
https://itch.io/c/7580310/h3x,,2026-06-03
https://itch.io/c/7580369/gam-gam,,2026-06-03
https://itch.io/c/7580398/haliax313s-collection,,2026-06-03
https://itch.io/c/7580421/16bit,,2026-06-03
https://itch.io/c/7580430/best-nsfw,,2026-06-03
https://itch.io/c/7580436/proflama13s-collection,,2026-06-03
https://itch.io/c/7580447/visual-novel,,2026-06-03
https://itch.io/c/7580483/ctrlgooters-collection,,2026-06-03
https://itch.io/c/7580492/logistics,,2026-06-03
https://itch.io/c/7580498/kat9fyres-collection,,2026-06-03
https://itch.io/c/7580525/nikkilous-collection,,2026-06-03
https://itch.io/c/7580537/to-play,,2026-06-03
https://itch.io/c/7580548/bubbagump03s-collection,,2026-06-03
https://itch.io/c/7580559/games,,2026-06-03
https://itch.io/c/7580562/evil-plans,,2026-06-03
https://itch.io/c/7580571/ivy-spicy,,2026-06-03
https://itch.io/c/7580573/churro-lover-01s-collection,,2026-06-03
https://itch.io/c/7580586/games-i-play,,2026-06-03
https://itch.io/c/7580594/gigga4680s-collection,,2026-06-03
https://itch.io/c/7580608/coleo-de-smen-de-orangotango,,2026-06-03
https://itch.io/c/7580640/anderx8es-collection,,2026-06-03
https://itch.io/c/7580645/quero-joga-3,,2026-06-03
https://itch.io/c/7580649/fishing-collection,,2026-06-03
https://itch.io/c/7580651/nephy0s-collection-5,,2026-06-03
https://itch.io/c/7580670/fazehun17s-collection,,2026-06-03
https://itch.io/c/7580671/casual,,2026-06-03
https://itch.io/c/7580688/tetsuohs-collection,,2026-06-03
https://itch.io/c/7580691/venxilucs-collection,,2026-06-03
https://itch.io/c/7580706/minesweeper-variants,,2026-06-03
https://itch.io/c/7580712/romance,,2026-06-03
https://itch.io/c/7580716/comedy,,2026-06-03
https://itch.io/c/7580720/fantasy,,2026-06-03
https://itch.io/c/7580721/underwater,,2026-06-03
https://itch.io/c/7580728/slice-of-life,,2026-06-03
https://itch.io/c/7580731/forsakenalgons-collection,,2026-06-03
https://itch.io/c/7580735/science-fiction,,2026-06-03
https://itch.io/c/7580746/adventure,,2026-06-03
https://itch.io/c/7580754/drama,,2026-06-03
https://itch.io/c/7580768/plantsinpantss-collection,,2026-06-03
https://itch.io/c/7580785/okipullup726s-collection,,2026-06-03
https://itch.io/c/7580790/boys-love,,2026-06-03
https://itch.io/c/7580825/plantsinpantss-collection,,2026-06-03
https://itch.io/c/7580835/want-to-play,,2026-06-03
https://itch.io/c/7580850/vinov3,,2026-06-03
https://itch.io/c/7580853/games-i-wanna-play,,2026-06-03
https://itch.io/c/7580857/davidibuss-collection,,2026-06-03
https://itch.io/c/7580863/rothfus-farmsim-4440s-collection,,2026-06-03
https://itch.io/c/7580896/drugula592s-collection,,2026-06-03
https://itch.io/c/7580901/yaa,,2026-06-03
https://itch.io/c/7580907/gold-d-bams-collection,,2026-06-03
https://itch.io/c/7580954/eeee909s-collection,,2026-06-03
https://itch.io/c/7580988/gabrielreas-collection,,2026-06-03
https://itch.io/c/7580991/play,,2026-06-03
https://itch.io/c/7580994/interesting-stuff,,2026-06-03
https://itch.io/c/7581006/mmmmmmmmmokeiiijijijijiji,,2026-06-03
https://itch.io/c/7581024/my-favorite-games-d,,2026-06-03
https://itch.io/c/7581030/meowingplanetdestroyer69s-collection,,2026-06-03
https://itch.io/c/7581040/imnotthinkingatalls-collection,,2026-06-03
https://itch.io/c/7581044/dharp92s-collection,,2026-06-03
https://itch.io/c/7581061/visual-novels,,2026-06-03
https://itch.io/c/7581073/theboi3656s-collection,,2026-06-03
https://itch.io/c/7581092/erotic,,2026-06-03
https://itch.io/c/7581094/ethans-greatest-lifes-collection,,2026-06-03
https://itch.io/c/7581096/games,,2026-06-03
https://itch.io/c/7581100/liminal,,2026-06-03
https://itch.io/c/7581105/vns,,2026-06-03
https://itch.io/c/7581115/6hirogirls-collection,,2026-06-03
https://itch.io/c/7581122/lianedbss-collection,,2026-06-03
https://itch.io/c/7581132/elderitchotherworldly-horror,,2026-06-03
https://itch.io/c/7581137/check-out-later,,2026-06-03
https://itch.io/c/7581144/looks-hot,,2026-06-03
https://itch.io/c/7581166/caleb-m-halls-collection,,2026-06-03
https://itch.io/c/7581208/fairycookies-collection,,2026-06-03
https://itch.io/c/7581220/cool-stuff,,2026-06-03
https://itch.io/c/7581231/cairn,,2026-06-03
https://itch.io/c/7581238/olxnaas-collection,,2026-06-03
https://itch.io/c/7581269/point-click,,2026-06-03
https://itch.io/c/7581278/thirst,,2026-06-03
https://itch.io/c/7581286/my-favourite-itchio-games,,2026-06-03
https://itch.io/c/7581320/the-best-shit,,2026-06-03
https://itch.io/c/7581326/later-part-2,,2026-06-03
https://itch.io/c/7581343/3d,,2026-06-03
https://itch.io/c/7581348/kayacars-collection,,2026-06-03
https://itch.io/c/7581356/horror,,2026-06-03
https://itch.io/c/7581360/palhaada-clownnnnn,,2026-06-03
https://itch.io/c/7581369/premurders-collection,,2026-06-03
https://itch.io/c/7581370/vn,,2026-06-03
https://itch.io/c/7581395/notvns,,2026-06-03
https://itch.io/c/7581396/xogrxvs-collection,,2026-06-03
https://itch.io/c/7581397/clarkyyyyys-collection,,2026-06-03
https://itch.io/c/7581398/me-need-to-play-thesee,,2026-06-03
https://itch.io/c/7581401/speckledorfs-collection,,2026-06-03
https://itch.io/c/7581419/to-try,,2026-06-03
https://itch.io/c/7581435/berrych3wys-collection,,2026-06-03
https://itch.io/c/7581449/evies-collection,,2026-06-03
https://itch.io/c/7581481/saberakis-collection,,2026-06-03
https://itch.io/c/7581501/inters,,2026-06-03
https://itch.io/c/7581544/not-played,,2026-06-03
https://itch.io/c/7581568/purplemoth03s-collection,,2026-06-03
https://itch.io/c/7581586/mothership-modules,,2026-06-03
https://itch.io/c/7581594/favorites,,2026-06-03
https://itch.io/c/7581616/azuryasdfs-collection,,2026-06-03
https://itch.io/c/7581625/gays,,2026-06-03
https://itch.io/c/7581633/derpyiess-collection,,2026-06-03
https://itch.io/c/7581658/d-titan-zones-collection,,2026-06-03
https://itch.io/c/7581694/games-i-wanna-play,,2026-06-03
https://itch.io/c/7581705/play,,2026-06-03
https://itch.io/c/7581881/nana-12343s-collection,,2026-06-03
https://itch.io/c/7581884/darkphoenix1608s-collection,,2026-06-03
https://itch.io/c/7581889/wolfstarrss-collection,,2026-06-03
https://itch.io/c/7581890/drefoss-collection,,2026-06-03
https://itch.io/c/7581905/aa,,2026-06-03
https://itch.io/c/7581906/fuurakfk8s-collection,,2026-06-03
https://itch.io/c/7581911/chamitlas-collection,,2026-06-03
https://itch.io/c/7581944/danielx-trevrs-collection,,2026-06-03
https://itch.io/c/7581946/must,,2026-06-03
https://itch.io/c/7581959/cain,,2026-06-03
https://itch.io/c/7582005/personality-shaping,,2026-06-03
https://itch.io/c/7582026/sun1ights-collection,,2026-06-03
https://itch.io/c/7582028/sneakysquid25s-collection,,2026-06-03
https://itch.io/c/7582041/sun1ights-collection,,2026-06-03
https://itch.io/c/7582051/junejuly,,2026-06-03
https://itch.io/c/7582063/leppnps-collection,,2026-06-03
https://itch.io/c/7582086/hgames,,2026-06-03
https://itch.io/c/7582090/pc,,2026-06-03
https://itch.io/c/7582096/weshows-collection,,2026-06-03
https://itch.io/c/7582101/lim125s-collection,,2026-06-03
https://itch.io/c/7582148/top,,2026-06-03
https://itch.io/c/7582149/games,,2026-06-03
https://itch.io/c/7582163/ibalbalons-collection,,2026-06-03
https://itch.io/c/7582168/rick199s-collection,,2026-06-03
https://itch.io/c/7582177/games-i-wanna-play,,2026-06-03
https://itch.io/c/7582213/989hero98-cmds-collection,,2026-06-03
https://itch.io/c/7582214/989hero98-cmds-collection,,2026-06-03
https://itch.io/c/7582216/yoterys-collection,,2026-06-03
https://itch.io/c/7582227/h-z-qs-collection,,2026-06-03
https://itch.io/c/7582235/natokus-collection,,2026-06-03
https://itch.io/c/7582236/charlatanisms-collection,,2026-06-03
https://itch.io/c/7582237/lguiiixs-collection,,2026-06-03
https://itch.io/c/7582247/meghadeep09s-collection,,2026-06-03
https://itch.io/c/7582249/natokus-collection,,2026-06-03
https://itch.io/c/7582257/june-new,,2026-06-03
https://itch.io/c/7582307/robot,,2026-06-03
https://itch.io/c/7582320/kuma85s-collection,,2026-06-03
https://itch.io/c/7582330/w1zard7s-collection,,2026-06-03
https://itch.io/c/7582343/morven7s-collection,,2026-06-03
https://itch.io/c/7582348/bokukkrits-collection,,2026-06-03
https://itch.io/c/7582352/p4inter57s-collection,,2026-06-03
https://itch.io/c/7582357/sci,,2026-06-03
https://itch.io/c/7582400/yuyuaa11s-collection,,2026-06-03
https://itch.io/c/7582434/peak,,2026-06-03
https://itch.io/c/7582475/hej-2026-mjus,,2026-06-03
https://itch.io/c/7582496/inspiredsloth,,2026-06-03
https://itch.io/c/7582498/15715237663s-collection,,2026-06-03
https://itch.io/c/7582505/danman3m69s-collection,,2026-06-03
https://itch.io/c/7582518/samssamitys-collection,,2026-06-03
https://itch.io/c/7582519/femdom-nsfw-games,,2026-06-03
https://itch.io/c/7582533/a38283308-cryptos-collection,,2026-06-03
https://itch.io/c/7582539/berg66613s-collection,,2026-06-03
https://itch.io/c/7582587/thedank0s-collection,,2026-06-03
https://itch.io/c/7582623/zibb404s-collection,,2026-06-03
https://itch.io/c/7582624/connection1,,2026-06-03
https://itch.io/c/7582686/laurakas1234567s-collection,,2026-06-03
https://itch.io/c/7582689/lawliights-collection,,2026-06-03
https://itch.io/c/7582694/pet,,2026-06-03
https://itch.io/c/7582704/magic,,2026-06-03
https://itch.io/c/7582749/whiteprinceevers-collection,,2026-06-03
https://itch.io/c/7582771/caoduylong2000s-collection,,2026-06-03
https://itch.io/c/7582773/jaycee1806s-collection,,2026-06-03
https://itch.io/c/7582776/tigerasss-collection,,2026-06-03
https://itch.io/c/7582785/hdop12233456-archs-collection,,2026-06-03
https://itch.io/c/7582804,,2026-06-03
https://itch.io/c/7582824/furry-visual-novels-ragh,,2026-06-03
https://itch.io/c/7582900/birdnels-collection,,2026-06-03
https://itch.io/c/7582951/collection,,2026-06-03
https://itch.io/c/7582973/tushararadwads-collection,,2026-06-03
https://itch.io/c/7582987/mayhaps,,2026-06-03
https://itch.io/c/7583008/sowhysoseriouss-collection,,2026-06-03
https://itch.io/c/7583028/sowhysoseriouss-collection,,2026-06-03
https://itch.io/c/7583041/games,,2026-06-03
https://itch.io/c/7583108/want-to-play-campaign,,2026-06-03
https://itch.io/c/946511/rpg-books,,2026-06-03
https://itch.io/c/946738/louise-stuff,,2026-06-03
https://itch.io/c/1052585/all-of-my-jam-games,,2026-06-03
https://itch.io/c/1086618/flipmodejps-collection,,2026-06-03
https://itch.io/c/1195604/freeireys-collection,,2026-06-03
https://itch.io/c/1305648/tools,,2026-06-03
https://itch.io/c/1406095/destoyer1287s-collection,,2026-06-03
https://itch.io/c/1464163/local-midwestern-mans-collection,,2026-06-03
https://itch.io/c/1508872/others,,2026-06-03
https://itch.io/c/1930898/alejandro-manzanos-collection,,2026-06-03
https://itch.io/c/2066776/tabias-collection,,2026-06-03
https://itch.io/c/2427144/noelables-collection,,2026-06-03
https://itch.io/c/2466364/ziemniak733s-collection,,2026-06-03
https://itch.io/c/2541602/wyrmhardts-collection,,2026-06-03
https://itch.io/c/2542680/played-demo,,2026-06-03
https://itch.io/c/2585986/zedsans-collection,,2026-06-03
https://itch.io/c/2702399/wishlist,,2026-06-03
https://itch.io/c/2711507/calebdooms-collection,,2026-06-03
https://itch.io/c/2721223/be-dead317s-collection,,2026-06-03
https://itch.io/c/2771579/hehe,,2026-06-03
https://itch.io/c/2847003/gathners-collection,,2026-06-03
https://itch.io/c/2948522/varios,,2026-06-03
https://itch.io/c/3023747/maxmore1s-collection,,2026-06-03
https://itch.io/c/3054602/games,,2026-06-03
https://itch.io/c/3089557,,2026-06-03
https://itch.io/c/3239612/visual-novel,,2026-06-03
https://itch.io/c/3239984/martinezgraziella487s-collection,,2026-06-03
https://itch.io/c/3250073/plugins,,2026-06-03
https://itch.io/c/3269623/liciorices-collection,,2026-06-03
https://itch.io/c/3284302/unsainted,,2026-06-03
https://itch.io/t/4803826/artist-automotive-motorsport-artist-looking-for-paid-project,,2026-06-03
https://itch.io/t/6427859/necromancer-now-available,,2026-06-03
https://itch.io/t/6427865/karkson-remake,,2026-06-03
https://itch.io/t/6427936/game-assets-not-appearing-in-search,,2026-06-03
https://itch.io/t/6427941/art-pixel-artpaidrevsharesteam-webcam-ar-pc-multiplayer-seeking-artist-for-innovative-game-karst,,2026-06-03
https://itch.io/t/6427958/unindexed-game,,2026-06-03
https://itch.io/t/6427959/unityprogrammerpaid-unity-game-developer-available-for-freelance-work,,2026-06-03
https://itch.io/t/6427967/possible-copyright-issue,,2026-06-03
https://itch.io/t/6427991/writernarrative-design-looking-for-professional-experience-to-add-to-a-portfolio,,2026-06-03
https://itch.io/t/6428106/im-a-watchman-for-a-hotel-in-a-barren-wasteland,,2026-06-03
https://itch.io/t/6428130/lfspaid-seeking-seniorjunior-programmer-for-unity-nsfw,,2026-06-03
https://itch.io/t/6428140/paidsound-design-looking-for-projects-or-teams,,2026-06-03
https://itch.io/t/6428214/arena-legend-pre-edition,,2026-06-03
https://itch.io/t/6428346/lfspaid-seeking-seniorjunior-programmer-for-unity-nsfw,,2026-06-03
https://itch.io/t/6428443/link-hearts-emoji-arcade,,2026-06-03
https://itch.io/t/6428496/generousmans,,2026-06-03
https://itch.io/t/6428507/hobby-programmer-looking-for-programmers-to-help-create-a-prototype,,2026-06-03
https://itch.io/t/6428520/art-revsharepaid-3d-18-bondage-sandbox-game,,2026-06-03
https://itch.io/t/6428703/take-care-of-noob-continued-demo,,2026-06-03
https://itch.io/t/6428739/3d-artist-characters,,2026-06-03
https://itch.io/t/6428765/im-making-3d-third-person-view-physics-engine-in-gms2,,2026-06-03
https://itch.io/t/6428892/watersprayer-a-terrifying-monster-hidden-in-the-yard,,2026-06-03
https://itch.io/t/6428894/retro-fax-sounds-200-files-that-brings-the-past-back,,2026-06-03
https://itch.io/t/6428964/story-driven-psychological-horror-game-who-am-i-demo-released,,2026-06-03
https://itch.io/t/6428983/new-2d-assets-available-office-related,,2026-06-03
https://itch.io/t/6429111/mfps-expanded-basically-cod,,2026-06-03
https://itch.io/t/6429124/pixel-rift-v13,,2026-06-03
https://itch.io/t/6429193/sound-designer-music-composer-luiz-mulula,,2026-06-03
https://itch.io/t/6429231/suggest-your-vhs-games-analog-horror-games-i-need-some-inspiration-,,2026-06-03
https://itch.io/t/6429380/unpaidlfs-need-frontpage-art-for-my-undertale-inspired-indie-game,,2026-06-03
https://itch.io/t/6429491/looking-for-projects-experienced-narrative-designer-available,,2026-06-03
https://itch.io/t/6429551/1-minute-survivors-a-short-survivors-like-that-lasts-just-a-few-minutes,,2026-06-03
https://itch.io/t/6429604/-3d-artists-slasher-horror-villain-melee-arsenal-3d-modeling-blueprint-kit-png-transparent,,2026-06-03
https://itch.io/t/6429680/jam-theme-editor-revamp,,2026-06-03
https://itch.io/t/6429710/looking-for-playtesters-rock-concert-surreal-exploration-manifestations,,2026-06-03
https://itch.io/t/6429713/one-pager-knock-off-dnd,,2026-06-03
https://itch.io/t/6429745/-,,2026-06-03
https://itch.io/t/6429778/alone-in-the-dark-platest,,2026-06-03
https://itch.io/t/6429779/alone-in-the-dark-platest,,2026-06-03
https://itch.io/t/6430062/workshop-js-is-out,,2026-06-03
https://itch.io/t/6430151/alternatives-to-itch-for-avns,,2026-06-03
https://itch.io/t/6430326/juggling-cup-demo-available-now,,2026-06-03
https://itch.io/t/6430424/why-does-this-ui-feel-amateurish,,2026-06-03
https://itch.io/t/6430440/lil-laundry-lane,,2026-06-03
https://itch.io/t/6430460/freaky-multiplayer-game-where-you-steal-your-friends-body-pillow-as-a-squirrel-centaur,,2026-06-03
https://itch.io/t/6430463/escape-this-a-two-perspective-falling-block-puzzle-platformer-with-bosses,,2026-06-03
https://itch.io/t/6430592/cat-maiden,,2026-06-03
https://itch.io/t/6430764/-2d3d-combat-rig-slasher-horror-villain-melee-arsenal-11-premium-assets-png-transparent,,2026-06-03
https://itch.io/t/6430772/looking-to-sell-rights-to-enyx,,2026-06-03
https://itch.io/t/6430853/60s-time-is-broken,,2026-06-03
https://itch.io/t/6431044/minecraft-clone-made-in-godot-4,,2026-06-03
https://itch.io/t/6431054/ballzy-a-pvp-puzzle-with-blocks-and-balls,,2026-06-03
https://itch.io/t/6431058/art3dhobby-offering-3d-stylized-painted-props-seeking-practice,,2026-06-03
https://itch.io/t/6431060/do-i-continue-development-or-start-new-one-read-first-line-pls,,2026-06-03
https://itch.io/t/6431117/request-for-review-of-support-tickets-322787-354793-and-368027,,2026-06-03
https://itch.io/t/6431151/homecoming-rpgmaker-rtp-10-day-challenge,,2026-06-03
https://itch.io/t/6431353/ghost-charmer-find-and-summon-ghosts-in-a-spooky-haunted-house,,2026-06-03
https://itch.io/t/6431513/lfsrevshare-looking-for-a-gameplay-programmer-for-an-atmospheric-narrative-game-studio-des-cimes,,2026-06-03
https://itch.io/t/6431619/medieval-food-tasting-simulator-your-meal-my-lord-demo-out-now,,2026-06-03
https://itch.io/t/6431624/i-just-shipped-my-first-pixel-art-asset-pack,,2026-06-03
https://itch.io/t/6431646/echosmaze-a-psychedelic-dreamy-music-3d-maze,,2026-06-03
https://itch.io/t/6431663/leave-a-gamejam,,2026-06-03
https://itch.io/t/6431691/asset-pack-horror-study-library-pack-vol1-gothic-library-assets-for-horror-games,,2026-06-03
https://itch.io/t/6431710/my-fan-game-hasnt-been-indexed-for-8-months-now,,2026-06-03
https://itch.io/t/6431729/looking-to-find-a-group-to-join-solo-developerartist-with-2-years-of-experience,,2026-06-03
https://itch.io/t/6431736/blockchain-botany-just-released,,2026-06-03
https://itch.io/t/6431788/game-deindexed-after-update-ticket-370204,,2026-06-03
https://itch.io/t/6431826/i-built-a-free-browser-based-sprite-sheet-slicer-feedback-welcome,,2026-06-03
https://itch.io/t/6431928/destroy-the-bunny-2-extra-destruction,,2026-06-03
https://ahopness.itch.io/gift,,2026-06-03
https://christopher-martin.itch.io/melodic-synthwave-atmosphere-music-pack,,2026-06-03
https://steelarrow.itch.io/tic-tac-toe,,2026-06-03
https://steelarrow.itch.io/garbage-game,,2026-06-03
https://alictronic-games.itch.io/prospector,,2026-06-03
https://steelarrow.itch.io/bigboss,,2026-06-03
https://steelarrow.itch.io/together-in-space,,2026-06-03
https://steelarrow.itch.io/favori-oyunum-space-fighter,,2026-06-03
https://veneratewho.itch.io/memories,,2026-06-03
https://christopher-martin.itch.io/ocean-adventure-pack,,2026-06-03
https://veneratewho.itch.io/the-minotaur,,2026-06-03
https://mbarkoneshot.itch.io/world-eater,,2026-06-03
https://veneratewho.itch.io/daddy-doesnt-break-down-doors,,2026-06-03
https://ltrent.itch.io/back-2-the-office,,2026-06-03
https://mbarkoneshot.itch.io/spirit-walker,,2026-06-03
https://mbarkoneshot.itch.io/warrior-in-the-dark,,2026-06-03
https://dinotonte.itch.io/lustscupid,,2026-06-03
https://mbarkoneshot.itch.io/ape-escape,,2026-06-03
https://thestaticroom.itch.io/phantoms,,2026-06-03
https://mbarkoneshot.itch.io/the-only-one-vr,,2026-06-03
https://reallynotmivioon.itch.io/ice-wasteland,,2026-06-03
https://licorin1790.itch.io/chicken-run,,2026-06-03
https://ltrent.itch.io/polly-chronicles,,2026-06-03
https://single-a-studios.itch.io/timeship-dev,,2026-06-03
https://mbarkoneshot.itch.io/russian-roulette,,2026-06-03
https://lucidpapaya.itch.io/the-crimson-apple,,2026-06-03
https://veneratewho.itch.io/a-very-spoopy-house,,2026-06-03
https://reallynotmivioon.itch.io/sdy,,2026-06-03
https://appletruffle.itch.io/kawaii-shoot-em-up,,2026-06-03
https://thestaticroom.itch.io/village-necromancer,,2026-06-03
https://thestaticroom.itch.io/father-dagon-mother-hydra,,2026-06-03
https://alictronic-games.itch.io/dimension-shifters,,2026-06-03
https://curlform.itch.io/project-infiltraitor-demo,,2026-06-03
https://elavinsky46.itch.io/spider-man-web-swinger,,2026-06-03
https://mbarkoneshot.itch.io/the-last-messenger,,2026-06-03
https://tyler-50.itch.io/bouncy-cube,,2026-06-03
https://thestaticroom.itch.io/this-is-my-house,,2026-06-03
https://reallynotmivioon.itch.io/gp,,2026-06-03
https://cincachai.itch.io/iridenkoy,,2026-06-03
https://fuzzdistor.itch.io/watermelon,,2026-06-03
https://reallynotmivioon.itch.io/deep-mechanism,,2026-06-03
https://thestaticroom.itch.io/mother-hydra-father-dagon,,2026-06-03
https://thestaticroom.itch.io/krampusnacht,,2026-06-03
https://ltrent.itch.io/pac-eddie,,2026-06-03
https://mivioon.itch.io/good-pig-game-bundle,,2026-06-03
https://reallynotmivioon.itch.io/rusty-canalization,,2026-06-03
https://kitkenk.itch.io/treasure-clicker,,2026-06-03
https://zoeemakesgames.itch.io/what-the-fox-said,,2026-06-03
https://walkablecity.itch.io/low-poly-truck,,2026-06-03
https://walkablecity.itch.io/hogar,,2026-06-03
https://walkablecity.itch.io/no-channel,,2026-06-03
https://ci-deinc.itch.io/ma-ma-mouth,,2026-06-03
https://walkablecity.itch.io/pill-bottle-low-poly,,2026-06-03
https://boda-grande.itch.io/as-aventras-do-gato,,2026-06-03
https://kunkun1512.itch.io/pizza-tower-ccb,,2026-06-03
https://walkablecity.itch.io/floor-knight,,2026-06-03
https://curlform.itch.io/fried-rice-at-jerrys,,2026-06-03
https://reallynotmivioon.itch.io/oil-worker,,2026-06-03
https://curlform.itch.io/project-defy,,2026-06-03
https://vimrek.itch.io/tring,,2026-06-03
https://zoeemakesgames.itch.io/pyro-check,,2026-06-03
https://curlform.itch.io/vermin-control,,2026-06-03
https://curlform.itch.io/vermin-control-full,,2026-06-03
https://thestaticroom.itch.io/make-a-necromancer,,2026-06-03
https://thestaticroom.itch.io/radio-broadcast-at-the-end-of-the-world,,2026-06-03
https://thestaticroom.itch.io/hire-a-necromancer,,2026-06-03
https://mbarkoneshot.itch.io/the-drums-of-war,,2026-06-03
https://genalistudio.itch.io/rubygame-genali-studio,,2026-06-03
https://genalistudio.itch.io/inanna-bouna-fortuna,,2026-06-03
https://bashar-edris.itch.io/fish-blasters,,2026-06-03
https://genalistudio.itch.io/inordinatus,,2026-06-03
https://curlform.itch.io/pipedemoniumalpha,,2026-06-03
https://bashar-edris.itch.io/space-platformer,,2026-06-03
https://ci-deinc.itch.io/grow-your-liver,,2026-06-03
https://veneratewho.itch.io/bad-daddy,,2026-06-03
https://bashar-edris.itch.io/space-maggots,,2026-06-03
https://bashar-edris.itch.io/space-jumpers,,2026-06-03
https://kentnotdoit.itch.io/petfleuencer,,2026-06-03
https://bashar-edris.itch.io/bombarian-prototype,,2026-06-03
https://adamargam.itch.io/mosquito-massacre,,2026-06-03
https://claymorerpgs.itch.io/starnet-playable-teaser,,2026-06-03
https://tyler-50.itch.io/astroyd,,2026-06-03
https://markery.itch.io/melses-memory,,2026-06-03
https://lofunk.itch.io/voyage-of-the-forgotten,,2026-06-03
https://genalistudio.itch.io/oasis-of-wonders,,2026-06-03
https://segasugar.itch.io/bouncing-bays,,2026-06-03
https://heyjoelang.itch.io/alien-influencer-test-build-002,,2026-06-03
https://kaptainviciorious.itch.io/plague-in-venice,,2026-06-03
https://mrgreeningthegames.itch.io/the-boiled-one,,2026-06-03
https://badziyt.itch.io/pistol-z,,2026-06-03
https://jellyhoshiumi.itch.io/alice,,2026-06-03
https://nss07.itch.io/kindred-spirit,,2026-06-03
https://genalistudio.itch.io/lukman-adventure,,2026-06-03
https://adamargam.itch.io/the-interview,,2026-06-03
https://walkablecity.itch.io/depth-124,,2026-06-03
https://nss07.itch.io/fishing-legacy,,2026-06-03
https://nss07.itch.io/blue-lotus-ninja,,2026-06-03
https://ninoraaja.itch.io/ctc,,2026-06-03
https://appletruffle.itch.io/fire-performer,,2026-06-03
https://elvgames.itch.io/turn-based-rpg-monsters-pack-22,,2026-06-03
https://vimrek.itch.io/tring-2ll,,2026-06-03
https://thestaticroom.itch.io/astral-glow-beta,,2026-06-03
https://nss07.itch.io/bounty,,2026-06-03
https://adamargam.itch.io/identity,,2026-06-03
https://thestaticroom.itch.io/be-gay-do-crimes-make-zines,,2026-06-03
https://thestaticroom.itch.io/strawberry-gashes,,2026-06-03
https://zoeemakesgames.itch.io/buhbuhbuhbubbles,,2026-06-03
https://thestaticroom.itch.io/make-a-zine-about-it,,2026-06-03
https://unabridgedfantasy.itch.io/never-zero,,2026-06-03
https://alexiagd.itch.io/station-delta,,2026-06-03
https://deck-of-dm-things.itch.io/to-the-power-of-redacted,,2026-06-03
https://thestaticroom.itch.io/evil-clown-fanzine,,2026-06-03
https://lexman478.itch.io/ultra-panda-jump,,2026-06-03
https://deck-of-dm-things.itch.io/downhill-snowball,,2026-06-03
https://deck-of-dm-things.itch.io/space-ship-escape,,2026-06-03
https://brotospingvin.itch.io/dragon-feeder,,2026-06-03
https://deck-of-dm-things.itch.io/piece-of-cake,,2026-06-03
https://art-of-asmodis.itch.io/halloween-special-2022,,2026-06-03
https://art-of-asmodis.itch.io/santa-daniel,,2026-06-03
https://alictronic-games.itch.io/stars-of-the-valkyrie,,2026-06-03
https://curlform.itch.io/pipedemonium-early-demo,,2026-06-03
https://genalistudio.itch.io/stories-from-the-unwell,,2026-06-03
https://thestaticroom.itch.io/bloody-girlhood-ginger-snaps-fanzine,,2026-06-03
https://draxoby.itch.io/critical-fail,,2026-06-03
https://chinsgames.itch.io/slam-jam-4-fracture-granny,,2026-06-03
https://lur0m.itch.io/killem-all,,2026-06-03
https://lur0m.itch.io/ritual,,2026-06-03
https://adamargam.itch.io/tcgoat,,2026-06-03
https://mutecanary.itch.io/tstpllo,,2026-06-03
https://nss07.itch.io/game-character,,2026-06-03
https://aspsyxia.itch.io/ashioto-kyofu,,2026-06-03
https://zoeemakesgames.itch.io/hamstorminator,,2026-06-03
https://titsagundam.itch.io/senior-season,,2026-06-03
https://adamargam.itch.io/counterblade,,2026-06-03
https://crazyhoundgamedesign.itch.io/petri-dish-gdtv-jam-25,,2026-06-03
https://albing.itch.io/ld42,,2026-06-03
https://kegnnor.itch.io/therosebush,,2026-06-03
https://pandabaegames.itch.io/arrton-beta,,2026-06-03
https://albing.itch.io/charge,,2026-06-03
https://kegnnor.itch.io/ucab-project,,2026-06-03
https://saucekye.itch.io/sonic-escape,,2026-06-03
https://pinkmangogames.itch.io/mangut-web,,2026-06-03
https://hlodal.itch.io/foraging-season,,2026-06-03
https://adamargam.itch.io/stars-entertainment,,2026-06-03
https://epiktoeisonic221.itch.io/i-hate-my-game,,2026-06-03
https://notquiterightstudio.itch.io/cool-math-combat,,2026-06-03
https://boda-grande.itch.io/space-pong,,2026-06-03
https://hlodal.itch.io/marketplace-hustle,,2026-06-03
https://badziyt.itch.io/good-morning,,2026-06-03
https://rayyoi.itch.io/shadowvanilla-yaoi-game-tm,,2026-06-03
https://nellfx.itch.io/nellfx-game-1,,2026-06-03
https://kijosoft.itch.io/care,,2026-06-03
https://zoeemakesgames.itch.io/bean-game,,2026-06-03
https://hammer-hobbs.itch.io/unfair-golf,,2026-06-03
https://apollostudios-lgbt.itch.io/out-loud-vn-short,,2026-06-03
https://thestaticroom.itch.io/coulrophobia,,2026-06-03
https://nellfx.itch.io/nellfx-virtual-trap,,2026-06-03
https://crazyhoundgamedesign.itch.io/crazy-project-tracker,,2026-06-03
https://hammer-hobbs.itch.io/the-elevator-game,,2026-06-03
https://crazyhoundgamedesign.itch.io/asteroid-runner,,2026-06-03
https://ypressgames.itch.io/monster-ops-episode-19,,2026-06-03
https://curlform.itch.io/pipedemonium-first-hour,,2026-06-03
https://licorin1790.itch.io/whispers-of-the-scalp,,2026-06-03
https://blob-gaming.itch.io/itchversion,,2026-06-03
https://sean-sarkozi.itch.io/meat,,2026-06-03
https://adamargam.itch.io/words-of-thought,,2026-06-03
https://vazgriz.itch.io/flight-sim-part-4-autopilot,,2026-06-03
https://laupi-oida.itch.io/who-holds-the-reins,,2026-06-03
https://thestaticroom.itch.io/twin-peaks-experience,,2026-06-03
https://nicholasfoo.itch.io/playtesting-roguelikedev,,2026-06-03
https://ltrent.itch.io/willy-cook,,2026-06-03
https://husdyter.itch.io/steel-mayhem,,2026-06-03
https://anilo-demon.itch.io/tavern-rooten-orc-blood,,2026-06-03
https://nss07.itch.io/guess-that-pokmon,,2026-06-03
https://lur0m.itch.io/collector,,2026-06-03
https://infinitylie.itch.io/before-the-last-breath,,2026-06-03
https://stonedeadshred.itch.io/axeslinger,,2026-06-03
https://lur0m.itch.io/creepy-cemetery,,2026-06-03
https://professor-gomaker.itch.io/adventureworld,,2026-06-03
https://turbosurge-entertainment.itch.io/vhmax-escape-the-factory-demo,,2026-06-03
https://shiroexe.itch.io/pedro-abrunhosa-tenta-meter-palhinha-num-um-bongo-enquanto-pisca-os-olhos-incont,,2026-06-03
https://maxb123.itch.io/project-1-enviroment,,2026-06-03
https://lur0m.itch.io/dark-forest,,2026-06-03
https://kumada1.itch.io/when-the-wolf-climbs-in-the-window,,2026-06-03
https://starumbreon.itch.io/grok-games,,2026-06-03
https://lur0m.itch.io/paralisis,,2026-06-03
https://thestaticroom.itch.io/errand-of-mercy,,2026-06-03
https://lur0m.itch.io/ghost-haunt,,2026-06-03
https://turbosurge-entertainment.itch.io/vhmax-escape-the-factory-full-release,,2026-06-03
https://flyinggeneralgames.itch.io/notr2-warlords,,2026-06-03
https://cindieforge.itch.io/runerush,,2026-06-03
https://fruitteeeeea.itch.io/projectdogfight,,2026-06-03
https://glorgosmines.itch.io/glorgos-microplastics-mine,,2026-06-03
https://manny35.itch.io/the-setting-sun,,2026-06-03
https://animator-aluminium.itch.io/basic-knight-32x32,,2026-06-03
https://infinitylie.itch.io/before-the-last-breath-webvers,,2026-06-03
https://ifthenelse-interactive.itch.io/biopunk-hackers-lyla,,2026-06-03
https://ifthenelse-interactive.itch.io/biopunk-hackers-lyla-portraits,,2026-06-03
https://act-1-studio.itch.io/demo,,2026-06-03
https://laced-wing-studio.itch.io/cottage-megapack,,2026-06-03
https://chadfruits.itch.io/gridrealm,,2026-06-03
https://ruilsilva.itch.io/reboot,,2026-06-03
https://rolomics.itch.io/kill-team-homebrew-steel-heresy,,2026-06-03
https://hawaiianshirtgames.itch.io/phantom-floor-demo,,2026-06-03
https://theoakbear.itch.io/stellar-breach,,2026-06-03
https://enso-devteam.itch.io/enu-prototype-demo,,2026-06-03
https://brianconnors603.itch.io/space-punked,,2026-06-03
https://infinitylie.itch.io/2048,,2026-06-03
https://luciodevv.itch.io/justanarrow,,2026-06-03
https://makislush.itch.io/eat-a-pickle-game-of-the-unserious,,2026-06-03
https://jorge179.itch.io/saco-man,,2026-06-03
https://miyasaymiau.itch.io/silentevidenceact1,,2026-06-03
https://spicytrain-games.itch.io/sugar-shatter-demo,,2026-06-03
https://olivrv.itch.io/gouverneur-2-0,,2026-06-03
https://johnnymostly.itch.io/one-night-only,,2026-06-03
https://retrospectivegames.itch.io/ommetaphobia,,2026-06-03
https://animator-aluminium.itch.io/explosions-1,,2026-06-03
https://jamsheedstudios.itch.io/ash-grey-saturn-olympus-1,,2026-06-03
https://jamsheedstudios.itch.io/cero-uno-1,,2026-06-03
https://itsnoahbodie.itch.io/bloodsworn,,2026-06-03
https://stonedeadshred.itch.io/voxel-weapons,,2026-06-03
https://sleepycatcafe.itch.io/days-at-the-sleepy-cat-bookstore,,2026-06-03
https://ayaxcv.itch.io/ayax-cdigo-verde-beta,,2026-06-03
https://shadowdragon-jb.itch.io/sdjb-morecustomvehicles,,2026-06-03
https://xmarcxatx.itch.io/obscur-platformer,,2026-06-03
https://arbustosaurio.itch.io/trouble-at-heights-problemas-en-las-alturas,,2026-06-03
https://wetherilli.itch.io/catch-texty,,2026-06-03
https://razomgames.itch.io/quixote-biker,,2026-06-03
https://fyrems-forge.itch.io/forest-encounter-table-version-1-5e-style-fantasy-rpg-ttrpg-bilingual-pdf,,2026-06-03
https://limbo-studios.itch.io/ayza,,2026-06-03
https://fyrems-forge.itch.io/spirit-of-the-forge-dnd-5e-oneshot-english-spanish,,2026-06-03
https://fyrems-forge.itch.io/spirit-of-the-forge-dnd-5e-shaman-class-oneshot-adventure-bilingual-enes,,2026-06-03
https://anilo-demon.itch.io/under-rem,,2026-06-03
https://wizi-games.itch.io/rumble-club,,2026-06-03
https://davidangel64.itch.io/wizard-reasons,,2026-06-03
https://lakeishaavril.itch.io/lucid-labyrinth,,2026-06-03
https://kelvinmulungu.itch.io/complexia-a-ballet-of-blades,,2026-06-03
https://lemsoft.itch.io/hell-rider,,2026-06-03
https://futagen.itch.io/parasite-girls,,2026-06-03
https://moatara-games.itch.io/cano-dos-navegantes,,2026-06-03
https://yoomin53.itch.io/evowarsalienassault,,2026-06-03
https://adamargam.itch.io/soulsong,,2026-06-03
https://fyrems-forge.itch.io/the-shaman-el-chamn-dd-5e-homebrew-class,,2026-06-03
https://fyrems-forge.itch.io/the-eternal-hunger-warlock-subclass-for-dd-5e-bilingual-enes,,2026-06-03
https://fyrems-forge.itch.io/broken-pacts-eternal-hunger-paladin-warlock-subclasses-dd-5e-bundle-bilingu,,2026-06-03
https://fyrems-forge.itch.io/the-chaos-theorist-el-terico-del-caos-dd-5e-homebrew-class-bilingual-enes,,2026-06-03
https://blaukeks.itch.io/root-veggies,,2026-06-03
https://razuth.itch.io/kings-bountiful-breakfast,,2026-06-03
https://sittch.itch.io/jigdoku,,2026-06-03
https://starrftw.itch.io/there-is-no-bigger-fish,,2026-06-03
https://blaukeks.itch.io/fruity-veggies,,2026-06-03
https://vatians-cader.itch.io/ivan-y-mathias2,,2026-06-03
https://cnava.itch.io/lil-laundry-lane,,2026-06-03
https://lewlew-mcdewdew.itch.io/gnat-pack,,2026-06-03
https://painterstape.itch.io/the-wild-road,,2026-06-03
https://needleful.itch.io/kitty-camera,,2026-06-03
https://cardamomflower.itch.io/neon-patcher,,2026-06-03
https://cat-skull-press.itch.io/echos,,2026-06-03
https://starrftw.itch.io/make-way-for-the-supreme-leader,,2026-06-03
https://masha-aq.itch.io/onenightespeon,,2026-06-03
https://hellper.itch.io/chair-simulator,,2026-06-03
https://niteshv.itch.io/one-last-knight,,2026-06-03
https://opusinteractive.itch.io/catastrophe-crow-64,,2026-06-03
https://pelicanoestudios.itch.io/placeholder,,2026-06-03
https://robert-what.itch.io/everyday-scenes-from-the-republic-of-bob,,2026-06-03
https://starrftw.itch.io/spring-evolution-2,,2026-06-03
https://alisterhimself.itch.io/broken-wings,,2026-06-03
https://robert-what.itch.io/the-aesthetics-of-hardcore-zombie-survival,,2026-06-03
https://zengxiang1221.itch.io/i-wanna-wuwa-1,,2026-06-03
https://lemsoft.itch.io/hell-rider-multifire-edition,,2026-06-03
https://vipermakesgames.itch.io/project-luminox,,2026-06-03
https://oscarbagger.itch.io/elbow,,2026-06-03
https://team-campfire.itch.io/pandasushi,,2026-06-03
https://niki-game-and-more.itch.io/so-cute-boss,,2026-06-03
https://jj-psychotic.itch.io/solsaxiomsim,,2026-06-03
https://cyberbeep1337.itch.io/b4d-g3r,,2026-06-03
https://happydagger.itch.io/human-sim-web-demo,,2026-06-03
https://rippleanimates.itch.io/amazebox,,2026-06-03
https://blaukeks.itch.io/skulls,,2026-06-03
https://cerulio.itch.io/amandas-kiss,,2026-06-03
https://blaukeks.itch.io/elven-tools,,2026-06-03
https://chaostheorygames.itch.io/jump-space-joyride,,2026-06-03
https://dicemonkey.itch.io/mud-sweat-turnips,,2026-06-03
https://sad-tku-sj-tjnk.itch.io/deep-sea-fish-hidden-world,,2026-06-03
https://blaukeks.itch.io/smelted-ore,,2026-06-03
https://digitalon.itch.io/o-clone,,2026-06-03
https://band-wagon-studios.itch.io/a-discontinued-dream,,2026-06-03
https://wafflestoo.itch.io/mungus-the-fungus,,2026-06-03
https://kafk.itch.io/hexpand,,2026-06-03
https://curlform.itch.io/unnamed-superhot-inspired-arena-shooter,,2026-06-03
https://blaukeks.itch.io/resources,,2026-06-03
https://thaelith.itch.io/99,,2026-06-03
https://u3656541connecthkuhk.itch.io/assignment,,2026-06-03
https://paxanga.itch.io/cold-blood-subsistance,,2026-06-03
https://casgaimsxd.itch.io/julian-basics-mod-baldi-basics,,2026-06-03
https://quintaesencia.itch.io/quintaesencia,,2026-06-03
https://changelogyt.itch.io/gridman,,2026-06-03
https://danka-dobric.itch.io/days-work,,2026-06-03
https://isaacboku.itch.io/vicente-vinager,,2026-06-03
https://free-game-assets.itch.io/cyberpunk-rpg-icons-pack,,2026-06-03
https://rbalbir.itch.io/paradox-v20,,2026-06-03
https://cjoyner150.itch.io/forge,,2026-06-03
https://bully-revenge-studios.itch.io/my-goth-roommate,,2026-06-03
https://semver.itch.io/bus-rush-delivery,,2026-06-03
https://lostbunnystudios.itch.io/lost-bunny,,2026-06-03
https://greenlvrgames.itch.io/slotro-26-alpha,,2026-06-03
https://prime-planet-games.itch.io/acadia-fighter-run,,2026-06-03
https://hiddenpalace.itch.io/maze-95-ultimate,,2026-06-03
https://markery.itch.io/our-choir,,2026-06-03
https://slender-abs.itch.io/training-girl3,,2026-06-03
https://bubu688.itch.io/bloom-do,,2026-06-03
https://minko-games.itch.io/patreon-reward-april-2026,,2026-06-03
https://carpenterchicken.itch.io/stardew-valley-guess-who,,2026-06-03
https://angelargd8.itch.io/expirationdate,,2026-06-03
https://blaukeks.itch.io/farm-food,,2026-06-03
https://adamlenglen.itch.io/dungeon-8x8,,2026-06-03
https://zircoboxcraft.itch.io/nomad-san,,2026-06-03
https://chrisux.itch.io/look-up,,2026-06-03
https://crownstrial.itch.io/crowns-trial,,2026-06-03
https://orlando-zelaya.itch.io/1-31-ing,,2026-06-03
https://005um4.itch.io/thesandart,,2026-06-03
https://tinymoonteam.itch.io/tracks-of-the-arcana,,2026-06-03
https://vibegtag.itch.io/sprunki-pyramixed-daycare,,2026-06-03
https://vibegtag.itch.io/all-sb3-pack,,2026-06-03
https://jheijndermans.itch.io/manor-of-shadows,,2026-06-03
https://rotheartgames.itch.io/booth-butcher-demo,,2026-06-03
https://acidgamer17.itch.io/cosmic-critter-rush,,2026-06-03
https://ironcore-os-creator.itch.io/ironcore-os,,2026-06-03
https://theoakbear.itch.io/over-prompted,,2026-06-03
https://chinsgames.itch.io/ragatha,,2026-06-03
https://crazyhoundgamedesign.itch.io/cyberdog-game-soundtrack-gdtv-jam-26-game-music,,2026-06-03
https://fyrems-forge.itch.io/night-brother-dathomirian-warrior-dd-5e-race-fyremforge,,2026-06-03
https://fyrems-forge.itch.io/night-sister-ichor-magic-dd-5e-class-fyremforge,,2026-06-03
https://all-bones-jones.itch.io/chaosbonus,,2026-06-03
https://soygus.itch.io/sci-fi-portraits,,2026-06-03
https://orlando-zelaya.itch.io/3-31-lect,,2026-06-03
https://juud42.itch.io/little-light,,2026-06-03
https://fruitteeeeea.itch.io/projectdrill,,2026-06-03
https://sebbyspoons.itch.io/pocket-beach,,2026-06-03
https://chaostheorygames.itch.io/your-meal-my-lord,,2026-06-03
https://maxb123.itch.io/starwarshell-skirmish,,2026-06-03
https://sean-sarkozi.itch.io/hell-man,,2026-06-03
https://karitvu.itch.io/phytoncide,,2026-06-03
https://teamfapyeah.itch.io/crown-of-lust-free-version,,2026-06-03
https://daddy-long-leg-games.itch.io/the-cost-of-escape,,2026-06-03
https://jogos-digitais-unicap.itch.io/void-arena,,2026-06-03
https://dr4k0b.itch.io/fighting-game,,2026-06-03
https://vendolis.itch.io/color-weave,,2026-06-03
https://tsgsayshi.itch.io/surface-tilesets,,2026-06-03
https://janistch.itch.io/incremental-orbits,,2026-06-03
https://college04.itch.io/college-game-sont04,,2026-06-03
https://rossyoung1.itch.io/phantom-masters,,2026-06-03
https://thetechumbrella.itch.io/star-runner,,2026-06-03
https://kindspark.itch.io/you-make-change,,2026-06-03
https://sanghendrix.itch.io/hendrix-hud-designer-rpg-maker-mz-plugin,,2026-06-03
https://t3reberm.itch.io/mfps,,2026-06-03
https://nightluli.itch.io/nightluli-minigame,,2026-06-03
https://nightluli.itch.io/nightluli-gamepartyex,,2026-06-03
https://nightluli.itch.io/nightluli-criticaldamage,,2026-06-03
https://nightluli.itch.io/nightluli-bundlemetataker,,2026-06-03
https://nightluli.itch.io/nightluli-eleskillfullcustom,,2026-06-03
https://versus-7.itch.io/unbound-dream,,2026-06-03
https://nobleshadowgames.itch.io/taptown-funk-demo,,2026-06-03
https://thestaticroom.itch.io/the-backrooms-streamer-bundle,,2026-06-03
https://videojuegosipm2026.itch.io/beat-em-up-negri,,2026-06-03
https://vascowing.itch.io/sprunki-swapped-vascows-take,,2026-06-03
https://stains-of-sanity.itch.io/stains-of-sanity,,2026-06-03
https://briannicolas.itch.io/damaged-dinosaur,,2026-06-03
https://thequokkabloke.itch.io/the-turtles-drongo-brother,,2026-06-03
https://crazyhoundgamedesign.itch.io/cyberdog-and-the-search-for-master,,2026-06-03
https://brookurs.itch.io/the-swordsman,,2026-06-03
https://ilchul1.itch.io/ashen-vow,,2026-06-03
https://tenkaizu-17.itch.io/sync,,2026-06-03
https://jamsheedstudios.itch.io/time-wars-the-undying-queen-and-the-dragons-son,,2026-06-03
https://videojuegosipm2026.itch.io/raptor-run-fazzito,,2026-06-03
https://grainywaygalaxy.itch.io/plumber-demo,,2026-06-03
https://joe-shua.itch.io/louisiana-city-2026,,2026-06-03
https://jun-learn-gamedev.itch.io/wizard-and-intruders,,2026-06-03
https://alictronic-games.itch.io/voodoo-jack,,2026-06-03
https://dead-wolf-games.itch.io/outpost-escape,,2026-06-03
https://coa-100.itch.io/eknora,,2026-06-03
https://16hz-interactive.itch.io/package-unknown,,2026-06-03
https://kirsan-groznov.itch.io/clay-strategy-game,,2026-06-03
https://veaaaaaa.itch.io/behind-the-velvet-curtains,,2026-06-03
https://mirkohd.itch.io/flock,,2026-06-03
https://miraeru.itch.io/fantasy-enemy-monster-asset-packboss-expansion-vol02,,2026-06-03
https://interaft.itch.io/date-game,,2026-06-03
https://soygus.itch.io/sci-fi-portraits-pixel-art-2,,2026-06-03
https://hugoworks.itch.io/o-santo-o-diabo-e-a-escoria-rpg,,2026-06-03
https://capcolor.itch.io/salvatormundi,,2026-06-03
https://vanceism7.itch.io/blast-project,,2026-06-03
https://animator-aluminium.itch.io/64x64,,2026-06-03
https://arashi901225.itch.io/astracore,,2026-06-03
https://videojuegosipm2026.itch.io/ghost-mischief,,2026-06-03
https://rhkgames.itch.io/mouse-wizard,,2026-06-03
https://jetbararemix.itch.io/don-pack-vi,,2026-06-03
https://gentrigger.itch.io/lost-lamb,,2026-06-03
https://aligned-games.itch.io/just-keep-defending-and-mining-demo,,2026-06-03
https://videojuegosipm2026.itch.io/the-princess-belly,,2026-06-03
https://bishqueen.itch.io/budget-rush,,2026-06-03
https://koshhh.itch.io/essence-creation,,2026-06-03
https://wubingliang77.itch.io/final,,2026-06-03
https://qzqstudio.itch.io/poozzle,,2026-06-03
https://zozostudioo.itch.io/beyondrooms,,2026-06-03
https://idkwhattousehere.itch.io/swappy,,2026-06-03
https://arcanegamesdev.itch.io/arcane-pong,,2026-06-03
https://afg-studios.itch.io/ascii-fishing-game,,2026-06-03
https://talnt.itch.io/golf-range-simulator,,2026-06-03
https://mcmhero.itch.io/bar-dwellers,,2026-06-03
https://akurei77.itch.io/cryptogram-prototype,,2026-06-03
https://neonvoidstudio.itch.io/princesstaso,,2026-06-03
https://davader.itch.io/333-rumores-del-submundo-ocultista,,2026-06-03
https://kozz-games.itch.io/the-last-seeds,,2026-06-03
https://derelict-pixels.itch.io/astro-knight-sludge-lands-tile-set,,2026-06-03
https://yayden.itch.io/fishflop,,2026-06-03
https://yubathecuteone.itch.io/thaumazein,,2026-06-03
https://sleepyashell.itch.io/flappy-demon-imp,,2026-06-03
https://amazingguybro.itch.io/geometric-tower-defense,,2026-06-03
https://norbertc.itch.io/lukasiewicz-the-story-of-oil,,2026-06-03
https://soygus.itch.io/chest-looting-vfx,,2026-06-03
https://amirdill.itch.io/timebomb,,2026-06-03
https://thestaticroom.itch.io/vhs-collecting,,2026-06-03
https://cove-studios.itch.io/firebot,,2026-06-03
https://seth-genigma.itch.io/carnality-of-literature,,2026-06-03
https://kobedenshigame.itch.io/forest-archer,,2026-06-03
https://kobedenshigame.itch.io/arcana-forest,,2026-06-03
https://garryg.itch.io/the-history-of-hauntry-hall,,2026-06-03
https://xavtheday.itch.io/undertow,,2026-06-03
https://natvalentine.itch.io/where-green-begins,,2026-06-03
https://sjm17.itch.io/apartment-hunting-simulator,,2026-06-03
https://heraldosdelascatacumbas.itch.io/heraldos-revista-de-rol02,,2026-06-03
https://mediokre-games.itch.io/super-milk-man,,2026-06-03
https://valentinoscreativestudio.itch.io/luminous-odyssee-week-50-bundle-crystal-ward-vs-velvetcorruption,,2026-06-03
https://dylancuh.itch.io/infinite-scroller,,2026-06-03
https://andromedainteractive.itch.io/tape-glitch,,2026-06-03
https://kecomstock.itch.io/farmful,,2026-06-03
https://teethrpg.itch.io/gold-teeth,,2026-06-03
https://yostopgame.itch.io/yostop-canva,,2026-06-03
https://stonedeadshred.itch.io/circuit-drum-ghost-industrial-noise-machine,,2026-06-03
https://snlower.itch.io/water-sprayer,,2026-06-03
https://tonifury555.itch.io/lords-of-the-underworld-vs,,2026-06-03
https://tonifury555.itch.io/third-person-fps-prototype,,2026-06-03
https://fjortega.itch.io/game-sample,,2026-06-03
https://notapipe.itch.io/l5,,2026-06-03
https://maestre531.itch.io/cypherstep,,2026-06-03
https://lazyanttu.itch.io/unstable-key,,2026-06-03
https://charredfire.itch.io/final-stand,,2026-06-03
https://the-lone-legend.itch.io/the-lord-of-glen-castle,,2026-06-03
https://brainnogood.itch.io/boss-trial-prototype,,2026-06-03
https://magfor2.itch.io/dealer-of-doom,,2026-06-03
https://torii-labs.itch.io/desktop-ninja,,2026-06-03
https://tofer0.itch.io/gato-tienda,,2026-06-03
https://crescentfool.itch.io/harmony-in-contrast,,2026-06-03
https://jnightmarec.itch.io/my-darling-star,,2026-06-03
https://penflower-ink.itch.io/a-fruit-moon-for-bugworld,,2026-06-03
https://yanjing-peng.itch.io/jump-escape,,2026-06-03
https://53xy83457.itch.io/chickain-reaction-eggstreme-edition,,2026-06-03
https://blueshutters.itch.io/narcox,,2026-06-03
https://jellyhoshiumi.itch.io/raise-a-wish,,2026-06-03
https://mbarkoneshot.itch.io/one-shot,,2026-06-03
https://ruanfh.itch.io/necromancer,,2026-06-03
https://valentin-tomas-alvarezt.itch.io/soul-rider,,2026-06-03
https://aichan-owo.itch.io/little-black-cat-pixel-art-asset-pack,,2026-06-03
https://inalys.itch.io/bntableau,,2026-06-03
https://nightpixeldev.itch.io/outrun-the-dark,,2026-06-03
https://fallware.itch.io/winging-it-unfinished-jam-demo,,2026-06-03
https://bestcasesurvival.itch.io/macgimmick,,2026-06-03
https://a-chicken-or-is-it.itch.io/behind-the-glass,,2026-06-03
https://xwisegames.itch.io/bigfooten,,2026-06-03
https://gabriel-apolinario.itch.io/projeto-ragnarok,,2026-06-03
https://shudsky.itch.io/playing-rock-paper-scissors-with-joe-louis,,2026-06-03
https://flobly.itch.io/orbis,,2026-06-03
https://ugame66.itch.io/slot-machine-game-2d,,2026-06-03
https://emiba.itch.io/mahou-shoujo-defense-post,,2026-06-03
https://flowdeci.itch.io/the-dark-below,,2026-06-03
https://simzen.itch.io/eclipse,,2026-06-03
https://pathkendle.itch.io/return-to-the-earth,,2026-06-03
https://gadeirosgames.itch.io/godspeed-stranger,,2026-06-03
https://sofiosko.itch.io/neorift-space-themed,,2026-06-03
https://mrbrum.itch.io/bottle-cap-football,,2026-06-03
https://kobato-games.itch.io/jades-rat-king-quest,,2026-06-03
https://jon-soluna.itch.io/prodigy-alpha,,2026-06-03
https://referedd.itch.io/under-the-radar-incremental,,2026-06-03
https://solindustry.itch.io/rps-arena-rock-paper-scissors-rouge-lite,,2026-06-03
https://deformedstudios.itch.io/the-wheelchair-man,,2026-06-03
https://imgorillaterror.itch.io/hollow-tag,,2026-06-03
https://dragonsidestudios.itch.io/shellipelago,,2026-06-03
https://alexander-kremers.itch.io/slap-n-clap,,2026-06-03
https://catborn.itch.io/dont-drop-dead,,2026-06-03
https://aamatniekss.itch.io/bitcrawl-jewelry-icons-pixelart-asset-pack,,2026-06-03
https://vonfervorich.itch.io/vampiras-lesbianas-del-espacio-exterior,,2026-06-03
https://chimeracorelab.itch.io/chimera-terminal-v2,,2026-06-03
https://ransomitchio.itch.io/ranset-maths-game,,2026-06-03
https://tpresidentt.itch.io/pokemon-crystal-improved-dialogue-concept,,2026-06-03
https://joajii.itch.io/our-hallowed-dark,,2026-06-03
https://mokurou-art.itch.io/trpg-vn-character-sprite-kimono-girl-with-glasses-yamabuki-gold-12-expressions,,2026-06-03
https://spyroviper.itch.io/larn,,2026-06-03
https://mehanik-123.itch.io/ecoidle,,2026-06-03
https://brendangasparin.itch.io/dudebro,,2026-06-03
https://benedettigamdev.itch.io/gofastbutbecareful,,2026-06-03
https://vincelar.itch.io/tournix,,2026-06-03
https://domokunx.itch.io/typo,,2026-06-03
https://brookurs.itch.io/soulbound,,2026-06-03
https://heartz999.itch.io/tetris-pixart,,2026-06-03
https://aamatniekss.itch.io/bitcrawl-armor-clothing-pixelart-asset-pack,,2026-06-03
https://mikoc.itch.io/hot-rod,,2026-06-03
https://luisdorado.itch.io/pdf-to-md,,2026-06-03
https://burntpixelstudios.itch.io/deathcatch,,2026-06-03
https://orhstudio.itch.io/wuxia-earrings-icons,,2026-06-03
https://theguywhogamegames.itch.io/do-not-be-deleted-demo-exe,,2026-06-03
https://avasenter.itch.io/going-up,,2026-06-03
https://varluch.itch.io/two-lamps-in-the-dark,,2026-06-03
https://sa7d8585.itch.io/project-racky-beta,,2026-06-03
https://deck-of-dm-things.itch.io/necromilk-catcher,,2026-06-03
https://lollivr.itch.io/projectomny,,2026-06-03
https://arnulfodev.itch.io/doubt,,2026-06-03
https://lucas-bustamante.itch.io/woods-gems-collector,,2026-06-03
https://carolinealoca.itch.io/blue-noise-game,,2026-06-03
https://mireiaguila9.itch.io/mitocat,,2026-06-03
https://kenlwfkiwi.itch.io/magicians-assistant,,2026-06-03
https://strange-robot.itch.io/thomas-troper,,2026-06-03
https://kuatov2002.itch.io/chimera,,2026-06-03
https://zeromatrix.itch.io/monsters-of-the-garden,,2026-06-03
https://goyanna.itch.io/starlit-tower,,2026-06-03
https://bangtymek-john316.itch.io/destroy-the-bunny-2-extra-destruction,,2026-06-03
https://gray-creator-game.itch.io/asteroid-game,,2026-06-03
https://baldicante.itch.io/baldicantegame,,2026-06-03
https://foreigntreegames.itch.io/hold-it,,2026-06-03
https://alicequint.itch.io/outrageous-fortune-a-tarot-ttrpg,,2026-06-03
https://standard-operating-proc.itch.io/bust-a-nut-a-game-about-raising-cocks,,2026-06-03
https://quantumgames707.itch.io/yes-you-can,,2026-06-03
https://dtsfp.itch.io/qarp,,2026-06-03
https://tdhr.itch.io/tdhrs-deep-hole-rabbit,,2026-06-03
https://rulric.itch.io/duckland,,2026-06-03
https://cultureshock.itch.io/notajokewad-2026-low-ammo-doom-1-2-challenge-wad,,2026-06-03
https://darkchibishadow.itch.io/gum-doc-comic,,2026-06-03
https://eliosan.itch.io/amanece,,2026-06-03
https://snbrealyt.itch.io/break-the-bank-stock-market-simulator,,2026-06-03
https://jaygt.itch.io/project-meep,,2026-06-03
https://pedro3ds.itch.io/biosplash,,2026-06-03
https://multrinity.itch.io/face-2-race,,2026-06-03
https://theziero.itch.io/zieros-keyset,,2026-06-03
https://hoimankyuen.itch.io/fuselage,,2026-06-03
https://pslcq.itch.io/flower-food,,2026-06-03
https://confusedtelletuby.itch.io/sprunki-re-visioned,,2026-06-03
https://rb-underwood.itch.io/conversation-21,,2026-06-03
https://thepixelgame.itch.io/15-side-scrolling-pixel-art-background-pack-256x144,,2026-06-03
https://slicktk.itch.io/xeno-siege-orbital-defense-protocol,,2026-06-03
https://bishaxo.itch.io/vhs-kids-like-us,,2026-06-03
https://bishaxo.itch.io/inherited-survival,,2026-06-03
https://mrmoojay.itch.io/wave-game,,2026-06-03
https://totallyworkin.itch.io/disconnected,,2026-06-03
https://bishaxo.itch.io/benign-but-not-nothing,,2026-06-03
https://pompack.itch.io/tired-restaurant-manager-black-haired-male,,2026-06-03
https://myvariantcover.itch.io/minis-first-maze,,2026-06-03
https://bishaxo.itch.io/i-still-write,,2026-06-03
https://lucas-tiba.itch.io/gallipixel,,2026-06-03
https://bishaxo.itch.io/how-to-become-an-art-snob,,2026-06-03
https://bishaxo.itch.io/thinking-out-loud,,2026-06-03
https://franzdevv.itch.io/bladewake,,2026-06-03
https://cashbakkk.itch.io/mimichunt,,2026-06-03
https://glockmk.itch.io/soulsoup,,2026-06-03
https://marcelo91216.itch.io/fishing-game,,2026-06-03
https://watsson69.itch.io/slimeshooter,,2026-06-03
https://luciodevv.itch.io/an,,2026-06-03
https://toucanary.itch.io/round-robin-demo,,2026-06-03
https://lucas-tiba.itch.io/gallilinearv2,,2026-06-03
https://colyolyoctopus.itch.io/afk-sprite-character-animator,,2026-06-03
https://t-mile.itch.io/snack-monster-ct-goblin-pack-vol1,,2026-06-03
https://swebobban.itch.io/solar-vanguard,,2026-06-03
https://black-c4t.itch.io/escape,,2026-06-03
https://ronin1223455.itch.io/gth-ronins-take,,2026-06-03
https://dragonrider1223.itch.io/asmta,,2026-06-03
https://jdejaleo.itch.io/la-bsqueda-del-fin,,2026-06-03
https://artjomartur.itch.io/help-first-aids-simulator,,2026-06-03
https://studio-ink.itch.io/work-around,,2026-06-03
https://remo-wind.itch.io/untold-stories-annie,,2026-06-03
https://paulmetaz.itch.io/purrfect-squeeze,,2026-06-03
https://mtw1man2.itch.io/loot-table-drop-rate-balancer,,2026-06-03
https://redbitmasterocgamer.itch.io/trapped-in-the-dark,,2026-06-03
https://warriorrrr.itch.io/bare-metal,,2026-06-03
https://filipemendes.itch.io/inside-shois,,2026-06-03
https://mtw1man2.itch.io/steam-itch-capsule-screenshot-exporter,,2026-06-03
https://mappadeppamice.itch.io/doodle-dot-vol00,,2026-06-03
https://zzangshil.itch.io/columbidae,,2026-06-03
https://zawo.itch.io/full-life,,2026-06-03
https://t-mile.itch.io/snack-monster-candy-bee-pack-vol1,,2026-06-03
https://80r15.itch.io/anotherstoryofpinocchio,,2026-06-03
https://aamatniekss.itch.io/bitcrawl,,2026-06-03
https://giri-games.itch.io/legend-sword-chronicle,,2026-06-03
https://teeda-oki.itch.io/gel-matrix-mutant-buddy,,2026-06-03
https://askovhoejskole.itch.io/exiled,,2026-06-03
https://askovhoejskole.itch.io/night-walk,,2026-06-03
https://askovhoejskole.itch.io/rogue-ball,,2026-06-03
https://askovhoejskole.itch.io/rex,,2026-06-03
https://goncharov-denis.itch.io/portal-cube,,2026-06-03
https://elijasje.itch.io/alchemist-spring-cleaning,,2026-06-03
https://amandatai0324-bot.itch.io/snake-game,,2026-06-03
https://blobvismenen.itch.io/for-hire,,2026-06-03
https://wizi-games.itch.io/eggy-party,,2026-06-03
https://mochilab-studio.itch.io/weather-fx-pack-vol1,,2026-06-03
https://mochilab-studio.itch.io/ui-notification-pack-vol1,,2026-06-03
https://jax1m.itch.io/gansta-d,,2026-06-03
https://faisselle.itch.io/romance-et-regence,,2026-06-03
https://playertwogames.itch.io/oceane,,2026-06-03
https://destrukter.itch.io/hedgehoghazardhavoc,,2026-06-03
https://tori-truslow.itch.io/fragments-from-the-cave-of,,2026-06-03
https://playertwogames.itch.io/voisin,,2026-06-03
https://playertwogames.itch.io/bob,,2026-06-03
https://playertwogames.itch.io/willy,,2026-06-03
https://createverse.itch.io/rainsmouth,,2026-06-03
https://artemiygame.itch.io/code-of-rescue,,2026-06-03
https://asyaorlova.itch.io/misfortunecookie,,2026-06-03
https://kjakfak.itch.io/shadow-legends-2,,2026-06-03
https://mochilab-studio.itch.io/smoke-fire-fx-pack-vol1,,2026-06-03
https://mochilab-studio.itch.io/footstep-trail-pack-vol1,,2026-06-03
https://mochilab-studio.itch.io/boss-telegraph-pack-vol1,,2026-06-03
https://jorgedevreact.itch.io/plugin-emote-puppet,,2026-06-03
https://playertwogames.itch.io/trio,,2026-06-03
https://playertwogames.itch.io/jerome,,2026-06-03
https://mochilab-studio.itch.io/damage-numbers-pack-vol1,,2026-06-03
https://plexistellar.itch.io/little-jane-returns,,2026-06-03
https://cecilebt.itch.io/gensco-typrewriter,,2026-06-03
https://sweetorange-loop.itch.io/playground-haunting-distorted-kid-giggles,,2026-06-03
https://why-angel.itch.io/fuck,,2026-06-03
https://faisselle.itch.io/romance-and-regence,,2026-06-03
https://darkbluesnowfox.itch.io/feed,,2026-06-03
https://ts-gamer77.itch.io/pet-rock-simulator-2-202,,2026-06-03
https://geminijones.itch.io/name-that-station,,2026-06-03
https://chadthechud.itch.io/larxenestreasurehunt,,2026-06-03
https://playertwogames.itch.io/sandwich,,2026-06-03
https://krivetka1023.itch.io/shadow-verse-short-game-god-of-light,,2026-06-03
https://curtis-andrew-johns.itch.io/click-the-button-alpha-demo,,2026-06-03
https://generic-king.itch.io/astracadia,,2026-06-03
https://playertwogames.itch.io/malicieux,,2026-06-03
https://wdsega.itch.io/creator-pro-bundle-4-in-1-digital-creator-toolkit,,2026-06-03
https://playertwogames.itch.io/banana,,2026-06-03
https://lunarazie.itch.io/dodge-the-anvils,,2026-06-03
https://arnocyreus.itch.io/midnightmode5,,2026-06-03
https://eilrahc2009.itch.io/poppy-playtime,,2026-06-03
https://bricole.itch.io/sneak-and-squeak,,2026-06-03
https://eggbeans.itch.io/networking-simulator,,2026-06-03
https://duckpuck.itch.io/quackquack,,2026-06-03
https://bee4728.itch.io/ghl,,2026-06-03
https://playertwogames.itch.io/lait,,2026-06-03
https://dare-nexus-studio.itch.io/low-poly-survival-items-pack-3d-assets,,2026-06-03
https://slicktk.itch.io/reef-keeper-demo,,2026-06-03
https://chrisdbgames.itch.io/i-wont-be-abducted,,2026-06-03
https://chilliest-autumn.itch.io/a-snake-game,,2026-06-03
https://haram153.itch.io/cube-trouble,,2026-06-03
https://playertwogames.itch.io/jumpworld,,2026-06-03
https://spxxkz.itch.io/inside-shois,,2026-06-03
https://tera-games-official.itch.io/gravity-devil-pc,,2026-06-03
https://blainelocklair.itch.io/wilburslaststand,,2026-06-03
https://duxentertainment.itch.io/the-hollow-accord,,2026-06-03
https://thotheotheo.itch.io/planchette,,2026-06-03
https://alexanderandrewwood.itch.io/catch-the-fireflies,,2026-06-03
https://jlagamer.itch.io/peggle-clone,,2026-06-03
https://art-of-asmodis.itch.io/omni-man,,2026-06-03
https://mechantcactus.itch.io/alchemy-ingrendients-items,,2026-06-03
https://icefurnace83.itch.io/copperbar-scroller-demo,,2026-06-03
https://datboinico.itch.io/potpunpacking-edition,,2026-06-03
https://kaminarimon-ai.itch.io/toru,,2026-06-03
https://evy4u.itch.io/etherna,,2026-06-03
https://pppond.itch.io/find-a-seat,,2026-06-03
https://fyrems-forge.itch.io/droid-race-bilingual-enes-dd-5e-homebrew,,2026-06-03
https://113051156.itch.io/123a456b,,2026-06-03
https://signhyui.itch.io/run,,2026-06-03
https://honeydogmusic.itch.io/cozy-life-cozy-life-essential,,2026-06-03
https://xz-games.itch.io/chipi-cheese-game,,2026-06-03
https://mtw1man2.itch.io/save-migration-versioning-test-harness,,2026-06-03
https://honeydogmusic.itch.io/pixel-adventure-cozy-life-essential,,2026-06-03
https://osmangelmez.itch.io/little-shop-at-the-end-of-the-road,,2026-06-03
https://honeydogmusic.itch.io/growing-up-kitty-cozy-life-essential,,2026-06-03
https://ittybittybites.itch.io/2-second-witness,,2026-06-03
https://honeydogmusic.itch.io/growing-up-puppy-cozy-life-essential,,2026-06-03
https://honeydogmusic.itch.io/farming-seasons-cozy-life-essential,,2026-06-03
https://witalic0.itch.io/dungeon-run,,2026-06-03
https://honeydogmusic.itch.io/island-expedition-cozy-life-essential,,2026-06-03
https://mcarenaa.itch.io/onewaytickettohell,,2026-06-03
https://gonzobeanz.itch.io/monster-smoosh,,2026-06-03
https://honeydogmusic.itch.io/village-plaza-cozy-life-essential,,2026-06-03
https://john-luke-m-codis.itch.io/autonomous-solar-panel-cleaning-system,,2026-06-03
https://sebastianlol23.itch.io/playtag,,2026-06-03
https://honeydogmusic.itch.io/midnight-stargazing-cozy-life-essential,,2026-06-03
https://maverickm12.itch.io/neo-tokyo-cyber-anime-portrait-pack-24-assets,,2026-06-03
https://pppond.itch.io/inkblot-forest,,2026-06-03
https://honeydogmusic.itch.io/festival-games-cozy-life-essential,,2026-06-03
https://dani-24t.itch.io/spaceship-game-prototype,,2026-06-03
https://rinamo2026.itch.io/sleepy-diamond-art,,2026-06-03
https://honeydogmusic.itch.io/diy-crafting-cozy-life-essential,,2026-06-03
https://hutchkey23.itch.io/send-it-demo,,2026-06-03
https://zi-chins-guides.itch.io/dnd-5e-interactive-environments-version-2,,2026-06-03
https://hunters-project.itch.io/neon-dodge,,2026-06-03
https://quintaesencia.itch.io/overheight-rpg-maker-plugin,,2026-06-03
https://rattlercreed.itch.io/bingo-caller-darts,,2026-06-03
https://dgdedu.itch.io/logo-sylaby-al-yl,,2026-06-03
https://minko-games.itch.io/patreon-reward-may-2026,,2026-06-03
https://kobolx.itch.io/2026-may-rewards,,2026-06-03
https://kuraishimi.itch.io/cursed-townside,,2026-06-03
https://unghost-game.itch.io/lordhunterbeta-test,,2026-06-03
https://aamatniekss.itch.io/bitcrawl-weapons-shields-pixelart-asset-pack,,2026-06-03
https://ciyuchen.itch.io/forest-mushroom-forage,,2026-06-03
https://lem-v.itch.io/escape-from-the-monomyth,,2026-06-03
https://karlthemaster.itch.io/higher-or-lower-by-karl,,2026-06-03
https://thawrom.itch.io/hero-maker,,2026-06-03
https://thunderhub.itch.io/ayaka,,2026-06-03
https://moonwhispergames.itch.io/zl-o,,2026-06-03
https://flowers-broders.itch.io/minecraft,,2026-06-03
https://screwave.itch.io/chiikawa-jump,,2026-06-03
https://runebitdice.itch.io/verdigris-onyx-d20,,2026-06-03
https://budakmangpajar.itch.io/monkeygame,,2026-06-03
https://gamebgm-lab.itch.io/cozy-8bitrelaxing-bgm,,2026-06-03
https://klip29mat1.itch.io/dynamic-sky-for-unreal-engine-only,,2026-06-03
https://sodiumy.itch.io/evosim,,2026-06-03
https://lucidgoat2821.itch.io/iron-line,,2026-06-03
https://flowers-broders.itch.io/bad-parenting-free,,2026-06-03
https://t-mile.itch.io/snack-monster-gum-slime-pack-vol1,,2026-06-03
https://landvettergamestudio.itch.io/flockload,,2026-06-03
https://sprigsprite.itch.io/boring-fishing-game-with-robots,,2026-06-03
https://janelynn38b.itch.io/waimarinos-journey-into-te-ao-maori,,2026-06-03
https://irecreategameswithhtml.itch.io/fnaf-1-prototype-runs-with-512mb-of-ram-lightweight,,2026-06-03
https://tenderzzz.itch.io/bobo-ville,,2026-06-03
https://mtw1man2.itch.io/browser-game-mobile-fit-tester,,2026-06-03
https://burger-2.itch.io/old-tag,,2026-06-03
https://akis-soundlab.itch.io/my-sweet-home-fixing-up-props,,2026-06-03
https://andrs-mc.itch.io/msx-keyboard-tester,,2026-06-03
https://blower-pot.itch.io/minesweeper-puzzlescript,,2026-06-03
https://annoracroon.itch.io/poems-about-alcoholism,,2026-06-03
https://yu5ufyilmaz.itch.io/chess-deck,,2026-06-03
https://starlit.itch.io/localization-editor-ex,,2026-06-03
https://akami666.itch.io/buff-debuff-icons-vol2-20-icons,,2026-06-03
https://1x2x3x4.itch.io/omega-1x1x1x1,,2026-06-03
https://olo5.itch.io/drivingplan,,2026-06-03
https://tulsisvtgmailcom.itch.io/volatile-potions,,2026-06-03
https://scratch-solo.itch.io/custom-dungeon-tiles,,2026-06-03
https://sawed-off-studio.itch.io/bag,,2026-06-03
https://alekseibelokoniov.itch.io/7-star-silver-clouds-one-shot-special,,2026-06-03
https://erikleppen.itch.io/sheep-clicker,,2026-06-03
https://droid909.itch.io/adventurers-guild-tycoon,,2026-06-03
https://lofunk.itch.io/roll-20,,2026-06-03
https://flowers-broders.itch.io/roblox-delta-executor,,2026-06-03
https://garzy.itch.io/darkest-ambience-complete-collection,,2026-06-03
https://albertoorbital.itch.io/potionsandpoisons,,2026-06-03
https://mtw1man2.itch.io/first-60-seconds-ux-tester,,2026-06-03
https://sushyk.itch.io/escape-the-epstein-island-on-a-rocket,,2026-06-03
https://ard-games.itch.io/a-normal-trip,,2026-06-03
https://liquid-glass-web.itch.io/arknoid-breakout-engine-template-html5-arcade-game-kit,,2026-06-03
https://licorin1790.itch.io/hell-coridor,,2026-06-03
https://ypengal.itch.io/ocean-guardian,,2026-06-03
https://susmongusarg-spec.itch.io/amongtubers-pyramixed,,2026-06-03
https://garzy.itch.io/darkest-ambience-orchestral-elements,,2026-06-03
https://razbars.itch.io/kids-magic-puzzle-quest,,2026-06-03
https://garzy.itch.io/darkest-ambience-terror-atmospheres,,2026-06-03
https://jen2dfd.itch.io/drainware,,2026-06-03
https://flunch1314.itch.io/580-pixel-art-avatar-mega-pack-characters-dogs-cats-animals-fantasy-rpg-128px10,,2026-06-03
https://sakpix.itch.io/crimson-oni-legendary-dark-fantasy-samurai-hero,,2026-06-03
https://tim31415.itch.io/red-blue,,2026-06-03
https://levivb.itch.io/retro-fax-machine-sounds,,2026-06-03
https://poolfroof.itch.io/decision-paralysis,,2026-06-03
https://carymono.itch.io/gachiakuta-scent-of-you-enjin-x-zanka,,2026-06-03
https://elalan05.itch.io/blinck-or-not,,2026-06-03
https://vfian.itch.io/hours-on-the-block,,2026-06-03
https://chenxigao.itch.io/ticta,,2026-06-03
https://carymono.itch.io/gachiakuta-internal-monologue,,2026-06-03
https://mrbeartime.itch.io/whitewitch,,2026-06-03
https://amatsumaps.itch.io/post-apocalyptic-battlemaps-random-encounters,,2026-06-03
https://mnemeth0.itch.io/shark-attack,,2026-06-03
https://kassuii.itch.io/cozy-fantasy-village,,2026-06-03
https://sleepyduck42210.itch.io/silly-the-seal-in-deal-seals-revenge,,2026-06-03
https://n17pro3426.itch.io/bbtolofe-remastered,,2026-06-03
https://stickyhunter.itch.io/wizards-rave,,2026-06-03
https://daimos123.itch.io/beast-buffet-improved-version,,2026-06-03
https://azmel-3d.itch.io/castle-painter,,2026-06-03
https://sontheharry.itch.io/musical-mayhem,,2026-06-03
https://shade-raid.itch.io/static-dreams,,2026-06-03
https://adajsaan9-eng.itch.io/cs124-basics-being-and-lazy-but-its-the-karusel-incident,,2026-06-03
https://edmondy-and-smore.itch.io/snake-v10,,2026-06-03
https://blob-gaming.itch.io/pure-room,,2026-06-03
https://vill8tion.itch.io/adventurer-trio-sprite-pack-3-heroines-8-expressions-outfits-150-high-quality-2,,2026-06-03
https://adajsaan9-eng.itch.io/roblox-basics-remastered-but-its-captain-basics-adventure,,2026-06-03
https://akis-soundlab.itch.io/my-sweet-home-fixing-up-tools,,2026-06-03
https://lazyanttu.itch.io/the-unstable-key,,2026-06-03
https://paziowsky.itch.io/sokoban-tileset-16x16,,2026-06-03
https://crehandev.itch.io/permutation,,2026-06-03
https://the-creator-of-gods.itch.io/ringing-everywere,,2026-06-03
https://vasea12345.itch.io/lastmileroad,,2026-06-03
https://vitorbetmann.itch.io/breakout,,2026-06-03
https://scardoso.itch.io/statecraft,,2026-06-03
https://idyll-games.itch.io/benighted,,2026-06-03
https://frostbull.itch.io/futa-the-gathering,,2026-06-03
https://easterred98gmailcom.itch.io/umbilical,,2026-06-03
https://kenjoplays.itch.io/bart-reznart,,2026-06-03
https://gravity-sound.itch.io/pop-rock-music-2,,2026-06-03
https://amran-zain.itch.io/amega-up,,2026-06-03
https://kelcidcrawford.itch.io/mermay-2023-sketchbook,,2026-06-03
https://almamater.itch.io/hyle,,2026-06-03
https://paulthetall.itch.io/nethack-falcons-eye,,2026-06-03
https://tsellashandieg.itch.io/alisia-dragoon,,2026-06-03
https://mullins182.itch.io/duck-hunter,,2026-06-03
https://valute-master.itch.io/wizardknight-survive,,2026-06-03
https://actuallyamacaw.itch.io/kings-little-castle,,2026-06-03
https://simpletaps.itch.io/speed-run,,2026-06-03
https://davedoesenough.itch.io/press-2-win,,2026-06-03
https://enegames.itch.io/phaserfire,,2026-06-03
https://blackstack.itch.io/store-category,,2026-06-03
https://br0kenleg.itch.io/www,,2026-06-03
https://ahmedalhalal.itch.io/polytechnic-outbreak,,2026-06-03
https://carlosmazcu.itch.io/candy-sort,,2026-06-03
https://billypajamas.itch.io/the-bank-heist,,2026-06-03
https://rhombical.itch.io/vend,,2026-06-03
https://ytb-iurykzk.itch.io/paintfall,,2026-06-03
https://simon-almirante.itch.io/day-of-the-plane,,2026-06-03
https://anilo-demon.itch.io/skull-collector,,2026-06-03
https://jugger3d.itch.io/saidrov-3d-model,,2026-06-03
https://sysli-nora.itch.io/winter-hunts-us,,2026-06-03
https://fishman13.itch.io/plane-joyride,,2026-06-03
https://joshy-boyz.itch.io/rock-paper-scissors-forever,,2026-06-03
https://octantastudio.itch.io/jewellirium,,2026-06-03
https://kos-1231.itch.io/sticky-situation,,2026-06-03
https://cheeseburgerfr.itch.io/bean,,2026-06-03
https://geminijones.itch.io/marientoinettesolitaire,,2026-06-03
https://pr0tag.itch.io/splintered-eyes,,2026-06-03
https://mikessounddesign.itch.io/royalty-free-production-music-12-free-samples,,2026-06-03
https://shieldfreedom.itch.io/bouse-blast,,2026-06-03
https://sbz-production.itch.io/crazy-revolver-cards,,2026-06-03
https://skryptic.itch.io/typecast,,2026-06-03
https://kerpa.itch.io/ice-the-game,,2026-06-03
https://nikimatke.itch.io/age-of-wars,,2026-06-03
https://amurito.itch.io/hyphae-genesis,,2026-06-03
https://claxgtx.itch.io/ancient-egypt-escape-room,,2026-06-03
https://n30nr3d181.itch.io/sleeping-in-a-box,,2026-06-03
https://sakpix.itch.io/tiny-ironheart-free-community-hero,,2026-06-03
https://inno93.itch.io/vespera-leclipse-du-royaume-perdu,,2026-06-03
https://cosmicsquid46.itch.io/the-world-of-emora-digital-oracle-deck-desktop,,2026-06-03
https://dzycode.itch.io/retroracing,,2026-06-03
https://phantom-drive.itch.io/night-of-the-duat,,2026-06-03
https://bufalbots.itch.io/casa-natal-de-francisco-i-madero,,2026-06-03
https://inesreisx.itch.io/pigeon-clicker,,2026-06-03
https://miauwdekat.itch.io/haunted-mansion,,2026-06-03
https://xiaoyangalyy-beep.itch.io/scale-swap,,2026-06-03
https://sommpress.itch.io/blockchain-botany,,2026-06-03
https://jbooth77.itch.io/ats-freightliner-cascadia,,2026-06-03
https://mtw1man2.itch.io/idle-reward-calendar-event-pass-system,,2026-06-03
https://m8si.itch.io/vertical-scrolling-module-for-nes-maker,,2026-06-03
https://itchy123456789.itch.io/goodgame,,2026-06-03
https://exponentdev.itch.io/exponent,,2026-06-03
https://quantumgames707.itch.io/household-occupancy-soundscape-mp3,,2026-06-03
https://rhishith-s.itch.io/cargo-chronicles,,2026-06-03
https://great-terrible-games.itch.io/cant-go-home,,2026-06-03
https://meohmykael.itch.io/a-video-game,,2026-06-03
https://rodrigues-estudios.itch.io/asset-pack-slasher-horror-villain-melee-arsenal-3d-modeling-reference-kit-png,,2026-06-03
https://mutterpixel-studio.itch.io/roman-city-builder-pack,,2026-06-03
https://memodungeon.itch.io/memodungeon,,2026-06-03
https://stickydoodler.itch.io/between,,2026-06-03
https://elven-tower.itch.io/dungeon-vault-magazine-no-70,,2026-06-03
https://polendmenta.itch.io/moras,,2026-06-03
https://manicpixeldreamgirl.itch.io/horror-hotel,,2026-06-03
https://dataminers.itch.io/dataminers-board-game,,2026-06-03
https://dextroyer12.itch.io/kievit-survival-in-the-rooms,,2026-06-03
https://jesswess299.itch.io/egress,,2026-06-03
https://adajsaan9-eng.itch.io/baldi-education-tale-but-its-baldi-hotted-tale,,2026-06-03
https://pukusel-art.itch.io/rainy-day-cozy-pack-30-pixel-art-assets,,2026-06-03
https://deafor-27.itch.io/remembered,,2026-06-03
https://iwarthehomeless.itch.io/alve,,2026-06-03
https://picklejarpotatoes.itch.io/its-beautiful-outside,,2026-06-03
https://twogoobz.itch.io/dont-stay-up-too-late,,2026-06-03
https://malindream.itch.io/climbingforever,,2026-06-03
https://alilitch.itch.io/clt-runner,,2026-06-03
https://erikleppen.itch.io/tavern-inn-and-the-halberd,,2026-06-03
https://mvhs.itch.io/ghibli-park,,2026-06-03
https://minesweeperplus-dead.itch.io/numbers-123-v3,,2026-06-03
https://s4v0rz.itch.io/asteroids-improved,,2026-06-03
https://vicecar.itch.io/vicecar,,2026-06-03
https://jonasvdb.itch.io/robo-repairs,,2026-06-03
https://menos5.itch.io/oraculosinmas,,2026-06-03
https://wizardfisch.itch.io/wooded-words,,2026-06-03
https://mvhs.itch.io/grit-and-galleons,,2026-06-03
https://jbooth77.itch.io/ats-w900-anzacs-kenworth,,2026-06-03
https://melitae.itch.io/gofer-inc,,2026-06-03
https://mvhs.itch.io/vessel,,2026-06-03
https://papudraw.itch.io/ficvox,,2026-06-03
https://eliosan.itch.io/amanecetww-long-version,,2026-06-03
https://arkan-aaa.itch.io/satyr,,2026-06-03
https://kojochostudio.itch.io/japanese-yokai-curse-skill-effect-icons-12-png-set,,2026-06-03
https://leondblo.itch.io/medieval-castle-stone-floor-pbr-4k-texture-pack,,2026-06-03
https://fantasyknight.itch.io/sliusar-yehor-rd-gameshooterhordesbosses,,2026-06-03
https://nara111.itch.io/gem-brawl,,2026-06-03
https://frank-sincatra.itch.io/jets-world-3d,,2026-06-03
https://dikkop.itch.io/pumpkin-panic,,2026-06-03
https://returnoh.itch.io/snake-but-on-a-ball,,2026-06-03
https://tubez47.itch.io/realphysics-steering,,2026-06-03
https://jalanerwine.itch.io/j-alan-erwines-tales-from-promart,,2026-06-03
https://margo-faust.itch.io/life-eternal-with-margo-faust-2,,2026-06-03
https://budlog.itch.io/pexwars,,2026-06-03
https://unknown-user3.itch.io/tlozbotw3,,2026-06-03
https://da-king7777.itch.io/super-troll-world,,2026-06-03
https://remoriummusic.itch.io/remorium-90s-horror-music-asset-pack,,2026-06-03
https://vibecreai.itch.io/growzilla,,2026-06-03
https://squik-s.itch.io/easy-dev-editor-rpg-maker-mz-plugin-by-squiks,,2026-06-03
https://touzirensheng.itch.io/back-to-ancient,,2026-06-03
https://nomaswazi31.itch.io/moms-morning-hustle,,2026-06-03
https://acoolbrazillianguy.itch.io/fontcraft,,2026-06-03
https://medoragames.itch.io/curse-of-the-mire-mare,,2026-06-03
https://alexamy.itch.io/project-description,,2026-06-03
https://thecassetteman.itch.io/animationaboutdachnik5,,2026-06-03
https://lady-julz.itch.io/metamorph,,2026-06-03
https://wjonsson.itch.io/remember-the-knight,,2026-06-03
https://le-dev-birb.itch.io/burgertime-revised,,2026-06-03
https://elajo.itch.io/collected-essays,,2026-06-03
https://mtw1man2.itch.io/achievement-design-balancing-tool,,2026-06-03
https://magmafrog-games.itch.io/resin,,2026-06-03
https://park-maitenence-shop.itch.io/oliver-super-88-row-crop-tractor,,2026-06-03
https://a-ramos.itch.io/escape-room-lab,,2026-06-03
https://londaa.itch.io/httpsmysplinedesigny2kaestheticshapes-vgygistyndlyn4nquljebt4astorefront,,2026-06-03
https://starya-new-act.itch.io/splunko-v2-but-like-moded-abit-or-smth,,2026-06-03
https://cheese116.itch.io/snail-game,,2026-06-03
https://mkb0020.itch.io/meowmix-radio,,2026-06-03
https://yoggins.itch.io/usagi-geo-tower-defense,,2026-06-03
https://silly888.itch.io/mytimehascomeiwillreign,,2026-06-03
https://qeliq.itch.io/scripturebased-checklist-for-strengthening-a-relationship,,2026-06-03
https://magmafrog-games.itch.io/gta6,,2026-06-03
https://shironeko5.itch.io/scaperoom-programacio,,2026-06-03
https://western-dakota-mining.itch.io/fs25-dumper-dogg,,2026-06-03
https://isaiahfarms.itch.io/john-deere-612c-fs25,,2026-06-03
https://catiregames.itch.io/snugglenightmaredemo,,2026-06-03
https://wetherilli.itch.io/catch-texty-2,,2026-06-03
https://tonkeng-twine-game-th.itch.io/twine-game-part-iii-the-queen-s-4th-cycle-ceremony,,2026-06-03
https://solarmango.itch.io/sequences-game,,2026-06-03
https://pixelshmak.itch.io/greek-demon-stone-environment-with-statues-and-columns,,2026-06-03
https://burning-water-studios.itch.io/taas,,2026-06-03
https://veskfall.itch.io/doodle-jump,,2026-06-03
https://augustosotelo.itch.io/el-mikilo-parcial-2,,2026-06-03
https://qeliq.itch.io/handmade-jewish-home-decor-ideas,,2026-06-03
https://hunters-b-files.itch.io/hunters-bfiles-starter-kit,,2026-06-03
https://turborabid.itch.io/turbo-drag-racing,,2026-06-03
https://gutterpunk.itch.io/booklets-spire,,2026-06-03
https://qeliq.itch.io/indulge-in-pure-bliss-a-spa-menu-designed-to-rejuvenate-mind-body-soul,,2026-06-03
https://belfork.itch.io/minimap-template-for-ue5,,2026-06-03
https://generalbuta.itch.io/shaw-and-ghost,,2026-06-03
https://dopeboy10j.itch.io/ear-game-pc-port,,2026-06-03
https://qeliq.itch.io/renew-restore-and-reconnect-a-jewish-wellness-retreat-spa-experience,,2026-06-03
https://pixelshmak.itch.io/big-environment-flora-pack-pixel-art,,2026-06-03
https://therealfaucet24.itch.io/the-nightshift-at-bennys,,2026-06-03
https://yayayden1.itch.io/multiplayerknights,,2026-06-03
https://turborabid.itch.io/magic-tycoon,,2026-06-03
https://ironcore-os-creator.itch.io/iron-core-os-pro,,2026-06-03
https://kevinvt610.itch.io/ecovolt,,2026-06-03
https://z3doss.itch.io/2d-prototype,,2026-06-03
https://mtw1man2.itch.io/combat-log-damage-breakdown-ui,,2026-06-03
https://insane-idea-studio.itch.io/fighter-manager,,2026-06-03
https://vacuous2409.itch.io/death-metal-battle-bgm-collection-vol01,,2026-06-03
https://thefirstsage.itch.io/maze-dash,,2026-06-03
https://kayqueman.itch.io/code-zone-computer-adventure,,2026-06-03
https://micewire.itch.io/moth-catcher,,2026-06-03
https://shereadslitfic.itch.io/acab,,2026-06-03
https://inkling2.itch.io/can-you-withstand-the-peak,,2026-06-03
https://toto5561.itch.io/boreas-4-agrav-racing-league,,2026-06-03
https://nancygold.itch.io/aermia,,2026-06-03
https://arcanepress.itch.io/hearth-steel,,2026-06-03
https://dario923.itch.io/ta-te-ti-chatbot,,2026-06-03
https://yurii21.itch.io/quanti-final-game-omapas,,2026-06-03
https://daisyesque.itch.io/pongot,,2026-06-03
https://pixelshmak.itch.io/pixel-biome-terrain-tiles,,2026-06-03
https://aekenid.itch.io/fiebre-mundialista,,2026-06-03
https://heartz4500.itch.io/sprunki-2013-remake,,2026-06-03
https://sweetorange-loop.itch.io/the-quest-begins,,2026-06-03
https://airfart.itch.io/operation-magno-public-demo,,2026-06-03
https://oddesigns.itch.io/theoddrpg,,2026-06-03
https://spectre-dev.itch.io/collect-all-tomatoes,,2026-06-03
https://rec-room-98.itch.io/cash-clicker-qc-coolgame,,2026-06-03
https://josekolos.itch.io/pixel-art-rpg-keys-pack-48-variants-free-premium,,2026-06-03
https://ufomum.itch.io/runway,,2026-06-03
https://catpixelated.itch.io/the-scariest-things-about-ghosts,,2026-06-03
https://tovvok.itch.io/queen-of-curses,,2026-06-03
https://coaxdreams.itch.io/kinktoys,,2026-06-03
https://junjironaka.itch.io/baseball-sim,,2026-06-03
https://madmakingmistery.itch.io/i-see-my-soul-through-her-eyes,,2026-06-03
https://alexanderandrewwood.itch.io/vibration-typing,,2026-06-03
https://pixelbitgt-games.itch.io/monkeys-paradise,,2026-06-03
https://npaz1.itch.io/5050-trivia,,2026-06-03
https://st4rl1ghts.itch.io/the-mentor-project,,2026-06-03
https://flunch1314.itch.io/5-retro-arcade-games-mega-pack-godot-source-code-included-zero-art-assets-proce,,2026-06-03
https://kingcrescente.itch.io/side-effects-act-ii,,2026-06-03
https://winechan.itch.io/retro-prince-charming,,2026-06-03
https://galvan1.itch.io/ludo-boy-issue-1,,2026-06-03
https://tojidevs.itch.io/wardenwake,,2026-06-03
https://hogsterstudio.itch.io/the-legend-of-old-one-eye,,2026-06-03
https://unlocked-studios.itch.io/birthday-puzzle,,2026-06-03
https://maria-hearts.itch.io/fate-feed-and-breed,,2026-06-03
https://roguevr.itch.io/project-broz,,2026-06-03
https://jaybesquared.itch.io/train-17,,2026-06-03
https://meranmeran.itch.io/schmitt-and-friend-gatsby-adventure,,2026-06-03
https://zacsgames.itch.io/rrr,,2026-06-03
https://gabababuriel.itch.io/bio-arena-pantanal,,2026-06-03
https://vacuous2409.itch.io/death-metal-battle-bgm-collection-vol02,,2026-06-03
https://deviantlyricist.itch.io/cq,,2026-06-03
https://bragdor.itch.io/dinosaur-survival,,2026-06-03
https://b3evr.itch.io/summerc-ffd,,2026-06-03
https://theshorty.itch.io/mr-sorty,,2026-06-03
https://totallywasted.itch.io/gnome-sprite-sheet,,2026-06-03
https://hunters-b-files.itch.io/hunters-b-files-complete-case-files-bundle,,2026-06-03
https://juud42.itch.io/beat-souls,,2026-06-03
https://gingersonacid.itch.io/the-missing-scoop,,2026-06-03
https://samrobsondmg.itch.io/darkwood-pines,,2026-06-03
https://mikeraven55.itch.io/fuseworks,,2026-06-03
https://pusatracunnegara.itch.io/germie-drag-and-drop,,2026-06-03
https://mc-01.itch.io/h-chan-weekly,,2026-06-03
https://eromancer.itch.io/pure-onyx-may-2026,,2026-06-03
https://auycro.itch.io/knights-fury,,2026-06-03
https://fraternitygames.itch.io/palette-pal,,2026-06-03
https://sandman-8.itch.io/all-hail-milk,,2026-06-03
https://eclair-assets.itch.io/exterior-aircon-unit-free-cc0-glb-prop,,2026-06-03
https://tevit.itch.io/may-2026,,2026-06-03
https://rodrigues-estudios.itch.io/asset-pack-2d-modular-slasher-horror-villain-animation-rig-weapons-kit-png-tr,,2026-06-03
https://piclepumkinprinces.itch.io/color-match,,2026-06-03
https://mapumitradufe.itch.io/echoes-of-the-subterranean-kingdom-dark-fantasy-audio-asset-pack,,2026-06-03
https://hwb-studio.itch.io/starrysnuggles,,2026-06-03
https://comshadow.itch.io/modern-tank-armored-vehicle-tileset,,2026-06-03
https://leodeth.itch.io/escape-del-distrito,,2026-06-03
https://almohbei.itch.io/quiero-queso,,2026-06-03
https://comshadow.itch.io/wwi-military-equipment-pixel-art-tileset,,2026-06-03
https://bytesizedgamestudio.itch.io/lazy-river-rumble,,2026-06-03
https://l-fr.itch.io/the-verdict,,2026-06-03
https://2dgamesart.itch.io/sweet-world-platform-pack-cakes-ice-cream-tiles,,2026-06-03
https://disketx.itch.io/softcobra-beta,,2026-06-03
https://timespacegames.itch.io/shadow-run-action-rpg,,2026-06-03
https://connor-hasson.itch.io/the-card-game-archive,,2026-06-03
https://bulbabrew.itch.io/harmony-of-tea,,2026-06-03
https://mjolnir-gaming.itch.io/air-command,,2026-06-03
https://12aaron1221.itch.io/sbwb-prealpha-001,,2026-06-03
https://knowndisc.itch.io/evil-farming,,2026-06-03
https://handmanart.itch.io/mermay-2026,,2026-06-03
https://twoforestoneplaceonebegin.itch.io/the-limboprototype,,2026-06-03
https://cloakerchicken.itch.io/the-fairytale-case,,2026-06-03
https://boytiger1.itch.io/escape-from-mars,,2026-06-03
https://tsgamestudio.itch.io/loop-haxe,,2026-06-03
https://horihoripixel.itch.io/8-masiveapack-horihori,,2026-06-03
https://samfa12.itch.io/toknight-2-the-fire-beneath,,2026-06-03
https://timespacegames.itch.io/kooyu-endless-adventure-flappy-bird-style,,2026-06-03
https://kittymobabas.itch.io/several-evenings-at-shiftys,,2026-06-03
https://tonix7.itch.io/rebellion-of-the-path,,2026-06-03
https://art-boy-suru.itch.io/smiley-the-jester,,2026-06-03
https://onamint.itch.io/night-queen,,2026-06-03
https://altf4-real.itch.io/test-butters,,2026-06-03
https://veibezmongolia.itch.io/flash-zero-dash,,2026-06-03
https://timespacegames.itch.io/galactic-space-shooter-action-space-shooter-game-online,,2026-06-03
https://nopalleo1213.itch.io/one-weird-part-1,,2026-06-03
https://jbooth77.itch.io/ats-w900-ride-the-lighting,,2026-06-03
https://paisleydreamzzz.itch.io/of-clowns-and-jealousy,,2026-06-03
https://igorishere05.itch.io/slimerealm,,2026-06-03
https://emenica.itch.io/interludio-p1-el-caucho,,2026-06-03
https://veskfall.itch.io/dodge-the-bugs,,2026-06-03
https://some-game-designer.itch.io/change-reality-ahead,,2026-06-03
https://timespacegames.itch.io/magic-hunt-match-3-puzzle-rpg-game,,2026-06-03
https://kinseproductions.itch.io/sari-sari,,2026-06-03
https://dire29.itch.io/dog-asset-pack,,2026-06-03
https://minilic.itch.io/aztecz,,2026-06-03
https://handzonegames.itch.io/bloodlegenddragon-king-idle,,2026-06-03
https://ccatnado.itch.io/rrcgh,,2026-06-03
https://mizcore.itch.io/dungeonrogue,,2026-06-03
https://gvargas.itch.io/crash-landed,,2026-06-03
https://hollowpondssolosagas.itch.io/the-written-journal-a-solo-roleplaying-game-toolbox-essential,,2026-06-03
https://polyyai.itch.io/rts-castles-105-pack,,2026-06-03
https://orhstudio.itch.io/sprite-slicer-pro,,2026-06-03
https://inesreisx.itch.io/balloon-escape,,2026-06-03
https://magusaaa.itch.io/purrfect-bubble-tea-v2,,2026-06-03
https://twistedbyart.itch.io/protect-circle,,2026-06-03
https://kerrito.itch.io/the-last-day-at-margaritas,,2026-06-03
https://bee4728.itch.io/ghl-demo,,2026-06-03
https://damned-opossum-studios.itch.io/bugs-in-the-brain,,2026-06-03
https://sebastianm40.itch.io/sci-fi-floor-panel-textures-pack-01,,2026-06-03
https://deepcosmicspacewizard.itch.io/the-astral-realm,,2026-06-03
https://peplm.itch.io/impact-vfx-asset-pack-unity,,2026-06-03
https://technoda.itch.io/the-darkways,,2026-06-03
https://jake79fern.itch.io/nanok,,2026-06-03
https://siegelord.itch.io/repercussion3,,2026-06-03
https://nouchi.itch.io/salty-fish,,2026-06-03
https://davidrarria.itch.io/rovania,,2026-06-03
https://flunch1314.itch.io/circuit-defender,,2026-06-03
https://eldo145.itch.io/namba-x-ai-support-unit-msx,,2026-06-03
https://caseyfromspace.itch.io/backspace,,2026-06-03
https://ansimuz.itch.io/country-house-battle-background-lite,,2026-06-03
https://hfz15.itch.io/last-meal,,2026-06-03
https://confusedcreations.itch.io/cool-shoot-shoot,,2026-06-03
https://teeda-oki.itch.io/gravity-ink-solo-run,,2026-06-03
https://bread-studios-ua.itch.io/hasta-los-huevos,,2026-06-03
https://wizi-games.itch.io/battle-gang,,2026-06-03
https://c3videojuegos.itch.io/c3-party,,2026-06-03
https://tjsmediacorner.itch.io/ancient-shrine-pack-1,,2026-06-03
https://infinite-0000.itch.io/danmaku,,2026-06-03
https://mtw1man2.itch.io/combat-encounter-balancer-enemy-hp-dps-waves-boss-scaling-tool,,2026-06-03
https://wizi-games.itch.io/polygun-arena,,2026-06-03
https://sunaarashi99.itch.io/shuhari,,2026-06-03
https://mtw1man2.itch.io/post-fight-results-breakdown-ui-damage-mvp-loot-xp-summary,,2026-06-03
https://julius-solitarius.itch.io/el-instante,,2026-06-03
https://tjsmediacorner.itch.io/cozy-mountain-village-backgrounds-pack-1,,2026-06-03
https://blackoath.itch.io/the-arenmist-forest,,2026-06-03
https://mtw1man2.itch.io/boss-phase-timeline-designer-telegraphs-rage-adds-warnings-tool,,2026-06-03
https://renderedmist74.itch.io/modular-marine-asset-pack,,2026-06-03
https://mehrab-asi.itch.io/max-and-the-world,,2026-06-03
https://caiyujun0406-prog.itch.io/sci-fi-mini-prop-pack,,2026-06-03
https://ttomothyy.itch.io/orc-camp,,2026-06-03
https://mechantcactus.itch.io/20-16x16-free-alchemy-ingredients-items,,2026-06-03
https://strategicroleplay.itch.io/goat-extended,,2026-06-03
https://medalionfaun.itch.io/size-knight,,2026-06-03
https://mtw1man2.itch.io/quest-tracker-objective-clarity-ui-system,,2026-06-03
https://jaywebb.itch.io/labyrinth,,2026-06-03
https://acthedude.itch.io/relic-hunt,,2026-06-03
https://admuf.itch.io/cuarta-papaya,,2026-06-03
https://coa-100.itch.io/tech3,,2026-06-03
https://boxed-fox-development.itch.io/the-great-british-rail-experience-game-jam-tech-demo,,2026-06-03
https://mansoul.itch.io/overdrive-speed-legends,,2026-06-03
https://cyricdarkstar.itch.io/the-cellar,,2026-06-03
https://big-vacuum-studio.itch.io/lmbardo,,2026-06-03
https://sleep-debt-games.itch.io/the-last-shift,,2026-06-03
https://guilpur01.itch.io/ichor,,2026-06-03
https://gamebitx.itch.io/fruitcatch,,2026-06-03
https://ryukokun.itch.io/escapar-del-imperio,,2026-06-03
https://wdsega.itch.io/e-commerce-seller-ai-toolkit-pro-310-chatgpt-prompts-for-10-platforms,,2026-06-03
https://steelarrow.itch.io/mike-the-hooper-demo,,2026-06-03
https://kumoriasakura.itch.io/alpaca-grazing,,2026-06-03
https://oroguee.itch.io/last-mile-home,,2026-06-03
https://tristan101.itch.io/loopforge-studio,,2026-06-03
https://rudipangestu.itch.io/jam-jam-sheep,,2026-06-03
https://oroguee.itch.io/sigilfall,,2026-06-03
https://vacuous2409.itch.io/death-metal-battle-bgm-collection-vol03,,2026-06-03
https://moanaprinz.itch.io/monster-taming-trainer-pixel-asset-pack,,2026-06-03
https://oroguee.itch.io/duck-shooter,,2026-06-03
https://nividends.itch.io/ragingpixels,,2026-06-03
https://samfa12.itch.io/moon-mower,,2026-06-03
https://catshavenolord.itch.io/the-griffin,,2026-06-03
https://auria-nntt.itch.io/llisca-puzles-1,,2026-06-03
https://johnj0tet.itch.io/johnj0tets-regular-sized-symbol-icon-pack-16x16,,2026-06-03
https://vyloxdev.itch.io/cuidar-al-gato,,2026-06-03
https://mercury-adept.itch.io/cross-the-bridge,,2026-06-03
https://mansoul.itch.io/nexo,,2026-06-03
https://swanbornbyleda.itch.io/study-buddy-001,,2026-06-03
https://jonidemony.itch.io/turn-based-game,,2026-06-03
https://stanisko.itch.io/cargo-train-low-poly-game-ready,,2026-06-03
https://thesillycal72.itch.io/yeahimgayjoke-but-yeah,,2026-06-03
https://nexavisuals.itch.io/dark-fantasy-rpg-inventory-ui-kit,,2026-06-03
https://fisicagames.itch.io/kirchhoff-arcade,,2026-06-03
https://sagaillustrates.itch.io/dungeon-details-vol-1-mushrooms-fungi,,2026-06-03
https://pusatracunnegara.itch.io/my-lovely-home,,2026-06-03
https://megentarou.itch.io/lantern-festival-remnants-japanese-dark-fantasy-npcs-road-wardens,,2026-06-03
https://lemarius.itch.io/wip-beach-sandwich,,2026-06-03
https://davidj-star.itch.io/heatwave-sams-stay,,2026-06-03
https://angusclarke.itch.io/simple-rpg,,2026-06-03
https://chiti-1.itch.io/jean-e-camila-jogo-un,,2026-06-03
https://kegnnor.itch.io/mayhem-on-christmas,,2026-06-03
https://kegnnor.itch.io/kapuy-priestess-of-the-moon,,2026-06-03
https://kegnnor.itch.io/clockwork,,2026-06-03
https://kegnnor.itch.io/charons-passage,,2026-06-03
https://kegnnor.itch.io/starwell,,2026-06-03
https://kegnnor.itch.io/space-chaos,,2026-06-03
https://kegnnor.itch.io/nido,,2026-06-03
https://steelarrow.itch.io/push-it,,2026-06-03
https://kegnnor.itch.io/lost-my-toy,,2026-06-03
https://steelarrow.itch.io/artvin,,2026-06-03
https://itch.io/jam/vgpani-2025-26-collaboration-game/rate/4037798,,2026-06-03
https://itch.io/jam/vgpani-2025-26-collaboration-game/rate/4040134,,2026-06-03
https://itch.io/jam/vgpani-2025-26-collaboration-game/rate/4048023,,2026-06-03
https://itch.io/jam/vgpani-2025-26-collaboration-game/rate/4040277,,2026-06-03
https://itch.io/jam/vgpani-2025-26-collaboration-game/rate/4172335,,2026-06-03
https://itch.io/jam/vgpani-2025-26-collaboration-game/rate/4039771,,2026-06-03
https://itch.io/jam/vgpani-2025-26-collaboration-game/rate/4048357,,2026-06-03
https://itch.io/jam/vgpani-2025-26-collaboration-game/rate/4175024,,2026-06-03
https://itch.io/jam/vgpani-2025-26-collaboration-game/rate/4175464,,2026-06-03
https://itch.io/jam/vgpani-2025-26-collaboration-game/rate/4125661,,2026-06-03
https://itch.io/jam/vgpani-2025-26-collaboration-game/rate/4175588,,2026-06-03
https://itch.io/jam/vgpani-2025-26-collaboration-game/rate/4050633,,2026-06-03
https://itch.io/jam/vgpani-2025-26-collaboration-game/rate/4039833,,2026-06-03
https://itch.io/jam/vgpani-2025-26-collaboration-game/rate/4039907,,2026-06-03
https://itch.io/jam/vgpani-2025-26-collaboration-game/rate/4176593,,2026-06-03
https://itch.io/jam/vgp-2025-26-party-game/rate/4213615,,2026-06-03
https://itch.io/jam/vgp-2025-26-party-game/rate/4214203,,2026-06-03
https://itch.io/jam/vgp-2025-26-party-game/rate/4267078,,2026-06-03
https://itch.io/jam/vgp-2025-26-party-game/rate/4267088,,2026-06-03
https://itch.io/jam/vgp-2025-26-party-game/rate/4220073,,2026-06-03
https://itch.io/jam/vgp-2025-26-party-game/rate/4214259,,2026-06-03
https://itch.io/jam/vgp-2025-26-party-game/rate/4213713,,2026-06-03
https://itch.io/jam/sizescale-game-jam-2026-astrocade/rate/4633584,,2026-06-03
https://itch.io/jam/the-queer-wrongs-jam-2026/rate/741629,,2026-06-03
https://itch.io/jam/never-ending-gamejam/rate/4633704,,2026-06-03
https://itch.io/jam/mini-jame-gam-55/rate/4631618,,2026-06-03
https://itch.io/jam/you-cannot-play-this-ttrpg-jam/rate/4633819,,2026-06-03
https://itch.io/jam/mini-jame-gam-55/rate/4631865,,2026-06-03
https://itch.io/jam/mini-jame-gam-55/rate/4632003,,2026-06-03
https://itch.io/jam/dead-air-jam/rate/4633805,,2026-06-03
https://itch.io/jam/sprint-13/rate/4348273,,2026-06-03
https://itch.io/jam/what-are-you-afraid-of-/rate/3722621,,2026-06-03
https://itch.io/jam/ost-composing-jam-overtime/rate/4633306,,2026-06-03
https://itch.io/jam/gamespark-game-jam-48h/rate/4603912,,2026-06-03
https://itch.io/jam/conduit-summer-jam/rate/4626183,,2026-06-03
https://itch.io/jam/rm2k-game-per-day-jam/rate/4633938,,2026-06-03
https://itch.io/jam/conduit-summer-jam/rate/4603912,,2026-06-03
https://itch.io/jam/mini-jame-gam-55/rate/4631816,,2026-06-03
https://itch.io/jam/coolmath-game-jam-2026/rate/4598828,,2026-06-03
https://itch.io/jam/ttrpg-character-creation-challenge-jam-2/rate/4634088,,2026-06-03
https://itch.io/jam/cyg-10/rate/4439321,,2026-06-03
https://itch.io/jam/uplifting-game-jam-315-in-cash-prizes/rate/4631814,,2026-06-03
https://itch.io/jam/portfolio-builders-jam-week-75/rate/4601076,,2026-06-03
https://itch.io/jam/gamebridge-2026/rate/4624030,,2026-06-03
https://itch.io/jam/gamebridge-2026/rate/4533440,,2026-06-03
https://itch.io/jam/dead-air-jam/rate/4634181,,2026-06-03
https://itch.io/jam/rayuela-de-arena-2026/rate/4634214,,2026-06-03
https://itch.io/jam/sizescale-game-jam-2026-astrocade/rate/4634231,,2026-06-03
https://itch.io/jam/decadejam/rate/4633704,,2026-06-03
https://itch.io/jam/never-joined-a-game-jam-game-jam/rate/4611712,,2026-06-03
https://itch.io/jam/3gameaweek/rate/3728017,,2026-06-03
https://itch.io/jam/3gameaweek/rate/4634149,,2026-06-03
https://itch.io/jam/3gameaweek/rate/4634330,,2026-06-03
https://itch.io/jam/3gameaweek/rate/4634323,,2026-06-03
https://itch.io/jam/3gameaweek/rate/4630592,,2026-06-03
https://itch.io/jam/3gameaweek/rate/4625669,,2026-06-03
https://itch.io/jam/sprint-13/rate/4583794,,2026-06-03
https://itch.io/jam/uplifting-game-jam-315-in-cash-prizes/rate/4634068,,2026-06-03
https://itch.io/jam/uplifting-game-jam-315-in-cash-prizes/rate/4634401,,2026-06-03
https://itch.io/jam/uplifting-game-jam-315-in-cash-prizes/rate/4607058,,2026-06-03
https://itch.io/jam/uplifting-game-jam-315-in-cash-prizes/rate/4608059,,2026-06-03
https://itch.io/jam/rpg-in-a-box-monsters/rate/4634478,,2026-06-03
https://itch.io/jam/rm2k-game-per-day-jam/rate/4634306,,2026-06-03
https://itch.io/jam/rpg-in-a-box-monsters/rate/4634438,,2026-06-03
https://itch.io/jam/rpg-in-a-box-monsters/rate/4634494,,2026-06-03
https://itch.io/jam/dream-diary-jam-10/rate/4634501,,2026-06-03
https://itch.io/jam/rpg-in-a-box-monsters/rate/4634522,,2026-06-03
https://itch.io/jam/uplifting-game-jam-315-in-cash-prizes/rate/4628539,,2026-06-03
https://itch.io/jam/uplifting-game-jam-315-in-cash-prizes/rate/4634491,,2026-06-03
https://itch.io/jam/uplifting-game-jam-315-in-cash-prizes/rate/4634409,,2026-06-03
https://itch.io/jam/uplifting-game-jam-315-in-cash-prizes/rate/4634524,,2026-06-03
https://itch.io/jam/uplifting-game-jam-315-in-cash-prizes/rate/4634543,,2026-06-03
https://itch.io/jam/total-effect-jam/rate/4634576,,2026-06-03
https://itch.io/jam/sizescale-game-jam-2026-astrocade/rate/4632481,,2026-06-03
https://itch.io/jam/never-joined-a-game-jam-game-jam/rate/4634564,,2026-06-03
https://itch.io/jam/rayuela-de-arena-2026/rate/4634627,,2026-06-03
https://itch.io/jam/noise-jam-3/rate/4634657,,2026-06-03
https://itch.io/jam/rol-indie-en-castellano-2026/rate/4631595,,2026-06-03
https://itch.io/jam/0gameaweek/rate/4634407,,2026-06-03
https://itch.io/jam/conduit-summer-jam/rate/4634448,,2026-06-03
https://itch.io/jam/scifanjam/rate/3686827,,2026-06-03
https://itch.io/jam/conduit-summer-jam/rate/4630515,,2026-06-03
https://itch.io/jam/power-word-unity-2026-jam/rate/3089511,,2026-06-03
https://itch.io/jam/interactive-fiction-showcase-2026/rate/4450690,,2026-06-03
https://itch.io/jam/conduit-summer-jam/rate/4634884,,2026-06-03
https://itch.io/jam/sprint-13/rate/4437926,,2026-06-03
https://itch.io/jam/dtj36-26/rate/4631887,,2026-06-03
https://itch.io/jam/transqueer-jam/rate/4458936,,2026-06-03
https://itch.io/jam/sizescale-game-jam-2026-astrocade/rate/4634937,,2026-06-03
https://itch.io/jam/dtj36-26/rate/4634544,,2026-06-03
https://itch.io/jam/the-queer-wrongs-jam-2026/rate/3039155,,2026-06-03
https://itch.io/jam/scifanjam/rate/4602828,,2026-06-03
https://itch.io/jam/our-game-lab/rate/4572811,,2026-06-03
https://itch.io/jam/islands-islands-islands/rate/4635060,,2026-06-03
https://itch.io/jam/dtj36-26/rate/4633770,,2026-06-03
https://itch.io/jam/conduit-summer-jam/rate/4634649,,2026-06-03
https://itch.io/jam/cozy-jam2/rate/4595392,,2026-06-03
https://itch.io/jam/you-can-play-this-game-jam/rate/4599477,,2026-06-03
https://itch.io/jam/conduit-summer-jam/rate/4629507,,2026-06-03
https://itch.io/jam/archipelago-game-jam/rate/4629114,,2026-06-03
https://itch.io/jam/play-to-learn-jam/rate/4635182,,2026-06-03
https://itch.io/jam/mermay-2026/rate/4635186,,2026-06-03
https://itch.io/jam/alberta-slow-jam-4/rate/4473994,,2026-06-03
https://itch.io/jam/3d-modelling-jam-12/rate/4628932,,2026-06-03
https://itch.io/jam/sizescale-game-jam-2026-astrocade/rate/4635267,,2026-06-03
https://itch.io/jam/rpg-maker-10-day-rtp-challenge-6/rate/4628685,,2026-06-03
https://itch.io/jam/conduit-summer-jam/rate/4635270,,2026-06-03
https://itch.io/jam/jamlytics/rate/4631486,,2026-06-03
https://itch.io/jam/conduit-summer-jam/rate/4635277,,2026-06-03
https://itch.io/jam/game-gauntlet-nm-game-jam/rate/4635310,,2026-06-03
https://itch.io/jam/conduit-summer-jam/rate/4635248,,2026-06-03
https://itch.io/jam/coolmath-game-jam-2026/rate/4613608,,2026-06-03
https://itch.io/jam/90s-toyetic-action-cartoon-show-jam/rate/947599,,2026-06-03
https://itch.io/jam/you-cannot-play-this-ttrpg-jam/rate/1773948,,2026-06-03
https://itch.io/jam/coolmath-game-jam-2026/rate/4632101,,2026-06-03
https://itch.io/jam/never-joined-a-game-jam-game-jam/rate/4635455,,2026-06-03
https://itch.io/jam/the-queer-wrongs-jam-2026/rate/4632045,,2026-06-03
https://itch.io/jam/rpg-maker-10-day-rtp-challenge-6/rate/4628675,,2026-06-03
https://itch.io/jam/power-word-unity-2026-jam/rate/1524757,,2026-06-03
https://itch.io/jam/power-word-unity-2026-jam/rate/1485596,,2026-06-03
https://itch.io/jam/power-word-unity-2026-jam/rate/1709049,,2026-06-03
https://itch.io/jam/alberta-slow-jam-4/rate/4635071,,2026-06-03
https://itch.io/jam/power-word-unity-2026-jam/rate/3598653,,2026-06-03
https://itch.io/jam/sc232s-gtag-fangame-expo-26/rate/4566530,,2026-06-03
https://itch.io/jam/conduit-summer-jam/rate/4632533,,2026-06-03
https://itch.io/jam/zine-o-rama-ii/rate/4635633,,2026-06-03
https://itch.io/jam/psyche-game-jam-2026/rate/4634493,,2026-06-03
https://itch.io/jam/transqueer-jam/rate/3621209,,2026-06-03
https://itch.io/jam/the-queer-wrongs-jam-2026/rate/3621209,,2026-06-03
https://itch.io/jam/eureka-modern-mundane-mystery-jam/rate/4628830,,2026-06-03
https://itch.io/jam/uow-game-design-end-of-trimester-jam-2026/rate/4635761,,2026-06-03
https://itch.io/jam/conduit-summer-jam/rate/4635656,,2026-06-03
https://itch.io/jam/scifanjam/rate/4431705,,2026-06-03
https://itch.io/jam/transqueer-jam/rate/4632082,,2026-06-03
https://itch.io/jam/major-jam-8-wonder/rate/4623042,,2026-06-03
https://itch.io/jam/the-sky-and-the-sea/rate/4634378,,2026-06-03
https://itch.io/jam/sunday-zine-club-24/rate/4635773,,2026-06-03
https://itch.io/jam/zine-o-rama-ii/rate/4635773,,2026-06-03
https://itch.io/jam/megamitts-mega-jam-15/rate/3537437,,2026-06-03
https://itch.io/jam/megamitts-mega-jam-15/rate/4071222,,2026-06-03
https://itch.io/jam/megamitts-mega-jam-15/rate/4066219,,2026-06-03
https://itch.io/jam/megamitts-mega-jam-15/rate/3540834,,2026-06-03
https://itch.io/jam/major-jam-8-wonder/rate/4635897,,2026-06-03
https://itch.io/jam/geek-n-jam/rate/4632796,,2026-06-03
https://itch.io/jam/gam-jam/rate/4635845,,2026-06-03
https://itch.io/jam/the-sfw-furry-jam-2/rate/3572330,,2026-06-03
https://itch.io/jam/the-queer-wrongs-jam-2026/rate/4610172,,2026-06-03
https://itch.io/jam/ttrpg-crossover-jam-2026/rate/4526392,,2026-06-03
https://itch.io/jam/original-finish-ttrpg-horse-jubilee/rate/4635868,,2026-06-03
https://itch.io/jam/conduit-summer-jam/rate/4605501,,2026-06-03
https://itch.io/jam/conduit-summer-jam/rate/4635983,,2026-06-03
https://itch.io/jam/major-jam-8-wonder/rate/4636004,,2026-06-03
https://itch.io/jam/mermay-2026/rate/4636035,,2026-06-03
https://itch.io/jam/conduit-summer-jam/rate/4636025,,2026-06-03
https://itch.io/jam/liminal-road-spooky-jam/rate/4636058,,2026-06-03
https://itch.io/jam/megamitts-mega-jam-15/rate/4636058,,2026-06-03
https://itch.io/jam/decadejam/rate/4636058,,2026-06-03
https://itch.io/jam/rpg-maker-10-day-rtp-challenge-6/rate/4636103,,2026-06-03
https://itch.io/jam/rm2k-game-per-day-jam/rate/4636098,,2026-06-03
https://itch.io/jam/decadejam/rate/4406614,,2026-06-03
https://itch.io/jam/vgdc-at-spring-2026-games/rate/3599713,,2026-06-03
https://itch.io/jam/rpg-maker-10-day-rtp-challenge-6/rate/4636191,,2026-06-03
https://itch.io/jam/sizescale-game-jam-2026-astrocade/rate/4628544,,2026-06-03
https://itch.io/jam/soupjam2026/rate/4636317,,2026-06-03
https://itch.io/jam/ttrpg-character-creation-challenge-jam-2/rate/4632999,,2026-06-03
https://itch.io/jam/rpg-maker-10-day-rtp-challenge-6/rate/4476567,,2026-06-03
https://itch.io/jam/all-the-mods-game-jam/rate/4636395,,2026-06-03
https://itch.io/jam/bundle4mohammed/rate/4295888,,2026-06-03
https://itch.io/jam/rpg-maker-10-day-rtp-challenge-6/rate/4603498,,2026-06-03
https://itch.io/jam/rm2k-game-per-day-jam/rate/4570652,,2026-06-03
https://itch.io/jam/apj2026/rate/4531250,,2026-06-03
https://itch.io/jam/apj2026/rate/4616534,,2026-06-03
https://itch.io/jam/apj2026/rate/4393276,,2026-06-03
https://itch.io/jam/finnish-folk-game-jam/rate/4607141,,2026-06-03
https://itch.io/jam/sizescale-game-jam-2026-astrocade/rate/4531250,,2026-06-03
https://itch.io/jam/sizescale-game-jam-2026-astrocade/rate/4393276,,2026-06-03
https://itch.io/jam/gamespark-game-jam-48h/rate/4620728,,2026-06-03
https://itch.io/jam/sizescale-game-jam-2026-astrocade/rate/4636614,,2026-06-03
https://itch.io/jam/our-game-lab/rate/4514709,,2026-06-03
https://itch.io/jam/cyg-10/rate/4483134,,2026-06-03
https://itch.io/jam/never-joined-a-game-jam-game-jam/rate/4534381,,2026-06-03
https://itch.io/jam/vos-tiny-jam/rate/4634680,,2026-06-03
https://itch.io/jam/one-game-a-month-60/rate/4601076,,2026-06-03
https://itch.io/jam/weeksauce-54/rate/4601076,,2026-06-03
https://itch.io/jam/vgp-2025-26-platformer-project,,2026-06-03
https://itch.io/jam/vgp-2025-26-adventure-project,,2026-06-03
https://itch.io/jam/vgpani-2025-26-collaboration-game,,2026-06-03
https://itch.io/jam/vgp-2025-26-party-game,,2026-06-03
https://itch.io/jam/frame-fatales-jam,,2026-06-03
https://itch.io/jam/heroquest-quest-jam-2026,,2026-06-03
https://itch.io/jam/making-games-accessible,,2026-06-03
https://itch.io/jam/new-college-swindon-games-jam-less-is-more,,2026-06-03
https://itch.io/jam/manifesto-jam-2026,,2026-06-03
https://itch.io/jam/a-card-jam,,2026-06-03
https://itch.io/jam/3d-paradise-asset-pack-jam-2,,2026-06-03
https://itch.io/jam/dis-june-2026-mutual-feedback-jam,,2026-06-03
https://itch.io/jam/london-school-jam,,2026-06-03
https://itch.io/jam/manifest-vr-jam-1,,2026-06-03
https://itch.io/jam/game-jam-code-2,,2026-06-03
https://itch.io/jam/game-demo-jam-i,,2026-06-03
https://itch.io/jam/jama-jam-june-2026,,2026-06-03
https://itch.io/jam/alaishach-tester,,2026-06-03
https://itch.io/jam/0gameaweek,,2026-06-03
https://itch.io/jam/beginners-jam-smmr-2026,,2026-06-03
https://itch.io/jam/horror-jam-for-fun-,,2026-06-03
https://itch.io/jam/the-single-srd-game-jam,,2026-06-03
https://itch.io/jam/jam-making-in-trinity-college-for-50-cao-points,,2026-06-03
https://itch.io/jam/fr-nouvim-3000-an-2026,,2026-06-03
https://itch.io/jam/take-care-of-tails-update-jam,,2026-06-03
https://itch.io/jam/kjj-etx,,2026-06-03
https://itch.io/jam/blask-jam3-famicase,,2026-06-03
https://alexamy.itch.io,,2026-06-03
https://kmvg.itch.io,,2026-06-03
https://sunsetmartini.itch.io,,2026-06-03
https://alexiagd.itch.io,,2026-06-03
https://notquiterightstudio.itch.io,,2026-06-03
https://curlform.itch.io,,2026-06-03
https://rhkgames.itch.io,,2026-06-03
https://ballzythegame.itch.io,,2026-06-03
https://orca-studio.itch.io,,2026-06-03
https://tyler-50.itch.io,,2026-06-03
https://handzonegames.itch.io,,2026-06-03
https://boda-grande.itch.io,,2026-06-03
https://noctilucae.itch.io,,2026-06-03
https://maddyegames.itch.io,,2026-06-03
https://davidrarria.itch.io,,2026-06-03
https://e-ne.itch.io,,2026-06-03
https://koshhh.itch.io,,2026-06-03
https://exponentdev.itch.io,,2026-06-03
https://walkablecity.itch.io,,2026-06-03
https://unabridgedfantasy.itch.io,,2026-06-03
https://dextroyer12.itch.io,,2026-06-03
https://winklecrux.itch.io,,2026-06-03
https://mistlake-games.itch.io,,2026-06-03
https://sebastianlol23.itch.io,,2026-06-03
https://mrgreeningthegames.itch.io,,2026-06-03
https://kyanvdk.itch.io,,2026-06-03
https://ghatkid.itch.io,,2026-06-03
https://bubu688.itch.io,,2026-06-03
https://mizcore.itch.io,,2026-06-03
https://fadingstar1994.itch.io,,2026-06-03
https://melsonic.itch.io,,2026-06-03
https://watsson69.itch.io,,2026-06-03
https://valentin-tomas-alvarezt.itch.io,,2026-06-03
https://ronin1223455.itch.io,,2026-06-03
https://thequokkabloke.itch.io,,2026-06-03
https://nss07.itch.io,,2026-06-03
https://totallyworkin.itch.io,,2026-06-03
https://lofunk.itch.io,,2026-06-03
https://st4rl1ghts.itch.io,,2026-06-03
https://bragdor.itch.io,,2026-06-03
https://scarletfox23.itch.io,,2026-06-03
https://badziyt.itch.io,,2026-06-03
https://creature-huddle.itch.io,,2026-06-03
https://altf4-real.itch.io,,2026-06-03
https://niki-game-and-more.itch.io,,2026-06-03
https://ax3ldev.itch.io,,2026-06-03
https://enzwich-aprianwdh.itch.io,,2026-06-03
https://lonelyfear.itch.io,,2026-06-03
https://kafk.itch.io,,2026-06-03
https://sleepyashell.itch.io,,2026-06-03
https://jalendev.itch.io,,2026-06-03
https://elalan05.itch.io,,2026-06-03
https://bobzoskirius-bomboclat.itch.io,,2026-06-03
https://jonidemony.itch.io,,2026-06-03
https://yamadaprod.itch.io,,2026-06-03
https://tankcell.itch.io,,2026-06-03
https://silly888.itch.io,,2026-06-03
https://leodeth.itch.io,,2026-06-03
https://flowdeci.itch.io,,2026-06-03
https://starrftw.itch.io,,2026-06-03
https://vfian.itch.io,,2026-06-03
https://dizzyperson.itch.io,,2026-06-03
https://deck-of-dm-things.itch.io,,2026-06-03
https://quinnandtonics.itch.io,,2026-06-03
https://bennywalk.itch.io,,2026-06-03
https://limnirisworks.itch.io,,2026-06-03
https://sontheharry.itch.io,,2026-06-03
https://ayya1.itch.io,,2026-06-03
https://mrchaos007.itch.io,,2026-06-03
https://roguevr.itch.io,,2026-06-03
https://ravaroel10.itch.io,,2026-06-03
https://citipati-admirer.itch.io,,2026-06-03
https://draxoby.itch.io,,2026-06-03
https://superpuff.itch.io,,2026-06-03
https://rival-cults.itch.io,,2026-06-03
https://duxentertainment.itch.io,,2026-06-03
https://davidjewell.itch.io,,2026-06-03
https://briannicolas.itch.io,,2026-06-03
https://0xveil.itch.io,,2026-06-03
https://lem-v.itch.io,,2026-06-03
https://imchvd.itch.io,,2026-06-03
https://edmondy-and-smore.itch.io,,2026-06-03
https://angusclarke.itch.io,,2026-06-03
https://scriptcore.itch.io,,2026-06-03
https://razovr.itch.io,,2026-06-03
https://hlodal.itch.io,,2026-06-03
https://ruwehrooh.itch.io,,2026-06-03
https://sheepy1900.itch.io,,2026-06-03
https://germanoferreira.itch.io,,2026-06-03
https://zxc-games.itch.io,,2026-06-03
https://gameio1.itch.io,,2026-06-03
https://blastro536.itch.io,,2026-06-03
https://juud42.itch.io,,2026-06-03
https://hammer-hobbs.itch.io,,2026-06-03
https://simoncello-world.itch.io,,2026-06-03
https://makojbryant.itch.io,,2026-06-03
https://wilies876.itch.io,,2026-06-03
https://vyxenapps.itch.io,,2026-06-03
https://digitalon.itch.io,,2026-06-03
https://hello1778.itch.io,,2026-06-03
https://luvbeer.itch.io,,2026-06-03
https://animator-aluminium.itch.io,,2026-06-03
https://lascoo.itch.io,,2026-06-03
https://infinitylie.itch.io,,2026-06-03
https://azeratorre.itch.io,,2026-06-03
https://isaiahfarms.itch.io,,2026-06-03
https://laupi-oida.itch.io,,2026-06-03
https://fametia.itch.io,,2026-06-03
https://bluefrog94.itch.io,,2026-06-03
https://masha-aq.itch.io,,2026-06-03
https://enso-devteam.itch.io,,2026-06-03
https://basedonlife.itch.io,,2026-06-03
https://stol-reol.itch.io,,2026-06-03
https://lakeishaavril.itch.io,,2026-06-03
https://sad-tku-sj-tjnk.itch.io,,2026-06-03
https://vihaangamerva.itch.io,,2026-06-03
https://burger-2.itch.io,,2026-06-03
https://z3doss.itch.io,,2026-06-03
https://maxb123.itch.io,,2026-06-03
https://lewis-wadsworth-yes.itch.io,,2026-06-03
https://rishgames.itch.io,,2026-06-03
https://goolot.itch.io,,2026-06-03
https://cosmicsquid46.itch.io,,2026-06-03
https://zarn1ck.itch.io,,2026-06-03
https://lee25003114.itch.io,,2026-06-03
https://bra24003109.itch.io,,2026-06-03
https://the-noar.itch.io,,2026-06-03
https://a-chicken-or-is-it.itch.io,,2026-06-03
https://augustosotelo.itch.io,,2026-06-03
https://stonedeadshred.itch.io,,2026-06-03
https://npc-ops.itch.io,,2026-06-03
https://strangelandthegame.itch.io,,2026-06-03
https://sderfxdev.itch.io,,2026-06-03
https://turbosurge-entertainment.itch.io,,2026-06-03
https://gabababuriel.itch.io,,2026-06-03
https://chedchedz.itch.io,,2026-06-03
https://rea24002202.itch.io,,2026-06-03
https://klip29mat1.itch.io,,2026-06-03
https://kecomstock.itch.io,,2026-06-03
https://cindieforge.itch.io,,2026-06-03
https://solarmango.itch.io,,2026-06-03
https://fawler.itch.io,,2026-06-03
https://penrucci.itch.io,,2026-06-03
https://jefferson472.itch.io,,2026-06-03
https://sadblogged.itch.io,,2026-06-03
https://dejesus-games.itch.io,,2026-06-03
https://treber0522.itch.io,,2026-06-03
https://starsandfruits.itch.io,,2026-06-03
https://burning-water-studios.itch.io,,2026-06-03
https://interaft.itch.io,,2026-06-03
https://afg-studios.itch.io,,2026-06-03
https://glorgosmines.itch.io,,2026-06-03
https://spacepunx.itch.io,,2026-06-03
https://luciodevv.itch.io,,2026-06-03
https://tinythought.itch.io,,2026-06-03
https://act-1-studio.itch.io,,2026-06-03
https://jbigamesstudio.itch.io,,2026-06-03
https://hihelko.itch.io,,2026-06-03
https://zamsz22.itch.io,,2026-06-03
https://theguywhogamegames.itch.io,,2026-06-03
https://trofidraws.itch.io,,2026-06-03
https://jorge179.itch.io,,2026-06-03
https://palmivitaooo.itch.io,,2026-06-03
https://burnedcooki.itch.io,,2026-06-03
https://cozymango.itch.io,,2026-06-03
https://lethargy2718.itch.io,,2026-06-03
https://quietware.itch.io,,2026-06-03
https://sither14.itch.io,,2026-06-03
https://npaz1.itch.io,,2026-06-03
https://ayaxcv.itch.io,,2026-06-03
https://shriyansh-pal.itch.io,,2026-06-03
https://boraziogames.itch.io,,2026-06-03
https://cloakerchicken.itch.io,,2026-06-03
https://gialucas.itch.io,,2026-06-03
https://maeinnw.itch.io,,2026-06-03
https://memodungeon.itch.io,,2026-06-03
https://lucas-bustamante.itch.io,,2026-06-03
https://paninidrift.itch.io,,2026-06-03
https://mechantcactus.itch.io,,2026-06-03
https://nielsvanbree.itch.io,,2026-06-03
https://beatingstone.itch.io,,2026-06-03
https://limbo-studios.itch.io,,2026-06-03
https://beepitysnoopitybeep.itch.io,,2026-06-03
https://oddesigns.itch.io,,2026-06-03
https://nopalleo1213.itch.io,,2026-06-03
https://standard-operating-proc.itch.io,,2026-06-03
https://haviasgard.itch.io,,2026-06-03
https://medalionfaun.itch.io,,2026-06-03
https://yostopgame.itch.io,,2026-06-03
https://susmongusarg-spec.itch.io,,2026-06-03
https://tubez47.itch.io,,2026-06-03
https://kooderitch.itch.io,,2026-06-03
https://ent12232.itch.io,,2026-06-03
https://wjonsson.itch.io,,2026-06-03
https://duskaether.itch.io,,2026-06-03
https://seytanika.itch.io,,2026-06-03
https://mcmhero.itch.io,,2026-06-03
https://vatians-cader.itch.io,,2026-06-03
https://angelargd8.itch.io,,2026-06-03
https://crashe22.itch.io,,2026-06-03
https://roy-bergen.itch.io,,2026-06-03
https://icosine.itch.io,,2026-06-03
https://arkan-aaa.itch.io,,2026-06-03
https://niteshv.itch.io,,2026-06-03
https://opusinteractive.itch.io,,2026-06-03
https://breadallistic.itch.io,,2026-06-03
https://prod-rubber.itch.io,,2026-06-03
https://paisleydreamzzz.itch.io,,2026-06-03
https://rbalbir.itch.io,,2026-06-03
https://lfhtmlgames.itch.io,,2026-06-03
https://unboxthefox.itch.io,,2026-06-03
https://ayol.itch.io,,2026-06-03
https://rileyrankin17.itch.io,,2026-06-03
https://cerulio.itch.io,,2026-06-03
https://kassuii.itch.io,,2026-06-03
https://thefirstsage.itch.io,,2026-06-03
https://fischi-hack.itch.io,,2026-06-03
https://tsgamestudio.itch.io,,2026-06-03
https://gfgr22122.itch.io,,2026-06-03
https://u3656541connecthkuhk.itch.io,,2026-06-03
https://dont-happy-be-worry.itch.io,,2026-06-03
https://casgaimsxd.itch.io,,2026-06-03
https://atfofcn.itch.io,,2026-06-03
https://walid-lhbb.itch.io,,2026-06-03
https://n30nr3d181.itch.io,,2026-06-03
https://steven0401.itch.io,,2026-06-03
https://icraft.itch.io,,2026-06-03
https://vanhawkgames.itch.io,,2026-06-03
https://vegey.itch.io,,2026-06-03
https://vainiuspong.itch.io,,2026-06-03
https://lostbunnystudios.itch.io,,2026-06-03
https://nesery-games.itch.io,,2026-06-03
https://prime-planet-games.itch.io,,2026-06-03
https://jlemselle.itch.io,,2026-06-03
https://animaeashe.itch.io,,2026-06-03
https://zircoboxcraft.itch.io,,2026-06-03
https://crownstrial.itch.io,,2026-06-03
https://005um4.itch.io,,2026-06-03
https://abadonlenus.itch.io,,2026-06-03
https://capcolor.itch.io,,2026-06-03
https://kittymobabas.itch.io,,2026-06-03
https://racetitans.itch.io,,2026-06-03
https://why-angel.itch.io,,2026-06-03
https://meranmeran.itch.io,,2026-06-03
https://redbitmasterocgamer.itch.io,,2026-06-03
https://wplab.itch.io,,2026-06-03
https://unknown-user3.itch.io,,2026-06-03
https://college04.itch.io,,2026-06-03
https://rossyoung1.itch.io,,2026-06-03
https://fartmaster6999.itch.io,,2026-06-03
https://oddforgelab.itch.io,,2026-06-03
https://stains-of-sanity.itch.io,,2026-06-03
https://miketsu006.itch.io,,2026-06-03
https://mrmil.itch.io,,2026-06-03
https://ilchul1.itch.io,,2026-06-03
https://arcanegamesdev.itch.io,,2026-06-03
https://rozy1.itch.io,,2026-06-03
https://bulbabrew.itch.io,,2026-06-03
https://mbkchel.itch.io,,2026-06-03
https://fckrms.itch.io,,2026-06-03
https://kirsan-groznov.itch.io,,2026-06-03
https://arashi901225.itch.io,,2026-06-03
https://emiliaowns.itch.io,,2026-06-03
https://zozostudioo.itch.io,,2026-06-03
https://bricole.itch.io,,2026-06-03
https://melitae.itch.io,,2026-06-03
https://7cgames.itch.io,,2026-06-03
https://korono4.itch.io,,2026-06-03
https://joynamusic.itch.io,,2026-06-03
https://studioskestra.itch.io,,2026-06-03
https://ventopeons.itch.io,,2026-06-03
https://ceos-ten-eras.itch.io,,2026-06-03
https://yubathecuteone.itch.io,,2026-06-03
https://cashbakkk.itch.io,,2026-06-03
https://art-boy-suru.itch.io,,2026-06-03
https://designstudioaxioma.itch.io,,2026-06-03
https://bishaxo.itch.io,,2026-06-03
https://kozz-games.itch.io,,2026-06-03
https://jiltedgames.itch.io,,2026-06-03
https://113051156.itch.io,,2026-06-03
https://fjortega.itch.io,,2026-06-03
https://itsakgg.itch.io,,2026-06-03
https://smiling-men.itch.io,,2026-06-03
https://sbz-production.itch.io,,2026-06-03
https://lesnoyy.itch.io,,2026-06-03
https://cove-studios.itch.io,,2026-06-03
https://malindream.itch.io,,2026-06-03
https://csadv.itch.io,,2026-06-03
https://bsrwln.itch.io,,2026-06-03
https://aichan-owo.itch.io,,2026-06-03
https://davidj-star.itch.io,,2026-06-03
https://snehaln.itch.io,,2026-06-03
https://hmzo765.itch.io,,2026-06-03
https://kinseproductions.itch.io,,2026-06-03
https://tsellashandieg.itch.io,,2026-06-03
https://alilitch.itch.io,,2026-06-03
https://kitsnack.itch.io,,2026-06-03
https://solindustry.itch.io,,2026-06-03
https://tis-36.itch.io,,2026-06-03
https://maestre531.itch.io,,2026-06-03
https://tauvale.itch.io,,2026-06-03
https://crehandev.itch.io,,2026-06-03
https://jakeyanimations.itch.io,,2026-06-03
https://brainnogood.itch.io,,2026-06-03
https://pulsegames18.itch.io,,2026-06-03
https://torii-labs.itch.io,,2026-06-03
https://ella787.itch.io,,2026-06-03
https://pfh-csu.itch.io,,2026-06-03
https://galaxygamer-entertainment.itch.io,,2026-06-03
https://lebabentertainment.itch.io,,2026-06-03
https://xwisegames.itch.io,,2026-06-03
https://weanersuckernoahscatsucks.itch.io,,2026-06-03
https://sofiosko.itch.io,,2026-06-03
https://devoutog.itch.io,,2026-06-03
https://dire29.itch.io,,2026-06-03
https://vincelar.itch.io,,2026-06-03
https://meiyingmei.itch.io,,2026-06-03
https://ransomitchio.itch.io,,2026-06-03
https://mehanik-123.itch.io,,2026-06-03
https://spyroviper.itch.io,,2026-06-03
https://ghostsoft-studios.itch.io,,2026-06-03
https://azbekingames.itch.io,,2026-06-03
https://interinit.itch.io,,2026-06-03
https://datboinico.itch.io,,2026-06-03
https://dopaminerogue.itch.io,,2026-06-03
https://sa7d8585.itch.io,,2026-06-03
https://yunluoduo.itch.io,,2026-06-03
https://muelstarz-productions.itch.io,,2026-06-03
https://createverse.itch.io,,2026-06-03
https://gray-creator-game.itch.io,,2026-06-03
https://skryptic.itch.io,,2026-06-03
https://mr-reels.itch.io,,2026-06-03
https://polyperfect.itch.io,,2026-06-03
https://rootworksinteractive.itch.io,,2026-06-03
https://at6glitch.itch.io,,2026-06-03
https://theziero.itch.io,,2026-06-03
https://jaygt.itch.io,,2026-06-03
https://starya-new-act.itch.io,,2026-06-03
https://vkipper.itch.io,,2026-06-03
https://b0mbz1i.itch.io,,2026-06-03
https://jalanjourneycom.itch.io,,2026-06-03
https://mrmoojay.itch.io,,2026-06-03
https://dash-again-studios.itch.io,,2026-06-03
https://victor-gaglio.itch.io,,2026-06-03
https://thatprisioners8kilxo.itch.io,,2026-06-03
https://jdejaleo.itch.io,,2026-06-03
https://dataminers.itch.io,,2026-06-03
https://studio-ink.itch.io,,2026-06-03
https://isakum.itch.io,,2026-06-03
https://artjomartur.itch.io,,2026-06-03
https://artemiygame.itch.io,,2026-06-03
https://quinn-fantozzi.itch.io,,2026-06-03
https://joris7.itch.io,,2026-06-03
https://80r15.itch.io,,2026-06-03
https://eilrahc2009.itch.io,,2026-06-03
https://giri-games.itch.io,,2026-06-03
https://teeda-oki.itch.io,,2026-06-03
https://haram153.itch.io,,2026-06-03
https://evy4u.itch.io,,2026-06-03
https://wayland-game-studios.itch.io,,2026-06-03
https://amandatai0324-bot.itch.io,,2026-06-03
https://supercleanman.itch.io,,2026-06-03
https://geometrydash12rurun.itch.io,,2026-06-03
https://kafkastudios.itch.io,,2026-06-03
https://marurisa.itch.io,,2026-06-03
https://spxxkz.itch.io,,2026-06-03
https://graychr35.itch.io,,2026-06-03
https://chadthechud.itch.io,,2026-06-03
https://mohndayoff.itch.io,,2026-06-03
https://ittybittybites.itch.io,,2026-06-03
https://pelagialieferink.itch.io,,2026-06-03
https://ncuong95x.itch.io,,2026-06-03
https://geroori.itch.io,,2026-06-03
https://scardoso.itch.io,,2026-06-03
https://naofymidev.itch.io,,2026-06-03
https://xz-games.itch.io,,2026-06-03
https://erikleppen.itch.io,,2026-06-03
https://shakergainske.itch.io,,2026-06-03
https://kahjewelry.itch.io,,2026-06-03
https://gonzobeanz.itch.io,,2026-06-03
https://rinamo2026.itch.io,,2026-06-03
https://budakmangpajar.itch.io,,2026-06-03
https://moonwhispergames.itch.io,,2026-06-03
https://media-2001.itch.io,,2026-06-03
https://zi-chins-guides.itch.io,,2026-06-03
https://22130719.itch.io,,2026-06-03
https://lucidgoat2821.itch.io,,2026-06-03
https://smollshoes.itch.io,,2026-06-03
https://landvettergamestudio.itch.io,,2026-06-03
https://thawrom.itch.io,,2026-06-03
https://garzy.itch.io,,2026-06-03
https://stelly125.itch.io,,2026-06-03
https://sodiumy.itch.io,,2026-06-03
https://cesariotron3000.itch.io,,2026-06-03
https://thibeaultinteractive.itch.io,,2026-06-03
https://mr2rainbow.itch.io,,2026-06-03
https://janelynn38b.itch.io,,2026-06-03
https://irecreategameswithhtml.itch.io,,2026-06-03
https://1x2x3x4.itch.io,,2026-06-03
https://farmant-studio.itch.io,,2026-06-03
https://acosmicworm.itch.io,,2026-06-03
https://ard-games.itch.io,,2026-06-03
https://razbars.itch.io,,2026-06-03
https://kimetech.itch.io,,2026-06-03
https://poolfroof.itch.io,,2026-06-03
https://onobono2012.itch.io,,2026-06-03
https://flufflover181.itch.io,,2026-06-03
https://mnemeth0.itch.io,,2026-06-03
https://modimori.itch.io,,2026-06-03
https://sleepyduck42210.itch.io,,2026-06-03
https://mikessounddesign.itch.io,,2026-06-03
https://digital-fashion-vault.itch.io,,2026-06-03
https://sysli-nora.itch.io,,2026-06-03
https://ned-joe.itch.io,,2026-06-03
https://easterred98gmailcom.itch.io,,2026-06-03
https://kenjoplays.itch.io,,2026-06-03
https://samkud.itch.io,,2026-06-03
https://valute-master.itch.io,,2026-06-03
https://kdj-veggie-studios.itch.io,,2026-06-03
https://ahmedalhalal.itch.io,,2026-06-03
https://niepawcio.itch.io,,2026-06-03
https://inno93.itch.io,,2026-06-03
https://xiaoyangalyy-beep.itch.io,,2026-06-03
https://eigenmode.itch.io,,2026-06-03
https://era-studio1.itch.io,,2026-06-03
https://amurito.itch.io,,2026-06-03
https://sommpress.itch.io,,2026-06-03
https://magmafrog-games.itch.io,,2026-06-03
https://deafor-27.itch.io,,2026-06-03
https://mutiehunter.itch.io,,2026-06-03
https://ytzcalt.itch.io,,2026-06-03
https://nanothepig.itch.io,,2026-06-03
https://vicecar.itch.io,,2026-06-03
https://lion-passion.itch.io,,2026-06-03
https://leondblo.itch.io,,2026-06-03
https://the-game-map.itch.io,,2026-06-03
https://da-king7777.itch.io,,2026-06-03
https://point-of-impact.itch.io,,2026-06-03
https://slurck.itch.io,,2026-06-03
https://turborabid.itch.io,,2026-06-03
https://cristian-2025.itch.io,,2026-06-03
https://yoggins.itch.io,,2026-06-03
https://chamak.itch.io,,2026-06-03
https://stackfolder.itch.io,,2026-06-03
https://spectre-dev.itch.io,,2026-06-03
https://arcanepress.itch.io,,2026-06-03
https://asphaltland.itch.io,,2026-06-03
https://therealfaucet24.itch.io,,2026-06-03
https://oaktapestry7824.itch.io,,2026-06-03
https://kevinvt610.itch.io,,2026-06-03
https://arsiarson.itch.io,,2026-06-03
https://april33.itch.io,,2026-06-03
https://frenchstew.itch.io,,2026-06-03
https://doankall.itch.io,,2026-06-03
https://ufomum.itch.io,,2026-06-03
https://lurksdungeon.itch.io,,2026-06-03
https://mikeraven55.itch.io,,2026-06-03
https://junjironaka.itch.io,,2026-06-03
https://12aaron1221.itch.io,,2026-06-03
https://razgrizsoul.itch.io,,2026-06-03
https://mjolnir-gaming.itch.io,,2026-06-03
https://mirrs-oldest-sprunki-mods.itch.io,,2026-06-03
https://mc-01.itch.io,,2026-06-03
https://auycro.itch.io,,2026-06-03
https://soran4frags.itch.io,,2026-06-03
https://almohbei.itch.io,,2026-06-03
https://gameskillpro.itch.io,,2026-06-03
https://boytiger1.itch.io,,2026-06-03
https://micahpyles.itch.io,,2026-06-03
https://twoforestoneplaceonebegin.itch.io,,2026-06-03
https://anonymousytgamer.itch.io,,2026-06-03
https://vigame2026.itch.io,,2026-06-03
https://igorishere05.itch.io,,2026-06-03
https://unstrung-cephalopod.itch.io,,2026-06-03
https://osixio.itch.io,,2026-06-03
https://xx-0-xx.itch.io,,2026-06-03
https://jake79fern.itch.io,,2026-06-03
https://grampa-dream.itch.io,,2026-06-03
https://caiyujun0406-prog.itch.io,,2026-06-03
https://wireddragonstudio.itch.io,,2026-06-03
https://hearthfield-studio.itch.io,,2026-06-03
https://robert-inc.itch.io,,2026-06-03
https://sunaarashi99.itch.io,,2026-06-03
https://julius-solitarius.itch.io,,2026-06-03
https://mehrab-asi.itch.io,,2026-06-03
https://michalecoffee.itch.io,,2026-06-03
https://liu2vipfoxmailcom.itch.io,,2026-06-03
https://happybirthdaydaniel.itch.io,,2026-06-03
https://acthedude.itch.io,,2026-06-03
https://runetranslate.itch.io,,2026-06-03
https://sleep-debt-games.itch.io,,2026-06-03
https://heliosexe.itch.io,,2026-06-03
https://phuthiphatr6-cmd.itch.io,,2026-06-03
https://david3202.itch.io,,2026-06-03
https://gamebitx.itch.io,,2026-06-03
https://ludik-loop.itch.io,,2026-06-03
https://nividends.itch.io,,2026-06-03
https://vyloxdev.itch.io,,2026-06-03
https://sombreheraut.itch.io,,2026-06-03
https://teddybearlost.itch.io,,2026-06-03
https://zoeemakesgames.itch.io,,2026-06-03
https://lur0m.itch.io,,2026-06-03
https://albing.itch.io,,2026-06-03
https://aekenid.itch.io,,2026-06-03
https://kegnnor.itch.io,,2026-06-03
https://pandabaegames.itch.io,,2026-06-03
https://adamargam.itch.io,,2026-06-03
https://appletruffle.itch.io,,2026-06-03
https://myvariantcover.itch.io,,2026-06-03
https://tib-vision.itch.io,,2026-06-03
https://frank-sincatra.itch.io,,2026-06-03
https://ltrent.itch.io,,2026-06-03
https://timespacegames.itch.io,,2026-06-03
https://celestial-frontiers.itch.io,,2026-06-03
https://bashar-edris.itch.io,,2026-06-03
https://billypajamas.itch.io,,2026-06-03
https://pppond.itch.io,,2026-06-03
https://manny35.itch.io,,2026-06-03
https://damned-opossum-studios.itch.io,,2026-06-03
https://engleback.itch.io,,2026-06-03
https://steelarrow.itch.io,,2026-06-03
https://ninoraaja.itch.io,,2026-06-03
https://sittch.itch.io,,2026-06-03
https://inesreisx.itch.io,,2026-06-03
https://christopher-martin.itch.io,,2026-06-03
https://alictronic-games.itch.io,,2026-06-03
https://thestaticroom.itch.io,,2026-06-03
https://davegajanand.itch.io,,2026-06-03
https://licorin1790.itch.io,,2026-06-03
https://mbarkoneshot.itch.io,,2026-06-03
https://imahuman28.itch.io,,2026-06-03
https://frostbull.itch.io,,2026-06-03
https://greeninja36.itch.io,,2026-06-03
https://reallynotmivioon.itch.io,,2026-06-03
https://thotheotheo.itch.io,,2026-06-03
https://kerpa.itch.io,,2026-06-03
https://bicardine.itch.io,,2026-06-03
https://ethanlonngi.itch.io,,2026-06-03
https://akurei77.itch.io,,2026-06-03
https://guimace.itch.io,,2026-06-03
https://cincachai.itch.io,,2026-06-03
https://toto5561.itch.io,,2026-06-03
https://bee4728.itch.io,,2026-06-03
https://single-a-studios.itch.io,,2026-06-03
https://jing-boss.itch.io,,2026-06-03
https://ci-deinc.itch.io,,2026-06-03
https://n30nd3m0n5.itch.io,,2026-06-03
https://subneon-games.itch.io,,2026-06-03
https://chinsgames.itch.io,,2026-06-03
https://lucas-tiba.itch.io,,2026-06-03
https://kitkenk.itch.io,,2026-06-03
