loc,lastmodified,added_date
https://project-sp.itch.io/project-sp/devlog/577630/fgfsg,,2026-07-12
https://project-sp.itch.io/project-sp/devlog/577632/dfdsfsdfsd,,2026-07-12
https://project-sp.itch.io/project-sp/devlog/583026/colosseum-shooter-patch-notes-version-0013,,2026-07-12
https://project-sp.itch.io/project-sp/devlog/589538/colosseum-shooter-devlog-1,,2026-07-12
https://project-sp.itch.io/project-sp/devlog/614400/colosseum-shooter-patch-notes-version-0014,,2026-07-12
https://project-sp.itch.io/project-sp/devlog/621167/colosseum-shooter-devlog-2,,2026-07-12
https://project-sp.itch.io/project-sp/devlog/627739/colosseum-shooter-patch-notes-version-0015,,2026-07-12
https://project-sp.itch.io/project-sp/devlog/636056/colosseum-shooter-devlog-3,,2026-07-12
https://project-sp.itch.io/project-sp/devlog/643823/colosseum-shooter-patch-notes-version-0016,,2026-07-12
https://utkiller.itch.io/zoneshift-rearx/devlog/647216/before-v0104,,2026-07-12
https://project-sp.itch.io/project-sp/devlog/650963/colosseum-shooter-devlog-4,,2026-07-12
https://project-sp.itch.io/project-sp/devlog/658444/colosseum-shooter-patch-notes-version-00161,,2026-07-12
https://utkiller.itch.io/zoneshift-rearx/devlog/663255/all-versions-until-today,,2026-07-12
https://project-sp.itch.io/project-sp/devlog/666055/colosseum-shooter-devlog-5,,2026-07-12
https://utkiller.itch.io/zoneshift-rearx/devlog/672668/2nd-anniversary,,2026-07-12
https://project-sp.itch.io/project-sp/devlog/673398/colosseum-shooter-patch-notes-version-00162,,2026-07-12
https://utkiller.itch.io/zoneshift-rearx/devlog/677560/the-new-function,,2026-07-12
https://utkiller.itch.io/zoneshift-rearx/devlog/679415/happy-new-year,,2026-07-12
https://utkiller.itch.io/zoneshift-rearx/devlog/679949/side-story-update,,2026-07-12
https://utkiller.itch.io/zoneshift-rearx/devlog/680949/zoneshift-stories,,2026-07-12
https://project-sp.itch.io/project-sp/devlog/682127/colosseum-shooter-devlog-6,,2026-07-12
https://utkiller.itch.io/zoneshift-rearx/devlog/685691/v100-update,,2026-07-12
https://project-sp.itch.io/project-sp/devlog/690674/colosseum-shooter-patch-notes-version-00163,,2026-07-12
https://project-sp.itch.io/project-sp/devlog/698186/colosseum-shooter-devlog-7,,2026-07-12
https://project-sp.itch.io/project-sp/devlog/706540/colosseum-shooter-patch-notes-version-0017,,2026-07-12
https://project-sp.itch.io/project-sp/devlog/715234/colosseum-shooter-devlog-8,,2026-07-12
https://lumonistical.itch.io/cloudsgorillahorror/devlog/715405/release-on-itch-io-hope-you-like-the-game-and-be-careful,,2026-07-12
https://koalacrew.itch.io/adapter-of-the-deep-prototype/devlog/720971/adapter-of-the-deep-vb2-is-out,,2026-07-12
https://project-sp.itch.io/project-sp/devlog/724001/colosseum-shooter-patch-notes-version-0018,,2026-07-12
https://nobogamestudio.itch.io/escape-from-the-factory/devlog/726871/escape-from-the-factory,,2026-07-12
https://project-sp.itch.io/project-sp/devlog/730853/colosseum-shooter-devlog-9,,2026-07-12
https://gold-leaf-interactive.itch.io/ginger-shroom-journey/devlog/738853/gsj-gold-version,,2026-07-12
https://project-sp.itch.io/project-sp/devlog/741529/colosseum-shooter-patch-notes-version-00181,,2026-07-12
https://project-sp.itch.io/project-sp/devlog/749410/colosseum-shooter-devlog-10,,2026-07-12
https://project-sp.itch.io/project-sp/devlog/757595/colosseum-shooter-patch-notes-version-00182,,2026-07-12
https://lumonistical.itch.io/cloudsgorillahorror/devlog/764308/new-update,,2026-07-12
https://project-sp.itch.io/project-sp/devlog/765611/colosseum-shooter-devlog-11,,2026-07-12
https://project-sp.itch.io/project-sp/devlog/774958/colosseum-shooter-patch-notes-v-00183,,2026-07-12
https://lumonistical.itch.io/cloudsgorillahorror/devlog/775864/the-lava-has-taken-over,,2026-07-12
https://utkiller.itch.io/zoneshift-rearx/devlog/775969/unfinished-version,,2026-07-12
https://utkiller.itch.io/zoneshift-rearx/devlog/779726/an-important-festival,,2026-07-12
https://project-sp.itch.io/project-sp/devlog/779804/colosseum-shooter-devlog-12,,2026-07-12
https://buluboohoo.itch.io/coat-of-many-feathers/devlog/781996/welcome,,2026-07-12
https://lumonistical.itch.io/cloudsgorillahorror/devlog/782826/corrupt,,2026-07-12
https://lumonistical.itch.io/cloudsgorillahorror/devlog/790950/huge-update,,2026-07-12
https://lumonistical.itch.io/cloudsgorillahorror/devlog/791008/bug-fixes,,2026-07-12
https://project-sp.itch.io/project-sp/devlog/791959/project-sp-patch-notes-v-0019,,2026-07-12
https://lumonistical.itch.io/cloudsgorillahorror/devlog/797272/autumn-update-alot-of-other-stuff,,2026-07-12
https://project-sp.itch.io/project-sp/devlog/799621/project-sp-devlog-13,,2026-07-12
https://utkiller.itch.io/zoneshift-rearx/devlog/800624/v2101-update,,2026-07-12
https://lumonistical.itch.io/cloudsgorillahorror/devlog/802542/bloodwater,,2026-07-12
https://lumonistical.itch.io/cloudsgorillahorror/devlog/805593/big-update-v2,,2026-07-12
https://project-sp.itch.io/project-sp/devlog/807568/project-sp-patch-notes-v-00110,,2026-07-12
https://project-sp.itch.io/project-sp/devlog/815628/project-sp-devlog-14,,2026-07-12
https://project-sp.itch.io/project-sp/devlog/826406/project-sp-patch-notes-v-00111,,2026-07-12
https://project-sp.itch.io/project-sp/devlog/834214/project-sp-devlog-15,,2026-07-12
https://project-sp.itch.io/project-sp/devlog/843270/project-sp-patch-notes-v-001111,,2026-07-12
https://project-sp.itch.io/project-sp/devlog/851315/project-sp-devlog-16,,2026-07-12
https://buluboohoo.itch.io/coat-of-many-feathers/devlog/855779/updates-on-game-demo-development,,2026-07-12
https://project-sp.itch.io/project-sp/devlog/859172/project-sp-patch-notes-v-00112,,2026-07-12
https://lumonistical.itch.io/cloudsgorillahorror/devlog/866389/big-update-v3og-remix,,2026-07-12
https://project-sp.itch.io/project-sp/devlog/868971/project-sp-devlog-17,,2026-07-12
https://utkiller.itch.io/zoneshift-rearx/devlog/875655/the-coming-of-3rd-anniversary,,2026-07-12
https://utkiller.itch.io/zoneshift-rearx/devlog/875799/zoneshift-v300,,2026-07-12
https://project-sp.itch.io/project-sp/devlog/879080/project-sp-patch-notes-v-001121,,2026-07-12
https://gold-leaf-interactive.itch.io/ragdoll-plainly-perilous/devlog/885121/ragdoll-plainly-perilous-bug-fixes-update-1,,2026-07-12
https://gold-leaf-interactive.itch.io/ragdoll-plainly-perilous/devlog/885359/ragdoll-plainly-perilous-update-2,,2026-07-12
https://lumonistical.itch.io/cloudsgorillahorror/devlog/885686/a-new-journey,,2026-07-12
https://project-sp.itch.io/project-sp/devlog/888123/project-sp-devlog-18,,2026-07-12
https://project-sp.itch.io/project-sp/devlog/895557/project-sp-patch-notes-v-00113,,2026-07-12
https://lumonistical.itch.io/cloudsgorillahorror/devlog/898251/the-comeback-and-spaces-mechanic,,2026-07-12
https://project-sp.itch.io/project-sp/devlog/905997/project-sp-devlog-19,,2026-07-12
https://lumonistical.itch.io/cloudsgorillahorror/devlog/910693/reality-waves-v2,,2026-07-12
https://lumonistical.itch.io/cloudsgorillahorror/devlog/911045/reality-waves-bug-fixes,,2026-07-12
https://lumonistical.itch.io/cloudsgorillahorror/devlog/912530/reality-waves-bug-fixes-v2,,2026-07-12
https://lumonistical.itch.io/cloudsgorillahorror/devlog/913103/patch-update-some-other-stuff,,2026-07-12
https://project-sp.itch.io/project-sp/devlog/915993/project-sp-patch-notes-v-00114,,2026-07-12
https://surge65therobot.itch.io/pattreat/devlog/916297/the-game-is-out,,2026-07-12
https://surge65therobot.itch.io/pattreat/devlog/917032/day-one-patch,,2026-07-12
https://lumonistical.itch.io/cloudsgorillahorror/devlog/917744/corruption-pushback,,2026-07-12
https://lumonistical.itch.io/cloudsgorillahorror/devlog/917952/corruption-fixes,,2026-07-12
https://buluboohoo.itch.io/coat-of-many-feathers/devlog/920450/actual-updates-on-game-demo-development,,2026-07-12
https://project-sp.itch.io/project-sp/devlog/925739/project-sp-devlog-20,,2026-07-12
https://lumonistical.itch.io/cloudsgorillahorror/devlog/928026/reality-remix,,2026-07-12
https://lumonistical.itch.io/cloudsgorillahorror/devlog/928046/reality-remix-fix,,2026-07-12
https://lumonistical.itch.io/cloudsgorillahorror/devlog/928116/reality-remix-bugfixes,,2026-07-12
https://lumonistical.itch.io/cloudsgorillahorror/devlog/934231/out-of-this-world,,2026-07-12
https://surge65therobot.itch.io/pattreat/devlog/935284/girlfriends-update-lets-goo,,2026-07-12
https://project-sp.itch.io/project-sp/devlog/935312/project-sp-patch-notes-v-00115,,2026-07-12
https://project-sp.itch.io/project-sp/devlog/944950/project-sp-devlog-21,,2026-07-12
https://luckycatdev.itch.io/rmx/devlog/945563/ali588x-rxone,,2026-07-12
https://surge65therobot.itch.io/pattreat/devlog/950905/a-true-friend-update,,2026-07-12
https://project-sp.itch.io/project-sp/devlog/953216/project-sp-patch-notes-v-00116,,2026-07-12
https://goldenmodsofficial.itch.io/deadwave/devlog/966374/prototype-2,,2026-07-12
https://project-sp.itch.io/project-sp/devlog/967025/project-sp-devlog-22,,2026-07-12
https://goldenmodsofficial.itch.io/deadwave/devlog/968368/prototype-2-launched,,2026-07-12
https://utkiller.itch.io/zoneshift-rearx/devlog/974305/new-project,,2026-07-12
https://project-sp.itch.io/project-sp/devlog/976961/project-sp-patch-notes-v-001161,,2026-07-12
https://duvet-duet.itch.io/lucidity-day1/devlog/977361/lucidity-teeny-tiny-fix-1,,2026-07-12
https://project-sp.itch.io/project-sp/devlog/986357/project-sp-devlog-23,,2026-07-12
https://jrsoft.itch.io/8bits-ools/devlog/988070/procesando,,2026-07-12
https://jrsoft.itch.io/8bits-ools/devlog/988073/prximas-versiones,,2026-07-12
https://jrsoft.itch.io/8bits-ools/devlog/989787/detrs-de-8-bits-porque-necesita-ejecutar-como-administrador,,2026-07-12
https://jrsoft.itch.io/8bits-ools/devlog/995012/proximas-actualizaciones,,2026-07-12
https://project-sp.itch.io/project-sp/devlog/998661/project-sp-patch-notes-v-00117,,2026-07-12
https://project-sp.itch.io/project-sp/devlog/1009709/project-sp-devlog-24,,2026-07-12
https://nymesis.itch.io/vestige/devlog/1010987/update-notes-build-v31,,2026-07-12
https://nymesis.itch.io/vestige/devlog/1011825/update-notes-build-v32,,2026-07-12
https://project-sp.itch.io/project-sp/devlog/1021362/project-sp-patch-notes-v-00118,,2026-07-12
https://duvet-duet.itch.io/lucidity-day1/devlog/1026871/lucidity-update-yay,,2026-07-12
https://project-sp.itch.io/project-sp/devlog/1032525/project-sp-devlog-25,,2026-07-12
https://jrsoft.itch.io/8bits-ools/devlog/1039641/proximamente-version-110,,2026-07-12
https://stryvantblue.itch.io/idle-forest/devlog/1039990/day-one,,2026-07-12
https://project-sp.itch.io/project-sp/devlog/1063612/project-sp-patch-notes-v-00119,,2026-07-12
https://gold-leaf-interactive.itch.io/quantum-tether/devlog/1067351/update-1-post-jam,,2026-07-12
https://lumonistical.itch.io/cloudsgorillahorror/devlog/1070022/trick-or-threat,,2026-07-12
https://lumonistical.itch.io/cloudsgorillahorror/devlog/1081245/trick-or-threat-v2bug-fixes,,2026-07-12
https://lumonistical.itch.io/cloudsgorillahorror/devlog/1084542/mixed-realitys,,2026-07-12
https://jrsoft.itch.io/8bits-ools/devlog/1085103/ya-queda-menos,,2026-07-12
https://project-sp.itch.io/project-sp/devlog/1085542/project-sp-devlog-26,,2026-07-12
https://surveygames.itch.io/gaste-maez-2d/devlog/1099651/i-am-ar-oa-df-ia-oa,,2026-07-12
https://project-sp.itch.io/project-sp/devlog/1100917/project-sp-patch-notes-v-00120,,2026-07-12
https://jrsoft.itch.io/8bits-ools/devlog/1106075/ya-tenemos-cuenta-de-microsoft-developer,,2026-07-12
https://project-sp.itch.io/project-sp/devlog/1114749/project-sp-devlog-27,,2026-07-12
https://jrsoft.itch.io/8bits-ools/devlog/1116860/hola-ya-est-disponible-nuestra-app-ms-store,,2026-07-12
https://project-sp.itch.io/project-sp/devlog/1131001/project-sp-patch-notes-v-001201,,2026-07-12
https://studio-studio-studio.itch.io/up/devlog/1132583/big-dick,,2026-07-12
https://goldenphoeenixstudio.itch.io/bhangarh-the-untold-story/devlog/1135438/demo-available-now-enter-the-ruins-of-bhangarh,,2026-07-12
https://jrsoft.itch.io/8bits-ools/devlog/1140008/-8bitsapp-v121-disponible-microsoft-store,,2026-07-12
https://project-sp.itch.io/project-sp/devlog/1143993/project-sp-devlog-28,,2026-07-12
https://project-sp.itch.io/project-sp/devlog/1284520/project-sp-patch-notes-v-001202,,2026-07-12
https://jrsoft.itch.io/8bits-ools/devlog/1310681/actualizacin-versin-122,,2026-07-12
https://db-waters.itch.io/pandemonium-inc/devlog/1314337/incoming-mail-from-pandemonium-inc,,2026-07-12
https://project-sp.itch.io/project-sp/devlog/1340936/project-sp-patch-notes-v-00121,,2026-07-12
https://jrsoft.itch.io/8bits-ools/devlog/1353264/-primer-menu-configuracin-disponible-v123-microsoft-store,,2026-07-12
https://gold-leaf-interactive.itch.io/overclocked-ddm/devlog/1379247/v110-patch-notes-overclocked-ddm,,2026-07-12
https://ensarlia111gmailcom.itch.io/nolurodroid-13-emolatr/devlog/1389522/android-emolatr-iyiletirilmesi-1,,2026-07-12
https://jrsoft.itch.io/8bits-ools/devlog/1389531/version-130-en-desarrollo-dto-en-todas-las-plataformas,,2026-07-12
https://ensarlia111gmailcom.itch.io/nolurodroid-13-emolatr/devlog/1397144/android-emolatr-iyiletirilmesi-2,,2026-07-12
https://faxi-studios.itch.io/alphacraft/devlog/1397949/alphacraft-101,,2026-07-12
https://faxi-studios.itch.io/alphacraft/devlog/1404220/alphacraft-102,,2026-07-12
https://ensarlia111gmailcom.itch.io/nolurodroid-13-emolatr/devlog/1411926/android-emolatr-iyiletirilmesi-3,,2026-07-12
https://faxi-studios.itch.io/alphacraft/devlog/1415961/alphacraft-103,,2026-07-12
https://imogiagames.itch.io/midnight-gun/devlog/1420540/midnight-gun-devlog-06-bladerunnerbot-lore,,2026-07-12
https://faxi-studios.itch.io/alphacraft/devlog/1430123/alphacraft-104,,2026-07-12
https://supracode.itch.io/destiny-2/devlog/1433556/destiny-2-200-update-release,,2026-07-12
https://project-sp.itch.io/project-sp/devlog/1434455/project-sp-patch-notes-v-00122,,2026-07-12
https://faxi-studios.itch.io/alphacraft/devlog/1434904/alphacraft-105,,2026-07-12
https://ensarlia111gmailcom.itch.io/nolurodroid-13-emolatr/devlog/1441224/android-emolatr-iyiletirilmesi-3,,2026-07-12
https://astrax-studio.itch.io/junglehorizon/devlog/1446409/major-update-v15,,2026-07-12
https://ensarlia111gmailcom.itch.io/nolurodroid-13-emolatr/devlog/1448302/android-emolatr-iyiletirilmesi-4,,2026-07-12
https://ensarlia111gmailcom.itch.io/nolurodroid-13-emolatr/devlog/1450092/android-emolatr-iyiletirilmesi-5,,2026-07-12
https://franchegames.itch.io/cubiaventuras/devlog/1450819/public-0516a,,2026-07-12
https://franchegames.itch.io/cubiaventuras/devlog/1451845/public-052a,,2026-07-12
https://franchegames.itch.io/cubiaventuras/devlog/1451864/public-0521a,,2026-07-12
https://franchegames.itch.io/cubiaventuras/devlog/1451867/public-0522a,,2026-07-12
https://franchegames.itch.io/cubiaventuras/devlog/1451869/public-05221a-android-hotfix,,2026-07-12
https://franchegames.itch.io/cubiaventuras/devlog/1452272/public-0523a,,2026-07-12
https://franchegames.itch.io/cubiaventuras/devlog/1452290/public-05231a-hotfix,,2026-07-12
https://ensarlia111gmailcom.itch.io/nolurodroid-13-emolatr/devlog/1453509/android-emolatr-iyiletirilmesi-6,,2026-07-12
https://franchegames.itch.io/cubiaventuras/devlog/1455512/public-0525a,,2026-07-12
https://ensarlia111gmailcom.itch.io/nolurodroid-13-emolatr/devlog/1456177/android-emolatr-iyiletirilmesi-7,,2026-07-12
https://ensarlia111gmailcom.itch.io/nolurodroid-13-emolatr/devlog/1458150/android-emolatr-iyiletirilmesi-8,,2026-07-12
https://franchegames.itch.io/cubiaventuras/devlog/1458495/public-05251a,,2026-07-12
https://franchegames.itch.io/cubiaventuras/devlog/1463869/public-053a,,2026-07-12
https://faxi-studios.itch.io/alphacraft/devlog/1467412/alphacraft-108,,2026-07-12
https://faxi-studios.itch.io/alphacraft/devlog/1468532/alphacraft-109,,2026-07-12
https://faxi-studios.itch.io/alphacraft/devlog/1471110/alphacraft-1091,,2026-07-12
https://faxi-studios.itch.io/alphacraft/devlog/1472764/alphacraft-110,,2026-07-12
https://ensarlia111gmailcom.itch.io/nolurodroid-13-emolatr/devlog/1473632/artk-telif-yiyemeyeceiz-ve-artk-nolurodroide-gelinmitir,,2026-07-12
https://faxi-studios.itch.io/alphacraft/devlog/1473959/alphacraft-111,,2026-07-12
https://ensarlia111gmailcom.itch.io/nolurodroid-13-emolatr/devlog/1474492/nolurodroid-emolatr-iyiletirilmesi-9,,2026-07-12
https://faxi-studios.itch.io/alphacraft/devlog/1474810/alphacraft-112,,2026-07-12
https://project-sp.itch.io/project-sp/devlog/1476871/project-sp-patch-notes-v-00123,,2026-07-12
https://ensarlia111gmailcom.itch.io/nolurodroid-13-emolatr/devlog/1477971/nolurodroid-emolatr-iyiletirilmesi-10,,2026-07-12
https://franchegames.itch.io/cubiaventuras/devlog/1479190/public-06a,,2026-07-12
https://ensarlia111gmailcom.itch.io/nolurodroid-13-emolatr/devlog/1483121/nolurodroidin-tema-deiimi-1,,2026-07-12
https://faxi-studios.itch.io/alphacraft/devlog/1484330/alphacraft-113,,2026-07-12
https://ensarlia111gmailcom.itch.io/nolurodroid-13-emolatr/devlog/1484971/nolurodroidin-tema-deiimi-2,,2026-07-12
https://faxi-studios.itch.io/alphacraft/devlog/1485057/alphacraft-1131,,2026-07-12
https://faxi-studios.itch.io/alphacraft/devlog/1486014/alphacraft-114,,2026-07-12
https://faxi-studios.itch.io/alphacraft/devlog/1487035/alphacraft-115,,2026-07-12
https://sap99.itch.io/sprunki-color/devlog/1487154/sprunki,,2026-07-12
https://faxi-studios.itch.io/alphacraft/devlog/1488676/alphacraft-116,,2026-07-12
https://gold-leaf-interactive.itch.io/dread-and-breakfast/devlog/1489095/update-1-fixes-energy-bubbles-deep-freeze,,2026-07-12
https://gold-leaf-interactive.itch.io/dread-and-breakfast/devlog/1489372/patch-notes-v080,,2026-07-12
https://realodj.itch.io/surf-riders/devlog/1489433/surf-riders-mug,,2026-07-12
https://ensarlia111gmailcom.itch.io/nolurodroid-13-emolatr/devlog/1490449/nolurodroidin-tema-deiimi-3,,2026-07-12
https://faxi-studios.itch.io/alphacraft/devlog/1491284/alphacraft-117,,2026-07-12
https://faxi-studios.itch.io/alphacraft/devlog/1491298/alphacraft-118,,2026-07-12
https://ensarlia111gmailcom.itch.io/nolurodroid-13-emolatr/devlog/1492472/nolurodroid-emolatr-iyiletirilmesi-11,,2026-07-12
https://ensarlia111gmailcom.itch.io/nolurodroid-13-emolatr/devlog/1494062/nolurodroid-emolatr-iyiletirilmesi-12,,2026-07-12
https://faxi-studios.itch.io/alphacraft/devlog/1494319/alphacraft-120,,2026-07-12
https://faxi-studios.itch.io/alphacraft/devlog/1495866/alphacraft-121,,2026-07-12
https://faxi-studios.itch.io/alphacraft/devlog/1497670/alphacraft-122,,2026-07-12
https://atelierstellaire.itch.io/blender-51-tips-and-tricks/devlog/1497761/blender-01-shader-editor-101,,2026-07-12
https://faxi-studios.itch.io/alphacraft/devlog/1499866/alphacraft-123,,2026-07-12
https://atelierstellaire.itch.io/godot-tron-shader/devlog/1501761/godot-tron-shader-03-make-the-grid-move,,2026-07-12
https://gold-leaf-interactive.itch.io/dread-and-breakfast/devlog/1501963/patch-notes-v090-beta,,2026-07-12
https://fealjaygame.itch.io/project-singularity/devlog/1502042/the-start,,2026-07-12
https://fealjaygame.itch.io/project-singularity/devlog/1502052/plan,,2026-07-12
https://faxi-studios.itch.io/alphacraft/devlog/1503134/alphacraft-124,,2026-07-12
https://project-sp.itch.io/project-sp/devlog/1506986/project-sp-patch-notes-v-00124,,2026-07-12
https://faxi-studios.itch.io/alphacraft/devlog/1507076/alphacraft-125,,2026-07-12
https://ensarlia111gmailcom.itch.io/nolurodroid-13-emolatr/devlog/1507341/nolurodroid-emolatr-iyiletirilmesi-13,,2026-07-12
https://studio-nogemu.itch.io/idle-vending-machine/devlog/1507789/-major-update-v20-new-drink-lab-feature,,2026-07-12
https://studio-nogemu.itch.io/idle-vending-machine/devlog/1507809/-update-v21-ux-improvements-bug-fixes,,2026-07-12
https://studio-nogemu.itch.io/idle-vending-machine/devlog/1507830/-v22-visual-polish-bug-fixes,,2026-07-12
https://studio-nogemu.itch.io/idle-vending-machine/devlog/1507953/-v23-pacing-update,,2026-07-12
https://studio-nogemu.itch.io/idle-vending-machine/devlog/1508087/-v24-lo-fi-bgm-added,,2026-07-12
https://gold-leaf-interactive.itch.io/access-granted/devlog/1508242/paddle-widened,,2026-07-12
https://studio-nogemu.itch.io/idle-vending-machine/devlog/1508278/-vending-empire-v30-the-prestige-update-,,2026-07-12
https://studio-nogemu.itch.io/idle-vending-machine/devlog/1508549/v31-quality-of-life-update,,2026-07-12
https://studio-nogemu.itch.io/idle-vending-machine/devlog/1508674/vending-empire-v32-recipe-mastery,,2026-07-12
https://jav-it.itch.io/jav-it-tool/devlog/1510255/patreon-subtitle-definitions-v44,,2026-07-12
https://studio-nogemu.itch.io/idle-vending-machine/devlog/1513859/-now-available-in-japanese,,2026-07-12
https://ensarlia111gmailcom.itch.io/nolurodroid-13-emolatr/devlog/1514297/nolurodroid-emolatr-iyiletirilmesi-14,,2026-07-12
https://faxi-studios.itch.io/alphacraft/devlog/1514836/alphacraft-126,,2026-07-12
https://gold-leaf-interactive.itch.io/access-granted/devlog/1516113/patch-notes-v2,,2026-07-12
https://faxi-studios.itch.io/alphacraft/devlog/1518077/alphacraft-127,,2026-07-12
https://amberbian.itch.io/pong-ai-air-hockey/devlog/1518939/first-game-release-pong-ai-air-hockey,,2026-07-12
https://eclair-assets.itch.io/city-roads-glb-pack-72-free-cc0-3d-models/devlog/1519263/drawing-reference-png-sheets-added,,2026-07-12
https://faxi-studios.itch.io/alphacraft/devlog/1524487/alphacraft-128,,2026-07-12
https://faxi-studios.itch.io/alphacraft-web-edition/devlog/1524494/alphacraft-128,,2026-07-12
https://sap99.itch.io/just-sb3-and-pmp/devlog/1525410/sprunki,,2026-07-12
https://studio-nogemu.itch.io/idle-vending-machine/devlog/1525984/-vending-empire-v34-,,2026-07-12
https://faxi-studios.itch.io/alphacraft-web-edition/devlog/1527371/alphacraft-129,,2026-07-12
https://faxi-studios.itch.io/alphacraft/devlog/1527383/alphacraft-129,,2026-07-12
https://ensarlia111gmailcom.itch.io/nolurodroid-13-emolatr/devlog/1529186/android-isimli-deildir-ensardroid-oldu-telif-hakk-olmasn,,2026-07-12
https://rob771.itch.io/gargoyle-flight/devlog/1530083/18,,2026-07-12
https://ensarlia111gmailcom.itch.io/nolurodroid-13-emolatr/devlog/1532348/ensardroid-40-emolatr-gncellemesi-1,,2026-07-12
https://rob771.itch.io/knight-quest/devlog/1533286/21,,2026-07-12
https://astrax-studio.itch.io/junglehorizon/devlog/1534853/major-update-v15,,2026-07-12
https://project-sp.itch.io/project-sp/devlog/1538843/project-sp-patch-notes-v-00125,,2026-07-12
https://ensarlia111gmailcom.itch.io/nolurodroid-13-emolatr/devlog/1539150/ensardroid-40-emolatr-gncellemesi-2,,2026-07-12
https://faxi-studios.itch.io/alphacraft-web-edition/devlog/1545096/alphacraft-131,,2026-07-12
https://faxi-studios.itch.io/alphacraft/devlog/1545109/alphacraft-131,,2026-07-12
https://ensarlia111gmailcom.itch.io/nolurodroid-13-emolatr/devlog/1546998/nolurodroid-emolatr-iyiletirilmesi-15,,2026-07-12
https://duvet-duet.itch.io/lucidity-day1/devlog/1547133/lucidity-devlog-1-official-release,,2026-07-12
https://ensarlia111gmailcom.itch.io/nolurodroid-13-emolatr/devlog/1547775/nolurodroid-emolatr-iyiletirilmesi-16,,2026-07-12
https://ensarlia111gmailcom.itch.io/nolurodroid-13-emolatr/devlog/1549531/nolurodroid-emolatr-iyiletirilmesi-17,,2026-07-12
https://gold-leaf-interactive.itch.io/trenchglow/devlog/1550397/patch-notes-trenchglow-v090,,2026-07-12
https://faxi-studios.itch.io/alphacraft-web-edition/devlog/1551028/alphacraft-132,,2026-07-12
https://faxi-studios.itch.io/alphacraft/devlog/1551035/alphacraft-132,,2026-07-12
https://sap99.itch.io/wender-v2/devlog/1552136/wender-v2-update,,2026-07-12
https://akurainteractive.itch.io/flaprush3d/devlog/1552457/asphalt-dreams-devlog-2,,2026-07-12
https://faxi-studios.itch.io/alphacraft-web-edition/devlog/1553847/alphacraft-133,,2026-07-12
https://faxi-studios.itch.io/alphacraft/devlog/1553855/alphacraft-133,,2026-07-12
https://quiet-kettle-assets.itch.io/dream-distribution-bureau/devlog/1555086/welcome-to-the-dream-distribution-bureau,,2026-07-12
https://ensarlia111gmailcom.itch.io/nolurodroid-13-emolatr/devlog/1555427/nolurodroid-emolatr-iyiletirilmesi-18,,2026-07-12
https://bootleg-itch.itch.io/hello-st/devlog/1555568/v01-release,,2026-07-12
https://quiet-kettle-assets.itch.io/dream-distribution-bureau/devlog/1555997/devlog-01-the-dream-library,,2026-07-12
https://coke13.itch.io/operation-doomed-peter-demo/devlog/1556392/update-demo-12,,2026-07-12
https://atelierstellaire.itch.io/la-quest/devlog/1556394/atelier-stellaire-la-quest-0,,2026-07-12
https://bootleg-itch.itch.io/hello-st/devlog/1556748/v011-loading-update,,2026-07-12
https://quiet-kettle-assets.itch.io/dream-distribution-bureau/devlog/1556801/devlog-02-gameplay,,2026-07-12
https://quiet-kettle-assets.itch.io/dream-distribution-bureau/devlog/1558857/demo-out-now,,2026-07-12
https://combi-m.itch.io/cinderella-boyfriend/devlog/1559186/the-game-is-live,,2026-07-12
https://nailajakovic.itch.io/a-bite-to-remember/devlog/1561285/new-character-expansion-future,,2026-07-12
https://quiet-kettle-assets.itch.io/dream-distribution-bureau/devlog/1561292/devlog-02-characters,,2026-07-12
https://hectoverse.itch.io/ttrpg-text-block-builder/devlog/1562240/-new-bullet-icons-logo-and-textures,,2026-07-12
https://roninv.itch.io/subaqua/devlog/1562539/peso-del-archivo-base,,2026-07-12
https://roninv.itch.io/subaqua/devlog/1563526/peso-y-facilidad-de-impresin,,2026-07-12
https://coke13.itch.io/operation-doomed-peter-demo/devlog/1563855/large-content-update,,2026-07-12
https://sap99.itch.io/5-shift/devlog/1564513/67-gams,,2026-07-12
https://bankiesgames.itch.io/stronghold-zombie-survival/devlog/1565916/update-094-stronghold-zombie-survival,,2026-07-12
https://griecases.itch.io/prominence-zenith-apex-run/devlog/1566593/apex-run-devlog-1stepping-into-the-world,,2026-07-12
https://studio-studio-studio.itch.io/the-story-of-the-story-king/devlog/1567773/full-graphics-change-that-makes-everything-looks-decent,,2026-07-12
https://winbion.itch.io/visualnovelframework/devlog/1568914/vns-update-v12,,2026-07-12
https://super-gamez.itch.io/betaworldvr/devlog/1569051/tutorial-how-to-install-project-works-quest-and-computer,,2026-07-12
https://duvet-duet.itch.io/lucidity-day1/devlog/1569237/look-out-otome-jam-day-1-is-complete,,2026-07-12
https://melilotte.itch.io/game-of-bread/devlog/1570539/devlog-3-continue-your-game-10,,2026-07-12
https://jrsoft.itch.io/8bits-ools/devlog/1570677/cambio-de-paradigma-saltamos-a-la-versin-20,,2026-07-12
https://lumonistical.itch.io/cloudsgorillahorror/devlog/1571865/distorted-reversion,,2026-07-12
https://utkiller.itch.io/zoneshift-rearx/devlog/1572328/progress-now,,2026-07-12
https://crabcode.itch.io/ascend-or-die/devlog/1573118/v0140-room-to-move,,2026-07-12
https://mahdev.itch.io/fps/devlog/1573335/update-to-fps-demo-jam,,2026-07-12
https://xmafiagames-dev.itch.io/mwt/devlog/1574119/v032-one-night-three-mornings,,2026-07-12
https://faxi-studios.itch.io/alphacraft-web-edition/devlog/1574460/furniture-update-was-cancelled,,2026-07-12
https://faxi-studios.itch.io/alphacraft/devlog/1574461/furniture-update-was-cancelled,,2026-07-12
https://bachbut.itch.io/pokemonafter-the-league/devlog/1575106/v02-innocence,,2026-07-12
https://itch.io/blog/1575136/a-night-at-the-office-13,,2026-07-12
https://ensarlia111gmailcom.itch.io/nolurodroid-13-emolatr/devlog/1575180/nolurodroid-10-yaynland,,2026-07-12
https://recreationgamesstudio.itch.io/the-wind-demo/devlog/1575231/the-wind-demo-is-officialy-published,,2026-07-12
https://sherlock-audio.itch.io/offline-music-player/devlog/1575299/demo-release,,2026-07-12
https://graph-games.itch.io/ambition/devlog/1575403/updated,,2026-07-12
https://recreationgamesstudio.itch.io/the-wind-demo/devlog/1575525/the-wind-small-patch,,2026-07-12
https://3d-package.itch.io/doll-labo/devlog/1576051/doll-labo-v024-early-access-patron-release,,2026-07-12
https://recreationgamesstudio.itch.io/the-wind-demo/devlog/1576421/the-wind-demo-patch-082,,2026-07-12
https://shinshin-la.itch.io/erotic-shop-simulator-prototype/devlog/1576512/release-ver-010,,2026-07-12
https://bootleg-itch.itch.io/hello-st/devlog/1576736/v012-is-around-the-corner,,2026-07-12
https://annesiac.itch.io/showmethebody/devlog/1576980/v101-notes-file-size-optimisations,,2026-07-12
https://ensarlia111gmailcom.itch.io/nolurodroid-13-emolatr/devlog/1577273/nolurodroid-11-waffle-bon-yaynland,,2026-07-12
https://deakcor.itch.io/pixelover/devlog/1577436/pixelover-0184-export-control-update,,2026-07-12
https://utterlynormal.itch.io/life-of-a-retired-mechanic/devlog/1577472/roar-rawr-game-is-shaping-up,,2026-07-12
https://faxi-studios.itch.io/alphacraft-web-edition/devlog/1577613/alphacraft-135,,2026-07-12
https://faxi-studios.itch.io/alphacraft/devlog/1577660/alphacraft-135,,2026-07-12
https://lumonistical.itch.io/cloudsgorillahorror/devlog/1578010/bloodwaterv2,,2026-07-12
https://harryr-20.itch.io/plain-of-mirrors/devlog/1578094/version-004,,2026-07-12
https://winbion.itch.io/visualnovelframework/devlog/1578274/vns-update-v14,,2026-07-12
https://bootleg-itch.itch.io/hello-st/devlog/1578760/012-news,,2026-07-12
https://ensarlia111gmailcom.itch.io/nolurodroid-13-emolatr/devlog/1578846/nolurodroid-12-pasta-bon-yaynland,,2026-07-12
https://serenetitan.itch.io/abe/devlog/1579115/v020,,2026-07-12
https://alenia-studios.itch.io/10-pixel-art-atmospheric-vfx-pack/devlog/1579116/official-announcement-project-update,,2026-07-12
https://alenia-studios.itch.io/10-pixel-art-atmospheric-vfx-pack/devlog/1579135/post,,2026-07-12
https://alenia-studios.itch.io/10-pixel-art-atmospheric-vfx-pack/devlog/1579137/post,,2026-07-12
https://8r34ch-d3n517y.itch.io/hyperdrive-apex/devlog/1579604/development-timeline-project-hyperdrive-apex,,2026-07-12
https://almostbedtimetheater.itch.io/sots-extras/devlog/1579614/ennie-nomination-voting,,2026-07-12
https://rythen-winds.itch.io/the-alchemists-cottage/devlog/1579771/040-ui-overhaul,,2026-07-12
https://itch.io/blog/1579780/minecraft-stash-finder-mod-base-scanner-chest-esp-hidden-loot-radar-undetected,,2026-07-12
https://kenolabs.itch.io/stickergrab/devlog/1579883/stickergrab-v10-export-stickers-from-tiktok-dms,,2026-07-12
https://endrewa.itch.io/bandidos-em-brasilia/devlog/1579988/v066-graphical-update,,2026-07-12
https://realmentemal.itch.io/taca-taca-game/devlog/1579995/hito-3-taca-taca-con-huesillo,,2026-07-12
https://sinchross.itch.io/rainder-game-engine/devlog/1580087/3d-dungeon-generation,,2026-07-12
https://nye-jun.itch.io/shrubdown/devlog/1580104/v101-ai-16880-,,2026-07-12
https://real-brainded.itch.io/void-descent/devlog/1580161/version-101,,2026-07-12
https://nye-jun.itch.io/shrubdown/devlog/1580191/v11-,,2026-07-12
https://nye-jun.itch.io/shrubdown/devlog/1580272/v12-,,2026-07-12
https://ludonauta.itch.io/gameplay-library/devlog/1580407/tutorial-top-down-shooter-in-godot-4,,2026-07-12
https://teddslump.itch.io/amor-quattuor-facierum-prototype/devlog/1580442/friday-update-2,,2026-07-12
https://artillerycongo.itch.io/cobalt-break-solitaire/devlog/1580444/v4-optional-variants-a-setting-primer-and-small-polish,,2026-07-12
https://extinctgamer.itch.io/xianxia-lifepath/devlog/1580445/devlog-update-4,,2026-07-12
https://itch.io/blog/1580446/new-paper-mini-jam,,2026-07-12
https://postrobynist.itch.io/loaded-for-bear/devlog/1580447/phb-15,,2026-07-12
https://binchicken-studio.itch.io/hackerman/devlog/1580448/hackerman-is-available-now,,2026-07-12
https://r0ck3tman84.itch.io/strike-city/devlog/1580449/strike-city-is-now-in-3d,,2026-07-12
https://claucas.itch.io/hidden-grimoire-idle-alchemy/devlog/1580450/update-16-gathering-reworked-one-pair-of-hands-and-a-proper-farewell,,2026-07-12
https://happybana.itch.io/one-frog/devlog/1580451/privacy-policy,,2026-07-12
https://sanghendrix.itch.io/rpg-maker-action-combat-rpg-maker-mz-plugin/devlog/1580452/rpg-maker-action-combat-v165-released,,2026-07-12
https://maidsuit.itch.io/maidsuit-draw/devlog/1580453/version-public-100-release,,2026-07-12
https://przsoft.itch.io/rewild/devlog/1580454/rewild-v13-is-up,,2026-07-12
https://wen4orfst1rmand5.itch.io/cat-mail-co-trainer/devlog/1580455/cat-mail-co-cheat-ready,,2026-07-12
https://cookie-crumb.itch.io/red-claw-level-editor/devlog/1580458/v2,,2026-07-12
https://noeyx.itch.io/ossis-the-glded-bone/devlog/1580459/-ossis-the-gilded-bone-development-update-whats-new,,2026-07-12
https://realisticfox.itch.io/turbo-racers/devlog/1580460/my-new-game,,2026-07-12
https://ego207.itch.io/lowtide/devlog/1580461/lowtide-v046-update,,2026-07-12
https://teambonkgames.itch.io/aegis/devlog/1580462/version-03-will-be-live-very-soon,,2026-07-12
https://vowsandvices.itch.io/sweet-sin-of-tuscany/devlog/1580463/dev-log-no-10-sofias-elegance,,2026-07-12
https://dekura.itch.io/ariba-reiw/devlog/1580464/ariba-got-smoll-update-v2,,2026-07-12
https://samasgari.itch.io/gjerdingsaeterkvadet/devlog/1580466/krigsoppdatering,,2026-07-12
https://c-arts.itch.io/ps1-style-great-white-shark/devlog/1580467/ps1-style-great-white-shark-released,,2026-07-12
https://nano-productions.itch.io/no-clue/devlog/1580468/what-is-up-with-me-and-my-friends-discord-server-bro,,2026-07-12
https://black-pine-games.itch.io/oddments-offerings/devlog/1580469/beta-version-01,,2026-07-12
https://ahadprogamer.itch.io/omnicoreai/devlog/1580470/devlog-4-omnicore-ai-is-now-available-for-unity,,2026-07-12
https://midy03.itch.io/mongdal-the-last-shaman/devlog/1580471/v022-patch-notes-,,2026-07-12
https://srhuron.itch.io/endobadiomanem/devlog/1580472/endobadiomanem-demo,,2026-07-12
https://daretoplay.itch.io/euphorias-silky-threads/devlog/1580473/euphorias-silky-threads-v02-is-here,,2026-07-12
https://cynthiatool.itch.io/ct-toastplus/devlog/1580474/ct-toastplus-has-launched-modern-popup-notifications-for-rpg-maker-mz,,2026-07-12
https://yv0751.itch.io/space-journey-x/devlog/1580475/devlog-v250-sneak-peek-gym-hopper-nsfw,,2026-07-12
https://stralepugswork.itch.io/saw-01-experiment/devlog/1580476/new-and-improved-experiment-model,,2026-07-12
https://itch.io/blog/1580477/new-game,,2026-07-12
https://neonvoidstudio.itch.io/charivnii-schodennik/devlog/1580478/-,,2026-07-12
https://slaystudio.itch.io/slay-or-lay/devlog/1580479/act-2-update-1-public,,2026-07-12
https://liminal-space-dev.itch.io/backrooms-anomaly/devlog/1580480/demo-update-small-patch-for-older-machines,,2026-07-12
https://slicebar.itch.io/astra-protocol-2/devlog/1580482/patch-221-live-multiplayer-terminal-support-added,,2026-07-12
https://slotrunner.itch.io/slotrunner/devlog/1580483/slotrunner-devlog-1-first-itchio-public-alpha,,2026-07-12
https://vfxger.itch.io/galazon/devlog/1580484/new-release-0046a-now-available,,2026-07-12
https://ancientworld.itch.io/red/devlog/1580485/new-red-demo-available,,2026-07-12
https://seth-supermariorush.itch.io/super-mario-rush-early-prototype/devlog/1580486/power-ups,,2026-07-12
https://noeyx.itch.io/ossis-the-glded-bone/devlog/1580488/-ossis-gilded-bone-progress-report-the-story-has-been-reimagined,,2026-07-12
https://shrines-ttrpg.itch.io/shrines-initiation-episode-2-savage-greed/devlog/1580489/initiation-episode-2-out-now,,2026-07-12
https://rb-187-malware.itch.io/android-virusester-2/devlog/1580490/2-pieces,,2026-07-12
https://pepperqorn.itch.io/prime-dispatch/devlog/1580491/minor-fixes,,2026-07-12
https://airaudovisuales.itch.io/el-consorcio/devlog/1580492/final-testing-phase,,2026-07-12
https://linofi.itch.io/topica/devlog/1580493/demo-available,,2026-07-12
https://tremmigames.itch.io/my-ex-future-family-3-endgame/devlog/1580494/episode-2-released-on-itch,,2026-07-12
https://shrines-ttrpg.itch.io/shrines-initiation-episode-2-wilde-gier/devlog/1580495/shrines-initiation-episode-2-jetzt-verfgbar,,2026-07-12
https://petrichor20270704.itch.io/mechanized/devlog/1580496/ver-011,,2026-07-12
https://da-cating.itch.io/early-access-cats-vs-cows-battles/devlog/1580498/catsvscows-battles-v06-early-access-update-log,,2026-07-12
https://williamfburk.itch.io/brave-quest-blind-eternal/devlog/1580499/new-way-to-play-my-quests,,2026-07-12
https://timbor80.itch.io/demoscene-simulator/devlog/1580500/demoscene-simulator-v032-released,,2026-07-12
https://williamfburk.itch.io/brave-quest-emerald-sword/devlog/1580501/new-way-to-play-my-quests,,2026-07-12
https://tiny-skirmisher.itch.io/tiny-skirmish/devlog/1580502/v0120-parallax-effect-translations-more-biomes,,2026-07-12
https://pureplaystudios.itch.io/forage-platformer-adventure/devlog/1580503/fixed-issues-with-pushing-boxes-up-slopes-and-on-steps,,2026-07-12
https://duncan-armstrong.itch.io/da-rl/devlog/1580504/da-rl-622,,2026-07-12
https://williamfburk.itch.io/brave-quest-libra-archiva/devlog/1580505/new-way-to-play-my-quests,,2026-07-12
https://williamfburk.itch.io/brave-quest-espada-trinity/devlog/1580506/new-way-to-play-my-quests,,2026-07-12
https://pointslight.itch.io/static-shift/devlog/1580507/static-shiftfull-version-out-now,,2026-07-12
https://beopenbefree.itch.io/fighty-driver/devlog/1580508/shoutout-to-the-drivers-leaving-awesome-feedback-,,2026-07-12
https://jussi-kenkkila.itch.io/defenders-of-kaiju-island/devlog/1580509/version-02-uploaded,,2026-07-12
https://mindusky-support2.itch.io/impact-hotel/devlog/1580510/public-update-is-live-furinas-route-expanded-v05,,2026-07-12
https://ludus-pax-studio.itch.io/rise-of-the-village-hero/devlog/1580511/thank-you-for-the-views-stay-a-while-,,2026-07-12
https://ving-darkspawn.itch.io/dark-spawn-infestation-demo/devlog/1580512/version-015-important-bug-fix,,2026-07-12
https://aliencatgames.itch.io/heartstrings/devlog/1580513/update-56-summer-report,,2026-07-12
https://neonforge2.itch.io/space-shooter/devlog/1580514/update-v11,,2026-07-12
https://fleshgrinder.itch.io/fleshgrinder/devlog/1580515/fleshgrinder-v0314-and-5-changelog,,2026-07-12
https://alcyone-legends.itch.io/ilias-alcyone-legends-paid-version/devlog/1580516/some-fan-art-featuring-tifa-by-rundertisch,,2026-07-12
https://alcyone-legends.itch.io/alcyone-legends/devlog/1580517/some-fan-art-featuring-tifa-by-rundertisch,,2026-07-12
https://alcyone-legends.itch.io/ilias-alcyone-legends/devlog/1580518/some-fan-art-featuring-tifa-by-rundertisch,,2026-07-12
https://imwolfamenyt.itch.io/bubble-farts/devlog/1580519/bubble-farts,,2026-07-12
https://itch.io/blog/1580520/struggling-to-make-my-visual-novel-devlog-2,,2026-07-12
https://ma-papa.itch.io/twisted-roll/devlog/1580521/twisted-roll-prototype-is-live,,2026-07-12
https://foko-games.itch.io/nes-game-studio/devlog/1580522/devlog-311-arte-de-dani-mapas-grandes-de-verdad-y-un-motor-ms-slido-danis-art-truly-big-maps-a-sturdier-engine,,2026-07-12
https://valeriosevilla.itch.io/countless/devlog/1580523/countless-v333-is-on-its-way,,2026-07-12
https://crazywizardgamesofficial.itch.io/dmswcoreset/devlog/1580524/release-week-sale,,2026-07-12
https://blackbrainstudios.itch.io/spooky-tales/devlog/1580525/-announcement-the-worlds-first-gujarati-horror-game-is-here-,,2026-07-12
https://blackbrainstudios.itch.io/spooky-tales/devlog/1580526/-announcement-the-worlds-first-gujarati-horror-game-is-here-,,2026-07-12
https://bagusindrayana.itch.io/ekstraktex/devlog/1580527/new-update-017,,2026-07-12
https://jonsprojects.itch.io/psyche/devlog/1580528/v0215-massive-visual-changes,,2026-07-12
https://tbd2607.itch.io/flybot/devlog/1580529/zachary-clevidence-information-overload,,2026-07-12
https://studioforplay.itch.io/orcasm/devlog/1580530/v02,,2026-07-12
https://darkfictionjude.itch.io/excellent-cadavers/devlog/1580531/excellent-cadavers-chapter-2-v2,,2026-07-12
https://itch.io/blog/1580532/sfx-home-interaction-bundle-v1-fab-marketplace-unreal,,2026-07-12
https://glohseedbed.itch.io/viotope/devlog/1580533/translatedviotope-the-saintess-mother-of-the-grotesques,,2026-07-12
https://spacegoatboy.itch.io/atlas-phase/devlog/1580535/introducing-atlasphase-the-living-sprite-atlas,,2026-07-12
https://atlass-3.itch.io/helpline-17-the-final-dial-in/devlog/1580536/prequel-i-think-yes,,2026-07-12
https://sweet-buns.itch.io/harem-fantasy-free-version/devlog/1580537/-femboy-futa-tales-dlc-release-,,2026-07-12
https://sweet-buns.itch.io/harem-fantasy/devlog/1580538/-femboy-futa-tales-dlc-release-,,2026-07-12
https://arkantoskira.itch.io/date-seal-survive/devlog/1580539/date-seal-survive-v101,,2026-07-12
https://frost-mist.itch.io/goth-gasp/devlog/1580540/100-000-views-milestone,,2026-07-12
https://calfisdev.itch.io/island-architect/devlog/1580541/build-your-own-island,,2026-07-12
https://itch.io/blog/1580542/the-poop-that-never-leaves-,,2026-07-12
https://signalsphere.itch.io/deltarune-geoguessr/devlog/1580543/where-are-you-people-coming-from,,2026-07-12
https://flying-realms.itch.io/get-your-tentacles-off-my-waifu/devlog/1580544/weekly-development-updates-contains-spoilers-july-10th-2026,,2026-07-12
https://spacechuck.itch.io/taze-adam-ii/devlog/1580546/introducing-taze-adam-ii,,2026-07-12
https://knomz.itch.io/purge/devlog/1580547/hearts-get-serious,,2026-07-12
https://23noko.itch.io/ff500/devlog/1580548/minor-fixes,,2026-07-12
https://decaterman.itch.io/the-sky-is-the-limit/devlog/1580549/demo-is-live,,2026-07-12
https://durianbean.itch.io/dicey-passwords/devlog/1580551/09-copy-password-to-clipboard,,2026-07-12
https://itch.io/blog/1580552/succubus-island-v04-is-now-available,,2026-07-12
https://velarias.itch.io/velaris-university/devlog/1580553/new-update-v002a,,2026-07-12
https://kotam.itch.io/dahlia-ordeal/devlog/1580554/dahlias-ordeal-update,,2026-07-12
https://fgannan.itch.io/breach/devlog/1580555/breach-40,,2026-07-12
https://horny-capybara-games.itch.io/futa-fucks-femboys-fff/devlog/1580556/-harem-fantasy-femboy-futa-tales-dlc-is-released-on-steam-,,2026-07-12
https://sveltesnorlax.itch.io/cain-the-harpocrates-dossier/devlog/1580558/update-2-more-weeks,,2026-07-12
https://aeramas.itch.io/age-of-chaos/devlog/1580559/age-of-chaos-v013,,2026-07-12
https://matheraptor.itch.io/ogg-audio-converter-bat/devlog/1580560/ogg-audio-converter-research,,2026-07-12
https://cesargamescom.itch.io/httpspocket-platformerlovableapp/devlog/1580561/pixel-jumps,,2026-07-12
https://alisindra.itch.io/dont-breathe/devlog/1580562/zelda-the-winner-of-the-vote,,2026-07-12
https://citromgames.itch.io/totm/devlog/1580563/now-totm-is-free,,2026-07-12
https://itch.io/blog/1580564/v10-is-live-147-free-pixel-icons,,2026-07-12
https://compass2026.itch.io/codelf-legend-of-magic-sword/devlog/1580565/fixed-some-bugs,,2026-07-12
https://calfisdev.itch.io/mars-terraformer/devlog/1580566/mars-terraformer,,2026-07-12
https://durian-arcade.itch.io/pyramid-wars/devlog/1580567/new-update,,2026-07-12
https://emiltheapril.itch.io/sword-hero/devlog/1580568/major-update-sword-hero-v020,,2026-07-12
https://vistonwafi.itch.io/project-haydee/devlog/1580569/oat-build-5-10072026,,2026-07-12
https://axiogon.itch.io/safe-cracker/devlog/1580571/level-touch-ups,,2026-07-12
https://nofadwiutomo.itch.io/node-space-galaxy/devlog/1580572/update-patch-v067-bug-fixes-polish,,2026-07-12
https://naminteractive.itch.io/invaders2/devlog/1580573/new-update,,2026-07-12
https://urksoft.itch.io/broken-front-alpha-demo/devlog/1580574/alpha-060,,2026-07-12
https://sparkgapgames.itch.io/socrates/devlog/1580575/socrates-ti-994a-cartridges-are-being-assembled,,2026-07-12
https://kanzaki-gamedev.itch.io/hoyo-negro-tulum/devlog/1580576/que-tiene-este-juego,,2026-07-12
https://afkgjiae.itch.io/paragestera/devlog/1580577/v111-hotfix,,2026-07-12
https://special-cog.itch.io/eli/devlog/1580578/solo-rpg-integration-ironsworn-character-sheets-and-progress-tracks-in-the-play-tab,,2026-07-12
https://itch.io/blog/1580579/arc-examine-system,,2026-07-12
https://itch.io/blog/1580580/everything-going-good,,2026-07-12
https://itch.io/blog/1580581/123123,,2026-07-12
https://calfisdev.itch.io/the-crystal-of-aethelgard/devlog/1580582/the-crystal-of-aethelgard-story-overview-player-version,,2026-07-12
https://primoyque69.itch.io/games/devlog/1580583/ea-sports-college-football-27-cheat-menu-unlimited-dynasty-points-godmode-max-recruiting,,2026-07-12
https://darthcrusade.itch.io/consequence-a-history-and-economics-sandbox/devlog/1580585/consequence-v0260-the-rand-moves-the-shadow-economy-bites-and-1994-is-real-again,,2026-07-12
https://primoyque69.itch.io/games/devlog/1580586/echoes-of-aincrad-cheat-menu-godmode-infinite-col-sword-skill-unlock-more,,2026-07-12
https://tablecatgames.itch.io/street-wolves-heart-of-glass/devlog/1580587/v102-available,,2026-07-12
https://akzavn.itch.io/last-harvest/devlog/1580588/last-harvest-v03,,2026-07-12
https://primoyque69.itch.io/games/devlog/1580589/cat-mail-co-cheat-menu-unlimited-mail-perfect-deliveries-night-secrets,,2026-07-12
https://luckysandbox.itch.io/virt3d/devlog/1580590/new-terrains-added-to-world-editor,,2026-07-12
https://primoyque69.itch.io/games/devlog/1580591/bloons-td-6-cheat-menu-godmode-towers-cash-hack-bloon-control-instant-wins,,2026-07-12
https://nameless-collective.itch.io/anachronism/devlog/1580592/taming-the-instant-kill-implementing-damage-cooldowns-and-custom-hooks,,2026-07-12
https://primoyque69.itch.io/games/devlog/1580593/cuphead-cheat-menu-unlimited-lives-godmode-boss-domination,,2026-07-12
https://bai13y.itch.io/wild-willows/devlog/1580594/what-the-first-playtest-changed,,2026-07-12
https://mreliptik.itch.io/obol/devlog/1580595/demo-update-and-web-build,,2026-07-12
https://jacknealgames.itch.io/rust-and-revenue-community-map-generator/devlog/1580596/first-tweak-continental-nodes,,2026-07-12
https://theendlessnight.itch.io/the-endless-night/devlog/1580597/dev-log-9-clearer-combos-bigger-rewards-smoother-runs,,2026-07-12
https://crazywizardgamesofficial.itch.io/dmswcoreset/devlog/1580598/first-core-set-sales,,2026-07-12
https://ferociousplusguy.itch.io/52/devlog/1580599/you-killed-my-son,,2026-07-12
https://beardunknown.itch.io/dbd-map-overlay/devlog/1580600/new-maps,,2026-07-12
https://bobddadoo.itch.io/tiny-questers-8-npc-pack/devlog/1580602/update-side-facing-idle-animations-smooth-classic,,2026-07-12
https://cobalt-reign-studios.itch.io/questionable-ethics/devlog/1580603/give-me-your-opinions-please,,2026-07-12
https://catkin2633.itch.io/adventure-in-unshaped-land/devlog/1580604/english-translation-is-coming,,2026-07-12
https://mksrt.itch.io/vikingdorp/devlog/1580605/save-game-in-webgl,,2026-07-12
https://pixel-banner.itch.io/rpg-top-down-meadows-32x32/devlog/1580606/improved-all-project,,2026-07-12
https://bobddadoo.itch.io/tiny-questers-free-2-npc-pack/devlog/1580607/update-side-facing-idle-animations-smooth-classic,,2026-07-12
https://neuralnetwork.itch.io/theoffering/devlog/1580608/testers-found-the-rough-edges-heres-the-patch,,2026-07-12
https://anndev.itch.io/farbound/devlog/1580610/devlog-1,,2026-07-12
https://vanillawawa.itch.io/flipnote-converter/devlog/1580611/day-one-release,,2026-07-12
https://hitheryongames.itch.io/murder-is-game-over-final-fright/devlog/1580612/cleo-investigates-the-making-of-murder-is-game-over-final-fright,,2026-07-12
https://zerobackstones.itch.io/zodiac-tale/devlog/1580613/zodiac-tale-v013-sound-effects-tutorial-polish,,2026-07-12
https://gamejs.itch.io/awful-mmo/devlog/1580614/awful-update-7,,2026-07-12
https://feline78.itch.io/krogger-skull-killer/devlog/1580615/krogger-skull-killer-v1007i5,,2026-07-12
https://pixel-monkey-96.itch.io/orbital-defense/devlog/1580616/orbital-defense-post-jam-update-devlog,,2026-07-12
https://casper-gaming.itch.io/plugin-protector/devlog/1580617/small-update,,2026-07-12
https://c64universe.itch.io/asteroid-dodger/devlog/1580618/early-preview-in-gameplay,,2026-07-12
https://sammtavv.itch.io/corndog/devlog/1580619/dog-update,,2026-07-12
https://goodnutgames.itch.io/lilys-lewd-quest/devlog/1580620/version-12-now-available-for-almond-tier,,2026-07-12
https://stickergames.itch.io/canvas8ballpool/devlog/1580621/hotfix-for-two-commentary-voice-files,,2026-07-12
https://remybilek.itch.io/eyes-of-desperation/devlog/1580622/minor-update,,2026-07-12
https://petervo92.itch.io/one-more-climb/devlog/1580623/one-more-climb-devlog-2026-07-10,,2026-07-12
https://lozawasntaken.itch.io/loza/devlog/1580624/caves-update,,2026-07-12
https://soeren-m.itch.io/pixelpart/devlog/1580625/pixelpart-for-gamemaker,,2026-07-12
https://krishna-palacio.itch.io/minifantasy-sunken-city/devlog/1580626/acknowledgment,,2026-07-12
https://oblique-int.itch.io/plura-ingenia-patient-16/devlog/1580627/new-sanity-system,,2026-07-12
https://playbluf.itch.io/bluf/devlog/1580628/bluf-v100,,2026-07-12
https://sad-crab.itch.io/innocent-witchesfree/devlog/1580629/news-10072026,,2026-07-12
https://sad-crab.itch.io/innocent-witches/devlog/1580630/news-10072026,,2026-07-12
https://itch.io/blog/1580631/descent-20-pre-cook,,2026-07-12
https://pauleaf.itch.io/cozy-bedroom/devlog/1580632/update-sneak-peak-crafting-the-cozy-study-bedroom-expansion,,2026-07-12
https://fmpo.itch.io/spell-code-slingerz/devlog/1580633/71026-matchmaking-button-remapping-and-uiux,,2026-07-12
https://kivora-rpg.itch.io/kivora/devlog/1580634/why-kivora-exists-and-an-honest-word-from-me,,2026-07-12
https://shyboxgame.itch.io/femboyphone/devlog/1580635/major-update-new-character-qol-app,,2026-07-12
https://playmorecollective.itch.io/quiz-hero-chinese-numbers-demo/devlog/1580636/the-world-responds-to-what-we-learn,,2026-07-12
https://coffee-beans-studio.itch.io/casual-game-ui-pack-icons-buttons/devlog/1580637/update-14-20-flaticons,,2026-07-12
https://itch.io/blog/1580638/vn-making-in-progress,,2026-07-12
https://delta-v-labs.itch.io/ark-long-escape/devlog/1580639/devlog-1-first-public-prototype,,2026-07-12
https://marc-vittorini.itch.io/stupid-game/devlog/1580640/stupid-game-124th-atari-2600-game-download-the-free-full-version-or-play-in-browser,,2026-07-12
https://okyesmate-games.itch.io/korilix-dude/devlog/1580641/korilix-dude-devlog-4,,2026-07-12
https://black-star-games.itch.io/30-year-old-virgin/devlog/1580642/july-10th-update,,2026-07-12
https://itch.io/blog/1580643/game-of-life-available-from-doppelfoxx-publishing,,2026-07-12
https://liftedpixelgames.itch.io/pxgba/devlog/1580645/035,,2026-07-12
https://itch.io/blog/1580646/gocraft-1043e-indefinitely,,2026-07-12
https://nickmaaate.itch.io/gross-adversaries-for-daggerheart/devlog/1580647/sky-bastard,,2026-07-12
https://raymond-towers.itch.io/24xx-space-1999/devlog/1580648/07102026-update,,2026-07-12
https://kirijo.itch.io/the-back-country-logs/devlog/1580649/tbc-log-7102026,,2026-07-12
https://siege-keep.itch.io/siege-keep/devlog/1580650/from-a-tiny-window-to-fullscreen,,2026-07-12
https://cursedatelier.itch.io/voidbound/devlog/1580651/progress-report-218-july-2026,,2026-07-12
https://itch.io/blog/1580652/game-ideas,,2026-07-12
https://quinton-ashley.itch.io/nostlan/devlog/1580653/nostlan-v41-link-to-existing-game-library,,2026-07-12
https://coffee-beans-studio.itch.io/free-vector-art-foods-pack-50-item/devlog/1580654/free-vector-art-foods-pack-50-items,,2026-07-12
https://recreationgamesstudio.itch.io/the-wind-demo/devlog/1580655/the-wind-demo-definitive-edition,,2026-07-12
https://quasideificalpaca.itch.io/legacy-of-aeon/devlog/1580656/enoreth-digital-july-newsletter-legacy-of-aeon-v26,,2026-07-12
https://respectabledot.itch.io/slime-simulator/devlog/1580657/miscellaneous-updates,,2026-07-12
https://dellanonsense.itch.io/be-own-break/devlog/1580658/bob-is-paused,,2026-07-12
https://zikielelel.itch.io/lily-flower-game-story-mod/devlog/1580659/lily-flower-v014-alpha,,2026-07-12
https://tescringames.itch.io/dread-admiral/devlog/1580660/demo-update-version-082,,2026-07-12
https://runebitdice.itch.io/ruby-crystal-d20/devlog/1580661/out-today-free-ruby-crystal-d20-sprite-pack,,2026-07-12
https://itch.io/blog/1580662/video-synthesizer-testing,,2026-07-12
https://itch.io/blog/1580663/korilix-dude-a-one-button-adventure,,2026-07-12
https://jankjankdev.itch.io/roguelike-fps-gamedevelopement/devlog/1580664/demo-update-news,,2026-07-12
https://darkseraphavn.itch.io/sotd/devlog/1580665/dev-log-22,,2026-07-12
https://kden4737.itch.io/singer-simulator/devlog/1580666/v060-the-alternative-editions-update,,2026-07-12
https://ego207.itch.io/lowtide/devlog/1580668/lowtide-v047-update,,2026-07-12
https://lustoriagames.itch.io/other-side-mop-mayhem-lewd-roguelike/devlog/1580669/updated-to-043c,,2026-07-12
https://animatedal.itch.io/zx81-penalty-shoot-out/devlog/1580670/visuals-and-collision-detection-improvements,,2026-07-12
https://taka-y.itch.io/president/devlog/1580671/update-for-android-platform-ver-146,,2026-07-12
https://natashaluna.itch.io/bonded-in-darkness/devlog/1580672/wishlist-bonded-in-darkness-on-steam,,2026-07-12
https://itch.io/blog/1580673/-v04-build-update-20-new-items-rarity-system-build-your-playstyle-50-off,,2026-07-12
https://itch.io/blog/1580674/project-end,,2026-07-12
https://drshrimppuertorico.itch.io/brewmaster-tycoon/devlog/1580676/devlog-post-001,,2026-07-12
https://volcanavius.itch.io/the-family-uncut-special-edition/devlog/1580677/the-family-v14,,2026-07-12
https://meapps.itch.io/glyph-warden/devlog/1580678/glyph-warden-learns-japanese-drawing-beyond-language-in-v040,,2026-07-12
https://firejune.itch.io/blosharper/devlog/1580679/devlog-02-major-demo-update-v06-hanafuda-ruleset-and-hand-techniques,,2026-07-12
https://belre-yucho.itch.io/mini-wesnoth/devlog/1580680/troll-melee-misspell,,2026-07-12
https://whitelliot.itch.io/every-platformer/devlog/1580681/version-099,,2026-07-12
https://tempestmk4.itch.io/gachafrens-idle/devlog/1580682/released-update-0330,,2026-07-12
https://rossmccormick.itch.io/up-and-away/devlog/1580683/up-and-away-patch-v11,,2026-07-12
https://narradive-studios.itch.io/will-you-be-my-disciple/devlog/1580684/devlog-2-encounters,,2026-07-12
https://whitelliot.itch.io/every-platformer/devlog/1580685/version-098,,2026-07-12
https://npcswithjobs.itch.io/retrofit-renegade/devlog/1580686/asteroid-generation,,2026-07-12
https://miki18games.itch.io/monster-tower-defense/devlog/1580687/152-update,,2026-07-12
https://cloud-manatee.itch.io/tide-pool/devlog/1580688/version-12,,2026-07-12
https://skattigat.itch.io/take-two/devlog/1580689/v1240-better-mobile-playability-and-landscape-menu-fix,,2026-07-12
https://xtremezero.itch.io/beat-slicer/devlog/1580691/added-controller-support,,2026-07-12
https://olmewe.itch.io/veadotube-labs/devlog/1580692/veadotube-06-20260710a,,2026-07-12
https://shadycowgames.itch.io/abyssal-kingdoms/devlog/1580693/powerups-persistence-and-pausing-a-week-of-foundations,,2026-07-12
https://furlough-games.itch.io/furry-shades-of-gay-3-free/devlog/1580694/furry-shades-of-gay-3-demo-is-now-available-for-pcandroid-,,2026-07-12
https://pongstudio.itch.io/typing-monsters/devlog/1580695/big-update-monster-bites-new-look-new-modes-collectible-loot,,2026-07-12
https://depthid.itch.io/pepperoni-protects/devlog/1580696/post-jam-fix-06,,2026-07-12
https://hobbyhorsestudios.itch.io/camptastic/devlog/1580697/update-dropping-today,,2026-07-12
https://hectoverse.itch.io/ttrpg-text-block-builder/devlog/1580698/-upload-font-update-,,2026-07-12
https://razomgames.itch.io/quixote-biker/devlog/1580699/quixote-biker-devlog-15-multiplayer-territory-conquest,,2026-07-12
https://classical-frog.itch.io/hopfall/devlog/1580700/devlog-5,,2026-07-12
https://isometric-arcade.itch.io/the-runaway-honey-badger/devlog/1580702/update,,2026-07-12
https://sofaspartan.itch.io/bittank/devlog/1580703/devlog-5-unit-setup-a-bigger-arsenal-and-loadout-chaos-before-you-drop,,2026-07-12
https://hipgames.itch.io/plague1201/devlog/1580704/00032a-tiny-update,,2026-07-12
https://lemongr10.itch.io/rented-magic/devlog/1580705/v-001-the-beniniging,,2026-07-12
https://bloodnes.itch.io/super-mega-bride/devlog/1580706/version-11-better-tutorials-smart-sprite-flickering-and-a-new-final-death,,2026-07-12
https://barrybear.itch.io/bears-club-world/devlog/1580707/bears-club-chat-is-now-launched,,2026-07-12
https://itch.io/blog/1580708/remake-arreglado-y-mejorado-de-sonicexe-en-ppt,,2026-07-12
https://cryptid-plays.itch.io/midnight-hour/devlog/1580709/july-10-devlog-3-progress-update,,2026-07-12
https://jaygoat12.itch.io/primalsurivial/devlog/1580710/prototype-001,,2026-07-12
https://itch.io/blog/1580711/hypixel-skyblock-auto-slayer-macro-pack-multi-boss-automation-aura-loot-free,,2026-07-12
https://rob771.itch.io/silent-hotel/devlog/1580712/15,,2026-07-12
https://thomas-boi69.itch.io/dilldaldis-crappyhouse-raldis-crackhouse-ripoff/devlog/1580713/beta-2-update,,2026-07-12
https://modcore.itch.io/modcore-extension-manager/devlog/1580714/modcore-extension-manager-245-release,,2026-07-12
https://itch.io/blog/1580715/hypixel-bedwars-delay-hitboxes-timed-reach-combo-assist,,2026-07-12
https://mikdog.itch.io/bru-boegie-get-da-sugar/devlog/1580716/release-day,,2026-07-12
https://maxparata.itch.io/voxel-fantasy-mounts/devlog/1580717/new-asset-pack-voxel-fantasy-mounts,,2026-07-12
https://shaynetm.itch.io/the-balvarine/devlog/1580718/first-launch,,2026-07-12
https://miagaming.itch.io/bullshit/devlog/1580719/something,,2026-07-12
https://itch.io/blog/1580720/hypixel-skyblock-chest-esp-secret-finder-treasure-highlight-dungeon-esp-undetected,,2026-07-12
https://play-dashen.itch.io/bambi-survial/devlog/1580721/bambi-survival-early,,2026-07-12
https://itch.io/blog/1580722/hypixel-skyblock-dupe-client-exploit-packet-dupe-inventory-copy-coin-method-undetected,,2026-07-12
https://zstarczali.itch.io/visual-assembler-commodore-64/devlog/1580723/visual-assembler-220-is-out,,2026-07-12
https://naughty-narratives.itch.io/my-lewd-therapy/devlog/1580724/my-lewd-therapy-v014-v013-released,,2026-07-12
https://itch.io/blog/1580725/after-releasing-the-demo,,2026-07-12
https://rob771.itch.io/retro-match/devlog/1580726/10,,2026-07-12
https://ag-scientist.itch.io/the-mouse-must-live/devlog/1580727/the-mouse-must-live-patch-3-is-out,,2026-07-12
https://itch.io/blog/1580728/rise-client-auto-bridging-settings-hypixel-godbridge-scaffold-ninja-bridge-undetected,,2026-07-12
https://mikdog.itch.io/bru-boegie-get-da-milk/devlog/1580729/episode-2-demo-available,,2026-07-12
https://manadawnttg.itch.io/tomb-of-a-thousand-doors-deluxe/devlog/1580730/tomb-of-a-thousand-doors-has-been-nominated-for-two-ennie-awards,,2026-07-12
https://feyada.itch.io/knightly-passions/devlog/1580731/this-game-let-me-do-what-to-pomni-,,2026-07-12
https://pnwgames.itch.io/dead-letters-kelvik-station/devlog/1580732/v074-keyboard-shortcuts-fix,,2026-07-12
https://itch.io/blog/1580733/clarity-flight,,2026-07-12
https://ducktape-games.itch.io/potato-boy-survival/devlog/1580734/potato-boy-survival-onefile-update,,2026-07-12
https://cozy-fae.itch.io/cozy-fae-pixel-base/devlog/1580736/-shadows-full-circles-fixes,,2026-07-12
https://rehandev.itch.io/1500-spaceships-asteroids-and-space-junks/devlog/1580737/added-more-ships-to-the-pack,,2026-07-12
https://rehandev.itch.io/280-mega-pixel-space-ship-pack-2d/devlog/1580738/added-more-ships-to-the-pack,,2026-07-12
https://ad8xya.itch.io/mooncowl/devlog/1580739/mooncowls-soundtrack-on-youtube,,2026-07-12
https://trainerx7979.itch.io/life-worth-living/devlog/1580740/some-things-coming-soon,,2026-07-12
https://paxanga.itch.io/yokai-no-atsuki-tatakai/devlog/1580742/yokai-no-atsuki-tatakai-available-to-download,,2026-07-12
https://frazy5.itch.io/vextroos/devlog/1580743/vextroos-v12-small-update-,,2026-07-12
https://daville-does-games.itch.io/daville-fun-gaming-school-remastered/devlog/1580744/daville-fun-gaming-school-remastered-is-available-now,,2026-07-12
https://restless-orest.itch.io/isles-world/devlog/1580745/-047-update,,2026-07-12
https://airdeveloper-on-itch-io.itch.io/cake-cake-cake/devlog/1580746/late-devlog,,2026-07-12
https://couchpirate.itch.io/keysworn/devlog/1580747/version-003,,2026-07-12
https://itch.io/blog/1580748/sharing-my-gameplay,,2026-07-12
https://possible-worlds-games.itch.io/realis-ks/devlog/1580749/backer-flagged-fixes,,2026-07-12
https://suaj222.itch.io/pandythefoxredux/devlog/1580750/new-announcement,,2026-07-12
https://orelvis15.itch.io/origin-7/devlog/1580751/devlog-making-origin-7s-engine-more-modular,,2026-07-12
https://kittygamer1642.itch.io/puzzle-box/devlog/1580752/fixed-performance-issue-on-low-end-devices,,2026-07-12
https://carnekvt.itch.io/blood-board/devlog/1580753/checkmate,,2026-07-12
https://infinitestategames.itch.io/dont-die-mr-robot-advance/devlog/1580754/v11-now-works-on-flashcards-small-bugfixes,,2026-07-12
https://itch.io/blog/1580755/hypixel-skyblock-zero-ping-f7-terminal-helper-instant-solve-phase-assist-safe-execution,,2026-07-12
https://aaronmartinez2026.itch.io/flying-clangs-2/devlog/1580756/update-v11,,2026-07-12
https://riverray.itch.io/gas-dog-vaylant/devlog/1580757/of-marksmen-and-marshals-gas-dog-vaylant-alpha-3-is-out-now,,2026-07-12
https://shlimbo.itch.io/all-at-once/devlog/1580758/update,,2026-07-12
https://mdawg74.itch.io/vibe-tanks/devlog/1580759/v312-your-taps-stop-getting-stuck-in-line,,2026-07-12
https://itch.io/blog/1580761/in-the-process-of-updating-all-games-exhibition-versions-too,,2026-07-12
https://appetite4.itch.io/rocket-dweeb/devlog/1580762/official-website-is-live,,2026-07-12
https://modexon.itch.io/imperfect-life/devlog/1580763/release-02-for-everyone,,2026-07-12
https://davesgames.itch.io/stella-nova/devlog/1580764/spawning-thousands-of-resources-in-orbit-with-foxxysteve-on-twitch-stella-nova-developer-updates,,2026-07-12
https://coffee-beans-studio.itch.io/rpg-vector-art-medieval-weapons-pack-200-items/devlog/1580765/rpg-vector-art-medieval-weapons-pack-200-items,,2026-07-12
https://zelpnir.itch.io/in-memory-of-mrs-frog/devlog/1580767/from-prototype-to-demo,,2026-07-12
https://christiandavidjogos.itch.io/o-pomar-do-saci/devlog/1580768/english-version,,2026-07-12
https://blancaster45.itch.io/brigand-oaxaca/devlog/1580769/version-184-advanced-team-commands,,2026-07-12
https://binukab.itch.io/the-surgeons-garden/devlog/1580770/devlog-1-twine-v1-a-quiet-morning-that-will-not-last,,2026-07-12
https://evildojo.itch.io/projectrpg/devlog/1580771/v023,,2026-07-12
https://fs7-creative.itch.io/neoncipher/devlog/1580772/-neoncipher-cinematic-hacking-security-system-mv,,2026-07-12
https://christiandavidjogos.itch.io/desafio-do-alpinista/devlog/1580773/english-version,,2026-07-12
https://itch.io/blog/1580774/update-030-terminal,,2026-07-12
https://tamixa-cf.itch.io/julios-adventure-3-demo/devlog/1580775/ja3-demo-finished,,2026-07-12
https://escape-pixel.itch.io/shadow-series-full-bundle/devlog/1580776/shadow-series-new-character-floating-shade,,2026-07-12
https://eda-v4lent1ne.itch.io/ethan-is-missing/devlog/1580777/ethan-is-missing,,2026-07-12
https://quaint-volod.itch.io/possessed-willie-the-dream-of-pixels/devlog/1580778/104-update,,2026-07-12
https://aeterponis.itch.io/rising-spirit-a-boxing-rpg-demo/devlog/1580780/rising-spirit-a-zero-to-hero-boxing-rpg-first-look-playtest,,2026-07-12
https://nutty31.itch.io/grey-tide-dev-demo/devlog/1580781/update-demo-030-fire-update,,2026-07-12
https://8bitheals.itch.io/fairy-lights/devlog/1580782/small-feedback-update,,2026-07-12
https://nick64.itch.io/aurascope/devlog/1580783/a-new-item-spinning-your-way,,2026-07-12
https://gcreatorz.itch.io/ghandbox/devlog/1580784/update-v03,,2026-07-12
https://faxi-studios.itch.io/alphacraft-web-edition/devlog/1580785/alphacraft-136,,2026-07-12
https://forlornfaun.itch.io/islandeity/devlog/1580787/public-update-0539a,,2026-07-12
https://robotic-topologist.itch.io/minimalist-solar-system-generator/devlog/1580788/v050-saturn-calling,,2026-07-12
https://the-naughty-captain.itch.io/summerscent/devlog/1580789/dev-update-358,,2026-07-12
https://snapmods.itch.io/window-watching-snapshot-community-pack/devlog/1580790/new-snapshot-bonus-content,,2026-07-12
https://lifeschool22.itch.io/graphic-designer-amiga/devlog/1580791/graphic-designer-amiga-released,,2026-07-12
https://emosludge.itch.io/the-chair/devlog/1580792/actual-play-on-between-two-cairns,,2026-07-12
https://faxi-studios.itch.io/alphacraft/devlog/1580793/alphacraft-136,,2026-07-12
https://db-waters.itch.io/pandemonium-inc-janitorial-division/devlog/1580794/employee-bulletin-352-janitorial-division-now-hiring,,2026-07-12
https://quantnull.itch.io/realm-of-echoes/devlog/1580795/qol-update,,2026-07-12
https://tamixa-cf.itch.io/julios-adventure-3/devlog/1580796/ja3-demo-finished,,2026-07-12
https://npcswithjobs.itch.io/retrofit-renegade/devlog/1580797/projectile-malfunctions,,2026-07-12
https://murilloyonamine.itch.io/scienza-game-jam-game/devlog/1580798/devlog-5-sistema-de-saves-rating-de-jogadores-e-acessibilidade-expandida,,2026-07-12
https://quetzal85.itch.io/roads-to-the-red-night/devlog/1580799/new-extra-suck-my-punch-part-2,,2026-07-12
https://papaiart.itch.io/papaiart-tools-level-modeller/devlog/1580800/papaiart-tools-level-modeller-115,,2026-07-12
https://lunareyesstudio.itch.io/ammit-by-lunar/devlog/1580801/ammit-v11-patch-notes,,2026-07-12
https://puffballspeakerbox.itch.io/super-bo-noise/devlog/1580802/v1bbb-anniversary-edition-final-patch,,2026-07-12
https://deniam.itch.io/worldtamer/devlog/1580803/release-v0420,,2026-07-12
https://sillycium.itch.io/power-out/devlog/1580804/first-fix,,2026-07-12
https://washedq.itch.io/stars-stare-back/devlog/1580805/dev-blog-1-introductions,,2026-07-12
https://annesiac.itch.io/showmethebody/devlog/1580806/v104w-slight-web-build-change,,2026-07-12
https://htv9600.itch.io/storytimeexe-reupload/devlog/1580807/120-updated,,2026-07-12
https://steepless.itch.io/burning-earth/devlog/1580808/tiny-progress-update,,2026-07-12
https://lobotomiya-shizoeb38.itch.io/jujutsu/devlog/1580809/jujutsu-003,,2026-07-12
https://cozybunny.itch.io/mana-quest/devlog/1580810/marketplace-overhaul-progress,,2026-07-12
https://risenth.itch.io/munel-championship/devlog/1580811/11-patch-notes,,2026-07-12
https://infinistrategy.itch.io/robofarm/devlog/1580812/improved-game-learning-curve-and-bug-fixes,,2026-07-12
https://icarue.itch.io/orchard-stories-bimbo-investigation/devlog/1580813/bimbo-investigations-081,,2026-07-12
https://hologram-heart.itch.io/oneroom/devlog/1580815/patch-101v,,2026-07-12
https://toklesar1.itch.io/simple-life-sim/devlog/1580816/v101,,2026-07-12
https://cp-soft.itch.io/qbert/devlog/1580817/improved-sound-and-pause-function,,2026-07-12
https://shadowportal.itch.io/slutcraft/devlog/1580818/-if-you-had-to-remove-one-scene,,2026-07-12
https://badevs.itch.io/bubblegum-apartments/devlog/1580819/release-v033,,2026-07-12
https://interrealm-games.itch.io/vespers-void-the-eternal-cascade/devlog/1580820/vespers-void-release,,2026-07-12
https://johnathandarkly.itch.io/glitch-heart/devlog/1580821/meet-trina,,2026-07-12
https://wen4orfst1rmand5.itch.io/ea-sports-college-football-27-trainer/devlog/1580822/ea-sports-college-football-27-cheat-ready,,2026-07-12
https://reevenstudio.itch.io/reeven/devlog/1580824/quick-development-update,,2026-07-12
https://hyperdeath666.itch.io/the-bx-hack/devlog/1580825/v138-significant-action-economy-clarifications-and-some-changes,,2026-07-12
https://timeldanagames.itch.io/baldis-basics-but-something-isnt-right-collection-season-2/devlog/1580826/im-back-from-vacation-a-logo-for-a-new-reskin-decompile-has-revealed,,2026-07-12
https://georgepa.itch.io/project-marionette/devlog/1580829/aftermath-new-game,,2026-07-12
https://zanecolerileydev.itch.io/forecast-system/devlog/1580830/forecast-plugin-menu-update,,2026-07-12
https://cattrigger.itch.io/carnivore/devlog/1580831/cattrigger-patreon-is-live-devlogs-new-art-wallpapers-alpha-builds-and-more,,2026-07-12
https://drimia-games.itch.io/relic-of-eyes-and-heart/devlog/1580832/new-update,,2026-07-12
https://zucchinikabachok.itch.io/freeuse-office/devlog/1580833/freeuse-office-v12-the-nerd-and-goth-update,,2026-07-12
https://ckyap.itch.io/sett/devlog/1580834/a-little-humorous-development-history,,2026-07-12
https://safetystoatstudios.itch.io/pirates/devlog/1580835/pirates-of-the-drowned-hypertorus-007,,2026-07-12
https://justaweirdmango.itch.io/idle-animal-game-prototype/devlog/1580836/update-009-content-balance-update,,2026-07-12
https://cozy-fae.itch.io/tiny-forest-farm/devlog/1580837/-nature-colors-variation-trees,,2026-07-12
https://victorseven.itch.io/wca-fantasies-collection-dlc/devlog/1580838/update-08-adds-more-h-scenes,,2026-07-12
https://smugger.itch.io/love-dolls/devlog/1580839/love-dolls-022-release,,2026-07-12
https://perryas.itch.io/almostly-spies/devlog/1580840/almostly-spies-01,,2026-07-12
https://wirelessjava.itch.io/tavernbound/devlog/1580841/nothing-is-ever-forgotten-how-tavernbounds-gm-actually-remembers-you,,2026-07-12
https://dgbgames.itch.io/road-warriors-beta/devlog/1580842/our-first-live-play,,2026-07-12
https://amonielove.itch.io/betweentwopoints/devlog/1580843/notes-from-tarissia-2-episode-3-progress,,2026-07-12
https://tptf.itch.io/to-paint-the-fish/devlog/1580844/collissions-in-godot,,2026-07-12
https://itch.io/blog/1580845/razer-macros-standalone-macro-utility-for-popular-games,,2026-07-12
https://itch.io/blog/1580846/logitech-auto-click-macro-standalone-macro-utility-for-cs2,,2026-07-12
https://ren1307.itch.io/farpoint-adventure/devlog/1580847/new-update-is-here,,2026-07-12
https://itch.io/blog/1580848/logitech-auto-click-standalone-macro-utility-for-pubg,,2026-07-12
https://ludorino.itch.io/billiard-ocean/devlog/1580849/color-and-heart-beat-effect-for-low-remaining-shots,,2026-07-12
https://corrupt-cinnamon.itch.io/fissure-divers-maleenas-corruption/devlog/1580850/major-update-release-0040,,2026-07-12
https://itch.io/blog/1580851/logitech-no-recoil-standalone-macro-utility-for-apex-legends,,2026-07-12
https://ypressgames.itch.io/dear-monster/devlog/1580852/dragon-riders-steam-page-launch,,2026-07-12
https://bluestar-games.itch.io/driftwood/devlog/1580853/driftwood-update-steel-sails,,2026-07-12
https://itch.io/blog/1580854/razer-macro-standalone-macro-utility-for-fortnite,,2026-07-12
https://nostonemedia.itch.io/hivefall/devlog/1580855/hivefall-demo-is-out-free-and-it-runs-in-your-browser,,2026-07-12
https://kenamick.itch.io/savage-wheels/devlog/1580856/savage-wheels-is-back-and-it-runs-in-your-browser,,2026-07-12
https://thejenske.itch.io/bloemania/devlog/1580857/shiny-flowers,,2026-07-12
https://sadoskitty.itch.io/minesweeper-plus-ce/devlog/1580859/v061,,2026-07-12
https://itch.io/blog/1580860/logitech-norecoil-script-standalone-macro-utility-for-fortnite,,2026-07-12
https://melilotte.itch.io/game-of-bread/devlog/1580861/devlog-4-continue-your-game-11,,2026-07-12
https://loudscotsbloke.itch.io/altairis-trs-80-model-1/devlog/1580862/new-version-10-released,,2026-07-12
https://npcswithjobs.itch.io/retrofit-renegade/devlog/1580863/misc-additions-for-testing-ui,,2026-07-12
https://playbluf.itch.io/bluf/devlog/1580864/bluf-v100,,2026-07-12
https://itch.io/blog/1580866/razer-mouse-rust-no-recoil-macro-standalone-macro-utility-for-rust,,2026-07-12
https://itch.io/blog/1580868/razer-keyboard-macros-standalone-macro-utility-for-popular-games,,2026-07-12
https://bdonprice-ctrl.itch.io/hoardlings/devlog/1580869/update-2-missions-living-dragons-a-molten-forge-glow-up,,2026-07-12
https://planet-with-a-ring.itch.io/marketspace/devlog/1580870/quick-devlog-soon,,2026-07-12
https://itch.io/blog/1580871/game-location,,2026-07-12
https://bad-llama-bad.itch.io/catsfrommars/devlog/1580872/v-120-new-levels-and-power-ups,,2026-07-12
https://itch.io/blog/1580873/knightfall-zero-what-is-it-about-exactly,,2026-07-12
https://epiclines-studio.itch.io/beatnexus/devlog/1580874/update,,2026-07-12
https://drocz.itch.io/blade-bullet/devlog/1580875/the-silence-is-ending-,,2026-07-12
https://xeratios.itch.io/fractured-veil-act-3/devlog/1580876/fractured-veil-v48-is-live-for-public-access,,2026-07-12
https://arheru.itch.io/beneath/devlog/1580877/beneath-is-finished,,2026-07-12
https://k0zakinio.itch.io/ridgerunners/devlog/1580878/v0222-23-changelog-massive-browser-performance-improvements,,2026-07-12
https://frequentgamer.itch.io/sonic-space-boss/devlog/1580879/launch-of-sonic-space-boss-v11-on-android,,2026-07-12
https://shady-characters.itch.io/under-your-spell/devlog/1580880/devblog-98,,2026-07-12
https://itch.io/blog/1580881/baldi-mods-in-the-future,,2026-07-12
https://terriblecrow.itch.io/conways-conquerors/devlog/1580882/v26-free-play-an-options-menu-and-finally-killing-the-screen-flicker-verified-on-real-hardware,,2026-07-12
https://lukecoles-03.itch.io/antivirus/devlog/1580883/devlog-video-major-scorcher-movement-bug,,2026-07-12
https://beardeddoomguy.itch.io/wolf-en-doom-lite-classic/devlog/1580884/wolfen-doom-lites-sixth-anniversary,,2026-07-12
https://manicpixeldreamgirl.itch.io/horror-laboratory/devlog/1580885/horror-laboratoy-tileset-release,,2026-07-12
https://rainlily.itch.io/mymagicshelter/devlog/1580886/corinna-and-glyssia-bug-fix,,2026-07-12
https://desireontap.itch.io/desire-on-tap/devlog/1580887/desire-on-tap-v013-public-release,,2026-07-12
https://potofstew23.itch.io/calcination/devlog/1580889/art-direction-nightly-v021,,2026-07-12
https://reverierebels.itch.io/divergent-mode/devlog/1580890/divergent-mode,,2026-07-12
https://fs7-creative.itch.io/word-master-42/devlog/1580891/word-master-42-plugin-word-building-minigame-mv,,2026-07-12
https://durianbean.itch.io/tiny-moments/devlog/1580892/0232-bump-crdt-library,,2026-07-12
https://bigbrostudios.itch.io/koi-frenzy/devlog/1580893/koi-frenzy-10-is-out,,2026-07-12
https://prospercart.itch.io/exo-roid/devlog/1580894/new-room-transitions,,2026-07-12
https://remix619.itch.io/epoch-mayhem/devlog/1580895/v101-endgame-upgrade-softlock-fixed,,2026-07-12
https://tauhid3.itch.io/games/devlog/1580896/hypixel-skyblock-bazaar-flipper-macro-script-2026-auto-buy-sell-profit-scanner-order-manager-undetected,,2026-07-12
https://norixa.itch.io/norixmod/devlog/1580897/norixmod-development-update-5,,2026-07-12
https://tauhid3.itch.io/games/devlog/1580898/vape-lite-lunar-screenshare-bypass-2026-ghost-mode-visual-spoof-ss-safe-undetected,,2026-07-12
https://itch.io/blog/1580899/kael-sports,,2026-07-12
https://focusfocus.itch.io/dead-air/devlog/1580900/003,,2026-07-12
https://tauhid3.itch.io/games/devlog/1580901/hypixel-skyblock-mithril-macro-2026-auto-mining-pathfinding-gemstone-assist-undetected,,2026-07-12
https://itch.io/blog/1580902/solange-thinks-you-shouldnt-miss-this,,2026-07-12
https://tauhid3.itch.io/games/devlog/1580903/grimac-prediction-disabler-2026-movement-desync-combat-bypass-reach-spoof-free-undetected,,2026-07-12
https://tauhid3.itch.io/games/devlog/1580904/doomsday-ghost-client-free-minecraft-189-ghost-aura-flight-bypass-undetected,,2026-07-12
https://mobtv.itch.io/cryptfall/devlog/1580906/the-awakening-update,,2026-07-12
https://id01t.itch.io/tileset-slicer/devlog/1580909/tileset-slicer-builder-no-more-manual-slicing,,2026-07-12
https://ninjagame-dev.itch.io/skull-world/devlog/1580910/skull-world-is-out,,2026-07-12
https://mnj3d.itch.io/muddi/devlog/1580911/muddi-tutorials-is-coming,,2026-07-12
https://hornyunion.itch.io/horny-union/devlog/1580912/three-worlds-three-adventures-heart-of-the-bunker-heroes-saga-knightly-passions,,2026-07-12
https://id01t.itch.io/asset-batch-forge/devlog/1580913/introducing-asset-batch-forge-kill-the-asset-prep-gruntwork,,2026-07-12
https://itch.io/blog/1580915/old-scholl-classi-orchestral-fantasy-music-dark-crystal-1982,,2026-07-12
https://id01t.itch.io/bitmap-font-forge/devlog/1580916/introducing-bitmap-font-forge-pixel-perfect-typography-without-the-fuss,,2026-07-12
https://caseyjoneslabs.itch.io/skychart-airline-executive/devlog/1580917/skychart-patch-notes-v06467-to-v061001,,2026-07-12
https://in-hell.itch.io/elyseum/devlog/1580919/elyseum-for-free,,2026-07-12
https://cpt-can0pen3r.itch.io/clerks-playtest/devlog/1580920/loki-you-sly-dog-,,2026-07-12
https://dev-cabbage.itch.io/overdrive-smash/devlog/1580921/overdrive-smash-a-new-flavor-of-incremental,,2026-07-12
https://id01t.itch.io/dialogue-tree-editor/devlog/1580922/dialogue-tree-editor-no-more-broken-branching-conversations,,2026-07-12
https://joffarex.itch.io/swarmslam/devlog/1580923/swarmslam-demo-v024-japanese-localization-added,,2026-07-12
https://actystudios.itch.io/idle-god-from-nothing/devlog/1580924/idle,,2026-07-12
https://itch.io/blog/1580925/free-online-leaderboard-engine,,2026-07-12
https://balledra-games.itch.io/agent-feminine/devlog/1580926/0711-hotfix,,2026-07-12
https://kydchen.itch.io/masked-identity/devlog/1580927/v022-story-rewrite-six-days-before-sealing,,2026-07-12
https://indyjo.itch.io/commandconquer/devlog/1580928/version-021-released,,2026-07-12
https://id01t.itch.io/name-lore-generator/devlog/1580929/introducing-name-lore-generator-cure-your-writers-block-instantly,,2026-07-12
https://thornido.itch.io/godot-game-components/devlog/1580930/farming-system-crops-soil-harvests-comming-soon,,2026-07-12
https://klaxis.itch.io/chunk-survival/devlog/1580931/-exclusive-cosmetics-dropping-in-10-days,,2026-07-12
https://drawfleshgames.itch.io/invinode/devlog/1580932/version-rush,,2026-07-12
https://id01t.itch.io/palette-studio/devlog/1580933/introducing-palette-studio-effortless-pixel-art-palettes-recoloring,,2026-07-12
https://ugufru.itch.io/space-warp/devlog/1580934/space-warp-v12-is-live,,2026-07-12
https://harryr-20.itch.io/plain-of-mirrors/devlog/1580935/version-005,,2026-07-12
https://id01t.itch.io/pixel-perfect-scaler/devlog/1580936/introducing-pixel-perfect-scaler-keep-your-pixel-art-crisp,,2026-07-12
https://choyoruluna.itch.io/spy-bunny-luna/devlog/1580938/spy-bunny-luna-v0141,,2026-07-12
https://wargnema.itch.io/valley-awakening/devlog/1580939/dev-update-a-new-face-at-the-shelter,,2026-07-12
https://mclama.itch.io/chrome-dome/devlog/1580940/7102026-we-had-a-fun-week,,2026-07-12
https://lewdlore.itch.io/isekai-fantasy/devlog/1580941/1-week-early-access-patch-023,,2026-07-12
https://id01t.itch.io/retro-sfx-generator/devlog/1580942/retro-sfx-generator-instant-royalty-free-audio-for-your-games,,2026-07-12
https://ensarlia111gmailcom.itch.io/nolurodroid-13-emolatr/devlog/1580943/nolurodroid-13-srme-ikolata-bon-yaynland,,2026-07-12
https://marssel56.itch.io/furrtales/devlog/1580944/proper-crt-shader-annoucment,,2026-07-12
https://durian-arcade.itch.io/pyramid-wars/devlog/1580945/map-editor-released,,2026-07-12
https://r0ck3tman84.itch.io/strike-city/devlog/1580946/the-3d-revamp-is-live-day-night-room-by-room-upgrades-disco-floors,,2026-07-12
https://spointdev.itch.io/spearpoint/devlog/1580947/changelog-for-demo-v13,,2026-07-12
https://id01t.itch.io/sprite-animator/devlog/1580948/introducing-sprite-animator-fast-one-click-animation-previews-exports,,2026-07-12
https://senseichaqueta.itch.io/perfect-timing/devlog/1580949/perfect-hit-big-progress-update,,2026-07-12
https://id01t.itch.io/sprite-atlas-packer/devlog/1580950/introducing-sprite-atlas-packer-optimize-performance-in-one-click,,2026-07-12
https://sendoestudio.itch.io/animacircus/devlog/1580951/update-340-new-styles-and-new-ways-of-control,,2026-07-12
https://howdyriceball.itch.io/a-cat-and-his-boy/devlog/1580952/the-art-of-a-cat-his-boy-artbookzine-announcement,,2026-07-12
https://rockingprojects.itch.io/kill-the-hero/devlog/1580954/bananas-bananas,,2026-07-12
https://oldmanbrad.itch.io/boop-utopia/devlog/1580955/spacebar-weirdness-and-bunnyshrink-glitch-fix,,2026-07-12
https://itch.io/blog/1580956/i-am-a-dude-who-likes-to-play-games-create-games-and-many-more,,2026-07-12
https://misteratompunk.itch.io/fallow-crown/devlog/1580957/mister-atompunk-presents-fallow-crown,,2026-07-12
https://red-levity.itch.io/interloper/devlog/1580958/alpha-03-released,,2026-07-12
https://ataxy73.itch.io/rust-orbit/devlog/1580959/new-player-and-npcs-model,,2026-07-12
https://pkmntrainerkatelyn.itch.io/pokmon-expedition/devlog/1580960/version-132-release-date-coming,,2026-07-12
https://syko134.itch.io/trouble-in-paradise/devlog/1580961/v118-is-now-available,,2026-07-12
https://tiagobuzz.itch.io/boxing-dynasties-online/devlog/1580962/boxing-dynasty-online-012-build-the-champion-before-the-spotlight,,2026-07-12
https://noahboyz79.itch.io/matron/devlog/1580963/matron-v110-release,,2026-07-12
https://riggy2k3.itch.io/deluge/devlog/1580965/v103-fixing-additional-small-bugs,,2026-07-12
https://alttabberg.itch.io/elf-game/devlog/1580966/devlog0,,2026-07-12
https://israelreyes38575.itch.io/fun-monke-horror-archive-server/devlog/1580967/added-v10000,,2026-07-12
https://otto-sprunki.itch.io/splunko-ottos-take/devlog/1580969/biggest-update-next-week-on-friday,,2026-07-12
https://ingmar-van-busschbach.itch.io/lancer-armored-core-vi-supplement/devlog/1580970/lcp-v332,,2026-07-12
https://txmska.itch.io/vigilum/devlog/1580971/v096-feedback,,2026-07-12
https://quackerslikeducks.itch.io/zero-lights-wicked-nightmares-cgh/devlog/1580972/v2-changes-and-more,,2026-07-12
https://ego207.itch.io/lowtide/devlog/1580974/lowtide-v048-update,,2026-07-12
https://your-average-game-dev.itch.io/the-old-west/devlog/1580975/alpha-releasing-soon,,2026-07-12
https://slothcube-studios.itch.io/backrooms-out-of-oxygen/devlog/1580976/-backrooms-out-of-oxygen-version-20-major-update-,,2026-07-12
https://rb-187-malware.itch.io/dandy-neighbor-hospital-escape/devlog/1580977/there-might-be-bugs,,2026-07-12
https://gooddevs.itch.io/gunny/devlog/1580978/i-might-make-a-better-game,,2026-07-12
https://bluecoyotestudio.itch.io/ball-game/devlog/1580980/ball-game-update-v15,,2026-07-12
https://rb-187-malware.itch.io/dandy-neighbor-hospital-escape/devlog/1580981/1-pieces,,2026-07-12
https://grankor72.itch.io/sunfish-city/devlog/1580982/patch-0313,,2026-07-12
https://losbalhamos-sudios.itch.io/house-of-gungun-3-archive/devlog/1580983/added-virustotal-screenshots,,2026-07-12
https://sleepyrepairman.itch.io/loveandroidworkshop/devlog/1580984/v02-is-out-mobile-version,,2026-07-12
https://conflict-simulations-llc.itch.io/kreuzfeuer/devlog/1580985/kreuzfeuer-enters-early-access,,2026-07-12
https://javiercast.itch.io/infect-earth/devlog/1580986/my-first-game-for-a-jam,,2026-07-12
https://hakuenstudio.itch.io/hakuen-studio-map-transitions-for-rpg-maker-mz/devlog/1580987/uploaded-the-missing-pixi-filters-file,,2026-07-12
https://itch.io/blog/1580988/minor-update,,2026-07-12
https://meapps.itch.io/the-first-trillion/devlog/1580989/080v-stack-the-deck-making-tall-stacks-a-strategy,,2026-07-12
https://itch.io/blog/1580990/launch-day-the-complete-id01t-gamedev-mega-pack-is-live,,2026-07-12
https://surge65therobot.itch.io/pattreat/devlog/1580991/pat-treat-v2-is-out,,2026-07-12
https://fs7-creative.itch.io/random-message-core/devlog/1580992/-random-message-core-rpg-maker-plugin,,2026-07-12
https://thealfest.itch.io/river-raid-zx-spectrum/devlog/1580993/version-03-released,,2026-07-12
https://ignusnocturnus.itch.io/windstep/devlog/1580994/winstep-devlog1,,2026-07-12
https://kaushikdigitalstudio.itch.io/spritefix/devlog/1580996/spritefix-v16-exciting-updates,,2026-07-12
https://lustoverreality.itch.io/adventurous-monster-breeder/devlog/1580997/diana-special-npc-preview,,2026-07-12
https://createwithcode.itch.io/egomorph-alpha/devlog/1580998/egomorph-major-changes,,2026-07-12
https://kian77.itch.io/maze-lock/devlog/1580999/upcoming-settings-update,,2026-07-12
https://durian-arcade.itch.io/pyramid-wars/devlog/1581002/5-new-levels-added,,2026-07-12
https://sgthale.itch.io/family-time/devlog/1581003/family-time-devblog-71026-uppies-and-food-mechanics,,2026-07-12
https://itch.io/blog/1581004/altered-destiny-v0162-progress-report-7,,2026-07-12
https://boxdudestudio.itch.io/bulletscript3d/devlog/1581005/full-screen-in-web,,2026-07-12
https://sweero.itch.io/tadc-survivors/devlog/1581006/android-build-generated,,2026-07-12
https://faintlyspotted.itch.io/underheaven/devlog/1581007/72-bugfix,,2026-07-12
https://mrexpirednoodle.itch.io/monsters-revenge/devlog/1581008/v030-public,,2026-07-12
https://luciafur.itch.io/warning/devlog/1581009/cwd-issue-5-out-now,,2026-07-12
https://papaiart.itch.io/papaiart-tools-level-modeller/devlog/1581010/papaiart-tools-level-modeller-120,,2026-07-12
https://d00k.itch.io/themify2-and-manual/devlog/1581011/themify-2-announcement,,2026-07-12
https://cowsdabes.itch.io/omostencil/devlog/1581012/yay-i-updated-a-lot,,2026-07-12
https://cake-logic.itch.io/ultrakill-web-port/devlog/1581014/patch-16-save-files-are-fixed,,2026-07-12
https://buddypall.itch.io/emu-otori-clicker/devlog/1581015/dev-update-2,,2026-07-12
https://czgaming10.itch.io/niji-oni-2-remake/devlog/1581016/demo-2-is-out,,2026-07-12
https://czgaming10.itch.io/niji-oni-r/devlog/1581017/demo-2-is-out,,2026-07-12
https://czgaming10.itch.io/shinyuu-no-oni-5-the-real-finale/devlog/1581018/demo-2-is-out,,2026-07-12
https://czgaming10.itch.io/takoizu-oni/devlog/1581019/demo-2-is-out,,2026-07-12
https://pelar.itch.io/gloamwhisper/devlog/1581020/fleshing-it-out,,2026-07-12
https://jaztice.itch.io/voxinn-a-firebrands-hack/devlog/1581021/second-edition-out-now,,2026-07-12
https://sometimesatnight.itch.io/minimap-radar-system/devlog/1581022/fixed-bug,,2026-07-12
https://ericjolley.itch.io/tiny-digital-people/devlog/1581023/v0765,,2026-07-12
https://rustycat-studios.itch.io/liminal-aero/devlog/1581024/beta-61-patch,,2026-07-12
https://replicat.itch.io/kingkrusher/devlog/1581025/kingkrusher-multi-fx-audio-workstation-coming-soon,,2026-07-12
https://beddien.itch.io/marvin-spring/devlog/1581026/improved-visuals-update-101,,2026-07-12
https://cinzapurpura.itch.io/garten-of-banban-chapter-1-kindergarten/devlog/1581027/garten-of-banban-is-now-release-on-mac-android-and-ios,,2026-07-12
https://taproach.itch.io/taproach/devlog/1581028/power-ups,,2026-07-12
https://nobafka.itch.io/bwl/devlog/1581029/devlog-3-alpha-schedule-and-major-date,,2026-07-12
https://dcproject.itch.io/pkmn-battle-system-mz/devlog/1581030/devlog-play-the-demo-right-in-your-browser-before-buying,,2026-07-12
https://primarysuspect.itch.io/slimb/devlog/1581031/quality-of-life-patch-1,,2026-07-12
https://itch.io/blog/1581032/spankmates-is-coming-back-but,,2026-07-12
https://topingx.itch.io/stripped-in-action-mina-lewd-ops/devlog/1581033/ver-065-released,,2026-07-12
https://clockworkraven.itch.io/raven-fantasy-icons/devlog/1581034/new-update,,2026-07-12
https://jeneboston.itch.io/tetradhero/devlog/1581035/co-op-is-here,,2026-07-12
https://allknightergames.itch.io/till-death/devlog/1581036/till-death-public-release-3-note,,2026-07-12
https://hexdidnt.itch.io/a-night-at-the-office-demo/devlog/1581037/a-night-at-the-office-13,,2026-07-12
https://bug-bitten.itch.io/i-0nly-need-you/devlog/1581038/i-0n-i-0nly-need-you,,2026-07-12
https://northline-studio.itch.io/dungeondex/devlog/1581039/dungeondex-v1251-town-journey-polish,,2026-07-12
https://rb-187-malware.itch.io/android-virusester-3/devlog/1581040/3-pieces,,2026-07-12
https://baktegon.itch.io/the-feathered-sepulchre/devlog/1581041/appendix-n-jam-2026-complete,,2026-07-12
https://tranquigames.itch.io/sudokiller/devlog/1581042/sudokiller-is-on-the-way-enesp,,2026-07-12
https://staticshovel.itch.io/spinnies-spun/devlog/1581043/bug-fixes-and-idle-leaderboard,,2026-07-12
https://zentron-x86.itch.io/yet-another-old-roblox-bootstrapper-yaorb/devlog/1581044/yaorb-v0010-more-clients-random-button,,2026-07-12
https://parsley1026.itch.io/assassin-intern/devlog/1581045/04-the-hats-diamonds-and-dark-secrets-update,,2026-07-12
https://amon-fr.itch.io/mythos/devlog/1581046/mise-jour-10,,2026-07-12
https://bankiesgames.itch.io/stronghold-zombie-survival/devlog/1581047/update-095-stronghold-zombie-survival,,2026-07-12
https://arbco.itch.io/mutants-in-the-next/devlog/1581048/mutants-in-the-next-4th-printing-updates,,2026-07-12
https://itch.io/blog/1581050/gravity-whipped-now-available-on-itchio,,2026-07-12
https://peapod187.itch.io/anotherretakeofsprunki/devlog/1581051/200-now,,2026-07-12
https://techbelly.itch.io/crunchdown/devlog/1581052/lots-of-small-updates,,2026-07-12
https://slightzzz.itch.io/og-gth-cloud-editionclouds-gorilla-horror-winter-event-revived/devlog/1581053/release,,2026-07-12
https://gammapod.itch.io/gamegamegame/devlog/1581054/devlog-july-10,,2026-07-12
https://drcelsonolberto.itch.io/wildlands-last-village/devlog/1581055/wildlands-last-village-is-live-defend-the-final-village-free-in-your-browser,,2026-07-12
https://badbassgames.itch.io/bait-and-tackle/devlog/1581056/development-update-71026-the-star-of-the-show-update,,2026-07-12
https://psrdirector.itch.io/super-hero-inc/devlog/1581057/so-many-heroes,,2026-07-12
https://zhaz08.itch.io/battle-dives/devlog/1581058/devlog-2-la-beta-ya-est-aqu-nuevas-amenazas-sistema-de-almanaque-y-ms,,2026-07-12
https://dumnews.itch.io/too-many-bugs/devlog/1581059/too-many-bugs-v11-update,,2026-07-12
https://itch.io/blog/1581060/123123,,2026-07-12
https://xn4szinex.itch.io/braja-o-rama-by-balarama/devlog/1581061/braja-o-rama-by-balarama,,2026-07-12
https://inmoz62.itch.io/game/devlog/1581062/cat-mail-co-mod-menu-physics-godmode-infinite-upgrades-full-night-revelation,,2026-07-12
https://isla2d.itch.io/beta-blocker/devlog/1581063/beta-blocker-368-patch-notes,,2026-07-12
https://actystudios.itch.io/idle-god-from-nothing/devlog/1581064/release,,2026-07-12
https://austinhaynes.itch.io/loopsmith/devlog/1581065/why-reverb-tails-break-at-game-music-loop-points,,2026-07-12
https://inmoz62.itch.io/game/devlog/1581066/crimson-desert-cheat-menu-godmode-unlimited-resources-desert-domination,,2026-07-12
https://oxygen3d.itch.io/game-ready-backrooms-asset-pack-vol-1/devlog/1581067/added-demo-scene,,2026-07-12
https://isla2d.itch.io/beta-blocker-mobile/devlog/1581068/devlog-3,,2026-07-12
https://inmoz62.itch.io/game/devlog/1581069/brotato-cheat-menu-godmode-unlimited-coins-wave-domination,,2026-07-12
https://isla2d.itch.io/beta-blocker-mac/devlog/1581070/devlog-1,,2026-07-12
https://inmoz62.itch.io/game/devlog/1581071/wuthering-waves-cheat-menu-2026-godmode-unlimited-resources-world-mastery,,2026-07-12
https://austinhaynes.itch.io/loopsmith/devlog/1581072/building-adaptive-game-music-from-synchronized-stems,,2026-07-12
https://inmoz62.itch.io/game/devlog/1581073/arena-breakout-infinite-aimbot-esp-wallhack-combat-suite,,2026-07-12
https://wyvernbw.itch.io/last-brew/devlog/1581074/update-1-ui-redesign-and-controller-support,,2026-07-12
https://itch.io/blog/1581076/unzipped-skin-new-webcomic,,2026-07-12
https://wigading.itch.io/thrones-of-mars/devlog/1581077/update-71026,,2026-07-12
https://lauti-cool.itch.io/school-test/devlog/1581078/omg-update-2111,,2026-07-12
https://hobbyhorsestudios.itch.io/camptastic/devlog/1581079/big-game-update-cozy-update-aka-capybara-and-tutorial-and-aliens,,2026-07-12
https://petipois.itch.io/kid-napped-the-office/devlog/1581080/a-game-about-a-ransacked-office,,2026-07-12
https://noteverywitch.itch.io/course-to-venus/devlog/1581081/version-035-is-out,,2026-07-12
https://croceate.itch.io/china-pop/devlog/1581082/710-patch,,2026-07-12
https://gmoid.itch.io/quash/devlog/1581084/-v04-build-update-20-new-items-rarity-system-build-your-playstyle-50-off,,2026-07-12
https://mrgreeningthegames.itch.io/terrible-cat/devlog/1581085/terrible-cat-new-updated,,2026-07-12
https://zizodin.itch.io/critical-rift/devlog/1581086/rainstorm-arrived-at-meadow,,2026-07-12
https://pandorastudiosllc.itch.io/strongpoint/devlog/1581087/v0013-release,,2026-07-12
https://thevoiceofnick.itch.io/red-clay-a-trojan-war-rpg/devlog/1581088/progress-log-starting-new-progression-system,,2026-07-12
https://mhdev.itch.io/subnet-zero/devlog/1581089/released-subnet-zero-setup-020260-71exe,,2026-07-12
https://mr-kirby.itch.io/fresh-start/devlog/1581090/devlog-8,,2026-07-12
https://furmirui.itch.io/office-routine/devlog/1581091/office-routine-was-released,,2026-07-12
https://morellamandragora.itch.io/who-is-big-bald/devlog/1581092/post-jam-hiatus-is-over-update-in-devlopment,,2026-07-12
https://devantecardgame.itch.io/devante/devlog/1581093/devante-spell-book-card-game-open-for-playtesting,,2026-07-12
https://en-okawa.itch.io/japanese-dark-horror-bgm-mushibamu/devlog/1581094/new-release-japanese-dark-horror-bgm-mushibamu-,,2026-07-12
https://mozfor.itch.io/gravity-tennis/devlog/1581095/launch-and-current-objectives,,2026-07-12
https://arbco.itch.io/mutants-in-the-mini-merry-crabmas/devlog/1581096/mutants-in-the-mini-merry-crabmas-small-update,,2026-07-12
https://satyrn-studios-llc.itch.io/cavely/devlog/1581097/major-redesign-experimental-build,,2026-07-12
https://powerofpride.itch.io/pop2026-zine/devlog/1581098/2026-bundle-conclusion-closing-statements,,2026-07-12
https://slightzzz.itch.io/og-gth-cloud-editionclouds-gorilla-horror-winter-event-revived/devlog/1581099/bug-fix,,2026-07-12
https://proredgob.itch.io/bulletsquare-has-electriccircle/devlog/1581100/dev-log-001,,2026-07-12
https://lost-in-thought-226.itch.io/strip-clicker/devlog/1581101/thanks-for-1000-views-getting-indexed,,2026-07-12
https://itch.io/blog/1581102/new-fears-to-fathom,,2026-07-12
https://thedogthedog.itch.io/flux-dash/devlog/1581103/flux-dash-is-live-dodge-grab-gold-chase-the-high-score-,,2026-07-12
https://waslock-the-sorcerer.itch.io/relics-of-the-serpent/devlog/1581104/devlog-chapter-one,,2026-07-12
https://ensorcelednazarene.itch.io/eva-in-gloria-aeterna/devlog/1581105/version-016-week-3-is-live,,2026-07-12
https://mcdonce.itch.io/shrike/devlog/1581106/update-005-tutorial,,2026-07-12
https://alpinefigure.itch.io/furtivity/devlog/1581107/furtivity-v0073a-sky-and-needs,,2026-07-12
https://williamfburk.itch.io/brave-quest-blind-eternal/devlog/1581108/the-library-is-now-mobile-friendly-for-the-most-part,,2026-07-12
https://williamfburk.itch.io/brave-quest-emerald-sword/devlog/1581109/the-library-is-now-mobile-friendly-for-the-most-part,,2026-07-12
https://williamfburk.itch.io/brave-quest-libra-archiva/devlog/1581110/the-library-is-now-mobile-friendly-for-the-most-part,,2026-07-12
https://williamfburk.itch.io/brave-quest-espada-trinity/devlog/1581111/the-library-is-now-mobile-friendly-for-the-most-part,,2026-07-12
https://williamfburk.itch.io/brave-quest-tavern-tales/devlog/1581112/the-library-is-now-mobile-friendly-for-the-most-part,,2026-07-12
https://williamfburk.itch.io/wills-gameboy-tileset-1/devlog/1581113/the-library-is-now-mobile-friendly-for-the-most-part,,2026-07-12
https://williamfburk.itch.io/wills-srpg-studio-tileset-1/devlog/1581114/the-library-is-now-mobile-friendly-for-the-most-part,,2026-07-12
https://arbco.itch.io/mutants-in-the-mini-old-school-renaissance/devlog/1581115/mutants-in-the-mini-osr-update,,2026-07-12
https://inde-production.itch.io/owtfa/devlog/1581116/-launching-owtfa-beta-the-ultimate-face-to-face-experience-on-mobile,,2026-07-12
https://zendorfvault.itch.io/fantasy-system-monitor/devlog/1581117/overlay-now-available,,2026-07-12
https://pyrewake-studios.itch.io/whispers-of-gods/devlog/1581118/critical-strikes-new-areas-combat-balance-,,2026-07-12
https://jean-heon.itch.io/fayro-kampo-vr/devlog/1581119/the-fix-of-water,,2026-07-12
https://pyxel-forge.itch.io/pyxel-art-forge/devlog/1581120/devlog-4-brushes,,2026-07-12
https://itch.io/blog/1581121/borro-super-oficial-sistema-operativo,,2026-07-12
https://krogen3d.itch.io/shading-tools/devlog/1581122/update-15,,2026-07-12
https://mikethetech.itch.io/bourbon26/devlog/1581123/whats-new-in-267102,,2026-07-12
https://itch.io/blog/1581124/my-childhood-cardboard-puppet-show-that-refuses-to-end,,2026-07-12
https://minusthekidd.itch.io/horse-craft/devlog/1581125/first-major-update,,2026-07-12
https://barefoot-boi.itch.io/the-tormentor/devlog/1581126/new-variant,,2026-07-12
https://juanma2k.itch.io/critical-choice/devlog/1581127/side-bpart-ii-spanish-version-11-minor-bugs-fixed-and-improvement-difficulty,,2026-07-12
https://itch.io/blog/1581128/-my-discord-server-is-live-free-exclusive-assets-early-access-games,,2026-07-12
https://fertile-soil-productions.itch.io/mast/devlog/1581129/mast-is-back-and-20,,2026-07-12
https://itch.io/blog/1581130/update,,2026-07-12
https://sharinganelites.itch.io/modsn-utilities-random-loot-generator-rpg-maker-mz/devlog/1581131/devlog-update-july-10-2026,,2026-07-12
https://itch.io/blog/1581132/driftlight-demo-out-now,,2026-07-12
https://cheesy-cookie-corp.itch.io/celsius/devlog/1581133/tutorial-on-game-crashes-fix,,2026-07-12
https://gammarascal.itch.io/ithoo/devlog/1581134/ithoo-113-res-emulator-support,,2026-07-12
https://sapphirelight.itch.io/unending-aqua-demo/devlog/1581135/demo-update-version-013,,2026-07-12
https://erinwave.itch.io/phluxel/devlog/1581136/phluxel-launches-paint-simulate-export-cellular-automata,,2026-07-12
https://rangefinder-game-dev.itch.io/rangefinder/devlog/1581137/monsters-and-inspirations-in-rangefinder,,2026-07-12
https://your-average-game-dev.itch.io/the-old-west/devlog/1581138/v001-alphaprototype-is-out-now,,2026-07-12
https://sadoskitty.itch.io/minesweeper-plus-ce/devlog/1581139/v062,,2026-07-12
https://rootdevnjot.itch.io/rootspire/devlog/1581140/dev-log-3-new-ui-and-some-other-minor-changes,,2026-07-12
https://theregulartheory.itch.io/conduct-demo/devlog/1581141/the-journey-begins,,2026-07-12
https://nyxthetics.itch.io/slotbound/devlog/1581142/druids-seasons-buffed-new-save-system,,2026-07-12
https://candlewaxscribe.itch.io/wizards-warriors-and-wanderers/devlog/1581143/refined-rules,,2026-07-12
https://chulian-zzz.itch.io/endless-advens/devlog/1581144/i-ran-out-of-ideas,,2026-07-12
https://akrucious.itch.io/godotauto/devlog/1581145/most-wanted,,2026-07-12
https://makisigtech.itch.io/infected-vanguard/devlog/1581146/version-101,,2026-07-12
https://arisamiga.itch.io/mnemosyne/devlog/1581147/release-130,,2026-07-12
https://hampterdev12.itch.io/cubious/devlog/1581148/07beta1,,2026-07-12
https://thalunadev.itch.io/thaluna-real-time-translator/devlog/1581149/-thaluna-v32d-better-game-lens-visibility-controls-shortcut-improvements,,2026-07-12
https://ucoun.itch.io/chaos-cheesedown/devlog/1581150/update-13,,2026-07-12
https://bryolecz.itch.io/sonata-capriccio/devlog/1581151/sc-new-art-style-update-5,,2026-07-12
https://ultimatum-games.itch.io/eatmanman/devlog/1581152/eatmanman-demo-11-update,,2026-07-12
https://brothercompost.itch.io/zombie-speed-golf/devlog/1581154/version-02-coming-soon,,2026-07-12
https://hyperbulletstudio.itch.io/exo/devlog/1581155/dev-log-exo,,2026-07-12
https://didzisprocoder.itch.io/fighting-game/devlog/1581156/progress-patch-1,,2026-07-12
https://burnettn.itch.io/jurassic-park-explorer/devlog/1581157/jurassic-park-explorer-04-release,,2026-07-12
https://lockman11.itch.io/below-the-stone/devlog/1581158/minor-update-110-changelog,,2026-07-12
https://obsidianstardigital.itch.io/hot-aisle/devlog/1581159/hot-aisle-update-2,,2026-07-12
https://theneuronaut.itch.io/the-neuronauts-nsfw/devlog/1581160/week-5-is-live,,2026-07-12
https://fillinghamgames.itch.io/fire-mission-grid/devlog/1581161/fire-mission-grid-20,,2026-07-12
https://theneuronaut.itch.io/the-neuronauts/devlog/1581162/week-5-is-live,,2026-07-12
https://tme520.itch.io/idol-natsumi/devlog/1581163/update-17-is-here,,2026-07-12
https://pinebrook-games.itch.io/project-thrust-early-access/devlog/1581166/release-project-thrust-073-public-and-080-private,,2026-07-12
https://tdgao.itch.io/ps-maker/devlog/1581168/big-updates-027-to-029,,2026-07-12
https://vetrex09.itch.io/swat-game-demo/devlog/1581169/server-browser,,2026-07-12
https://nykot.itch.io/anomaly-inc/devlog/1581170/bug-fix-release-0151,,2026-07-12
https://itch.io/blog/1581171/actualizacin-final-de-contenido,,2026-07-12
https://itch.io/blog/1581172/question-for-you-guys,,2026-07-12
https://anheiy.itch.io/obgob/devlog/1581173/demo-v03-locations-ui,,2026-07-12
https://ananaxiniisan.itch.io/nexus-sector-01/devlog/1581174/v12-new-weapon-volume-controls-and-saved-progress,,2026-07-12
https://aeonstudios.itch.io/aeon-ultra/devlog/1581175/devlog-009,,2026-07-12
https://etherealrots.itch.io/the-pact/devlog/1581176/my-first-ever-game,,2026-07-12
https://waywardarts.itch.io/tale-of-the-tides/devlog/1581177/july-10-2026-dev-update,,2026-07-12
https://king-alex-gilbert.itch.io/king-pong/devlog/1581178/first-major-update-for-king-pong-launched,,2026-07-12
https://esunofontes.itch.io/volleyballs/devlog/1581179/new-bg-about-the-season,,2026-07-12
https://azkron.itch.io/rogue-collector/devlog/1581180/-rogue-collector-v0214-environment-fixes-,,2026-07-12
https://scratchhoax.itch.io/a2b6/devlog/1581181/small-update,,2026-07-12
https://producciones-marte.itch.io/tiroteo-presidial-3d/devlog/1581182/reajuste,,2026-07-12
https://thurraya.itch.io/pixel-paradise-interiors-asset-pack-16x16px/devlog/1581183/pixel-paradise-citys-exteriors-assets-pack-release,,2026-07-12
https://monarch3dforgegames.itch.io/desert-fangs-the-arachnid-pact/devlog/1581184/time-to-evolve,,2026-07-12
https://coraxe.itch.io/apple-of-his-eye/devlog/1581185/deadline-update,,2026-07-12
https://memorama.itch.io/herramientas-experiencia-asistente/devlog/1581186/devlog-01-lanzamiento-de-la-suite-de-anlisis-de-experiencia-v010-early-access,,2026-07-12
https://luni-art13.itch.io/jugo-de-rosas/devlog/1581187/me-equivoque,,2026-07-12
https://mnew22.itch.io/bastion-heart/devlog/1581188/update-02-for-demo,,2026-07-12
https://playrevolv.itch.io/revolv/devlog/1581189/player-feedback-round-1-pause-countdown-and-landscape-fixes,,2026-07-12
https://mnew22.itch.io/webgl-bastion-heart-demo-webgl/devlog/1581190/update-02-for-demo,,2026-07-12
https://mmdevera.itch.io/farclip/devlog/1581192/farclip-is-now-on-itchio-engine-native-scene-analysis-for-unreal-unity-and-godot,,2026-07-12
https://rasgou.itch.io/pebol/devlog/1581194/pebol-v002-poc-released,,2026-07-12
https://korvu-verifed.itch.io/drift/devlog/1581195/the-road-to-drift-026-aka-the-art-update,,2026-07-12
https://fh-studios.itch.io/femboy-hotel/devlog/1581196/femboy-hotel-08-major-update,,2026-07-12
https://barryleewentz.itch.io/the-road-to-blackstone-primer-to-hollow-below/devlog/1581197/on-the-road-to-blackstone-a-free-primer,,2026-07-12
https://asarydayo.itch.io/no-way-out/devlog/1581198/v2-bosses-and-balancing-update,,2026-07-12
https://thecastlebuilder.itch.io/void-technicians/devlog/1581199/version-03,,2026-07-12
https://lunartidesoftware.itch.io/mediaexplorer/devlog/1581200/mediaexplorer-111-is-now-available,,2026-07-12
https://beanshootoutguy.itch.io/the-great-bean-shootout/devlog/1581202/update-v094-publicbeta,,2026-07-12
https://hak0301.itch.io/bloom-blocks/devlog/1581203/bloom-blocks-is-out-plus-6-more-free-browser-games-on-our-new-site,,2026-07-12
https://aludeku.itch.io/digital-partner-digimon/devlog/1581204/big-optimization-update-some-digimon-and-fixes,,2026-07-12
https://gafaszt2.itch.io/space-horizons/devlog/1581206/launch-demo-pre-order-and-more-details,,2026-07-12
https://skeletonsoftware.itch.io/decay-chain/devlog/1581207/v008-patch-notes,,2026-07-12
https://chaulois.itch.io/fright-massive/devlog/1581208/discontinued,,2026-07-12
https://raymag2.itch.io/dimenguard/devlog/1581209/dimenguard-launch-104-fall-deeper,,2026-07-12
https://thrafec.itch.io/featherbound-to-the-frontier/devlog/1581210/minor-change-1-4,,2026-07-12
https://metalwar.itch.io/lands-of-folklore/devlog/1581211/-devlog-43-building-the-workflow,,2026-07-12
https://cjrm96.itch.io/car-guy-simulator/devlog/1581212/the-big-build-fresh-art-deeper-scene-a-results-glow-up,,2026-07-12
https://hayydn.itch.io/sherbet-city/devlog/1581214/initial-build,,2026-07-12
https://itch.io/blog/1581215/july-03072601,,2026-07-12
https://trueworldstudios.itch.io/alteredblood/devlog/1581216/important-playtest-update,,2026-07-12
https://gafaszt2.itch.io/castle-triumph-d/devlog/1581217/free-update-v08-yess,,2026-07-12
https://attemptedairstudios.itch.io/ayre-battles/devlog/1581218/ayre-battles-heritage-academy-version-100,,2026-07-12
https://mdawg74.itch.io/vibe-tanks/devlog/1581219/v313-your-taps-stop-getting-stuck-in-line-and-iphone-music-stops-falling-apart,,2026-07-12
https://maras-gaming.itch.io/cruelty-beta/devlog/1581221/its-finally-here11111111111,,2026-07-12
https://cancler.itch.io/bigfoot-hunters/devlog/1581222/its-real-and-the-doors-open,,2026-07-12
https://nameless-collective.itch.io/anachronism/devlog/1581223/how-to-get-the-player,,2026-07-12
https://itch.io/blog/1581224/one-page-rpg-jam-recommendations,,2026-07-12
https://aguier.itch.io/ai-trainer-simulator/devlog/1581225/the-bundle-math-4-browser-games-for-19-vs-25-individual,,2026-07-12
https://jellypixstudio.itch.io/summer-exchange/devlog/1581226/kylee-just-slid-in-your-dms-wyd,,2026-07-12
https://nocreativename514.itch.io/mechgame/devlog/1581227/early-progress-recordings-april-24th-to-may-3rd,,2026-07-12
https://fushidarana.itch.io/cost-of-honor/devlog/1581228/-,,2026-07-12
https://guidedtothenorth.itch.io/bojo/devlog/1581229/bojo021,,2026-07-12
https://playbluf.itch.io/bluf/devlog/1581230/bluf-v100,,2026-07-12
https://aguier.itch.io/d-line-4-game-bundle-4-browser-games-in-one/devlog/1581231/the-bundle-math-4-browser-games-for-19-vs-25-individual,,2026-07-12
https://idiothippo.itch.io/seasonaut/devlog/1581232/104-probably-final-demo-patch,,2026-07-12
https://snapdragonhub.itch.io/snapdragon/devlog/1581233/art-pass-a-more-stylized-direction,,2026-07-12
https://izzyfollin.itch.io/infinite-transrecursive-megamnemonic-yield/devlog/1581234/initial-upload,,2026-07-12
https://pico-nico-productions.itch.io/automata/devlog/1581235/initial-design-notes,,2026-07-12
https://israelreyes38575.itch.io/fun-monke-horror-source-code/devlog/1581236/v235-is-here,,2026-07-12
https://yazzs.itch.io/a-bloody-masterpiece/devlog/1581237/fixed-the-problem-with-the-downloadable-files,,2026-07-12
https://serenetitan.itch.io/abe/devlog/1581238/abe-v030,,2026-07-12
https://jav-it.itch.io/jav-it-tool/devlog/1581239/patreon-build-p207-simulation-engine-translation-engine-updates-and-more,,2026-07-12
https://jav-it.itch.io/jav-it-tool/devlog/1581240/patreon-subtitle-definitions-v45,,2026-07-12
https://itch.io/blog/1581242/check-out-my-neocities,,2026-07-12
https://dominiongamesofficial1.itch.io/war-3d/devlog/1581243/war-3d-v15-update,,2026-07-12
https://cryingplusplus.itch.io/luminara/devlog/1581244/devlog-32-damages-and-resistances,,2026-07-12
https://riftgamesceo.itch.io/eldercubebeta/devlog/1581245/elder-cube-updates-and-upcoming-features,,2026-07-12
https://un-average-human.itch.io/holy-tequila/devlog/1581246/bug-fixes,,2026-07-12
https://chunq.itch.io/abacus-clicker/devlog/1581247/v012,,2026-07-12
https://james-hendry.itch.io/xerxesian-chronicles/devlog/1581248/version-023-now-out,,2026-07-12
https://bulmabriefs144.itch.io/oracle-of-tao/devlog/1581249/fly-you-fools,,2026-07-12
https://leonyxtera-studios.itch.io/25th-hour-overtime/devlog/1581250/roadmap-de-hitos-25th-hour-overtime,,2026-07-12
https://trideapthbear.itch.io/factory-game/devlog/1581251/alpha-11,,2026-07-12
https://thatonebilly.itch.io/billy-world-new-demo-playtest/devlog/1581252/whats-expected-for-the-plastic-rigatoni-demo,,2026-07-12
https://caprock64draws.itch.io/sno-money/devlog/1581253/sno-money-out-now,,2026-07-12
https://monarch3dforgegames.itch.io/desert-fangs-the-arachnid-pact/devlog/1581254/multiplayer-and-waves,,2026-07-12
https://itch.io/blog/1581255/milpies-laberinto,,2026-07-12
https://otrhvn.itch.io/iron-abyss/devlog/1581256/new-audio-and-soundscape,,2026-07-12
https://kiro-ramy-entertainments.itch.io/barney-error-0-v2/devlog/1581257/barney-error-0-v21-update,,2026-07-12
https://itch.io/blog/1581258/mock-up-example-4,,2026-07-12
https://deathglider2.itch.io/phantasiai/devlog/1581259/phantasiai,,2026-07-12
https://seanjdunsmore.itch.io/recharged/devlog/1581260/11-release,,2026-07-12
https://realedg.itch.io/ballys-funhouse/devlog/1581261/bfhrballys-funhouse-remastered-is-cancelled-for-now,,2026-07-12
https://crusator.itch.io/crusator/devlog/1581262/robot-transformation,,2026-07-12
https://bleachmama.itch.io/deadextraction/devlog/1581263/demo-bug-fix,,2026-07-12
https://emiliokolo.itch.io/bubble-wrap-idle/devlog/1581264/added-saving-to-the-game,,2026-07-12
https://nameless-collective.itch.io/anachronism/devlog/1581265/menu-mayhem,,2026-07-12
https://spectre-dev.itch.io/dungeons-of-retro-v1/devlog/1581266/official-asset-pack,,2026-07-12
https://spaceoaxacan.itch.io/protectores-de-la-profundidad/devlog/1581267/avances-de-la-semana-2-programacin-y-modelado,,2026-07-12
https://pop-shop-packs.itch.io/subscribercity/devlog/1581268/general-update,,2026-07-12
https://lukemartin0.itch.io/brewfrog/devlog/1581269/update-01,,2026-07-12
https://nameless-collective.itch.io/anachronism/devlog/1581270/the-sound-of-music,,2026-07-12
https://johnnybuzt.itch.io/neko-no-akuma/devlog/1581271/castle-stealth-level-development,,2026-07-12
https://nameless-collective.itch.io/anachronism/devlog/1581272/synchronizing-keybind-text-with-enhanced-input,,2026-07-12
https://monarch3dforgegames.itch.io/desert-fangs-the-arachnid-pact/devlog/1581273/mac-os-port-is-out,,2026-07-12
https://spaceoaxacan.itch.io/protectores-de-la-profundidad/devlog/1581274/avances-de-la-semana-3-finalizacion-de-detalles,,2026-07-12
https://tbd2607.itch.io/flybot/devlog/1581276/ayush-dhakal-pause-menu-and-main-menu-issue,,2026-07-12
https://jazz-boy.itch.io/knock-out-arcade/devlog/1581277/bugfix-patch-0121-is-now-live,,2026-07-12
https://vilerebis.itch.io/full-body-complex/devlog/1581278/demo-uploading-soon,,2026-07-12
https://jonsprojects.itch.io/psyche/devlog/1581279/v0216-practice-mode,,2026-07-12
https://updogjp.itch.io/hoard/devlog/1581280/devlog-1,,2026-07-12
https://justgeno.itch.io/combined-realitys/devlog/1581281/out-of-this-world-v2,,2026-07-12
https://monterothorne.itch.io/hollow-tree/devlog/1581282/chapter-1-is-out-now,,2026-07-12
https://theneuronaut.itch.io/the-neuronauts-nsfw/devlog/1581283/android-apk-updated,,2026-07-12
https://redbeanai.itch.io/redbean/devlog/1581284/redbean-is-now-live-on-itchio,,2026-07-12
https://designchaos.itch.io/invasion-anarchy/devlog/1581285/invasion-anarchy-12,,2026-07-12
https://mygameaccount.itch.io/recs/devlog/1581286/rec-area-is-a-2016-rec-room-revival,,2026-07-12
https://chunq.itch.io/abacus-clicker/devlog/1581287/v013,,2026-07-12
https://itch.io/blog/1581288/the-underground-studio-has-changed-demo-2-update,,2026-07-12
https://super-cheesy-pizza.itch.io/hammy-horde/devlog/1581290/game-jam-day-9-saving,,2026-07-12
https://zeftarim.itch.io/third-person-controller-shoulder-camera/devlog/1581291/update-v11-new-camera-dither-system-fixes,,2026-07-12
https://fgg-studios.itch.io/fgg-2/devlog/1581293/fgg-log-0-the-first-one,,2026-07-12
https://holkindesign.itch.io/4tress/devlog/1581294/3-settlements-defend-build-and-grow,,2026-07-12
https://aj-studio-com.itch.io/aj-audio-player/devlog/1581295/upcoming-changes,,2026-07-12
https://fearvrred426.itch.io/cghmergereality/devlog/1581296/mountain-revamp,,2026-07-12
https://holkindesign.itch.io/4tress/devlog/1581297/2-fortify-towers-upgrades-and-smarter-enemies,,2026-07-12
https://holkindesign.itch.io/4tress/devlog/1581299/1-outposts-structures-in-the-fog,,2026-07-12
https://datis2.itch.io/niccolo-mage/devlog/1581300/devlog-4-rediseo-y-mejoras-generales,,2026-07-12
https://pnwgames.itch.io/dead-letters-kelvik-station/devlog/1581301/dead-letters-kelvik-station-v100,,2026-07-12
https://jav-it.itch.io/jav-it-tool/devlog/1581302/itchio-build-v1717-simulation-engine-fix,,2026-07-12
https://thindil.itch.io/steam-sky/devlog/1581303/weekly-development-report-20260711,,2026-07-12
https://funnybloodstudio.itch.io/ebb-and-flow/devlog/1581305/v11,,2026-07-12
https://jrsoft.itch.io/8bits-ools/devlog/1581306/8-bits-20-descargable-,,2026-07-12
https://novaverse.itch.io/roosters-feather-fury-mmorpg/devlog/1581307/13,,2026-07-12
https://masnguyen.itch.io/truyen-thuyet-ebook/devlog/1581308/v4-hon,,2026-07-12
https://jesschild85.itch.io/gun-em-down-backrooms-edition/devlog/1581309/update-12-major-update,,2026-07-12
https://itch.io/blog/1581311/update-and-why-things-have-been-taking-so-long,,2026-07-12
https://zioniswavy.itch.io/lil-wimbly-pocket-2-the-devils-five-angels/devlog/1581312/lil-wimbly-pocket-2-is-out,,2026-07-12
https://wolfsregen.itch.io/beasts-of-the-thorns/devlog/1581313/beasts-of-the-thorns1658-updata,,2026-07-12
https://blueriverrun.itch.io/the-feige-rose-observation-journal/devlog/1581314/260711-new-my-records,,2026-07-12
https://itch.io/blog/1581315/music,,2026-07-12
https://hany76877.itch.io/dont-touch/devlog/1581316/-dont-touch-is-now-available,,2026-07-12
https://zerobadideas.itch.io/shirleys-summer-spent-spinning/devlog/1581317/player-feedback-fixes,,2026-07-12
https://djlapso.itch.io/five-nights-at-maxi-e-cheeses-demo/devlog/1581318/actu-de-la-demo,,2026-07-12
https://itch.io/blog/1581319/airballs-legends-game,,2026-07-12
https://darthpackman.itch.io/artfight-arena/devlog/1581320/day-10,,2026-07-12
https://aetervara-games.itch.io/mr-briggs-and-the-forgotten-location/devlog/1581321/new-content-night-6-custom-night,,2026-07-12
https://quietware.itch.io/screen-shelf/devlog/1581322/screenshelf-113,,2026-07-12
https://posionfox.itch.io/lehorrid/devlog/1581323/v130-release,,2026-07-12
https://ivo-murillo-melgar.itch.io/misin-hoyo-negro/devlog/1581324/misin-hoyo-negro,,2026-07-12
https://viznity.itch.io/hellasure/devlog/1581326/hellasure-demo-is-now-available,,2026-07-12
https://toklesar1.itch.io/simple-life-sim/devlog/1581327/v102,,2026-07-12
https://holkindesign.itch.io/4tress/devlog/1581328/4-grow-your-settlement-farms-market-and-the-outpost,,2026-07-12
https://oddbit-studios.itch.io/void-wake/devlog/1581329/devlog-signal-reclamation-update,,2026-07-12
https://yooshigames.itch.io/reya-the-elf/devlog/1581331/073-update,,2026-07-12
https://smallishbat.itch.io/serious-carousel/devlog/1581332/v02-updates,,2026-07-12
https://dungjastudio.itch.io/homeswisshome/devlog/1581333/devlog-2-ang-dung,,2026-07-12
https://omen-gila.itch.io/destello/devlog/1581334/destello-v33,,2026-07-12
https://ckimport.itch.io/spinfluencer/devlog/1581335/post-jam-patch,,2026-07-12
https://splosions-studios.itch.io/noia-online/devlog/1581337/build-v075,,2026-07-12
https://ldspn.itch.io/free-64x64-pixel-icon-sample-pack/devlog/1581338/free-64x64-pixel-icon-sample-pack-is-live,,2026-07-12
https://madcapper.itch.io/forgetting/devlog/1581339/devlog-july-102026,,2026-07-12
https://fivepointsgames.itch.io/the-road-is-the-enemy/devlog/1581340/crowdfunding-and-beyond,,2026-07-12
https://zhdan-games.itch.io/zhdan-glowline-drive/devlog/1581341/release-122-visual-bug-fixes,,2026-07-12
https://yayreadygames.itch.io/my-roommate-is-a-refugee-elf/devlog/1581342/devlog-new-card-navigation-,,2026-07-12
https://infogoblin.itch.io/of-shrooms-and-mind-rending-eldritch-horrors-from-another-dimension/devlog/1581343/111-out-game-fully-mobile-compatible-insert-maniacal-laughter-and-prompt-choking-here,,2026-07-12
https://worker-ant-games.itch.io/make-honey/devlog/1581344/out-now,,2026-07-12
https://gamerevolutionx.itch.io/flappy-haland/devlog/1581345/new-game,,2026-07-12
https://studiokoinu.itch.io/fitness-timer/devlog/1581348/update-get-ready-countdown-added,,2026-07-12
https://quietware.itch.io/focus-form/devlog/1581349/focusform-102,,2026-07-12
https://cynthiatool.itch.io/bunny-priest-character-sprite-16-bit-pixel-art/devlog/1581350/anica-bunny-priest-character-sprite-is-now-available,,2026-07-12
https://garakutaya.itch.io/tincle-hybrid-3d-lab/devlog/1581351/new-tool,,2026-07-12
https://eros-creative.itch.io/lust-and-leases/devlog/1581352/v012-patch-notes,,2026-07-12
https://argenticmedia.itch.io/crankimation-studio/devlog/1581354/crankimation-studio-my-foolish-quest-to-make-life-easier,,2026-07-12
https://ghyperon.itch.io/waifu-domination/devlog/1581355/update-notice,,2026-07-12
https://mat-html.itch.io/undead-recon-v07/devlog/1581356/undead-recon-v0710,,2026-07-12
https://ldspn.itch.io/animated-rpg-equipment-icons-64x64/devlog/1581357/rpg-equipment-icons-are-updated-with-a-free-sample-path,,2026-07-12
https://matawaristudio.itch.io/assassins-inc/devlog/1581358/devlog-1-building-the-veil-one-system-at-a-time,,2026-07-12
https://aladba-studios.itch.io/aladba-escape-the-backrooms/devlog/1581359/minor-update,,2026-07-12
https://asleepkiwi.itch.io/the-assessors-ledger/devlog/1581360/the-assessors-ledger-v004-public,,2026-07-12
https://starstriker10.itch.io/fantasy-brothel/devlog/1581361/fantasy-brothel-v01,,2026-07-12
https://itch.io/blog/1581363/im-planning-to-finish-this-game-over-the-summer,,2026-07-12
https://itch.io/blog/1581364/custom-rpg-maker-mvmz-plugins-feature-requests-compatibility-work,,2026-07-12
https://kalachama.itch.io/teskyra/devlog/1581365/teskyra-completed-and-launched-development-notes,,2026-07-12
https://ldspn.itch.io/animated-rpg-equipment-icons-64x64/devlog/1581368/how-i-organize-transparent-64x64-rpg-icon-packs-for-inventory-uis,,2026-07-12
https://onlygoodgames.itch.io/wild-futanari-college/devlog/1581370/wild-futanari-college-003-meet-mila-the-busty-blonde-futanari,,2026-07-12
https://itch.io/blog/1581371/v52-new-feature,,2026-07-12
https://haptales.itch.io/romcom-divergence/devlog/1581373/chapter-5-devlog-8,,2026-07-12
https://sr-vicente12.itch.io/idlepy/devlog/1581374/0xiii-performance-boost-critical-balancing,,2026-07-12
https://vycos.itch.io/my-game/devlog/1581375/gameloop,,2026-07-12
https://volvic-gotou-san.itch.io/stellar-delete/devlog/1581376/ver16,,2026-07-12
https://quantumgames-studio.itch.io/the-machinegg/devlog/1581378/new-version-coming-soon-on-google-play-too,,2026-07-12
https://fdoka.itch.io/rpg-consumables/devlog/1581379/rpg-consumables-potions-icon-pack-now-live-with-playable-demo,,2026-07-12
https://johncrank.itch.io/crank-clash/devlog/1581380/changelog-v184,,2026-07-12
https://kcamberart.itch.io/friends-of-strawberry-demo/devlog/1581381/small-changes,,2026-07-12
https://johncrank.itch.io/crank-clash/devlog/1581382/changelog-v185,,2026-07-12
https://sweet-crown-games.itch.io/spinware/devlog/1581383/new-update,,2026-07-12
https://noxiusvi.itch.io/love-in-concrete/devlog/1581384/controller-support,,2026-07-12
https://arghouse.itch.io/terraforma-128/devlog/1581385/release-105,,2026-07-12
https://aerosys.itch.io/rng-maps/devlog/1581386/some-bugs-fixed,,2026-07-12
https://diego-new78.itch.io/a-generic-remedy-swap-mod/devlog/1581387/new-thumbnail,,2026-07-12
https://itch.io/blog/1581388/change-business-details-in-udyam-registration-certificate-easily-edit-now,,2026-07-12
https://itch.io/blog/1581389/summer-retrogame-bundle-available-now,,2026-07-12
https://yakshawan.itch.io/haruna-on-screen/devlog/1581390/-v110-ollama-local-model-support,,2026-07-12
https://itch.io/blog/1581391/-devlog-tired-of-paywalled-life-sims-simple-life-sim-is-here-and-i-need-your-feedback,,2026-07-12
https://arcticmoosegames.itch.io/evolution/devlog/1581392/version-beta-20,,2026-07-12
https://blazeworksgames.itch.io/grimspin/devlog/1581394/grimspin-changelog-071026,,2026-07-12
https://moonfire-games.itch.io/the-dance-with-fire/devlog/1581395/-the-dance-with-fire-chapter-1-build-is-almost-complete-read-on-to-see-release-dates-july-week-2-announcement,,2026-07-12
https://roninv.itch.io/subaqua/devlog/1581396/actualizacin-10,,2026-07-12
https://guwlpaws.itch.io/helldemonhunt/devlog/1581397/demov102,,2026-07-12
https://itch.io/blog/1581398/behind-the-scenes-qa-on-dungeon-raiders,,2026-07-12
https://studio-were.itch.io/fingers-crossed/devlog/1581399/fingers-crossed-revamp-putting-my-chips-down-for-now,,2026-07-12
https://remix619.itch.io/epoch-mayhem/devlog/1581400/v111-update,,2026-07-12
https://poapop-dev.itch.io/pitch-sweeper/devlog/1581401/scoreboard-update,,2026-07-12
https://alvarlaigna.itch.io/dust-runner/devlog/1581402/web-build-update,,2026-07-12
https://viniflores.itch.io/that-time-i-reincarnated-as-a-tyrant-god/devlog/1581403/full-rework-of-tree-major-update,,2026-07-12
https://itch.io/blog/1581404/thank-you-every-one-we-reached-1000-views,,2026-07-12
https://healthpotgames.itch.io/brothel-slop/devlog/1581405/brothel-slop-update-12,,2026-07-12
https://becool3000.itch.io/zigsand3d/devlog/1581406/devlog-1-i-put-a-tiny-world-on-the-gpu-and-it-started-growing-fish,,2026-07-12
https://perfectly-marvelous.itch.io/sexual-revolution/devlog/1581407/sexual-revolution-04-is-out-now-for-everyone,,2026-07-12
https://spyrmint.itch.io/windows-checkup/devlog/1581408/were-back-on-track,,2026-07-12
https://editerpro.itch.io/click-the-button/devlog/1581409/161,,2026-07-12
https://veltes.itch.io/von-neumann/devlog/1581410/v04173,,2026-07-12
https://zvuran.itch.io/shadows-of-oblivion/devlog/1581411/new-update-in-soo,,2026-07-12
https://noahboyz79.itch.io/matron/devlog/1581412/matron-v111-patch,,2026-07-12
https://user2-moo.itch.io/project-dream/devlog/1581414/2026-07-11-update,,2026-07-12
https://delsusgaming.itch.io/culinary-quest/devlog/1581415/real-recipes,,2026-07-12
https://graytest.itch.io/var-engine/devlog/1581416/suction-pump-pruzhina,,2026-07-12
https://inside-games.itch.io/no-way-out/devlog/1581417/kopdes-game-backroomss,,2026-07-12
https://focusfocus.itch.io/dead-air/devlog/1581418/v0036-day-1-hotfixes-infrastructure-optimization-backlog-additions,,2026-07-12
https://duckhzk.itch.io/monster-dungeon/devlog/1581419/monster-dungeon,,2026-07-12
https://uowmgames.itch.io/deer/devlog/1581420/work-of-4-months-quest-developer-tools,,2026-07-12
https://dimathekotik.itch.io/granny-infernal-mode/devlog/1581421/update-11,,2026-07-12
https://mavpabuf.itch.io/d20-magic-dice/devlog/1581422/d20-magic-dice-v-101-out-for-patreon,,2026-07-12
https://viatrufka.itch.io/sgpr/devlog/1581423/v058,,2026-07-12
https://thetotalunknown2341.itch.io/a-journey-project/devlog/1581424/0820-update-movement-animated,,2026-07-12
https://in-hell.itch.io/elyseum/devlog/1581425/the-birth-of-elyseum,,2026-07-12
https://hammeryeet.itch.io/empty-crosses/devlog/1581426/build-15-hotfix-and-android-release,,2026-07-12
https://trace110.itch.io/countriesatwar/devlog/1581427/countries-at-war-03-update,,2026-07-12
https://tornadosike.itch.io/please-step-forward/devlog/1581428/content-update-the-experience-is-complete,,2026-07-12
https://lunareyesstudio.itch.io/ammit-by-lunar/devlog/1581429/ammit-v11-hotfix,,2026-07-12
https://akrucious.itch.io/godotauto/devlog/1581430/player-housing,,2026-07-12
https://l2n-game-studio.itch.io/oikizo/devlog/1581431/launch-devlog-en,,2026-07-12
https://kalamaya.itch.io/wingit/devlog/1581433/change-title,,2026-07-12
https://zan-animations012.itch.io/relax-games/devlog/1581434/relax-games-version-11,,2026-07-12
https://2kaystudioofficial.itch.io/wandering-relics/devlog/1581435/wandering-relics-chapter-7-morning-light-and-unanswered-questions,,2026-07-12
https://samasgari.itch.io/gjerdingsaeterkvadet/devlog/1581436/ny-politisk-informasjonsskjerm,,2026-07-12
https://rikkles.itch.io/deathlord-relorded/devlog/1581437/hdv-issues-and-multiplatform,,2026-07-12
https://aikoquasesensei.itch.io/omdi/devlog/1581438/prvia-da-criao-de-personagem-1-votao,,2026-07-12
https://klarahatfield.itch.io/herbalist-cat-garden/devlog/1581439/dream-essence-extraction-minigame-polish,,2026-07-12
https://uowmgames.itch.io/deer/devlog/1581441/work-of-472026-quest-widget-showcase,,2026-07-12
https://maciaz.itch.io/rebound/devlog/1581442/bankshot-previously-rebound-update-new-toys-new-levels-and-a-little-guy-for-your-desktop,,2026-07-12
https://slothcube-studios.itch.io/backrooms-out-of-oxygen/devlog/1581443/bug-fixes-5,,2026-07-12
https://mrpurpleduck.itch.io/pound-to-pounded/devlog/1581444/pound-to-pounded-202607-update,,2026-07-12
https://anndev.itch.io/farbound/devlog/1581445/devlog-2,,2026-07-12
https://itch.io/blog/1581447/nactis-adventure-1,,2026-07-12
https://unspeakablyhorriblegames.itch.io/insatiable/devlog/1581448/02910-pushed-changelog-below,,2026-07-12
https://itch.io/blog/1581449/summer-adult-games-last-chance,,2026-07-12
https://jonathanneels.itch.io/fist-first-fighting-engine/devlog/1581450/return-to-middle-lane-working-multiplayer-from-a-zstill-testing-required,,2026-07-12
https://itch.io/blog/1581451/chaos-rising-expedition-mapping-devlog-video,,2026-07-12
https://sekalipakaibuang.itch.io/minggat/devlog/1581452/111-hotfix,,2026-07-12
https://pandomando.itch.io/2on3thousand/devlog/1581453/w,,2026-07-12
https://furrydreamslab.itch.io/furry-adventure-club-temple-of-pawsion/devlog/1581454/furry-adventure-club-and-the-temple-of-pawsion-002-free-update-is-now-live,,2026-07-12
https://griecases.itch.io/prominence-zenith-apex-run/devlog/1581455/devlog-2-core-progress-pipeline-breakthroughs,,2026-07-12
https://sunset-studio.itch.io/project-sunset/devlog/1581456/patch-notes-132,,2026-07-12
https://sebasticat.itch.io/cowitch/devlog/1581458/bossdesign,,2026-07-12
https://lichingchester.itch.io/screen-pet-engine-demo/devlog/1581459/public-demo-is-out,,2026-07-12
https://ultimateshrimpy.itch.io/rustic-escape/devlog/1581460/sound-fixes,,2026-07-12
https://georgepa.itch.io/aftermath/devlog/1581461/aftermath-is-out-now,,2026-07-12
https://jonasz-o.itch.io/fpp-camera-behavior/devlog/1581462/v1008,,2026-07-12
https://curs3d-doll.itch.io/oculus-x/devlog/1581463/bullet-hell-challenge-preview,,2026-07-12
https://itch.io/blog/1581464/smarter-village-growth-starts-here-bellwrightcc,,2026-07-12
https://the-sailor.itch.io/scoundel-redux/devlog/1581465/scoundrel-redux-pico-8,,2026-07-12
https://trinesstudio.itch.io/rose-charisma-modular-anime-male-sprite-pack/devlog/1581467/meet-rose-charisma-why-we-built-a-character-you-can-actually-direct,,2026-07-12
https://last-phase.itch.io/last-phase/devlog/1581468/last-phase-dev-log-july-11-2026,,2026-07-12
https://flauc.itch.io/rise-of-civilizations/devlog/1581469/release-070,,2026-07-12
https://caffeineworks.itch.io/death-whistle/devlog/1581470/updates-on-version-05,,2026-07-12
https://itch.io/blog/1581471/123123,,2026-07-12
https://devendr.itch.io/subject-nineteen/devlog/1581472/devlog-1,,2026-07-12
https://deadreade.itch.io/bundels/devlog/1581473/hypixel-skyblock-f7-boss-fight-terminal-solver-mod-instant-solve-phase-sync-safe-click,,2026-07-12
https://class-5-6.itch.io/iron-oracle/devlog/1581475/this-is-devlog-title,,2026-07-12
https://brave-lion.itch.io/nactis-adventure-1/devlog/1581476/nactis-adventure-1,,2026-07-12
https://deadreade.itch.io/bundels/devlog/1581477/logitech-no-recoil-standalone-macro-utility-for-cs2,,2026-07-12
https://class-5-6.itch.io/iron-oracle/devlog/1581478/this-is-devlog-title,,2026-07-12
https://deadreade.itch.io/bundels/devlog/1581479/razer-no-recoil-macro-macro-utility-for-apex-legends,,2026-07-12
https://shaneronzio.itch.io/nexlundia-issue-0/devlog/1581480/fugitive-faction-issue-55-in-print,,2026-07-12
https://petrichor20270704.itch.io/mechanized/devlog/1581481/ver-020,,2026-07-12
https://samontab.itch.io/private-transcriber-pro/devlog/1581482/private-transcriber-pro-270-word-timed-lyrics-and-leaner-long-file-transcription,,2026-07-12
https://fantasy-labs.itch.io/forbidden-tiles-demo/devlog/1581484/polishing-ui-details-performance,,2026-07-12
https://deadreade.itch.io/bundels/devlog/1581485/logitech-norecoil-script-standalone-macro-utility-for-pubg,,2026-07-12
https://deadreade.itch.io/bundels/devlog/1581486/razer-synapse-4-macros-standalone-macro-utility-for-popular-games,,2026-07-12
https://itch.io/blog/1581487/explore-the-bustling-riverfront-of-erdir,,2026-07-12
https://marpal3.itch.io/a-galactic-conquest-speedrun-simulator/devlog/1581488/the-turning-point-update,,2026-07-12
https://marpal3.itch.io/outward-doctrine/devlog/1581489/the-turning-point-update,,2026-07-12
https://attackbutton.itch.io/escape-camp-stranded/devlog/1581490/long-needed-enemy-fixes-and-other-updates,,2026-07-12
https://staxxik.itch.io/norikas-case/devlog/1581491/norikas-case-season-2-v034,,2026-07-12
https://itch.io/blog/1581492/new-image-set-elatigirl,,2026-07-12
https://gamedev2132432.itch.io/deal-or-no-deal-game-series/devlog/1581493/deal-or-no-deal-germany-release-day,,2026-07-12
https://aces-2.itch.io/evos-rising/devlog/1581494/discord,,2026-07-12
https://neopixelboyco.itch.io/sci-fi-sewer-parallax-background/devlog/1581495/sci-fi-sewer-parallax-background,,2026-07-12
https://magnality-music.itch.io/entropy-liminal-space-music/devlog/1581497/entropy-now-has-a-free-starter-pack,,2026-07-12
https://outsiderartisan.itch.io/hex-free/devlog/1581498/hotfix-034a,,2026-07-12
https://arghouse.itch.io/terraforma-128/devlog/1581499/release-105-patch,,2026-07-12
https://suman38.itch.io/mynovel1/devlog/1581500/mynovel1-update-v140-heads-up,,2026-07-12
https://drawfleshgames.itch.io/invinode/devlog/1581501/alpha-beta-g,,2026-07-12
https://barkhallastudios.itch.io/hexactly/devlog/1581502/v003-add-advanced-levels,,2026-07-12
https://howard7joz8.itch.io/games/devlog/1581503/echoes-of-aincrad-cheat-godmode-unlimited-resources-vr-mastery,,2026-07-12
https://howard7joz8.itch.io/games/devlog/1581504/ea-sports-college-football-27-mod-menu-dynasty-blueprint-unlock-rtg-god-stats-full-scheme-editor,,2026-07-12
https://howard7joz8.itch.io/games/devlog/1581505/path-of-exile-2-maphack-full-map-reveal-efficient-pathing-farming-tools,,2026-07-12
https://last-station2026.itch.io/terminal-station/devlog/1581506/update-030-terminal,,2026-07-12
https://smithdu.itch.io/ashshoot-racer/devlog/1581507/ash-shoot-racer-is-out-nowall-free,,2026-07-12
https://michyox.itch.io/tincle/devlog/1581508/version-003,,2026-07-12
https://howard7joz8.itch.io/games/devlog/1581509/starfield-cheat-menu-godmode-unlimited-credits-galaxy-mastery,,2026-07-12
https://aguier.itch.io/ai-trainer-simulator/devlog/1581510/d-line-launch-sale-25-off-all-4-browser-games-7-days-only,,2026-07-12
https://aguier.itch.io/d-line-4-game-bundle-4-browser-games-in-one/devlog/1581511/d-line-launch-sale-25-off-all-4-browser-games-7-days-only,,2026-07-12
https://aguier.itch.io/d2-light-puzzle/devlog/1581512/d-line-launch-sale-25-off-all-4-browser-games-7-days-only,,2026-07-12
https://elowenofficial.itch.io/teadew/devlog/1581513/patch-v013,,2026-07-12
https://aguier.itch.io/d4-poly-racer/devlog/1581514/d-line-launch-sale-25-off-all-4-browser-games-7-days-only,,2026-07-12
https://aguier.itch.io/d5-sandbox-builder/devlog/1581515/d-line-launch-sale-25-off-all-4-browser-games-7-days-only,,2026-07-12
https://howard7joz8.itch.io/games/devlog/1581516/left-4-dead-2-weapons-modpack-expanded-arsenal-custom-skins-balance-tweaks,,2026-07-12
https://itch.io/blog/1581517/i-need-an-artist,,2026-07-12
https://zorbathut.itch.io/planefarer/devlog/1581518/planefarer-v0117-hits-and-hurts,,2026-07-12
https://kingdompots.itch.io/kantan-avg/devlog/1581519/ver0999-super-kantan-avg-engine-filters-update,,2026-07-12
https://alvarlaigna.itch.io/dust-runner/devlog/1581520/uh-oh-added-some-hex-merge-elements,,2026-07-12
https://tmyproduction.itch.io/lostrelic-demo/devlog/1581521/lostrelic-demo,,2026-07-12
https://lust-tap-studio.itch.io/lust-tap-tsunade/devlog/1581522/lust-tap-tsunade-is-live,,2026-07-12
https://lust-tap-studio.itch.io/lust-tap-sakura/devlog/1581523/lust-tap-tsunade-is-now-live,,2026-07-12
https://wolfan-games.itch.io/cursed-cristmass/devlog/1581524/cursed-cristmass-v10,,2026-07-12
https://angela-demille.itch.io/penlight/devlog/1581525/public-release-016501-nozomi-switch-reckless-path-continuation,,2026-07-12
https://zapps12.itch.io/neondash/devlog/1581526/neondash-update,,2026-07-12
https://leniton.itch.io/super-auto-knights/devlog/1581527/checkpoint-2-107,,2026-07-12
https://b4ux1t3.itch.io/the-foxhole/devlog/1581528/another-year,,2026-07-12
https://emavinn7.itch.io/req/devlog/1581529/le-mans-ultimate-trainer-no-wear-unlimited-fuel-ai-assist-telemetry-tools,,2026-07-12
https://emavinn7.itch.io/req/devlog/1581530/forza-horizon-6-trainer-unlimited-credits-godmode-cars-race-tools,,2026-07-12
https://emavinn7.itch.io/req/devlog/1581531/007-first-light-trainer-unlimited-resources-godmode-mission-mastery,,2026-07-12
https://kekel87.itch.io/pokemon-tactics/devlog/1581533/v202671-500-moves-milestone-item-moves-ohko-sacrifice-more,,2026-07-12
https://emavinn7.itch.io/req/devlog/1581534/no-mans-sky-trainer-unlimited-units-godmode-galaxy-mastery,,2026-07-12
https://emavinn7.itch.io/req/devlog/1581535/phasmophobia-trainer-godmode-unlimited-sanity-ghost-mastery,,2026-07-12
https://techjungledev.itch.io/bogosort-exe/devlog/1581536/prototype,,2026-07-12
https://rossinyol.itch.io/morvein-dreams/devlog/1581537/-demo,,2026-07-12
https://class-5-6.itch.io/iron-oracle/devlog/1581538/iron-oracle-mole-the-skittish-miner-who-digs-up-bombs,,2026-07-12
https://atsu-mi.itch.io/time-bloom/devlog/1581539/ver-20-update,,2026-07-12
https://tangoscarmike.itch.io/veils-of-the-past/devlog/1581540/a-bigger-sharper-and-honestly-better-demo,,2026-07-12
https://chr0matik.itch.io/cgh-archive-edition/devlog/1581542/v21-v30-archived,,2026-07-12
https://danilman102.itch.io/doodlecrime/devlog/1581543/city-test,,2026-07-12
https://hunter-evans-retake.itch.io/paw-patrol-yoshi-mk8-style-model/devlog/1581545/hunter-in-develop,,2026-07-12
https://hoshikage-studios.itch.io/glitchcore/devlog/1581546/devlog-3-neue-quests,,2026-07-12
https://itch.io/blog/1581548/hi-im-uh-here,,2026-07-12
https://theneuronaut.itch.io/the-neuronauts-nsfw/devlog/1581550/i-finally-got-a-itch-bump-after-a-year,,2026-07-12
https://ivandkridd.itch.io/blockverse-public-beta/devlog/1581551/server-migration,,2026-07-12
https://sunkeiku.itch.io/rot/devlog/1581552/devlog-1-11072026,,2026-07-12
https://lixpeu.itch.io/seed-and-profit/devlog/1581553/v16,,2026-07-12
https://sinfulbrain.itch.io/open-rooms/devlog/1581554/open-rooms-021-alpha,,2026-07-12
https://maxparata.itch.io/voxelfantasyweapons/devlog/1581556/new-asset-pack-voxel-fantasy-weapons,,2026-07-12
https://un-average-human.itch.io/holy-tequila/devlog/1581557/bug-squashing,,2026-07-12
https://nomen-nantoka.itch.io/lewd-worms/devlog/1581558/update-14,,2026-07-12
https://maciaz.itch.io/rebound/devlog/1581559/big-levels-big-camera,,2026-07-12
https://itch.io/blog/1581560/dsa,,2026-07-12
https://class-5-6.itch.io/iron-oracle/devlog/1581561/iron-oracle-,,2026-07-12
https://class-5-6.itch.io/iron-oracle/devlog/1581562/iron-oracle-,,2026-07-12
https://class-5-6.itch.io/iron-oracle/devlog/1581563/iron-oracle-,,2026-07-12
https://class-5-6.itch.io/iron-oracle/devlog/1581564/iron-oracle-,,2026-07-12
https://class-5-6.itch.io/iron-oracle/devlog/1581565/iron-oracle-,,2026-07-12
https://class-5-6.itch.io/iron-oracle/devlog/1581566/iron-oracle-,,2026-07-12
https://midy03.itch.io/mongdal-the-last-shaman/devlog/1581567/v023-patch-notes,,2026-07-12
https://combi-m.itch.io/cinderella-boyfriend/devlog/1581568/episode-2-now-live,,2026-07-12
https://nowwon.itch.io/yoyoba/devlog/130723/-yazis-odyssey-,,2026-07-12
https://nowwon.itch.io/yoyoba/devlog/130914/-yazis-odyssey-,,2026-07-12
https://rodiey.itch.io/the-ev-man/devlog/348333/yeni-devlogmovement-deiiklikleri,,2026-07-12
https://itch.io/c/144134/persnonal,,2026-07-12
https://itch.io/c/280091/games-that-i-want-to-play,,2026-07-12
https://itch.io/c/325750/pastamons-collection,,2026-07-12
https://itch.io/c/3396792/my-for-lifers,,2026-07-12
https://itch.io/c/3434897/iamnotalive098s-collection,,2026-07-12
https://itch.io/c/3613876/amazin-games,,2026-07-12
https://itch.io/c/3615725/cntntlbrkfsts-collection,,2026-07-12
https://itch.io/c/3655855/dennygyus-collection,,2026-07-12
https://itch.io/c/3752285/finished,,2026-07-12
https://itch.io/c/3758126/hexcrawl-stuff,,2026-07-12
https://itch.io/c/3841852/played,,2026-07-12
https://itch.io/c/3868340/pixel-objects,,2026-07-12
https://itch.io/c/3885569/sfw,,2026-07-12
https://itch.io/c/3891028/guccigang2021s-collection,,2026-07-12
https://itch.io/c/3931718/2803351747qqcoms-collection,,2026-07-12
https://itch.io/c/3965925/klokl0s-collection,,2026-07-12
https://itch.io/c/4110760/games-featuring-my-work-141,,2026-07-12
https://itch.io/c/4120402/game-tools,,2026-07-12
https://itch.io/c/4195020/solo-ttrpgs,,2026-07-12
https://itch.io/c/4268226/theultimatecatdogs-collection,,2026-07-12
https://itch.io/c/4269151/amazing-gameboy-games,,2026-07-12
https://itch.io/c/4275071/favs,,2026-07-12
https://itch.io/c/4355025/pastees-collection,,2026-07-12
https://itch.io/c/4419528/zodaco-battle-system-galactical-survivor,,2026-07-12
https://itch.io/c/4425811/smith1103s-collection,,2026-07-12
https://itch.io/c/4433240/textures,,2026-07-12
https://itch.io/c/4435079/emmamoons-collection,,2026-07-12
https://itch.io/c/4471243/taikuithedragons-collection,,2026-07-12
https://itch.io/c/4521044/kurgaans-collection,,2026-07-12
https://itch.io/c/4578623/londerellas-collection,,2026-07-12
https://itch.io/c/4614095/worms-collection,,2026-07-12
https://itch.io/c/4632351/devbarauss-collection,,2026-07-12
https://itch.io/c/4634321/dangerbumps-collection,,2026-07-12
https://itch.io/c/4642563/tokyorosess-collection,,2026-07-12
https://itch.io/c/4691798/stecki006s-collection,,2026-07-12
https://itch.io/c/4722549/111dannywilsons-collection,,2026-07-12
https://itch.io/c/4779032/juicyschmeggiess-collection,,2026-07-12
https://itch.io/c/4801992/frogites-collection,,2026-07-12
https://itch.io/c/4807713/gilpixs-collection,,2026-07-12
https://itch.io/c/4928728/pine-shallows,,2026-07-12
https://itch.io/c/4981482/divers,,2026-07-12
https://itch.io/c/5004809/i-wanna-play,,2026-07-12
https://itch.io/c/5052460/moesley1968s-collection,,2026-07-12
https://itch.io/c/5084667/botetas-collection,,2026-07-12
https://itch.io/c/5131570/z,,2026-07-12
https://itch.io/c/5144501/435856767s-collection,,2026-07-12
https://itch.io/c/5156361/long,,2026-07-12
https://itch.io/c/5156383/vn,,2026-07-12
https://itch.io/c/5167541/pen-and-paper-rpgs,,2026-07-12
https://itch.io/c/5181684/axesmith64s-collection,,2026-07-12
https://itch.io/c/5185405/idioglossias-collection,,2026-07-12
https://itch.io/c/5193455/sadderday336s-collection,,2026-07-12
https://itch.io/c/5220726/davilles-baldis-basics-modsfangames,,2026-07-12
https://itch.io/c/5223487/kirmada005s-collection,,2026-07-12
https://itch.io/c/5224087/disappointcamels-collection,,2026-07-12
https://itch.io/c/5228553/mhyts-collection,,2026-07-12
https://itch.io/c/5266968/me-like-it-,,2026-07-12
https://itch.io/c/5288414/fili49s-collection,,2026-07-12
https://itch.io/c/5360017/zzh233s-collection,,2026-07-12
https://itch.io/c/5393571/rythmk1ds-collection,,2026-07-12
https://itch.io/c/5397162/al3x-omg3s-collection,,2026-07-12
https://itch.io/c/5451031/bloodiedhounds-collection,,2026-07-12
https://itch.io/c/5453101/jacob-gellar-recs,,2026-07-12
https://itch.io/c/5472058/anyu037s-collection,,2026-07-12
https://itch.io/c/5494991/cheeses-interests,,2026-07-12
https://itch.io/c/5508511/cool-things,,2026-07-12
https://itch.io/c/5578318/belphis-collection,,2026-07-12
https://itch.io/c/5619660/axtroidss-collection,,2026-07-12
https://itch.io/c/5652877/icey2006s-collection,,2026-07-12
https://itch.io/c/5689735/games,,2026-07-12
https://itch.io/c/5727698/mari-aaa28s-collection,,2026-07-12
https://itch.io/c/5737440/h4wk7s-collection,,2026-07-12
https://itch.io/c/5747150/textoooo,,2026-07-12
https://itch.io/c/5759012/android,,2026-07-12
https://itch.io/c/5836012/cain-maleghast,,2026-07-12
https://itch.io/c/5836534/fuun,,2026-07-12
https://itch.io/c/5838952/werewolf9920s-collection,,2026-07-12
https://itch.io/c/5845784/wolf-161s-collection,,2026-07-12
https://itch.io/c/5846785/hanna-officials-collection,,2026-07-12
https://itch.io/c/5850919/mothmaddams-collection,,2026-07-12
https://itch.io/c/5859357/visual-novel,,2026-07-12
https://itch.io/c/5865403/cadoue12s-collection,,2026-07-12
https://itch.io/c/5908585/edlancks-collection,,2026-07-12
https://itch.io/c/5912529/boomi25s-collection,,2026-07-12
https://itch.io/c/5912763/hanna-officials-collection,,2026-07-12
https://itch.io/c/5913605/puzzle-mystery-games,,2026-07-12
https://itch.io/c/5921618/jonirenicuss-collection,,2026-07-12
https://itch.io/c/5938186/s-collection,,2026-07-12
https://itch.io/c/5940638/wynnstelles-collection,,2026-07-12
https://itch.io/c/5957644/hsgyiiis-collection,,2026-07-12
https://itch.io/c/5970820/juegazos,,2026-07-12
https://itch.io/c/5978571/betterbbbs-collection,,2026-07-12
https://itch.io/c/6005309/played,,2026-07-12
https://itch.io/c/6019680/models,,2026-07-12
https://itch.io/c/6082413/artist-of-1995s-collection,,2026-07-12
https://itch.io/c/6106216/zandergrimms-collection,,2026-07-12
https://itch.io/c/6107840/bucket-list,,2026-07-12
https://itch.io/c/6116667/blackstar1901s-collection,,2026-07-12
https://itch.io/c/6193071/killua10-7s-collection,,2026-07-12
https://itch.io/c/6210961/vvyins-collection,,2026-07-12
https://itch.io/c/6217153/ntr,,2026-07-12
https://itch.io/c/6219128/tantasunts-collection,,2026-07-12
https://itch.io/c/6249089/sleepingtreewolfs-collection,,2026-07-12
https://itch.io/c/6278076/kairm4s-collection,,2026-07-12
https://itch.io/c/6281391/bitsy-makes-me-cry-x3,,2026-07-12
https://itch.io/c/6291901/moonfire-games-collection,,2026-07-12
https://itch.io/c/6292734/nickg191s-collection,,2026-07-12
https://itch.io/c/6306367/full-version,,2026-07-12
https://itch.io/c/6313356/comicsmanga,,2026-07-12
https://itch.io/c/6313654/sean-thesheep25s-collection,,2026-07-12
https://itch.io/c/6316169/grizzygrizzkings-collection,,2026-07-12
https://itch.io/c/6327866/mumks-collection,,2026-07-12
https://itch.io/c/6331441/visual-novel,,2026-07-12
https://itch.io/c/6359347/elexmos43s-collection,,2026-07-12
https://itch.io/c/6360258/jojo-55s-collection,,2026-07-12
https://itch.io/c/6368054/yeison20s-collection,,2026-07-12
https://itch.io/c/6406447/crxstxs-collection,,2026-07-12
https://itch.io/c/6411116/yt-k1ngs-collection,,2026-07-12
https://itch.io/c/6416847/idk-lol,,2026-07-12
https://itch.io/c/6418683/horobarakels-collection,,2026-07-12
https://itch.io/c/6419605/roginellis-collection,,2026-07-12
https://itch.io/c/6445749/games-to-try,,2026-07-12
https://itch.io/c/6457217/tired-remedys-collection,,2026-07-12
https://itch.io/c/6458881/lovepop1,,2026-07-12
https://itch.io/c/6463990/bipolarpats-collection,,2026-07-12
https://itch.io/c/6470203/want-to-play-141,,2026-07-12
https://itch.io/c/6475525/dabris-collection,,2026-07-12
https://itch.io/c/6510350/truenerdgamings-collection,,2026-07-12
https://itch.io/c/6515841/bdrnarwnws-collection,,2026-07-12
https://itch.io/c/6518650/cool,,2026-07-12
https://itch.io/c/6529281/blitzmaster7s-collection,,2026-07-12
https://itch.io/c/6565744/fav,,2026-07-12
https://itch.io/c/6570315/tis12345ttss-collection,,2026-07-12
https://itch.io/c/6571785/trydions-collection,,2026-07-12
https://itch.io/c/6580910/limcens-collection,,2026-07-12
https://itch.io/c/6583402/the-helper-of-waters-collection,,2026-07-12
https://itch.io/c/6652723/onyxpandas-collection,,2026-07-12
https://itch.io/c/6655154/chalings-collection,,2026-07-12
https://itch.io/c/6659640/azraelftws-collection,,2026-07-12
https://itch.io/c/6671358/sadsarvs-collection,,2026-07-12
https://itch.io/c/6685493/gunleafs-collection,,2026-07-12
https://itch.io/c/6695239/bellylover1993s-collection,,2026-07-12
https://itch.io/c/6698745/cool-fonts,,2026-07-12
https://itch.io/c/6699519/me,,2026-07-12
https://itch.io/c/6716694/contributions,,2026-07-12
https://itch.io/c/6736290/aimkstas-collection,,2026-07-12
https://itch.io/c/6760748/my-library,,2026-07-12
https://itch.io/c/6770034/cerberus13s-collection,,2026-07-12
https://itch.io/c/6783139/really-good-games,,2026-07-12
https://itch.io/c/6792205/kewl,,2026-07-12
https://itch.io/c/6812127/databze-eskho-hernho-dabingu,,2026-07-12
https://itch.io/c/6814162/protonesss-collection,,2026-07-12
https://itch.io/c/6833016/htvfs-collection-3,,2026-07-12
https://itch.io/c/6836262/reverierevelryreliquarys-collection,,2026-07-12
https://itch.io/c/6842322/2026-tutorials,,2026-07-12
https://itch.io/c/6849448/kofukings-collection,,2026-07-12
https://itch.io/c/6854197/favs,,2026-07-12
https://itch.io/c/6858752/horror,,2026-07-12
https://itch.io/c/6861322/xinxingshayahgs-collection,,2026-07-12
https://itch.io/c/6863457/champagne-pap1s-collection,,2026-07-12
https://itch.io/c/6871333/jackbutlers-collection,,2026-07-12
https://itch.io/c/6875827/qiaobos-collection,,2026-07-12
https://itch.io/c/6880798/hydra-54s-collection,,2026-07-12
https://itch.io/c/6881463/ryuvelles-collection,,2026-07-12
https://itch.io/c/6883082/suckerofpucks-collection,,2026-07-12
https://itch.io/c/6884130/wishlist,,2026-07-12
https://itch.io/c/6894325/edge96535s-collection,,2026-07-12
https://itch.io/c/6895505/gmless-rpgs,,2026-07-12
https://itch.io/c/6901715/carrot10293847567s-collection,,2026-07-12
https://itch.io/c/6910009/hent,,2026-07-12
https://itch.io/c/6922830/r2-hots-collection,,2026-07-12
https://itch.io/c/6939481/grim-mutt-phantom-s-collection,,2026-07-12
https://itch.io/c/6958534/horror,,2026-07-12
https://itch.io/c/6961372/genshin,,2026-07-12
https://itch.io/c/6963043/3596774568s-collection,,2026-07-12
https://itch.io/c/6963323/dinos-collection,,2026-07-12
https://itch.io/c/6963766/cozy,,2026-07-12
https://itch.io/c/6986101/to-play,,2026-07-12
https://itch.io/c/6990326/chaerry-lolipopzs-collection,,2026-07-12
https://itch.io/c/6991072/idk,,2026-07-12
https://itch.io/c/6995484/hassann313s-collection,,2026-07-12
https://itch.io/c/6996543/fl1xys-collection,,2026-07-12
https://itch.io/c/7011910/borg-borg,,2026-07-12
https://itch.io/c/7016833/bloubs-collection,,2026-07-12
https://itch.io/c/7024944/novelas-visuales,,2026-07-12
https://itch.io/c/7028361/janefillys-collection,,2026-07-12
https://itch.io/c/7042341/estivhens-collection,,2026-07-12
https://itch.io/c/7056112/lanciferos-collection,,2026-07-12
https://itch.io/c/7058707/feng-mrs-collection,,2026-07-12
https://itch.io/c/7083885/the-magpies-collection-games,,2026-07-12
https://itch.io/c/7100727/abbie19237s-collection,,2026-07-12
https://itch.io/c/7106399/denis200338s-collection,,2026-07-12
https://itch.io/c/7128931/tom1016s-collection,,2026-07-12
https://itch.io/c/7141410/axolotizimbrs-collection,,2026-07-12
https://itch.io/c/7152207/tennessygerbertgmailcoms-collection,,2026-07-12
https://itch.io/c/7162980/cdccjhgs-collection,,2026-07-12
https://itch.io/c/7167797/chocochipss-collection,,2026-07-12
https://itch.io/c/7170311/mininjas-collection,,2026-07-12
https://itch.io/c/7179041/surplus948s-collection,,2026-07-12
https://itch.io/c/7180568/everything-ive-played,,2026-07-12
https://itch.io/c/405881/brezelkorbs-collection,,2026-07-12
https://itch.io/c/454927/kuantuns-collection,,2026-07-12
https://itch.io/c/657916/aanus-collection,,2026-07-12
https://itch.io/c/727270/birchwood-itchios-collection,,2026-07-12
https://itch.io/c/7194213/w,,2026-07-12
https://itch.io/c/7200702/to-play,,2026-07-12
https://itch.io/c/7210967/lookin,,2026-07-12
https://itch.io/c/7211020/loaded,,2026-07-12
https://itch.io/c/7226216/sickotinees-collection,,2026-07-12
https://itch.io/c/7231095/tajikiymins-collection,,2026-07-12
https://itch.io/c/7248550/f,,2026-07-12
https://itch.io/c/7254776/cookiesandcreemoos-collection,,2026-07-12
https://itch.io/c/7272370/miranda-yippes-collection,,2026-07-12
https://itch.io/c/7279302/interested-in-reading,,2026-07-12
https://itch.io/c/7291144/veno-xlas-collection,,2026-07-12
https://itch.io/c/7293293/good-stuff,,2026-07-12
https://itch.io/c/7293584/kyubis-collection,,2026-07-12
https://itch.io/c/7303573/xenia-foxs-collection,,2026-07-12
https://itch.io/c/7308418/played,,2026-07-12
https://itch.io/c/7312347/autogeneratedfish420s-collection,,2026-07-12
https://itch.io/c/7318729/xecraft320s-collection,,2026-07-12
https://itch.io/c/7322745/stuff-to-check-out,,2026-07-12
https://itch.io/c/7334600/ejfhaars-collection,,2026-07-12
https://itch.io/c/7336420/suki-ways-collection,,2026-07-12
https://itch.io/c/7339548/dreamlover98s-collection,,2026-07-12
https://itch.io/c/7342248/juegos,,2026-07-12
https://itch.io/c/7343293/dating-sim,,2026-07-12
https://itch.io/c/7350436/neacebois-collection,,2026-07-12
https://itch.io/c/7352372/transrantulas-collection,,2026-07-12
https://itch.io/c/7357968/vn,,2026-07-12
https://itch.io/c/7370475/zeybep345s-collection,,2026-07-12
https://itch.io/c/7375356/vzmskvalls-collection,,2026-07-12
https://itch.io/c/7380802/destroyer3267s-collection,,2026-07-12
https://itch.io/c/7382939/ukirowos-collection,,2026-07-12
https://itch.io/c/7405114/romance,,2026-07-12
https://itch.io/c/7409404/my-favorites,,2026-07-12
https://itch.io/c/7411622/jacomis-collection,,2026-07-12
https://itch.io/c/7413797/to-play-later,,2026-07-12
https://itch.io/c/7426018/still-playing,,2026-07-12
https://itch.io/c/7426824/xinglan1s-collection,,2026-07-12
https://itch.io/c/7429613/games,,2026-07-12
https://itch.io/c/7433739/mire-itchs-collection,,2026-07-12
https://itch.io/c/7436583/likysuas-collection,,2026-07-12
https://itch.io/c/7442095/magical-froggos-collection,,2026-07-12
https://itch.io/c/7444613/danex-bis-collection,,2026-07-12
https://itch.io/c/7450175/horror-games,,2026-07-12
https://itch.io/c/7469285/igris-070s-collection,,2026-07-12
https://itch.io/c/7475956/erhuo32-aees-collection,,2026-07-12
https://itch.io/c/7483956/flutter3s-collection,,2026-07-12
https://itch.io/c/7484510/played,,2026-07-12
https://itch.io/c/7484624/undead-forevers-collection,,2026-07-12
https://itch.io/c/7488655/mrfoxzus-collection,,2026-07-12
https://itch.io/c/7491687/charliegreenhows-collection,,2026-07-12
https://itch.io/c/7500097/antonios-collection,,2026-07-12
https://itch.io/c/7505624/iirenitalasirenitas-collection,,2026-07-12
https://itch.io/c/7506098/to-try,,2026-07-12
https://itch.io/c/7508343/sunnysun878s-collection,,2026-07-12
https://itch.io/c/7511183/veronicahods-collection,,2026-07-12
https://itch.io/c/7512751/yanderes-pra-jogar,,2026-07-12
https://itch.io/c/7517729/interes,,2026-07-12
https://itch.io/c/7524581/pandor-lads-collection,,2026-07-12
https://itch.io/c/7525129,,2026-07-12
https://itch.io/c/7528818/taintedfauns-collection,,2026-07-12
https://itch.io/c/7531201/779549383s-collection,,2026-07-12
https://itch.io/c/7540913/someonelivings-collection,,2026-07-12
https://itch.io/c/7542118/si,,2026-07-12
https://itch.io/c/7543184/moonxmists-collection,,2026-07-12
https://itch.io/c/7550891/icantfindaname2-0s-collection,,2026-07-12
https://itch.io/c/7551081/seffas-collection,,2026-07-12
https://itch.io/c/7551919/rus,,2026-07-12
https://itch.io/c/7552606/mary1234567lols-collection,,2026-07-12
https://itch.io/c/7553382/foxhole-starterpack,,2026-07-12
https://itch.io/c/7554462/liutianxiang78gmailcoms-collection,,2026-07-12
https://itch.io/c/7556657/zlairys-collection,,2026-07-12
https://itch.io/c/7558881/sweetdollys-collection,,2026-07-12
https://itch.io/c/7563761/chopstickemus-collection,,2026-07-12
https://itch.io/c/7565073/xzoe785gmailcoms-collection,,2026-07-12
https://itch.io/c/7568486/bloos-collection,,2026-07-12
https://itch.io/c/7569032/play-later,,2026-07-12
https://itch.io/c/7572831/malewiss-collection,,2026-07-12
https://itch.io/c/7577792/cozy-game,,2026-07-12
https://itch.io/c/7579852/kingsmith2000s-collection,,2026-07-12
https://itch.io/c/7580018/in-procesready,,2026-07-12
https://itch.io/c/7581587/trollczar22s-collection,,2026-07-12
https://itch.io/c/7585384/raphal-04s-collection,,2026-07-12
https://itch.io/c/7588066/gary3434s-collection,,2026-07-12
https://itch.io/c/7589426/roninonly-fanboi1118s-collection,,2026-07-12
https://itch.io/c/7601981/2026-game-of-the-week-winners,,2026-07-12
https://itch.io/c/7607672/tbr,,2026-07-12
https://itch.io/c/7608850/furry,,2026-07-12
https://itch.io/c/7610721/fdx286s-collection,,2026-07-12
https://itch.io/c/7611206/creamynoodles-collection,,2026-07-12
https://itch.io/c/7614142/itzawizards-collection,,2026-07-12
https://itch.io/c/7617875,,2026-07-12
https://itch.io/c/7624990/monomaskoxoxs-collection,,2026-07-12
https://itch.io/c/7626726/quopids-collection,,2026-07-12
https://itch.io/c/7632123/happytimes66s-collection,,2026-07-12
https://itch.io/c/7633215/fandom,,2026-07-12
https://itch.io/c/7635081/sonicjr4s-collection,,2026-07-12
https://itch.io/c/7636151/bobgfdss-collection,,2026-07-12
https://itch.io/c/7642509/imazeds-collection,,2026-07-12
https://itch.io/c/7644543/blackyoshi-gamers-collection,,2026-07-12
https://itch.io/c/7644975/jueguitos,,2026-07-12
https://itch.io/c/7645631/aliss077s-collection,,2026-07-12
https://itch.io/c/7646130/angelicmega-wqs-collection,,2026-07-12
https://itch.io/c/7650632/sigma3762s-collection,,2026-07-12
https://itch.io/c/7651603/comics,,2026-07-12
https://itch.io/c/7653919/spaceflight-simultor-tohuwarkraft-mod-s,,2026-07-12
https://itch.io/c/7661072/nymlumas-collection,,2026-07-12
https://itch.io/c/7661798/rpg-solo,,2026-07-12
https://itch.io/c/7663890/warroir-99s-collection,,2026-07-12
https://itch.io/c/7664294/slimeguy101s-collection,,2026-07-12
https://itch.io/c/7665125/to-play-later,,2026-07-12
https://itch.io/c/7667397/sebastianbbns-collection,,2026-07-12
https://itch.io/c/7667457/psychoticessencexs-collection,,2026-07-12
https://itch.io/c/7669047/edgleygamess-collection,,2026-07-12
https://itch.io/c/7670653/ilovevisualnovelsandrens-collection,,2026-07-12
https://itch.io/c/7671905/123ygs-collection,,2026-07-12
https://itch.io/c/7672792/of-interest,,2026-07-12
https://itch.io/c/7676464/games-that-i-wish-play-soon,,2026-07-12
https://itch.io/c/7676741/horrorgamer22s-collection,,2026-07-12
https://itch.io/c/7677585/iilias-collection,,2026-07-12
https://itch.io/c/7677747/futa,,2026-07-12
https://itch.io/c/7679706/moon-sunboys-collection,,2026-07-12
https://itch.io/c/7680522/darktagss-collection,,2026-07-12
https://itch.io/c/7680571/zsilkapatriks-collection,,2026-07-12
https://itch.io/c/7681403/v1atrxs-collection,,2026-07-12
https://itch.io/c/7681940/jasonjzxs-collection,,2026-07-12
https://itch.io/c/7682421,,2026-07-12
https://itch.io/c/7682858/boo0v0s-collection,,2026-07-12
https://itch.io/c/7689010/misko55s-collection,,2026-07-12
https://itch.io/c/7689028/romuroblacks-collection,,2026-07-12
https://itch.io/c/7690150/horror,,2026-07-12
https://itch.io/c/7691404/slayjay420s-collection,,2026-07-12
https://itch.io/c/7694064/hornybitchboybottoms-collection,,2026-07-12
https://itch.io/c/7697354/ttrpgs-and-interiactive-fiction,,2026-07-12
https://itch.io/c/7700210/ardipapas-collection,,2026-07-12
https://itch.io/c/7703158/cannaus-collection,,2026-07-12
https://itch.io/c/7704160/cancerslover101s-collection,,2026-07-12
https://itch.io/c/7704347/aleyparators-collection,,2026-07-12
https://itch.io/c/7707393/analaurabelaos-collection,,2026-07-12
https://itch.io/c/7708382/winjacans-collection,,2026-07-12
https://itch.io/c/7708644/bookmarks,,2026-07-12
https://itch.io/c/7709079/jeanjacky2000s-collection,,2026-07-12
https://itch.io/c/7710824/555672s-collection,,2026-07-12
https://itch.io/c/7710830/nalovegamess-collection,,2026-07-12
https://itch.io/c/7710836/bubyjos-collection,,2026-07-12
https://itch.io/c/7713523/internati0nal-es-collection,,2026-07-12
https://itch.io/c/7713769/mrx0s-collection,,2026-07-12
https://itch.io/c/7715137/kleber022s-collection,,2026-07-12
https://itch.io/c/7716935/play-eventuallyyy,,2026-07-12
https://itch.io/c/7718218/horror,,2026-07-12
https://itch.io/c/7718785/visual-novels-6,,2026-07-12
https://itch.io/c/7719032/games,,2026-07-12
https://itch.io/c/7719158/volunteerplecos-collection,,2026-07-12
https://itch.io/c/7719746/want-to-play,,2026-07-12
https://itch.io/c/7720878/projetokrs-collection,,2026-07-12
https://itch.io/c/7722152/eyechewerrs-collection,,2026-07-12
https://itch.io/c/7723284/favorite-nsfws,,2026-07-12
https://itch.io/c/7724527/stronghold175s-collection,,2026-07-12
https://itch.io/c/7727781/gojo44s-collection,,2026-07-12
https://itch.io/c/7729509/investment,,2026-07-12
https://itch.io/c/7731868/isalotofmulchs-collection,,2026-07-12
https://itch.io/c/7732792/jm666s-collection,,2026-07-12
https://itch.io/c/7734364/fvfcrrvvrfvfs-collection,,2026-07-12
https://itch.io/c/7734767/ryzer709s-collection,,2026-07-12
https://itch.io/c/7735075/retarus-collection,,2026-07-12
https://itch.io/c/7735767/islapkidss-collection,,2026-07-12
https://itch.io/c/7736471/richfkhos-collection,,2026-07-12
https://itch.io/c/7737790/toonutty2nuts-collection,,2026-07-12
https://itch.io/c/7737800/g-2,,2026-07-12
https://itch.io/c/7738251/woomybins-collection,,2026-07-12
https://itch.io/c/7739646/wanted-games,,2026-07-12
https://itch.io/c/7740519/deltarune,,2026-07-12
https://itch.io/c/7740598/played-,,2026-07-12
https://itch.io/c/7744984/wonyiszs-collection,,2026-07-12
https://itch.io/c/7745438/karenofthecorns-collection,,2026-07-12
https://itch.io/c/7745755/jaydenkongs-collection,,2026-07-12
https://itch.io/c/7745954/sh4rkblubs-collection,,2026-07-12
https://itch.io/c/7745991/sci-fi-2,,2026-07-12
https://itch.io/c/7746179/mikker332s-collection,,2026-07-12
https://itch.io/c/7747227,,2026-07-12
https://itch.io/c/7747432/xdedgar9s-collection,,2026-07-12
https://itch.io/c/7750023/ovrions-collection,,2026-07-12
https://itch.io/c/7750305/kusaj4u,,2026-07-12
https://itch.io/c/7750516/tocheck,,2026-07-12
https://itch.io/c/7750951/ketrabovs-collection,,2026-07-12
https://itch.io/c/7751901/samb202s-collection,,2026-07-12
https://itch.io/c/7752002/hipwarts-collection,,2026-07-12
https://itch.io/c/7752585/check-again,,2026-07-12
https://itch.io/c/7753746/7723yhlsinacoms-collection,,2026-07-12
https://itch.io/c/7755222/adriosi2s-collection,,2026-07-12
https://itch.io/c/7757143/good-ds,,2026-07-12
https://itch.io/c/7757421/hyukjungs-collection,,2026-07-12
https://itch.io/c/7759477/venbtws-collection,,2026-07-12
https://itch.io/c/7760668/dianaplayz-ys-collection,,2026-07-12
https://itch.io/c/7761567/browser,,2026-07-12
https://itch.io/c/7761918/might-play-later-idk,,2026-07-12
https://itch.io/c/7762196/daraam-devs-collection,,2026-07-12
https://itch.io/c/7762290/hssrdzjs-collection,,2026-07-12
https://itch.io/c/7763408/minlinmonakos-collection,,2026-07-12
https://itch.io/c/7764703/que-quiero-jugar,,2026-07-12
https://itch.io/c/7765704/zziqs-collection,,2026-07-12
https://itch.io/c/7765802/chengzi05s-collection,,2026-07-12
https://itch.io/c/7766900/j491s-collection,,2026-07-12
https://itch.io/c/7766942/18,,2026-07-12
https://itch.io/c/7768283/interested,,2026-07-12
https://itch.io/c/7768316/songke04s-collection,,2026-07-12
https://itch.io/c/7768683/yukooteaws-collection,,2026-07-12
https://itch.io/c/7768732/zjy20101116s-collection,,2026-07-12
https://itch.io/c/7769180/2d,,2026-07-12
https://itch.io/c/7769574/7723yhlsinacoms-collection,,2026-07-12
https://itch.io/c/7770812/funscary,,2026-07-12
https://itch.io/c/7771150/evennot20000s-collection,,2026-07-12
https://itch.io/c/7771165/zorbeefs-collection,,2026-07-12
https://itch.io/c/7771451/lemongod101s-collection,,2026-07-12
https://itch.io/c/7771830/leviatankings-collection,,2026-07-12
https://itch.io/c/7772259/frikbriks-collection,,2026-07-12
https://itch.io/c/7772370/biomech-ui,,2026-07-12
https://itch.io/c/7772997/reu03s-collection,,2026-07-12
https://itch.io/c/7773021/2026-games,,2026-07-12
https://itch.io/c/7773187/ignoremeplsplss-collection,,2026-07-12
https://itch.io/c/7773203/lewd,,2026-07-12
https://itch.io/c/7774025/xiaogeqqzis-collection,,2026-07-12
https://itch.io/c/7774132/play-soon,,2026-07-12
https://itch.io/c/7774135/think,,2026-07-12
https://itch.io/c/7774346/dump-of-everything-interesting,,2026-07-12
https://itch.io/c/7774374/tiniacats-collection,,2026-07-12
https://itch.io/c/7774663/davys-collection,,2026-07-12
https://itch.io/c/7774834/oh-boii,,2026-07-12
https://itch.io/c/7775139/youssef-collection,,2026-07-12
https://itch.io/c/7775202/i-like,,2026-07-12
https://itch.io/c/7775308/yusang778-its-collection,,2026-07-12
https://itch.io/c/7775462/melhores,,2026-07-12
https://itch.io/c/7775490/bwkoalas-collection,,2026-07-12
https://itch.io/c/7775687/k,,2026-07-12
https://itch.io/c/7775736/thekingofhell2009s-collection,,2026-07-12
https://itch.io/c/7775774/worth-the-weight,,2026-07-12
https://itch.io/c/7775812/rotate-cannon,,2026-07-12
https://itch.io/c/7775866/rmai765s-collection,,2026-07-12
https://itch.io/c/7776036/done,,2026-07-12
https://itch.io/c/7776221/free924s-collection,,2026-07-12
https://itch.io/c/7776502/sfxmusic,,2026-07-12
https://itch.io/c/7776658/so,,2026-07-12
https://itch.io/c/7776707/twigods-collection,,2026-07-12
https://itch.io/c/7776978/to-come-back-to-when-fully-out,,2026-07-12
https://itch.io/c/7777023/alientimess-collection,,2026-07-12
https://itch.io/c/7777070/comics-or-animation,,2026-07-12
https://itch.io/c/7777124/come-back-to,,2026-07-12
https://itch.io/c/7777309/yoshinyas-collection,,2026-07-12
https://itch.io/c/7777549/vickyverses-collection,,2026-07-12
https://itch.io/c/7777635/dark-vns,,2026-07-12
https://itch.io/c/7777774/lia-zamoras-collection,,2026-07-12
https://itch.io/c/7777816/idk-cuhh,,2026-07-12
https://itch.io/c/7777833/bobaburns-collection,,2026-07-12
https://itch.io/c/7777990/wishlist,,2026-07-12
https://itch.io/c/7778173/osr,,2026-07-12
https://itch.io/c/7778388/edison12345s-collection,,2026-07-12
https://itch.io/c/7778403/mothership,,2026-07-12
https://itch.io/c/7778468/wenlais-collection,,2026-07-12
https://itch.io/c/7778689/katsumichiis-collection,,2026-07-12
https://itch.io/c/7778758/bi-ara-oynarzp,,2026-07-12
https://itch.io/c/7778927/dimongondon335s-collection,,2026-07-12
https://itch.io/c/7778955/meeleesthan-threes-collection,,2026-07-12
https://itch.io/c/7778988/riri1780s-collection,,2026-07-12
https://itch.io/c/7779003/spookyxayvers-collection,,2026-07-12
https://itch.io/c/7779066/jaeh0111s-collection,,2026-07-12
https://itch.io/c/7779102/pair-rpgs,,2026-07-12
https://itch.io/c/7779129/maskak472s-collection,,2026-07-12
https://itch.io/c/7779207/klxas-collection,,2026-07-12
https://itch.io/c/7779221/visual-novel-sayangku,,2026-07-12
https://itch.io/c/7779231/natsukigis-collection,,2026-07-12
https://itch.io/c/7779251/baigeijuns-collection,,2026-07-12
https://itch.io/c/7779259/assets,,2026-07-12
https://itch.io/c/7779298/baigeijuns-collection,,2026-07-12
https://itch.io/c/7779304/maskak472s-collection,,2026-07-12
https://itch.io/c/7779331/-ey-ye-,,2026-07-12
https://itch.io/c/7779332/retro-games,,2026-07-12
https://itch.io/c/7779350/openblue-starmaps-collection,,2026-07-12
https://itch.io/c/7779368/ar-personals-collection,,2026-07-12
https://itch.io/c/7779378/to0oto0o10o36-alts-collection,,2026-07-12
https://itch.io/c/7779393/16x16,,2026-07-12
https://itch.io/c/7779403/to-be-played,,2026-07-12
https://itch.io/c/7779410/chongyunxiangs-collection,,2026-07-12
https://itch.io/c/7779427/personofblues-collection,,2026-07-12
https://itch.io/c/7779434/whitewolf732s-collection,,2026-07-12
https://itch.io/c/7779435/to0oto0o10o36-alts-collection,,2026-07-12
https://itch.io/c/7779461/whitewolf732s-collection,,2026-07-12
https://itch.io/c/7779463/sasagoodgames,,2026-07-12
https://itch.io/c/7779509/neromrnovs-collection,,2026-07-12
https://itch.io/c/7779520/ermmm,,2026-07-12
https://itch.io/c/7779538/want-to-play,,2026-07-12
https://itch.io/c/7779540/absolute-favs-,,2026-07-12
https://itch.io/c/7779565/devkkss-collection,,2026-07-12
https://itch.io/c/7779566/recos-,,2026-07-12
https://itch.io/c/7779569/short-entertaining-vns-i-liked-,,2026-07-12
https://itch.io/c/7779599/lunagestalts-collection,,2026-07-12
https://itch.io/c/7779616/spooky,,2026-07-12
https://itch.io/c/7779620/stonefriges-collection,,2026-07-12
https://itch.io/c/7779645/hacnors-collection,,2026-07-12
https://itch.io/c/7779649/farming,,2026-07-12
https://itch.io/c/7779675/llllluangggggs-collection,,2026-07-12
https://itch.io/c/7779679/zombies,,2026-07-12
https://itch.io/c/7779682/sqwertyuiopasdfghjkls-collection,,2026-07-12
https://itch.io/c/7779717/cats,,2026-07-12
https://itch.io/c/7779742/games-for-halloween-psx-horrors,,2026-07-12
https://itch.io/c/7779756/city,,2026-07-12
https://itch.io/c/7779758/cyaanooos-collection,,2026-07-12
https://itch.io/c/7779772/maybe-better,,2026-07-12
https://itch.io/c/7779776/velinacutes-collection,,2026-07-12
https://itch.io/c/7779796/interesting-games-ig,,2026-07-12
https://itch.io/c/7779810,,2026-07-12
https://itch.io/c/7779821/annebrowns-collection,,2026-07-12
https://itch.io/c/7779826/visual-novel,,2026-07-12
https://itch.io/c/7779833/2199637335s-collection,,2026-07-12
https://itch.io/c/7779856/green-2006s-collection,,2026-07-12
https://itch.io/c/7779865/download,,2026-07-12
https://itch.io/c/7779878/vfx,,2026-07-12
https://itch.io/c/7779891/survival,,2026-07-12
https://itch.io/c/7779911/visual-novels,,2026-07-12
https://itch.io/c/7779917/heebie-jeebies,,2026-07-12
https://itch.io/c/7779930/brainmelt,,2026-07-12
https://itch.io/c/7779943/mwahhh,,2026-07-12
https://itch.io/c/7779944/2d-tiles-furnitures,,2026-07-12
https://itch.io/c/7779959/kaili22,,2026-07-12
https://itch.io/c/7779974/monster,,2026-07-12
https://itch.io/c/7779979/chill12345s-collection,,2026-07-12
https://itch.io/c/7779990/ggandorys-collection,,2026-07-12
https://itch.io/c/7779991/noctis-moris-collection,,2026-07-12
https://itch.io/c/7780002/aaaaa,,2026-07-12
https://itch.io/c/7780005/-2,,2026-07-12
https://itch.io/c/7780013/aoto-ls-collection,,2026-07-12
https://itch.io/c/7780026/yan-vn-i-love,,2026-07-12
https://itch.io/c/7780031,,2026-07-12
https://itch.io/c/7780034/iamnotalive098s-collection,,2026-07-12
https://itch.io/c/7780055/i-have-way-to-much-time-on-my-hands,,2026-07-12
https://itch.io/c/7780138/2158744011s-collection,,2026-07-12
https://itch.io/c/7780170/dillycommisions-collection,,2026-07-12
https://itch.io/c/7780177/kingkennythe2nds-collection,,2026-07-12
https://itch.io/c/7780191/phaantomops-collection,,2026-07-12
https://itch.io/c/7780192/visoul-novels,,2026-07-12
https://itch.io/c/7780195/lorddroks-collection,,2026-07-12
https://itch.io/c/7780197/horny,,2026-07-12
https://itch.io/c/7780213/whitebear0712s-collection,,2026-07-12
https://itch.io/c/7780218/phanhcutes-collection,,2026-07-12
https://itch.io/c/7780247/gjbuhfnm,,2026-07-12
https://itch.io/c/7780252/visual-novels,,2026-07-12
https://itch.io/c/7780282/jogos-para-jogar,,2026-07-12
https://itch.io/c/7780290/ttrpg-wishlist,,2026-07-12
https://itch.io/c/7780315/tbp,,2026-07-12
https://itch.io/c/7780327/freak-time-broski-3,,2026-07-12
https://itch.io/c/7780328/deltarune-games,,2026-07-12
https://itch.io/c/7780335/ai007s-collection,,2026-07-12
https://itch.io/c/7780337/finalfantasy725gmailcoms-collection,,2026-07-12
https://itch.io/c/7780370/nfsw,,2026-07-12
https://itch.io/c/7780375/peakness33,,2026-07-12
https://itch.io/c/7780377/guhh,,2026-07-12
https://itch.io/c/7780394/herrox1337s-collection,,2026-07-12
https://itch.io/c/7780410/interesantes-que-debes-de-probar,,2026-07-12
https://itch.io/c/7780426/ardipapas-collection,,2026-07-12
https://itch.io/c/7780434/jonathancerrato-codes-collection,,2026-07-12
https://itch.io/c/7780436/jonathancerrato-codes-collection,,2026-07-12
https://itch.io/c/7780440/mrgren1336s-collection,,2026-07-12
https://itch.io/c/7780443/starforged,,2026-07-12
https://itch.io/c/7780444/hassomans-collection,,2026-07-12
https://itch.io/c/7780454/i-maybe-will-get,,2026-07-12
https://itch.io/c/7780463/heaven,,2026-07-12
https://itch.io/c/7780471/addiesgraves-collection,,2026-07-12
https://itch.io/c/7780472/if-i-wanna-add-to-my-fav,,2026-07-12
https://itch.io/c/7780494/mike-zins-collection,,2026-07-12
https://itch.io/c/7780499/darksooos-collection,,2026-07-12
https://itch.io/c/7780500/fivefbacks-collection,,2026-07-12
https://itch.io/c/7780503/romance,,2026-07-12
https://itch.io/c/7780541/want-to-play,,2026-07-12
https://itch.io/c/7780542/520533s-collection,,2026-07-12
https://itch.io/c/7780552/nmues-collection,,2026-07-12
https://itch.io/c/7780553/starwberry0wolfs-collection,,2026-07-12
https://itch.io/c/7780571/yoi-lover145s-collection,,2026-07-12
https://itch.io/c/7780588/vanessa12578s-collection,,2026-07-12
https://itch.io/c/7780597/vns,,2026-07-12
https://itch.io/c/7780646/greatness,,2026-07-12
https://itch.io/c/7780672/lollos-collection,,2026-07-12
https://itch.io/c/7780679/non-vore,,2026-07-12
https://itch.io/c/7780681/w,,2026-07-12
https://itch.io/c/7780693/my-dating-sims-collection,,2026-07-12
https://itch.io/c/7780701/personal-recommendations,,2026-07-12
https://itch.io/c/7780704/belleetrues-collection,,2026-07-12
https://itch.io/c/7780733/quero-jogar,,2026-07-12
https://itch.io/c/7780748/boop,,2026-07-12
https://itch.io/c/7780751/visual-novels,,2026-07-12
https://itch.io/c/7780788/horror,,2026-07-12
https://itch.io/c/7780847/unknownantihumans-collection,,2026-07-12
https://itch.io/c/7780850/mushroomi-themushrooms-collection,,2026-07-12
https://itch.io/c/7780852,,2026-07-12
https://itch.io/c/7780855/maikbirtes-collection,,2026-07-12
https://itch.io/c/7780857/fofo-andys-collection,,2026-07-12
https://itch.io/c/7780886/wishlist,,2026-07-12
https://itch.io/c/7780893/mgzpvs-collection,,2026-07-12
https://itch.io/c/7780896/tools-and-stuff,,2026-07-12
https://itch.io/c/7780917/download,,2026-07-12
https://itch.io/c/7780932/the-rest,,2026-07-12
https://itch.io/c/7780940/experimentar,,2026-07-12
https://itch.io/c/7780950/thighenjoyer61s-collection,,2026-07-12
https://itch.io/c/7780967/gatitomichis-collection,,2026-07-12
https://itch.io/c/7780974/play-later,,2026-07-12
https://itch.io/c/7780990/sammmmmyyyysams-collection,,2026-07-12
https://itch.io/c/7780994/djohnson8613s-collection,,2026-07-12
https://itch.io/c/7781005/visual-novel,,2026-07-12
https://itch.io/c/7781007/legumejaegers-collection,,2026-07-12
https://itch.io/c/7781032/games-i-should-play-lol,,2026-07-12
https://itch.io/c/7781038/shereen889s-collection,,2026-07-12
https://itch.io/c/7781039/educational-games,,2026-07-12
https://itch.io/c/7781042/loveeeee,,2026-07-12
https://itch.io/c/7781044/s-collection,,2026-07-12
https://itch.io/c/7781046/foo,,2026-07-12
https://itch.io/c/7781055/nem3sis-4lens-collection,,2026-07-12
https://itch.io/c/7781076/kikikikikikiki,,2026-07-12
https://itch.io/c/7781090/yum,,2026-07-12
https://itch.io/c/7781091/solo-library,,2026-07-12
https://itch.io/c/7781102/charliegreenhows-collection,,2026-07-12
https://itch.io/c/7781110/egg-roles-collection,,2026-07-12
https://itch.io/c/7781135/3,,2026-07-12
https://itch.io/c/7781146/kiybtss-collection,,2026-07-12
https://itch.io/c/7781162/kiybtss-collection,,2026-07-12
https://itch.io/c/7781172/old-school,,2026-07-12
https://itch.io/c/7781177/fantasy,,2026-07-12
https://itch.io/c/7781181/lidiasins-collection,,2026-07-12
https://itch.io/c/7781189/solo-rpgs,,2026-07-12
https://itch.io/c/7781211/tami12s-collection,,2026-07-12
https://itch.io/c/7781219/boh,,2026-07-12
https://itch.io/c/7781227/jogos,,2026-07-12
https://itch.io/c/7781231/jejeje,,2026-07-12
https://itch.io/c/7781246/peak,,2026-07-12
https://itch.io/c/7781287/tp,,2026-07-12
https://itch.io/c/7781290/small,,2026-07-12
https://itch.io/c/7781295/best,,2026-07-12
https://itch.io/c/7781297/cosmoblasts-collection,,2026-07-12
https://itch.io/c/7781305/my-favorites,,2026-07-12
https://itch.io/c/7781321/solo-rpgs,,2026-07-12
https://itch.io/c/7781327/core,,2026-07-12
https://itch.io/c/7781345/puzzle,,2026-07-12
https://itch.io/c/7781353/90s-assets,,2026-07-12
https://itch.io/c/7781375/toefur22s-collection,,2026-07-12
https://itch.io/c/7781381/idkcuzimbadatnamess-collection,,2026-07-12
https://itch.io/c/7781383/tb-checked-again,,2026-07-12
https://itch.io/c/7781410/fantasy,,2026-07-12
https://itch.io/c/7781419/alice-magnificents-collection,,2026-07-12
https://itch.io/c/7781450/cherrybear1812s-collection,,2026-07-12
https://itch.io/c/7781452/xtldess-collection,,2026-07-12
https://itch.io/c/7781460/to-play,,2026-07-12
https://itch.io/c/7781470/madam-ms-collection,,2026-07-12
https://itch.io/c/7781493/maysoonis-collection,,2026-07-12
https://itch.io/c/7781499/assets,,2026-07-12
https://itch.io/c/7781512/beaberss-collection,,2026-07-12
https://itch.io/c/7781525/semetarykunt333s-collection,,2026-07-12
https://itch.io/c/7781530/toerns-collection,,2026-07-12
https://itch.io/c/7781536/collection,,2026-07-12
https://itch.io/c/7781542/date-sim,,2026-07-12
https://itch.io/c/7781568/govnoezhkkkas-collection,,2026-07-12
https://itch.io/c/7781575/mysteries,,2026-07-12
https://itch.io/c/7781598/-dating-sims,,2026-07-12
https://itch.io/c/7781599/conceptual-shadows-collection,,2026-07-12
https://itch.io/c/7781601/pxlsnrrhs-collection,,2026-07-12
https://itch.io/c/7781611/the-tortured-bards-collection,,2026-07-12
https://itch.io/c/7781617/soapydogsss-collection,,2026-07-12
https://itch.io/c/7781630/yulrobs-collection,,2026-07-12
https://itch.io/c/7781632/toefur22s-collection,,2026-07-12
https://itch.io/c/7781651/shadysnipers-collection,,2026-07-12
https://itch.io/c/7781653/e,,2026-07-12
https://itch.io/c/7781654/9eatdeaths-collection,,2026-07-12
https://itch.io/c/7781664/mothership-modules-to-play-one-day,,2026-07-12
https://itch.io/c/7781672/terogarras-collection,,2026-07-12
https://itch.io/c/7781683/toerns-collection,,2026-07-12
https://itch.io/c/7781699/llinizw3ird0s-collection,,2026-07-12
https://itch.io/c/7781763/troublesometinkos-collection,,2026-07-12
https://itch.io/c/7781766/jonmunshis-collection,,2026-07-12
https://itch.io/c/7781776/4runner369s-collection,,2026-07-12
https://itch.io/c/7781780/phone-games-,,2026-07-12
https://itch.io/c/7781781/special-guests,,2026-07-12
https://itch.io/c/7781801/no-se,,2026-07-12
https://itch.io/c/7781805/billieexss-collection,,2026-07-12
https://itch.io/c/7781809/futyanisms-collection,,2026-07-12
https://itch.io/c/7781832/game-jams,,2026-07-12
https://itch.io/c/7781873/flaziblazs-collection,,2026-07-12
https://itch.io/c/7781894/scarletts-collection,,2026-07-12
https://itch.io/c/7781898/the-fears,,2026-07-12
https://itch.io/c/7781933/exstars-collection,,2026-07-12
https://itch.io/c/7781947/new-scary-game,,2026-07-12
https://itch.io/c/7781950/my-beautiful-children-gb-gbc-and-gba,,2026-07-12
https://itch.io/c/7781952/must-try,,2026-07-12
https://itch.io/c/7781954/games,,2026-07-12
https://itch.io/c/7781974/sydboreds-collection,,2026-07-12
https://itch.io/c/7781992/free-kriegsspiel-revolution-rules-universal,,2026-07-12
https://itch.io/c/7781996/fantasy-fkr,,2026-07-12
https://itch.io/c/7782004/7102026,,2026-07-12
https://itch.io/c/7782011/asian-action,,2026-07-12
https://itch.io/c/7782034/bunnybtw1s-collection,,2026-07-12
https://itch.io/c/7782047/randos,,2026-07-12
https://itch.io/c/7782060/2hu,,2026-07-12
https://itch.io/c/7782065/new-to-try,,2026-07-12
https://itch.io/c/7782086/razvan0998s-collection,,2026-07-12
https://itch.io/c/7782089/download,,2026-07-12
https://itch.io/c/7782095/cinnnamanorollds-collection,,2026-07-12
https://itch.io/c/7782097/hmmm,,2026-07-12
https://itch.io/c/7782103/solo-rpgs,,2026-07-12
https://itch.io/c/7782123/mili880s-collection,,2026-07-12
https://itch.io/c/7782124/reading,,2026-07-12
https://itch.io/c/7782127,,2026-07-12
https://itch.io/c/7782139/frenticzzs-collection,,2026-07-12
https://itch.io/c/7782168/ruben-manis-collection,,2026-07-12
https://itch.io/c/7782186/play,,2026-07-12
https://itch.io/c/7782188/lb-kes-collection,,2026-07-12
https://itch.io/c/7782194/gud,,2026-07-12
https://itch.io/c/7782222/mimikums-collection,,2026-07-12
https://itch.io/c/7782235/toxic-yuri-vn-jam-2-saves,,2026-07-12
https://itch.io/c/7782239/games-to-play,,2026-07-12
https://itch.io/c/7782250/big-shoess-collection,,2026-07-12
https://itch.io/c/7782254/remoteflowers-collection,,2026-07-12
https://itch.io/c/7782266/samb202s-collection,,2026-07-12
https://itch.io/c/7782313/papa-jeff,,2026-07-12
https://itch.io/c/7782314/visual-novel,,2026-07-12
https://itch.io/c/7782360/smile,,2026-07-12
https://itch.io/c/7782369/chantal2000s-collection,,2026-07-12
https://itch.io/c/7782404/to-do,,2026-07-12
https://itch.io/c/7782415/multiplayer-to-do,,2026-07-12
https://itch.io/c/7782428/gioo-2005s-collection,,2026-07-12
https://itch.io/c/7782432/craigjenkinss-collection,,2026-07-12
https://itch.io/c/7782452/ultralatin13s-collection,,2026-07-12
https://itch.io/c/7782454/marks-gameing-studios-collection,,2026-07-12
https://itch.io/c/7782470/stuff,,2026-07-12
https://itch.io/c/7782482/tornadogalaxys-collection,,2026-07-12
https://itch.io/c/7782486/solo-rpgs,,2026-07-12
https://itch.io/c/7782527/horror,,2026-07-12
https://itch.io/c/7782532/har-har,,2026-07-12
https://itch.io/c/7782563/yoyos-collection,,2026-07-12
https://itch.io/c/7782601/partygoer-38s-collection,,2026-07-12
https://itch.io/c/7782619/games,,2026-07-12
https://itch.io/c/7782625/horror,,2026-07-12
https://itch.io/c/7782685/bigbabyrootbeers-collection,,2026-07-12
https://itch.io/c/7782698/surgns-collection,,2026-07-12
https://itch.io/c/7782715/ale-hyns-collection,,2026-07-12
https://itch.io/c/7782725/hoochmcgoochs-collection,,2026-07-12
https://itch.io/c/7782734/sbig-games,,2026-07-12
https://itch.io/c/7782742/wants,,2026-07-12
https://itch.io/c/7782755/pc-games,,2026-07-12
https://itch.io/c/7782790/owned-android,,2026-07-12
https://itch.io/c/7782811/isometictile,,2026-07-12
https://itch.io/c/7782831/kae,,2026-07-12
https://itch.io/c/7782851/noophysteffs-collection,,2026-07-12
https://itch.io/c/7782852/wonderstar123s-collection,,2026-07-12
https://itch.io/c/7782860/played-games-watch-for-updates,,2026-07-12
https://itch.io/c/7782865/tyvn-reading-list,,2026-07-12
https://itch.io/c/7782887/louize167291838s-collection,,2026-07-12
https://itch.io/c/7782893/kjw009s-collection,,2026-07-12
https://itch.io/c/7782926/ccc999s-collection,,2026-07-12
https://itch.io/c/7782929/toll-pondering-emoji,,2026-07-12
https://itch.io/c/7782944/2731s-collection,,2026-07-12
https://itch.io/c/7782971/character-sample,,2026-07-12
https://itch.io/c/7782975/pending,,2026-07-12
https://itch.io/c/7782982/wormyyy3s-collection,,2026-07-12
https://itch.io/c/7783003/games-to-download,,2026-07-12
https://itch.io/c/7783034/romance-games,,2026-07-12
https://itch.io/c/7783088/yagod0s-collection,,2026-07-12
https://itch.io/c/7783118/upcoming-ig,,2026-07-12
https://itch.io/c/7783131/your-kamys-collection,,2026-07-12
https://itch.io/c/7783135/wretched-and-alone,,2026-07-12
https://itch.io/c/7783136/aiazsiis-collection,,2026-07-12
https://itch.io/c/7783161/sora1299s-collection,,2026-07-12
https://itch.io/c/7783164/cvgamedevelopers-collection,,2026-07-12
https://itch.io/c/7783169/sora1299s-collection,,2026-07-12
https://itch.io/c/7783176/sora1299s-collection,,2026-07-12
https://itch.io/c/7783179/hesitant-bulletss-collection,,2026-07-12
https://itch.io/c/7783182/songke04s-collection,,2026-07-12
https://itch.io/c/7783185/mezzez231gmailcoms-collection,,2026-07-12
https://itch.io/c/7783203/roaringmoons-collection,,2026-07-12
https://itch.io/c/7783210/grizzygrizzkings-collection,,2026-07-12
https://itch.io/c/7783223/mrfuturehusbands-collection,,2026-07-12
https://itch.io/c/7783229/2,,2026-07-12
https://itch.io/c/7783232/hedwujhoiedw,,2026-07-12
https://itch.io/c/7783234/karimov-70s-collection,,2026-07-12
https://itch.io/c/7783245/minoshi1114s-collection,,2026-07-12
https://itch.io/c/7783248/usernameisnotfounds-collection,,2026-07-12
https://itch.io/c/7783257/bundles,,2026-07-12
https://itch.io/c/7783265/tiniacats-collection,,2026-07-12
https://itch.io/c/7783271/savviseratonins-collection,,2026-07-12
https://itch.io/c/7783272/games,,2026-07-12
https://itch.io/c/7783275/diddyaplentys-collection,,2026-07-12
https://itch.io/c/7783278/romance,,2026-07-12
https://itch.io/c/7783280/cutiebpies-collection,,2026-07-12
https://itch.io/c/7783283/didianliangjinggaos-collection,,2026-07-12
https://itch.io/c/7783303/erm-games-to-pplaayy,,2026-07-12
https://itch.io/c/7783317/yali666s-collection,,2026-07-12
https://itch.io/c/7783320/to-look-for,,2026-07-12
https://itch.io/c/7783327/gerald-mouses-collection,,2026-07-12
https://itch.io/c/7783328/2,,2026-07-12
https://itch.io/c/7783329/leonescovs-collection,,2026-07-12
https://itch.io/c/7783347/kjw009s-collection,,2026-07-12
https://itch.io/c/7783355/o1poom1zzos-collection,,2026-07-12
https://itch.io/c/7783365/o1poom1zzos-collection,,2026-07-12
https://itch.io/c/7783373/reiseds-collection,,2026-07-12
https://itch.io/c/7783379/gagedass-collection,,2026-07-12
https://itch.io/c/7783431/ricce,,2026-07-12
https://itch.io/c/7783449/bfhirbi1245899s-collection,,2026-07-12
https://itch.io/c/7783460/huge-ass,,2026-07-12
https://itch.io/c/7783468/furr,,2026-07-12
https://itch.io/c/7783474/burnthisemail6969s-collection,,2026-07-12
https://itch.io/c/7783478/ghostlyhusksss-collection,,2026-07-12
https://itch.io/c/7783480/shin2345s-collection,,2026-07-12
https://itch.io/c/7783483/sd-scroller,,2026-07-12
https://itch.io/c/7783485/mommy,,2026-07-12
https://itch.io/c/7783486/cocobabythedons-collection,,2026-07-12
https://itch.io/c/7783489/aluca-sols-collection,,2026-07-12
https://itch.io/c/7783503/woahehgjrycgcgxj,,2026-07-12
https://itch.io/c/7783504/horror,,2026-07-12
https://itch.io/c/7783530/a1250423s-collection,,2026-07-12
https://itch.io/c/7783534/cocobabythedons-collection,,2026-07-12
https://itch.io/c/7783535/dragon-10000000001s-collection,,2026-07-12
https://itch.io/c/7783539/fnaf,,2026-07-12
https://itch.io/c/7783542/parody,,2026-07-12
https://itch.io/c/7783557/shadow888222s-collection,,2026-07-12
https://itch.io/c/7783561/lol-small,,2026-07-12
https://itch.io/c/7783568/footy,,2026-07-12
https://itch.io/c/7783572/love-me-not,,2026-07-12
https://itch.io/c/7783581/aposdale-vn-club,,2026-07-12
https://itch.io/c/7783621/daolixiaozi666s-collection,,2026-07-12
https://itch.io/c/7783624/25d-games,,2026-07-12
https://itch.io/c/7783627/succubus,,2026-07-12
https://itch.io/c/7783631/3d-inc,,2026-07-12
https://itch.io/c/7783633/ilkeits-collection,,2026-07-12
https://itch.io/c/7783640/dadiaoguais-collection,,2026-07-12
https://itch.io/c/7783642/toon,,2026-07-12
https://itch.io/c/7783663/inks-collection,,2026-07-12
https://itch.io/c/7783666/renpy,,2026-07-12
https://itch.io/c/7783667/thecake80s-collection,,2026-07-12
https://itch.io/c/7783676/ruubicks-collection,,2026-07-12
https://itch.io/c/7783678/nicholastritss-collection,,2026-07-12
https://itch.io/c/7783702/fav,,2026-07-12
https://itch.io/c/7783709/ilkeits-collection,,2026-07-12
https://itch.io/c/7783711/ilkeits-collection,,2026-07-12
https://itch.io/c/7783718/ny-pies-collection,,2026-07-12
https://itch.io/c/7783742/beastie,,2026-07-12
https://itch.io/c/7783753,,2026-07-12
https://itch.io/c/7783821/julianpol2s-collection,,2026-07-12
https://itch.io/c/7783838/asn-premium-toolbox,,2026-07-12
https://itch.io/c/7783841/otome,,2026-07-12
https://itch.io/c/7783853/edufans-collection,,2026-07-12
https://itch.io/c/7783885/mattycms-collection,,2026-07-12
https://itch.io/c/7783888/d,,2026-07-12
https://itch.io/c/7783905/shouttos-collection,,2026-07-12
https://itch.io/c/7783906/knohs-collection,,2026-07-12
https://itch.io/c/7783964/mattycms-collection,,2026-07-12
https://itch.io/c/7783970/lucaspis-collection,,2026-07-12
https://itch.io/c/7783980/ss,,2026-07-12
https://itch.io/c/7783986/711,,2026-07-12
https://itch.io/c/7784036/myp3388s-collection,,2026-07-12
https://itch.io/c/7784039/nanaxzhs-collection,,2026-07-12
https://itch.io/c/7784047/dagonns-collection,,2026-07-12
https://itch.io/c/7784048/browin4680s-collection,,2026-07-12
https://itch.io/c/7784058/vbgnhgmhgfbghytdfbgfgfbfg,,2026-07-12
https://itch.io/c/7784066/gen,,2026-07-12
https://itch.io/c/7784069/binzyyyyys-collection,,2026-07-12
https://itch.io/c/7784092/zhantys-collection,,2026-07-12
https://itch.io/c/7784108/godot-wild-jam-95,,2026-07-12
https://itch.io/c/7784145/sunako3353s-collection,,2026-07-12
https://itch.io/c/842101/imminentorbits-collection,,2026-07-12
https://itch.io/c/951342/lgbt-gaming,,2026-07-12
https://itch.io/c/963049/ziggyxmachinas-collection,,2026-07-12
https://itch.io/c/1310112/games,,2026-07-12
https://itch.io/c/1360324/unique-abstrat-art,,2026-07-12
https://itch.io/c/1507902/lame,,2026-07-12
https://itch.io/c/1603649/spysoss-collection,,2026-07-12
https://itch.io/c/1710017/gms,,2026-07-12
https://itch.io/c/1822122/commodore-64,,2026-07-12
https://itch.io/c/1880324/boystory92s-collection,,2026-07-12
https://itch.io/c/1940818/g,,2026-07-12
https://itch.io/c/2007195/tekicatts-collection-of-smut,,2026-07-12
https://itch.io/c/2028169/uwu,,2026-07-12
https://itch.io/c/2413260/cellonoss-collection,,2026-07-12
https://itch.io/c/2588140/hopeorcas-collection,,2026-07-12
https://itch.io/c/2813173/epsilonpluss-collection,,2026-07-12
https://itch.io/c/2866173/sounds,,2026-07-12
https://itch.io/c/2872575/brunettebelles-collection,,2026-07-12
https://itch.io/c/2907188/nsfw,,2026-07-12
https://itch.io/c/2978268/jolopezms-collection,,2026-07-12
https://itch.io/c/2999681/jordobos-collection,,2026-07-12
https://itch.io/c/3082705/ensalada429s-collection,,2026-07-12
https://itch.io/t/6599772/unpaid-for-now-looking-for-english-voice-artist-for-youtube-channel,,2026-07-12
https://itch.io/t/6600147/2147-hiraeth-release-date-trailer,,2026-07-12
https://itch.io/t/6600155/neb-a-doom-mod-about-explosive-barrels,,2026-07-12
https://itch.io/t/6600219/artist-looking-for-a-partner-or-possibly-a-team,,2026-07-12
https://itch.io/t/6600243/free-or-paid-localization-enit-iten-writing-italian-translatorwriter-available-for-projects,,2026-07-12
https://itch.io/t/6600266/i-built-4-browser-games-totaling-280kb-zero-install-zero-engine-zero-ads,,2026-07-12
https://itch.io/t/6600314/looking-for-feedback-on-car-handling-slotrunner-browser-early-alpha,,2026-07-12
https://itch.io/t/6600416/free-50-fantasy-items-loot-icons-rpg-inventory-sampler-royalty-free,,2026-07-12
https://itch.io/t/6600437/helpline-17-the-final-dial-in,,2026-07-12
https://itch.io/t/6600514/art-unpaid-seeking-someone-to-make-pixel-art-for-a-game-1-2-months,,2026-07-12
https://itch.io/t/6600552/block-rogue-block-blast-meets-balatro-in-a-single-33kb-html-file,,2026-07-12
https://itch.io/t/6600553/northhack-is-recruiting-uiux,,2026-07-12
https://itch.io/t/6600587/lovelorndemo,,2026-07-12
https://itch.io/t/6600597/composer-sound-designer-available-for-any-indie-game,,2026-07-12
https://itch.io/t/6600607/asset-pack-not-indexed-after-10-days-ticket-379630,,2026-07-12
https://itch.io/t/6600676/whispers-in-the-ruins-scary,,2026-07-12
https://itch.io/t/6600708/kingdom-syndicate-a-persistent-browser-idle-mmorpg-built-for-strategy-fans,,2026-07-12
https://itch.io/t/6600736/play-dungeon-dash-by-chaotic,,2026-07-12
https://itch.io/t/6600770/made-a-free-tool-image-to-pixel-art-batch-convert-any-image-to-pixel-style-online,,2026-07-12
https://itch.io/t/6600795/composerhorrorfree-paid-japanese-dark-horror-music-free-royalty-free-tracks-no-content-id-custom-50track,,2026-07-12
https://itch.io/t/6601001/synth-slayer-the-red-nebula-out-now,,2026-07-12
https://itch.io/t/6601006/once-again-trying-to-get-my-posts-approved,,2026-07-12
https://itch.io/t/6601053/anyone-developing-a-multiplayer-game-and-interested-in-weekly-mutual-game-test-session,,2026-07-12
https://itch.io/t/6601088/lfpunityfmod-sound-designer-looking-for-a-2d-indie-project,,2026-07-12
https://itch.io/t/6601111/art-2d-character-artist-storyboarder-looking-for-paid-projects-team-partner,,2026-07-12
https://itch.io/t/6601137/join-the-project-of-the-year,,2026-07-12
https://itch.io/t/6601178/feedback-wanted-for-my-asteroids-inspired-game,,2026-07-12
https://itch.io/t/6601213/queen-of-the-kitsunes,,2026-07-12
https://itch.io/t/6601258/coming-soon,,2026-07-12
https://itch.io/t/6601360/creature-sound-design-wwise-demo,,2026-07-12
https://itch.io/t/6601361/my-first-horror-game-is-out-made-entirely-solo-in-ue5-,,2026-07-12
https://itch.io/t/6601389/help-wanted-unpaid-searching-for-help-with-backgrounds-and-graphic-design,,2026-07-12
https://itch.io/t/6601401/dirty-ice-cream-shop,,2026-07-12
https://itch.io/t/6601417/crazy-pranks,,2026-07-12
https://itch.io/t/6601441/free-64x64-apex-symbiote-sword-with-12-frame-pulsing-animation,,2026-07-12
https://itch.io/t/6601447/rising-spirit-a-boxer-rpg-inspired-from-hajime-no-ippo,,2026-07-12
https://itch.io/t/6601514/paid-96x96-siam-epic-highly-detailed-unique-thai-mythology-modular-pixel-art-pack,,2026-07-12
https://itch.io/t/6601582/quick-research-question-for-devs-platform-fees-discovery,,2026-07-12
https://itch.io/t/6601689/astoria-faber-exitii-fantasy-pixel-art-rpg-prologue,,2026-07-12
https://itch.io/t/6601690/vespers-void-the-eternal-cascade-released,,2026-07-12
https://itch.io/t/6601717/mythic-dash-an-arcade-style-dungeon-dash-inspired-by-southeast-asian-myths,,2026-07-12
https://itch.io/t/6601732/forhire-unity-programmer-with-7-years-experience,,2026-07-12
https://itch.io/t/6601733/horror-laboratory-tileset,,2026-07-12
https://itch.io/t/6601786/collidle-a-cosmic-idleclicker-game,,2026-07-12
https://itch.io/t/6601853/aeroscape-a-simple-relaxing-building-game,,2026-07-12
https://itch.io/t/6601943/pixel-artistpaid-looking-for-work,,2026-07-12
https://itch.io/t/6601963/paiddonation-looking-for-any-kind-of-job,,2026-07-12
https://itch.io/t/6602113/new-2d-comedy-point-click-adventure,,2026-07-12
https://itch.io/t/6602125/hello-gamers-im-proud-to-present-you-my-very-first-game-,,2026-07-12
https://itch.io/t/6602134/revsharevolunteer-interestgames-for-impact-project-seeking-volunteers,,2026-07-12
https://itch.io/t/6602183/making-ai-for-a-stealth-game,,2026-07-12
https://itch.io/t/6602263/stoneheart-archive-protect-a-giant-walking-castle-carrying-the-last-library-of-civilisation-free-browser,,2026-07-12
https://itch.io/t/6602320/gravity-whipped-launched-on-itchio-today,,2026-07-12
https://itch.io/t/6602424/volunteer-future-revshare-team-for-a-garten-of-banban-remake,,2026-07-12
https://itch.io/t/6602526/driftlight-a-cozy-semi-idle-game-about-gathering-light-demo-out-now,,2026-07-12
https://itch.io/t/6602624/paintsessions-is-now-live-paint-together-in-a-shared-3d-graffitiart-world,,2026-07-12
https://itch.io/t/6602631/released-today-midnight-ai-interviewer,,2026-07-12
https://itch.io/t/6602688/zombie-speed-golf-version-02-devlog,,2026-07-12
https://itch.io/t/6602744/inferno-wing,,2026-07-12
https://itch.io/t/6602746/phluxel-a-cellular-automata-editor-where-you-write-your-own-rules,,2026-07-12
https://itch.io/t/6602784/last-out-psx,,2026-07-12
https://itch.io/t/6602823/attack-on-aircon-metal-slug-streets-of-rage-black-comedy-about-europes-2026-ac-wars-free-browser-demo,,2026-07-12
https://itch.io/t/6603158/unofficial-artfight-jam-2026,,2026-07-12
https://itch.io/t/6603238/industry-alert-german-publisher-aerosoft-alleged-to-withhold-creator-payments,,2026-07-12
https://itch.io/t/6603298/chrome-circuit-early-demo,,2026-07-12
https://itch.io/t/6603361/industry-alert-german-publisher-aerosoft-alleged-to-withhold-creator-payments,,2026-07-12
https://itch.io/t/6603434/my-first-version-of-american-checkers,,2026-07-12
https://itch.io/t/6603471/feedback-for-layered-spaceship-interior-pack-for-vn-rpg-games,,2026-07-12
https://itch.io/t/6603474/-complete-spaceship-background-pack-released,,2026-07-12
https://itch.io/t/6603482/teskyra,,2026-07-12
https://itch.io/t/6603510/owtfa-beta-preview-the-ultimate-face-to-face-multiplayer-mobile-racing-experience-solo-dev,,2026-07-12
https://itch.io/t/6603511/flippy-bird-3d-can-you-beat-22-points-web-game,,2026-07-12
https://itch.io/t/6603512/flippy-bird-3d-can-you-beat-22-points-web-game,,2026-07-12
https://itch.io/t/6603528/for-sale-mind-reading-word-puzzle-game-webgl-mobile-full-rights,,2026-07-12
https://itch.io/t/6603634/serious-carousel,,2026-07-12
https://itch.io/t/6603647/buildcraft,,2026-07-12
https://itch.io/t/6603695/does-anyone-here-know-about-clock-tower-and-sudas-other-work-twilight-syndrome,,2026-07-12
https://itch.io/t/6603725/rallycross-legends-playtest-open,,2026-07-12
https://itch.io/t/6603771/release-wordquest-journey-a-modern-100-level-responsive-word-puzzle-engine,,2026-07-12
https://itch.io/t/6603807/twerk-the-bottle-not-indexed-since-february,,2026-07-12
https://itch.io/t/6603812/my-game-is-still-not-indexed-in-search-after-30-days-ticket-sent-previously,,2026-07-12
https://itch.io/t/6603853/account-and-game-indexing-request-harem-waifu-wars,,2026-07-12
https://itch.io/t/6603915/artpaid-looking-for-pixel-artist-to-create-art-for-fighting-game,,2026-07-12
https://itch.io/t/6603953/looking-for-a-pixel-artist-for-a-top-down-indie-game,,2026-07-12
https://itch.io/t/6603960/released-today-skystrike-a-fast-paced-2d-jet-combat-shooter,,2026-07-12
https://itch.io/t/6604061/necesito-un-programador-para-mi-proyecto-mas-ambicioso,,2026-07-12
https://itch.io/t/6604076/rogue-the-amulet-of-yendor-a-faithful-remake-of-the-1980-classic-playable-now,,2026-07-12
https://itch.io/t/6604123/for-hire-paid-sound-designer-sci-fi-ui-ambience,,2026-07-12
https://itch.io/t/6604135/mobile-tetris-now-is-out,,2026-07-12
https://itch.io/t/6604170/is-it-possible-to-get-custom-referral-stats-by-adding-url-variables,,2026-07-12
https://itch.io/t/6604219/writing-narrative-designer-looking-for-a-writing-partner-for-a-dark-dystopian-vn,,2026-07-12
https://itch.io/t/6604314/ue5revsharemarketingvideo-steinvar-looking-for-social-media-manager-video-production-specialist,,2026-07-12
https://itch.io/t/6604348/unity-horror-unpaidhobby-looking-for-3d-artist-and-horror-audio-designer,,2026-07-12
https://itch.io/t/6604379/revshare2d-art-sumi-e-arena-survival-roguelike,,2026-07-12
https://itch.io/t/6604386/game-missing-from-search-tags-after-indexing-queue,,2026-07-12
https://liv-sucks.itch.io/rc-car-game,,2026-07-12
https://rodiey.itch.io/shadow-rain,,2026-07-12
https://neurocar.itch.io/five-nights-at-bonnies-fnab,,2026-07-12
https://happy-smay.itch.io/nestling-the-game,,2026-07-12
https://rodiey.itch.io/schrodingers-council,,2026-07-12
https://liv-sucks.itch.io/liv,,2026-07-12
https://zetasoftteam.itch.io/the-island,,2026-07-12
https://rodiey.itch.io/talk-to-me-ai,,2026-07-12
https://tnk64.itch.io/mashrun,,2026-07-12
https://miniaudio.itch.io/stringquartetandphysics,,2026-07-12
https://fgg-studios.itch.io/fgg,,2026-07-12
https://nymesis.itch.io/pet-rabbit-simulator,,2026-07-12
https://liv-sucks.itch.io/short-gamebeta,,2026-07-12
https://orrj.itch.io/niccolos-story,,2026-07-12
https://liv-sucks.itch.io/clicker,,2026-07-12
https://liv-sucks.itch.io/bully-nic,,2026-07-12
https://liv-sucks.itch.io/brett-and-dallas,,2026-07-12
https://zetasoftteam.itch.io/iceberg-panic,,2026-07-12
https://project-sp.itch.io/project-sp,,2026-07-12
https://reroll.itch.io/dreadful-roomies,,2026-07-12
https://elqdev.itch.io/meme-master-remastered,,2026-07-12
https://utkiller.itch.io/zoneshift-rearx,,2026-07-12
https://franchegames.itch.io/cubiaventuras,,2026-07-12
https://itshalo.itch.io/unheimlich,,2026-07-12
https://koalacrew.itch.io/wingman,,2026-07-12
https://electricram999.itch.io/reverse-olympics,,2026-07-12
https://lumonistical.itch.io/cloudsgorillahorror,,2026-07-12
https://just-a-noob76.itch.io/the-death-run-multiplayer,,2026-07-12
https://maxparata.itch.io/voxelfantasyweapons,,2026-07-12
https://gold-leaf-interactive.itch.io/ginger-shroom-journey,,2026-07-12
https://nymesis.itch.io/coin-maze,,2026-07-12
https://johnathandarkly.itch.io/glitch-heart,,2026-07-12
https://graph-games.itch.io/interdimensional-fighter,,2026-07-12
https://nymesis.itch.io/evil-clown,,2026-07-12
https://nymesis.itch.io/maze-making-iteration-2,,2026-07-12
https://happy-smay.itch.io/insideout-the-box,,2026-07-12
https://rodiey.itch.io/kairara-demo,,2026-07-12
https://gold-leaf-interactive.itch.io/escape-control,,2026-07-12
https://miniaudio.itch.io/t-op-1-remake,,2026-07-12
https://lumonistical.itch.io/gorilla-tag-horror-og-edition,,2026-07-12
https://gold-leaf-interactive.itch.io/doors-n-dice,,2026-07-12
https://gold-leaf-interactive.itch.io/mysteries-of-tupni,,2026-07-12
https://hjortmax.itch.io/guntherquest,,2026-07-12
https://gold-leaf-interactive.itch.io/crimson-eclipse,,2026-07-12
https://jrsoft.itch.io/8bits-ools,,2026-07-12
https://gold-leaf-interactive.itch.io/million-miles-deep,,2026-07-12
https://eln-team.itch.io/killer-in-train,,2026-07-12
https://nocapvc.itch.io/clash-of-cows,,2026-07-12
https://bevelfreak.itch.io/mel,,2026-07-12
https://friend-rice.itch.io/pirouetteprincess-gamejam,,2026-07-12
https://gold-leaf-interactive.itch.io/ragdoll-plainly-perilous,,2026-07-12
https://weespri.itch.io/farm-or-die,,2026-07-12
https://nymesis.itch.io/meadowquest,,2026-07-12
https://hjortmax.itch.io/bloodfeast-all-you-can-eat,,2026-07-12
https://gold-leaf-interactive.itch.io/medieval-shop-game,,2026-07-12
https://duvet-duet.itch.io/lucidity-day1,,2026-07-12
https://towasts.itch.io/jumpingaround,,2026-07-12
https://nymesis.itch.io/flesh-and-bone-greybox-blockout,,2026-07-12
https://gold-leaf-interactive.itch.io/void-knights,,2026-07-12
https://ashleyy-j.itch.io/spaydobox-brine,,2026-07-12
https://ashleyy-j.itch.io/spaydobox-v3-captives,,2026-07-12
https://ashleyy-j.itch.io/spaydobox-v2costumes,,2026-07-12
https://ashleyy-j.itch.io/spaydobox-v1-them,,2026-07-12
https://krokozabra.itch.io/glazopolz,,2026-07-12
https://alex2os.itch.io/pixelgems,,2026-07-12
https://inglorious-inge.itch.io/50-shades-of-neigh,,2026-07-12
https://towasts.itch.io/laundry-ball,,2026-07-12
https://nymesis.itch.io/vestige,,2026-07-12
https://cmkramer.itch.io/paranoia-forest,,2026-07-12
https://arovtuber.itch.io/tovznakharka,,2026-07-12
https://radzo.itch.io/deadair,,2026-07-12
https://gold-leaf-interactive.itch.io/quantum-tether,,2026-07-12
https://mashromite.itch.io/up-shot-gun,,2026-07-12
https://chipkali.itch.io/lost-realms,,2026-07-12
https://spark2life-studio.itch.io/once-tricked,,2026-07-12
https://barrett-krebs.itch.io/apollymi,,2026-07-12
https://redfogstudios.itch.io/the-trauma-horror-game,,2026-07-12
https://yayreadygames.itch.io/my-roommate-is-a-refugee-elf,,2026-07-12
https://fealjaygame.itch.io/fish-catting,,2026-07-12
https://pohlus.itch.io/circle-shoot,,2026-07-12
https://pohlus.itch.io/dino-dodge,,2026-07-12
https://leopardgames.itch.io/parkour-cube,,2026-07-12
https://duckagent.itch.io/destination,,2026-07-12
https://mikdog.itch.io/bru-boegie-get-da-sugar,,2026-07-12
https://nymesis.itch.io/horror-mansion,,2026-07-12
https://nymesis.itch.io/deepwoods,,2026-07-12
https://duckagent.itch.io/pro-cyclist-qwop,,2026-07-12
https://zanekost.itch.io/free-3d-christmas-rooms-assets,,2026-07-12
https://chipkali.itch.io/mashup,,2026-07-12
https://pavgat.itch.io/curlygirl-dawnflower,,2026-07-12
https://cookiesophie.itch.io/blade-ferret,,2026-07-12
https://maxparata.itch.io/voxel-fantasy-mounts,,2026-07-12
https://chipkali.itch.io/senshee,,2026-07-12
https://sethholladay.itch.io/luci-the-shrimp,,2026-07-12
https://bucketheadvrrrr66.itch.io/turbo-tag,,2026-07-12
https://mimidoesstuff.itch.io/talesepicgangsagedemo,,2026-07-12
https://gustavomendoza-gamedev.itch.io/tiny-defense,,2026-07-12
https://caetanoxd.itch.io/a-really-big-ladder,,2026-07-12
https://hegonox.itch.io/studyrpg,,2026-07-12
https://mementos17.itch.io/twerk-the-bottle,,2026-07-12
https://gold-leaf-interactive.itch.io/overclocked-ddm,,2026-07-12
https://tangurple.itch.io/heart-of-oak,,2026-07-12
https://ben-delvin.itch.io/diary-of-a-huntress,,2026-07-12
https://gold-leaf-interactive.itch.io/i-am-inevitable,,2026-07-12
https://aurora-games-official.itch.io/scratch-bros,,2026-07-12
https://eupcha.itch.io/membership3,,2026-07-12
https://isaaclemus.itch.io/astro-bounce,,2026-07-12
https://rjfoxx.itch.io/leviticus,,2026-07-12
https://bikiniwarsofficial.itch.io/bikiniwars,,2026-07-12
https://grandisgames.itch.io/moving-up-lite,,2026-07-12
https://krokozabra.itch.io/icebreaker,,2026-07-12
https://cbtherapy.itch.io/spare-hearts,,2026-07-12
https://krokozabra.itch.io/on-how-trains-work,,2026-07-12
https://urkose-game.itch.io/square-seller,,2026-07-12
https://autorporaccidente.itch.io/las-piedras-del-poder,,2026-07-12
https://julergt.itch.io/jmod,,2026-07-12
https://onion-caramel.itch.io/divingdream,,2026-07-12
https://patchwgames.itch.io/patchwork-home,,2026-07-12
https://bakanono.itch.io/stophopper,,2026-07-12
https://shnoy.itch.io/rat-rage,,2026-07-12
https://raggar-raffe.itch.io/kung-av-ingenting,,2026-07-12
https://mingyueshi.itch.io/untitled-alchemist-simulator,,2026-07-12
https://gabriel-langa.itch.io/gearcycle,,2026-07-12
https://tunditur-unda.itch.io/rpg26,,2026-07-12
https://chipkali.itch.io/last-stand-arena-jamversion,,2026-07-12
https://daville-does-games.itch.io/daville-fun-gaming-school-remastered,,2026-07-12
https://sap99.itch.io/sprunki-color,,2026-07-12
https://gold-leaf-interactive.itch.io/dread-and-breakfast,,2026-07-12
https://gold-leaf-interactive.itch.io/access-granted,,2026-07-12
https://gold-leaf-interactive.itch.io/breathe-arcade,,2026-07-12
https://kaylousberg.itch.io/bits-bundle-2,,2026-07-12
https://mingyueshi.itch.io/way-out,,2026-07-12
https://sap99.itch.io/sprunki-colorshifted,,2026-07-12
https://kevintoninelli.itch.io/skywatcher,,2026-07-12
https://theanaverwaerde.itch.io/low-signal,,2026-07-12
https://srhuron.itch.io/endobadiomanem,,2026-07-12
https://fantasygamesstudio.itch.io/moeka,,2026-07-12
https://thalamusdigital.itch.io/return-to-blacktooth-album,,2026-07-12
https://gold-leaf-interactive.itch.io/trenchglow,,2026-07-12
https://wizy200.itch.io/fishgo,,2026-07-12
https://just-a-noob76.itch.io/feed-the-family,,2026-07-12
https://balencialto.itch.io/vaultful-of-lasers,,2026-07-12
https://kevs1357.itch.io/maze3d,,2026-07-12
https://mickaelbneron.itch.io/liquid-swarm,,2026-07-12
https://holowaifu.itch.io/free-desktop-ai-companion,,2026-07-12
https://studio-nogemu.itch.io/idle-vending-machine,,2026-07-12
https://sap99.itch.io/kuru,,2026-07-12
https://furryfoundfootage.itch.io/furry-found-footage-after-dark,,2026-07-12
https://pouvz.itch.io/paper-cut,,2026-07-12
https://jetrange31.itch.io/prototype-ia,,2026-07-12
https://cashmarcoreal-bit.itch.io/electric-callboy-hypercharged,,2026-07-12
https://mufahstudio.itch.io/signmign,,2026-07-12
https://faxi-studios.itch.io/alphacraft-web-edition,,2026-07-12
https://amberbian.itch.io/pong-ai-air-hockey,,2026-07-12
https://israelreyes38575.itch.io/fun-monke-horror-archive-server,,2026-07-12
https://skul-dev.itch.io/warfight-demo,,2026-07-12
https://heliomcjr.itch.io/feed-friends-end-each-dinner,,2026-07-12
https://jaitustheawesome.itch.io/polysprunk,,2026-07-12
https://katabasis-dev.itch.io/katabasis-demo,,2026-07-12
https://cutegamesclub.itch.io/teenage-cupid,,2026-07-12
https://gamedevelop76.itch.io/pokepo,,2026-07-12
https://sap99.itch.io/just-sb3-and-pmp,,2026-07-12
https://morningstar6972.itch.io/portfolio,,2026-07-12
https://exotic-cat.itch.io/night-shif-at-the-convent,,2026-07-12
https://jasongodbey.itch.io/driftlight-demo,,2026-07-12
https://zibzib-lubo.itch.io/stars-horror,,2026-07-12
https://eduardoperezleale.itch.io/the-day-the-bricks-fell,,2026-07-12
https://clockworkraven.itch.io/raven-fantasy-pixel-art-rpg-icons-fighter-skills,,2026-07-12
https://drathebean.itch.io/now-you-dye,,2026-07-12
https://skul-dev.itch.io/warfightthesimulation,,2026-07-12
https://coldclover.itch.io/bitship,,2026-07-12
https://jazzyworsnop.itch.io/proyecto-analogo,,2026-07-12
https://shnoy.itch.io/bounce-away,,2026-07-12
https://roninv.itch.io/subaqua,,2026-07-12
https://silabear.itch.io/schwebebahn,,2026-07-12
https://chipkali.itch.io/last-stand-arena-demo,,2026-07-12
https://mystery-owl.itch.io/un,,2026-07-12
https://xplosivgames.itch.io/asteroids-space,,2026-07-12
https://kproject166.itch.io/beastove,,2026-07-12
https://kproject166.itch.io/yandare-furry-yuri,,2026-07-12
https://sap99.itch.io/ok,,2026-07-12
https://rapiddynamic.itch.io/pakouw,,2026-07-12
https://funonthedump.itch.io/salven-la-clarity-act,,2026-07-12
https://mrtofhove.itch.io/wizzgc,,2026-07-12
https://jetrange31.itch.io/petsimulator,,2026-07-12
https://eclair-assets.itch.io/metal-trash-can-free-cc0-glb-prop,,2026-07-12
https://nicol20309.itch.io/nara-the-lost-trace,,2026-07-12
https://arthurzin-dev.itch.io/nightmare-place,,2026-07-12
https://sasa-s.itch.io/the-night-rider,,2026-07-12
https://808gamedevstudio.itch.io/aisle-of-shadows-demo,,2026-07-12
https://hpld776.itch.io/beta,,2026-07-12
https://funonthedump.itch.io/tethris-iso20022,,2026-07-12
https://eclair-assets.itch.io/cardboard-box-01-free-cc0-glb-prop,,2026-07-12
https://flemming1k.itch.io/agnets,,2026-07-12
https://komodoko.itch.io/something-dark-in-evergreen,,2026-07-12
https://smokehouse-joe.itch.io/atari-lunar-lander-1979-remake,,2026-07-12
https://sap99.itch.io/wender-v2,,2026-07-12
https://kproject166.itch.io/triple-love,,2026-07-12
https://bootleg-itch.itch.io/hello-st,,2026-07-12
https://eclair-assets.itch.io/wooden-crate-01-free-cc0-glb-prop,,2026-07-12
https://sap99.itch.io/penz,,2026-07-12
https://sap99.itch.io/rise,,2026-07-12
https://sap99.itch.io/free-sprunki-but-its-with-a-twist,,2026-07-12
https://cmkramer.itch.io/thats-not-a-fire-extinguisher,,2026-07-12
https://xplosivgames.itch.io/asteroids-clicker,,2026-07-12
https://coke13.itch.io/operation-doomed-peter-demo,,2026-07-12
https://nanonanonanopie.itch.io/speechstatepng,,2026-07-12
https://braindumpia.itch.io/frontier,,2026-07-12
https://clonyash.itch.io/magiclyceum,,2026-07-12
https://chef-andre.itch.io/renegade,,2026-07-12
https://elleonmagico.itch.io/encapsulado,,2026-07-12
https://kevs1357.itch.io/backrooms,,2026-07-12
https://kproject166.itch.io/one-love,,2026-07-12
https://ztadrian.itch.io/boundbylight,,2026-07-12
https://babybrown.itch.io/chimeracers,,2026-07-12
https://alan5553.itch.io/cosmic-symmetry,,2026-07-12
https://felixxwu.itch.io/tappa,,2026-07-12
https://gazit.itch.io/axolotl-life,,2026-07-12
https://sasa-s.itch.io/the-urban-front,,2026-07-12
https://swabis.itch.io/disporio,,2026-07-12
https://hexlab.itch.io/the-serious-game-card-game,,2026-07-12
https://r2r-bb.itch.io/train-raid,,2026-07-12
https://monterothorne.itch.io/hollow-tree,,2026-07-12
https://ophanimkei.itch.io/veil-of-mammillaria,,2026-07-12
https://phtmg.itch.io/densetsu-market,,2026-07-12
https://sap99.itch.io/david-baszuckis-hell,,2026-07-12
https://limay.itch.io/a-mis-hijos-perdon,,2026-07-12
https://zarck5678.itch.io/2d-lenticular-image-shader-urp,,2026-07-12
https://tctlight.itch.io/project-purple-v2,,2026-07-12
https://zzy4516.itch.io/the-mutaion,,2026-07-12
https://gbgames25.itch.io/idle-farm-shoot-skeletons,,2026-07-12
https://gandeldalf.itch.io/chronosoul,,2026-07-12
https://hyperion2400.itch.io/musashi-run,,2026-07-12
https://whereisgaming.itch.io/huddys-rampage,,2026-07-12
https://amagasa.itch.io/koshira-zukan,,2026-07-12
https://inheogames.itch.io/xenologist,,2026-07-12
https://winbion.itch.io/visualnovelframework,,2026-07-12
https://isolatedinventor.itch.io/coretowerdefense,,2026-07-12
https://whereisgaming.itch.io/card-chess,,2026-07-12
https://gamehermits.itch.io/metro-surge,,2026-07-12
https://ferplex12.itch.io/cyber-tech-digital-atmosphere-pack,,2026-07-12
https://mateus-yoshida.itch.io/the-infernal-run,,2026-07-12
https://quiet-kettle-assets.itch.io/cozy-village-backgrounds-pack,,2026-07-12
https://emdesigner6.itch.io/it-city,,2026-07-12
https://sap99.itch.io/5-shift,,2026-07-12
https://sensei-spooks.itch.io/strong-bird,,2026-07-12
https://mole06.itch.io/collapsedungeon,,2026-07-12
https://playjax-gaming.itch.io/heat-in-vegas,,2026-07-12
https://daylong7412.itch.io/battle-of-glorieta-pass,,2026-07-12
https://fortressrestoration.itch.io/tf2restoration,,2026-07-12
https://imk-terrible.itch.io/dial-for-dear-life,,2026-07-12
https://adamla.itch.io/zbs,,2026-07-12
https://greenrcal.itch.io/smoke-em-if-you-got-em,,2026-07-12
https://sap99.itch.io/2nd-sb3-pack,,2026-07-12
https://sap99.itch.io/new-game-soon,,2026-07-12
https://dustyrix.itch.io/necro-corp-inc,,2026-07-12
https://flemming1k.itch.io/whirlie-popper,,2026-07-12
https://velvetlabyrinth.itch.io/vampire-mistress-nsfw-web-demo,,2026-07-12
https://krogen3d.itch.io/shading-tools,,2026-07-12
https://davidbragg.itch.io/these-are-not-my-memories,,2026-07-12
https://ascheafer.itch.io/murphyjam,,2026-07-12
https://davidbragg.itch.io/maeve-murrays,,2026-07-12
https://krokozabra.itch.io/the-troblem-of-prolley,,2026-07-12
https://ganjarider.itch.io/spring-breeze,,2026-07-12
https://velvetlabyrinth.itch.io/vampire-mistress-web-demo,,2026-07-12
https://shoona.itch.io/medusa-under-sea,,2026-07-12
https://kazyyyy.itch.io/minttaggers,,2026-07-12
https://trideapthbear.itch.io/factory-game,,2026-07-12
https://gamecreator11.itch.io/pixel-leap,,2026-07-12
https://sarrukh.itch.io/gainsboro,,2026-07-12
https://ive1.itch.io/zombie-survival,,2026-07-12
https://junh4nn.itch.io/gaiagacha,,2026-07-12
https://userbloons.itch.io/thebestgameof2025,,2026-07-12
https://pekopekogames.itch.io/2048-night-tiles,,2026-07-12
https://lesskedo.itch.io/tamargotchi,,2026-07-12
https://lemongr10.itch.io/rented-magic,,2026-07-12
https://dnm-games.itch.io/den-80,,2026-07-12
https://gamemaker-007.itch.io/its-not-that-deep,,2026-07-12
https://mygameaccount.itch.io/recs,,2026-07-12
https://sleepingswordsman.itch.io/wind-soul,,2026-07-12
https://darko-dev.itch.io/runeterra-furry-romance,,2026-07-12
https://chaosinteractive.itch.io/rallycross-legends,,2026-07-12
https://crashm2008.itch.io/adbeenture,,2026-07-12
https://hattx.itch.io/gorillaxhorror,,2026-07-12
https://inessaraiva.itch.io/flyingburgueer,,2026-07-12
https://codecar.itch.io/malcolm-in-the-mission,,2026-07-12
https://taiyoknowsball.itch.io/an-unreasonably-hard-game-demo,,2026-07-12
https://proximaprojects.itch.io/didi,,2026-07-12
https://eclair-assets.itch.io/wicker-basket-01-free-cc0-glb-3d-prop,,2026-07-12
https://marmotknights.itch.io/the-destiny-of-zeith-prologue-demo,,2026-07-12
https://glowgt.itch.io/app-tag-v3,,2026-07-12
https://spokkirdev.itch.io/spellcats,,2026-07-12
https://echeloncreate.itch.io/doc-tommy-the-vig,,2026-07-12
https://mdstephenson.itch.io/bloody-ground-prototype,,2026-07-12
https://sap99.itch.io/rare-shift,,2026-07-12
https://starstriker10.itch.io/fantasy-brothel,,2026-07-12
https://pixel-banner.itch.io/rpg-top-down-meadows-32x32,,2026-07-12
https://annabcn.itch.io/toutschuss,,2026-07-12
https://elvgames.itch.io/lofi-loops-pack-3,,2026-07-12
https://mxmisfits.itch.io/feeding-the-beast,,2026-07-12
https://yukseldev.itch.io/the-vessel-demo,,2026-07-12
https://befuddlebug.itch.io/veil-of-the-volcano-lite,,2026-07-12
https://playhem.itch.io/gravity-vs-goo,,2026-07-12
https://taikichiro.itch.io/dj-piyoon,,2026-07-12
https://shadycowgames.itch.io/abyssal-kingdoms,,2026-07-12
https://intoxicated-flavors.itch.io/psychopomp-hospital,,2026-07-12
https://tarjah.itch.io/cubo-aleatorio-arcoris,,2026-07-12
https://gayvie.itch.io/because-you-are-alive,,2026-07-12
https://z4ppyf4c3.itch.io/roombah-rumble,,2026-07-12
https://eclair-assets.itch.io/fish-knife-free-cc0-glb-3d-prop,,2026-07-12
https://elanis.itch.io/logistik,,2026-07-12
https://monochrome-disposition.itch.io/straining-against-the-limit,,2026-07-12
https://sunnatqz.itch.io/the-road-to-busan,,2026-07-12
https://seauwu29.itch.io/gorillaz-tagger,,2026-07-12
https://sap99.itch.io/big-remake-on-yandere-tunner,,2026-07-12
https://modmanguy.itch.io/what-a-shift,,2026-07-12
https://split-peaches.itch.io/beauty-clicker-rouges-dreams-full-version,,2026-07-12
https://buikvetjeofficial.itch.io/medirian-a-hunters-exile1,,2026-07-12
https://mr-demi-plays-and-creates.itch.io/project-nothing-modded,,2026-07-12
https://somebody0299.itch.io/neon-fighter,,2026-07-12
https://graph-games.itch.io/ambition,,2026-07-12
https://i-see-words.itch.io/10-letters,,2026-07-12
https://xtimhedi.itch.io/logicsandbox,,2026-07-12
https://sap99.itch.io/one-more-mod,,2026-07-12
https://aerobiba.itch.io/rpgmt-party-switch-plugin,,2026-07-12
https://eclair-assets.itch.io/brass-pan-01-free-cc0-glb-3d-prop,,2026-07-12
https://hexedrevii.itch.io/arcade-punch,,2026-07-12
https://uneven3.itch.io/lightcore,,2026-07-12
https://goddessasunaxloserkirito.itch.io/voiced-joi-kings-harem,,2026-07-12
https://harinjiva.itch.io/terragov1,,2026-07-12
https://protagonist-games.itch.io/buff-this-2141-denizens,,2026-07-12
https://guyometamorfosiano.itch.io/totmg-alpha-0003-reworked,,2026-07-12
https://gafaszt2.itch.io/space-horizons,,2026-07-12
https://lulagames.itch.io/voxel-game-test,,2026-07-12
https://epirus29.itch.io/lucid,,2026-07-12
https://opalyassia.itch.io/the-last-pollinator,,2026-07-12
https://solennemarty.itch.io/la-main-a-la-pate,,2026-07-12
https://victordobehind.itch.io/froppier,,2026-07-12
https://yuyyai.itch.io/cube,,2026-07-12
https://bloodnes.itch.io/super-mega-bride,,2026-07-12
https://residol.itch.io/the-altars-toll,,2026-07-12
https://nxpced.itch.io/project-eidos,,2026-07-12
https://lichingchester.itch.io/screen-pet-engine-demo,,2026-07-12
https://weshipeventually.itch.io/war-pigs,,2026-07-12
https://azgames11.itch.io/slash-of-blade-demo,,2026-07-12
https://cocosar07.itch.io/no-foot,,2026-07-12
https://bhr3x.itch.io/rogue-chronicles,,2026-07-12
https://roamromeo.itch.io/aeroscape,,2026-07-12
https://black-pine-games.itch.io/oddments-offerings,,2026-07-12
https://neonnonsensegame.itch.io/neon-nonsense,,2026-07-12
https://aaabbbzzz.itch.io/global-infection-patient-zero,,2026-07-12
https://play-dashen.itch.io/bambi-survial,,2026-07-12
https://quackerstheduck.itch.io/priest-escape,,2026-07-12
https://femboyfactory.itch.io/my-femboy-trainee,,2026-07-12
https://cloudpeak-studio.itch.io/roll-together,,2026-07-12
https://dxanee.itch.io/krazykwackkwack,,2026-07-12
https://harry-skerritt.itch.io/atomic-synthesis,,2026-07-12
https://asom846.itch.io/deadline,,2026-07-12
https://humangai.itch.io/everyday-usual-life-with-a-sloven-classmate,,2026-07-12
https://dinnerkun.itch.io/summersizzling2,,2026-07-12
https://thatyanne.itch.io/conquer-and-win,,2026-07-12
https://rosemakesgames.itch.io/monkey,,2026-07-12
https://infinitestategames.itch.io/dont-die-mr-robot-advance,,2026-07-12
https://oddspeed-games.itch.io/rock-rock,,2026-07-12
https://nabbbberrr.itch.io/cosmic-cursher,,2026-07-12
https://yxnnie.itch.io/lovelorndemo,,2026-07-12
https://nlt.itch.io/lust-epidemic-free,,2026-07-12
https://nlt.itch.io/treasure-of-nadia-free,,2026-07-12
https://nlt.itch.io/the-genesis-order-free,,2026-07-12
https://keith-amariyo.itch.io/pandoras-box,,2026-07-12
https://wirantula.itch.io/chaos-circuit,,2026-07-12
https://axolotking1.itch.io/slendermonkey,,2026-07-12
https://localfilesclub.itch.io/ms-shiptons-travelling-tea-shop,,2026-07-12
https://lovelyassets.itch.io/kemonomimi-and-monster-girls,,2026-07-12
https://eclair-assets.itch.io/school-desk-01-free-cc0-glb-3d-prop,,2026-07-12
https://conito-16.itch.io/acelera-2d,,2026-07-12
https://davidbragg.itch.io/when-this-consumes-me,,2026-07-12
https://zoxii.itch.io/minatro,,2026-07-12
https://nixvrfr.itch.io/scarybaboonclassic,,2026-07-12
https://mulekotd.itch.io/o-diabo-que-investigo,,2026-07-12
https://f4rbspiel.itch.io/lingusion,,2026-07-12
https://c-jay202.itch.io/sprunkify-retake,,2026-07-12
https://hellotransimissionlost.itch.io/hellotransmissionlost,,2026-07-12
https://bruisedhedonist.itch.io/clutch-and-release,,2026-07-12
https://dmore-12.itch.io/violeta-y-marfil-caza-al-rebelde,,2026-07-12
https://chipkali.itch.io/shootthatarrow-jamgame,,2026-07-12
https://midriasis.itch.io/haunted-heart,,2026-07-12
https://felein.itch.io/vox-mortem,,2026-07-12
https://la-bricool.itch.io/pom-abc,,2026-07-12
https://nonamegame-studio.itch.io/astoria-faber-exitii,,2026-07-12
https://manicpixeldreamgirl.itch.io/horror-laboratory,,2026-07-12
https://minisceneplay.itch.io/eskiya,,2026-07-12
https://lady-of-sunflowers.itch.io/sanguinello,,2026-07-12
https://musisolete.itch.io/bugs,,2026-07-12
https://spacegoatboy.itch.io/atlas-phase,,2026-07-12
https://hoookdev.itch.io/platform-9,,2026-07-12
https://angryt0aster.itch.io/voidborn,,2026-07-12
https://malygdala.itch.io/cyberpunk-jam-2026,,2026-07-12
https://primarysuspect.itch.io/slimb,,2026-07-12
https://jesleaobr.itch.io/tres-pontos,,2026-07-12
https://thewhiteshadow.itch.io/nyx-nebula,,2026-07-12
https://sofia-vc.itch.io/fatal-mixture,,2026-07-12
https://ogzrealm.itch.io/slippy-frog,,2026-07-12
https://blazitrini.itch.io/plane-jump-rebootbeta,,2026-07-12
https://chewy09.itch.io/paleolab,,2026-07-12
https://erinwave.itch.io/phluxel,,2026-07-12
https://yler99.itch.io/spark-dash,,2026-07-12
https://koogle.itch.io/skillquestwebru,,2026-07-12
https://koogle.itch.io/skillquestru,,2026-07-12
https://brushburn.itch.io/courier-rush,,2026-07-12
https://lonelydingo.itch.io/swagsaber,,2026-07-12
https://baktegon.itch.io/the-feathered-sepulchre,,2026-07-12
https://bytesizedgamestudio.itch.io/liminal-pd,,2026-07-12
https://legojazz.itch.io/survival-fortress,,2026-07-12
https://sherer-khan.itch.io/love-tokyo-pixel-8bit-urban-tileset,,2026-07-12
https://dusselig.itch.io/icebound-together,,2026-07-12
https://imsosplunko.itch.io/splunkobuthteyhitthe12608695652173913043478260869565xspeed,,2026-07-12
https://talent-digital-game-jam.itch.io/magnetower,,2026-07-12
https://talent-digital-game-jam.itch.io/rafting-around,,2026-07-12
https://puleng-manganye.itch.io/echoes-of-the-tunnel,,2026-07-12
https://spiderpuzzles.itch.io/4-en-lnea,,2026-07-12
https://tommmmmmmmmm.itch.io/grabity,,2026-07-12
https://kerniee.itch.io/echo-9,,2026-07-12
https://leosaviox2012.itch.io/eat-or-get-eaten,,2026-07-12
https://f4ke17.itch.io/flicktag,,2026-07-12
https://psp-dev.itch.io/undertale-psp-edition-v10,,2026-07-12
https://nbbbbbbbnbnbn.itch.io/get-to-mom,,2026-07-12
https://dulix.itch.io/datacrawl,,2026-07-12
https://grn-01.itch.io/decagon,,2026-07-12
https://jens-vide.itch.io/goddess-taishou,,2026-07-12
https://dorabuay.itch.io/shutter-ghost-sorting,,2026-07-12
https://stkremen.itch.io/checkers,,2026-07-12
https://saltears.itch.io/gabriel,,2026-07-12
https://radsonja.itch.io/stay-on-course,,2026-07-12
https://albrtbc.itch.io/compile,,2026-07-12
https://kusaludeshika-afk.itch.io/academic-tracker,,2026-07-12
https://agpallstar.itch.io/splash-on-contact,,2026-07-12
https://wen4orfst1rmand5.itch.io/assassins-creed-black-flag-resynced-trainer,,2026-07-12
https://sinchross.itch.io/rainder-game-engine,,2026-07-12
https://hos3in-89.itch.io/classic-highway,,2026-07-12
https://ninjagame-dev.itch.io/skull-world,,2026-07-12
https://ninuy.itch.io/international-superstar-hexagon-deluxe,,2026-07-12
https://k4rl0.itch.io/ros-roster-manager-rrm,,2026-07-12
https://nabako.itch.io/specialinfilitrator,,2026-07-12
https://stmassi.itch.io/fruits-veggies,,2026-07-12
https://the-sailor.itch.io/scoundel-redux,,2026-07-12
https://crystal-crypt-games.itch.io/spikes-of-sorcery,,2026-07-12
https://nairbio.itch.io/drunk-driver,,2026-07-12
https://drscientist-08.itch.io/ive-received-a-transmission,,2026-07-12
https://astralnomad.itch.io/pac-lady,,2026-07-12
https://javiera-cerda-p.itch.io/fobia,,2026-07-12
https://entamewitchlulu.itch.io/fairest,,2026-07-12
https://fodoradam.itch.io/conqueror-proto,,2026-07-12
https://graek-tarmikos.itch.io/backstage,,2026-07-12
https://allbitsequal.itch.io/runestreak,,2026-07-12
https://tartine-dev.itch.io/luckyfoot,,2026-07-12
https://reivene3d.itch.io/trojanr3d,,2026-07-12
https://illwillpress.itch.io/skeleton-code-aiji,,2026-07-12
https://mateus-yoshida.itch.io/infernalquit,,2026-07-12
https://unikittydominoes52.itch.io/enziblox-studio,,2026-07-12
https://chaosmocat.itch.io/leasspell,,2026-07-12
https://umzeru.itch.io/dbk,,2026-07-12
https://yygameca.itch.io/cute-bear-poker-cards-deck-complete-pixel-art-playing-cards,,2026-07-12
https://parzival-dev.itch.io/little-npcs,,2026-07-12
https://tbgrizzlystudio.itch.io/realm-of-timber,,2026-07-12
https://neogames.itch.io/yars-revenge-alpha-mission,,2026-07-12
https://evan0219.itch.io/castle-clash,,2026-07-12
https://dommodwuse.itch.io/conductforjam,,2026-07-12
https://kirty-cat.itch.io/rain-world-fan-game,,2026-07-12
https://xplexo.itch.io/metal-fungus,,2026-07-12
https://bogurodzica.itch.io/lowmoor,,2026-07-12
https://opolyx.itch.io/game,,2026-07-12
https://objectified.itch.io/ep106,,2026-07-12
https://vapor-moose.itch.io/a-trip-to-redacteds-house,,2026-07-12
https://mossbound.itch.io/collidle,,2026-07-12
https://jacknealgames.itch.io/rust-and-revenue-community-map-generator,,2026-07-12
https://megumi-ryu.itch.io/free-relaxing-acoustic-guitar-loops-music-asset-evening-guitar-bgm,,2026-07-12
https://megumi-ryu.itch.io/relaxing-acoustic-guitar-loops-music-asset-set-evening-guitar-bgm,,2026-07-12
https://gamedevbrook.itch.io/wolf-at-the-little-red-carnival,,2026-07-12
https://mayomayonesa.itch.io/sprunki-phase-3-cancelled-build,,2026-07-12
https://c-arts.itch.io/ps1-style-great-white-shark,,2026-07-12
https://packetgamingstudios.itch.io/gravity-whipped,,2026-07-12
https://az6-someone-stole-name.itch.io/piece-tag,,2026-07-12
https://scaredbaboonog.itch.io/scarybaboonbattleroyalefixed,,2026-07-12
https://pozac.itch.io/cyber-city-2d-pixel-art-platformer-asset-pack,,2026-07-12
https://likeandthrope.itch.io/the-trench,,2026-07-12
https://eldritchhistory.itch.io/crab-cay,,2026-07-12
https://cinnamatsu.itch.io/gladia,,2026-07-12
https://wyvernden.itch.io/the-malevolent-comet,,2026-07-12
https://tone2691.itch.io/five-nights-at-ice-crea,,2026-07-12
https://graemereid.itch.io/2048,,2026-07-12
https://chromatic-crow.itch.io/stag-do,,2026-07-12
https://sirouni.itch.io/block-rogue,,2026-07-12
https://leafcrab.itch.io/refrain-cc,,2026-07-12
https://crabbunch.itch.io/onwatching,,2026-07-12
https://8ballaiart.itch.io/colornonogramfantasygrimoire,,2026-07-12
https://slimturtle.itch.io/myroadieboyfriend,,2026-07-12
https://ykym.itch.io/tousen,,2026-07-12
https://furlough-games.itch.io/furry-shades-of-gay-3-free,,2026-07-12
https://aliina-69.itch.io/toxic-atmosphere,,2026-07-12
https://oxo-ateliers.itch.io/zombie-labyrinth,,2026-07-12
https://oxo-ateliers.itch.io/collapse,,2026-07-12
https://hoookdev.itch.io/platform9,,2026-07-12
https://ponerponee.itch.io/frisbee-pony-game,,2026-07-12
https://gyozyro.itch.io/wonder-wanderer,,2026-07-12
https://lapinator.itch.io/cy-narios,,2026-07-12
https://gamer-forever.itch.io/enlightened,,2026-07-12
https://methanol12.itch.io/paradox,,2026-07-12
https://salmaelhosany.itch.io/game-house-of-mystery-2026,,2026-07-12
https://shrines-ttrpg.itch.io/shrines-initiation-episode-2-savage-greed,,2026-07-12
https://wizardinggames.itch.io/corevore,,2026-07-12
https://shrines-ttrpg.itch.io/shrines-initiation-episode-2-wilde-gier,,2026-07-12
https://rhym-dev.itch.io/godotspill,,2026-07-12
https://idek-draws.itch.io/cellular-shootout,,2026-07-12
https://wen4orfst1rmand5.itch.io/echoes-of-aincrad-trainer,,2026-07-12
https://pnsland.itch.io/2500-hard-core-basket-ball,,2026-07-12
https://hu-iz-vi.itch.io/ballgame-david-jakovljevi,,2026-07-12
https://timmyboysilly.itch.io/purify99999,,2026-07-12
https://devbrothers.itch.io/bob-sees,,2026-07-12
https://coopdevil.itch.io/pit-with-monsters,,2026-07-12
https://playertwogames.itch.io/mon-village,,2026-07-12
https://playertwogames.itch.io/traverse,,2026-07-12
https://mettlefox.itch.io/mirror-split,,2026-07-12
https://hu-iz-vi.itch.io/ballgame-marin-amidzi,,2026-07-12
https://jfranci-px.itch.io/pixel-art-emojis,,2026-07-12
https://1i1i1i1i.itch.io/underthesky,,2026-07-12
https://takataapui.itch.io/birthday-kakapo,,2026-07-12
https://kustose.itch.io/moon-defense,,2026-07-12
https://mar-phygital.itch.io/loomez,,2026-07-12
https://stellarbyte.itch.io/beyond-the-nebula,,2026-07-12
https://hirokill.itch.io/kittyjourney,,2026-07-12
https://assetsmithy.itch.io/800-fantasy-items-loot-icons-rpg-inventory-icons,,2026-07-12
https://duendeds.itch.io/psxsurvivor-psx-low-poly-survivor-animated-character,,2026-07-12
https://alki555.itch.io/starstuck,,2026-07-12
https://juliarscat.itch.io/metro-last-light-redux-en-catala,,2026-07-12
https://id01t.itch.io/sprite-atlas-packer,,2026-07-12
https://notidealdev.itch.io/rock-clicker-game,,2026-07-12
https://id01t.itch.io/tileset-slicer,,2026-07-12
https://ymisk019.itch.io/three-haerts,,2026-07-12
https://fiendsculpts.itch.io/sculptors-workshop-1,,2026-07-12
https://tc-tuesday-club.itch.io/devildice,,2026-07-12
https://beefsupremelatteking.itch.io/council-permit-simulator,,2026-07-12
https://hu-iz-vi.itch.io/tower-defense-vito-veldi,,2026-07-12
https://kcs-llc.itch.io/bundle-dark-horror-sfx-bundle,,2026-07-12
https://bloxxerofficial.itch.io/veterum-2009,,2026-07-12
https://gryczanm.itch.io/abuse-goblin,,2026-07-12
https://pauz.itch.io/fill-ratio,,2026-07-12
https://hu-iz-vi.itch.io/tower-defense-luka-mikacic,,2026-07-12
https://soulartoys.itch.io/the-dream-threshold,,2026-07-12
https://hu-iz-vi.itch.io/tower-defense-noa-sulik,,2026-07-12
https://yendal.itch.io/cluck-taper,,2026-07-12
https://nondescript-software.itch.io/cyberblitz,,2026-07-12
https://hu-iz-vi.itch.io/tower-defense-franko-niki,,2026-07-12
https://miraikoro.itch.io/4-loading-screens,,2026-07-12
https://hu-iz-vi.itch.io/tower-defense-tino-kolar,,2026-07-12
https://hu-iz-vi.itch.io/ball-game-david-baraba,,2026-07-12
https://krishna-palacio.itch.io/minifantasy-sunken-city,,2026-07-12
https://yumecreations.itch.io/japanese-winter-town-visual-novel-backgrounds,,2026-07-12
https://verylukely.itch.io/behold-the-bloom,,2026-07-12
https://mmltech.itch.io/kingdom-syndicate-browser-idle-mmorpg,,2026-07-12
https://kudlz.itch.io/blue-bakns-relm,,2026-07-12
https://akdenizli-kartal.itch.io/glge-zindan,,2026-07-12
https://franklin122.itch.io/deckbuilding-my-resignation,,2026-07-12
https://goldwinxs.itch.io/three-realtime-rt-supporter-pack,,2026-07-12
https://cynthiatool.itch.io/ct-toastplus,,2026-07-12
https://tremmigames.itch.io/my-ex-future-family-3-episode-1-premium-for-free,,2026-07-12
https://marethief.itch.io/princess-simulator,,2026-07-12
https://funonthedump.itch.io/riddle-puzzle,,2026-07-12
https://zoe-zhang.itch.io/wades-adventure,,2026-07-12
https://van121266.itch.io/cursor-catch,,2026-07-12
https://noart2.itch.io/witchfortress,,2026-07-12
https://otter040.itch.io/2004-fallin,,2026-07-12
https://just-a-dev.itch.io/low-poly-silvia-s13-drift-spec,,2026-07-12
https://modsfsmobile.itch.io/fs-26-zetor-crystal-16045-fsmobile,,2026-07-12
https://perryas.itch.io/almostly-spies,,2026-07-12
https://xiao-studio.itch.io/japanese-school-classroom,,2026-07-12
https://assets2d.itch.io/side-scroller-undead-zombie-pixel-asset-pack,,2026-07-12
https://mutterpixel-studio.itch.io/castle-kitchen-pixel-art-asset-pack,,2026-07-12
https://aeterponis.itch.io/rising-spirit-a-boxing-rpg-demo,,2026-07-12
https://mitsi.itch.io/chess-pop-it,,2026-07-12
https://acepter.itch.io/free-horror-piano-background-loop,,2026-07-12
https://apotatoprogrammer.itch.io/asteroidsvectoredition,,2026-07-12
https://gub-dev1.itch.io/diddle-modded-by-gub-dev,,2026-07-12
https://assetsmithy.itch.io/50-free-fantasy-items-loot-icons-rpg-inventory-pack-sampler,,2026-07-12
https://heightsgames.itch.io/fuse-fall,,2026-07-12
https://yasanyo.itch.io/foldpoly-match,,2026-07-12
https://marpal3.itch.io/a-galactic-conquest-speedrun-simulator,,2026-07-12
https://tamixa-cf.itch.io/julios-adventure-3-demo,,2026-07-12
https://chy2018.itch.io/the-platformer-effect,,2026-07-12
https://drad0down.itch.io/3d-car-template,,2026-07-12
https://d3athsw1cth.itch.io/chaos-wheel,,2026-07-12
https://lostinrealityy.itch.io/endlessrunner,,2026-07-12
https://nosequi.itch.io/cat-heaven,,2026-07-12
https://nomnomn0m.itch.io/doughlightful-run,,2026-07-12
https://atlass-3.itch.io/helpline-17-the-final-dial-in,,2026-07-12
https://strulovitz.itch.io/harmonic-series-demo,,2026-07-12
https://theewg.itch.io/islands-flow,,2026-07-12
https://asuperdupermariofan.itch.io/synth-slayer-the-red-nebula,,2026-07-12
https://mangodachs.itch.io/tile-error,,2026-07-12
https://desire-for-entertainment.itch.io/desire-for-dungeons,,2026-07-12
https://belre-yucho.itch.io/mini-wesnoth,,2026-07-12
https://ferality93.itch.io/tears-of-the-star-part-3,,2026-07-12
https://lenkuu.itch.io/button-rush,,2026-07-12
https://cylonspy.itch.io/special-maid,,2026-07-12
https://steven60.itch.io/crib-defense,,2026-07-12
https://htv9600.itch.io/username-666-interactive-experience-2021-reupload,,2026-07-12
https://aki-backgrounds.itch.io/gothic-background-pack-vol1,,2026-07-12
https://touzirensheng.itch.io/itchio-competitive-audit-pro,,2026-07-12
https://rukshan-0.itch.io/character-controllerassets,,2026-07-12
https://gamesgamestudio.itch.io/protect-the-orb,,2026-07-12
https://oyxel.itch.io/pancake-clicker,,2026-07-12
https://obssidian-art.itch.io/ash-warden-free-animated-pixel-art-enemy,,2026-07-12
https://ogamed.itch.io/juman,,2026-07-12
https://penusbmic.itch.io/pixel-art-tutorial-themed-character-designs,,2026-07-12
https://ditoness.itch.io/battle-cats-scratching,,2026-07-12
https://zhdan-games.itch.io/zhdan-glowline-drive,,2026-07-12
https://ej-dev.itch.io/kings-carnival-part-1-ep1-awake,,2026-07-12
https://amberbian.itch.io/fantasy-icons-pack-147-pixel-art-items,,2026-07-12
https://mmdevera.itch.io/farclip,,2026-07-12
https://jazz-pizzazz-min.itch.io/carved-heart-test,,2026-07-12
https://mazarelli.itch.io/noir-jazz-disco-hybrid-midnight-rain,,2026-07-12
https://azbekingames.itch.io/naves-espaciales-c,,2026-07-12
https://nxvercab.itch.io/leah-is-missing-demo1,,2026-07-12
https://manserrr.itch.io/find-6-things,,2026-07-12
https://samuraiking.itch.io/scrapyard-fc,,2026-07-12
https://kaminarimon-ai.itch.io/hachimiya-meguru2,,2026-07-12
https://sanai79.itch.io/plus-monster,,2026-07-12
https://blueyxd.itch.io/stylized-pickup-vfx-pack,,2026-07-12
https://friegamedev.itch.io/null-sector,,2026-07-12
https://jamesmith.itch.io/image-to-pixel-art,,2026-07-12
https://cerpion.itch.io/xy-chemistry,,2026-07-12
https://tailsfantaxd.itch.io/sprunki-redone-phase-3-beta,,2026-07-12
https://tarleeyay.itch.io/otoprush,,2026-07-12
https://jeansenvaars.itch.io/pum-lite,,2026-07-12
https://nxvercab.itch.io/leah-is-missing-demo2,,2026-07-12
https://disperito.itch.io/pigmenterra,,2026-07-12
https://pedro-nlima.itch.io/a-cidade-submersa-de-zal-marath,,2026-07-12
https://frankbits.itch.io/looplines,,2026-07-12
https://smary972.itch.io/airplane-operator,,2026-07-12
https://grayhairgames.itch.io/swimming-dynasty-demo,,2026-07-12
https://dogtisticswag.itch.io/birdbrain-zine,,2026-07-12
https://nxvercab.itch.io/an-oakwood-pathway,,2026-07-12
https://domperignon33.itch.io/quiere-volar,,2026-07-12
https://blacktollgames.itch.io/ura-tokyo-the-reverse-road-quickstart-v01,,2026-07-12
https://valenimi4.itch.io/pgenemine-1,,2026-07-12
https://wuffmakesgames.itch.io/celeste-birdy,,2026-07-12
https://rudfarm.itch.io/meridian,,2026-07-12
https://bonsaipropaganda.itch.io/whats-in-this-room,,2026-07-12
https://miliag.itch.io/les-litanies-des-toiles-mortes,,2026-07-12
https://eryktap.itch.io/stormveil,,2026-07-12
https://krostgames.itch.io/oil-be-back,,2026-07-12
https://vanillawawa.itch.io/flipnote-converter,,2026-07-12
https://lihihd.itch.io/ape,,2026-07-12
https://snecy.itch.io/sandmare,,2026-07-12
https://epiphy.itch.io/baggageman,,2026-07-12
https://justvoid13.itch.io/dark-x,,2026-07-12
https://random-ai-games.itch.io/island-platformer,,2026-07-12
https://lexray-game.itch.io/dash-deflect,,2026-07-12
https://hamid-riba.itch.io/mixer-doctor,,2026-07-12
https://wizcap.itch.io/attack-on-aircon,,2026-07-12
https://bunnybite.itch.io/asian-traditional-kitchen-pack-34-modular-pieces,,2026-07-12
https://miguelmunt.itch.io/gemaze-td,,2026-07-12
https://flyson08.itch.io/void-surge,,2026-07-12
https://femau.itch.io/corrida-da-tainha,,2026-07-12
https://zerox-12.itch.io/dodge-the-brocs,,2026-07-12
https://cakedallas32.itch.io/my-ocs-in-frickbears-3,,2026-07-12
https://hansdev.itch.io/os-breach,,2026-07-12
https://marc-vittorini.itch.io/stupid-game,,2026-07-12
https://thebentknitter.itch.io/closeupknitblanketstanpinkpurple,,2026-07-12
https://nondescript-software.itch.io/ascent-of-knowledge,,2026-07-12
https://dev9.itch.io/merge-stars-into-hex,,2026-07-12
https://ryan-su.itch.io/pixel-perfect,,2026-07-12
https://dulceskull.itch.io/in-her-tired-spiral-eyes,,2026-07-12
https://hologram-heart.itch.io/oneroom,,2026-07-12
https://professorthornton.itch.io/the-monster-game,,2026-07-12
https://foonji.itch.io/beret-bounce,,2026-07-12
https://josef72000.itch.io/fast-formula,,2026-07-12
https://maijingmaichai.itch.io/snyzap,,2026-07-12
https://dt-games58.itch.io/chaiwala-tycoon-indian-tea-stall-game,,2026-07-12
https://santi-shxrp.itch.io/tale-of-the-last-electric-mage,,2026-07-12
https://nirox123.itch.io/fantasy-rpg-merchant-collection-hd,,2026-07-12
https://fishmoosev.itch.io/bouton-intelligent,,2026-07-12
https://emperador-san.itch.io/forge-toolkit,,2026-07-12
https://wildtheory-wow.itch.io/space-adventures,,2026-07-12
https://professorthornton.itch.io/puff-valley,,2026-07-12
https://ferxha.itch.io/junky-alchemist,,2026-07-12
https://jwpql.itch.io/career-fair-visual-novel,,2026-07-12
https://valenimi4.itch.io/escaping-1,,2026-07-12
https://jkcool2009.itch.io/storm-chaser,,2026-07-12
https://margoneitor.itch.io/e-vidente-ttip,,2026-07-12
https://aoius.itch.io/space-head-ball,,2026-07-12
https://ryoogamine.itch.io/carryyourladder,,2026-07-12
https://x7x-interactive.itch.io/serpent-trail,,2026-07-12
https://abdel13.itch.io/north-edition-old-versions,,2026-07-12
https://walkingparasiticgames.itch.io/gold-centric-game,,2026-07-12
https://eccentricnormality.itch.io/helix-arms-10mm-mech,,2026-07-12
https://nalabs.itch.io/brimstone,,2026-07-12
https://bbobington91gmailcom.itch.io/monkey-touch-tickle-tag,,2026-07-12
https://sebastianm40.itch.io/sci-fi-wall-panel-textures-pack-03,,2026-07-12
https://taggovich.itch.io/half-life-2-unity-edition,,2026-07-12
https://lavawave.itch.io/ancient-complex,,2026-07-12
https://ana123456789.itch.io/objetos-perdidos,,2026-07-12
https://nusdunda.itch.io/turbo-crop,,2026-07-12
https://reapertides.itch.io/reaper-tide,,2026-07-12
https://sillycium.itch.io/power-out,,2026-07-12
https://noname228123.itch.io/the-forest-vhs,,2026-07-12
https://professorthornton.itch.io/space-boy,,2026-07-12
https://runebitdice.itch.io/ruby-crystal-d20,,2026-07-12
https://juanmanuelgg.itch.io/videojuegos-arte-y-diseno-3d,,2026-07-12
https://snakestudio273.itch.io/vrquest-controllers-test,,2026-07-12
https://old-hen.itch.io/slipper-guard-roach-siege,,2026-07-12
https://digitalopusadsolutions.itch.io/retro-style-rpg-pixel-assets,,2026-07-12
https://krakozava.itch.io/bud-desktop-buddy,,2026-07-12
https://actystudios.itch.io/idle-god-from-nothing,,2026-07-12
https://s2134221-max.itch.io/animalworldcup,,2026-07-12
https://sharkal.itch.io/the-creep,,2026-07-12
https://greenrou.itch.io/arcane-crystal,,2026-07-12
https://haleysolin.itch.io/sashimiyo,,2026-07-12
https://zaqq.itch.io/alien-biohazard,,2026-07-12
https://thetra00.itch.io/click-and-plant,,2026-07-12
https://torrida-minis.itch.io/202507-honey-ryder,,2026-07-12
https://venux-crucifix.itch.io/m2,,2026-07-12
https://goat-shaped-chair.itch.io/lobotomized-roaches-disk-1,,2026-07-12
https://cracon-st.itch.io/battle-boat-racer,,2026-07-12
https://ashtart-illust.itch.io/nier-automata-animation-exclusive,,2026-07-12
https://dungeonmastron.itch.io/dungeon-mastron,,2026-07-12
https://norajulia.itch.io/thedreamstalker,,2026-07-12
https://carlosfb.itch.io/rogue-the-amulet-of-yendor,,2026-07-12
https://chernobyldev.itch.io/chernobyldemo,,2026-07-12
https://professorthornton.itch.io/beyond-evil,,2026-07-12
https://nicoplay532.itch.io/madrugas-basics,,2026-07-12
https://penakoo.itch.io/realms-of-elynia,,2026-07-12
https://wolrund.itch.io/flappy-whale,,2026-07-12
https://real-pokeb6l.itch.io/pokes-last-sprunki-template,,2026-07-12
https://mohd-asif.itch.io/parafox-3,,2026-07-12
https://sunflower-greenhouse.itch.io/guardin-gnome,,2026-07-12
https://lokot667.itch.io/meowtop,,2026-07-12
https://remini-studios.itch.io/ukokkeine-tamago-utau,,2026-07-12
https://lokot667.itch.io/pugtop,,2026-07-12
https://mythacre.itch.io/gobyeet,,2026-07-12
https://brick-gab64.itch.io/squontuos,,2026-07-12
https://kproject166.itch.io/queen-of-the-kitsunes,,2026-07-12
https://pixelflower.itch.io/perambulation-of-the-sallow,,2026-07-12
https://rawptr.itch.io/hexbound,,2026-07-12
https://miagaming.itch.io/bullshit,,2026-07-12
https://game-structure.itch.io/realms-wizards-project-bundle,,2026-07-12
https://baltasarq.itch.io/estacion,,2026-07-12
https://artdeveloper5.itch.io/lilly-arachnophobia,,2026-07-12
https://fhbm.itch.io/bouncy-cube,,2026-07-12
https://juice-094.itch.io/memodemons-3d,,2026-07-12
https://sinbrook.itch.io/art-fight-2026-minigame-spectacular,,2026-07-12
https://paxanga.itch.io/yokai-no-atsuki-tatakai,,2026-07-12
https://dansgamecreations.itch.io/harry-the-humping-hog-fanmade-virtual-game,,2026-07-12
https://xsnake133x.itch.io/elemental-effects,,2026-07-12
https://keybats.itch.io/burgeoner-mod,,2026-07-12
https://rats-games.itch.io/zombie-warehouse,,2026-07-12
https://valvebest-dev-ever.itch.io/valor-tag,,2026-07-12
https://alexanderandrewwood.itch.io/creatures-evolved,,2026-07-12
https://josiasdev.itch.io/herofracture,,2026-07-12
https://sean-flynn.itch.io/shadow-princess-dagmara-nocturnia,,2026-07-12
https://purplehanzyy.itch.io/ping-rebuilding-tomorrow,,2026-07-12
https://orelvis15.itch.io/origin-7,,2026-07-12
https://g7der.itch.io/schoolroomsv1,,2026-07-12
https://walidj87.itch.io/echo-shift,,2026-07-12
https://sakpix.itch.io/emberforge-dwarven-kingdom-forge-soundtrack-pack,,2026-07-12
https://p-b-master.itch.io/baby-with-machine-gun,,2026-07-12
https://goblingold.itch.io/locro-o-muerte,,2026-07-12
https://redfogstudios.itch.io/the-librarians-silence,,2026-07-12
https://golden-allayspawnegg.itch.io/pixelfrogetesting,,2026-07-12
https://crissywissytookthewissy.itch.io/five-wimpy-nights-at-chrisys,,2026-07-12
https://itzcrazare133.itch.io/flappers,,2026-07-12
https://daniilt17.itch.io/20-modular-low-poly-axes-total-200-medieval-fantasy-weapon-pack,,2026-07-12
https://slopmaker.itch.io/this-game-does-not-existyet,,2026-07-12
https://wouttimeout.itch.io/tree-industry,,2026-07-12
https://zainabmb.itch.io/ghost-delivery,,2026-07-12
https://bitmask-games-studio.itch.io/american-jet,,2026-07-12
https://airdeveloper-on-itch-io.itch.io/pvzpm,,2026-07-12
https://frealish.itch.io/frealishs-room,,2026-07-12
https://bitmask-games-studio.itch.io/mj-run,,2026-07-12
https://notterra.itch.io/notgodot-test,,2026-07-12
https://deadplaygames.itch.io/blood-control-the-maids-of-berwick-manor,,2026-07-12
https://fridayfunnystory.itch.io/cubes-move-all-around,,2026-07-12
https://flameswallower.itch.io/that-frenemy-swing,,2026-07-12
https://gigiduck2011.itch.io/scar-wars,,2026-07-12
https://babyloong.itch.io/reset-v-beta,,2026-07-12
https://hpld776.itch.io/nextbots-memes-in-3d,,2026-07-12
https://votot1.itch.io/the-world-legacy-demo-soundtrack,,2026-07-12
https://jgesq.itch.io/crossing,,2026-07-12
https://official-yanere.itch.io/onas-presentver-10,,2026-07-12
https://archagent-everlasting.itch.io/wander-and-the-damsel,,2026-07-12
https://garrywillems.itch.io/l-002,,2026-07-12
https://reverierebels.itch.io/divergent-mode,,2026-07-12
https://johnnydeep79.itch.io/glb-animation-clip-extractor,,2026-07-12
https://taidgh-gamecreator.itch.io/super-bo-noise-sfx-and-ost,,2026-07-12
https://aritsiaserlet.itch.io/i-swore-to-never-love-again,,2026-07-12
https://1pkure.itch.io/memory-reactor,,2026-07-12
https://kiwizinhobr18.itch.io/everything-has-a-price,,2026-07-12
https://c0quito2130.itch.io/lo-vale,,2026-07-12
https://bitmask-games-studio.itch.io/desert-outbreak,,2026-07-12
https://jennbunner231.itch.io/turbo-ballor,,2026-07-12
https://petipois.itch.io/kid-napped-the-office,,2026-07-12
https://joerogames.itch.io/blazerunner,,2026-07-12
https://nirox123.itch.io/fantasy-rpg-merchant-collection-pixel-art,,2026-07-12
https://elbuentocino.itch.io/58-north-east,,2026-07-12
https://vinylhorologium.itch.io/transactional-leadership,,2026-07-12
https://xor-switch.itch.io/brick-tile-set,,2026-07-12
https://mindape.itch.io/the-anti-collectors-book-of-the-dead,,2026-07-12
https://casper-gaming.itch.io/rmmz-academy,,2026-07-12
https://invertedworld.itch.io/solar-system,,2026-07-12
https://xor-switch.itch.io/alien-plant-tiles,,2026-07-12
https://aerosys.itch.io/ui-custom-quests,,2026-07-12
https://bedtime-biographies.itch.io/rosa-parks-radical-devotion,,2026-07-12
https://project-return.itch.io/project-return,,2026-07-12
https://xor-switch.itch.io/cloud-tile-set,,2026-07-12
https://blaztermenosoficial.itch.io/et1blaztermenostrashengine,,2026-07-12
https://waiting-for-summer.itch.io/super-photoman,,2026-07-12
https://bedtime-biographies.itch.io/rosa-parks-radical-devotion-audiobook,,2026-07-12
https://veinsyct.itch.io/3d-browser-racing-super-offroad,,2026-07-12
https://juliarscat.itch.io/remnant-from-the-ashes-en-catala,,2026-07-12
https://whitewayhan.itch.io/moleculox,,2026-07-12
https://dakrid.itch.io/i-live-alone-now,,2026-07-12
https://ultdude.itch.io/ults-editor-gms-15-style-sprite-editor,,2026-07-12
https://sap99.itch.io/sprunke-shifted,,2026-07-12
https://mrmochi-d.itch.io/volley-ball,,2026-07-12
https://joerogames.itch.io/gurney-simulator,,2026-07-12
https://allisonashtear.itch.io/photo-diary-vol1-spring-2026,,2026-07-12
https://nfunchal.itch.io/lowhou-8-imperishable-bits,,2026-07-12
https://messicalv0.itch.io/open-lucx-packs-memes,,2026-07-12
https://feustsen.itch.io/i-made-a-game-in-1h00m01s,,2026-07-12
https://lusterblaze.itch.io/tarantriss,,2026-07-12
https://bigdinosuarvr.itch.io/unknown-reality-vr,,2026-07-12
https://twirlydance.itch.io/too-much-life,,2026-07-12
https://tortoisenotturtle.itch.io/this-thing-is-a-wolf,,2026-07-12
https://panela7.itch.io/the-eternal-flower,,2026-07-12
https://simpleren.itch.io/computer-test,,2026-07-12
https://kneox.itch.io/les-chambres-scelles,,2026-07-12
https://rockslidestudios.itch.io/grind,,2026-07-12
https://dangjordy.itch.io/splat-artist,,2026-07-12
https://indieben.itch.io/dragon-sushi-hunter,,2026-07-12
https://ivar1234.itch.io/michael-jackson-xp,,2026-07-12
https://adeien.itch.io/whale-sharko-vs-sushi-buffet,,2026-07-12
https://poapop-dev.itch.io/pitch-sweeper,,2026-07-12
https://lukafilenko-gif.itch.io/the-demaiska-compound,,2026-07-12
https://prospera-games.itch.io/snowball,,2026-07-12
https://eleytra.itch.io/metro-runners,,2026-07-12
https://breakershadow.itch.io/zombie-ape-ocalypse,,2026-07-12
https://anuby9901.itch.io/runes-rivals,,2026-07-12
https://baggierkarma40.itch.io/bread-clicker,,2026-07-12
https://crossguy.itch.io/retroarcade-testfinal,,2026-07-12
https://fizzywonkga.itch.io/owl-clicker-with-text-and-buying-stuff,,2026-07-12
https://gildedruin.itch.io/polin-sketches,,2026-07-12
https://gamervr114.itch.io/gamers-realm,,2026-07-12
https://runtimetcg.itch.io/runtime,,2026-07-12
https://strongpoint08.itch.io/paintsessions,,2026-07-12
https://tomtomzvr.itch.io/crans-birth-day,,2026-07-12
https://zennbegames23232.itch.io/snake-tag,,2026-07-12
https://horst-ip.itch.io/tiny-dungeon-assets,,2026-07-12
https://promanthegoat.itch.io/cat-clicker,,2026-07-12
https://zedcave.itch.io/rinha,,2026-07-12
https://phanessa.itch.io/from-dude-to-punk-girl-tgtf-story,,2026-07-12
https://bigbrostudios.itch.io/koi-frenzy,,2026-07-12
https://ramose-tsimbina.itch.io/tainted-flesh,,2026-07-12
https://mlpsoftware.itch.io/spinroom-for-discogs,,2026-07-12
https://rexvirago.itch.io/stable-nocturne,,2026-07-12
https://100jams.itch.io/submarine-stans-quest,,2026-07-12
https://soviedo1.itch.io/quantum-stock-game,,2026-07-12
https://k0rf.itch.io/melonairlines,,2026-07-12
https://sfedbro.itch.io/cellsthegame,,2026-07-12
https://incand-studio.itch.io/onlymansion-girls-and-hype,,2026-07-12
https://darkmb.itch.io/asmr-sayodevice,,2026-07-12
https://just-muffins.itch.io/mushroom-clicker,,2026-07-12
https://cinzapurpura.itch.io/garten-of-banban-chapter-2-the-depths,,2026-07-12
https://luperci.itch.io/can-one-imagine-a-death-like-this,,2026-07-12
https://patata273.itch.io/goose-run,,2026-07-12
https://ninjafredde.itch.io/cratered-2-toy,,2026-07-12
https://ringtail-interactive.itch.io/raccoon-march,,2026-07-12
https://jesschild85.itch.io/gun-em-down-backrooms-edition,,2026-07-12
https://playstationnerd1994.itch.io/zombie-stuck-in-a-well,,2026-07-12
https://matausch.itch.io/fury-playables-1-breadcrumb-bodycount,,2026-07-12
https://galfajon.itch.io/untangle,,2026-07-12
https://moomoocowgames.itch.io/the-blue-rooms,,2026-07-12
https://chaozz.itch.io/minecave,,2026-07-12
https://abyssaldream.itch.io/wtch-hunt-sound-pack,,2026-07-12
https://jerseyjammer.itch.io/duplicitous-double,,2026-07-12
https://zoharby.itch.io/fishbait,,2026-07-12
https://matausch.itch.io/little-blood-red-riding-hood,,2026-07-12
https://lory-issilly.itch.io/give-mart-some-friends,,2026-07-12
https://matausch.itch.io/fury-playables-3-faust-furious,,2026-07-12
https://drcelsonolberto.itch.io/wildlands-last-village,,2026-07-12
https://wuhoutoken.itch.io/red-rose-and-white-rose,,2026-07-12
https://potofpie.itch.io/eyeball-a-contact-sport,,2026-07-12
https://steamtower.itch.io/gorebox-re-towered,,2026-07-12
https://lilahh-12.itch.io/ice-cream-shop-clicker,,2026-07-12
https://sp728.itch.io/vocaloid-clicker,,2026-07-12
https://misteratompunk.itch.io/fallow-crown,,2026-07-12
https://flamefrostz.itch.io/lillians-world,,2026-07-12
https://boxandabird.itch.io/space-escape,,2026-07-12
https://lapuchulfa.itch.io/interfaz-de-angry-birds,,2026-07-12
https://vistarama-studios.itch.io/percy-fawcett-and-the-city-of-z,,2026-07-12
https://michellicopter.itch.io/break-your-heart,,2026-07-12
https://svedovslava101-debug.itch.io/siren-head,,2026-07-12
https://jgptech-games.itch.io/mega-micro-masters,,2026-07-12
https://p3zd1.itch.io/ultimatum-single,,2026-07-12
https://dylannicola1205.itch.io/hora-libre-la-pesadilla,,2026-07-12
https://mayac13.itch.io/cat-petting-sim,,2026-07-12
https://ignusnocturnus.itch.io/windstep,,2026-07-12
https://rtron1z.itch.io/omega,,2026-07-12
https://nightshoppe.itch.io/digging-coins-prototype,,2026-07-12
https://primevalmagus.itch.io/arcana-forge,,2026-07-12
https://modopilotoon-bit.itch.io/package-panic,,2026-07-12
https://javiercast.itch.io/infect-earth,,2026-07-12
https://ckaxatm.itch.io/sky-run,,2026-07-12
https://chung-chungyvr.itch.io/project-beach,,2026-07-12
https://crimson-n.itch.io/great-bloom,,2026-07-12
https://ownware.itch.io/runsheet,,2026-07-12
https://conflict-simulations-llc.itch.io/kreuzfeuer,,2026-07-12
https://monopolator.itch.io/justso-olives,,2026-07-12
https://germ-754.itch.io/minesweeper,,2026-07-12
https://losbalhamos-sudios.itch.io/house-of-gungun-3-archive,,2026-07-12
https://abyssaldream.itch.io/never-perish-sound-pack,,2026-07-12
https://aithne-simmers.itch.io/jelvance,,2026-07-12
https://kareem-developer.itch.io/killermaze,,2026-07-12
https://mtw1man2.itch.io/idleops-retention-monetization-ui-pack-mobile-idle-live-ops-iap-reward-ui-ass,,2026-07-12
https://rtron1z.itch.io/lunarloop,,2026-07-12
https://nather.itch.io/staring-contest,,2026-07-12
https://lite-studio.itch.io/zelo,,2026-07-12
https://navjeet-29.itch.io/quickshot,,2026-07-12
https://linglobe-games.itch.io/karen-casual-find-difference-trial,,2026-07-12
https://mrjimmythetroller.itch.io/infygambie,,2026-07-12
https://millenniumgaming.itch.io/simple-snake,,2026-07-12
https://bouh.itch.io/mighty-meteor-multiplayer-gdevelop-game-template,,2026-07-12
https://ecchidominus.itch.io/ecchi-dominus,,2026-07-12
https://game-worlds-camp.itch.io/the-mcbackrooms,,2026-07-12
https://linkvr3773.itch.io/myfirstgame,,2026-07-12
https://noah909192.itch.io/incredibox-sprunki-20,,2026-07-12
https://gorhaznew.itch.io/12-sound-effects,,2026-07-12
https://retolatam28.itch.io/the-sprinting-bart-android,,2026-07-12
https://sometimesatnight.itch.io/security-camera-system,,2026-07-12
https://xn4szinex.itch.io/braja-o-rama-by-balarama,,2026-07-12
https://ukraine1638.itch.io/average-and-generic-sprunki-shifted-mod,,2026-07-12
https://stratonics.itch.io/ping-game,,2026-07-12
https://erixis-studio.itch.io/orb-defense,,2026-07-12
https://avocadowitchknits.itch.io/agentsteveboommicops,,2026-07-12
https://killergoose.itch.io/the-little-war,,2026-07-12
https://lozadaa.itch.io/immigrant,,2026-07-12
https://game-worlds-camp.itch.io/playground-robot-defense,,2026-07-12
https://ozbnd.itch.io/robin-bonk,,2026-07-12
https://juliarscat.itch.io/dragon-age-inquisition-en-catala,,2026-07-12
https://pikachu9719.itch.io/gumzy,,2026-07-12
https://crambleberry.itch.io/negativeedge,,2026-07-12
https://hex-pixels-studios.itch.io/pinkys-playground,,2026-07-12
https://codingquests.itch.io/the-torch,,2026-07-12
https://bedtime-biographies.itch.io/harriet-tubman-unbroken-spirit,,2026-07-12
https://monaart666.itch.io/pixel-rowan-character-2d-game-asset,,2026-07-12
https://juilovonspit.itch.io/sam-altman-simulator-2026,,2026-07-12
https://xplexo.itch.io/yoppen-warr,,2026-07-12
https://noirtales.itch.io/murder-at-vance-studios,,2026-07-12
https://alexanderandrewwood.itch.io/vaccine-reminder-and-log,,2026-07-12
https://chimpvr10931.itch.io/project-spring,,2026-07-12
https://vazzav-studios.itch.io/thrustx,,2026-07-12
https://ferplex12.itch.io/neon-edition-ganstafe-ciberpunk,,2026-07-12
https://lmco.itch.io/birth,,2026-07-12
https://microtaur.itch.io/muczamajana,,2026-07-12
https://mynameis-jc.itch.io/jax-parkour,,2026-07-12
https://bestwood-studios.itch.io/alien-bloom-demo,,2026-07-12
https://viamoz.itch.io/entrega-final-zeeb-catriel-labat,,2026-07-12
https://gargantua1.itch.io/ivans-workshop,,2026-07-12
https://backhans-games.itch.io/gold-coast-gambits,,2026-07-12
https://makichanamazing.itch.io/maxxblood,,2026-07-12
https://librarianmage.itch.io/pipe-organs,,2026-07-12
https://innvopk.itch.io/kabutar-ud-pigeon-fly,,2026-07-12
https://game-worlds-camp.itch.io/king-of-the-jungle-gym,,2026-07-12
https://vonswrld.itch.io/amiri-tag,,2026-07-12
https://enter-command.itch.io/fill-in-the-blank,,2026-07-12
https://warbandgame.itch.io/warband,,2026-07-12
https://seoul-media-studio.itch.io/heiligegurke,,2026-07-12
https://lucas578.itch.io/pegforge-beyond-one-peg,,2026-07-12
https://notterra.itch.io/freddyinthebackrooms,,2026-07-12
https://7th-period-games.itch.io/the-super-fun-game-48,,2026-07-12
https://ferplex12.itch.io/octopus-neon-voxel-julles-joystic-supreme,,2026-07-12
https://topisticada.itch.io/amperage,,2026-07-12
https://game-worlds-camp.itch.io/26-ourlastmark,,2026-07-12
https://smokehouse-joe.itch.io/nameco-galaga-1981-remake,,2026-07-12
https://reidot.itch.io/imagine-working-for-ai,,2026-07-12
https://theregulartheory.itch.io/conduct-demo,,2026-07-12
https://caprock64draws.itch.io/sno-money,,2026-07-12
https://digital-artisan.itch.io/mysteries-of-the-silver-shadows-forest,,2026-07-12
https://goosecultist.itch.io/wool-over-your-eyes,,2026-07-12
https://monaart666.itch.io/pixel-norian-character-2d-game-asset,,2026-07-12
https://alekate.itch.io/legend-of-zink,,2026-07-12
https://ihatepeanutbutter63615dfg.itch.io/project-vine-v2,,2026-07-12
https://madmakingmistery.itch.io/calm-ocean-vacation,,2026-07-12
https://o0myztery0o.itch.io/feyrun,,2026-07-12
https://belfork.itch.io/lowpoly-guns,,2026-07-12
https://a2zen.itch.io/flappy-wappy,,2026-07-12
https://en-okawa.itch.io/japanese-dark-horror-bgm-mushibamu,,2026-07-12
https://remichan.itch.io/yen,,2026-07-12
https://mcmods.itch.io/fs25-bmw-m3-e30,,2026-07-12
https://gabriela-dal-mago.itch.io/turvo,,2026-07-12
https://jeideru.itch.io/project-zero-fragmented,,2026-07-12
https://relentlessfilm.itch.io/dungeons-and-daikaiju-hugetantic-1,,2026-07-12
https://treecats-co.itch.io/hungry-hungry-cow,,2026-07-12
https://moonshallow.itch.io/sokoban-rewind,,2026-07-12
https://relentlessfilm.itch.io/dungeons-and-daikaju-hugetantic-2,,2026-07-12
https://noskillmodelling.itch.io/usagi-zip-up-hoodie-novabeast-vrchat-clothing,,2026-07-12
https://jonthepirate.itch.io/mushknight-hack-and-slash-demo,,2026-07-12
https://juanignacio5.itch.io/ia,,2026-07-12
https://relentlessfilm.itch.io/hexen-witch-please-quickstart,,2026-07-12
https://alexandriad.itch.io/burgeoning-beasts,,2026-07-12
https://jonthepirate.itch.io/radish-king,,2026-07-12
https://sup3rrr.itch.io/before-the-middle,,2026-07-12
https://relentlessfilm.itch.io/modernmythologyorigins,,2026-07-12
https://drmt.itch.io/hermetic-crabs,,2026-07-12
https://osezno.itch.io/casual-multi-arcade,,2026-07-12
https://luddlestons.itch.io/winner-winner,,2026-07-12
https://relentlessfilm.itch.io/farsiathemaelstromland15,,2026-07-12
https://forgefoundry.itch.io/ai-game-dev-engine,,2026-07-12
https://pittmanlj345yui.itch.io/poppy-playtime-chapter-6,,2026-07-12
https://shotscarecrow.itch.io/scenes-from-a-flit,,2026-07-12
https://chernobyldev.itch.io/chernobyl,,2026-07-12
https://relentlessfilm.itch.io/farsia-the-bst-ttrpg-campa,,2026-07-12
https://moomoocowgames.itch.io/scary-school,,2026-07-12
https://serhat2174.itch.io/frontline-command,,2026-07-12
https://bit-exe.itch.io/sunday-stroll,,2026-07-12
https://relentlessfilm.itch.io/farsia-solo,,2026-07-12
https://datavikingr.itch.io/quickcrypts-the-goblin-camp,,2026-07-12
https://trippvr.itch.io/pirated-bs,,2026-07-12
https://zak-bek.itch.io/eye-contact,,2026-07-12
https://gttgrave.itch.io/neon-raid,,2026-07-12
https://tonigz.itch.io/el-infomercial,,2026-07-12
https://trippvr.itch.io/pirated-beat-saber,,2026-07-12
https://trippvr.itch.io/pirated-hard-bullet,,2026-07-12
https://levoram.itch.io/call-to-war,,2026-07-12
https://90soft90.itch.io/wreckage-dash,,2026-07-12
https://honeywaifu.itch.io/himiko-toga-honeywaifu-pack,,2026-07-12
https://navjeet-29.itch.io/the-floor-is-lava,,2026-07-12
https://that-one-hobo.itch.io/ball-bot,,2026-07-12
https://gwenverbsnouns.itch.io/servants-of-the-mole,,2026-07-12
https://pinogames.itch.io/dark-spell-pixel-art-vfx-pack,,2026-07-12
https://ykym.itch.io/orpheus-relay,,2026-07-12
https://cobaltvr123.itch.io/scary-monkey,,2026-07-12
https://captainwaffler.itch.io/ascii-realms,,2026-07-12
https://bitbeans.itch.io/teleport,,2026-07-12
https://guidefight.itch.io/torre-zen,,2026-07-12
https://luahhh000000.itch.io/sprunki-the-definitive-phase-14,,2026-07-12
https://listless-artistics.itch.io/water-ballooneys,,2026-07-12
https://clevermonkey.itch.io/smallfolk,,2026-07-12
https://merck92.itch.io/farm-animals-in-pixel-art,,2026-07-12
https://googly-eyes-interactive.itch.io/little-brown-bear-os,,2026-07-12
https://hipatia-club.itch.io/psychological-horror-soundscapes-pads,,2026-07-12
https://cute-chipiron.itch.io/joust-and-its-completely-different-but-also-still-joust,,2026-07-12
https://alvarlaigna.itch.io/dust-runner,,2026-07-12
https://cdertrees.itch.io/a-baristas-guide-to-the-world-of-home-cafes,,2026-07-12
https://etherealrots.itch.io/the-pact,,2026-07-12
https://miner-ron.itch.io/surfing-with-mouse,,2026-07-12
https://snakebizzle.itch.io/ach25-condos,,2026-07-12
https://danisgood.itch.io/american-gameboy,,2026-07-12
https://mars-64.itch.io/3d-shooter,,2026-07-12
https://coldfox-co.itch.io/manabit,,2026-07-12
https://sunydud.itch.io/yupps-find-and-run-rocket,,2026-07-12
https://googly-eyes-interactive.itch.io/rocky-os,,2026-07-12
https://cancler.itch.io/bigfoot-hunters,,2026-07-12
https://nooseandnail.itch.io/apoptosis,,2026-07-12
https://nihixo.itch.io/no-echo-on-the-bridge,,2026-07-12
https://eclair-assets.itch.io/rollershutter-window-01-free-cc0-glb-3d-prop,,2026-07-12
https://samuleka.itch.io/emoji-puncher,,2026-07-12
https://williampurcelldaigle.itch.io/the-hanged,,2026-07-12
https://askforkris90.itch.io/la-bike-noir,,2026-07-12
https://max1muz.itch.io/castillo-maldito,,2026-07-12
https://xkrulesf3lipe.itch.io/porriland,,2026-07-12
https://danideco.itch.io/save-the-gimbos,,2026-07-12
https://unknown180272.itch.io/aster-academy-desktop-pets,,2026-07-12
https://starlyval.itch.io/thedollhouse,,2026-07-12
https://googly-eyes-interactive.itch.io/the-banana-splits-error,,2026-07-12
https://vdfsfsdfsdcsefvsefs.itch.io/chimp-chaos,,2026-07-12
https://inkmoon-dev.itch.io/mindgate-petit,,2026-07-12
https://datadeepgames.itch.io/hyperdense,,2026-07-12
https://hypnochanger.itch.io/an-alien-possessed-my-roommate-01,,2026-07-12
https://pearduckyellow.itch.io/duck-vs-goose,,2026-07-12
https://lukewasthefish.itch.io/lukes-generic-textures,,2026-07-12
https://mexiier.itch.io/mexiierbox-sprunked-remexiierized,,2026-07-12
https://bedtime-biographies.itch.io/harriet-tubman-unbroken-spirit-audiobook,,2026-07-12
https://frankeez.itch.io/wacker-unpacker,,2026-07-12
https://gamercba3149.itch.io/the-complex-1992,,2026-07-12
https://stormsupergames.itch.io/storm-chess,,2026-07-12
https://clerkinteractive.itch.io/pulsarc,,2026-07-12
https://godboyhappy.itch.io/cozy-tea-house-pixel-tileset-pack,,2026-07-12
https://rexvirago.itch.io/storm-stone-and-seed,,2026-07-12
https://naykeagames.itch.io/thalass-echo,,2026-07-12
https://i-landyn.itch.io/a-droids-adventure,,2026-07-12
https://d3mon109.itch.io/psx-texture-pack-100-textures,,2026-07-12
https://allisonashtear.itch.io/sonderlust-vol1-architectonics,,2026-07-12
https://bennyboy37.itch.io/slime-vania,,2026-07-12
https://tangentstorm.itch.io/decker-hilo,,2026-07-12
https://takax22.itch.io/neon-rift,,2026-07-12
https://izzyfollin.itch.io/infinite-transrecursive-megamnemonic-yield,,2026-07-12
https://takax22.itch.io/streat-hoops-3v3,,2026-07-12
https://rexvirago.itch.io/all-in-a-dazed-twerk,,2026-07-12
https://eun0428.itch.io/spectral-moment,,2026-07-12
https://clerkinteractive.itch.io/pulsarc-singularity,,2026-07-12
https://deathglider2.itch.io/phantasiai,,2026-07-12
https://crow-court.itch.io/the-forest-tyrant,,2026-07-12
https://googly-eyes-interactive.itch.io/smiling-critters-error,,2026-07-12
https://sometimesatnight.itch.io/runtime-terrain-deformation,,2026-07-12
https://spectapor.itch.io/air-hockey-esport-edition,,2026-07-12
https://gterrier15.itch.io/gorilla-tag-horror-gterriers-edition,,2026-07-12
https://lil-limpy-linky.itch.io/naughty-bear-mobile-pc,,2026-07-12
https://cpndifinity.itch.io/solana-battle,,2026-07-12
https://panonmend.itch.io/polina,,2026-07-12
https://alexanderandrewwood.itch.io/geographical-and-world-facts,,2026-07-12
https://bbobington91gmailcom.itch.io/primal-primates,,2026-07-12
https://triatiogamesstudio.itch.io/entretejidos,,2026-07-12
https://chimpvr10931.itch.io/spring-tag,,2026-07-12
https://prttysav4ge.itch.io/aventura-saludable,,2026-07-12
https://pozac.itch.io/mutant-brute-2d-pixel-art-enemy-asset-pack,,2026-07-12
https://tiagodavinci.itch.io/knight,,2026-07-12
https://sodatree.itch.io/creature-feature,,2026-07-12
https://zya1.itch.io/littlebullyz,,2026-07-12
https://soloadriancito.itch.io/catacumbasdenazarek,,2026-07-12
https://kevs1357.itch.io/diablo,,2026-07-12
https://dragonprimordial.itch.io/beast-lion-solar-king,,2026-07-12
https://bedtime-biographies.itch.io/charles-darwin-the-patient-observer,,2026-07-12
https://pandomando.itch.io/the-chain,,2026-07-12
https://dragonprimordial.itch.io/beast-rhino-seismic-bull,,2026-07-12
https://sqaurerootofthree.itch.io/nearly-accurate-minus-three-model,,2026-07-12
https://dragonprimordial.itch.io/beast-whale-chain-tsunami,,2026-07-12
https://kaokimimura.itch.io/meshlibrary-exporter,,2026-07-12
https://eeoreedev8.itch.io/subtraria,,2026-07-12
https://dragonprimordial.itch.io/beast-scorpion-eternal-desert,,2026-07-12
https://thegroundbird.itch.io/arctic-adventure-redux,,2026-07-12
https://comshadow.itch.io/medieval-military-camp-pixel-art-tileset-pack,,2026-07-12
https://cynthiatool.itch.io/bunny-priest-character-sprite-16-bit-pixel-art,,2026-07-12
https://yeeboiiii-io.itch.io/sprunki-x-cry-for-me,,2026-07-12
https://comshadow.itch.io/moon-surface-pixel-art-tileset,,2026-07-12
https://bully-revenge-studios.itch.io/how-to-summon-a-dommy-mommy-sleep-paralysis-demon,,2026-07-12
https://remote-game-studios.itch.io/sushi-loop-demo,,2026-07-12
https://soloadriancito.itch.io/catacumbas-de-nazarek,,2026-07-12
https://vilerebis.itch.io/cannibunny-pet-sim,,2026-07-12
https://facewongames.itch.io/chrome-circuit,,2026-07-12
https://jamesleed.itch.io/echos-lament,,2026-07-12
https://paudz1012.itch.io/example-sismo,,2026-07-12
https://tatlin66.itch.io/eso-addon-manager,,2026-07-12
https://kiwidolls.itch.io/porcelain-hearts,,2026-07-12
https://colin0.itch.io/glint,,2026-07-12
https://spectapor.itch.io/cosmic-pong-black-hole-edition,,2026-07-12
https://play-journal.itch.io/to-air-is-human,,2026-07-12
https://ratchet-art-studio.itch.io/cataraft-custom-trailer-3d-model,,2026-07-12
https://lunarmagic8.itch.io/fft-puzzle,,2026-07-12
https://dan-qz.itch.io/traceur,,2026-07-12
https://ajaay001games.itch.io/squaredudlooksliketheblockfromgeometrydash,,2026-07-12
https://foolish-coolings.itch.io/tamriel-reborn,,2026-07-12
https://animatronicchick.itch.io/do-you-remember-incredibox-edition-remake,,2026-07-12
https://sweetribbonvt.itch.io/stupid-vallei-interview,,2026-07-12
https://witherstorm2043.itch.io/talking-potato-mine,,2026-07-12
https://zioniswavy.itch.io/lil-wimbly-pocket-2-the-devils-five-angels,,2026-07-12
https://jwryu206.itch.io/labyrinth,,2026-07-12
https://studio-nogemu.itch.io/stellar-survivors,,2026-07-12
https://millenniumgaming.itch.io/luckycoinslot,,2026-07-12
https://cheekington.itch.io/doromundo,,2026-07-12
https://iangogo.itch.io/fireworks,,2026-07-12
https://foolish-me-studios.itch.io/seek-gnome-village,,2026-07-12
https://spectapor.itch.io/spectapor-mahjong,,2026-07-12
https://dyingantstudios.itch.io/bobs-adventures3thevoidawakens,,2026-07-12
https://chumiagames.itch.io/ilhapixi,,2026-07-12
https://lazyydev.itch.io/apes-legacy,,2026-07-12
https://takedaruma.itch.io/puppet-chess,,2026-07-12
https://kantoruki.itch.io/munchcook,,2026-07-12
https://intelligent-asparagus.itch.io/drew-chess-demo,,2026-07-12
https://iam3aldi.itch.io/minus-three-bbcr,,2026-07-12
https://glitchmonkevr.itch.io/chimp-lacker,,2026-07-12
https://twistedpairmedia.itch.io/archonian,,2026-07-12
https://vbiyn.itch.io/shl,,2026-07-12
https://esyengaming.itch.io/another-asteroids-clone,,2026-07-12
https://justak972.itch.io/station-ops,,2026-07-12
https://robertgom74.itch.io/trenes-salvajes,,2026-07-12
https://iam3aldi.itch.io/3y,,2026-07-12
https://ldbjones.itch.io/monday-coffee,,2026-07-12
https://gamerevolutionx.itch.io/flappy-haland,,2026-07-12
https://chiewaters.itch.io/flora-wander-the-beasts-greenhouse-2d-visual-novel-assets,,2026-07-12
https://jackledead.itch.io/destroy-the-clock-a-poem,,2026-07-12
https://burco.itch.io/new-holland-fr780-us,,2026-07-12
https://devillierscloete.itch.io/officehas2fs,,2026-07-12
https://rinnnnnstudio.itch.io/opendarling,,2026-07-12
https://bgata-works.itch.io/midnight-cleaning-survivor,,2026-07-12
https://readmaster.itch.io/dolly-jump,,2026-07-12
https://chiewaters.itch.io/golden-paws-casino-isometric-claymation-assets,,2026-07-12
https://roguefox37.itch.io/zero-day-defender-firewall-breach,,2026-07-12
https://omarion-yt4realz.itch.io/rnaromarionediton,,2026-07-12
https://veinsyct.itch.io/3d-browser-racing-bazaar-track,,2026-07-12
https://progress0987.itch.io/project-rumble-heros,,2026-07-12
https://voodoomoose.itch.io/pixelart-2-bit-tileset-caves,,2026-07-12
https://kianlong-gif.itch.io/man-in-the-mirror,,2026-07-12
https://nekogatoco.itch.io/mini4wd,,2026-07-12
https://ygsmsite.itch.io/alone2,,2026-07-12
https://litvibin.itch.io/rormockarens-aventyr-sunne,,2026-07-12
https://georgepa.itch.io/aftermath,,2026-07-12
https://chiiuyo-game.itch.io/rimkin-rumble,,2026-07-12
https://jonazdk.itch.io/desert-planet-golf,,2026-07-12
https://yujii-arts.itch.io/pixel-rpg-potion-pack,,2026-07-12
https://katarsis-0.itch.io/occult-intermedium,,2026-07-12
https://mojovr.itch.io/big-monk,,2026-07-12
https://henry1911.itch.io/uniq,,2026-07-12
https://spillinmegourd.itch.io/projectzip,,2026-07-12
https://reodesuxz.itch.io/taptaptap,,2026-07-12
https://riceking1.itch.io/ball-cultivation,,2026-07-12
https://zapps12.itch.io/neondash,,2026-07-12
https://paulthetall.itch.io/rosetta-2-tool,,2026-07-12
https://voxel-assets.itch.io/voxel-overlords-titan-41-50,,2026-07-12
https://firtam.itch.io/potato-clicker,,2026-07-12
https://reneowen.itch.io/pony-slotmachine,,2026-07-12
https://kururu280-cloud.itch.io/customizable-hitflash-shader-godot,,2026-07-12
https://free-game-assets.itch.io/free-summer-fantasy-top-down-vector-tileset,,2026-07-12
https://kadekaru-shokai.itch.io/kotoba,,2026-07-12
https://vav-labs.itch.io/dijkstras-ghost,,2026-07-12
https://iam3aldi.itch.io/minus-three-y,,2026-07-12
https://natsuyacharacterart.itch.io/2609,,2026-07-12
https://respawnlegends.itch.io/pacman42,,2026-07-12
https://m7und0.itch.io/the-lost-temple,,2026-07-12
https://free-game-assets.itch.io/free-dark-swamp-top-down-vector-tileset,,2026-07-12
https://caylonsmith.itch.io/rovers-escapade,,2026-07-12
https://wrim.itch.io/goobi2b,,2026-07-12
https://deltascope.itch.io/spacekeeper,,2026-07-12
https://viachm.itch.io/windsurf-simulator,,2026-07-12
https://rawformula.itch.io/guerilla-afro-1,,2026-07-12
https://softwareground.itch.io/neon-ashes,,2026-07-12
https://hydra0509.itch.io/natureresort,,2026-07-12
https://jesterday11.itch.io/echoes-of-the-past,,2026-07-12
https://wayhomeblue.itch.io/hook-dash-itch,,2026-07-12
https://mr-cursor.itch.io/checkm8,,2026-07-12
https://firtam.itch.io/wordle,,2026-07-12
https://lucasash25.itch.io/note-t-pad,,2026-07-12
https://protagonist-games.itch.io/buff-this-2141-tokens,,2026-07-12
https://happyclam.itch.io/real-time-shadow-heist,,2026-07-12
https://123alosha.itch.io/up,,2026-07-12
https://free-game-assets.itch.io/free-fire-water-magic-spell-vector-pack,,2026-07-12
https://nacl1234.itch.io/merge-rush,,2026-07-12
https://dev-abominations.itch.io/some-c4-game,,2026-07-12
https://free-game-assets.itch.io/free-top-down-goblin-character-pack,,2026-07-12
https://pandomando.itch.io/2on3thousand,,2026-07-12
https://firtam.itch.io/miner,,2026-07-12
https://sneolk.itch.io/the-night-invader,,2026-07-12
https://rrn-creative.itch.io/david-vs-goliath,,2026-07-12
https://viotish.itch.io/devils-ride,,2026-07-12
https://modsfsmobile.itch.io/fs-26-zetor-crystal-16045,,2026-07-12
https://elffree.itch.io/power-tap-rpg,,2026-07-12
https://snakemax.itch.io/premium-cv-builder,,2026-07-12
https://skytu-game.itch.io/triangle-battle,,2026-07-12
https://gdr-sys.itch.io/compendio-incantesimi-homebrew,,2026-07-12
https://leafletgames.itch.io/glitter-amnesia,,2026-07-12
https://the-real-tkd.itch.io/rocky-orbit,,2026-07-12
https://colinmakes.itch.io/sprunki-phase-3-remastered-but-remade-sounds,,2026-07-12
https://sezjacklin.itch.io/one-page-battle-bots,,2026-07-12
https://nellabell.itch.io/slotwoman,,2026-07-12
https://tonkatsu.itch.io/elastigirl,,2026-07-12
https://ever3am.itch.io/whispers-beneath-the-tomb-assets,,2026-07-12
https://nobapro.itch.io/kienatsu0711,,2026-07-12
https://leethab0.itch.io/batdude-chase-of-the-shadows,,2026-07-12
https://tshepo-lobeko.itch.io/typecastrpg,,2026-07-12
https://on.itch.io/dataforge,,2026-07-12
https://ft19962006.itch.io/ballcatcher,,2026-07-12
https://secondchancegaming3709.itch.io/second-chance-brewery-uk-brewery-edit,,2026-07-12
https://majozi.itch.io/unseen,,2026-07-12
https://gulicher.itch.io/space-astroids,,2026-07-12
https://erophenice.itch.io/eropheniceplugin,,2026-07-12
https://syntheticgoose.itch.io/rewave-repeat,,2026-07-12
https://lone-phoenix.itch.io/the-smaller-horse,,2026-07-12
https://fedewx.itch.io/dyson,,2026-07-12
https://lust-tap-studio.itch.io/lust-tap-tsunade,,2026-07-12
https://veronikids.itch.io/exploradores-de-animales,,2026-07-12
https://labrat-box.itch.io/chess-sugoroku,,2026-07-12
https://theeggmeister.itch.io/old-man-wizard-and-the-orbs-of-destiny,,2026-07-12
https://thatojovial.itch.io/echo-runner,,2026-07-12
https://oak080848.itch.io/another-world,,2026-07-12
https://one-eyed-robots-inc.itch.io/one-eyed-robots-tag-revamped,,2026-07-12
https://sarimace.itch.io/hex-collector,,2026-07-12
https://yaya-codes15.itch.io/echo-shift,,2026-07-12
https://joelou.itch.io/gutterbun,,2026-07-12
https://theo2026.itch.io/reflecho-thecampusgamejam-2026,,2026-07-12
https://plots-and-plans.itch.io/wolf-riders-of-deyrun-vale,,2026-07-12
https://neo-phukubye.itch.io/fragmentsofrealities,,2026-07-12
https://elfesto.itch.io/wits-onboarding-advanture,,2026-07-12
https://maximcoolguy1337.itch.io/the-top,,2026-07-12
https://husainmamoojee.itch.io/a,,2026-07-12
https://candypegasus.itch.io/httpsechoverse-renderlovableapp,,2026-07-12
https://namigk.itch.io/the-last-proxy,,2026-07-12
https://sibongileh.itch.io/the-ink-remembers,,2026-07-12
https://pjadal.itch.io/slepherd,,2026-07-12
https://tev-n.itch.io/in-reso,,2026-07-12
https://thabisomashifana.itch.io/brawwlers-dungeon,,2026-07-12
https://peekay11.itch.io/echo-hunt,,2026-07-12
https://ditales-games.itch.io/fishing-trip-in-mediterranean,,2026-07-12
https://kellenstrydom.itch.io/echo-cafe,,2026-07-12
https://lazyydev.itch.io/stupid-little-forest-test,,2026-07-12
https://kronarc.itch.io/the-last-radio,,2026-07-12
https://iam3aldi.itch.io/tilde-3,,2026-07-12
https://nowwon.itch.io/yoyoba,,2026-07-12
https://terrorv1s10n.itch.io/deadscape,,2026-07-12
https://bushhero.itch.io/secrets,,2026-07-12
https://bushhero.itch.io/asdsd,,2026-07-12
https://itch.io/jam/the-peoples-radio-1/rate/4759198,,2026-07-12
https://itch.io/jam/kngd-game-jam-2026/rate/4761377,,2026-07-12
https://itch.io/jam/kngd-game-jam-2026/rate/4760812,,2026-07-12
https://itch.io/jam/kngd-game-jam-2026/rate/4761749,,2026-07-12
https://itch.io/jam/kngd-game-jam-2026/rate/4759320,,2026-07-12
https://itch.io/jam/kngd-game-jam-2026/rate/4762107,,2026-07-12
https://itch.io/jam/kngd-game-jam-2026/rate/4761514,,2026-07-12
https://itch.io/jam/kngd-game-jam-2026/rate/4759675,,2026-07-12
https://itch.io/jam/kngd-game-jam-2026/rate/4762239,,2026-07-12
https://itch.io/jam/kngd-game-jam-2026/rate/4762282,,2026-07-12
https://itch.io/jam/kngd-game-jam-2026/rate/4762244,,2026-07-12
https://itch.io/jam/kngd-game-jam-2026/rate/4762361,,2026-07-12
https://itch.io/jam/kngd-game-jam-2026/rate/4762391,,2026-07-12
https://itch.io/jam/kngd-game-jam-2026/rate/4762414,,2026-07-12
https://itch.io/jam/kngd-game-jam-2026/rate/4759884,,2026-07-12
https://itch.io/jam/kngd-game-jam-2026/rate/4762481,,2026-07-12
https://itch.io/jam/kngd-game-jam-2026/rate/4762492,,2026-07-12
https://itch.io/jam/kngd-game-jam-2026/rate/4762623,,2026-07-12
https://itch.io/jam/kngd-game-jam-2026/rate/4762636,,2026-07-12
https://itch.io/jam/kngd-game-jam-2026/rate/4762685,,2026-07-12
https://itch.io/jam/kngd-game-jam-2026/rate/4762700,,2026-07-12
https://itch.io/jam/kngd-game-jam-2026/rate/4762738,,2026-07-12
https://itch.io/jam/kngd-game-jam-2026/rate/4762793,,2026-07-12
https://itch.io/jam/kngd-game-jam-2026/rate/4763144,,2026-07-12
https://itch.io/jam/kngd-game-jam-2026/rate/4763155,,2026-07-12
https://itch.io/jam/kngd-game-jam-2026/rate/4763160,,2026-07-12
https://itch.io/jam/kngd-game-jam-2026/rate/4763177,,2026-07-12
https://itch.io/jam/kngd-game-jam-2026/rate/3352139,,2026-07-12
https://itch.io/jam/kngd-game-jam-2026/rate/4763238,,2026-07-12
https://itch.io/jam/kngd-game-jam-2026/rate/4757827,,2026-07-12
https://itch.io/jam/kngd-game-jam-2026/rate/4763262,,2026-07-12
https://itch.io/jam/kngd-game-jam-2026/rate/4763285,,2026-07-12
https://itch.io/jam/kngd-game-jam-2026/rate/4763298,,2026-07-12
https://itch.io/jam/kngd-game-jam-2026/rate/4763314,,2026-07-12
https://itch.io/jam/kngd-game-jam-2026/rate/4763327,,2026-07-12
https://itch.io/jam/kngd-game-jam-2026/rate/4763331,,2026-07-12
https://itch.io/jam/kngd-game-jam-2026/rate/4763359,,2026-07-12
https://itch.io/jam/kngd-game-jam-2026/rate/4763283,,2026-07-12
https://itch.io/jam/kngd-game-jam-2026/rate/4763379,,2026-07-12
https://itch.io/jam/kngd-game-jam-2026/rate/4763392,,2026-07-12
https://itch.io/jam/kngd-game-jam-2026/rate/4763231,,2026-07-12
https://itch.io/jam/kngd-game-jam-2026/rate/4763411,,2026-07-12
https://itch.io/jam/kngd-game-jam-2026/rate/4763414,,2026-07-12
https://itch.io/jam/kngd-game-jam-2026/rate/4763415,,2026-07-12
https://itch.io/jam/kngd-game-jam-2026/rate/4763393,,2026-07-12
https://itch.io/jam/kngd-game-jam-2026/rate/4763417,,2026-07-12
https://itch.io/jam/kngd-game-jam-2026/rate/4763427,,2026-07-12
https://itch.io/jam/kngd-game-jam-2026/rate/4763431,,2026-07-12
https://itch.io/jam/kngd-game-jam-2026/rate/4763436,,2026-07-12
https://itch.io/jam/kngd-game-jam-2026/rate/4763454,,2026-07-12
https://itch.io/jam/kngd-game-jam-2026/rate/4763456,,2026-07-12
https://itch.io/jam/kngd-game-jam-2026/rate/4763467,,2026-07-12
https://itch.io/jam/kngd-game-jam-2026/rate/4763477,,2026-07-12
https://itch.io/jam/kngd-game-jam-2026/rate/4763480,,2026-07-12
https://itch.io/jam/kngd-game-jam-2026/rate/4763487,,2026-07-12
https://itch.io/jam/kngd-game-jam-2026/rate/4763462,,2026-07-12
https://itch.io/jam/kngd-game-jam-2026/rate/4763496,,2026-07-12
https://itch.io/jam/kngd-game-jam-2026/rate/4763499,,2026-07-12
https://itch.io/jam/kngd-game-jam-2026/rate/4763502,,2026-07-12
https://itch.io/jam/kngd-game-jam-2026/rate/4763401,,2026-07-12
https://itch.io/jam/kngd-game-jam-2026/rate/4763473,,2026-07-12
https://itch.io/jam/kngd-game-jam-2026/rate/4763542,,2026-07-12
https://itch.io/jam/kngd-game-jam-2026/rate/4763547,,2026-07-12
https://itch.io/jam/kngd-game-jam-2026/rate/4763441,,2026-07-12
https://itch.io/jam/kngd-game-jam-2026/rate/4763426,,2026-07-12
https://itch.io/jam/kngd-game-jam-2026/rate/4762221,,2026-07-12
https://itch.io/jam/kngd-game-jam-2026/rate/4763644,,2026-07-12
https://itch.io/jam/kngd-game-jam-2026/rate/4763525,,2026-07-12
https://itch.io/jam/kngd-game-jam-2026/rate/4763519,,2026-07-12
https://itch.io/jam/kngd-game-jam-2026/rate/4763479,,2026-07-12
https://itch.io/jam/portfolio-builders-jam-week-80/rate/4763792,,2026-07-12
https://itch.io/jam/venezuela-earthquake-relief-bundle-creator-jam/rate/2120814,,2026-07-12
https://itch.io/jam/venezuela-earthquake-relief-bundle-creator-jam/rate/1262448,,2026-07-12
https://itch.io/jam/trijam-380/rate/4763939,,2026-07-12
https://itch.io/jam/usagi-jam-2026/rate/4763760,,2026-07-12
https://itch.io/jam/raylib-6x-gamejam/rate/4761751,,2026-07-12
https://itch.io/jam/one-button-jam-2026/rate/4763266,,2026-07-12
https://itch.io/jam/the-queer-wrongs-jam-2026/rate/4738376,,2026-07-12
https://itch.io/jam/cyg-11/rate/4435150,,2026-07-12
https://itch.io/jam/local-inspiration/rate/4764207,,2026-07-12
https://itch.io/jam/queer-game-jam-2026/rate/4764207,,2026-07-12
https://itch.io/jam/one-button-jam-2026/rate/4764114,,2026-07-12
https://itch.io/jam/shouldnt-mix-those-game-jam/rate/4764223,,2026-07-12
https://itch.io/jam/raylib-6x-gamejam/rate/4761317,,2026-07-12
https://itch.io/jam/psx-horror-jam/rate/4751327,,2026-07-12
https://itch.io/jam/touhou-pride-8/rate/4763940,,2026-07-12
https://itch.io/jam/transqueer-jam/rate/4710572,,2026-07-12
https://itch.io/jam/cairn-brasil/rate/4764251,,2026-07-12
https://itch.io/jam/t4t-jam/rate/4710572,,2026-07-12
https://itch.io/jam/one-button-jam-2026/rate/4760467,,2026-07-12
https://itch.io/jam/toxic-yuri-vn-jam-2/rate/4761924,,2026-07-12
https://itch.io/jam/shouldnt-mix-those-game-jam/rate/4764357,,2026-07-12
https://itch.io/jam/transqueer-jam/rate/4764406,,2026-07-12
https://itch.io/jam/shouldnt-mix-those-game-jam/rate/4764366,,2026-07-12
https://itch.io/jam/shouldnt-mix-those-game-jam/rate/4758678,,2026-07-12
https://itch.io/jam/one-button-jam-2026/rate/4755321,,2026-07-12
https://itch.io/jam/transqueer-jam/rate/3611769,,2026-07-12
https://itch.io/jam/brainless-game-jam/rate/4761298,,2026-07-12
https://itch.io/jam/raylib-6x-gamejam/rate/4764398,,2026-07-12
https://itch.io/jam/brainless-game-jam/rate/4764419,,2026-07-12
https://itch.io/jam/shouldnt-mix-those-game-jam/rate/4764415,,2026-07-12
https://itch.io/jam/mini-game-work-jam-2026/rate/4622879,,2026-07-12
https://itch.io/jam/shouldnt-mix-those-game-jam/rate/4764332,,2026-07-12
https://itch.io/jam/the-campus-game-jam-2026/rate/4764555,,2026-07-12
https://itch.io/jam/shouldnt-mix-those-game-jam/rate/4761541,,2026-07-12
https://itch.io/jam/toxic-yuri-vn-jam-2/rate/4760943,,2026-07-12
https://itch.io/jam/psx-horror-jam/rate/4764414,,2026-07-12
https://itch.io/jam/psx-horror-jam/rate/4764351,,2026-07-12
https://itch.io/jam/psx-story-jam-4/rate/4764351,,2026-07-12
https://itch.io/jam/toxic-yuri-vn-jam-2/rate/4764611,,2026-07-12
https://itch.io/jam/toxic-yuri-vn-jam-2/rate/4758105,,2026-07-12
https://itch.io/jam/caves-of-qud-modding-jam-5/rate/4764653,,2026-07-12
https://itch.io/jam/dis-july-2026-mutual-feedback-jam/rate/4469813,,2026-07-12
https://itch.io/jam/raylib-6x-gamejam/rate/4764667,,2026-07-12
https://itch.io/jam/caves-of-qud-modding-jam-5/rate/4764719,,2026-07-12
https://itch.io/jam/toasty-jam-2-rpg-maker-game-jam/rate/4764527,,2026-07-12
https://itch.io/jam/psx-horror-jam/rate/4764726,,2026-07-12
https://itch.io/jam/disabled-ttrpg-designers-game-jam/rate/4763750,,2026-07-12
https://itch.io/jam/birbday-jam-2026/rate/4763750,,2026-07-12
https://itch.io/jam/free-zine-week-2026/rate/3928355,,2026-07-12
https://itch.io/jam/psx-horror-jam/rate/4764530,,2026-07-12
https://itch.io/jam/you-pick-two-a-prompt-novella-jam/rate/4764827,,2026-07-12
https://itch.io/jam/psx-horror-jam/rate/4759314,,2026-07-12
https://itch.io/jam/disabled-ttrpg-designers-game-jam/rate/4764867,,2026-07-12
https://itch.io/jam/more-frontier-scum/rate/4761195,,2026-07-12
https://itch.io/jam/anything-goes-game-jam/rate/4761195,,2026-07-12
https://itch.io/jam/toxic-yuri-vn-jam-2/rate/4752575,,2026-07-12
https://itch.io/jam/58mmrpgjam/rate/4764921,,2026-07-12
https://itch.io/jam/one-button-jam-2026/rate/4764640,,2026-07-12
https://itch.io/jam/codex-game-jam-2026/rate/4764836,,2026-07-12
https://itch.io/jam/toxic-yuri-vn-jam-2/rate/4764930,,2026-07-12
https://itch.io/jam/shouldnt-mix-those-game-jam/rate/4764449,,2026-07-12
https://itch.io/jam/caves-of-qud-modding-jam-5/rate/4765052,,2026-07-12
https://itch.io/jam/toxic-yuri-vn-jam-2/rate/4765050,,2026-07-12
https://itch.io/jam/shouldnt-mix-those-game-jam/rate/4764245,,2026-07-12
https://itch.io/jam/shouldnt-mix-those-game-jam/rate/4764583,,2026-07-12
https://itch.io/jam/one-button-jam-2026/rate/4765166,,2026-07-12
https://itch.io/jam/toxic-yuri-vn-jam-2/rate/4765189,,2026-07-12
https://itch.io/jam/weekly-note-composing-jam-47/rate/4765225,,2026-07-12
https://itch.io/jam/2026-jam/rate/4759419,,2026-07-12
https://itch.io/jam/brainless-game-jam/rate/4764618,,2026-07-12
https://itch.io/jam/indie-city-allstars-2026/rate/4754105,,2026-07-12
https://itch.io/jam/moths-and-shadows/rate/2220802,,2026-07-12
https://itch.io/jam/decker-fantasy-camp-2026/rate/4764939,,2026-07-12
https://itch.io/jam/caves-of-qud-modding-jam-5/rate/4765366,,2026-07-12
https://itch.io/jam/toxic-yuri-vn-jam-2/rate/4764571,,2026-07-12
https://itch.io/jam/one-button-jam-2026/rate/4765339,,2026-07-12
https://itch.io/jam/caves-of-qud-modding-jam-5/rate/4765351,,2026-07-12
https://itch.io/jam/weekly-note-composing-jam-47/rate/4765399,,2026-07-12
https://itch.io/jam/one-button-jam-2026/rate/4765319,,2026-07-12
https://itch.io/jam/trijam-380/rate/4765404,,2026-07-12
https://itch.io/jam/toxic-yuri-vn-jam-2/rate/4761640,,2026-07-12
https://itch.io/jam/toxic-yuri-vn-jam-2/rate/4724761,,2026-07-12
https://itch.io/jam/venezuela-earthquake-relief-bundle-creator-jam/rate/3360258,,2026-07-12
https://itch.io/jam/venezuela-earthquake-relief-bundle-creator-jam/rate/4196114,,2026-07-12
https://itch.io/jam/venezuela-earthquake-relief-bundle-creator-jam/rate/4431348,,2026-07-12
https://itch.io/jam/raylib-6x-gamejam/rate/4753810,,2026-07-12
https://itch.io/jam/appx-n-jam-2026/rate/4759243,,2026-07-12
https://itch.io/jam/brainless-game-jam/rate/4765457,,2026-07-12
https://itch.io/jam/toxic-yuri-vn-jam-2/rate/4687609,,2026-07-12
https://itch.io/jam/toxic-yuri-vn-jam-2/rate/4765483,,2026-07-12
https://itch.io/jam/toxic-yuri-vn-jam-2/rate/4765543,,2026-07-12
https://itch.io/jam/t4t-jam/rate/4632082,,2026-07-12
https://itch.io/jam/the-queer-wrongs-jam-2026/rate/4687609,,2026-07-12
https://itch.io/jam/syntys-12th-birthday-game-jam/rate/4764897,,2026-07-12
https://itch.io/jam/caves-of-qud-modding-jam-5/rate/4765598,,2026-07-12
https://itch.io/jam/trijam-380/rate/4765254,,2026-07-12
https://itch.io/jam/caves-of-qud-modding-jam-5/rate/4765679,,2026-07-12
https://itch.io/jam/caves-of-qud-modding-jam-5/rate/4765666,,2026-07-12
https://itch.io/jam/one-button-jam-2026/rate/4765715,,2026-07-12
https://itch.io/jam/jama-jam-july-2026/rate/4566188,,2026-07-12
https://itch.io/jam/beach-pride-rpg-maker-jam/rate/4765619,,2026-07-12
https://itch.io/jam/appx-n-jam-2026/rate/4765764,,2026-07-12
https://itch.io/jam/transqueer-jam/rate/4738376,,2026-07-12
https://itch.io/jam/toxic-yuri-vn-jam-2/rate/4764121,,2026-07-12
https://itch.io/jam/one-button-jam-2026/rate/4765818,,2026-07-12
https://itch.io/jam/liminal4/rate/4765742,,2026-07-12
https://itch.io/jam/mini-game-work-jam-2026/rate/4753315,,2026-07-12
https://itch.io/jam/solo-dev-jam-12/rate/4745989,,2026-07-12
https://itch.io/jam/toxic-yuri-vn-jam-2/rate/4762765,,2026-07-12
https://itch.io/jam/weekly-note-composing-jam-47/rate/4765884,,2026-07-12
https://itch.io/jam/mini-game-work-jam-2026/rate/4765905,,2026-07-12
https://itch.io/jam/brainless-game-jam/rate/4765878,,2026-07-12
https://itch.io/jam/flexible-2025/rate/4745989,,2026-07-12
https://itch.io/jam/toxic-yuri-vn-jam-2/rate/4765880,,2026-07-12
https://itch.io/jam/decker-fantasy-camp-2026/rate/4765970,,2026-07-12
https://itch.io/jam/appx-n-jam-2026/rate/4762811,,2026-07-12
https://itch.io/jam/brainless-game-jam/rate/4764058,,2026-07-12
https://itch.io/jam/weekly-note-composing-jam-47/rate/4765949,,2026-07-12
https://itch.io/jam/weekly-note-composing-jam-47/rate/4766028,,2026-07-12
https://itch.io/jam/brainless-game-jam/rate/4765593,,2026-07-12
https://itch.io/jam/out-of-boredom-raldi-game-jam-2-omg/rate/4766112,,2026-07-12
https://itch.io/jam/mini-game-work-jam-2026/rate/4690501,,2026-07-12
https://itch.io/jam/caves-of-qud-modding-jam-5/rate/4765548,,2026-07-12
https://itch.io/jam/raylib-6x-gamejam/rate/4765807,,2026-07-12
https://itch.io/jam/brainless-game-jam/rate/4766128,,2026-07-12
https://itch.io/jam/toxic-yuri-vn-jam-2/rate/4756339,,2026-07-12
https://itch.io/jam/solo-dev-jam-12/rate/4766142,,2026-07-12
https://itch.io/jam/the-queer-wrongs-jam-2026/rate/4733781,,2026-07-12
https://itch.io/jam/mini-game-work-jam-2026/rate/4694555,,2026-07-12
https://itch.io/jam/toxic-yuri-vn-jam-2/rate/4762590,,2026-07-12
https://itch.io/jam/scifanjam/rate/4762590,,2026-07-12
https://itch.io/jam/toxic-yuri-vn-jam-2/rate/4741554,,2026-07-12
https://itch.io/jam/t4t-jam/rate/4685962,,2026-07-12
https://itch.io/jam/trans-mlm-jam-2026/rate/4685962,,2026-07-12
https://itch.io/jam/1100-words-ttrpg-kitchen-2026/rate/4766125,,2026-07-12
https://itch.io/jam/trans-representation-jam-26/rate/4685962,,2026-07-12
https://itch.io/jam/brainless-game-jam/rate/4766322,,2026-07-12
https://itch.io/jam/mini-game-work-jam-2026/rate/4694398,,2026-07-12
https://itch.io/jam/toxic-yuri-vn-jam-2/rate/4765977,,2026-07-12
https://itch.io/jam/one-day-one-page/rate/4753524,,2026-07-12
https://itch.io/jam/toxic-yuri-vn-jam-2/rate/4766231,,2026-07-12
https://itch.io/jam/toxic-yuri-vn-jam-2/rate/4740218,,2026-07-12
https://itch.io/jam/toxic-yuri-vn-jam-2/rate/4763043,,2026-07-12
https://itch.io/jam/playtest-feedback-exchange-jam-6/rate/4747495,,2026-07-12
https://itch.io/jam/playtest-feedback-exchange-jam-6/rate/4747581,,2026-07-12
https://itch.io/jam/playtest-feedback-exchange-jam-6/rate/4747628,,2026-07-12
https://itch.io/jam/playtest-feedback-exchange-jam-6/rate/4757490,,2026-07-12
https://itch.io/jam/trijam-380/rate/4766653,,2026-07-12
https://itch.io/jam/decadejam/rate/4766653,,2026-07-12
https://itch.io/jam/5-year-long-jam/rate/4766653,,2026-07-12
https://itch.io/jam/brainless-game-jam/rate/4766653,,2026-07-12
https://itch.io/jam/good-horror-jam/rate/4339724,,2026-07-12
https://itch.io/jam/toasty-jam-2-rpg-maker-game-jam/rate/4765138,,2026-07-12
https://itch.io/jam/toxic-yuri-vn-jam-2/rate/4764871,,2026-07-12
https://itch.io/jam/toxic-yuri-vn-jam-2/rate/4627438,,2026-07-12
https://itch.io/jam/toxic-yuri-vn-jam-2/rate/4762370,,2026-07-12
https://itch.io/jam/the-campus-game-jam-2026/rate/4766218,,2026-07-12
https://itch.io/jam/brainless-game-jam/rate/4760421,,2026-07-12
https://itch.io/jam/the-campus-game-jam-2026/rate/4766746,,2026-07-12
https://itch.io/jam/9gameaweek/rate/4766873,,2026-07-12
https://itch.io/jam/grit-system-game-jam-2026/rate/4760443,,2026-07-12
https://itch.io/jam/one-button-jam-2026/rate/4766861,,2026-07-12
https://itch.io/jam/the-campus-game-jam-2026/rate/4766939,,2026-07-12
https://itch.io/jam/psx-story-jam-4/rate/4744899,,2026-07-12
https://itch.io/jam/brainless-game-jam/rate/4754425,,2026-07-12
https://itch.io/jam/free-zine-week-2026/rate/4644136,,2026-07-12
https://itch.io/jam/brainless-game-jam/rate/4767010,,2026-07-12
https://itch.io/jam/the-campus-game-jam-2026/rate/4765929,,2026-07-12
https://itch.io/jam/the-campus-game-jam-2026/rate/4766785,,2026-07-12
https://itch.io/jam/the-campus-game-jam-2026/rate/4767040,,2026-07-12
https://itch.io/jam/the-campus-game-jam-2026/rate/4766951,,2026-07-12
https://itch.io/jam/the-campus-game-jam-2026/rate/4766518,,2026-07-12
https://itch.io/jam/the-campus-game-jam-2026/rate/4767055,,2026-07-12
https://itch.io/jam/indie-city-allstars-2026/rate/4767056,,2026-07-12
https://itch.io/jam/the-campus-game-jam-2026/rate/4762968,,2026-07-12
https://itch.io/jam/the-campus-game-jam-2026/rate/4766854,,2026-07-12
https://itch.io/jam/the-campus-game-jam-2026/rate/4763721,,2026-07-12
https://itch.io/jam/the-campus-game-jam-2026/rate/4767082,,2026-07-12
https://itch.io/jam/the-campus-game-jam-2026/rate/4766967,,2026-07-12
https://itch.io/jam/the-campus-game-jam-2026/rate/4766988,,2026-07-12
https://itch.io/jam/the-campus-game-jam-2026/rate/4765588,,2026-07-12
https://itch.io/jam/the-campus-game-jam-2026/rate/4767089,,2026-07-12
https://itch.io/jam/appx-n-jam-2026/rate/4767063,,2026-07-12
https://itch.io/jam/the-campus-game-jam-2026/rate/4767098,,2026-07-12
https://itch.io/jam/z4597annualgamejam2026/rate/4767073,,2026-07-12
https://itch.io/jam/the-campus-game-jam-2026/rate/4765484,,2026-07-12
https://itch.io/jam/the-campus-game-jam-2026/rate/4767100,,2026-07-12
https://itch.io/jam/the-campus-game-jam-2026/rate/4767062,,2026-07-12
https://itch.io/jam/the-campus-game-jam-2026/rate/4767034,,2026-07-12
https://itch.io/jam/the-campus-game-jam-2026/rate/4766740,,2026-07-12
https://itch.io/jam/the-campus-game-jam-2026/rate/4767104,,2026-07-12
https://itch.io/jam/the-campus-game-jam-2026/rate/4767064,,2026-07-12
https://itch.io/jam/the-campus-game-jam-2026/rate/4767113,,2026-07-12
https://itch.io/jam/the-campus-game-jam-2026/rate/4767115,,2026-07-12
https://itch.io/jam/the-campus-game-jam-2026/rate/4766561,,2026-07-12
https://itch.io/jam/the-campus-game-jam-2026/rate/4767111,,2026-07-12
https://itch.io/jam/the-campus-game-jam-2026/rate/4767116,,2026-07-12
https://itch.io/jam/the-campus-game-jam-2026/rate/4767077,,2026-07-12
https://itch.io/jam/the-campus-game-jam-2026/rate/4767119,,2026-07-12
https://itch.io/jam/the-campus-game-jam-2026/rate/4767007,,2026-07-12
https://itch.io/jam/the-campus-game-jam-2026/rate/4760124,,2026-07-12
https://itch.io/jam/the-campus-game-jam-2026/rate/4765456,,2026-07-12
https://itch.io/jam/the-campus-game-jam-2026/rate/4767092,,2026-07-12
https://itch.io/jam/the-queer-wrongs-jam-2026/rate/4736299,,2026-07-12
https://itch.io/jam/raylib-6x-gamejam/rate/4767054,,2026-07-12
https://itch.io/jam/month-of-horror-3,,2026-07-12
https://itch.io/jam/illinois-midwest-gamejam,,2026-07-12
https://itch.io/jam/games-for-scholarships,,2026-07-12
https://itch.io/jam/orpita-mini-2026,,2026-07-12
https://itch.io/jam/gigf-flickgame,,2026-07-12
https://itch.io/jam/precision-ost-jam,,2026-07-12
https://itch.io/jam/0-1-not-or,,2026-07-12
https://itch.io/jam/eaglercraft-servers-jam,,2026-07-12
https://itch.io/jam/s26w1,,2026-07-12
https://itch.io/jam/gamecorps-jam-test,,2026-07-12
https://itch.io/jam/text-based-game-jam1293,,2026-07-12
https://itch.io/jam/scp-the-forgotten,,2026-07-12
https://itch.io/jam/ddojimii-project-of-the-year,,2026-07-12
https://itch.io/jam/summer-flowjam-2026-win-a-steam-gift-card,,2026-07-12
https://itch.io/jam/ab-game-jam-x,,2026-07-12
https://itch.io/jam/sgdg-microjam-v7,,2026-07-12
https://itch.io/jam/megabyte-jam-2026,,2026-07-12
https://itch.io/jam/dunah-playzone-now,,2026-07-12
https://itch.io/jam/the-noboxes-crazy-game-jam,,2026-07-12
https://itch.io/jam/the-worst-game-jam-5,,2026-07-12
https://itch.io/jam/-arab-devolp,,2026-07-12
https://itch.io/jam/-pato-jam-2-fora-dagua,,2026-07-12
https://itch.io/jam/shatterjam-,,2026-07-12
https://itch.io/jam/goldens-raldi-game-jam,,2026-07-12
https://itch.io/jam/the-noboxes-tiny-game-jam,,2026-07-12
https://itch.io/jam/-excamationmark-game-jam,,2026-07-12
https://itch.io/jam/60-value-prize-retro-game-jam,,2026-07-12
https://itch.io/jam/we-be-jammin-12,,2026-07-12
https://cancler.itch.io,,2026-07-12
https://deathglider2.itch.io,,2026-07-12
https://junaidirf.itch.io,,2026-07-12
https://fgg-studios.itch.io,,2026-07-12
https://spillinmegourd.itch.io,,2026-07-12
https://crashm2008.itch.io,,2026-07-12
https://amssguard.itch.io,,2026-07-12
https://rainbowfireworx.itch.io,,2026-07-12
https://vvdgems.itch.io,,2026-07-12
https://albrtbc.itch.io,,2026-07-12
https://captainwaffler.itch.io,,2026-07-12
https://nymesis.itch.io,,2026-07-12
https://makichanamazing.itch.io,,2026-07-12
https://roguefox37.itch.io,,2026-07-12
https://grayhairgames.itch.io,,2026-07-12
https://vampirelavender.itch.io,,2026-07-12
https://elfesto.itch.io,,2026-07-12
https://rb-187-malware.itch.io,,2026-07-12
https://nekolee.itch.io,,2026-07-12
https://towasts.itch.io,,2026-07-12
https://focusfocus.itch.io,,2026-07-12
https://alzio.itch.io,,2026-07-12
https://just-a-noob76.itch.io,,2026-07-12
https://glitchmonkevr.itch.io,,2026-07-12
https://nobogamestudio.itch.io,,2026-07-12
https://wizy200.itch.io,,2026-07-12
https://oak080848.itch.io,,2026-07-12
https://sfedbro.itch.io,,2026-07-12
https://realdavigamer.itch.io,,2026-07-12
https://c0quito2130.itch.io,,2026-07-12
https://pion011.itch.io,,2026-07-12
https://horst-ip.itch.io,,2026-07-12
https://ogyrec-yo.itch.io,,2026-07-12
https://hjortmax.itch.io,,2026-07-12
https://koalacrew.itch.io,,2026-07-12
https://jakelee057.itch.io,,2026-07-12
https://asarydayo.itch.io,,2026-07-12
https://asudewa.itch.io,,2026-07-12
https://dakrid.itch.io,,2026-07-12
https://lumonistical.itch.io,,2026-07-12
https://firepistolace.itch.io,,2026-07-12
https://snakestudio273.itch.io,,2026-07-12
https://xp-atlas-studio.itch.io,,2026-07-12
https://colin0.itch.io,,2026-07-12
https://vonswrld.itch.io,,2026-07-12
https://dyplay.itch.io,,2026-07-12
https://obsoleteprofile.itch.io,,2026-07-12
https://graph-games.itch.io,,2026-07-12
https://tarleeyay.itch.io,,2026-07-12
https://luddlestons.itch.io,,2026-07-12
https://duckagent.itch.io,,2026-07-12
https://arkahafidz.itch.io,,2026-07-12
https://akanthosstudios.itch.io,,2026-07-12
https://k0rf.itch.io,,2026-07-12
https://bevelfreak.itch.io,,2026-07-12
https://thabisomashifana.itch.io,,2026-07-12
https://looak.itch.io,,2026-07-12
https://gamervr114.itch.io,,2026-07-12
https://digital-artisan.itch.io,,2026-07-12
https://spark2life-studio.itch.io,,2026-07-12
https://jamesleed.itch.io,,2026-07-12
https://devillierscloete.itch.io,,2026-07-12
https://kanonrosario.itch.io,,2026-07-12
https://eatsram.itch.io,,2026-07-12
https://yayreadygames.itch.io,,2026-07-12
https://surveygames.itch.io,,2026-07-12
https://nocapvc.itch.io,,2026-07-12
https://steamtower.itch.io,,2026-07-12
https://crossguy.itch.io,,2026-07-12
https://oopxl.itch.io,,2026-07-12
https://eln-team.itch.io,,2026-07-12
https://fealjaygame.itch.io,,2026-07-12
https://queso77.itch.io,,2026-07-12
https://actystudios.itch.io,,2026-07-12
https://crissywissytookthewissy.itch.io,,2026-07-12
https://tamoara123.itch.io,,2026-07-12
https://finlaydgamedev.itch.io,,2026-07-12
https://lapinator.itch.io,,2026-07-12
https://chunkko.itch.io,,2026-07-12
https://duse-audio.itch.io,,2026-07-12
https://bunny-dryer.itch.io,,2026-07-12
https://miraikoro.itch.io,,2026-07-12
https://chilli-charlie14.itch.io,,2026-07-12
https://project-return.itch.io,,2026-07-12
https://avier-10.itch.io,,2026-07-12
https://cragels.itch.io,,2026-07-12
https://nexodestudio.itch.io,,2026-07-12
https://kodaplayz.itch.io,,2026-07-12
https://jazz-pizzazz-min.itch.io,,2026-07-12
https://ashleyy-j.itch.io,,2026-07-12
https://luckycatdev.itch.io,,2026-07-12
https://avocadowitchknits.itch.io,,2026-07-12
https://joelou.itch.io,,2026-07-12
https://arjun-t.itch.io,,2026-07-12
https://progress0987.itch.io,,2026-07-12
https://rudfarm.itch.io,,2026-07-12
https://etforge.itch.io,,2026-07-12
https://wouttimeout.itch.io,,2026-07-12
https://spachoman.itch.io,,2026-07-12
https://palesignal.itch.io,,2026-07-12
https://lj2741.itch.io,,2026-07-12
https://d3athsw1cth.itch.io,,2026-07-12
https://frog-weather.itch.io,,2026-07-12
https://liithiium.itch.io,,2026-07-12
https://alex2os.itch.io,,2026-07-12
https://messicalv0.itch.io,,2026-07-12
https://somnivulum.itch.io,,2026-07-12
https://goosecultist.itch.io,,2026-07-12
https://darky1dev.itch.io,,2026-07-12
https://likeandthrope.itch.io,,2026-07-12
https://cmkramer.itch.io,,2026-07-12
https://frankbits.itch.io,,2026-07-12
https://rinnnnnstudio.itch.io,,2026-07-12
https://autorporaccidente.itch.io,,2026-07-12
https://tortoisenotturtle.itch.io,,2026-07-12
https://braindumpia.itch.io,,2026-07-12
https://daylong7412.itch.io,,2026-07-12
https://srdistor.itch.io,,2026-07-12
https://hegonox.itch.io,,2026-07-12
https://chirag-studios.itch.io,,2026-07-12
https://eclipsemakesbrownies.itch.io,,2026-07-12
https://cbtherapy.itch.io,,2026-07-12
https://javadink.itch.io,,2026-07-12
https://userbloons.itch.io,,2026-07-12
https://goblingold.itch.io,,2026-07-12
https://redbeanai.itch.io,,2026-07-12
https://samueldktheitcheditor2k11.itch.io,,2026-07-12
https://liku-bleh.itch.io,,2026-07-12
https://juilovonspit.itch.io,,2026-07-12
https://intelligent-asparagus.itch.io,,2026-07-12
https://redfogstudios.itch.io,,2026-07-12
https://studio-studio-studio.itch.io,,2026-07-12
https://reneowen.itch.io,,2026-07-12
https://pohlus.itch.io,,2026-07-12
https://leopardgames.itch.io,,2026-07-12
https://blueberry-games43.itch.io,,2026-07-12
https://chumiagames.itch.io,,2026-07-12
https://liam-mallia-games.itch.io,,2026-07-12
https://so-uaaaaaaaaaa.itch.io,,2026-07-12
https://peekay11.itch.io,,2026-07-12
https://mrmochi-d.itch.io,,2026-07-12
https://kilarubrchkn.itch.io,,2026-07-12
https://a2zen.itch.io,,2026-07-12
https://alan-fantasy.itch.io,,2026-07-12
https://1i1i1i1i.itch.io,,2026-07-12
https://jeremyorozcocerdas334.itch.io,,2026-07-12
https://zibzib-lubo.itch.io,,2026-07-12
https://th3-wanderer.itch.io,,2026-07-12
https://iujhojkl.itch.io,,2026-07-12
https://lenkuu.itch.io,,2026-07-12
https://remodmake.itch.io,,2026-07-12
https://lexiany13.itch.io,,2026-07-12
https://domikmasster66.itch.io,,2026-07-12
https://stonedgoblin.itch.io,,2026-07-12
https://poapop-dev.itch.io,,2026-07-12
https://sweetribbonvt.itch.io,,2026-07-12
https://mufahstudio.itch.io,,2026-07-12
https://aurora-games-official.itch.io,,2026-07-12
https://astrax-studio.itch.io,,2026-07-12
https://shnoy.itch.io,,2026-07-12
https://hellotransimissionlost.itch.io,,2026-07-12
https://rodrigo-mjam.itch.io,,2026-07-12
https://darrenvintagethings.itch.io,,2026-07-12
https://sap99.itch.io,,2026-07-12
https://anoverlycomplexusername.itch.io,,2026-07-12
https://patchwgames.itch.io,,2026-07-12
https://arham-1.itch.io,,2026-07-12
https://gttgrave.itch.io,,2026-07-12
https://unveiled-altar.itch.io,,2026-07-12
https://devpinky.itch.io,,2026-07-12
https://bickercraft.itch.io,,2026-07-12
https://carlospaz.itch.io,,2026-07-12
https://panela7.itch.io,,2026-07-12
https://coldclover.itch.io,,2026-07-12
https://nxpced.itch.io,,2026-07-12
https://vxper.itch.io,,2026-07-12
https://baggierkarma40.itch.io,,2026-07-12
https://lory-issilly.itch.io,,2026-07-12
https://mdstephenson.itch.io,,2026-07-12
https://nerdmermaid.itch.io,,2026-07-12
https://swagnomo.itch.io,,2026-07-12
https://iqameer777.itch.io,,2026-07-12
https://gayvie.itch.io,,2026-07-12
https://cute-chipiron.itch.io,,2026-07-12
https://van121266.itch.io,,2026-07-12
https://dxanee.itch.io,,2026-07-12
https://ozbnd.itch.io,,2026-07-12
https://zak-bek.itch.io,,2026-07-12
https://mothwick.itch.io,,2026-07-12
https://cubic-haven.itch.io,,2026-07-12
https://bbobington91gmailcom.itch.io,,2026-07-12
https://808gamedevstudio.itch.io,,2026-07-12
https://ygsmsite.itch.io,,2026-07-12
https://chung-chungyvr.itch.io,,2026-07-12
https://studio-nogemu.itch.io,,2026-07-12
https://eeoreedev8.itch.io,,2026-07-12
https://patata273.itch.io,,2026-07-12
https://sprite-e.itch.io,,2026-07-12
https://k0nbla.itch.io,,2026-07-12
https://cashmarcoreal-bit.itch.io,,2026-07-12
https://arthurzin-dev.itch.io,,2026-07-12
https://amberbian.itch.io,,2026-07-12
https://skul-dev.itch.io,,2026-07-12
https://proredgob.itch.io,,2026-07-12
https://gameboiadvanced18.itch.io,,2026-07-12
https://kproject166.itch.io,,2026-07-12
https://zhdan-games.itch.io,,2026-07-12
https://francslikesfish.itch.io,,2026-07-12
https://maximcoolguy1337.itch.io,,2026-07-12
https://notrealandneverwas.itch.io,,2026-07-12
https://pjamesstuart.itch.io,,2026-07-12
https://twistedpairmedia.itch.io,,2026-07-12
https://rascheladden.itch.io,,2026-07-12
https://jk27172.itch.io,,2026-07-12
https://waifupoly.itch.io,,2026-07-12
https://inaheartbeat.itch.io,,2026-07-12
https://triatiogamesstudio.itch.io,,2026-07-12
https://jc-mitchell.itch.io,,2026-07-12
https://undignified-l2.itch.io,,2026-07-12
https://ddulbho.itch.io,,2026-07-12
https://cinsonn.itch.io,,2026-07-12
https://lukafilenko-gif.itch.io,,2026-07-12
https://agreatlolguy-2012.itch.io,,2026-07-12
https://r8w5zz7p7f-sys.itch.io,,2026-07-12
https://ghostmesh.itch.io,,2026-07-12
https://mmdevera.itch.io,,2026-07-12
https://vvided.itch.io,,2026-07-12
https://nacl1234.itch.io,,2026-07-12
https://cloudpeak-studio.itch.io,,2026-07-12
https://njuliannnn.itch.io,,2026-07-12
https://xtimhedi.itch.io,,2026-07-12
https://mystery-owl.itch.io,,2026-07-12
https://taiyoknowsball.itch.io,,2026-07-12
https://unaeng.itch.io,,2026-07-12
https://williampurcelldaigle.itch.io,,2026-07-12
https://rapiddynamic.itch.io,,2026-07-12
https://funonthedump.itch.io,,2026-07-12
https://rasogamez.itch.io,,2026-07-12
https://annabcn.itch.io,,2026-07-12
https://josef72000.itch.io,,2026-07-12
https://lumix242426252.itch.io,,2026-07-12
https://rocko-64.itch.io,,2026-07-12
https://babybrown.itch.io,,2026-07-12
https://juiceloc.itch.io,,2026-07-12
https://12labors.itch.io,,2026-07-12
https://otter040.itch.io,,2026-07-12
https://deltascope.itch.io,,2026-07-12
https://mynameis-jc.itch.io,,2026-07-12
https://yxnnie.itch.io,,2026-07-12
https://jacegames-yea.itch.io,,2026-07-12
https://elleonmagico.itch.io,,2026-07-12
https://playjax-gaming.itch.io,,2026-07-12
https://fridayfunnystory.itch.io,,2026-07-12
https://quiet-kettle-assets.itch.io,,2026-07-12
https://sheelix.itch.io,,2026-07-12
https://r2r-bb.itch.io,,2026-07-12
https://cadenzamadrigol.itch.io,,2026-07-12
https://izzyfollin.itch.io,,2026-07-12
https://dropkickgames.itch.io,,2026-07-12
https://gbgames25.itch.io,,2026-07-12
https://disperito.itch.io,,2026-07-12
https://lewise220.itch.io,,2026-07-12
https://nabbbberrr.itch.io,,2026-07-12
https://whereisgaming.itch.io,,2026-07-12
https://foonji.itch.io,,2026-07-12
https://yatabe.itch.io,,2026-07-12
https://imk-terrible.itch.io,,2026-07-12
https://akatsukibucko.itch.io,,2026-07-12
https://mateus-yoshida.itch.io,,2026-07-12
https://slimturtle.itch.io,,2026-07-12
https://fortressrestoration.itch.io,,2026-07-12
https://pearduckyellow.itch.io,,2026-07-12
https://tiagodavinci.itch.io,,2026-07-12
https://pedrocardoso-22077-source.itch.io,,2026-07-12
https://chiioon.itch.io,,2026-07-12
https://kazyyyy.itch.io,,2026-07-12
https://herfavflowerswereanemones.itch.io,,2026-07-12
https://starlyval.itch.io,,2026-07-12
https://esyengaming.itch.io,,2026-07-12
https://whitelliot.itch.io,,2026-07-12
https://muldintinpoto.itch.io,,2026-07-12
https://ive1.itch.io,,2026-07-12
https://junh4nn.itch.io,,2026-07-12
https://topisticada.itch.io,,2026-07-12
https://pekopekogames.itch.io,,2026-07-12
https://luna2funny.itch.io,,2026-07-12
https://skybluecape.itch.io,,2026-07-12
https://yukseldev.itch.io,,2026-07-12
https://gamemaker-007.itch.io,,2026-07-12
https://crimson-n.itch.io,,2026-07-12
https://tarjah.itch.io,,2026-07-12
https://pittmanlj345yui.itch.io,,2026-07-12
https://darko-dev.itch.io,,2026-07-12
https://drscientist-08.itch.io,,2026-07-12
https://deadplaygames.itch.io,,2026-07-12
https://joerogames.itch.io,,2026-07-12
https://justak972.itch.io,,2026-07-12
https://stkremen.itch.io,,2026-07-12
https://sonicscreww.itch.io,,2026-07-12
https://sunflower-greenhouse.itch.io,,2026-07-12
https://d3mon109.itch.io,,2026-07-12
https://aguier.itch.io,,2026-07-12
https://opolyx.itch.io,,2026-07-12
https://static-mice.itch.io,,2026-07-12
https://yler99.itch.io,,2026-07-12
https://sean-flynn.itch.io,,2026-07-12
https://digitalopusadsolutions.itch.io,,2026-07-12
https://edward18.itch.io,,2026-07-12
https://playhem.itch.io,,2026-07-12
https://buikvetjeofficial.itch.io,,2026-07-12
https://dev-abominations.itch.io,,2026-07-12
https://spiderpuzzles.itch.io,,2026-07-12
https://uneven3.itch.io,,2026-07-12
https://tonigz.itch.io,,2026-07-12
https://midriasis.itch.io,,2026-07-12
https://tatlin66.itch.io,,2026-07-12
https://maraloudus.itch.io,,2026-07-12
https://viotish.itch.io,,2026-07-12
https://bhr3x.itch.io,,2026-07-12
https://hoookdev.itch.io,,2026-07-12
https://jesleaobr.itch.io,,2026-07-12
https://neonnonsensegame.itch.io,,2026-07-12
https://femboyfactory.itch.io,,2026-07-12
https://theewg.itch.io,,2026-07-12
https://rivant-studios.itch.io,,2026-07-12
https://ayzix.itch.io,,2026-07-12
https://textadventuregames.itch.io,,2026-07-12
https://zoxii.itch.io,,2026-07-12
https://jwryu206.itch.io,,2026-07-12
https://ohana-games-studio.itch.io,,2026-07-12
https://starwanderer7.itch.io,,2026-07-12
https://projectfatalism.itch.io,,2026-07-12
https://ldbjones.itch.io,,2026-07-12
https://yasanyo.itch.io,,2026-07-12
https://purplehanzyy.itch.io,,2026-07-12
https://ana123456789.itch.io,,2026-07-12
https://wayhomeblue.itch.io,,2026-07-12
https://dmore-12.itch.io,,2026-07-12
https://pranjali-arya.itch.io,,2026-07-12
https://minisceneplay.itch.io,,2026-07-12
https://hologram-heart.itch.io,,2026-07-12
https://clerkinteractive.itch.io,,2026-07-12
https://zoe-zhang.itch.io,,2026-07-12
https://santi-shxrp.itch.io,,2026-07-12
https://master-nikitos.itch.io,,2026-07-12
https://b0mb0.itch.io,,2026-07-12
https://garbageboutique.itch.io,,2026-07-12
https://nooseandnail.itch.io,,2026-07-12
https://johanalurtes.itch.io,,2026-07-12
https://f4ke17.itch.io,,2026-07-12
https://fishmoosev.itch.io,,2026-07-12
https://husainmamoojee.itch.io,,2026-07-12
https://nosequi.itch.io,,2026-07-12
https://guidefight.itch.io,,2026-07-12
https://incand-studio.itch.io,,2026-07-12
https://sayan007-sayansult.itch.io,,2026-07-12
https://leafcrab.itch.io,,2026-07-12
https://official-yanere.itch.io,,2026-07-12
https://ggirl-rottingg.itch.io,,2026-07-12
https://eryktap.itch.io,,2026-07-12
https://javiera-cerda-p.itch.io,,2026-07-12
https://kit-robotstudio.itch.io,,2026-07-12
https://astralnomad.itch.io,,2026-07-12
https://timothydmorrison.itch.io,,2026-07-12
https://fodoradam.itch.io,,2026-07-12
https://vik20blu.itch.io,,2026-07-12
https://leethab0.itch.io,,2026-07-12
https://noobriku.itch.io,,2026-07-12
https://dommodwuse.itch.io,,2026-07-12
https://zerox-12.itch.io,,2026-07-12
https://tenchoblogger.itch.io,,2026-07-12
https://nalabs.itch.io,,2026-07-12
https://meninoambulant.itch.io,,2026-07-12
https://salli3.itch.io,,2026-07-12
https://tone2691.itch.io,,2026-07-12
https://graemereid.itch.io,,2026-07-12
https://ykym.itch.io,,2026-07-12
https://gulicher.itch.io,,2026-07-12
https://sirouni.itch.io,,2026-07-12
https://heterotardigrade.itch.io,,2026-07-12
https://rayan-technologies.itch.io,,2026-07-12
https://gyozyro.itch.io,,2026-07-12
https://pnsland.itch.io,,2026-07-12
https://mar-phygital.itch.io,,2026-07-12
https://cor-creativum.itch.io,,2026-07-12
https://methanol12.itch.io,,2026-07-12
https://sibongileh.itch.io,,2026-07-12
https://yaya-codes15.itch.io,,2026-07-12
https://salmaelhosany.itch.io,,2026-07-12
https://wildtheory-wow.itch.io,,2026-07-12
https://jdhx50.itch.io,,2026-07-12
https://inde-production.itch.io,,2026-07-12
https://belre-yucho.itch.io,,2026-07-12
https://acepter.itch.io,,2026-07-12
https://stellarbyte.itch.io,,2026-07-12
https://beefsupremelatteking.itch.io,,2026-07-12
https://suman3dmaker.itch.io,,2026-07-12
https://bloxxerofficial.itch.io,,2026-07-12
https://goldwinxs.itch.io,,2026-07-12
https://reapertides.itch.io,,2026-07-12
https://maidsuit.itch.io,,2026-07-12
https://gehan-sb.itch.io,,2026-07-12
https://pauz.itch.io,,2026-07-12
https://michipichi123.itch.io,,2026-07-12
https://ledgerhardwallet.itch.io,,2026-07-12
https://yendal.itch.io,,2026-07-12
https://franklin122.itch.io,,2026-07-12
https://ledgrlivr.itch.io,,2026-07-12
https://rd-kits.itch.io,,2026-07-12
https://leadgr.itch.io,,2026-07-12
https://tshepo-lobeko.itch.io,,2026-07-12
https://perryas.itch.io,,2026-07-12
https://ldgrlive.itch.io,,2026-07-12
https://lostinrealityy.itch.io,,2026-07-12
https://loot-table-works.itch.io,,2026-07-12
https://nomnomn0m.itch.io,,2026-07-12
https://wuhoutoken.itch.io,,2026-07-12
https://bryosale2026.itch.io,,2026-07-12
https://ledgerlivedesktop.itch.io,,2026-07-12
https://aleksandar04.itch.io,,2026-07-12
https://ldgrlivedesktop.itch.io,,2026-07-12
https://steven60.itch.io,,2026-07-12
https://nxvercab.itch.io,,2026-07-12
https://lleadgerlive.itch.io,,2026-07-12
https://ogamed.itch.io,,2026-07-12
https://oyxel.itch.io,,2026-07-12
https://leadgerapp.itch.io,,2026-07-12
https://ditoness.itch.io,,2026-07-12
https://jamesmith.itch.io,,2026-07-12
https://sanai79.itch.io,,2026-07-12
https://leadgerliveapp.itch.io,,2026-07-12
https://ldgerliveapp.itch.io,,2026-07-12
https://ledgrlivedownload.itch.io,,2026-07-12
https://nasuialexandru2026.itch.io,,2026-07-12
https://t4verts.itch.io,,2026-07-12
https://blacktollgames.itch.io,,2026-07-12
https://smary972.itch.io,,2026-07-12
https://domperignon33.itch.io,,2026-07-12
https://ldgrlivedowload.itch.io,,2026-07-12
https://valenimi4.itch.io,,2026-07-12
https://lazyydev.itch.io,,2026-07-12
https://eaganoly.itch.io,,2026-07-12
https://mochiblobtown.itch.io,,2026-07-12
https://miguelmunt.itch.io,,2026-07-12
https://mcharsha55gmailcom.itch.io,,2026-07-12
https://flyson08.itch.io,,2026-07-12
https://random-ai-games.itch.io,,2026-07-12
https://ryan-su.itch.io,,2026-07-12
https://donut-vr.itch.io,,2026-07-12
https://s-gaming-production.itch.io,,2026-07-12
https://terrannavy.itch.io,,2026-07-12
https://aoius.itch.io,,2026-07-12
https://nicoplay532.itch.io,,2026-07-12
https://whitewayhan.itch.io,,2026-07-12
https://carlosfb.itch.io,,2026-07-12
https://quackstudiosdev.itch.io,,2026-07-12
https://drshrimppuertorico.itch.io,,2026-07-12
https://bug-bitten.itch.io,,2026-07-12
https://binukab.itch.io,,2026-07-12
https://s2134221-max.itch.io,,2026-07-12
https://chernobyldev.itch.io,,2026-07-12
https://aithne-simmers.itch.io,,2026-07-12
https://cracon-st.itch.io,,2026-07-12
https://dungeonmastron.itch.io,,2026-07-12
https://zoharby.itch.io,,2026-07-12
https://mirage126.itch.io,,2026-07-12
https://penakoo.itch.io,,2026-07-12
https://lokot667.itch.io,,2026-07-12
https://babyloong.itch.io,,2026-07-12
https://joy-toy.itch.io,,2026-07-12
https://tommetje.itch.io,,2026-07-12
https://gigiduck2011.itch.io,,2026-07-12
https://josiasdev.itch.io,,2026-07-12
https://pietimestudio.itch.io,,2026-07-12
https://golden-allayspawnegg.itch.io,,2026-07-12
https://lilahh-12.itch.io,,2026-07-12
https://frealish.itch.io,,2026-07-12
https://jennbunner231.itch.io,,2026-07-12
https://cheetosblud.itch.io,,2026-07-12
https://guaiaca.itch.io,,2026-07-12
https://s3raphel.itch.io,,2026-07-12
https://lucasthec.itch.io,,2026-07-12
https://miragesaloonzone.itch.io,,2026-07-12
https://estelecho.itch.io,,2026-07-12
https://fosfoester.itch.io,,2026-07-12
https://googly-eyes-interactive.itch.io,,2026-07-12
https://rociogrillo.itch.io,,2026-07-12
https://fizzywonkga.itch.io,,2026-07-12
https://ivar1234.itch.io,,2026-07-12
https://kneox.itch.io,,2026-07-12
https://adeien.itch.io,,2026-07-12
https://pampeliskaa.itch.io,,2026-07-12
https://anuby9901.itch.io,,2026-07-12
https://bokka-co.itch.io,,2026-07-12
https://runtimetcg.itch.io,,2026-07-12
https://mlpsoftware.itch.io,,2026-07-12
https://karim-hanzaz.itch.io,,2026-07-12
https://promanthegoat.itch.io,,2026-07-12
https://rexvirago.itch.io,,2026-07-12
https://bigbrostudios.itch.io,,2026-07-12
https://interplanetaire-ezo.itch.io,,2026-07-12
https://drcelsonolberto.itch.io,,2026-07-12
https://vistarama-studios.itch.io,,2026-07-12
https://hzonezero-project.itch.io,,2026-07-12
https://millenniumgaming.itch.io,,2026-07-12
https://dylannicola1205.itch.io,,2026-07-12
https://rtron1z.itch.io,,2026-07-12
https://boxandabird.itch.io,,2026-07-12
https://primevalmagus.itch.io,,2026-07-12
https://mayac13.itch.io,,2026-07-12
https://soloadriancito.itch.io,,2026-07-12
https://modopilotoon-bit.itch.io,,2026-07-12
https://clevermonkey.itch.io,,2026-07-12
https://ownware.itch.io,,2026-07-12
https://ckaxatm.itch.io,,2026-07-12
https://xn4szinex.itch.io,,2026-07-12
https://creepgames2.itch.io,,2026-07-12
https://backhans-games.itch.io,,2026-07-12
https://ratrider90.itch.io,,2026-07-12
https://ecchidominus.itch.io,,2026-07-12
https://tr7vr.itch.io,,2026-07-12
https://gtr364.itch.io,,2026-07-12
https://linkvr3773.itch.io,,2026-07-12
https://central-centered.itch.io,,2026-07-12
https://osezno.itch.io,,2026-07-12
https://mc-doodle.itch.io,,2026-07-12
https://bestwood-studios.itch.io,,2026-07-12
https://vazzav-studios.itch.io,,2026-07-12
https://viamoz.itch.io,,2026-07-12
https://super-dino.itch.io,,2026-07-12
https://gargantua1.itch.io,,2026-07-12
https://warbandgame.itch.io,,2026-07-12
https://forsaken-pixels.itch.io,,2026-07-12
https://o0myztery0o.itch.io,,2026-07-12
https://holkindesign.itch.io,,2026-07-12
https://mactoast.itch.io,,2026-07-12
https://juanito-come-milanesa3000.itch.io,,2026-07-12
https://majozi.itch.io,,2026-07-12
https://that-one-hobo.itch.io,,2026-07-12
https://luahhh000000.itch.io,,2026-07-12
https://tripod-dude-72.itch.io,,2026-07-12
https://miner-ron.itch.io,,2026-07-12
https://sunydud.itch.io,,2026-07-12
https://polysets.itch.io,,2026-07-12
https://nihixo.itch.io,,2026-07-12
https://max1muz.itch.io,,2026-07-12
https://inkmoon-dev.itch.io,,2026-07-12
https://datadeepgames.itch.io,,2026-07-12
https://zencliergamez.itch.io,,2026-07-12
https://riceking1.itch.io,,2026-07-12
https://i-landyn.itch.io,,2026-07-12
https://eun0428.itch.io,,2026-07-12
https://sidequestatbest.itch.io,,2026-07-12
https://cpndifinity.itch.io,,2026-07-12
https://prttysav4ge.itch.io,,2026-07-12
https://robertgom74.itch.io,,2026-07-12
https://takedaruma.itch.io,,2026-07-12
https://paudz1012.itch.io,,2026-07-12
https://server-desktopapp.itch.io,,2026-07-12
https://monsteroverkil.itch.io,,2026-07-12
https://katarsis-0.itch.io,,2026-07-12
https://ft19962006.itch.io,,2026-07-12
https://abisheksam23.itch.io,,2026-07-12
https://warpact.itch.io,,2026-07-12
https://haroonstudio.itch.io,,2026-07-12
https://henry1911.itch.io,,2026-07-12
https://bgata-works.itch.io,,2026-07-12
https://readmaster.itch.io,,2026-07-12
https://chiiuyo-game.itch.io,,2026-07-12
https://nekogatoco.itch.io,,2026-07-12
https://yujii-arts.itch.io,,2026-07-12
https://hoyiiyen.itch.io,,2026-07-12
https://raykitid.itch.io,,2026-07-12
https://l2n-game-studio.itch.io,,2026-07-12
https://zapps12.itch.io,,2026-07-12
https://ever3am.itch.io,,2026-07-12
https://firtam.itch.io,,2026-07-12
https://founding-sun.itch.io,,2026-07-12
https://kadekaru-shokai.itch.io,,2026-07-12
https://viachm.itch.io,,2026-07-12
https://candypegasus.itch.io,,2026-07-12
https://softwareground.itch.io,,2026-07-12
https://hydra0509.itch.io,,2026-07-12
https://owaizcreates.itch.io,,2026-07-12
https://sylvainguerry.itch.io,,2026-07-12
https://thorot.itch.io,,2026-07-12
https://skytu-game.itch.io,,2026-07-12
https://gdr-sys.itch.io,,2026-07-12
https://snugglestudio.itch.io,,2026-07-12
https://evocion.itch.io,,2026-07-12
https://nellabell.itch.io,,2026-07-12
https://neo-phukubye.itch.io,,2026-07-12
https://thatojovial.itch.io,,2026-07-12
https://deeporbitgames.itch.io,,2026-07-12
https://ditales-games.itch.io,,2026-07-12
https://rysen.itch.io,,2026-07-12
https://wolrund.itch.io,,2026-07-12
https://drmt.itch.io,,2026-07-12
https://sethholladay.itch.io,,2026-07-12
https://lozadaa.itch.io,,2026-07-12
https://platinumsuta.itch.io,,2026-07-12
https://nowwon.itch.io,,2026-07-12
https://terrorv1s10n.itch.io,,2026-07-12
https://kleongames.itch.io,,2026-07-12
https://vinylhorologium.itch.io,,2026-07-12
https://alexandriad.itch.io,,2026-07-12
https://bitbeans.itch.io,,2026-07-12
https://kaokimimura.itch.io,,2026-07-12
https://kiwidolls.itch.io,,2026-07-12
https://kustose.itch.io,,2026-07-12
https://bushhero.itch.io,,2026-07-12
https://tabbed11.itch.io,,2026-07-12
https://rodiey.itch.io,,2026-07-12
https://ultdude.itch.io,,2026-07-12
https://elidan-drakion.itch.io,,2026-07-12
https://arovtuber.itch.io,,2026-07-12
https://noart2.itch.io,,2026-07-12
https://gold-leaf-interactive.itch.io,,2026-07-12
https://vanillawawa.itch.io,,2026-07-12
https://etherealrots.itch.io,,2026-07-12
https://p1na3.itch.io,,2026-07-12
https://jonazdk.itch.io,,2026-07-12
https://miniaudio.itch.io,,2026-07-12
https://gibberish-gaming.itch.io,,2026-07-12
https://porcellain.itch.io,,2026-07-12
https://elqdev.itch.io,,2026-07-12
https://jkcool2009.itch.io,,2026-07-12
https://komodoko.itch.io,,2026-07-12
https://matawaristudio.itch.io,,2026-07-12
https://liv-sucks.itch.io,,2026-07-12
https://noirtales.itch.io,,2026-07-12
https://xiao-studio.itch.io,,2026-07-12
https://happy-smay.itch.io,,2026-07-12
https://sarimace.itch.io,,2026-07-12
https://robiin-dv.itch.io,,2026-07-12
https://tnk64.itch.io,,2026-07-12
https://strongpoint08.itch.io,,2026-07-12
https://breakershadow.itch.io,,2026-07-12
https://yuhosz.itch.io,,2026-07-12
https://p3zd1.itch.io,,2026-07-12
https://snakemax.itch.io,,2026-07-12
https://neurocar.itch.io,,2026-07-12
https://thegroundbird.itch.io,,2026-07-12
https://nabako.itch.io,,2026-07-12
https://crazypengion.itch.io,,2026-07-12
https://prjsj8guge.itch.io,,2026-07-12
https://luperci.itch.io,,2026-07-12
https://supuurstawr.itch.io,,2026-07-12
https://esgkubr.itch.io,,2026-07-12
https://ignusnocturnus.itch.io,,2026-07-12
