loc,lastmodified,added_date
https://candi-game.itch.io/merl-mobile/devlog/536901/candi,,2025-07-02
https://animachina-studios.itch.io/fnaof/devlog/570747/f-men,,2025-07-02
https://animachina-studios.itch.io/fnaof/devlog/570778/jtk-ikon-men-zene,,2025-07-02
https://teambrunomir.itch.io/jakes-paralysis/devlog/571752/jakes-paralysis-ch-i-open-beta-released,,2025-07-02
https://animachina-studios.itch.io/fnaof/devlog/571774/hang-effektet-bug-javtsok-belltsok-men-hozzadva,,2025-07-02
https://animachina-studios.itch.io/fnaof/devlog/572661/office,,2025-07-02
https://animachina-studios.itch.io/fnaof/devlog/572996/office-teljesen-elkszlt,,2025-07-02
https://animachina-studios.itch.io/fnaof/devlog/575290/kamera,,2025-07-02
https://animachina-studios.itch.io/fnaof/devlog/576057/korai-elzetes,,2025-07-02
https://animachina-studios.itch.io/fnaof/devlog/576671/extrk,,2025-07-02
https://animachina-studios.itch.io/fnaof/devlog/579344/jtsok,,2025-07-02
https://animachina-studios.itch.io/fnaof/devlog/584116/extrk-men,,2025-07-02
https://animachina-studios.itch.io/fnaof/devlog/584626/frisslt-oldal,,2025-07-02
https://animachina-studios.itch.io/fnaof/devlog/585424/vltoztatsok,,2025-07-02
https://animachina-studios.itch.io/fnaof/devlog/586366/frisstsek,,2025-07-02
https://candi-game.itch.io/frutas-ricas/devlog/611803/frutas-ricas,,2025-07-02
https://animachina-studios.itch.io/fnaof/devlog/617269/j-frisstsek-discord,,2025-07-02
https://animachina-studios.itch.io/fnaof/devlog/622072/j-frisstsek-youtube,,2025-07-02
https://animachina-studios.itch.io/fnaof/devlog/624356/vides-frissts,,2025-07-02
https://animachina-studios.itch.io/fnaof/devlog/627831/frisstsek-,,2025-07-02
https://animachina-studios.itch.io/fnaof/devlog/629901/extrm-teljestmny-optimizlsok,,2025-07-02
https://animachina-studios.itch.io/fnaof/devlog/635170/glitch-javtsok,,2025-07-02
https://animachina-studios.itch.io/fnaof/devlog/637275/jabb-frisstsek,,2025-07-02
https://animachina-studios.itch.io/fnaof/devlog/651042/jdonsgok,,2025-07-02
https://animachina-studios.itch.io/fnaof/devlog/655042/tesztel-verzi,,2025-07-02
https://animachina-studios.itch.io/fnaof/devlog/657014/egyb-javtsok,,2025-07-02
https://animachina-studios.itch.io/fnaof/devlog/665593/belltsok-men-elkezdve,,2025-07-02
https://animachina-studios.itch.io/fnaof/devlog/667101/jtsok,,2025-07-02
https://animachina-studios.itch.io/fnaof/devlog/667919/launcher-autmatikus-frisstssel,,2025-07-02
https://animachina-studios.itch.io/fnaof/devlog/669768/launcher,,2025-07-02
https://animachina-studios.itch.io/fnaof/devlog/670550/launcher-dizjn,,2025-07-02
https://animachina-studios.itch.io/fnaof/devlog/670648/launcher-elrhet,,2025-07-02
https://animachina-studios.itch.io/fnaof/devlog/674660/launcher-optimizls-jdonsgok,,2025-07-02
https://animachina-studios.itch.io/ppch3-magyar/devlog/677270/kisebb-javtsok-s-mdostsok,,2025-07-02
https://rizakigames.itch.io/the-rizaki-fortune-and-danger-demo-game-v02/devlog/678689/the-rizaki-fortune-and-danger-demo-game-v02,,2025-07-02
https://animachina-studios.itch.io/ppch3-magyar/devlog/678849/kisebb-javtsok,,2025-07-02
https://animachina-studios.itch.io/fnaof/devlog/684781/launcher-frissts,,2025-07-02
https://animachina-studios.itch.io/ppch3-magyar/devlog/687495/patch-2-hz-frisstett-magyarts,,2025-07-02
https://grinningrat.itch.io/adamiir/devlog/690204/the-shattered-isles-launch-february-update,,2025-07-02
https://animachina-studios.itch.io/ppch3-magyar/devlog/691287/segtt-keresnk,,2025-07-02
https://animachina-studios.itch.io/fnaof/devlog/691671/jtsok,,2025-07-02
https://animachina-studios.itch.io/fnaf-sb-ruin-hun/devlog/695452/v10,,2025-07-02
https://animachina-studios.itch.io/fnaof/devlog/697802/optimalizcik,,2025-07-02
https://animachina-studios.itch.io/hertz-horror-game/devlog/700018/patch-1,,2025-07-02
https://grinningrat.itch.io/adamiir/devlog/700941/the-shattered-isles-april-update,,2025-07-02
https://animachina-studios.itch.io/hertz-horror-game/devlog/700989/patch-2,,2025-07-02
https://candi-game.itch.io/parti-com-2/devlog/701912/happy-woman-month,,2025-07-02
https://animachina-studios.itch.io/hertz-horror-game/devlog/702007/patch-3,,2025-07-02
https://animachina-studios.itch.io/hertz-horror-game/devlog/702568/patch-4,,2025-07-02
https://animachina-studios.itch.io/hertz-horror-game/devlog/704318/patch-5,,2025-07-02
https://animachina-studios.itch.io/hertz-horror-game/devlog/705781/patch-6,,2025-07-02
https://animachina-studios.itch.io/hertz-horror-game/devlog/705837/patch-7,,2025-07-02
https://animachina-studios.itch.io/hertz-horror-game/devlog/707027/patch-8,,2025-07-02
https://animachina-studios.itch.io/hertz-horror-game/devlog/707757/patch-9,,2025-07-02
https://animachina-studios.itch.io/hertz-horror-game/devlog/708231/patch-10,,2025-07-02
https://animachina-studios.itch.io/hertz-horror-game/devlog/708330/patch-11,,2025-07-02
https://animachina-studios.itch.io/fnaof/devlog/710402/hiba-javtsok,,2025-07-02
https://animachina-studios.itch.io/hertz-horror-game/devlog/712236/patch-12,,2025-07-02
https://animachina-studios.itch.io/hertz-horror-game/devlog/716456/patch-13,,2025-07-02
https://animachina-studios.itch.io/hertz-horror-game/devlog/716940/patch-14,,2025-07-02
https://animachina-studios.itch.io/hertz-horror-game/devlog/720193/patch-15,,2025-07-02
https://rafael-dev-21.itch.io/skill-fantasy/devlog/720753/patch-v031,,2025-07-02
https://animachina-studios.itch.io/fnaof/devlog/721890/patch-1,,2025-07-02
https://animachina-studios.itch.io/hertz-horror-game/devlog/722205/patch-16,,2025-07-02
https://animachina-studios.itch.io/hertz-horror-game/devlog/723504/patch-17,,2025-07-02
https://animachina-studios.itch.io/vhs-ghost/devlog/727011/patch-1,,2025-07-02
https://animachina-studios.itch.io/vhs-ghost/devlog/727406/patch-2,,2025-07-02
https://backupdrizzyfizzle.itch.io/friday-night-funkin-green-screen/devlog/728197/a-lot-has-changed,,2025-07-02
https://literallytwo.itch.io/joe-simulaor/devlog/730913/im-really-skibidi,,2025-07-02
https://automationcat.itch.io/inner-no-tomorrow/devlog/733510/no-tomorrow-announcement,,2025-07-02
https://animachina-studios.itch.io/hertz-horror-game/devlog/733622/launcher,,2025-07-02
https://rizakigames.itch.io/cat-and-fish-v05/devlog/742803/cat-and-fish-v001,,2025-07-02
https://rizakigames.itch.io/cat-and-fish-v05/devlog/742819/cat-and-fish-v005,,2025-07-02
https://rizakigames.itch.io/cat-and-fish-v05/devlog/742831/cat-and-fish-v01,,2025-07-02
https://rizakigames.itch.io/cat-and-fish-v05/devlog/742850/cat-and-fish-v05,,2025-07-02
https://animachina-studios.itch.io/fnaof/devlog/759474/patch-1,,2025-07-02
https://cepsoft.itch.io/cowrun/devlog/759801/cow-run,,2025-07-02
https://grinningrat.itch.io/adamiir/devlog/767390/the-shattered-isles-midsummer-update,,2025-07-02
https://animachina-studios.itch.io/parrot-paradise/devlog/767808/10,,2025-07-02
https://animachina-studios.itch.io/parrot-paradise/devlog/768342/15,,2025-07-02
https://animachina-studios.itch.io/parrot-paradise/devlog/769321/patch-2,,2025-07-02
https://animachina-studios.itch.io/fnaof/devlog/769404/jdonsgok,,2025-07-02
https://animachina-studios.itch.io/parrot-paradise/devlog/773082/update-1,,2025-07-02
https://animachina-studios.itch.io/fnaof/devlog/775453/patch-3,,2025-07-02
https://ex-writer.itch.io/cherry-cough-syrup/devlog/775865/game-update-with-copious-newness,,2025-07-02
https://animachina-studios.itch.io/ppch3-magyar/devlog/778623/j-frissts,,2025-07-02
https://animachina-studios.itch.io/ppch3-magyar/devlog/778625/patch-1,,2025-07-02
https://animachina-studios.itch.io/ppch3-magyar/devlog/778631/javts,,2025-07-02
https://animachina-studios.itch.io/fnaof/devlog/781422/patch-4,,2025-07-02
https://animachina-studios.itch.io/fnaof/devlog/788308/update-1,,2025-07-02
https://animachina-studios.itch.io/fnaof/devlog/799129/update-1,,2025-07-02
https://try-froggery.itch.io/cr33p/devlog/800514/do-you-trust-strangers-limited-release-devlog,,2025-07-02
https://ex-writer.itch.io/cherry-cough-syrup/devlog/803146/new-levels-quality-of-life-improvements-and-more,,2025-07-02
https://grinningrat.itch.io/adamiir/devlog/814103/introducing-adamiir,,2025-07-02
https://rizakigames.itch.io/red-river/devlog/840202/fix-add,,2025-07-02
https://rizakigames.itch.io/racoon-hungry/devlog/841283/feature-changes,,2025-07-02
https://animachina-studios.itch.io/fnaof/devlog/849133/remastered,,2025-07-02
https://cepsoft.itch.io/barabizna/devlog/862407/introducing-barabizna,,2025-07-02
https://cepsoft.itch.io/barabizna/devlog/864493/update-021,,2025-07-02
https://cepsoft.itch.io/barabizna/devlog/865067/barabizna-trailer-is-out,,2025-07-02
https://cepsoft.itch.io/barabizna/devlog/866974/update-022,,2025-07-02
https://cepsoft.itch.io/barabizna/devlog/870735/big-update-031,,2025-07-02
https://sketchwright.itch.io/broken-glass/devlog/874122/first-build,,2025-07-02
https://sketchwright.itch.io/broken-glass/devlog/874523/sorry-xd,,2025-07-02
https://b1acto.itch.io/trackmania-nations-forever/devlog/875170/trackmania-nations-forever-available-on-itchio,,2025-07-02
https://b1acto.itch.io/king-arthurs-gold/devlog/875233/king-arthurs-gold-available-on-itchio,,2025-07-02
https://grinningrat.itch.io/adamiir/devlog/879028/monthly-update-january,,2025-07-02
https://animachina-studios.itch.io/poppy-playtime-chapter-4-magyar/devlog/886107/update-1,,2025-07-02
https://boxofforks.itch.io/caving/devlog/886421/first-devlog,,2025-07-02
https://animachina-studios.itch.io/ppch3-magyar/devlog/886716/updates,,2025-07-02
https://boxofforks.itch.io/caving/devlog/886852/006a-tweaks-and-fixes,,2025-07-02
https://necomaru.itch.io/ositeiinocore/devlog/887152/post,,2025-07-02
https://animachina-studios.itch.io/poppy-playtime-magyar/devlog/890709/kezet-javts,,2025-07-02
https://boxofforks.itch.io/caving/devlog/891264/006b-bugfixes-and-dialogue,,2025-07-02
https://grinningrat.itch.io/adamiir/devlog/891949/monthly-update-february,,2025-07-02
https://boxofforks.itch.io/caving/devlog/892148/007-four-floor-four,,2025-07-02
https://b1acto.itch.io/king-arthurs-gold/devlog/893071/jackal-a-new-game-by-the-creator-of-kag,,2025-07-02
https://animachina-studios.itch.io/poppy-playtime-magyar/devlog/894354/ultimate-magyarts-frissts,,2025-07-02
https://geonjaha.itch.io/pilgrims-peril/devlog/896274/limited-physical-release-sold-out,,2025-07-02
https://animachina-studios.itch.io/poppy-playtime-magyar/devlog/897027/pszter-javts,,2025-07-02
https://animachina-studios.itch.io/poppy-playtime-magyar/devlog/902185/kisebb-patch,,2025-07-02
https://animachina-studios.itch.io/poppy-playtime-chapter-4-magyar/devlog/902809/patch-1,,2025-07-02
https://animachina-studios.itch.io/poppy-playtime-chapter-4-magyar/devlog/906591/kisebb-patch,,2025-07-02
https://bookscraft.itch.io/shadows-warrriors/devlog/906656/first-version-of-the-game,,2025-07-02
https://bookscraft.itch.io/shadows-warrriors/devlog/907137/update-pack-03-2025,,2025-07-02
https://animachina-studios.itch.io/poppy-playtime-magyar/devlog/910352/szinkron,,2025-07-02
https://animachina-studios.itch.io/poppy-playtime-magyar/devlog/910800/audio-javts,,2025-07-02
https://animachina-studios.itch.io/poppy-playtime-magyar/devlog/912234/fix-1,,2025-07-02
https://animachina-studios.itch.io/poppy-playtime-magyar/devlog/915216/fix-2,,2025-07-02
https://animachina-studios.itch.io/poppy-playtime-magyar/devlog/917518/fix-3,,2025-07-02
https://animachina-studios.itch.io/poppy-playtime-magyar/devlog/917543/fix-4,,2025-07-02
https://animachina-studios.itch.io/poppy-playtime-magyar/devlog/918178/fix-5,,2025-07-02
https://animachina-studios.itch.io/poppy-playtime-magyar/devlog/927057/final-update,,2025-07-02
https://boxofforks.itch.io/caving/devlog/929045/dusting-off,,2025-07-02
https://clone-creations.itch.io/overload/devlog/940152/overload-early-access-out-now,,2025-07-02
https://clone-creations.itch.io/overload/devlog/940699/weapon-system-rework,,2025-07-02
https://clone-creations.itch.io/overload/devlog/941341/new-files,,2025-07-02
https://vexbanearamori.itch.io/ardronuniverse/devlog/945108/pre-alpha-version-001,,2025-07-02
https://vexbanearamori.itch.io/ardronuniverse/devlog/947986/tac-pre-alpha-002,,2025-07-02
https://vexbanearamori.itch.io/ardronuniverse/devlog/948603/tac-discordbypass,,2025-07-02
https://vexbanearamori.itch.io/ardronuniverse/devlog/948616/smol-tac-update-discord-bypass,,2025-07-02
https://idkyet312.itch.io/sync-arena/devlog/950136/update-030,,2025-07-02
https://idkyet312.itch.io/sync-arena/devlog/950783/update-032,,2025-07-02
https://devine-studios.itch.io/retro-galactic-fighter-pack/devlog/951601/from-pixels-to-power-launching-a-2-space-asset-pack-built-for-game-dev-glory,,2025-07-02
https://thepaw.itch.io/scarabattle/devlog/952322/original-release,,2025-07-02
https://thepaw.itch.io/scarabattle/devlog/952433/quick-fix-1,,2025-07-02
https://thepaw.itch.io/scarabattle/devlog/953379/quick-fix-2,,2025-07-02
https://biversen.itch.io/escapefromspikes/devlog/953536/update-v-023,,2025-07-02
https://thepaw.itch.io/scarabattle/devlog/955264/quick-fix-3,,2025-07-02
https://grinningrat.itch.io/adamiir/devlog/956334/monthly-update-march-may,,2025-07-02
https://mr-spoon-dev.itch.io/home/devlog/960785/devlog-03-back-to-development,,2025-07-02
https://crownedpixel.itch.io/project-rainfall/devlog/961793/project-rainfall-a-retrospective,,2025-07-02
https://infball.itch.io/bird-head/devlog/965472/v101-small-bug-fixes,,2025-07-02
https://jjampion.itch.io/pp/devlog/969026/update-075,,2025-07-02
https://pmcdc.itch.io/legion-saga-remastered/devlog/969173/version-110,,2025-07-02
https://jose-machete.itch.io/z-angband-06me/devlog/969245/last-version-06d-me,,2025-07-02
https://clone-creations.itch.io/overload/devlog/970132/optimization-update,,2025-07-02
https://gameomatric.itch.io/boatsio/devlog/970997/alpha-5,,2025-07-02
https://r-px.itch.io/disaster-replay-remake-beta/devlog/971255/-disaster-replay-devlog-update,,2025-07-02
https://romeoromiros.itch.io/another-world-lost-in-heart/devlog/971308/beta-aw-018,,2025-07-02
https://itch.io/blog/971347/vanquisher-devlog-week-03-props,,2025-07-02
https://airadev.itch.io/reverine/devlog/971409/new-project-last-bloom-reverine,,2025-07-02
https://tx-limited.itch.io/fracturebreak/devlog/971506/fracture-break-update-v04,,2025-07-02
https://otovn.itch.io/topperformanceclassroom/devlog/972752/top-performance-classroom-004p1-is-ready,,2025-07-02
https://maxnoscope101.itch.io/epic-skeeball/devlog/973803/version-110-balancing-and-in-game-instructions,,2025-07-02
https://tundra-interactive.itch.io/void-war/devlog/973812/content-update-16-profane-ecstasy,,2025-07-02
https://rivatech-games.itch.io/retime/devlog/974348/20-remake-fabric-of-reality,,2025-07-02
https://endysis.itch.io/winterknight/devlog/974439/new-demo-released,,2025-07-02
https://ashleymorgangames.itch.io/critical-error/devlog/974473/update-cost,,2025-07-02
https://smolblockboi.itch.io/fricking-simulator/devlog/974692/traits-introduced,,2025-07-02
https://sleuthsaga.itch.io/under-starless-skies/devlog/975062/sleuth-saga-under-starless-skies-demo-version-2-the-debate-update,,2025-07-02
https://christosv.itch.io/hotelwreck/devlog/975312/hotelwreck,,2025-07-02
https://smolblockboi.itch.io/fricking-simulator/devlog/975345/preferences-introduced,,2025-07-02
https://vonwippy.itch.io/fniagn/devlog/975483/fnia-glamour-nights-2,,2025-07-02
https://echojp.itch.io/echo-jp/devlog/975491/echo-jp-v01-,,2025-07-02
https://cepsoft.itch.io/barabizna/devlog/975689/barabizna-major-update-v04,,2025-07-02
https://mariobirdcreate.itch.io/mariobird12/devlog/975754/smb12,,2025-07-02
https://mire-studios.itch.io/cardscrawl-demo/devlog/975904/rc-1-update-gameplay-visual-and-bug-fixes,,2025-07-02
https://joedigital.itch.io/akasha/devlog/976174/akasha-2-days-till-launch,,2025-07-02
https://ucsc-wildfire-games.itch.io/wildfire-minigames-collection/devlog/976227/building-empathy-through-storytelling-and-role-play,,2025-07-02
https://crygzd.itch.io/zdro/devlog/976229/prima-versiune-beta-zuma-deluxe-n-limba-romn,,2025-07-02
https://orlando-inlove.itch.io/nivanfield-vn/devlog/976332/nivanfield-vn-12-version-out-now-dev-notes,,2025-07-02
https://atelier57.itch.io/dixit-dominus/devlog/976352/prelude-v0102,,2025-07-02
https://pokedev66.itch.io/pokemon-super-smash-bros/devlog/976387/launched,,2025-07-02
https://elciclo.itch.io/high-school-days/devlog/976484/development-update,,2025-07-02
https://grumb000.itch.io/forgetful-franny/devlog/976503/forgetful-franny-release,,2025-07-02
https://mosayic.itch.io/bits-of-prime/devlog/976542/community-design-in-game-development,,2025-07-02
https://o-i-games.itch.io/dark-temptations/devlog/976584/june-2025-release,,2025-07-02
https://snowbat.itch.io/krisper-the-impostor/devlog/976689/v1036,,2025-07-02
https://furlasziv.itch.io/undress-nfck-me/devlog/976719/undress-nfck-me-20,,2025-07-02
https://torquemind.itch.io/car-simulator/devlog/976760/early-autopilot-system-added-coming-in-july-update,,2025-07-02
https://studio-echydna.itch.io/isekai-parlor-simulator/devlog/976773/1111-free-1130-exclusive-version-w6-part-2,,2025-07-02
https://ranitaya-studios.itch.io/ranitayas-massive-dungeon-pack/devlog/976800/daily-update-35-animated-sewers,,2025-07-02
https://kirishimashoichi.itch.io/stretch-en/devlog/976808/is-this-a-sports-game-and-other-questions,,2025-07-02
https://kirishimashoichi.itch.io/stretch-en/devlog/976810/a-visual-novel-with-zero-romance,,2025-07-02
https://gvesster.itch.io/free-icon-pack/devlog/976821/july-2025-update-in-fip-v30,,2025-07-02
https://astronix-hq.itch.io/spicy-peppe-ignite-tournament/devlog/976830/spicy-peppe-ignite-tournament-ver20-is-out-now,,2025-07-02
https://cuatro-gatos-studio.itch.io/rgbgame/devlog/976841/rgb-game-v-091,,2025-07-02
https://mardev1.itch.io/onlyblock/devlog/976842/update,,2025-07-02
https://sarlow.itch.io/wallshmallow/devlog/976843/little-bug-fix,,2025-07-02
https://lichtel.itch.io/oni-is-home/devlog/976844/release-of-oni-is-home,,2025-07-02
https://lowkeydeveloper.itch.io/this-way-demo/devlog/976846/initial-release,,2025-07-02
https://moonlustgames.itch.io/underheavenorhell/devlog/976847/dev-log-1-demo-is-out,,2025-07-02
https://antonbaldi.itch.io/kitiks-basics-remastered/devlog/976848/the-full-11-is-finally-out,,2025-07-02
https://itch.io/blog/976849/rgb-game-updated,,2025-07-02
https://itch.io/blog/976850/construction-simulator,,2025-07-02
https://jonasmerlin.itch.io/robot-bee-beekeeper/devlog/976851/initial-release,,2025-07-02
https://dweomer.itch.io/blade-of-the-abyss/devlog/976852/prototype-update-1-why-i-made-the-game-and-whats-next,,2025-07-02
https://andrealphus.itch.io/my-demonic-romance/devlog/976853/my-demonic-romance-0195-sharing-is-caring,,2025-07-02
https://whatdoinamemyself.itch.io/maid-to-be-yours/devlog/976856/warnings-contains-spoilers,,2025-07-02
https://z794.itch.io/sorority-nights/devlog/976857/july-2025-release,,2025-07-02
https://huey.itch.io/hyper-sentinel-fusion/devlog/976858/demo-live-hyper-sentinel-fusion,,2025-07-02
https://ussdev.itch.io/ultimate-sissy-simulator/devlog/976859/ultimate-sissy-simulator-v140-alpha3,,2025-07-02
https://itch.io/blog/976860/this-game-was-made-using-the-tanks-unity-3d-game-tutorial,,2025-07-02
https://itch.io/blog/976861/june-devlog,,2025-07-02
https://mehmetc04.itch.io/fast-foot/devlog/976862/amazing-desserts,,2025-07-02
https://helloliq.itch.io/sacredtale/devlog/976863/sacred-tale-v01-released,,2025-07-02
https://lowkeydeveloper.itch.io/this-way-demo/devlog/976864/fixed-download,,2025-07-02
https://stellar-jockeys.itch.io/brigadorkillers/devlog/976865/beauty-renders-in-the-inventory-screen,,2025-07-02
https://flowersforjoy.itch.io/rectifier-in-bloom/devlog/976866/june-devlog,,2025-07-02
https://itch.io/blog/976867/the-precinct,,2025-07-02
https://argue-with-sheep.itch.io/coin-devotee/devlog/976868/330-new-items,,2025-07-02
https://itch.io/blog/976869/backpack-battles,,2025-07-02
https://petrarch.itch.io/waiter-theres-a-fly/devlog/976870/game-released,,2025-07-02
https://gd-den.itch.io/the-airplane/devlog/976871/-7,,2025-07-02
https://honeybunny-of.itch.io/sublove-hea/devlog/976872/the-jam-is-over-the-demo-is-out-and-our-plans-are-just-getting-start,,2025-07-02
https://fartgames.itch.io/farts-gorilla-horror/devlog/976873/farts-gorilla-horror-v6,,2025-07-02
https://badmustard.itch.io/almost-dead/devlog/976874/chapter-18-update-8-almost-dead,,2025-07-02
https://osadam.itch.io/pixelart-character-assets-from-osadam/devlog/976875/demo-addedtrust-is-important,,2025-07-02
https://marionettecz.itch.io/balladrion/devlog/976876/version-00174,,2025-07-02
https://tinerasoft.itch.io/metal-garden/devlog/976877/animations-and-audio-rework-update,,2025-07-02
https://somniladon.itch.io/fish-face/devlog/976878/fish-face-popularity-poll,,2025-07-02
https://slipthetrap.itch.io/storygrind/devlog/976879/storygrind-version-3,,2025-07-02
https://8bitslasher.itch.io/ahu/devlog/976880/kane-hodder-jason-voorhees-himself-with-all-hell-unleashed,,2025-07-02
https://itch.io/blog/976881/brave-of-souls,,2025-07-02
https://nymphvalley.itch.io/my-sinful-sisters-breeding-village/devlog/976883/breeding-village-12,,2025-07-02
https://fastjellostudio.itch.io/fast/devlog/976884/demo-010,,2025-07-02
https://filipw8.itch.io/magnet-runner/devlog/976885/version-452-out-now,,2025-07-02
https://nimok.itch.io/la-venganza-de-macha/devlog/976886/update-101,,2025-07-02
https://soundfontguy.itch.io/guyengine/devlog/976887/guyengine-v2-110,,2025-07-02
https://itch.io/blog/976888/shawley-zoo-of-wonders-for-nintendo-switch,,2025-07-02
https://erickofc.itch.io/bb-baldis-basics-plus-em-portugus-versao-5/devlog/976889/ok-eu-estou-ciente-sobre-a-atualizao,,2025-07-02
https://nico5209.itch.io/utopia-ttrpg/devlog/976890/wonderland-a-utopia-supplement,,2025-07-02
https://scarcticcg.itch.io/barbarian-basement/devlog/976891/0201-equipment-and-graphix,,2025-07-02
https://emiltion205-thecssplayer.itch.io/talking-broni/devlog/976893/talking-broni-reseal,,2025-07-02
https://yuufaux.itch.io/milky-harvest/devlog/976894/v030-new-update,,2025-07-02
https://lollipopsissy.itch.io/sissy-tales-chapter-nine/devlog/976895/sissy-tales-chapter-nine,,2025-07-02
https://crazyhoundgamedesign.itch.io/gopiano-web/devlog/976896/gopiano-minor-update-30062025,,2025-07-02
https://itch.io/blog/976897/cardfight-vanguard-dear-days-2,,2025-07-02
https://eshumphries.itch.io/turbo-typer/devlog/976898/new-turbo-typer,,2025-07-02
https://andrealphus.itch.io/love-sex-second-base/devlog/976899/lssb-2506-june-update,,2025-07-02
https://ayyyspoon.itch.io/ronin-retribution/devlog/976900/post-gwj82-changes,,2025-07-02
https://curious-bird.itch.io/cho-le/devlog/976901/cho-le-11,,2025-07-02
https://itch.io/blog/976902/hello,,2025-07-02
https://temel61.itch.io/metin2-mobile/devlog/976903/metin2-mobile,,2025-07-02
https://ludonauta.itch.io/godot-adventure-essentials/devlog/976905/quest-system-update-new-chapter-released,,2025-07-02
https://alisindra.itch.io/arena-of-lust/devlog/976906/arena-of-lust-ver-011a-public-release-android-version-for-patreon,,2025-07-02
https://bennyco.itch.io/life-with-rukia/devlog/976907/launch-day-life-with-rukia-is-live-010,,2025-07-02
https://azufx.itch.io/undergrowth/devlog/976908/version-21-is-now-available,,2025-07-02
https://vistonwafi.itch.io/project-haydee/devlog/976909/release-build-2-is-here,,2025-07-02
https://linuz.itch.io/eldritchinstinct/devlog/976910/release-day,,2025-07-02
https://maxfusiongame.itch.io/patchworld/devlog/976911/patchworld-definitive-edition,,2025-07-02
https://monitrstudios.itch.io/pulp-action-shotgun-arena/devlog/976912/pulp-action-shotgun-arena-update,,2025-07-02
https://nightmareweaverz.itch.io/duality/devlog/976913/date-5-is-out,,2025-07-02
https://rivatech-games.itch.io/retime/devlog/976914/genesis,,2025-07-02
https://chadius.itch.io/fell-desert/devlog/976915/version-00044-dialogue-text-formatting,,2025-07-02
https://itch.io/blog/976916/slendrtubbies-cod-2,,2025-07-02
https://gabriel-jouet.itch.io/laser-run/devlog/976917/15-hotfix-update,,2025-07-02
https://itch.io/blog/976918/still-here,,2025-07-02
https://timo-uudev.itch.io/unending-universe/devlog/976919/unending-universe-7,,2025-07-02
https://average-alien.itch.io/hex-troops/devlog/976920/published-the-game,,2025-07-02
https://kipachu.itch.io/acedia/devlog/976921/acedia-is-out-now,,2025-07-02
https://itch.io/blog/976922/plane-game,,2025-07-02
https://itch.io/blog/976923/car-dealer-simulator,,2025-07-02
https://glitchcreator.itch.io/assettidy/devlog/976924/assettidy-v10-released-a-fast-game-jam-asset-organizer,,2025-07-02
https://elliesmithgames.itch.io/dream-farm/devlog/976925/smol-update-1,,2025-07-02
https://repulse-games.itch.io/love-in-an-enchanted-realm/devlog/976926/love-in-an-enchanted-realm-new-outfits-new-creatures-new-surprises,,2025-07-02
https://itch.io/blog/976927/more-slendrtubbies-cod-question-mark,,2025-07-02
https://gbrogames.itch.io/first-person-battle-plugin-rpg-maker-mz/devlog/976928/first-person-pov-battle-v13,,2025-07-02
https://littleglass.itch.io/cinderellas-glass-collar/devlog/976929/spoiler-warning-new-character-preview-zach,,2025-07-02
https://mr-beaver1.itch.io/eldarios-pig-farm-simulator/devlog/976930/epfs-demo-121-changelog,,2025-07-02
https://weirdfellows.itch.io/wizard-school-dropout/devlog/976931/progress-update-for-preview-6,,2025-07-02
https://nikode.itch.io/rogue-candy-demo-prototype/devlog/976933/v034,,2025-07-02
https://bnin.itch.io/evol/devlog/976934/quick-fix,,2025-07-02
https://kaan-dev.itch.io/archer/devlog/976935/archer-full-version-is-out-big-upgrades-since-the-demo,,2025-07-02
https://pareal-games.itch.io/evolution/devlog/976937/about-evolution,,2025-07-02
https://totkl.itch.io/car-dodge/devlog/976938/car-racing,,2025-07-02
https://zepphy.itch.io/pokitaire/devlog/976939/game-now-has-skins,,2025-07-02
https://magexy07.itch.io/five-nights-in-bootcamp-2-alpha/devlog/976940/alpha-v013,,2025-07-02
https://zuppuzuu.itch.io/from-crescent-till-gibbous/devlog/976941/otome-jam-2025-update,,2025-07-02
https://itch.io/blog/976943/commandos-origins-free-download-build-18969398,,2025-07-02
https://itch.io/blog/976944/grizzly-man,,2025-07-02
https://rosenkvarts.itch.io/the-shame-of-a-daydreamer/devlog/976945/updated-the-demo,,2025-07-02
https://zammu.itch.io/intertwined/devlog/976946/thanks-for-the-support,,2025-07-02
https://itch.io/blog/976947/grizzly-man,,2025-07-02
https://joyjoi-games.itch.io/kravat-demo/devlog/976949/new-version-of-the-demo,,2025-07-02
https://itch.io/blog/976950/new-background-bundle,,2025-07-02
https://orion-co.itch.io/field-guide-to-arpeggio/devlog/976951/version-106-player-facing-lcp-file,,2025-07-02
https://syoudre.itch.io/bha6-dealing-with-doppel-characters/devlog/976952/artificial-cataclysm-of-weapons-update,,2025-07-02
https://lezliz.itch.io/catgirly-romantic-parody-gayme/devlog/976953/steady-progress-on-the-2nd-chapter,,2025-07-02
https://happy-frog-games.itch.io/flashover-megasector/devlog/976954/updated-game-page-a-bit-and-the-games-future,,2025-07-02
https://gemtun1.itch.io/swine-game/devlog/976955/pre-release-18,,2025-07-02
https://itch.io/blog/976956/forged-by-fire-the-scroll-of-remembrance,,2025-07-02
https://yeehaw-games.itch.io/mongirl-conquest/devlog/976957/weekly-report-for-mongirl-conquest-v055,,2025-07-02
https://caper-games.itch.io/seras-playground/devlog/976958/seras-playground,,2025-07-02
https://danielbrendel.itch.io/krepagotchi-virtual-pet/devlog/976959/krepagotchi-your-own-creeper-pet-,,2025-07-02
https://lanos212.itch.io/medium-rare-cow/devlog/976960/v110-update,,2025-07-02
https://michaelwolf88.itch.io/tournament-maker/devlog/976962/side-quest,,2025-07-02
https://backterria.itch.io/the-roguelike/devlog/976963/v1155-cyberpunk-props,,2025-07-02
https://laziewriter.itch.io/nightsea-outlaw-volume-01-goldfist/devlog/976964/update,,2025-07-02
https://emolicodes.itch.io/vn-game/devlog/976965/game-on-itchio-for-the-first-time,,2025-07-02
https://emilliothewolf34.itch.io/the-ultimate-kooky-pack-the-complete-collection-vol1/devlog/976966/the-full-release-for-pride-month,,2025-07-02
https://laziewriter.itch.io/nightsea-outlaw-volume-03-thief-in-the-nightmare/devlog/976968/minor-update,,2025-07-02
https://itch.io/blog/976969/day-1-starting-my-game-dev-journey,,2025-07-02
https://mirage-maps.itch.io/bravura/devlog/976971/workshops-and-masterclass,,2025-07-02
https://rexhax-games.itch.io/rexs-productive-offices/devlog/976973/15-release-date,,2025-07-02
https://miguelillo223.itch.io/elemental-adventure/devlog/976974/fixed-network-bugs,,2025-07-02
https://laziewriter.itch.io/nightsea-outlaw-volume-08-dark-descent/devlog/976975/minor-update,,2025-07-02
https://ludenio.itch.io/8morelives/devlog/976976/8-more-lives-first-demo,,2025-07-02
https://gravelblock.itch.io/voidhook/devlog/976977/update-3,,2025-07-02
https://cosunosuke.itch.io/homefinder/devlog/976978/homefinder-devlog-1-project-announcement,,2025-07-02
https://jesterofdestiny.itch.io/serious-sam-the-sequel-public-beta/devlog/976979/update-34,,2025-07-02
https://puleo.itch.io/pentomancy/devlog/976981/post-launch-plans,,2025-07-02
https://jose-machete.itch.io/z-angband-06me/devlog/976983/current-version-06e-me,,2025-07-02
https://vellota.itch.io/two-version-demo-th/devlog/976984/freddy-question-demo,,2025-07-02
https://hazeerror.itch.io/liminalheaven/devlog/976985/release-date-update,,2025-07-02
https://rottencone83.itch.io/unity-dev-quickstart-mini-pack-by-rottencone83-studios/devlog/976986/-unity-dev-quickstart-mini-pack-free-system-scripts-blueprint-preview,,2025-07-02
https://flexiblemedia.itch.io/sinners-landing/devlog/976987/foxy-mysteries-update,,2025-07-02
https://layne299.itch.io/three/devlog/976988/game-devlog,,2025-07-02
https://rottencone83.itch.io/c-snippet-utility-pack-unity-dev-edition/devlog/976989/-c-snippet-utility-pack-unity-ready-c-scripts-for-real-game-systems,,2025-07-02
https://prikarin.itch.io/killer-trait/devlog/976990/something-important-about-a-personal-boundary-of-mine,,2025-07-02
https://alfacinha.itch.io/tune-pilot/devlog/976991/update-103,,2025-07-02
https://rottencone83.itch.io/25-modular-c-templates-for-real-game-systems/devlog/976992/-script-skeleton-pack-25-modular-unity-templates-for-real-systems,,2025-07-02
https://dawn-chorus.itch.io/dawn-chorus/devlog/976993/klaus-fix,,2025-07-02
https://rottencone83.itch.io/unity-dev-blueprint-pack/devlog/976994/-unity-dev-blueprint-pack-system-categories-structure-planning-layout,,2025-07-02
https://joshtheg.itch.io/oldgtag/devlog/976995/reports-work-kinda,,2025-07-02
https://themokujin.itch.io/final-notice/devlog/976996/the-big-bounties-update-v040,,2025-07-02
https://danielredisoft.itch.io/project-greenfun/devlog/976997/-102,,2025-07-02
https://victorseven.itch.io/wca/devlog/976998/july-2025-calendar-with-birthdays-4k-render,,2025-07-02
https://itch.io/blog/977000/ale-and-tale-tavern,,2025-07-02
https://dupets.itch.io/dupets/devlog/977001/aggiornamento-n-10,,2025-07-02
https://adiyen.itch.io/tap-till-they-die/devlog/977002/tap-till-they-die-now-on-itchio,,2025-07-02
https://alexandershen.itch.io/sadies-cookies/devlog/977003/physical-version-now-available,,2025-07-02
https://tsoewoe.itch.io/stalagmite/devlog/977004/prototype-09-patch-2,,2025-07-02
https://kyle-d.itch.io/free-isometric-tile-pack/devlog/977005/feedback,,2025-07-02
https://emika-games.itch.io/find-yourself/devlog/977006/fixed-the-menu-v119,,2025-07-02
https://saxonarts.itch.io/run-goblin-girl-run/devlog/977007/v-173,,2025-07-02
https://saxonarts.itch.io/run-goblin-girl-run/devlog/977008/v-173,,2025-07-02
https://saxonarts.itch.io/run-goblin-girl-run/devlog/977009/v-173,,2025-07-02
https://meiri.itch.io/metahorror-therapy-session/devlog/977010/mobile-version-now-available,,2025-07-02
https://luxurygames.itch.io/oniria-the-dream-succubus/devlog/977011/update-1-for-oniria-the-dream-succubus,,2025-07-02
https://milkplus.itch.io/soundless/devlog/977012/soundless-official-material-book-beautiful-notes-and-notes-of-duplicitous-god-now-available,,2025-07-02
https://mr-georgie.itch.io/against-yourself/devlog/977013/monthly-update-actualizacin-mensual,,2025-07-02
https://thecancelingames.itch.io/cancelin-basement/devlog/977014/new-expansion-this-saturday-july-5th,,2025-07-02
https://zombienoxx.itch.io/the-11th-circle/devlog/977015/new-ancestry-aevenir,,2025-07-02
https://artvan.itch.io/euclydia/devlog/977016/plot-creating-devblog-1,,2025-07-02
https://addinsachen.itch.io/pixeledge-city/devlog/977017/pixeledge-city-update-3-ads-ads-and-more-ads-v-1,,2025-07-02
https://klooonal.itch.io/justice-punch/devlog/977018/controller-support,,2025-07-02
https://ayup-games.itch.io/haunting-havens/devlog/977020/swappable-h-scenes-function-4-swappable-scenes-added-more-coming-soon,,2025-07-02
https://mdqp.itch.io/caliross/devlog/977021/insolent-insects,,2025-07-02
https://bynary-fission.itch.io/tower-of-the-immortals/devlog/977022/v030-update-revamped-feat-system-many-new-racial-feats-adjusted-feat-progression,,2025-07-02
https://bullett-kin.itch.io/pokerdevil/devlog/977023/puzzle-fall-worlds-out-now,,2025-07-02
https://itch.io/blog/977024/upcoming-build-in-august,,2025-07-02
https://necrashter.itch.io/frogue/devlog/977025/data-visualization-of-all-weapons-in-frogue,,2025-07-02
https://theeric132.itch.io/finding-alice-margaroid-ii/devlog/977027/released-the-versionii-version-of-finding-alice-margatroid-ii,,2025-07-02
https://spinzy5000.itch.io/mutt-mayhem/devlog/977028/mutt-mayhem-beta-phase,,2025-07-02
https://kagurakuro.itch.io/dark-magician-kagura/devlog/977029/patreon-early-access-ver-022-hotfix-3-release,,2025-07-02
https://itch.io/blog/977031/public-update-frequency-poll-available-on-patreon-free,,2025-07-02
https://gemtun1.itch.io/swine-game/devlog/977032/release,,2025-07-02
https://mms-gaming-co.itch.io/zombcube/devlog/977033/zombcube-v0900,,2025-07-02
https://farvardin.itch.io/l-inconnue-du-douro/devlog/977034/gense-de-linconnue-du-douro,,2025-07-02
https://propants37.itch.io/mustard/devlog/977035/cool-update,,2025-07-02
https://pixelpun.itch.io/betweentwoworldsfamilyday/devlog/977036/vrbridge-redundant-wake-loop-0x3t,,2025-07-02
https://aldenwar.itch.io/ivion-online-client/devlog/977037/update-126,,2025-07-02
https://lichenworks.itch.io/you-goose-you-lose-2/devlog/977038/ygyl-2-june-update,,2025-07-02
https://cerol.itch.io/pokemon-walk/devlog/977039/pokemon-walk-v11-released,,2025-07-02
https://digital-workshop22.itch.io/dress-me-maria/devlog/977040/update-11,,2025-07-02
https://shadowportal.itch.io/slutcraft/devlog/977042/-devlog-8,,2025-07-02
https://ionnis-vn.itch.io/clutch-time/devlog/977043/progress-report-3,,2025-07-02
https://renons.itch.io/abysm/devlog/977045/grid-based-physics-woes-and-fixes,,2025-07-02
https://profdegenerate.itch.io/twinewood/devlog/977046/update-30-out-now,,2025-07-02
https://itch.io/blog/977047/day-12-of-drawing-something-everyday-until-i-lose-my-sanity-and-i-am-tired-as-fuc-,,2025-07-02
https://chatofor.itch.io/spy/devlog/977048/devlog-4,,2025-07-02
https://vladstoj.itch.io/datura-time/devlog/977049/50-summer-sale,,2025-07-02
https://itch.io/blog/977050/progress-update-meat-pies-rumination-vore-unbirth,,2025-07-02
https://mr-spoon-dev.itch.io/home/devlog/977051/devlog-04-demo-is-almost-ready,,2025-07-02
https://teebowah-games.itch.io/the-third-shift/devlog/977052/releasing-this-fall,,2025-07-02
https://betweenthescanlines.itch.io/issueone/devlog/977053/issue-thirty-three-out-now,,2025-07-02
https://bodew87.itch.io/sploinkersupdate/devlog/977054/sploinkers,,2025-07-02
https://troypress.itch.io/planet-of-the-week-gms-guide/devlog/977055/three-new-planets-to-explore,,2025-07-02
https://yuuyakzmi.itch.io/meihou-reiiden/devlog/977057/v011-unused-files-patch,,2025-07-02
https://alexawesometv.itch.io/table-island/devlog/977058/v3-devblog-7-so-close-yet-so-far,,2025-07-02
https://itch.io/blog/977059/creative-construct-release,,2025-07-02
https://itch.io/blog/977060/kinky-cats-meet-barbara,,2025-07-02
https://armaseexpedicoes.itch.io/zine01/devlog/977061/verso-11,,2025-07-02
https://biggirlhero.itch.io/ifasmtinspiredfanprototype/devlog/977063/fuuuucking-system-re-writes,,2025-07-02
https://paradoxgamesstudio.itch.io/saint-or-sinner/devlog/977064/dev-update-version-131-enters-testing,,2025-07-02
https://bvgame.itch.io/schoolsim/devlog/977065/-devlog-3-tech-how-my-grid-system-works,,2025-07-02
https://naktear.itch.io/asteroids/devlog/977066/first-game,,2025-07-02
https://elflas.itch.io/fear-your-wishes-episode-2/devlog/977067/fear-your-wishes-episode-2,,2025-07-02
https://itch.io/blog/977068/cocky-me-ep2-part-a-is-now-available-freely,,2025-07-02
https://chains-of-gaelia.itch.io/chains-of-gaelia/devlog/977070/ready-to-play-character-sheets-minor-bug-fix,,2025-07-02
https://euro6792.itch.io/roguelite-auto-battle/devlog/977072/devlog-today-i-upgrade-uiux,,2025-07-02
https://regik.itch.io/elinstantedeladuda/devlog/977073/nueva-actualizacin-v017,,2025-07-02
https://sit-studio.itch.io/another-word-another/devlog/977074/update-0110-public,,2025-07-02
https://leon-twemlow.itch.io/tile-engine/devlog/977075/v1362,,2025-07-02
https://devilinlovegames.itch.io/the-winter-wedding/devlog/977076/new-demo-for-otome-josei-jam-2025-and-patreon-launch,,2025-07-02
https://amaiguri.itch.io/allthepromisedburn/devlog/977077/northern-environments-are-done,,2025-07-02
https://cazimg.itch.io/lastdrop/devlog/977078/first-update,,2025-07-02
https://thekingharem.itch.io/alisa-amiella-god-eater-p1/devlog/977080/alisa-amiella-god-eater-p1,,2025-07-02
https://noblemaster.itch.io/retro-commander/devlog/977081/update-227153-game-setup-screen-graphics-balancing,,2025-07-02
https://noblemaster.itch.io/age-of-conquest-iv/devlog/977082/update-448393-game-setup-screen-distant-ship-travel,,2025-07-02
https://kaimatten.itch.io/delia-the-traveling-witch/devlog/977083/v20-game-and-project-folder-update,,2025-07-02
https://dreamnoid.itch.io/distant-paradise/devlog/977084/distant-paradise-version-11,,2025-07-02
https://zyxx98.itch.io/inertia/devlog/977085/weather-is-here,,2025-07-02
https://moonhawk.itch.io/walking-to-france/devlog/977086/first-day-patch,,2025-07-02
https://devilinlovegames.itch.io/how-to-break-up-with-your-yandere-boyfriend/devlog/977087/patreon-launch,,2025-07-02
https://lontis.itch.io/sky-fields-goober-gardens/devlog/977090/goobers-will-eat-anything-even-grass,,2025-07-02
https://malerouille.itch.io/monolilith/devlog/977091/wanna-help-me-choose,,2025-07-02
https://troypress.itch.io/planet-of-the-week-players-guide/devlog/977092/battle-stations,,2025-07-02
https://samandev.itch.io/tamaweb/devlog/977093/patch-notes-1696,,2025-07-02
https://killahseven.itch.io/my-new-family/devlog/977094/progress-update-30062025,,2025-07-02
https://randomuser444.itch.io/sprunki-pyramixed-09-but-with-sprunki-retake-sounds-really-unfinished/devlog/977095/new-game,,2025-07-02
https://glaciepuff.itch.io/dungeon-of-the-devourerer/devlog/977097/fan-discord,,2025-07-02
https://pocketacegames.itch.io/tangled-by-tentacles/devlog/977098/discord-is-live,,2025-07-02
https://takenbydelta.itch.io/cops-and-shapes/devlog/977099/welcome-shape-enthusiasts-,,2025-07-02
https://thekingharem.itch.io/siluca-meletes-grancrest-senki-p1/devlog/977100/siluca-meletes-grancrest-senki-p1,,2025-07-02
https://carter-games.itch.io/notion-to-unity/devlog/977101/download-hotfix-061,,2025-07-02
https://emciad-enterprises.itch.io/jtd-game/devlog/977102/jtd-jogo-legal,,2025-07-02
https://heartsyncproductions.itch.io/the-properties-of-iron/devlog/977103/3-of-3-neotwiny-jam-entries-properties-of-iron,,2025-07-02
https://klooonal.itch.io/side-by-side/devlog/977104/small-update-after-jam-event,,2025-07-02
https://maxnoscope101.itch.io/epic-skeeball/devlog/977105/version-120-reworking-early-levels,,2025-07-02
https://phenixger.itch.io/drunk-driving/devlog/977106/devlog-3-i-think-i-made-ai-d,,2025-07-02
https://bighandinsky.itch.io/forgetful-loop/devlog/977107/2025-june-update,,2025-07-02
https://pokedev66.itch.io/pokemon-super-smash-bros/devlog/977108/added-a-few-new-characters-trainers,,2025-07-02
https://ci.itch.io/all-fonts-pack/devlog/977110/three-new-fonts-included-still-90-off,,2025-07-02
https://itch.io/blog/977111/hello,,2025-07-02
https://mars7580.itch.io/bfdi-awkening/devlog/977112/123,,2025-07-02
https://amikoes.itch.io/zx-game-maker-infinity/devlog/977113/version-110-liberada,,2025-07-02
https://desiran.itch.io/tournament-of-venus/devlog/977114/recruitment-drive-i-want-you,,2025-07-02
https://eratomix.itch.io/treasure-island-recodes/devlog/977115/abandoned-enigma-patch-1,,2025-07-02
https://v0id-b0nes.itch.io/the-rot-of-the-witchwood/devlog/977116/chapter-1-full-release,,2025-07-02
https://itch.io/blog/977117/new-short-released,,2025-07-02
https://green-acres-modding.itch.io/fs25-john-deere-r4045-edit/devlog/977118/update-30jun2025,,2025-07-02
https://highoncode-interactive.itch.io/payload-panic/devlog/977119/screen-fixes-and-automatic-cube-placing,,2025-07-02
https://ronia.itch.io/bite/devlog/977120/our-font-encias-free,,2025-07-02
https://itch.io/blog/977121/i-cant-reinstall-itch-app-help,,2025-07-02
https://rbduck.itch.io/jumpnfart/devlog/977122/post-gamejam-update-with-improved-web-performance,,2025-07-02
https://faiergm3335.itch.io/duckeradventures/devlog/977123/-,,2025-07-02
https://unusualfish.itch.io/lustfulsin/devlog/977124/lustful-sin-v080-teaser,,2025-07-02
https://nekomiya-sebastian.itch.io/sneko-slayers/devlog/977126/week-1-qol-update,,2025-07-02
https://farmwithmike.itch.io/midwest-horizon-fs25/devlog/977127/working-on-two-new-updates,,2025-07-02
https://catinmask.itch.io/aurorasfog/devlog/977128/auroras-fog-012,,2025-07-02
https://sylviehelstaff.itch.io/lust-and-found/devlog/977129/july-lgbtq-charity-support,,2025-07-02
https://ayuo-dev.itch.io/charcrafter/devlog/977130/char-crafter-v13-coming-soon-,,2025-07-02
https://itch.io/blog/977131/day-1-finished-first-project,,2025-07-02
https://conkerspan.itch.io/only-control-alpha-tests/devlog/977132/new-build-for-windows-and-linux,,2025-07-02
https://old-drizzyfizzle.itch.io/drizzys-basics/devlog/977133/2025-update,,2025-07-02
https://evanmodderyt.itch.io/pizza-tower-annoying-mode-2019/devlog/977134/omg-updates-u-can-read-in-the-desc-too-wow-pt-annoying-mode-102-,,2025-07-02
https://lehxra.itch.io/lecture-me-later/devlog/977135/whats-next,,2025-07-02
https://goldendelver.itch.io/golden-tavern-inn-manager-demo/devlog/977136/full-version-of-the-game-now-on-google-play-store-and-apple-store,,2025-07-02
https://deakcor.itch.io/pixelover/devlog/977137/pixelover-0171-bone-system-improvements,,2025-07-02
https://alcyone-legends.itch.io/ilias-alcyone-legends/devlog/977138/testing-butcher-shop-shelves,,2025-07-02
https://muplur.itch.io/xix/devlog/977139/xix-v08b-public-release,,2025-07-02
https://sauciernr.itch.io/ntr-revenge/devlog/977140/ntr-revenge-023,,2025-07-02
https://antarticspaceman.itch.io/bungjinus-the-farmer/devlog/977141/log-for-v7,,2025-07-02
https://dannyphoenix.itch.io/project-red/devlog/977143/june-progress-report,,2025-07-02
https://wasteland-gms.itch.io/rusty-flesh/devlog/977144/rusty-flesh-is-out-now,,2025-07-02
https://spoiledpuppy.itch.io/oh-well/devlog/977145/update-5-june-30th-2025,,2025-07-02
https://north-tales-studio.itch.io/noel-macabre/devlog/977147/nol-macabre,,2025-07-02
https://zelkorian.itch.io/the-chosen-varia/devlog/977148/03progress-update-1-20,,2025-07-02
https://nekyiarpg.itch.io/taishan/devlog/977149/correes,,2025-07-02
https://aikogxstudios.itch.io/caos-entre-reinos-renacer-the-game/devlog/977150/novedades-del-proyecto,,2025-07-02
https://fdzgames.itch.io/trivialcine/devlog/977151/actualizacion-v14-del-juego-trivialcine,,2025-07-02
https://jiks-studios.itch.io/c-sol/devlog/977152/new-update-v265,,2025-07-02
https://mrboxcochat.itch.io/burger-tower-obby/devlog/977153/burger-tower-obby-but-zip,,2025-07-02
https://xvadim.itch.io/seega/devlog/977154/ios-version-of-seega,,2025-07-02
https://blancaster45.itch.io/warlordocracy-early/devlog/977155/warlordocracy-early-v236,,2025-07-02
https://utomatica.itch.io/zen-mazuki/devlog/977156/patch-update-1-patches-and-bugfixes,,2025-07-02
https://pipibernardo.itch.io/six-nights-at-fredbears-unofficial/devlog/977157/the-final-version-is-coming-this-saturday,,2025-07-02
https://pipibernardo.itch.io/six-nights-at-fredbears-unofficial/devlog/977158/the-final-version-is-coming-this-saturday,,2025-07-02
https://kyrengoodra.itch.io/vorelove/devlog/977159/june-dev-log-vacation,,2025-07-02
https://intcook.itch.io/crrzr/devlog/977160/crrzr-patch-1,,2025-07-02
https://landsharkrawr.itch.io/the-unlife-of-gorlak/devlog/977161/141-patch-notes,,2025-07-02
https://backinmydaygamescom.itch.io/bimdg-mobile-ui-for-rpg-maker-mz/devlog/977162/planned-updates,,2025-07-02
https://arestudio.itch.io/blogs/devlog/977163/arestudio-empresa-de-videojuegos-indie-blog-1,,2025-07-02
https://cheeseekofficial.itch.io/twenty-day/devlog/977165/04-in-early-access,,2025-07-02
https://nimphradora.itch.io/eliels-bloom/devlog/977166/eliels-bloom-released,,2025-07-02
https://siddqlo.itch.io/qme/devlog/977167/update-06302025,,2025-07-02
https://ljdosher.itch.io/space-for-sweets/devlog/977168/fully-baked-alpha-pie,,2025-07-02
https://riseupcomus.itch.io/his-majesty-the-worm/devlog/977170/designing-dungeons-tutorial-free,,2025-07-02
https://thekingharem.itch.io/erica-amber-kohakuiro-no-hunter-p1/devlog/977171/erica-amber-kohakuiro-no-hunter-p1,,2025-07-02
https://sapphiemoondancer.itch.io/crystal-genesis/devlog/977172/crystal-genesis-v104,,2025-07-02
https://pirot-king.itch.io/my-best-deal/devlog/977173/my-best-deal-v40-is-already-available,,2025-07-02
https://samuel-studios.itch.io/the-forgotten-exit/devlog/977174/v121-out,,2025-07-02
https://lua-computa.itch.io/outer-outage/devlog/977175/happy-1-year-anniversaryy,,2025-07-02
https://chordprogressions.itch.io/spark/devlog/977176/episode-1-spark-now-free-to-download,,2025-07-02
https://madlabgames.itch.io/the-witch-class-for-dungeons-dragons-5th-edition-unleash-ancient-power/devlog/977177/devlog-the-witch-class-v51-update,,2025-07-02
https://tisthemorrow.itch.io/human-defined-zine/devlog/977178/i-defined-human-correctly,,2025-07-02
https://zucchinikabachok.itch.io/infinite-date-with-big-tiddy-goth-girl/devlog/977179/bug-fixes-game-out-again,,2025-07-02
https://viviny.itch.io/my-girlfriends-streaming-career/devlog/977180/my-girlfriends-streaming-career-012,,2025-07-02
https://quantumsoteriology.itch.io/game/devlog/977181/june-30-2025-release-on-itchio,,2025-07-02
https://braderfamdev.itch.io/hope-to-land/devlog/977182/small-updates-of-hope-to-land,,2025-07-02
https://thekingharem.itch.io/ruby-kohakuiro-no-hunter-p1/devlog/977183/ruby-kohakuiro-no-hunter-p1,,2025-07-02
https://werewolfhitchhiker.itch.io/the-wind-remembers/devlog/977184/the-wind-remembers-a-poetry-collection-now-available,,2025-07-02
https://itch.io/blog/977185/day-after-day-demo-has-launched-tips-notes,,2025-07-02
https://raikiri-games.itch.io/just-one-man/devlog/977186/patch-011-first-version-of-abilities,,2025-07-02
https://waffle2d.itch.io/the-good-rub-spa-demo/devlog/977187/the-good-rub-spa-ver-02-release,,2025-07-02
https://hmoon-publishing-llc.itch.io/day-after-day/devlog/977188/demo-launch-notes-gameplay-tips,,2025-07-02
https://sluttea-productions.itch.io/mr-fafnirs-dragon-sluts/devlog/977189/version-02-changelog,,2025-07-02
https://aldo-salt.itch.io/last-charge-of-the-sentry-arcanes/devlog/977190/last-charge-of-the-sentry-arcanes-v06-updates,,2025-07-02
https://qrisis.itch.io/tracer-x/devlog/977191/v101,,2025-07-02
https://amethyscent.itch.io/the-bond-we-share/devlog/977192/new-game-the-bond-we-share,,2025-07-02
https://zilpzilp.itch.io/mod-mage-mike/devlog/977194/mod-mage-mike-released,,2025-07-02
https://meowize.itch.io/cosmora/devlog/977195/bushman-a-look-into-the-first-forest-enemy,,2025-07-02
https://somchu.itch.io/tlr2/devlog/977196/v052-3-patch-updates-in-a-trenchcoat,,2025-07-02
https://pizzadoggy.itch.io/the-humble-bundle/devlog/977197/launch,,2025-07-02
https://thekingharem.itch.io/rebecca-cyberpunk-edgerunners-p1/devlog/977198/rebecca-cyberpunk-edgerunners-p1,,2025-07-02
https://tiopalada.itch.io/tiny-rpg-battle-kit-2/devlog/977199/new-bg-catacomb,,2025-07-02
https://vasquaseditrice.itch.io/mgz-mobile-gear-zetanaut/devlog/977201/mgz-steel-wings,,2025-07-02
https://itch.io/blog/977202/over-100-downloads,,2025-07-02
https://pizzadoggy.itch.io/the-mega-bundle/devlog/977203/new-design-miscellaneous,,2025-07-02
https://mrgoldgj.itch.io/sprunkfell-early-build/devlog/977204/predev-5,,2025-07-02
https://omiigames.itch.io/super-block-boy/devlog/977205/super-block-boy-and-friends-is-now-free,,2025-07-02
https://pizzadoggy.itch.io/the-grand-bundle/devlog/977206/new-design-miscellaneous,,2025-07-02
https://itch.io/blog/977207/arians-basics-baldis-basics-v143-mod,,2025-07-02
https://thejuster.itch.io/rpgmaker-asset-converter/devlog/977208/rpgmaker-mvmz-tileset-editor,,2025-07-02
https://momtherjeff.itch.io/libera-me/devlog/977209/220-patch-notes,,2025-07-02
https://itch.io/blog/977210/sprites-samurai,,2025-07-02
https://tribulegames.itch.io/deviant/devlog/977211/what-im-currently-working-on-new-build-sometime-soon,,2025-07-02
https://thekingharem.itch.io/hotaru-shidare-dagashi-kashi-p1/devlog/977212/hotaru-shidare-dagashi-kashi-p1,,2025-07-02
https://infiniteluststudios.itch.io/regret-island/devlog/977213/v02250,,2025-07-02
https://playgodly.itch.io/star-tower/devlog/977214/star-tower-devlog-1-demo-101-out,,2025-07-02
https://itch.io/blog/977215/anathema-the-flowers-of-evil-is-now-released,,2025-07-02
https://cmcas-games.itch.io/prayers-of-distorted-minds/devlog/977216/changelog-v071-fix,,2025-07-02
https://thekingharem.itch.io/hotaru-shidare-dagashi-kashi-p1/devlog/977217/hotaru-shidare-dagashi-kashi-p1,,2025-07-02
https://pokedev66.itch.io/pokemon-rainbow-online-20/devlog/977218/server-update,,2025-07-02
https://pandamangames.itch.io/price-of-power/devlog/977219/epilogue-3-release,,2025-07-02
https://yaylollerp.itch.io/exploration-log-38b/devlog/977220/additional-content,,2025-07-02
https://99-studios.itch.io/twardy2/devlog/977221/twardy-20-state-of-the-game-july-2025,,2025-07-02
https://itch.io/blog/977222/im-feeling-skibidi,,2025-07-02
https://epickzalpha.itch.io/krantheus/devlog/977223/krantheus-update-07,,2025-07-02
https://cigar-rex.itch.io/the-sin-within/devlog/977225/a-news-report-a-letter-an-image-set,,2025-07-02
https://itsbaileyx3525.itch.io/clickymmo/devlog/977226/multi-color-mode,,2025-07-02
https://t-extreme.itch.io/zombieforce/devlog/977227/first-beta-release,,2025-07-02
https://umbrelloid.itch.io/the-obsession/devlog/977228/the-obsession-hyperphallic-illustrated-story,,2025-07-02
https://dwrgames.itch.io/naughty-lyanna-season-2/devlog/977229/goth-retreat,,2025-07-02
https://dark-griffin-games.itch.io/uc8/devlog/977230/c2-e1b,,2025-07-02
https://agpx.itch.io/agpx-game-maker/devlog/977231/description-updated-with-the-most-suitable-version-of-oscar64,,2025-07-02
https://3kdesign.itch.io/prison-of-sissy/devlog/977232/prison-of-sissy-v9-relaesed,,2025-07-02
https://mallcreeps.itch.io/mall-creeps/devlog/977233/weekly-update-june-30-2025,,2025-07-02
https://union-of-siberian-wolves.itch.io/cold-trail/devlog/977234/minor-update,,2025-07-02
https://milkshakeplusplus.itch.io/mousetrap-theft-and-bondage/devlog/977235/version-015,,2025-07-02
https://chordprogressions.itch.io/chord-progressions/devlog/977238/end-of-pride-2025-updates,,2025-07-02
https://mostly-studios.itch.io/ascii-city/devlog/977239/update,,2025-07-02
https://g0ld1e.itch.io/starcade-87/devlog/977240/devlog-2-tutorial-sfx-added,,2025-07-02
https://terebiki.itch.io/season-island/devlog/977241/season-island-version-2004,,2025-07-02
https://electus-studio.itch.io/mans/devlog/977242/mans-15,,2025-07-02
https://nymphvalley.itch.io/shadownymph-ninja-adventures/devlog/977243/shadownymph-ninja-003-hellbent,,2025-07-02
https://erickofc.itch.io/bb-baldis-basics-plus-em-portugus-versao-5/devlog/977244/boa-notica,,2025-07-02
https://watermelon-universe.itch.io/grow-me/devlog/977245/v02-big-update,,2025-07-02
https://mr-ovis.itch.io/leviathan/devlog/977246/leviathan-devlog-the-raw-beef-update-003v,,2025-07-02
https://natedebossyt.itch.io/gorilla-scary/devlog/977247/gs-003-for-pc,,2025-07-02
https://bolskangames.itch.io/surrendering-to-my-crush/devlog/977248/surrendering-to-my-crush-v131-update,,2025-07-02
https://reverierebels.itch.io/echoes-of-the-veil/devlog/977249/fully-funded,,2025-07-02
https://bein-713.itch.io/tadiokiyo-demo-v1/devlog/977250/hello-and-welcome-to-tadiokiyos-first-demo,,2025-07-02
https://monsters-for-sale.itch.io/the-vampire-librarian/devlog/977251/chapter-7-is-up,,2025-07-02
https://knfioxtech.itch.io/dinofly/devlog/977252/dinofly-family,,2025-07-02
https://onedreamstudio.itch.io/whispers-at-midnight/devlog/977253/chapter-2-released,,2025-07-02
https://twilight-studio-games.itch.io/cat-climb/devlog/977254/released-cat-climb,,2025-07-02
https://uprc.itch.io/blackmoon-prophecy-remake/devlog/977255/end-of-june-featureprogress-update,,2025-07-02
https://itch.io/blog/977256/plans-for-future-updates,,2025-07-02
https://vikado.itch.io/youarethegame/devlog/977257/activating-audio,,2025-07-02
https://nextro-developer.itch.io/georuins/devlog/977259/georuins-04,,2025-07-02
https://aura-dev.itch.io/star-knightess-aura/devlog/977260/devlog-110-prerelease-13,,2025-07-02
https://eathan-r.itch.io/garrys-mod-scratch-editioncompiled-into-exe/devlog/977261/gmod-scratchturbowarp,,2025-07-02
https://neighbourhood-snake.itch.io/pogopogo/devlog/977262/release-release,,2025-07-02
https://pyxvoy.itch.io/critter-quest/devlog/977264/critter-quest-v048,,2025-07-02
https://abrpatel8.itch.io/chronika-a-timeless-year/devlog/977265/creations-are-living-things,,2025-07-02
https://pokedev66.itch.io/pokemon-rainbow-online-20/devlog/977266/better-drop-rates,,2025-07-02
https://crisplease.itch.io/dusty-tale/devlog/977267/dusty-tale-update-19,,2025-07-02
https://itch.io/blog/977268/sunset-glow-anime-wallpaper-packs,,2025-07-02
https://peanutparade.itch.io/steventon-street/devlog/977269/version-2,,2025-07-02
https://dirty-donny.itch.io/thebrave/devlog/977270/time-flies-when-youre-having-fun,,2025-07-02
https://virtusleonis3d.itch.io/momoka-dl/devlog/977271/momoka-dl,,2025-07-02
https://meapps.itch.io/cyber-sentinel/devlog/977272/upcoming-update-1911,,2025-07-02
https://volosoftware.itch.io/mecanico-mecanico-consertar/devlog/977273/lanamento-oficial-do-jogo,,2025-07-02
https://zwute-studio.itch.io/visual-novel-netcode-the-protogen-and-more/devlog/977274/this-is-a-massive-update,,2025-07-02
https://projectulysses.itch.io/farewell-intervale/devlog/977275/fi-1,,2025-07-02
https://senfineco-games.itch.io/peys/devlog/977276/v0031-a-warm-welcome,,2025-07-02
https://enekos-studio.itch.io/cookie-survival/devlog/977277/cookie-survival-release-soon,,2025-07-02
https://fdvr367.itch.io/gorilla-madness-full-release/devlog/977278/games-relesing-soon,,2025-07-02
https://itch.io/blog/977279/making-monster-soup-kids-book-i-wrote-illustrated,,2025-07-02
https://korbu-verifed.itch.io/drift/devlog/977280/act-1-is-out-and-playable,,2025-07-02
https://itch.io/blog/977281/playtest-now-live-early-access-release-date-trailer-out,,2025-07-02
https://nukedgames.itch.io/team-disgruntled-games-final-project/devlog/977282/pipe-modelling-process,,2025-07-02
https://arcade-42.itch.io/rjs-adventure/devlog/977283/new-zip-file,,2025-07-02
https://meapps.itch.io/dimensional-fold/devlog/977284/release-soon,,2025-07-02
https://inane-bloatware.itch.io/the-expanded-guide-to-enlarging-encounters/devlog/977285/state-of-development,,2025-07-02
https://fearlessdibbles.itch.io/tasmania/devlog/977286/organize-your-squad,,2025-07-02
https://onthehouse-gaming.itch.io/huntsman/devlog/977287/wishlist-huntsman-on-steam,,2025-07-02
https://soleildiddle.itch.io/brunchwithmshareandmrdingo/devlog/977288/game-trailer,,2025-07-02
https://lithevam.itch.io/adam-adventure/devlog/977289/day-1516-adam-adventure-has-been-release,,2025-07-02
https://mystic-jungle.itch.io/play-maker/devlog/977290/online-levels,,2025-07-02
https://majesticgazelle.itch.io/n0rad/devlog/977291/android-version-update,,2025-07-02
https://89lightwatchavenue.itch.io/dreamer-flora/devlog/977292/dreamer-flora-has-been-released,,2025-07-02
https://skyshard.itch.io/my-drill-bit-heart/devlog/977293/soundtrack-release,,2025-07-02
https://corygreekgodofdball.itch.io/dodgebnb-chapter-1-7-balls/devlog/977294/chapter-2-preview,,2025-07-02
https://vendelbo.itch.io/minegame/devlog/977295/02,,2025-07-02
https://corygreekgodofdball.itch.io/dodgebnb-chapter-2/devlog/977296/chapter-2-preview,,2025-07-02
https://vendelbo.itch.io/minegame/devlog/977297/03,,2025-07-02
https://lewdgamesdev.itch.io/my-ntr-girlfriend/devlog/977298/version-0130,,2025-07-02
https://nukejolt.itch.io/crateaxis2/devlog/977299/settings-update,,2025-07-02
https://marquiskurt.itch.io/what-the-taiji/devlog/977300/qa-testing-is-open,,2025-07-02
https://trueflightspecials.itch.io/vorny-succubai/devlog/977301/work-in-progress-07-updated-630,,2025-07-02
https://colindosh.itch.io/farland/devlog/977302/prologue-script-written,,2025-07-02
https://no-name-games.itch.io/eleven-bravo/devlog/977303/introducing-eleven-bravo-v064,,2025-07-02
https://jgminidev.itch.io/the-secrets-of-the-florest/devlog/977304/the-secrets-of-the-florest-v2-inicio-do-desenvolvimento,,2025-07-02
https://lundregan.itch.io/chessemble/devlog/977305/07-quantum-eggs,,2025-07-02
https://winkingcorvid.itch.io/love-limit/devlog/977306/-happy-1st-anniversary-to-love-limit-,,2025-07-02
https://danielreipt.itch.io/aplicativo-captura-traduzir/devlog/977307/version-11-demo-with-api,,2025-07-02
https://outbreakgames.itch.io/snow-daze-special-edition/devlog/977308/snow-daze-17-released-new-bonus-audio,,2025-07-02
https://rachelraycho.itch.io/imani-freelance-exorcist/devlog/977309/imani-re-upload-minor-cleanups-and-shoelaces,,2025-07-02
https://nicosilver.itch.io/the-silence-of-storms/devlog/977310/oops,,2025-07-02
https://itch.io/blog/977311/the-horror-program,,2025-07-02
https://guilhermedj.itch.io/swipe-game/devlog/977312/v16,,2025-07-02
https://elvche.itch.io/pussies-dragons/devlog/977313/june-devlog,,2025-07-02
https://solairetal.itch.io/tinyghostwrangler/devlog/977314/version-02-release,,2025-07-02
https://lex2-2077.itch.io/proyecto-lilium/devlog/977316/proyecto-lilium-alfa-180,,2025-07-02
https://ryon-games.itch.io/five-nights-at-friedrichs/devlog/977317/patch-notes-v101,,2025-07-02
https://itch.io/blog/977318/mega-psx-asset-pack-sale,,2025-07-02
https://itch.io/blog/977319/hello,,2025-07-02
https://warsvault.itch.io/low-fantasy-straw-training-dummy/devlog/977321/new-low-fantasy-pack-released,,2025-07-02
https://itch.io/blog/977322/tomorrow-at-9am-eastern-time-watch-remulto-interview-me,,2025-07-02
https://ryon-games.itch.io/five-nights-at-friedrichs/devlog/977323/soundtrack-now-available-on-youtube,,2025-07-02
https://itsbaileyx3525.itch.io/clickymmo/devlog/977325/chunks-and-other-stuff,,2025-07-02
https://cactusball.itch.io/eclipse-below/devlog/977326/eclipse-below-is-coming-soon,,2025-07-02
https://f1fighterpilot.itch.io/behind-the-trenches/devlog/977327/ai-update,,2025-07-02
https://itch.io/blog/977328/music-composer-sound-designer-looking-for-jobs,,2025-07-02
https://jonhmarte.itch.io/breakout/devlog/977329/breakoutclasic,,2025-07-02
https://justathel.itch.io/scrub-chan-the-fight-for-scrubville/devlog/977330/first-post,,2025-07-02
https://dead-pixelsz.itch.io/topdown-kingdom/devlog/977331/topdown-kingdom,,2025-07-02
https://katt-kirsch.itch.io/deathless-cave/devlog/977332/zungeon-six-is-out,,2025-07-02
https://itch.io/blog/977334/sausage-boss-a-clicker-game,,2025-07-02
https://cobaltdragon.itch.io/obs-hud/devlog/977335/099-update,,2025-07-02
https://theintroverti2.itch.io/the-sexy-tunes-show/devlog/977337/the-sexy-tunes-show-v011-public-release,,2025-07-02
https://gh0stlydr0b1h.itch.io/hardline/devlog/977339/devlog-01-welcome-to-hardline,,2025-07-02
https://roboticy3.itch.io/the-beacon/devlog/977340/jam-postmortem,,2025-07-02
https://dot-e26.itch.io/fnaf-rewritten-87/devlog/977342/what-happens-when-i-die,,2025-07-02
https://sulipheoth.itch.io/earthbroken/devlog/977343/its-alive,,2025-07-02
https://voylin.itch.io/gde-gozen-video-playback-addon-for-godot/devlog/977345/version-70,,2025-07-02
https://ghost-crew-press.itch.io/sab/devlog/977346/print-on-demand-gmh-portuguese-version,,2025-07-02
https://itch.io/blog/977347/10-years-on-itch-dot-io,,2025-07-02
https://ghost-crew-press.itch.io/sab-gmh/devlog/977348/print-on-demand-gmh-portuguese-version,,2025-07-02
https://ddrkirbyisq.itch.io/rhythm-quest/devlog/977349/devlog-78-unified-settings-camera-smoothing-etc,,2025-07-02
https://bligusfalantis.itch.io/exo-idle/devlog/977350/captains-log-enhanced-interface-system-stability,,2025-07-02
https://co-games.itch.io/rollout/devlog/977351/rollout-released,,2025-07-02
https://sbhp.itch.io/jungle-jive-horror-but-2d/devlog/977352/new-update,,2025-07-02
https://sexyversecomics.itch.io/ember-island/devlog/977353/ember-island-build-15-is-up,,2025-07-02
https://sillyman-studios.itch.io/fnahh-rethinked/devlog/977354/v11-loud-loud-update,,2025-07-02
https://thekingharem.itch.io/mai-fuyuki-hokkaido-gals-are-super-adorable-p1/devlog/977355/mai-fuyuki-hokkaido-gals-are-super-adorable-p1,,2025-07-02
https://isolgames.itch.io/tappy-word-x/devlog/977356/tappy-word-x-released,,2025-07-02
https://isolgames.itch.io/tappy-swiper-2/devlog/977357/tappy-swiper-2-released,,2025-07-02
https://smnthgn.itch.io/edge-case/devlog/977358/devlog-6-creando-objetos-interactivos-con-blueprints-espaolspanish-version,,2025-07-02
https://saiflourm.itch.io/bounce-yo-v2/devlog/977359/small-update,,2025-07-02
https://ex-writer.itch.io/cherry-cough-syrup/devlog/977360/cherry-cough-syrup-is-here,,2025-07-02
https://rubyring-games.itch.io/lucidity-day1/devlog/977361/lucidity-teeny-tiny-fix-1,,2025-07-02
https://jabbonk.itch.io/homelander/devlog/977362/chapter-5-week-48-progress,,2025-07-02
https://psychoraccon04.itch.io/wizarding/devlog/977363/so,,2025-07-02
https://chromegarden.itch.io/god-machine/devlog/977365/v11-typo-and-riso-printed-zine-copies,,2025-07-02
https://thekingharem.itch.io/rena-natsukawa-hokkaido-gals-are-super-adorable-p1/devlog/977366/rena-natsukawa-hokkaido-gals-are-super-adorable-p1,,2025-07-02
https://thekingharem.itch.io/sayuri-akino-hokkaido-gals-are-super-adorable-p1/devlog/977367/sayuri-akino-hokkaido-gals-are-super-adorable-p1,,2025-07-02
https://tw1zted.itch.io/the-adventures-of-pico-panda/devlog/977368/ver-094,,2025-07-02
https://itch.io/blog/977369/new-cave-theme-for-jack-the-dashing-rabbit,,2025-07-02
https://untiedgames.itch.io/super-pixel-harvest-crafting/devlog/977370/harvest-crafting-update-1-food-recipes,,2025-07-02
https://fredddddie.itch.io/lurk/devlog/977371/macos-compatibility,,2025-07-02
https://thekingharem.itch.io/minami-fuyuki-hokkaido-gals-are-super-adorable-p1/devlog/977372/minami-fuyuki-hokkaido-gals-are-super-adorable-p1,,2025-07-02
https://ihavetoblink.itch.io/color-war-2/devlog/977373/101-release,,2025-07-02
https://random-derpoy.itch.io/the-tale-of-a-true-gacha-king-demo/devlog/977374/game-development-has-officially-started,,2025-07-02
https://ebbooks.itch.io/buttartpack/devlog/977375/progress-report-through-june,,2025-07-02
https://chocotila.itch.io/scp-affection/devlog/977377/scpaffection-new-sex-system-devlog-63025,,2025-07-02
https://itch.io/blog/977379/ive-finally-woken-up,,2025-07-02
https://improbablynotarobot.itch.io/chicken-coup/devlog/977380/ready-for-playtesters,,2025-07-02
https://herrozod.itch.io/perfect-girlfriend-juice/devlog/977381/v106-public-release,,2025-07-02
https://itch.io/blog/977382/irail-mutalvatu-the-first-beings,,2025-07-02
https://gamesandwutnot.itch.io/naturemancer/devlog/977383/new-boar-den,,2025-07-02
https://lex2-2077.itch.io/proyecto-lilium/devlog/977384/proyecto-lilium-alfa-181,,2025-07-02
https://froncentration.itch.io/undying-corruption/devlog/977385/black-market-guide-5epf2e-more-statblocks,,2025-07-02
https://theniftypolygon.itch.io/digital-infiltrators/devlog/977386/version-0130,,2025-07-02
https://jiks-studios.itch.io/c-sol/devlog/977387/some-ui-changes-v-266,,2025-07-02
https://joedigital.itch.io/akasha/devlog/977388/akasha-demo-out-now,,2025-07-02
https://esiotek.itch.io/manuscript-tycoon/devlog/977389/update-12,,2025-07-02
https://alarack.itch.io/stable-void/devlog/977390/demo-patch-notes-v-0030,,2025-07-02
https://curlygoblin.itch.io/dual-eclipsedemo/devlog/977391/rogue-and-wizard-added-new-cards-spells-bug-fixes,,2025-07-02
https://durianbean.itch.io/tiny-moments/devlog/977392/more-flexible-build-system-0217,,2025-07-02
https://amazonessking.itch.io/gem-domination/devlog/977393/gem-domination-v012-for-high-tier-supporters,,2025-07-02
https://lunamakaio.itch.io/leatherboundaprinceinknots/devlog/977394/male-and-gender-neutral-version-now-available,,2025-07-02
https://misterprmiller.itch.io/mmus2/devlog/977395/new-patch-updates,,2025-07-02
https://whitecrocus.itch.io/spirit-interactor/devlog/977396/034-planned-to-release-on-july-4th-2025,,2025-07-02
https://dexrobinson.itch.io/raidbound/devlog/977397/-raidbound-now-playable-in-your-browser,,2025-07-02
https://povpoptyr.itch.io/kats-horror/devlog/977398/kats-horror-full-demo-update,,2025-07-02
https://dreamcircuit-studios.itch.io/mining-sim/devlog/977400/game-fix,,2025-07-02
https://individualkex.itch.io/kexedit/devlog/977402/v098-patch-notes,,2025-07-02
https://shanbahak.itch.io/lewd-maze/devlog/977403/07279a-is-out-for-supporters,,2025-07-02
https://spartaniii.itch.io/gridlock-the-carpg/devlog/977404/feedback-form-now-live,,2025-07-02
https://tg-games-indie.itch.io/come-home/devlog/977405/update-113,,2025-07-02
https://nellchrome.itch.io/boneka-ascension/devlog/977406/dev-log-1,,2025-07-02
https://unchinged-studios.itch.io/nexus/devlog/977407/version-001-announcement,,2025-07-02
https://m-rabbit.itch.io/family-mysteries/devlog/977408/family-mysteries-03-public-build,,2025-07-02
https://akking-studio.itch.io/barlatro-open-beta/devlog/977409/012-seals-and-skips,,2025-07-02
https://nukedgames.itch.io/team-disgruntled-games-final-project/devlog/977410/un-abandonware-vfx-deep-dive-green-smoke-vfx,,2025-07-02
https://madbux.itch.io/crystal-desires/devlog/977411/crystal-desires-v106,,2025-07-02
https://clumsycatstudio.itch.io/love-at-the-milky-way-diner/devlog/977412/20-demo,,2025-07-02
https://damijin.itch.io/the-bardo/devlog/977413/end-of-june-update,,2025-07-02
https://nolimelightproductions.itch.io/prosperon-cyberpunk-setting/devlog/977414/check-out-the-latest-video-entry-at-our-youtube-channel,,2025-07-02
https://itch.io/blog/977415/my-biggest-video-game-yet-coming-soon,,2025-07-02
https://empyclaw.itch.io/the-adventures-of-squid-pope/devlog/977416/3rd-edition-is-live,,2025-07-02
https://kypcode.itch.io/survivors-end/devlog/977417/survivors-end,,2025-07-02
https://sirpupu.itch.io/onetanamera/devlog/977418/quesesto,,2025-07-02
https://werxzy.itch.io/just-a-normal-snake/devlog/977419/just-a-normal-snake-v12,,2025-07-02
https://myrathelover.itch.io/2nd-place-trash/devlog/977420/101-bug-fixes,,2025-07-02
https://tarenboswellgamedev.itch.io/tales-of-tallrest-alpha/devlog/977421/avcon-2025,,2025-07-02
https://midnightex1.itch.io/aitsuki-scat-system/devlog/977422/version-11,,2025-07-02
https://pandasarjana.itch.io/monster-rakyat-folk-horror-creatures-for-rpg-maker-mv/devlog/977423/monster-rakyat-folk-horror-creatures-for-rpg-maker-mv,,2025-07-02
https://slayerites.itch.io/slayers-wonderful-renpy-edition/devlog/977424/slayers-wonderful-almost-done-with-adding-alternative-paths,,2025-07-02
https://csfe.itch.io/jrpg-battlers-mythic-waifus-edition-12-epic-characters-with-adaptable-lore/devlog/977425/-major-update-version-12-pictures-music-hd-waifus-,,2025-07-02
https://risygned.itch.io/soil-knight/devlog/977426/update-v174,,2025-07-02
https://smnthgn.itch.io/edge-case/devlog/977427/devlog-7-storytelling-through-sound-voiceovers-ambience-and-background-music,,2025-07-02
https://itch.io/blog/977428/its-july-first,,2025-07-02
https://ghostlywillow.itch.io/ultimate-freddyverse/devlog/977430/version-163,,2025-07-02
https://aekashics.itch.io/librarium-sample-project/devlog/977431/librarium-sample-project-2025-v1,,2025-07-02
https://glitchdotsmh.itch.io/efm/devlog/977432/v022,,2025-07-02
https://athanatos-dev.itch.io/oops-youre-the-hero/devlog/977433/oops-youre-the-hero-devlog-7-the-music-of-oops,,2025-07-02
https://gameboostudios.itch.io/stgtg-demo/devlog/977435/demo-013,,2025-07-02
https://aetheras.itch.io/unsealedhero/devlog/977436/the-game-is-not-dead-shockingly-update-010-is-out-now,,2025-07-02
https://tianiavo12345.itch.io/plane-3d/devlog/977437/plane-3d,,2025-07-02
https://bugbard-cryptid.itch.io/yududigogi/devlog/977438/feels-comfortable-making-this-public-now,,2025-07-02
https://project-kyarn.itch.io/kyarn/devlog/977439/im-not-dead-lol,,2025-07-02
https://puzatrongames.itch.io/hotfort/devlog/977440/hotfort-in-development-,,2025-07-02
https://douglaskim.itch.io/we-got-another-year-chapter-4/devlog/977442/june-pages-are-up,,2025-07-02
https://oscar-mons.itch.io/moncard-command/devlog/977444/update-115,,2025-07-02
https://boredddguy.itch.io/yomi-yomi-dreamland/devlog/977445/movement-tester,,2025-07-02
https://unknown-hermit.itch.io/close-to-obsession/devlog/977446/close-to-obsession-act-1-release,,2025-07-02
https://onceuponastory.itch.io/ghost-town/devlog/977447/updates,,2025-07-02
https://mothnox.itch.io/whisper-things-forbidden/devlog/977448/draft-01,,2025-07-02
https://oneofthenicks.itch.io/audiotriviaboard/devlog/977449/patch-81,,2025-07-02
https://starlight-studios.itch.io/runes-of-pandemonium/devlog/977451/monday-update-crosspost,,2025-07-02
https://kattertain.itch.io/marks-milky-mlime/devlog/977452/release-of-version-069,,2025-07-02
https://steadfastsalmon.itch.io/underground-dungeon-asset-pack/devlog/977453/update-devlog-3-whats-cooking,,2025-07-02
https://landsharkgames.itch.io/grifford-academy/devlog/977454/grifford-academy-is-now-in-early-access,,2025-07-02
https://rikow.itch.io/jims-quest/devlog/977455/jims-quest-segunda-demo,,2025-07-02
https://turanszkij.itch.io/wicked-engine/devlog/977456/071802,,2025-07-02
https://aidangonzo123.itch.io/type-to-report/devlog/977457/update,,2025-07-02
https://melodyhsong.itch.io/10tinybuids-sudoku/devlog/977458/-sudoku-10tinybuilds-devlog-,,2025-07-02
https://flaminglemon.itch.io/heartstop-tour/devlog/977459/heartstop-tour-is-released,,2025-07-02
https://chuchupower.itch.io/all-our-weights-combined/devlog/977460/numero-two-kinda,,2025-07-02
https://trashmonger.itch.io/blade-of-one-demo/devlog/977461/join-the-alpha-playtest,,2025-07-02
https://icecreamparty.itch.io/the-caretaker-s2/devlog/977463/twof-is-coming,,2025-07-02
https://heart-of-arcana.itch.io/tomb-of-the-crescent-moon/devlog/977464/major-update,,2025-07-02
https://itch.io/blog/977465/testing-post,,2025-07-02
https://studio-7e.itch.io/7e2025/devlog/977466/orders-temporarily-closing,,2025-07-02
https://kindeyegames.itch.io/c3-3dobject-alpha/devlog/977467/fix-for-unbound-buffers-init-before-3dobject,,2025-07-02
https://donroman.itch.io/the-road/devlog/977468/01072025-bug-fixes,,2025-07-02
https://dieselrave.itch.io/my-homunculus/devlog/977469/art-sweepup-resolution-change-and-credits,,2025-07-02
https://ham-man00.itch.io/2d-test-game-001/devlog/977470/003-is-out-lets-gooooo,,2025-07-02
https://hellheinous.itch.io/standard-deck-card-games/devlog/977471/pyramid-new-game-big-design-update,,2025-07-02
https://ladnoanet.itch.io/baldi-badsam-2d/devlog/977473/v04-update,,2025-07-02
https://eyal-zwigenbom.itch.io/the-unbirth/devlog/977474/just-fixed-some-bugs,,2025-07-02
https://kindeyegames.itch.io/c3-3dobject-alpha/devlog/977475/fix-black-color-render-in-r441,,2025-07-02
https://itch.io/blog/977476/testing-post-2,,2025-07-02
https://mplekter.itch.io/100-days-of-orc-love/devlog/977477/spicy-sketches-to-sweeten-your-time-waiting-ii,,2025-07-02
https://rottencone83.itch.io/structured-self-a-fillable-workbook-for-autistic-adults-teens/devlog/977478/new-release-structured-self-a-fillable-workbook-for-autistic-adults-teens,,2025-07-02
https://likelike20.itch.io/signal-debug-16h/devlog/977479/devlog-2-controles-ameliores-mini-jeu,,2025-07-02
https://nukejolt.itch.io/crateaxis2/devlog/977480/small-tweaks,,2025-07-02
https://crankycranton.itch.io/natsuki-and-asashi/devlog/977481/post-jam-15,,2025-07-02
https://itch.io/blog/977482/fnaf-1999,,2025-07-02
https://billyboysadventure.itch.io/billy-boys-adventure/devlog/977483/update000034,,2025-07-02
https://doorspostez.itch.io/animation-1/devlog/977484/doorspostez,,2025-07-02
https://jmjerbear.itch.io/falling-for-al/devlog/977485/version-11,,2025-07-02
https://laughing-manatee.itch.io/puzzledepot/devlog/977486/new-release-date,,2025-07-02
https://echofury1618.itch.io/mathrix/devlog/977487/-mathrix-july-1st-update-is-live-,,2025-07-02
https://itch.io/blog/977488/front-mission-3-remake-a-must-play-for-strategy-fans,,2025-07-02
https://pixel-crowd.itch.io/pixel-crowd/devlog/977489/update-159,,2025-07-02
https://mostly-studios.itch.io/ascii-city/devlog/977490/bug-fixes,,2025-07-02
https://rubyring-games.itch.io/divine-omen-1-demo/devlog/977491/devlog-3-very-small-update,,2025-07-02
https://itch.io/blog/977492/ad-free-and-full-of-flavor-a-new-cooking-adventure,,2025-07-02
https://moderndegenerate.itch.io/blood-spirals/devlog/977493/faq,,2025-07-02
https://kamjamgames.itch.io/mutant-mayhem/devlog/977494/v040-evolving-mutants-ai-voice-message-panel,,2025-07-02
https://itch.io/blog/977495/hello-kitty-is-just-5-apples-tall,,2025-07-02
https://loriyaoi.itch.io/elysium-of-the-futa-world/devlog/977496/eotfw-public-build-v012,,2025-07-02
https://ciboobi.itch.io/oya-space-trip-part1/devlog/977497/fix-downloads,,2025-07-02
https://starlit.itch.io/solace-creek/devlog/977498/devlog-new-demo-trailer-,,2025-07-02
https://proctored-games.itch.io/tetris-with-guns/devlog/977499/113,,2025-07-02
https://yumi20games.itch.io/king-of-sluts/devlog/977500/update-015,,2025-07-02
https://itch.io/blog/977501/curse-of-strahd-adventure-report-vii-arrigal,,2025-07-02
https://chairodactyl.itch.io/auction-hall-of-the-mountain-king/devlog/977502/update-7-1-2025,,2025-07-02
https://the-bar-on-the-abyss.itch.io/the-bar-on-the-abyss/devlog/977503/new-stat-system-coming,,2025-07-02
https://suit-ji.itch.io/mind-the-school/devlog/977504/public-news-01072025,,2025-07-02
https://studio-were.itch.io/prisoner-2318/devlog/977505/now-officially-a-developer,,2025-07-02
https://bifilit.itch.io/warprun/devlog/977506/warprun-release,,2025-07-02
https://itch.io/blog/977507/nine-sols-a-stunning-hand-drawn-action-adventure-game,,2025-07-02
https://godnask.itch.io/path-to-the-occult/devlog/977508/progress-update-12-japanese-vc,,2025-07-02
https://cowleyforniastudios.itch.io/iron-roads/devlog/977509/065,,2025-07-02
https://luvquita.itch.io/kemonomimi-daisy/devlog/977510/20-712025,,2025-07-02
https://sinfulbrain.itch.io/open-rooms/devlog/977511/045,,2025-07-02
https://lagphantom.itch.io/tactical-silence/devlog/977512/bugfix1,,2025-07-02
https://itch.io/blog/977513/ending-on-a-high-note,,2025-07-02
https://itchnazwadev.itch.io/bejana/devlog/977514/peluncuran-bejana-di-itchio,,2025-07-02
https://novel-gs.itch.io/boundaries-of-morality/devlog/977515/boundaries-of-morality-v0450-pc-mac-apk-public,,2025-07-02
https://studiokeixii.itch.io/despair/devlog/977516/despair-ep-2-release-dates,,2025-07-02
https://3lsnc.itch.io/handasah/devlog/977517/handasah,,2025-07-02
https://dimwoodstudios.itch.io/in-death/devlog/977518/digital-launch-day,,2025-07-02
https://spoiledsweet.itch.io/second-sight-dead-reckoning/devlog/977519/chapter-9-release-dates,,2025-07-02
https://kingpiggamestudios-kpgs.itch.io/bad-piggies-kph/devlog/977520/trailer-for-the-bp-kph-part-2-update-is-finally-here-,,2025-07-02
https://davidkbd.itch.io/reckless-vol-2-punk-metal-music-pack/devlog/977521/new-punk-music-pack-for-video-games-reckless-vol-2,,2025-07-02
https://lunatic-wolf-games.itch.io/lost-love-in-lunar-madness/devlog/977523/lost-love-in-lunar-madness-release,,2025-07-02
https://ace-stud.itch.io/aunts-house/devlog/977524/new-update-v05,,2025-07-02
https://blaarsaad.itch.io/anderkant-5-soundtrack-download/devlog/977525/free-anderkant-5-soundtrack-download,,2025-07-02
https://vynaius.itch.io/dungeonof3173/devlog/977526/004,,2025-07-02
https://itch.io/blog/977527/pixelartmockuppng,,2025-07-02
https://otovn.itch.io/topperformanceclassroom/devlog/977528/top-performance-classroom-004p1-public-release,,2025-07-02
https://amaregames.itch.io/amare-news-bulletin-2025/devlog/977529/issue-41-release-jun-1-jun-30,,2025-07-02
https://keisi-studio.itch.io/lust-age-new-home/devlog/977530/devlog3-interface-redesign-part-2,,2025-07-02
https://michaelbabcawk.itch.io/magic-mail/devlog/977531/bug-fixes-and-tutorial-improvements,,2025-07-02
https://usarin.itch.io/chronic/devlog/977532/05,,2025-07-02
https://dextron12.itch.io/req/devlog/977534/post-jam-update,,2025-07-02
https://blaarsaad.itch.io/anderkant-5/devlog/977535/create-interesting-skies-in-godot-4,,2025-07-02
https://m-x-115.itch.io/hyper-front/devlog/977536/hyper-front-004,,2025-07-02
https://pimage.itch.io/neon-space-mobile/devlog/977537/mini-update-not-really-version-005-progress,,2025-07-02
https://bigbatproductions.itch.io/moonlight/devlog/977538/dev-log-week-13-was-i-ever-sane-to-start-with,,2025-07-02
https://jonathan-nimmo.itch.io/selcouth/devlog/977539/selcouth-released-on-itchio-for-free,,2025-07-02
https://raccoonsarethebest.itch.io/scouts-honor/devlog/977540/first-devlog-in-creating-the-worlds-greatest-hivemind,,2025-07-02
https://azure8888.itch.io/flashers/devlog/977541/new-updatesmall,,2025-07-02
https://fdzgames.itch.io/trivialcine/devlog/977542/actualizacin-v15-de-trivialcine,,2025-07-02
https://therealegads.itch.io/kirumi/devlog/977543/version-250-is-out,,2025-07-02
https://strange-girl-studios.itch.io/corrupting-the-universe/devlog/977544/version-59-is-out,,2025-07-02
https://kiyopawn.itch.io/the-shudderfly-archive/devlog/977545/weekly-update-83-we-are-back,,2025-07-02
https://syntaxerrorsoftware.itch.io/rogueish/devlog/977546/rogueish-final-additions,,2025-07-02
https://desert-coder.itch.io/larrys-adventure-beta/devlog/977547/beta-30,,2025-07-02
https://yuzururin.itch.io/the-last-year/devlog/977548/version-04-dev-log-01,,2025-07-02
https://jms-yoss.itch.io/fantasy-starter-camp/devlog/977549/v-101-now-available,,2025-07-02
https://5handshakes-studio.itch.io/time-parkour/devlog/977550/update-menu-and-light-system,,2025-07-02
https://black-cake-studio.itch.io/ld/devlog/977551/last-desire-pre-alpha-5,,2025-07-02
https://fran-kane.itch.io/sistema-apalabrado/devlog/977552/wip-apalabrado-stripped-and-compressed-z-shin-omega-edition,,2025-07-02
https://luckyape.itch.io/empires/devlog/977553/v02-and-listening-to-player-feedback,,2025-07-02
https://endeavoregame.itch.io/endeavore-dawn-seeker/devlog/977554/public-release-10725,,2025-07-02
https://argonian.itch.io/wave-catcher/devlog/977555/game-updates,,2025-07-02
https://aadev420.itch.io/echoes-of-2990/devlog/977556/chapter-1-v015-hotfix,,2025-07-02
https://datboobieguy.itch.io/love-machine-demo/devlog/977557/007-the-fat-update,,2025-07-02
https://katie-l-carroll.itch.io/only-dark-edges/devlog/977558/sapphic-hamlet-retelling-only-dark-edges-sale,,2025-07-02
https://anya-and-lolo.itch.io/daynightsystem/devlog/977559/-video-tutorial-out-make-day-night-cycle-in-any-rpg-maker,,2025-07-02
https://tnnv.itch.io/expedition-shadow-world/devlog/977560/demo-update-2025-06-28,,2025-07-02
https://aadev420.itch.io/echoes-of-2990/devlog/977561/chapter-1-v015-hotfix,,2025-07-02
https://eyal-zwigenbom.itch.io/the-unbirth/devlog/977562/new-versions-of-the-game-are-now-up,,2025-07-02
https://b1acto.itch.io/cs2d/devlog/977563/cs2d-available-on-itchio,,2025-07-02
https://bookholicdebo.itch.io/lush-maze/devlog/977564/shes-backkkkk-,,2025-07-02
https://inferiorwit.itch.io/moriarty08/devlog/977565/new-novelette-sebastian-moran-gut-punches-a-pimp,,2025-07-02
https://b1acto.itch.io/cs2d/devlog/977567/cs2d-1015-update,,2025-07-02
https://velocistudios.itch.io/leviathan-wake/devlog/977569/discontinuation-unfortunetly,,2025-07-02
https://killer-d-sonic.itch.io/save-and-load-for-object-gdevelop-extension/devlog/977570/save-and-loading-verizon-3,,2025-07-02
https://andre-figueroa.itch.io/el-salar/devlog/977572/patch-027,,2025-07-02
https://quasideificalpaca.itch.io/legacy-of-aeon/devlog/977575/version-08b,,2025-07-02
https://orevyn.itch.io/locked-up-with-them/devlog/977576/update-022-chapter-2-release,,2025-07-02
https://m8nsun.itch.io/eclipse-special-forces/devlog/977577/-code-name-you-decide,,2025-07-02
https://b1acto.itch.io/trackmania-nations-forever/devlog/977578/site-updated,,2025-07-02
https://pizzawriters.itch.io/text-your-life/devlog/977579/text-your-life-monthly-devlog-june,,2025-07-02
https://trueclash-games.itch.io/trueclash-games/devlog/977580/-trueclash-version-02-launch-date-early-access-for-senior-board-members,,2025-07-02
https://waynemadeagame.itch.io/flipto-demo/devlog/977581/release-date-28th-of-july,,2025-07-02
https://itch.io/blog/977582/-tigerblood-soulbond-beta-is-now-available-,,2025-07-02
https://little-production.itch.io/projet-farm/devlog/977583/-servers-are-back-online-,,2025-07-02
https://b1acto.itch.io/king-arthurs-gold/devlog/977584/site-updated,,2025-07-02
https://itch.io/blog/977585/planned-changes-to-solaria-assets,,2025-07-02
https://slickgames.itch.io/world-of-warriors-enhanced/devlog/977586/v11-5072025,,2025-07-02
https://charmerscove.itch.io/love-at-work/devlog/977587/love-at-work-v110-is-here-,,2025-07-02
https://itch.io/blog/977588/why-is-he-so-underrated,,2025-07-02
https://itch.io/blog/977589/another-world-lost-in-heart-,,2025-07-02
https://yellowbananas.itch.io/delivery-game/devlog/977590/update-2,,2025-07-02
https://zigzadig.itch.io/sleeping-hermaphrodite/devlog/977592/sleeping-hermaphrodite,,2025-07-02
https://b1acto.itch.io/soldat/devlog/977593/site-updated,,2025-07-02
https://gamexx29.itch.io/target-master-demo/devlog/977594/summer-update-v-11,,2025-07-02
https://tianiavo12345.itch.io/huge-spam/devlog/977595/huge-spam,,2025-07-02
https://manteigga.itch.io/moonfall-last-survivor/devlog/977596/now-for-macos-and-linux,,2025-07-02
https://boxofdough-31.itch.io/rokurokubi/devlog/977597/patch-note-v011-announcement,,2025-07-02
https://vrabo.itch.io/liminal-lust/devlog/977598/patch-v039b,,2025-07-02
https://artik-da-artem.itch.io/baldi-basics-plus-tv/devlog/977599/baldi-basics-plus-tv-version-011-is-now,,2025-07-02
https://clevermel.itch.io/trainnap/devlog/977600/game-finished-and-released,,2025-07-02
https://b1acto.itch.io/liero/devlog/977601/site-updated,,2025-07-02
https://theeric132.itch.io/finding-alice-margaroid-ii/devlog/977602/released-the-versioniii-version-of-finding-alice-margatroid-ii,,2025-07-02
https://altila.itch.io/my-beloved-microwave/devlog/977603/ending-guide,,2025-07-02
https://clone-creations.itch.io/overload/devlog/977604/overload-ssstyle-update,,2025-07-02
https://projectsg.itch.io/my-penguinmod-os-collection/devlog/977606/starter-os-is-easier-than-ever-to-use,,2025-07-02
https://daent.itch.io/tboe/devlog/977607/tboe-july-upd8-gadgets,,2025-07-02
https://reaver-workshop.itch.io/shadowdark-redesigned-character-sheet/devlog/977608/ficha-preenchvel-em-pt-br,,2025-07-02
https://deviantgmx.itch.io/outcast-son-revenge/devlog/977609/initial-version-available-plus-free-demo-launch-sale,,2025-07-02
https://bluwraith.itch.io/apartment-22/devlog/977610/71-changelog,,2025-07-02
https://spore-grooby.itch.io/modd-io-guy-story-game/devlog/977611/the-game-on-game-jam-is-added,,2025-07-02
https://reaver-workshop.itch.io/shadowdark-mount-sheet/devlog/977612/ficha-preenchvel-em-pt-br,,2025-07-02
https://itch.io/blog/977613/last-until-the-end-game-tycoon-clicker-early-demos-live,,2025-07-02
https://teambrunomir.itch.io/el-descenso/devlog/118360/fixes,,2025-07-02
https://teambrunomir.itch.io/el-descenso/devlog/122206/shadow-and-timer-fixed,,2025-07-02
https://teambrunomir.itch.io/el-descenso/devlog/122209/html5-version,,2025-07-02
https://eliahcapsule.itch.io/stinkyplatformergame/devlog/225914/new-levelsome-small-bug-fixed,,2025-07-02
https://colindosh.itch.io/lyke-over-bf-20/devlog/252073/5102021,,2025-07-02
https://colindosh.itch.io/lyke-over-bf-20/devlog/252092/5102021-2,,2025-07-02
https://teambrunomir.itch.io/jakes-paralysis/devlog/275417/demo-chapter-1-coming-soon,,2025-07-02
https://teambrunomir.itch.io/jakes-paralysis/devlog/331622/updated-itchio-page,,2025-07-02
https://mahorova.itch.io/cursed-elements/devlog/355678/cursed-elements-demo-v-13,,2025-07-02
https://kod-dev.itch.io/endead/devlog/404705/releasing-endead-prototype,,2025-07-02
https://kod-dev.itch.io/da8h/devlog/408155/releasing-dash,,2025-07-02
https://aekashics.itch.io/librarium-sample-project/devlog/414702/lord-of-the-underworld-added,,2025-07-02
https://aekashics.itch.io/librarium-sample-project/devlog/421211/conqueror-dragon-drakus-added,,2025-07-02
https://aekashics.itch.io/librarium-sample-project/devlog/422269/ogre-outrath-added,,2025-07-02
https://aekashics.itch.io/librarium-sample-project/devlog/426439/common-drake-added,,2025-07-02
https://aekashics.itch.io/librarium-sample-project/devlog/428176/orc-king-added,,2025-07-02
https://cryptgirl38.itch.io/friendquest/devlog/451066/friendquest-is-now-real,,2025-07-02
https://cryptgirl38.itch.io/friendquest/devlog/451073/demo-hotfix,,2025-07-02
https://fishtrololo.itch.io/c/devlog/473657/awesome-game,,2025-07-02
https://itch.io/c/3315711/ronin-gunslingers-collection,,2025-07-02
https://itch.io/c/3324465/played,,2025-07-02
https://itch.io/c/3348151/auxyc96s-collection,,2025-07-02
https://itch.io/c/3431423/game-assets,,2025-07-02
https://itch.io/c/3474081/mobeso-collection-1,,2025-07-02
https://itch.io/c/3480736/wee,,2025-07-02
https://itch.io/c/3522545/cpssss-collection,,2025-07-02
https://itch.io/c/3526566/great-game-jam-games,,2025-07-02
https://itch.io/c/3531605/games-i-have-scored-made-sfx-for,,2025-07-02
https://itch.io/c/3564219/vincent0w0s-collection-1,,2025-07-02
https://itch.io/c/3626307/yyysssfffs-collection,,2025-07-02
https://itch.io/c/3668912/b-tier,,2025-07-02
https://itch.io/c/3682012/masternatos-collection,,2025-07-02
https://itch.io/c/3710508/cool,,2025-07-02
https://itch.io/c/3769325/cielitozs-collection,,2025-07-02
https://itch.io/c/3783556/games,,2025-07-02
https://itch.io/c/3795041/loophits,,2025-07-02
https://itch.io/c/3797258/recommended-visual-novels,,2025-07-02
https://itch.io/c/3800670/bigpunchs-collection,,2025-07-02
https://itch.io/c/3829336/uglymfandbs-collection,,2025-07-02
https://itch.io/c/3834199/jogos-legais,,2025-07-02
https://itch.io/c/3889950/govenator1s-collection,,2025-07-02
https://itch.io/c/3943978/novels,,2025-07-02
https://itch.io/c/3947295/story-and-atmosphere,,2025-07-02
https://itch.io/c/3953437/games-that-look-interesting,,2025-07-02
https://itch.io/c/3995248/stuff-i-got-an-eye-on,,2025-07-02
https://itch.io/c/4094275/misssamthropes-collection,,2025-07-02
https://itch.io/c/4143287/grafotters-collection,,2025-07-02
https://itch.io/c/4169661/330858792s-collection,,2025-07-02
https://itch.io/c/4170069/zx-spectrum-next,,2025-07-02
https://itch.io/c/4176034/soft-games-poker-face-333,,2025-07-02
https://itch.io/c/4193955/visual-novelinteractive-fiction-poker-face-272,,2025-07-02
https://itch.io/c/4210632/maps-drawing-games,,2025-07-02
https://itch.io/c/4219377/chesterws-collection,,2025-07-02
https://itch.io/c/4271077/platformers,,2025-07-02
https://itch.io/c/4295199/nes,,2025-07-02
https://itch.io/c/4309106/ittzal3xs-collection,,2025-07-02
https://itch.io/c/4331037/jay1267s-collection,,2025-07-02
https://itch.io/c/4369661/playdate,,2025-07-02
https://itch.io/c/4393387/forestfox03s-collection,,2025-07-02
https://itch.io/c/4398299/noinaas-collection,,2025-07-02
https://itch.io/c/4410958/leedanielss-collection,,2025-07-02
https://itch.io/c/4435426/alkogolshiks-collection,,2025-07-02
https://itch.io/c/4449740/cringelord1234s-collection,,2025-07-02
https://itch.io/c/4470230/wishlist,,2025-07-02
https://itch.io/c/4475423/twilightsages-collection,,2025-07-02
https://itch.io/c/4482296/captainboreals-collection,,2025-07-02
https://itch.io/c/4491060/music,,2025-07-02
https://itch.io/c/4501401/laksjdhfgmznxbcvs-collection,,2025-07-02
https://itch.io/c/4519257/yan-vnand-then-some,,2025-07-02
https://itch.io/c/4532836/to-be-played,,2025-07-02
https://itch.io/c/4540449/rickill0412s-collection,,2025-07-02
https://itch.io/c/4544599/kewl-games-3,,2025-07-02
https://itch.io/c/4552166/chumbinguss-collection,,2025-07-02
https://itch.io/c/4557188/knave,,2025-07-02
https://itch.io/c/4567385/slumpgodzs-collection,,2025-07-02
https://itch.io/c/4584275/anetkinds-collection,,2025-07-02
https://itch.io/c/4588745/rom-included,,2025-07-02
https://itch.io/c/4644951/cpdesigns-collection,,2025-07-02
https://itch.io/c/4647304/random,,2025-07-02
https://itch.io/c/4650692/maykermaraza123gmailcoms-collection,,2025-07-02
https://itch.io/c/4681068/games,,2025-07-02
https://itch.io/c/4690429/ikes-set,,2025-07-02
https://itch.io/c/4707830/powerparttickles-collection,,2025-07-02
https://itch.io/c/4733367/wishlist,,2025-07-02
https://itch.io/c/4742706/c,,2025-07-02
https://itch.io/c/4750274/collaborations,,2025-07-02
https://itch.io/c/4758963/kaanreis123s-collection,,2025-07-02
https://itch.io/c/4809488/gmaggegmailcoms-collection,,2025-07-02
https://itch.io/c/4851692/spacekiddws-collection,,2025-07-02
https://itch.io/c/4855099/snakey-puzzles,,2025-07-02
https://itch.io/c/4881447/dating-sim,,2025-07-02
https://itch.io/c/4892742/19952310249163coms-collection,,2025-07-02
https://itch.io/c/4893967/bantallars-collection,,2025-07-02
https://itch.io/c/4897791/rpgmz-plugins,,2025-07-02
https://itch.io/c/4918670/cruxes-collection,,2025-07-02
https://itch.io/c/4919576/krumes-collection,,2025-07-02
https://itch.io/c/4950519/jell0213s-collection,,2025-07-02
https://itch.io/c/4952933/mibizs-collection,,2025-07-02
https://itch.io/c/4969507/tsnook30s-collection,,2025-07-02
https://itch.io/c/4972772/games-i-want-to-play-3,,2025-07-02
https://itch.io/c/4997882/kusanagis-collection,,2025-07-02
https://itch.io/c/5037626/tadano12s-collection,,2025-07-02
https://itch.io/c/5045409/facul,,2025-07-02
https://itch.io/c/5045581/youwu386s-collection,,2025-07-02
https://itch.io/c/5046264/astaandyunos-collection,,2025-07-02
https://itch.io/c/5051437/thangs,,2025-07-02
https://itch.io/c/5064084/efitrefis-collection,,2025-07-02
https://itch.io/c/5074587/mothership,,2025-07-02
https://itch.io/c/5084050/danigwds-collection,,2025-07-02
https://itch.io/c/5085952/ybai95863gmailcoms-collection,,2025-07-02
https://itch.io/c/5086433/someoneelsess-collection,,2025-07-02
https://itch.io/c/5088742/291782hss-collection,,2025-07-02
https://itch.io/c/5098064/tumormeows-collection,,2025-07-02
https://itch.io/c/5104696/jsmith77s-collection,,2025-07-02
https://itch.io/c/5106755/emma100s-collection,,2025-07-02
https://itch.io/c/5110048/noch-komisch,,2025-07-02
https://itch.io/c/5134631/knights-ttrpgs,,2025-07-02
https://itch.io/c/5148505/nightmareiss-collection,,2025-07-02
https://itch.io/c/5159920/godot-tooling,,2025-07-02
https://itch.io/c/5164061,,2025-07-02
https://itch.io/c/5164591/horror,,2025-07-02
https://itch.io/c/5168812/pisseds-collection,,2025-07-02
https://itch.io/c/5201750/panicat2030s-collection,,2025-07-02
https://itch.io/c/5210078/wraith1964s-collection,,2025-07-02
https://itch.io/c/5213681/noveaunovaes-collection,,2025-07-02
https://itch.io/c/5229569/flourbois-collection,,2025-07-02
https://itch.io/c/5230567/joshyryos-collection,,2025-07-02
https://itch.io/c/5232100/000019s-collection,,2025-07-02
https://itch.io/c/5237329/zack-398s-collection,,2025-07-02
https://itch.io/c/5239426/heritage80s-collection,,2025-07-02
https://itch.io/c/5240523/souzin11s-collection,,2025-07-02
https://itch.io/c/5255445/gsrs-collection,,2025-07-02
https://itch.io/c/5256392/ampoles-collection,,2025-07-02
https://itch.io/c/5259765/springfoxxs-collection,,2025-07-02
https://itch.io/c/5278017/j,,2025-07-02
https://itch.io/c/5282546/kurokirinos-collection,,2025-07-02
https://itch.io/c/5290704/ronikillers-collection,,2025-07-02
https://itch.io/c/5298495/laezedrabbys-collection,,2025-07-02
https://itch.io/c/5298708/3lgato1859s-collection,,2025-07-02
https://itch.io/c/5301050/low-fantasy-series,,2025-07-02
https://itch.io/c/5311074/games,,2025-07-02
https://itch.io/c/5316899/app,,2025-07-02
https://itch.io/c/5319015/the-ugly-duclings-collection,,2025-07-02
https://itch.io/c/5331841/pixel-magic,,2025-07-02
https://itch.io/c/5341478/nightnightfury3s-collection,,2025-07-02
https://itch.io/c/5343987/cool-games,,2025-07-02
https://itch.io/c/5355202/mxmels-collection,,2025-07-02
https://itch.io/c/5383506/187467231s-collection,,2025-07-02
https://itch.io/c/5386809/orchids-and-lotuss-collection,,2025-07-02
https://itch.io/c/5396699/games,,2025-07-02
https://itch.io/c/5397545/cool,,2025-07-02
https://itch.io/c/5414856/eres6498s-collection,,2025-07-02
https://itch.io/c/5422906/wolfkanes212s-collection,,2025-07-02
https://itch.io/c/5433239/kkkgg1234s-collection,,2025-07-02
https://itch.io/c/5435022/loo52260s-collection,,2025-07-02
https://itch.io/c/5435090/beefcakezenkis-collection,,2025-07-02
https://itch.io/c/5435808/ega2025s-collection,,2025-07-02
https://itch.io/c/5439356/to-play,,2025-07-02
https://itch.io/c/5440343/shiro107s-collection,,2025-07-02
https://itch.io/c/5445512/alcoholdisinfectants-collection,,2025-07-02
https://itch.io/c/5448433/eee,,2025-07-02
https://itch.io/c/5479357/samitigmailcoms-collection,,2025-07-02
https://itch.io/c/5480107/horror-games-2020-poker-face-73,,2025-07-02
https://itch.io/c/5480136/horror-games-2023-poker-face-225,,2025-07-02
https://itch.io/c/5480137/horror-games-2024-poker-face-323,,2025-07-02
https://itch.io/c/5480856/horror-games-2025-poker-face-168,,2025-07-02
https://itch.io/c/5484227/alek75ss-collection,,2025-07-02
https://itch.io/c/5495214/vis-novels,,2025-07-02
https://itch.io/c/5496454/sonniwithachances-collection,,2025-07-02
https://itch.io/c/5498321/play-again,,2025-07-02
https://itch.io/c/5502580/hmiaohs-collection,,2025-07-02
https://itch.io/c/5505582/released,,2025-07-02
https://itch.io/c/5508585/cam102007s-collection,,2025-07-02
https://itch.io/c/5519447/nicks-collection,,2025-07-02
https://itch.io/c/5525313/eggoboos-collection,,2025-07-02
https://itch.io/c/5531387/wu532s-collection,,2025-07-02
https://itch.io/c/5536671/to-be-played-list,,2025-07-02
https://itch.io/c/5538443/unixumzzs-collection,,2025-07-02
https://itch.io/c/5539101/cbaricuss-collection,,2025-07-02
https://itch.io/c/5540851/all-horror-games-poker-face-2014-2025-97-part-2,,2025-07-02
https://itch.io/c/5554611/k-sukes-collection,,2025-07-02
https://itch.io/c/5556538/froguens-collection,,2025-07-02
https://itch.io/c/5559823/awesome,,2025-07-02
https://itch.io/c/5559926/vn-inspo,,2025-07-02
https://itch.io/c/5560460/rotten-eyes69s-collection,,2025-07-02
https://itch.io/c/5563648/pixpo,,2025-07-02
https://itch.io/c/5564526/lunarkrakens-collection,,2025-07-02
https://itch.io/c/5568750/my-games,,2025-07-02
https://itch.io/c/5578720/ttrpg-portraits-packs,,2025-07-02
https://itch.io/c/5589024/itcht,,2025-07-02
https://itch.io/c/5591027/scyribbs-collection,,2025-07-02
https://itch.io/c/5594918/belia666s-collection,,2025-07-02
https://itch.io/c/5597125/salems-collection,,2025-07-02
https://itch.io/c/5597733/slapperdoodle01s-collection,,2025-07-02
https://itch.io/c/5603394/flgms-collection,,2025-07-02
https://itch.io/c/5604838/finalbosssuiiiis-collection,,2025-07-02
https://itch.io/c/5626702/3d-models,,2025-07-02
https://itch.io/c/5630167/to-check-2,,2025-07-02
https://itch.io/c/5634951/sfwsayghe5rhbs-collection,,2025-07-02
https://itch.io/c/5642937/gotta-play,,2025-07-02
https://itch.io/c/5651130/ianupss-collection,,2025-07-02
https://itch.io/c/5653052/choco-comic-collection,,2025-07-02
https://itch.io/c/5655045/manifestos,,2025-07-02
https://itch.io/c/5655789/aint-it-queer-3,,2025-07-02
https://itch.io/c/5660969/drpepperdragons-collection,,2025-07-02
https://itch.io/c/5665184/frozenbubbless-collection,,2025-07-02
https://itch.io/c/5670229/profdrdrxs-collection,,2025-07-02
https://itch.io/c/5674265/ifs,,2025-07-02
https://itch.io/c/5675946/coltion,,2025-07-02
https://itch.io/c/5683214/collaborations,,2025-07-02
https://itch.io/c/5683218/solo-projects,,2025-07-02
https://itch.io/c/5687372/quantenkappas-collection,,2025-07-02
https://itch.io/c/5696103/izzy-lovergirls-collection,,2025-07-02
https://itch.io/c/5705991/m-is-magic1711s-collection,,2025-07-02
https://itch.io/c/5706174/iczer1s-collection,,2025-07-02
https://itch.io/c/5709763/vincent0w0s-collection-2,,2025-07-02
https://itch.io/c/5711598/cool-gb-games,,2025-07-02
https://itch.io/c/5722434/buzybumblebees-collection,,2025-07-02
https://itch.io/c/5726949/collectionrl,,2025-07-02
https://itch.io/c/5727065/teddybear98s-collection,,2025-07-02
https://itch.io/c/5729343/lokonoko4s-collection,,2025-07-02
https://itch.io/c/5735118/favorites,,2025-07-02
https://itch.io/c/5735332/jellatines-collection,,2025-07-02
https://itch.io/c/5736342/lokonoko4s-collection,,2025-07-02
https://itch.io/c/5740377,,2025-07-02
https://itch.io/c/5752672/rustyrush56s-collection,,2025-07-02
https://itch.io/c/5757662/to-play-,,2025-07-02
https://itch.io/c/5760023/raaagh,,2025-07-02
https://itch.io/c/5761005/gregory,,2025-07-02
https://itch.io/c/5763316/castpersona0425s-collection,,2025-07-02
https://itch.io/c/5764155/play-later,,2025-07-02
https://itch.io/c/5765420/to-download,,2025-07-02
https://itch.io/c/5768419/casherbashers-collection,,2025-07-02
https://itch.io/c/5773187/kirisamezzs-collection,,2025-07-02
https://itch.io/c/5773655/favorites,,2025-07-02
https://itch.io/c/5773788/ytch78s-collection,,2025-07-02
https://itch.io/c/5778863/werrits-collection,,2025-07-02
https://itch.io/c/5784247/game-jams,,2025-07-02
https://itch.io/c/5789753/ezredess-collection,,2025-07-02
https://itch.io/c/5789820/eliapr3ttys-collection,,2025-07-02
https://itch.io/c/5791509/mtintels-collection,,2025-07-02
https://itch.io/c/5795059/ilcores-collection,,2025-07-02
https://itch.io/c/5798380/solarexquiss-collection,,2025-07-02
https://itch.io/c/5799971/e810s-collection,,2025-07-02
https://itch.io/c/5801366/extra-oohs,,2025-07-02
https://itch.io/c/5803011/angel45644s-collection,,2025-07-02
https://itch.io/c/5803085/ezyasabess-collection,,2025-07-02
https://itch.io/c/5804520/makabaka669s-collection,,2025-07-02
https://itch.io/c/5805893/tell-me-when-the-update-comes-out-t-t,,2025-07-02
https://itch.io/c/5806289/my-new-collection,,2025-07-02
https://itch.io/c/5812825/shunshunmarus-collection,,2025-07-02
https://itch.io/c/5813538/ghostlygals-collection,,2025-07-02
https://itch.io/c/5815607/simplymari94s-collection,,2025-07-02
https://itch.io/c/5818400/bidos-04,,2025-07-02
https://itch.io/c/5818884/bkkb12s-collection,,2025-07-02
https://itch.io/c/5819134/wareureungs-collection,,2025-07-02
https://itch.io/c/5821177/gagageeeer55s-collection,,2025-07-02
https://itch.io/c/5826599/wanwanomk2s-collection,,2025-07-02
https://itch.io/c/5828615/magro-nesss-collection,,2025-07-02
https://itch.io/c/5830647/homie-games,,2025-07-02
https://itch.io/c/5830746/tankful,,2025-07-02
https://itch.io/c/5831554/thoughtauctions-collection,,2025-07-02
https://itch.io/c/5834859/sigmgs-collection,,2025-07-02
https://itch.io/c/5836283/corran-breads-collection,,2025-07-02
https://itch.io/c/5837893/geminias-collection,,2025-07-02
https://itch.io/c/5838033/jojobeeps-collection,,2025-07-02
https://itch.io/c/5838108/bojihos-collection,,2025-07-02
https://itch.io/c/5841143/comic,,2025-07-02
https://itch.io/c/5844972/saitamacrushers-collection,,2025-07-02
https://itch.io/c/5845242/fediwe1s-collection,,2025-07-02
https://itch.io/c/5848339/brkiss-collection,,2025-07-02
https://itch.io/c/5848466/plqas-collection,,2025-07-02
https://itch.io/c/5848706/lopjhs-collection,,2025-07-02
https://itch.io/c/5849876,,2025-07-02
https://itch.io/c/5851222/oh-yeah-i-love-furry-porn,,2025-07-02
https://itch.io/c/5856477/flaxtorys-collection,,2025-07-02
https://itch.io/c/5860541/dave877655s-collection,,2025-07-02
https://itch.io/c/5861690/1747768409s-collection,,2025-07-02
https://itch.io/c/5862843/best-game,,2025-07-02
https://itch.io/c/5863324/nbros-collection,,2025-07-02
https://itch.io/c/5867624/fat,,2025-07-02
https://itch.io/c/5869702/romanceotomemy-husbandos,,2025-07-02
https://itch.io/c/5872220/lepelauds-collection,,2025-07-02
https://itch.io/c/5874296/-,,2025-07-02
https://itch.io/c/5874542/cherripleeeaaase,,2025-07-02
https://itch.io/c/5876664/fifaonthespots-collection,,2025-07-02
https://itch.io/c/5877153/jinxxx06s-collection,,2025-07-02
https://itch.io/c/5877967/alishaross844s-collection,,2025-07-02
https://itch.io/c/5878736/d,,2025-07-02
https://itch.io/c/5881326/pipeviolaabuelass-collection,,2025-07-02
https://itch.io/c/5882035/uif,,2025-07-02
https://itch.io/c/5886813/parisbones-collection,,2025-07-02
https://itch.io/c/5888522/chenxiangs-collection,,2025-07-02
https://itch.io/c/5889154/lumilumsers-collection,,2025-07-02
https://itch.io/c/5893336/raelouuuuuuus-collection,,2025-07-02
https://itch.io/c/5897371/leshrimplers-collection,,2025-07-02
https://itch.io/c/5898465/djeaton1996s-collection,,2025-07-02
https://itch.io/c/5900130/visual-novels,,2025-07-02
https://itch.io/c/5900793/olivercj2010s-collection,,2025-07-02
https://itch.io/c/5901309/wearebrokenworms-collection,,2025-07-02
https://itch.io/c/5901722/cooking,,2025-07-02
https://itch.io/c/5903921/my-collection-pt-2,,2025-07-02
https://itch.io/c/5905229,,2025-07-02
https://itch.io/c/5905270/god,,2025-07-02
https://itch.io/c/5905993/johns-collection,,2025-07-02
https://itch.io/c/5908047/buggyswiress-collection,,2025-07-02
https://itch.io/c/5908414/gatosalls-collection,,2025-07-02
https://itch.io/c/5909203/anumcoros-collection,,2025-07-02
https://itch.io/c/5911687/fam-gingitsune-,,2025-07-02
https://itch.io/c/5911697/asuri-isurugi-,,2025-07-02
https://itch.io/c/5911769/axl-ss-collection,,2025-07-02
https://itch.io/c/5913150/wanking,,2025-07-02
https://itch.io/c/5913327/bomb777s-collection,,2025-07-02
https://itch.io/c/5914007/flame-snakes-collection,,2025-07-02
https://itch.io/c/5917414/coffeeblisss-collection,,2025-07-02
https://itch.io/c/5918630/sleepyonryo1987s-collection,,2025-07-02
https://itch.io/c/5919063/xdilovedeftones823s-collection,,2025-07-02
https://itch.io/c/5920025/lixiaogans-collection,,2025-07-02
https://itch.io/c/5920171/i-wanna-play,,2025-07-02
https://itch.io/c/5921143/nsfw,,2025-07-02
https://itch.io/c/5924717/cool-games,,2025-07-02
https://itch.io/c/5925820/hexanaut00s-collection,,2025-07-02
https://itch.io/c/5926000/romance,,2025-07-02
https://itch.io/c/5926440/coming-out-this-year-i-think,,2025-07-02
https://itch.io/c/5928562/cheapcopy66s-collection,,2025-07-02
https://itch.io/c/5930531/game,,2025-07-02
https://itch.io/c/5932940/hope45543s-collection,,2025-07-02
https://itch.io/c/5934473/need-to-tey,,2025-07-02
https://itch.io/c/5935187/elliottk97s-collection,,2025-07-02
https://itch.io/c/5936111/look-on-it,,2025-07-02
https://itch.io/c/5937632/numnums3289s-collection,,2025-07-02
https://itch.io/c/5938093/to-play1-day,,2025-07-02
https://itch.io/c/5938533/bryan-furys-collection,,2025-07-02
https://itch.io/c/5939250/misk882s-collection,,2025-07-02
https://itch.io/c/5939867/misk882s-collection,,2025-07-02
https://itch.io/c/5940905/mikuworms-collection,,2025-07-02
https://itch.io/c/5942673/gudaroras-collection,,2025-07-02
https://itch.io/c/5944231/asciicores-collection,,2025-07-02
https://itch.io/c/5944257/puzzle,,2025-07-02
https://itch.io/c/5948245/sfx,,2025-07-02
https://itch.io/c/5948926/rkpjqs-collection,,2025-07-02
https://itch.io/c/5950892/e-n-spires-collection,,2025-07-02
https://itch.io/c/5951426/fun-little-replayable-games-to-try-yourself,,2025-07-02
https://itch.io/c/5951982/unidentifiedcadavers-collection,,2025-07-02
https://itch.io/c/5952944/ianlorrmas-collection,,2025-07-02
https://itch.io/c/5953069/yuri-101s-collection,,2025-07-02
https://itch.io/c/5954077/ibayuzus-collection,,2025-07-02
https://itch.io/c/5954115/justagirlvs-collection,,2025-07-02
https://itch.io/c/5954443/want,,2025-07-02
https://itch.io/c/5954522/worldestroyer12s-collection,,2025-07-02
https://itch.io/c/5955063/ditre64s-collection,,2025-07-02
https://itch.io/c/5955429/vr,,2025-07-02
https://itch.io/c/5955445/stealslolis-collection,,2025-07-02
https://itch.io/c/5955492/pique,,2025-07-02
https://itch.io/c/5955579/dimmi-da1s-collection,,2025-07-02
https://itch.io/c/5955588/sxuruss-collection,,2025-07-02
https://itch.io/c/5955656/katewarriorcats-collection,,2025-07-02
https://itch.io/c/5955686/yj015432s-collection,,2025-07-02
https://itch.io/c/5956380/crispyxcreams-collection,,2025-07-02
https://itch.io/c/5956383/phypsis-collection,,2025-07-02
https://itch.io/c/5957421/ero-collection,,2025-07-02
https://itch.io/c/5957918/loved-games-3,,2025-07-02
https://itch.io/c/5958273/t,,2025-07-02
https://itch.io/c/5958584/quicktrigger81s-collection,,2025-07-02
https://itch.io/c/5961620/obsessed,,2025-07-02
https://itch.io/c/5962739/browser,,2025-07-02
https://itch.io/c/5962863/coding-stuff,,2025-07-02
https://itch.io/c/5963211/gugukis-collection,,2025-07-02
https://itch.io/c/5963385/buffys-collection,,2025-07-02
https://itch.io/c/5963628/3d-avn,,2025-07-02
https://itch.io/c/5964342/ragudons-collection,,2025-07-02
https://itch.io/c/5965161/ui,,2025-07-02
https://itch.io/c/5965457/defiantdarknesss-collection,,2025-07-02
https://itch.io/c/5965522/cool-browser-games,,2025-07-02
https://itch.io/c/5965712/speteclouss-collection,,2025-07-02
https://itch.io/c/5965838/use-e-d-crditos,,2025-07-02
https://itch.io/c/5966233/redgt459s-collection,,2025-07-02
https://itch.io/c/5966811/akane1312s-collection,,2025-07-02
https://itch.io/c/5967081/onemonkey25s-collection,,2025-07-02
https://itch.io/c/5967293/lajewrns-collection,,2025-07-02
https://itch.io/c/5967301/siggisiggmanns-collection,,2025-07-02
https://itch.io/c/5967386,,2025-07-02
https://itch.io/c/5967830/7u7,,2025-07-02
https://itch.io/c/5967877/xxazethxxs-collection,,2025-07-02
https://itch.io/c/5968946/might-download,,2025-07-02
https://itch.io/c/5968980/holmessis-collection,,2025-07-02
https://itch.io/c/5969085/gokilys-collection,,2025-07-02
https://itch.io/c/5969170/asxtrds-collection,,2025-07-02
https://itch.io/c/5969640/michel-barrioss-collection,,2025-07-02
https://itch.io/c/5969696/joaovictor01s-collection,,2025-07-02
https://itch.io/c/5969702/makimoons-collection,,2025-07-02
https://itch.io/c/5969719/spooky-time-3,,2025-07-02
https://itch.io/c/5969737/games-for-streaming-and-videos,,2025-07-02
https://itch.io/c/5969829/fun-sprunki-mods,,2025-07-02
https://itch.io/c/5969917/g,,2025-07-02
https://itch.io/c/5970059/zabetyes-collection,,2025-07-02
https://itch.io/c/5970070/the-mysterious-strangers-collection,,2025-07-02
https://itch.io/c/5970129,,2025-07-02
https://itch.io/c/5970249/olegkilljoys-collection,,2025-07-02
https://itch.io/c/5970266/visual-novel,,2025-07-02
https://itch.io/c/5970473/lazar-beeeems-collection,,2025-07-02
https://itch.io/c/5970631/horror,,2025-07-02
https://itch.io/c/5970633/silly-goofy-browser-games,,2025-07-02
https://itch.io/c/5970805/favorites,,2025-07-02
https://itch.io/c/5970996/wanttttt,,2025-07-02
https://itch.io/c/5971067/tsahoeuts-collection,,2025-07-02
https://itch.io/c/5971114/wanna-play,,2025-07-02
https://itch.io/c/5971180/king-beast19s-collection,,2025-07-02
https://itch.io/c/5971209/toyjoshas-collection,,2025-07-02
https://itch.io/c/5971224/azazelykas-collection,,2025-07-02
https://itch.io/c/5971356/edeythecheesewizords-collection,,2025-07-02
https://itch.io/c/5971380/mossmidnights-collection,,2025-07-02
https://itch.io/c/5971542/neverwasahumans-collection,,2025-07-02
https://itch.io/c/5971582/i-wanna-assets,,2025-07-02
https://itch.io/c/5971687/doughboy11s-collection,,2025-07-02
https://itch.io/c/5971868/adonis3456s-collection,,2025-07-02
https://itch.io/c/5972075/kenmasstalkers-collection,,2025-07-02
https://itch.io/c/5972230/username1985s-collection,,2025-07-02
https://itch.io/c/5972233/00721s-collection,,2025-07-02
https://itch.io/c/5972237/annas-collection,,2025-07-02
https://itch.io/c/5972287/visual-novels,,2025-07-02
https://itch.io/c/5972299/simulation,,2025-07-02
https://itch.io/c/5972317/chenwei3137s-collection,,2025-07-02
https://itch.io/c/5972343/kimumi087s-collection,,2025-07-02
https://itch.io/c/5972352/ludens-fest-games,,2025-07-02
https://itch.io/c/5972375,,2025-07-02
https://itch.io/c/5972381/xformgames,,2025-07-02
https://itch.io/c/5972398/jjj,,2025-07-02
https://itch.io/c/5972410/wd,,2025-07-02
https://itch.io/c/5972417/hamzatar135s-collection,,2025-07-02
https://itch.io/c/5972421/tiffecks-collection,,2025-07-02
https://itch.io/c/5972446/lovrss-collection,,2025-07-02
https://itch.io/c/5972463/yay-to-play,,2025-07-02
https://itch.io/c/5972493/marked-for-later,,2025-07-02
https://itch.io/c/5972513/games,,2025-07-02
https://itch.io/c/5972528/yoshino-00s-collection,,2025-07-02
https://itch.io/c/5972588/lenaalenhss-collection,,2025-07-02
https://itch.io/c/5972613/nick-arvans-collection,,2025-07-02
https://itch.io/c/5972679/solars-collection,,2025-07-02
https://itch.io/c/5972690/l9aras-collection,,2025-07-02
https://itch.io/c/5972718/noob-gam,,2025-07-02
https://itch.io/c/5972745/game-engines,,2025-07-02
https://itch.io/c/5972747/d3nzxxxs-collection,,2025-07-02
https://itch.io/c/5972774/raynare-studioss-collection,,2025-07-02
https://itch.io/c/5972775/mothgyus-collection,,2025-07-02
https://itch.io/c/5972778/hrala,,2025-07-02
https://itch.io/c/5972813/supzus-collection,,2025-07-02
https://itch.io/c/5972823/vr,,2025-07-02
https://itch.io/c/5972829/sat0rus-collection,,2025-07-02
https://itch.io/c/5972840/open-source,,2025-07-02
https://itch.io/c/5972844/danipozuecopppyts-collection,,2025-07-02
https://itch.io/c/5972845/tywille-kronyards-collection,,2025-07-02
https://itch.io/c/5972857/games-to-play,,2025-07-02
https://itch.io/c/5972879/wpostals-collection,,2025-07-02
https://itch.io/c/5972909/oceanbeach,,2025-07-02
https://itch.io/c/5972916/desertwestern,,2025-07-02
https://itch.io/c/5972917/snowwinter,,2025-07-02
https://itch.io/c/5972924/towncity,,2025-07-02
https://itch.io/c/5972926/sci-fi,,2025-07-02
https://itch.io/c/5972927/meteorpoetrys-collection,,2025-07-02
https://itch.io/c/5972928/tywille-kronyards-collection,,2025-07-02
https://itch.io/c/5972930/keemera-arts-collection,,2025-07-02
https://itch.io/c/5972942/ma18032024383s-collection,,2025-07-02
https://itch.io/c/5972995/mayesha-pervins-collection,,2025-07-02
https://itch.io/c/5973012,,2025-07-02
https://itch.io/c/5973027/visual-novels,,2025-07-02
https://itch.io/c/5973037/parsnip456s-collection,,2025-07-02
https://itch.io/c/5973041/moonieas-collection,,2025-07-02
https://itch.io/c/5973052/ait3367s-collection,,2025-07-02
https://itch.io/c/5973054/games-i-want-to-play,,2025-07-02
https://itch.io/c/5973072/tools,,2025-07-02
https://itch.io/c/5973079/troika,,2025-07-02
https://itch.io/c/5973084/text-based-story-games,,2025-07-02
https://itch.io/c/5973097/lexiexos-collection,,2025-07-02
https://itch.io/c/5973102/mobile,,2025-07-02
https://itch.io/c/5973141/furry-visual-novels,,2025-07-02
https://itch.io/c/5973142/bolsonarodecalcins-collection,,2025-07-02
https://itch.io/c/5973153/cozy-games,,2025-07-02
https://itch.io/c/5973211/v0lt4g3s-collection,,2025-07-02
https://itch.io/c/5973260/seipois-collection,,2025-07-02
https://itch.io/c/5973266/michyzzs-collection,,2025-07-02
https://itch.io/c/5973275/autumnhalloween,,2025-07-02
https://itch.io/c/5973279/junimoonis-collection,,2025-07-02
https://itch.io/c/5973302/want-to-play,,2025-07-02
https://itch.io/c/5973303/games,,2025-07-02
https://itch.io/c/5973308/2008512s-collection,,2025-07-02
https://itch.io/c/5973315/dullilosts-collection,,2025-07-02
https://itch.io/c/5973323/dullilosts-collection,,2025-07-02
https://itch.io/c/5973328/zeldalike,,2025-07-02
https://itch.io/c/5973330/gooner-games,,2025-07-02
https://itch.io/c/5973337/modern-trans-narratives-in-games,,2025-07-02
https://itch.io/c/5973341/farmlike,,2025-07-02
https://itch.io/c/5973344/sex,,2025-07-02
https://itch.io/c/5973365/solo-ttrpg,,2025-07-02
https://itch.io/c/5973367/arcanay007s-collection,,2025-07-02
https://itch.io/c/5973379/jddbostonboys-collection,,2025-07-02
https://itch.io/c/5973380/kievkies-collection,,2025-07-02
https://itch.io/c/5973390/side-scroll,,2025-07-02
https://itch.io/c/5973391/linux,,2025-07-02
https://itch.io/c/5973395/scary-games,,2025-07-02
https://itch.io/c/5973417/i-like-,,2025-07-02
https://itch.io/c/5973438/zelyexs-collection,,2025-07-02
https://itch.io/c/5973439/ngl2824s-collection,,2025-07-02
https://itch.io/c/5973447/interiors,,2025-07-02
https://itch.io/c/5973451/two-player-ttrpg,,2025-07-02
https://itch.io/c/5973461/for-later,,2025-07-02
https://itch.io/c/5973490/halloween,,2025-07-02
https://itch.io/c/5973533/interesses,,2025-07-02
https://itch.io/c/5973536/stealslolis-collection,,2025-07-02
https://itch.io/c/5973543/to-play,,2025-07-02
https://itch.io/c/5973549/2356ss-collection,,2025-07-02
https://itch.io/c/5973550/l,,2025-07-02
https://itch.io/c/5973562/cielitozs-collection,,2025-07-02
https://itch.io/c/5973569/gooning,,2025-07-02
https://itch.io/c/5973581/hentai-oyunlari,,2025-07-02
https://itch.io/c/5973586/want-to-play,,2025-07-02
https://itch.io/c/5973596/to-play,,2025-07-02
https://itch.io/c/5973675/ironsworn-starforged,,2025-07-02
https://itch.io/c/5973789/stewcails-collection,,2025-07-02
https://itch.io/c/5973795/t-yler-373s-collection,,2025-07-02
https://itch.io/c/5973820/otome,,2025-07-02
https://itch.io/c/5973824/pdxs-collection,,2025-07-02
https://itch.io/c/5973827/gs,,2025-07-02
https://itch.io/c/5973828/shiotyas-collection,,2025-07-02
https://itch.io/c/5973863/demonels-collection,,2025-07-02
https://itch.io/c/5973872/xmarkiexmayhemxs-collection,,2025-07-02
https://itch.io/c/5973884/xwyattomgxs-collection,,2025-07-02
https://itch.io/c/5973897/some-guy-named-somethings-collection,,2025-07-02
https://itch.io/c/5973898/items,,2025-07-02
https://itch.io/c/5973900/saltjaeng2s-collection,,2025-07-02
https://itch.io/c/5973902/web,,2025-07-02
https://itch.io/c/5973941/mermalade34s-collection,,2025-07-02
https://itch.io/c/5973945/pyjaman13s-collection,,2025-07-02
https://itch.io/c/5973958/tbp,,2025-07-02
https://itch.io/c/5973964/king-lemon1s-collection,,2025-07-02
https://itch.io/c/5973986/ttrpg,,2025-07-02
https://itch.io/c/5973990/vr-games,,2025-07-02
https://itch.io/c/5973996/my-bitsy-games,,2025-07-02
https://itch.io/c/5973997/kudousenseis-collection,,2025-07-02
https://itch.io/c/5973999/krazuls-collection,,2025-07-02
https://itch.io/c/5974009/132,,2025-07-02
https://itch.io/c/5974058/dragonraywolf03s-collection,,2025-07-02
https://itch.io/c/5974060/femdom-games,,2025-07-02
https://itch.io/c/5974065/xcntrqs-collection,,2025-07-02
https://itch.io/c/5974081/yarr,,2025-07-02
https://itch.io/c/5974086/caloucos-collection,,2025-07-02
https://itch.io/c/5974110/houmagidenler,,2025-07-02
https://itch.io/c/5974148/eruntalons-collection,,2025-07-02
https://itch.io/c/5974152/visual-novels,,2025-07-02
https://itch.io/c/5974154/time-fantasy-rpg,,2025-07-02
https://itch.io/c/5974164/literature,,2025-07-02
https://itch.io/c/5974170/mewokkss-collection,,2025-07-02
https://itch.io/c/5974171/queengwens-collection,,2025-07-02
https://itch.io/c/5974176/tommymoore600s-collection,,2025-07-02
https://itch.io/c/5974195/heisgones-collection,,2025-07-02
https://itch.io/c/5974228/dano15194400s-collection,,2025-07-02
https://itch.io/c/5974231/h-games,,2025-07-02
https://itch.io/c/5974276/captainboreals-collection,,2025-07-02
https://itch.io/c/5974290/stadicpats-collection,,2025-07-02
https://itch.io/c/5974301/matinsides-collection,,2025-07-02
https://itch.io/c/5974334/playedfollowing,,2025-07-02
https://itch.io/c/5974335/angrymold666s-collection,,2025-07-02
https://itch.io/c/5974397/downloaded,,2025-07-02
https://itch.io/c/5974416/origamikamis-collection,,2025-07-02
https://itch.io/c/5974435/zennokz7s-collection,,2025-07-02
https://itch.io/c/5974438/felt-cute-might-play-later,,2025-07-02
https://itch.io/c/5974448/rhass-collection,,2025-07-02
https://itch.io/c/5974462/games-to-play-soon,,2025-07-02
https://itch.io/c/5974469/bl00dyd0ll666s-collection,,2025-07-02
https://itch.io/c/5974487/someguy74262s-collection-14,,2025-07-02
https://itch.io/c/5974490/val-starss-collection,,2025-07-02
https://itch.io/c/5974496/b,,2025-07-02
https://itch.io/c/5974504/joe1234567891011s-collection,,2025-07-02
https://itch.io/c/5974510/nomadnajs-collection,,2025-07-02
https://itch.io/c/5974512/f0r3v3reepys-collection,,2025-07-02
https://itch.io/c/5974515/fs25-mods,,2025-07-02
https://itch.io/c/5974524/chadak47s-collection,,2025-07-02
https://itch.io/c/5974525/vore-games,,2025-07-02
https://itch.io/c/5974532/spacecowboy-xs-collection,,2025-07-02
https://itch.io/c/5974538/buckleysoreals-collection,,2025-07-02
https://itch.io/c/5974542/spacecowboy-xs-collection,,2025-07-02
https://itch.io/c/5974570/superspreams-collection,,2025-07-02
https://itch.io/c/5974572/paddedartsyfartsys-collection,,2025-07-02
https://itch.io/c/5974584/rule-34,,2025-07-02
https://itch.io/c/5974591/maybe,,2025-07-02
https://itch.io/c/5974613/games-i-want-to-play,,2025-07-02
https://itch.io/c/5974632/sumerlefs-collection,,2025-07-02
https://itch.io/c/5974635/subaru77s-collection,,2025-07-02
https://itch.io/c/5974684/tequiilas-collection,,2025-07-02
https://itch.io/c/5974716/david9470-equipment,,2025-07-02
https://itch.io/c/5974719/david9470-trailers,,2025-07-02
https://itch.io/c/5974724/david9470-trucks,,2025-07-02
https://itch.io/c/5974727/david9470-tractors,,2025-07-02
https://itch.io/c/5974747/ichorphilias-collection,,2025-07-02
https://itch.io/c/5974755/adult-games,,2025-07-02
https://itch.io/c/5974759/david9470-placebles,,2025-07-02
https://itch.io/c/5974760/mainlist,,2025-07-02
https://itch.io/c/5974794/fantasys-collection,,2025-07-02
https://itch.io/c/5974801/bfdsbks-collection,,2025-07-02
https://itch.io/c/5974804/horror,,2025-07-02
https://itch.io/c/5974805/dxd,,2025-07-02
https://itch.io/c/5974826/needs,,2025-07-02
https://itch.io/c/5974833/kaicookiephiskas-collection,,2025-07-02
https://itch.io/c/5974835/to-download,,2025-07-02
https://itch.io/c/5974874/want,,2025-07-02
https://itch.io/c/5974884/749669945abcds-collection,,2025-07-02
https://itch.io/c/5974885/749669945abcds-collection,,2025-07-02
https://itch.io/c/5974901/old-style,,2025-07-02
https://itch.io/c/5974919/marymariss-collection,,2025-07-02
https://itch.io/c/5974942/games-im-intested,,2025-07-02
https://itch.io/c/5974950/thepurplearmys-collection,,2025-07-02
https://itch.io/c/5974963/werewolvfs-collection,,2025-07-02
https://itch.io/c/5974965/path-of-exedus,,2025-07-02
https://itch.io/c/5974970/eeeeeeeeeeee,,2025-07-02
https://itch.io/c/5974988/heroicspiritemiyas-collection,,2025-07-02
https://itch.io/c/5975008/re-downloaded,,2025-07-02
https://itch.io/c/5975017/big-byte-game-jam-2025,,2025-07-02
https://itch.io/c/5975036/random-romancy-things-i-wanna-play,,2025-07-02
https://itch.io/c/5975065/mayelxds-collection,,2025-07-02
https://itch.io/c/5975066/games-i-wanna-try,,2025-07-02
https://itch.io/c/5975067/11lovigis-collection,,2025-07-02
https://itch.io/c/5975075/sugardrizzel-swerlls-collection,,2025-07-02
https://itch.io/c/5975078/amaturasus-collection,,2025-07-02
https://itch.io/c/5975080,,2025-07-02
https://itch.io/c/5975084/furry-games,,2025-07-02
https://itch.io/c/5975099/jeyarrrrs-collection,,2025-07-02
https://itch.io/c/5975106/my-game-jam-entries,,2025-07-02
https://itch.io/c/5975116/wish,,2025-07-02
https://itch.io/c/5975145/drpepperdragons-collection,,2025-07-02
https://itch.io/c/5975154/rashgigances-collection,,2025-07-02
https://itch.io/c/5975155/samsarafoxs-collection,,2025-07-02
https://itch.io/c/5975191/virt-novels,,2025-07-02
https://itch.io/c/5975221/games-to-try,,2025-07-02
https://itch.io/c/5975231/gay-games-to-try,,2025-07-02
https://itch.io/c/5975243/finnyplutos-collection,,2025-07-02
https://itch.io/c/5975259/visual-novels,,2025-07-02
https://itch.io/c/5975270/meteorpoetrys-collection,,2025-07-02
https://itch.io/c/5975271/cozy-games,,2025-07-02
https://itch.io/c/5975291/2481s-collection,,2025-07-02
https://itch.io/c/5975294/jobb86s-collection,,2025-07-02
https://itch.io/c/5975335/astrxlis-collection,,2025-07-02
https://itch.io/c/5975336/incrementals,,2025-07-02
https://itch.io/c/5975378/vioashina0s-collection,,2025-07-02
https://itch.io/c/5975411/tartpop546s-collection,,2025-07-02
https://itch.io/c/5975427/games-to-play,,2025-07-02
https://itch.io/c/5975451/wishlist,,2025-07-02
https://itch.io/c/5975457/chubs921s-collection,,2025-07-02
https://itch.io/c/5975493/browser,,2025-07-02
https://itch.io/c/5975527/youbee123s-collection,,2025-07-02
https://itch.io/c/5975605/interested,,2025-07-02
https://itch.io/c/5975606/monsterdemon-boyfriends-husbandos,,2025-07-02
https://itch.io/c/5975611/lunikaroses-collection,,2025-07-02
https://itch.io/c/5975635/lekaufos-collection,,2025-07-02
https://itch.io/c/5975640/plan-to-play,,2025-07-02
https://itch.io/c/5975669/pot,,2025-07-02
https://itch.io/c/5975763/egf96s-collection,,2025-07-02
https://itch.io/c/5975779/solo-gaming,,2025-07-02
https://itch.io/c/5975782/books-3,,2025-07-02
https://itch.io/c/5975821/nkioullas51s-collection,,2025-07-02
https://itch.io/c/5975834/2d,,2025-07-02
https://itch.io/c/5975838/3d,,2025-07-02
https://itch.io/c/5975847/snow0701s-collection,,2025-07-02
https://itch.io/c/5975849/pixel,,2025-07-02
https://itch.io/c/5975858/killmeplzmabye89s-collection,,2025-07-02
https://itch.io/c/5975871/yiyipapas-collection,,2025-07-02
https://itch.io/c/5975885/awesome-generators,,2025-07-02
https://itch.io/c/5975920/s2j2s-collection,,2025-07-02
https://itch.io/c/5975964/boauds-collection,,2025-07-02
https://itch.io/c/5975966/darkaguamitas-collection,,2025-07-02
https://itch.io/c/5975991/terror,,2025-07-02
https://itch.io/c/5976002/chuxing7s-collection,,2025-07-02
https://itch.io/c/5976007/cool-playdate-titles,,2025-07-02
https://itch.io/c/5976013/one-page-solo-rpgs,,2025-07-02
https://itch.io/c/5976018/remdies-horror-collection-1,,2025-07-02
https://itch.io/c/5976024/one-page-rpgs,,2025-07-02
https://itch.io/c/5976025/renees-collection,,2025-07-02
https://itch.io/c/5976035/kunatenims-collection,,2025-07-02
https://itch.io/c/5976045/kunatenims-collection,,2025-07-02
https://itch.io/c/5976056/rpgs,,2025-07-02
https://itch.io/c/5976059/horror,,2025-07-02
https://itch.io/c/5976082/ho-shi-this-is-so-good-wha,,2025-07-02
https://itch.io/c/5976102/games-i-want-to-play,,2025-07-02
https://itch.io/c/5976105/journaling,,2025-07-02
https://itch.io/c/5976110/brusk49s-collection,,2025-07-02
https://itch.io/c/5976120/rhgdhis-collection,,2025-07-02
https://itch.io/c/5976135/carmilla4s-collection,,2025-07-02
https://itch.io/c/5976138/irmamaks-collection,,2025-07-02
https://itch.io/c/5976147/wanna-play,,2025-07-02
https://itch.io/c/5976154/benny661s-collection,,2025-07-02
https://itch.io/c/5976160/brusk49s-collection,,2025-07-02
https://itch.io/c/5976169/nicosucks-collection,,2025-07-02
https://itch.io/c/5976175/nicosucks-collection,,2025-07-02
https://itch.io/c/5976192/to-play-free,,2025-07-02
https://itch.io/c/5976221/games-to-be-played-on-stream,,2025-07-02
https://itch.io/c/5976259/vnranks,,2025-07-02
https://itch.io/c/5976263/mikimoowhos-collection,,2025-07-02
https://itch.io/c/5976266/amelia-floyens-collection,,2025-07-02
https://itch.io/c/5976268/aarcadiaas-collection,,2025-07-02
https://itch.io/c/5976289/xujinhui4466s-collection,,2025-07-02
https://itch.io/c/5976330/muri135s-collection,,2025-07-02
https://itch.io/c/5976346/stilldevs-collection,,2025-07-02
https://itch.io/c/5976352/wtf-jam,,2025-07-02
https://itch.io/c/5976368/fyqys-collection,,2025-07-02
https://itch.io/c/5976372/inspiration,,2025-07-02
https://itch.io/c/5976378/liked,,2025-07-02
https://itch.io/c/5976379/my-modules,,2025-07-02
https://itch.io/c/5976389,,2025-07-02
https://itch.io/c/5976396/4-students-unique-free-games,,2025-07-02
https://itch.io/c/5976419/evilchesters-collection,,2025-07-02
https://itch.io/c/5976422/jkhhkks-collection,,2025-07-02
https://itch.io/c/5976447/rumokuras-collection,,2025-07-02
https://itch.io/c/5976467/comxuanls-collection,,2025-07-02
https://itch.io/c/5976477/jkhhkks-collection,,2025-07-02
https://itch.io/c/5976494/itch-io-day-01072025,,2025-07-02
https://itch.io/c/468678/good-stuff,,2025-07-02
https://itch.io/c/538703/mcoolgirls-collection,,2025-07-02
https://itch.io/c/657567/my-collection,,2025-07-02
https://itch.io/c/754584/bilinh0s-collection,,2025-07-02
https://itch.io/c/851365/rubbles-stash,,2025-07-02
https://itch.io/c/855165/candy-spookie-bois-collection,,2025-07-02
https://itch.io/c/895717/jamessingss-collection,,2025-07-02
https://itch.io/c/918995/paraboness-collection,,2025-07-02
https://itch.io/c/1203246/artmusics-collection,,2025-07-02
https://itch.io/c/1266257/save-for-l8r,,2025-07-02
https://itch.io/c/1486265/lostvayne123s-collection,,2025-07-02
https://itch.io/c/1565268/supersuertes-collection,,2025-07-02
https://itch.io/c/1579705/inariuss-collection,,2025-07-02
https://itch.io/c/1592098/jspiess-collection,,2025-07-02
https://itch.io/c/1593501/i11uminatis-collection,,2025-07-02
https://itch.io/c/1607049/ollo014s-collection,,2025-07-02
https://itch.io/c/1656771/z3n1ths-collection,,2025-07-02
https://itch.io/c/1722865/suicidesuns-collection,,2025-07-02
https://itch.io/c/1898569/slendy54s-collection,,2025-07-02
https://itch.io/c/1966064/longhuos-collection,,2025-07-02
https://itch.io/c/1987127/katinacloaks-collection,,2025-07-02
https://itch.io/c/1999054/rainytoxics-collection,,2025-07-02
https://itch.io/c/2046922/throwawaysimss-collection,,2025-07-02
https://itch.io/c/2063343/fuzzybunnylizards-collection,,2025-07-02
https://itch.io/c/2337280/spookymics-collection,,2025-07-02
https://itch.io/c/2337500/raddaduis-collection,,2025-07-02
https://itch.io/c/2389846/games-i-wanna-play-eventually-when-i-have-the-money-to-oof,,2025-07-02
https://itch.io/c/2459431/patchesironflasks-collection,,2025-07-02
https://itch.io/c/2466630/yuukiies-collection,,2025-07-02
https://itch.io/c/2481952/kewl,,2025-07-02
https://itch.io/c/2491802/games-to-try,,2025-07-02
https://itch.io/c/2506403/my-collection,,2025-07-02
https://itch.io/c/2688356/normal-games,,2025-07-02
https://itch.io/c/2707750/bitsy-like-creations,,2025-07-02
https://itch.io/c/2725669/lochnesmesss-collection,,2025-07-02
https://itch.io/c/2732217/urfrembjojos-collection,,2025-07-02
https://itch.io/c/2733047/rndm-adrians-collection,,2025-07-02
https://itch.io/c/2756102/fan-games,,2025-07-02
https://itch.io/c/2781447/lonlonyuus-collection,,2025-07-02
https://itch.io/c/2859613/visual-novels,,2025-07-02
https://itch.io/c/2863504/smalls031010s-collection,,2025-07-02
https://itch.io/c/2957430/djgunz2011s-collection,,2025-07-02
https://itch.io/c/2965111/novell,,2025-07-02
https://itch.io/c/2985205/visual-novel-romance,,2025-07-02
https://itch.io/c/3014475/playdate,,2025-07-02
https://itch.io/c/3043777/ivanlazarovgs-collection,,2025-07-02
https://itch.io/c/3049056/game-dev,,2025-07-02
https://itch.io/c/3098568/ray66s-collection,,2025-07-02
https://itch.io/c/3141276/mekamarus-collection-1,,2025-07-02
https://itch.io/c/3146779/mekamarus-collection-2,,2025-07-02
https://itch.io/c/3154530/bedsides-collection,,2025-07-02
https://itch.io/c/3161096/juicy-hentai-games,,2025-07-02
https://itch.io/c/3226023/jeightws-collection,,2025-07-02
https://itch.io/t/5038289/english-to-french-game-localization-free-service-portfolio-building,,2025-07-02
https://itch.io/t/5038347/music-volunteer-looking-for-a-mixing-mastering-engineer-for-my-dream-games-ost,,2025-07-02
https://itch.io/t/5038383/music-composer-looking-for-a-project-for-free,,2025-07-02
https://itch.io/t/5038476/art-paid-illustratorcharacter-designer-looking-to-join-projects,,2025-07-02
https://itch.io/t/5038483/free-demo-hyper-sentinel-fusion-,,2025-07-02
https://itch.io/t/5038558/finally-survival-game-updated,,2025-07-02
https://itch.io/t/5038570/godotunityprogrammer-looking-for-a-few-peoples-to-start-a-development-team-with,,2025-07-02
https://itch.io/t/5038577/please-give-your-feedback-on-this-new-update-of-a-survival-game,,2025-07-02
https://itch.io/t/5038594/wolf-dagger-a-tactical-stealth-action-indie-game-made-solo-feedback-welcome,,2025-07-02
https://itch.io/t/5038713/metin2-mobile,,2025-07-02
https://itch.io/t/5038816/krepagotchi-your-own-creeper-pet-,,2025-07-02
https://itch.io/t/5038865/freepalastine,,2025-07-02
https://itch.io/t/5038969/tower-attack,,2025-07-02
https://itch.io/t/5038983/forged-into-history-speedway-odyssey-demo,,2025-07-02
https://itch.io/t/5039098/incident-on-site-1-is-out,,2025-07-02
https://itch.io/t/5039141/yet-another-murder-mystery,,2025-07-02
https://itch.io/t/5039219/datura-time-50-summer-sale,,2025-07-02
https://itch.io/t/5039245/8-more-lives-turn-based-tactical-rpg,,2025-07-02
https://itch.io/t/5039291/eldritch-instinct-cosmic-horror-pulp-action,,2025-07-02
https://itch.io/t/5039375/blocky-platformer-asset,,2025-07-02
https://itch.io/t/5039743/ios-version-of-seega,,2025-07-02
https://itch.io/t/5039779/phantomware-0-a-glitch-in-reality-a-descent-into-horror,,2025-07-02
https://itch.io/t/5039854/a-new-update-and-a-dlc-for-a-survival-game,,2025-07-02
https://itch.io/t/5039863/if-you-are-looking-for-a-chess-game-then-last-chess-standing-is-for-you,,2025-07-02
https://itch.io/t/5039880/turbowarp-mostly-coders-paid-email-required-seeking-someone-to-program-most-of-the-code-for-an-upcoming-deadrails-inspired-game,,2025-07-02
https://itch.io/t/5039894/golden-tavern-inn-manager-demo,,2025-07-02
https://itch.io/t/5040000/-the-humble-bundle-,,2025-07-02
https://itch.io/t/5040074/disharmony-a-diablo-esque-solo-adventure,,2025-07-02
https://itch.io/t/5040081/phosphor-write-like-its-1982,,2025-07-02
https://itch.io/t/5040132/music-sound-designer-here-looking-for-collabs,,2025-07-02
https://itch.io/t/5040174/what-do-you-think-of-this-update-of-a-survival-game,,2025-07-02
https://itch.io/t/5040186/2d-pixel-artrev-share-looking-for-artist-to-make-nature-assets-for-project,,2025-07-02
https://itch.io/t/5040211/backtype-a-backrooms-themed-typing-game,,2025-07-02
https://itch.io/t/5040352/writer-looking-to-collab-i-can-write,,2025-07-02
https://itch.io/t/5040362/the-great-treasure-quest-has-launched,,2025-07-02
https://itch.io/t/5040509/pixel-art-straw-training-dummy-new-free-asset-pack,,2025-07-02
https://itch.io/t/5040605/feedback-on-my-tamagotchi-minecraft-inspired-virtual-pet-game,,2025-07-02
https://itch.io/t/5040769/tapspire-mathspire,,2025-07-02
https://itch.io/t/5040806/apk-issue,,2025-07-02
https://itch.io/t/5040886/atavistic-jam,,2025-07-02
https://itch.io/t/5040982/introducing-slang-a-shader-language-that-supports-modularity,,2025-07-02
https://itch.io/t/5040985/looking-for-gdevelop-programmer-for-pixel-rpg,,2025-07-02
https://itch.io/t/5041007/for-hire-composer-looking-for-work,,2025-07-02
https://itch.io/t/5041060/the-working-dead,,2025-07-02
https://itch.io/t/5041077/ultra-mega-planet-battles,,2025-07-02
https://itch.io/t/5041121/hi-everyone-im-a-2d-digital-artist-sfw-and-nsfw-looking-for-work-i-draw-in-semi-realistic-style-check-out-my-portfolio-below,,2025-07-02
https://itch.io/t/5041158/allow-the-creation-of-multilingual-pages-for-a-game,,2025-07-02
https://itch.io/t/5041204/infinite-zoom-point-and-click-turn-on-a-fresh-twist-on-puzzle-adventures,,2025-07-02
https://itch.io/t/5041296/paper-toss-vr-for-the-meta-quest,,2025-07-02
https://itch.io/t/5041341/convertify-the-ultimate-asset-workflow-tool,,2025-07-02
https://itch.io/t/5041352/engine-dev-log-11-a-first-look-at-compute-shaders,,2025-07-02
https://itch.io/t/5041401/anderkant-5-free-download-full-version-out-now,,2025-07-02
https://itch.io/t/5041416/looking-for-scenarist,,2025-07-02
https://itch.io/t/5041419/feedback-wanted-playable-cartoon-cooking-game-for-kids,,2025-07-02
https://itch.io/t/5041443/music-paidunpaid-composer-looking-for-a-project,,2025-07-02
https://itch.io/t/5041468/testimonium-is-out-its-weird,,2025-07-02
https://itch.io/t/5041545/anderkant-5-sound-track,,2025-07-02
https://itch.io/t/5041555/payout-stuck-in-review-for-months-no-response-ticket-270801,,2025-07-02
https://itch.io/t/5041594/dungeon-meal-card-game-with-mutated-food,,2025-07-02
https://itch.io/t/5041610/tool-for-typing-extra-codes-in-game,,2025-07-02
https://itch.io/t/5041720/build-a-city-on-the-side-in-this-cozy-desktop-city-building-game,,2025-07-02
https://itch.io/t/5041824/looking-for-a-coder-to-collaborate-on-a-project-similar-to-flappy-bird-i-provide-artsideas,,2025-07-02
https://itch.io/t/5041878/early-autopilot-test-drive-julyupdate-carsimulator2d,,2025-07-02
https://itch.io/t/5041882/pizza-doggys-horror-jam-2,,2025-07-02
https://itch.io/t/5041926/lfs-programmer-unpaid-unity-looking-for-unity-and-web-developers-to-create-an-online-gaming-platform,,2025-07-02
https://itch.io/t/5041936/3d-model-artist-looking-for-a-level-designer-3d-artist-partner-for-a-stylized-fps-web-based,,2025-07-02
https://itch.io/t/5041964/3d-artist-game-uiux-looking-for-work,,2025-07-02
https://itch.io/t/5042018/drag-and-drop-horror-game,,2025-07-02
https://snack.itch.io/jumpingjean,,2025-07-02
https://car-freak.itch.io/crunch-cars,,2025-07-02
https://teambrunomir.itch.io/jakes-paralysis,,2025-07-02
https://erocondo.itch.io/game,,2025-07-02
https://ollsgard.itch.io/maatri,,2025-07-02
https://eliflua.itch.io/how,,2025-07-02
https://newsocietygaming.itch.io/new-society-gaming,,2025-07-02
https://arulandu.itch.io/vineyard,,2025-07-02
https://teambrunomir.itch.io/laaventuradejj,,2025-07-02
https://car-freak.itch.io/present-thrower,,2025-07-02
https://quantumsoteriology.itch.io/okuu,,2025-07-02
https://car-freak.itch.io/pixel-car-pov-simulator-prototype,,2025-07-02
https://stellaroctopians.itch.io/the-437,,2025-07-02
https://crumblingkeep.itch.io/tmaster-of-the-onyx-tower,,2025-07-02
https://teambrunomir.itch.io/berserk-interactive-manga-project,,2025-07-02
https://kaimanthehybrid.itch.io/lucky-sky-defenders,,2025-07-02
https://eliflua.itch.io/bills-adventure,,2025-07-02
https://arulandu.itch.io/blocked,,2025-07-02
https://car-freak.itch.io/cars-tech-demo,,2025-07-02
https://wobblym.itch.io/astroseal,,2025-07-02
https://eliflua.itch.io/hidden-code,,2025-07-02
https://arulandu.itch.io/bussin,,2025-07-02
https://jasonmao.itch.io/splitup,,2025-07-02
https://fury94.itch.io/fearless-warriors,,2025-07-02
https://tester13124.itch.io/scratchfon,,2025-07-02
https://cryptgirl38.itch.io/friendquest,,2025-07-02
https://fishtrololo.itch.io/customize-your-character,,2025-07-02
https://tester13124.itch.io/earth-defense,,2025-07-02
https://fishtrololo.itch.io/c,,2025-07-02
https://hydragenisys.itch.io/dragon-brawl,,2025-07-02
https://tester13124.itch.io/clicker-money,,2025-07-02
https://hydragenisys.itch.io/cavementhevideogame,,2025-07-02
https://sapphire-force-studios.itch.io/death-of-the-death,,2025-07-02
https://sapphire-force-studios.itch.io/monsters-of-the-night,,2025-07-02
https://trashero.itch.io/space-shooter-pack,,2025-07-02
https://toasting-games.itch.io/back-to-your-roots,,2025-07-02
https://tester13124.itch.io/bombs-fly,,2025-07-02
https://ludenio.itch.io/8morelives,,2025-07-02
https://blood-and-bone.itch.io/stoiloly,,2025-07-02
https://toasting-games.itch.io/minesweeper,,2025-07-02
https://toasting-games.itch.io/pong,,2025-07-02
https://toasting-games.itch.io/tank-game,,2025-07-02
https://divest.itch.io/nightmare,,2025-07-02
https://hydragenisys.itch.io/ai-game,,2025-07-02
https://eliflua.itch.io/binary,,2025-07-02
https://fishtrololo.itch.io/flower-crusher,,2025-07-02
https://thggs.itch.io/undead-survivors,,2025-07-02
https://eliflua.itch.io/quindles-test,,2025-07-02
https://wobblym.itch.io/roach-train,,2025-07-02
https://hydragenisys.itch.io/jam-game,,2025-07-02
https://animachina-studios.itch.io/fnaof,,2025-07-02
https://hydragenisys.itch.io/rotspawns,,2025-07-02
https://eliflua.itch.io/chain-male,,2025-07-02
https://fishtrololo.itch.io/fishing,,2025-07-02
https://joedigital.itch.io/akasha,,2025-07-02
https://blood-and-bone.itch.io/need-more-gold,,2025-07-02
https://jasonmao.itch.io/first-class-in-the-morning,,2025-07-02
https://assethunts.itch.io/platformer,,2025-07-02
https://assethunts.itch.io/capsulecitypeople,,2025-07-02
https://assethunts.itch.io/mannequin,,2025-07-02
https://car-freak.itch.io/subaru-outback-interior,,2025-07-02
https://somnolentsoup.itch.io/rgb,,2025-07-02
https://ollsgard.itch.io/tocctocc,,2025-07-02
https://assethunts.itch.io/tanks,,2025-07-02
https://assethunts.itch.io/darkdungeon,,2025-07-02
https://jasonmao.itch.io/pinocchio,,2025-07-02
https://bytesizedinstructions.itch.io/steakholders,,2025-07-02
https://majesticgazelle.itch.io/n0rad,,2025-07-02
https://animachina-studios.itch.io/ppch3-magyar,,2025-07-02
https://assethunts.itch.io/starterkits01,,2025-07-02
https://assethunts.itch.io/farming,,2025-07-02
https://romain-pierson.itch.io/pichenette,,2025-07-02
https://grinningrat.itch.io/adamiir,,2025-07-02
https://rizakigames.itch.io/cat-and-dog,,2025-07-02
https://rizakigames.itch.io/cat-and-fish-demo,,2025-07-02
https://blood-and-bone.itch.io/youre-so-crazy,,2025-07-02
https://stellaroctopians.itch.io/starlight,,2025-07-02
https://animachina-studios.itch.io/fnaf-sb-ruin-hun,,2025-07-02
https://rizakigames.itch.io/dragon-ball-quiz,,2025-07-02
https://animachina-studios.itch.io/hertz-horror-game,,2025-07-02
https://rizakigames.itch.io/nighters-school,,2025-07-02
https://rizakigames.itch.io/cat-and-eggs,,2025-07-02
https://assethunts.itch.io/gokart,,2025-07-02
https://pionome.itch.io/snakevalor,,2025-07-02
https://car-freak.itch.io/speedometer-pack,,2025-07-02
https://rizakigames.itch.io/redder-dragon,,2025-07-02
https://eliflua.itch.io/death,,2025-07-02
https://rizakigames.itch.io/harvest-mouse,,2025-07-02
https://rizakigames.itch.io/mouses-explosion,,2025-07-02
https://rizakigames.itch.io/lucky-and-7-spirit-stone,,2025-07-02
https://try-froggery.itch.io/cr33p,,2025-07-02
https://rizakigames.itch.io/cockatrice-forest,,2025-07-02
https://rizakigames.itch.io/escape-of-tower,,2025-07-02
https://animachina-studios.itch.io/vhs-ghost,,2025-07-02
https://toby0001.itch.io/awalkundermanysuns,,2025-07-02
https://piinkpuddiin.itch.io/lhomme-sous-le-chapeau,,2025-07-02
https://rizakigames.itch.io/cat-and-fish-v05,,2025-07-02
https://rizakigames.itch.io/blue-dragon,,2025-07-02
https://rizakigames.itch.io/land-of-skull,,2025-07-02
https://crownedpixel.itch.io/project-rainfall,,2025-07-02
https://rizakigames.itch.io/the-red-hood-last-chance,,2025-07-02
https://zacdev.itch.io/gemdow-quest-flatworld-deluxe-new-funkymode,,2025-07-02
https://jasonmao.itch.io/happiness-bread-happiness-spread,,2025-07-02
https://bump-dev.itch.io/food-knockout-jam-edition,,2025-07-02
https://cepsoft.itch.io/twogether,,2025-07-02
https://cepsoft.itch.io/echoes,,2025-07-02
https://cepsoft.itch.io/the-shift,,2025-07-02
https://theubiquitousturtle.itch.io/supa-dupa-paddle-gold,,2025-07-02
https://neko-dev-0w0.itch.io/purger-drones,,2025-07-02
https://wintadev.itch.io/critzgorillahorror,,2025-07-02
https://fishtrololo.itch.io/portal-game,,2025-07-02
https://lichtel.itch.io/oni-is-home,,2025-07-02
https://cepsoft.itch.io/astroscript,,2025-07-02
https://ex-writer.itch.io/cherry-cough-syrup,,2025-07-02
https://rizakigames.itch.io/the-rizaki-haunted-sea,,2025-07-02
https://cepsoft.itch.io/cowrun,,2025-07-02
https://rizakigames.itch.io/dungeon-magic-lesson-golem-control,,2025-07-02
https://rizakigames.itch.io/debt-red,,2025-07-02
https://omiigames.itch.io/super-block-boy,,2025-07-02
https://jaxon-crazy.itch.io/project-ghost,,2025-07-02
https://animachina-studios.itch.io/parrot-paradise,,2025-07-02
https://nighthoch.itch.io/lucid,,2025-07-02
https://cepsoft.itch.io/barabizna,,2025-07-02
https://rizakigames.itch.io/cat-and-girl,,2025-07-02
https://heading2jail.itch.io/blasttag,,2025-07-02
https://n0t4numb3r.itch.io/love-invaders-pc,,2025-07-02
https://probablynotgames.itch.io/slime-shift,,2025-07-02
https://rizakigames.itch.io/killer-mission,,2025-07-02
https://rizakigames.itch.io/big-smile,,2025-07-02
https://rizakigames.itch.io/racoon-hungry,,2025-07-02
https://mokko335.itch.io/low-poly-human,,2025-07-02
https://rizakigames.itch.io/skulls-sprite-assets,,2025-07-02
https://rizakigames.itch.io/lets-find-kittens,,2025-07-02
https://stellaroctopians.itch.io/daybreak,,2025-07-02
https://jmofo22gmailcom.itch.io/baldi-kickstater-ost-samples,,2025-07-02
https://ollsgard.itch.io/ollsgard,,2025-07-02
https://rizakigames.itch.io/big-smile-sun-day,,2025-07-02
https://assethunts.itch.io/adam,,2025-07-02
https://stelladeveloper.itch.io/saob,,2025-07-02
https://stelladeveloper.itch.io/singleplayerlethal-ape,,2025-07-02
https://crampcramp12.itch.io/the-rake,,2025-07-02
https://arthur-graupe-rietveld.itch.io/buracos-negros-sugando-tudo-estrela,,2025-07-02
https://sarmyn-games.itch.io/evil-levels,,2025-07-02
https://weyrektplayzz.itch.io/mp,,2025-07-02
https://jolynejr.itch.io/tms-tag-made-by-tms-published-by-pumpkinvr,,2025-07-02
https://jolynejr.itch.io/srt-tags,,2025-07-02
https://jolynejr.itch.io/project-clown,,2025-07-02
https://animachina-studios.itch.io/poppy-playtime-magyar,,2025-07-02
https://mokko335.itch.io/tree-spruce,,2025-07-02
https://jolynejr.itch.io/newupdate,,2025-07-02
https://rnb-games.itch.io/pro-fps-template-godot,,2025-07-02
https://jolynejr.itch.io/new-update-for-special-pweople,,2025-07-02
https://gumdropvr.itch.io/rat-party-v2,,2025-07-02
https://winxvlone.itch.io/136riif,,2025-07-02
https://beshoy-b.itch.io/deil-warrior,,2025-07-02
https://winxvlone.itch.io/2paind,,2025-07-02
https://fearcode.itch.io/biomancer,,2025-07-02
https://jolynejr.itch.io/true-monksthe-frog-spawn,,2025-07-02
https://mokko335.itch.io/anime-character,,2025-07-02
https://coa-100.itch.io/aston,,2025-07-02
https://mats-de-kat.itch.io/skeleton-clicker,,2025-07-02
https://rizakigames.itch.io/racoon-escape,,2025-07-02
https://mokko335.itch.io/barrel-and-box,,2025-07-02
https://rizakigames.itch.io/racoon-jungle,,2025-07-02
https://sealtheverb.itch.io/wizard-all-might-bee,,2025-07-02
https://darkkdeity.itch.io/sunshine-getaway-act-1,,2025-07-02
https://sarmyn-games.itch.io/climb-to-glory,,2025-07-02
https://necrocracy.itch.io/mind-the-pizza,,2025-07-02
https://rizakigames.itch.io/racoon-winter,,2025-07-02
https://assethunts.itch.io/polygonkingdom,,2025-07-02
https://sketchwright.itch.io/broken-glass,,2025-07-02
https://mosswyrm.itch.io/fortunes,,2025-07-02
https://miseri-accordion.itch.io/cupids-bargain,,2025-07-02
https://crossinglears.itch.io/zeven-undead-rising,,2025-07-02
https://shhpook.itch.io/monster-kitchen,,2025-07-02
https://lunatic-wolf-games.itch.io/lost-love-in-lunar-madness,,2025-07-02
https://rizakigames.itch.io/nightmare,,2025-07-02
https://ypressgames.itch.io/monster-ops-episode-8,,2025-07-02
https://xlllida.itch.io/petting-lover,,2025-07-02
https://agustinrios31.itch.io/infinity-scroll,,2025-07-02
https://gatrxo.itch.io/ho-i-am,,2025-07-02
https://rizakigames.itch.io/i-am-the-rock,,2025-07-02
https://rizakigames.itch.io/penguin-sliding,,2025-07-02
https://rizakigames.itch.io/energy-charge,,2025-07-02
https://rizakigames.itch.io/power-charger,,2025-07-02
https://animachina-studios.itch.io/poppy-playtime-chapter-4-magyar,,2025-07-02
https://novaseeker42.itch.io/relik,,2025-07-02
https://rizakigames.itch.io/mush-maze,,2025-07-02
https://machboost.itch.io/rock-the-boom,,2025-07-02
https://mustarandom-ofi.itch.io/sprunki-with-me,,2025-07-02
https://necomaru.itch.io/ositeiinocore,,2025-07-02
https://assethunts.itch.io/homesweethome,,2025-07-02
https://boxofforks.itch.io/caving,,2025-07-02
https://starsupreme.itch.io/monktagvr,,2025-07-02
https://necomaru.itch.io/osumono2,,2025-07-02
https://danas-demons.itch.io/furry-harem-manager,,2025-07-02
https://rizakigames.itch.io/nightmare-ruler-chapter-0,,2025-07-02
https://rizakigames.itch.io/game-level-icons,,2025-07-02
https://ritual-design.itch.io/ritual-design-june-2025-release-coffee,,2025-07-02
https://pionome.itch.io/cirnos-small-scale-adventure,,2025-07-02
https://rizakigames.itch.io/lindas-math-lesson,,2025-07-02
https://mrcs-games.itch.io/queen-sized-rm-004b-alpha,,2025-07-02
https://velorithe.itch.io/torpgard,,2025-07-02
https://jdcent6.itch.io/celestial-lumina,,2025-07-02
https://rizakigames.itch.io/isekai-taxi,,2025-07-02
https://bewilderworld.itch.io/bewildering,,2025-07-02
https://necomaru.itch.io/shitagaki-maps-topdown,,2025-07-02
https://necomaru.itch.io/shitagaki-maps-platformer,,2025-07-02
https://assethunts.itch.io/freeplatformer,,2025-07-02
https://assethunts.itch.io/freecapsule,,2025-07-02
https://notsnow221.itch.io/astrotag,,2025-07-02
https://amethyscent.itch.io/the-bond-we-share,,2025-07-02
https://guilhermedj.itch.io/swipe-game,,2025-07-02
https://redreeh.itch.io/simple-tamagotchi,,2025-07-02
https://exheadstudio.itch.io/battleshift-marconi,,2025-07-02
https://bobsonepicer.itch.io/sprunkeleunblocked,,2025-07-02
https://mokko335.itch.io/corn,,2025-07-02
https://bookscraft.itch.io/shadows-warrriors,,2025-07-02
https://cenya.itch.io/aftersky,,2025-07-02
https://forgoldsake.itch.io/poetictoxin,,2025-07-02
https://danas-demons.itch.io/whack-a-furry,,2025-07-02
https://popsiclegt.itch.io/minigaames,,2025-07-02
https://abood-mohammed.itch.io/skys-manifest-school-android-port,,2025-07-02
https://digitalmaeri.itch.io/views-of-you,,2025-07-02
https://skittle1342.itch.io/project-crxzy,,2025-07-02
https://jolynejr.itch.io/horror-baboon,,2025-07-02
https://jaxon-crazy.itch.io/beanie-runners,,2025-07-02
https://assethunts.itch.io/formfactory,,2025-07-02
https://overthinking.itch.io/rgb-act-five,,2025-07-02
https://just2moos.itch.io/birthday-battler,,2025-07-02
https://stelladeveloper.itch.io/minke,,2025-07-02
https://rizakigames.itch.io/pino-adventure,,2025-07-02
https://fox-centurion.itch.io/for-hens,,2025-07-02
https://wuuuu-513.itch.io/ccc,,2025-07-02
https://gaming-variety-potato.itch.io/paradise-that-never-was,,2025-07-02
https://rizakigames.itch.io/racoon-hungry-2-balanced-health,,2025-07-02
https://nowherebebop.itch.io/fataltempo,,2025-07-02
https://derpychocho.itch.io/undertale-vn-starter-pack,,2025-07-02
https://rojovelasco.itch.io/wanderlust,,2025-07-02
https://subterbaldi-2012.itch.io/gamer-bad-parenting-on-android,,2025-07-02
https://timo-uudev.itch.io/unending-universe,,2025-07-02
https://hmoon-publishing-llc.itch.io/day-after-day,,2025-07-02
https://snowkodo.itch.io/signal-lost,,2025-07-02
https://trenxor.itch.io/spacedodger,,2025-07-02
https://rizakigames.itch.io/racoon-escape-2-warehouse-storage,,2025-07-02
https://meyer02.itch.io/ape-heist,,2025-07-02
https://rjljones.itch.io/starfront,,2025-07-02
https://wan-yi-gif.itch.io/2d-rpg-2025,,2025-07-02
https://brohann.itch.io/bfdi-battle,,2025-07-02
https://deadline-co.itch.io/telluricene,,2025-07-02
https://hats-in-the-night-studio.itch.io/planticulture,,2025-07-02
https://crimium.itch.io/true-intentions,,2025-07-02
https://lyrvx.itch.io/reboot,,2025-07-02
https://curiousmushroom.itch.io/click-n-slash,,2025-07-02
https://kkuma-studio.itch.io/soulbound-eternity,,2025-07-02
https://rizakigames.itch.io/hunting-frenzy,,2025-07-02
https://subterbaldi-2012.itch.io/baldi-basics-remastered-144-android,,2025-07-02
https://clone-creations.itch.io/overload,,2025-07-02
https://emreergen.itch.io/viaport-avm,,2025-07-02
https://celestial-canvas.itch.io/travelbox-v1-grimdusk,,2025-07-02
https://heading2jail.itch.io/lethal-ape-9,,2025-07-02
https://co-games.itch.io/rollout,,2025-07-02
https://thoughtauction.itch.io/mystery-academy,,2025-07-02
https://hamster-havoc.itch.io/the-great-treasure-quest,,2025-07-02
https://mercermatcha.itch.io/dkb,,2025-07-02
https://velorithe.itch.io/aeris,,2025-07-02
https://devine-studios.itch.io/retro-galactic-fighter-pack,,2025-07-02
https://p6ik.itch.io/furolove,,2025-07-02
https://regin-the-mapmaker.itch.io/manga-backar-sma,,2025-07-02
https://wenkwonk.itch.io/noy,,2025-07-02
https://jasonmao.itch.io/nice-portal,,2025-07-02
https://rizakigames.itch.io/zombie-box,,2025-07-02
https://zucchinikabachok.itch.io/infinite-date-with-big-tiddy-goth-girl,,2025-07-02
https://selenn.itch.io/anathema-the-flowers-of-evil,,2025-07-02
https://mirawakestudios.itch.io/watch-the-road,,2025-07-02
https://idkyet312.itch.io/sync-arena,,2025-07-02
https://alekate.itch.io/bulletsurfing,,2025-07-02
https://subterbaldi-2012.itch.io/download-game-d-day-mod-android,,2025-07-02
https://nicosilver.itch.io/the-silence-of-storms,,2025-07-02
https://getpixel.itch.io/ex-aquis,,2025-07-02
https://furydrack.itch.io/black-hole-run,,2025-07-02
https://heading2jail.itch.io/chimpivr,,2025-07-02
https://deathdelivery.itch.io/punch-trainer,,2025-07-02
https://lemonademochi.itch.io/alia-and-the-6-paths,,2025-07-02
https://pendicepaper.itch.io/hexroll5e,,2025-07-02
https://subterbaldi-2012.itch.io/my-horror-apk,,2025-07-02
https://painterstape.itch.io/defence-tower,,2025-07-02
https://zimzimax.itch.io/quran-reader,,2025-07-02
https://standout7.itch.io/goblin-lowpoly-assets,,2025-07-02
https://cube36.itch.io/bullet-hellven,,2025-07-02
https://tamikanisushi.itch.io/ray-of-sunshine,,2025-07-02
https://juandeyby.itch.io/chincana,,2025-07-02
https://laziewriter.itch.io/nightsea-outlaw-volume-01-goldfist,,2025-07-02
https://artofblacksmith.itch.io/patreon-collection-2025-vol-36-r18-cgsets,,2025-07-02
https://assethunts.itch.io/cooking,,2025-07-02
https://chaiandcongee.itch.io/mother-natures-zine,,2025-07-02
https://subterbaldi-2012.itch.io/download-game-android,,2025-07-02
https://stelladeveloper.itch.io/lethal-ape-4,,2025-07-02
https://shhpook.itch.io/iridescent-veil,,2025-07-02
https://patodesapatos.itch.io/olha-a-cobra,,2025-07-02
https://blackl1ghttofficial.itch.io/titletag,,2025-07-02
https://w.itch.io/coldbloods,,2025-07-02
https://assethunts.itch.io/starterkits2,,2025-07-02
https://studioreignbow.itch.io/in-my-orbit,,2025-07-02
https://sofiavp.itch.io/untitled,,2025-07-02
https://fauxdude.itch.io/bubonica,,2025-07-02
https://questfactory.itch.io/fruits-of-eden,,2025-07-02
https://norrad.itch.io/airwar,,2025-07-02
https://virtusleonis3d.itch.io/momoka-dl,,2025-07-02
https://razgriez.itch.io/orb-of-syzygy,,2025-07-02
https://spacedorky.itch.io/dorkys-art-gallery,,2025-07-02
https://runkostyaesy-entertaiment.itch.io/tbsbeta,,2025-07-02
https://junekazoo.itch.io/i-tried-to-summon-the-perfect-boyfriend-and-messed-up,,2025-07-02
https://afuera.itch.io/council-of-verdure,,2025-07-02
https://subsystemgames.itch.io/revolver-gambit,,2025-07-02
https://conquestworks.itch.io/socks-extravaganza,,2025-07-02
https://edgardvonganon.itch.io/trois-pices-et-une-vengeance,,2025-07-02
https://fauwly.itch.io/gecko-pulco,,2025-07-02
https://deividuxas.itch.io/grien-tales,,2025-07-02
https://harryhuang-01.itch.io/the-sorcerer,,2025-07-02
https://publictransitfan.itch.io/slasher-flick-prototype,,2025-07-02
https://futuregames.itch.io/tethered,,2025-07-02
https://craftcamp1.itch.io/bombar-racer,,2025-07-02
https://ikqfang.itch.io/trap-evader-reisen,,2025-07-02
https://giltrius.itch.io/aeternum-dolor,,2025-07-02
https://warsvault.itch.io/low-fantasy-straw-training-dummy,,2025-07-02
https://levoid.itch.io/yet-another-murder-mystery,,2025-07-02
https://lucifergamesstudio.itch.io/tri-bogatirya-egipet,,2025-07-02
https://motamot.itch.io/hellkind,,2025-07-02
https://why485.itch.io/starship-landings,,2025-07-02
https://i-am-kitten-calico.itch.io/boink,,2025-07-02
https://gorogorostudio.itch.io/themirrordemo,,2025-07-02
https://lapysaoneeris.itch.io/so-you-want-to-be-a-vtuber,,2025-07-02
https://moonlustgames.itch.io/underheavenorhell,,2025-07-02
https://youtube-clxud210.itch.io/cloud-scary,,2025-07-02
https://alpinweb.itch.io/vue-phaser-start-template,,2025-07-02
https://heatededge.itch.io/ghostbuster-boy-and-ghost-girl,,2025-07-02
https://crypticconservatory.itch.io/nova-station-assets-demo,,2025-07-02
https://ssqd-prod.itch.io/maw,,2025-07-02
https://versegm.itch.io/i-lost-my-tongue,,2025-07-02
https://ravenofbadomen.itch.io/parchments-of-battle,,2025-07-02
https://i-am-kitten-calico.itch.io/insert-awesome-project-url-here,,2025-07-02
https://standout7.itch.io/ghostwarp,,2025-07-02
https://cartbruh.itch.io/sprunka-19967,,2025-07-02
https://lojaanarkaiy.itch.io/3d-v3ctors,,2025-07-02
https://isart-digital.itch.io/wiresandwhiskers,,2025-07-02
https://edelerde.itch.io/desktop-town,,2025-07-02
https://lion-in-a-box-games.itch.io/desktop-pets-zoo,,2025-07-02
https://sadegun93.itch.io/4th-year-hatchling,,2025-07-02
https://ishimondozine.itch.io/zine,,2025-07-02
https://mushroomallow.itch.io/ookami-okami,,2025-07-02
https://skyhawkins.itch.io/halfway-to-the-stars,,2025-07-02
https://gcbaccaris.itch.io/perfect-likeness,,2025-07-02
https://assethunts.itch.io/capsulefantasyheroes,,2025-07-02
https://alan-gabriel-bandala.itch.io/ant,,2025-07-02
https://st-chem-atelier.itch.io/aboutjune-vn,,2025-07-02
https://koolkid19028.itch.io/fish-taggers,,2025-07-02
https://89lightwatchavenue.itch.io/dreamer-flora,,2025-07-02
https://p3tition.itch.io/velhodium-isle,,2025-07-02
https://vendora.itch.io/2v0363,,2025-07-02
https://apple-farm.itch.io/curtainfall,,2025-07-02
https://gamerxan112.itch.io/panman,,2025-07-02
https://daruku-darc.itch.io/the-ghost-of-yaoi,,2025-07-02
https://linuz.itch.io/eldritchinstinct,,2025-07-02
https://calgaryramos.itch.io/dungeon-looting,,2025-07-02
https://lostwords.itch.io/collapsie,,2025-07-02
https://theracter.itch.io/platform-fighter-test-demo,,2025-07-02
https://jerb-the-guy.itch.io/my-html-python-3-c-and-javascript-games,,2025-07-02
https://blur-games.itch.io/runawayzip,,2025-07-02
https://selvendev.itch.io/tappy-tap,,2025-07-02
https://reivene3d.itch.io/rosie25r3d,,2025-07-02
https://mattmettler.itch.io/ink-jet-adventure,,2025-07-02
https://propants37.itch.io/mustard,,2025-07-02
https://ravenhome.itch.io/the-lost-painter,,2025-07-02
https://a-citrus-sky.itch.io/shop-of-curiosities,,2025-07-02
https://djinnbestiary.itch.io/ancient-oddities-vol-1-13-free-potions,,2025-07-02
https://nihomi.itch.io/bad-delivery-pizza-your-heart,,2025-07-02
https://elancharan.itch.io/the-empath,,2025-07-02
https://rouw-x.itch.io/deserted,,2025-07-02
https://flaminglemon.itch.io/heartstop-tour,,2025-07-02
https://haiziizzudin.itch.io/true-love-the-final-letter,,2025-07-02
https://scruffybrush.itch.io/kobold-concoctions,,2025-07-02
https://glueblade.itch.io/cleave,,2025-07-02
https://sock16.itch.io/plebnomics,,2025-07-02
https://coyrestaurado.itch.io/gerichtlicher-1944,,2025-07-02
https://riderdev-studio.itch.io/project-viper,,2025-07-02
https://vine-moss-games.itch.io/seconds-between-summer,,2025-07-02
https://boredddguy.itch.io/yomi-yomi-dreamland,,2025-07-02
https://erikyoshi64.itch.io/wings-of-night,,2025-07-02
https://assethunts.itch.io/freefarming,,2025-07-02
https://union-of-siberian-wolves.itch.io/cold-trail,,2025-07-02
https://dimwoodstudios.itch.io/in-death,,2025-07-02
https://necrotonesradio.itch.io/lylat-legends,,2025-07-02
https://circus-break.itch.io/circus-break,,2025-07-02
https://sparrowdev.itch.io/sharks-cannons-heads,,2025-07-02
https://undolooper.itch.io/undolooper,,2025-07-02
https://smolblockboi.itch.io/fricking-simulator,,2025-07-02
https://lostwords.itch.io/circle-shooter,,2025-07-02
https://qin-metit.itch.io/worm-that-fights,,2025-07-02
https://lyrdinn.itch.io/a-farmingjam,,2025-07-02
https://backwards-tabletop.itch.io/schematic-sheet-alt-jackrabbit,,2025-07-02
https://backwards-tabletop.itch.io/the-questing-beast,,2025-07-02
https://praeobscura.itch.io/teafres-burh,,2025-07-02
https://magic-mdc.itch.io/spirit-interference,,2025-07-02
https://zoodolosgames.itch.io/rr,,2025-07-02
https://abbyblenk.itch.io/petrichor,,2025-07-02
https://goldendelver.itch.io/golden-tavern-inn-manager-demo,,2025-07-02
https://pyromanic3.itch.io/brooms-td,,2025-07-02
https://marusio.itch.io/echoes-of-hert,,2025-07-02
https://hollowpondssolosagas.itch.io/build-better-stories-with-oracles-a-solo-roleplaying-game-toolbox-essential,,2025-07-02
https://fabian-sall.itch.io/destroyer-cat,,2025-07-02
https://starsapphire.itch.io/city-light-leaving-your-eyes,,2025-07-02
https://azure8888.itch.io/flashers,,2025-07-02
https://elvgames.itch.io/lightning-spell-icons-16x16-pixelart,,2025-07-02
https://improbablynotarobot.itch.io/chicken-coup,,2025-07-02
https://strayart.itch.io/amy,,2025-07-02
https://illegalileo.itch.io/bellevue,,2025-07-02
https://batteethproductions.itch.io/echos-of-a-case,,2025-07-02
https://mythforge-developement.itch.io/dragonsquest,,2025-07-02
https://klip-sk.itch.io/beat-or-die-rhythm-we-tried,,2025-07-02
https://ihavetoblink.itch.io/color-war-2,,2025-07-02
https://kyowobdev43.itch.io/kyowob,,2025-07-02
https://ppdark1234.itch.io/maze,,2025-07-02
https://xaof.itch.io/skybound,,2025-07-02
https://kova-k.itch.io/3d-solar-system,,2025-07-02
https://lchgames.itch.io/colour-cure,,2025-07-02
https://13thvoidrosegames.itch.io/case-file-redacted-redacted,,2025-07-02
https://azurextwilight.itch.io/the-princess-wears-a-wig-xyz,,2025-07-02
https://sorryforswearing.itch.io/wheresgrandma,,2025-07-02
https://huey.itch.io/hyper-sentinel-fusion,,2025-07-02
https://projetos-jogos-feevale.itch.io/hopocalypse,,2025-07-02
https://projetos-jogos-feevale.itch.io/ruinfalls,,2025-07-02
https://normalmap-games.itch.io/backtype,,2025-07-02
https://andystudios-indie.itch.io/flippy,,2025-07-02
https://kirokko.itch.io/touhou-pride-jam-2025,,2025-07-02
https://mylapqn.itch.io/revenant-earth,,2025-07-02
https://okiosko.itch.io/throwbound,,2025-07-02
https://cydewyn.itch.io/a-stitch-in-time,,2025-07-02
https://giogiogzg.itch.io/beyond-life-and-death,,2025-07-02
https://isaacoberlechner.itch.io/nightmare,,2025-07-02
https://lucifergamesstudio.itch.io/luciferseabattlegame,,2025-07-02
https://joulion.itch.io/maos-bird-hunt,,2025-07-02
https://cd-academy-stac.itch.io/space-cleaner,,2025-07-02
https://cd-academy-stac.itch.io/get-c,,2025-07-02
https://cd-academy-stac.itch.io/looneyland,,2025-07-02
https://cd-academy-stac.itch.io/twisted-tale,,2025-07-02
https://silverphantomstreams.itch.io/gnome-mans-land,,2025-07-02
https://extramile.itch.io/5-star,,2025-07-02
https://thoughtauction.itch.io/last-audit-of-the-damned,,2025-07-02
https://ranesstudio.itch.io/fire-liitle-hero,,2025-07-02
https://rosagalaxy3.itch.io/astreas-brightness-return-of-the-shadows,,2025-07-02
https://mgarstecki123.itch.io/better-leave-this-place,,2025-07-02
https://hvr-japan.itch.io/hyakunin-genrou,,2025-07-02
https://chordprogressions.itch.io/spark,,2025-07-02
https://transparent-games.itch.io/my-wife-is-a-spy,,2025-07-02
https://a21010059.itch.io/a-por-los-hieloz,,2025-07-02
https://lacoste42.itch.io/space-taxi,,2025-07-02
https://5kender.itch.io/severed-finger,,2025-07-02
https://sabrinadoca.itch.io/tecnho-hunted,,2025-07-02
https://turbosoft.itch.io/final-fantasy-vii-pc-gm-soundfont,,2025-07-02
https://rod-ms.itch.io/run-bob-run,,2025-07-02
https://bitulirus.itch.io/kill-the-beat,,2025-07-02
https://auroralm.itch.io/into-the-drift,,2025-07-02
https://ruthy-novais.itch.io/gi,,2025-07-02
https://vife.itch.io/agrunare,,2025-07-02
https://cuervo-locutor.itch.io/cdt,,2025-07-02
https://rustammf.itch.io/kolobok,,2025-07-02
https://ndy2.itch.io/msm-composer-but-more-monsters,,2025-07-02
https://bznboy.itch.io/mr-elastic-and-the-last-stretch,,2025-07-02
https://games-for-people.itch.io/verb-adverbly,,2025-07-02
https://toastyyboy457.itch.io/toast-runners,,2025-07-02
https://wondertigress.itch.io/cyberbuddy-agentmagic-character-builder,,2025-07-02
https://komehara.itch.io/starship-breakers-alpha,,2025-07-02
https://blitzed1234.itch.io/tramble,,2025-07-02
https://pixsol-ok.itch.io/industrial-worker-character,,2025-07-02
https://snugpig.itch.io/jo-ilo,,2025-07-02
https://jorel-simpson.itch.io/minesweeper-plus,,2025-07-02
https://gamer-do-paraguai.itch.io/jogo-foda-do-paraguai,,2025-07-02
https://jonestecforall.itch.io/infinite-inventory,,2025-07-02
https://corrocerous.itch.io/ghostlove,,2025-07-02
https://laughing-lark-games.itch.io/wrcd,,2025-07-02
https://razuth.itch.io/unholy-souls,,2025-07-02
https://gladabilityy.itch.io/scary-gorilla-horror,,2025-07-02
https://racanova.itch.io/swift-2,,2025-07-02
https://paranaturalzine.itch.io/paranatural-15th-anniversary-zine,,2025-07-02
https://jasonmao.itch.io/sunscreen-shooter,,2025-07-02
https://projectulysses.itch.io/farewell-intervale,,2025-07-02
https://damonwakes.itch.io/the-torment-nexus,,2025-07-02
https://jpgaltmiller.itch.io/polis-the-trial-of-socrates-part-i,,2025-07-02
https://halcyyyon.itch.io/crowned-in-vermilion,,2025-07-02
https://ecaroh.itch.io/runesweeper,,2025-07-02
https://jan-pi-kili-mun.itch.io/musi-nimija,,2025-07-02
https://btopp.itch.io/infinitrush,,2025-07-02
https://heartsyncproductions.itch.io/the-properties-of-iron,,2025-07-02
https://sunkinship0.itch.io/build-a-lover,,2025-07-02
https://monito000.itch.io/pruebaarjs-01,,2025-07-02
https://miigu.itch.io/gun-customization-system,,2025-07-02
https://fffish.itch.io/the-usurper,,2025-07-02
https://chokchicken.itch.io/haunted-memories-666-demo,,2025-07-02
https://vmamede.itch.io/frog,,2025-07-02
https://bowlman84.itch.io/escape,,2025-07-02
https://lapinlunaire-games.itch.io/pink,,2025-07-02
https://zeruhur.itch.io/through-the-ashes,,2025-07-02
https://hospie.itch.io/whack-a-mole-diseo-mecnicas-2025,,2025-07-02
https://braincelljuice.itch.io/be-nice-to-spiders,,2025-07-02
https://djhaggz.itch.io/feather-frog-demo,,2025-07-02
https://davidkbd.itch.io/reckless-vol-2-punk-metal-music-pack,,2025-07-02
https://alternativewonders.itch.io/rainbows-and-cheese-grits,,2025-07-02
https://alkopuff.itch.io/humming-depth,,2025-07-02
https://haioner.itch.io/sacrifice-break,,2025-07-02
https://nessralgames.itch.io/devon-city-sci-fi-and-cyberpunk-props,,2025-07-02
https://villepop6978.itch.io/gyat,,2025-07-02
https://horryportier.itch.io/spritestack-exporter,,2025-07-02
https://razzzledazzzle.itch.io/a-glimpse-of-my-memory-of-a-storm,,2025-07-02
https://starboardbowgames.itch.io/rewindpizza,,2025-07-02
https://crystalgun.itch.io/royalty-free-gb-studio-asset-pack-6-for-any-use,,2025-07-02
https://remygsp.itch.io/loopster,,2025-07-02
https://leeorg.itch.io/zx-spectrum-next-sprite-database-manager,,2025-07-02
https://zilpzilp.itch.io/mod-mage-mike,,2025-07-02
https://syvvv.itch.io/gol,,2025-07-02
https://vfabien21.itch.io/jamdelaloose-elastiquedelamort,,2025-07-02
https://skele28.itch.io/blood-festival,,2025-07-02
https://drunk-mantis.itch.io/no-right-answer,,2025-07-02
https://witherlordscratch.itch.io/paws-and-potions,,2025-07-02
https://guf-slapped.itch.io/grasstilemap,,2025-07-02
https://ziebieemm.itch.io/irrgarten,,2025-07-02
https://sviatoslav-vilkovych.itch.io/over,,2025-07-02
https://leyklussyn.itch.io/see-you-in-the-underworld,,2025-07-02
https://nimbus-art.itch.io/the-barbarian,,2025-07-02
https://nul-character.itch.io/wander-the-field,,2025-07-02
https://limulidae.itch.io/exploration,,2025-07-02
https://nightfreeze.itch.io/compost-combat,,2025-07-02
https://quail-weaver.itch.io/tic-pac-toe,,2025-07-02
https://seasidecowboy.itch.io/theindustrialrevolutionanditsconsequences,,2025-07-02
https://koolstudiosofficial.itch.io/project-kool,,2025-07-02
https://xenomorfius.itch.io/microplanet,,2025-07-02
https://koolstudiosofficial.itch.io/fish-taggers,,2025-07-02
https://danielbrendel.itch.io/krepagotchi-virtual-pet,,2025-07-02
https://grand-4.itch.io/w-electro-terminal,,2025-07-02
https://coliinv-1.itch.io/blizzard-ascension,,2025-07-02
https://fefeac.itch.io/nos-vamos-a-re-morir,,2025-07-02
https://paprika1378.itch.io/canadian-flags-for-gb-studio,,2025-07-02
https://average-alien.itch.io/hex-troops,,2025-07-02
https://nemza-aleksic.itch.io/darkside-of-the-castle,,2025-07-02
https://denny-7.itch.io/cultishand,,2025-07-02
https://rr-games.itch.io/the-tails-of-rr,,2025-07-02
https://farvardin.itch.io/l-inconnue-du-douro,,2025-07-02
https://ataylmz.itch.io/penalty-game,,2025-07-02
https://jgamedev123.itch.io/weaponify,,2025-07-02
https://samueldias.itch.io/tcc-parkour-movimentao,,2025-07-02
https://felipebermejo.itch.io/soundgather-prototype,,2025-07-02
https://goobiegames.itch.io/dont-save-sam,,2025-07-02
https://samueldias.itch.io/navio-fantasma,,2025-07-02
https://iron-gamxl.itch.io/astro-shooter-12,,2025-07-02
https://gannydespy.itch.io/clean-pool,,2025-07-02
https://dodocahedrongames.itch.io/tide-knots,,2025-07-02
https://anceag.itch.io/antaro,,2025-07-02
https://hubaxe-sys.itch.io/gallons-legacy,,2025-07-02
https://felippefn.itch.io/escape-shifter,,2025-07-02
https://bobble-pi.itch.io/moon-man,,2025-07-02
https://deggydev.itch.io/the-infinite-tunnel,,2025-07-02
https://kgriffin-fs.itch.io/realistic-temperatures-germany,,2025-07-02
https://felipe-bispo.itch.io/diagnstix,,2025-07-02
https://kypello.itch.io/soweli-alasa,,2025-07-02
https://chopknee.itch.io/gamble-with-the-devil,,2025-07-02
https://f3rndev.itch.io/graveyard-frenzy,,2025-07-02
https://usagi-v.itch.io/cute-rpg-monsters-1,,2025-07-02
https://rdrglvr.itch.io/tripeaks-html-cardgame,,2025-07-02
https://seagrapes.itch.io/ghost,,2025-07-02
https://rdrglvr.itch.io/rolling-dice-html-pt-br,,2025-07-02
https://kgriffin-fs.itch.io/realistic-temperatures-scotland,,2025-07-02
https://kurokamori.itch.io/itty-bitty-bog,,2025-07-02
https://kgriffin-fs.itch.io/realistic-temperatures-wales,,2025-07-02
https://reedfield-studios.itch.io/the-rng-rpg,,2025-07-02
https://kgriffin-fs.itch.io/realistic-temperatures-england,,2025-07-02
https://kezbob.itch.io/speed-cap,,2025-07-02
https://steamed-buns.itch.io/emotional-experiments,,2025-07-02
https://boingthe2nd.itch.io/wormhole-chaser,,2025-07-02
https://pizzapizza9.itch.io/the-mobius-race,,2025-07-02
https://6e.itch.io/luka,,2025-07-02
https://vicious-games.itch.io/random-slaughtermap-generator,,2025-07-02
https://shrar.itch.io/neverending-nightmare,,2025-07-02
https://shugargleen.itch.io/adventure-time-run,,2025-07-02
https://raticus74.itch.io/forgedbyfire,,2025-07-02
https://dailynasrudin.itch.io/echoes-of-sacrifice,,2025-07-02
https://chuchofans.itch.io/breackout,,2025-07-02
https://jonfrasan-game-developer.itch.io/soplo-de-vida,,2025-07-02
https://sealnf.itch.io/ruinclimb,,2025-07-02
https://starsapphire.itch.io/her-name-was,,2025-07-02
https://bugbard-cryptid.itch.io/yududigogi,,2025-07-02
https://pandacub85.itch.io/rage,,2025-07-02
https://techno-universal.itch.io/met-loop-88,,2025-07-02
https://cyclonekitten.itch.io/the-stronghold,,2025-07-02
https://dillayaart.itch.io/tame-me,,2025-07-02
https://theeggler.itch.io/marmoset-monkeys,,2025-07-02
https://sir-saiber.itch.io/froger,,2025-07-02
https://emiloomistar.itch.io/naive,,2025-07-02
https://qassemmakesgames.itch.io/jaws-of-the-void,,2025-07-02
https://gbrogames.itch.io/gbro-battle-core-plugin-mz,,2025-07-02
https://yanko-0.itch.io/through-the-spotlight,,2025-07-02
https://weslleyal.itch.io/leap,,2025-07-02
https://neonfire-studio.itch.io/hop-hunt,,2025-07-02
https://mini-sprite.itch.io/mini-soldiers,,2025-07-02
https://orphic-dreaming.itch.io/slap,,2025-07-02
https://kzvonarek.itch.io/fallin,,2025-07-02
https://kipachu.itch.io/acedia,,2025-07-02
https://venturon.itch.io/medieval-tower,,2025-07-02
https://octogoonart.itch.io/plusle-minun-art-pack,,2025-07-02
https://gm637legend.itch.io/evade,,2025-07-02
https://convertify.itch.io/pro,,2025-07-02
https://dinnerkun.itch.io/oasispart1,,2025-07-02
https://synapse75.itch.io/chip-font,,2025-07-02
https://dreamfractgames.itch.io/pixo-racing-2d,,2025-07-02
https://djeucof.itch.io/learn-finnish-kpt-instinkti,,2025-07-02
https://kaiser2020.itch.io/file-organizer-smart-folder-sorting-app,,2025-07-02
https://1kura.itch.io/tower-of-balance,,2025-07-02
https://flaaz.itch.io/aveztroz,,2025-07-02
https://scrumgame.itch.io/the-master-of-scrum,,2025-07-02
https://sibachian.itch.io/crowns,,2025-07-02
https://danyagonsales.itch.io/therabbithole,,2025-07-02
https://theryusui.itch.io/christina-sprightly-and-the-cauldron-conundrum,,2025-07-02
https://mohamed-2025.itch.io/mind-maze,,2025-07-02
https://wmd7.itch.io/mega-market-mayhem,,2025-07-02
https://lowkeydeveloper.itch.io/this-way-demo,,2025-07-02
https://devastatic.itch.io/infested-city,,2025-07-02
https://rpgupolaka.itch.io/drone-factory,,2025-07-02
https://jaminoxi.itch.io/inyeon,,2025-07-02
https://potat0master.itch.io/free-visual-novel-backgrounds-mini-pack-2,,2025-07-02
https://manteigga.itch.io/moonfall-last-survivor,,2025-07-02
https://petrarch.itch.io/waiter-theres-a-fly,,2025-07-02
https://red2010yyyy.itch.io/vitaliks-secret,,2025-07-02
https://tyrsensei.itch.io/synthesia-explorer,,2025-07-02
https://jonasmerlin.itch.io/robot-bee-beekeeper,,2025-07-02
https://partywowzy.itch.io/sandcastle-escape-room-printable-beach-adventure-game,,2025-07-02
https://goatsofe2k2025.itch.io/mathematicalwarriors2025pmpc,,2025-07-02
https://sandas-alan.itch.io/cutthings,,2025-07-02
https://scorpcoffee.itch.io/to-the-sky,,2025-07-02
https://mikigamer888.itch.io/idz-ucieknij,,2025-07-02
https://joxa777.itch.io/tank-war-3d,,2025-07-02
https://nytecomics.itch.io/delicious-in-dragon,,2025-07-02
https://amaniie.itch.io/grooved-red-brick-wall-4k-pbr-material-png-sbsar,,2025-07-02
https://qiuqiu0529.itch.io/everything-blooms-en,,2025-07-02
https://gandalfhardcore.itch.io/pixel-art-female-character,,2025-07-02
https://pandartist.itch.io/cubey,,2025-07-02
https://pompack.itch.io/silver-haired-witch-apprentice-sprite,,2025-07-02
https://clevermel.itch.io/trainnap,,2025-07-02
https://itsbaileyx3525.itch.io/clickymmo,,2025-07-02
https://pompack.itch.io/mage-boy-blue-hood-sprite,,2025-07-02
https://molflyn.itch.io/quarantine,,2025-07-02
https://undead-mole.itch.io/atom-prospector-cairn-2e-background,,2025-07-02
https://frog-magog.itch.io/when-the-fields,,2025-07-02
https://pompack.itch.io/fantasy-character-sprite-set-074-079,,2025-07-02
https://engvee.itch.io/free-animated-isometric-khajit-warrior,,2025-07-02
https://lchgames.itch.io/freak-salad,,2025-07-02
https://nighthoch.itch.io/shear-will,,2025-07-02
https://napoleon-men.itch.io/ets-game,,2025-07-02
https://stunion.itch.io/nobody-is-hurting-me,,2025-07-02
https://cellya-normand.itch.io/projet-04,,2025-07-02
https://dreams-circle.itch.io/evfx-gamemaster,,2025-07-02
https://anorexus.itch.io/apple-tree,,2025-07-02
https://takenbydelta.itch.io/cops-and-shapes,,2025-07-02
https://lchgames.itch.io/hyperlight-showdown,,2025-07-02
https://m0j0man.itch.io/freeze-forward,,2025-07-02
https://bebka16.itch.io/would-be-guards,,2025-07-02
https://mahdi1479.itch.io/darkforest,,2025-07-02
https://wittiestlamp.itch.io/train-operation-simulation,,2025-07-02
https://sirenapearl.itch.io/text-textures,,2025-07-02
https://brsxdev.itch.io/power-dunk,,2025-07-02
https://amaniie.itch.io/clean-red-brick-wall-4k,,2025-07-02
https://chicken-feathers.itch.io/helpcheese,,2025-07-02
https://vouiv-re.itch.io/aie-robot,,2025-07-02
https://chunkerbuns.itch.io/sally-acorn,,2025-07-02
https://blank711.itch.io/shifting-gears,,2025-07-02
https://dragoncobolt.itch.io/all-the-kings-horses,,2025-07-02
https://pirottethibo1.itch.io/edge-jumper,,2025-07-02
https://levadev.itch.io/akone,,2025-07-02
https://eyal-zwigenbom.itch.io/the-unbirth,,2025-07-02
https://zacdev.itch.io/goofy-ahh-calculator,,2025-07-02
https://lchgames.itch.io/deadvolt-run,,2025-07-02
https://ghost-heart.itch.io/nightmare-girl,,2025-07-02
https://badkingdom.itch.io/bad-kingdom,,2025-07-02
https://physicalblade.itch.io/final-royalty,,2025-07-02
https://oakhardtdev.itch.io/dreaming-dryads,,2025-07-02
https://roughneckmoddingcrew.itch.io/fs25-vactanker,,2025-07-02
https://nsr-christmas-zine.itch.io/jingle-bunk-rock-nsr-christmas-zine,,2025-07-02
https://zacdev.itch.io/freddy-adventure-fnaf,,2025-07-02
https://bifilit.itch.io/warprun,,2025-07-02
https://deptar.itch.io/harvest-magus,,2025-07-02
https://emilliothewolf34.itch.io/the-ultimate-kooky-pack-the-complete-collection-vol1,,2025-07-02
https://pebblebeachgames.itch.io/o-alasa,,2025-07-02
https://ttttttteraa.itch.io/incident-on-site-1,,2025-07-02
https://almondjoycam.itch.io/beeline-buzz,,2025-07-02
https://roughneckmoddingcrew.itch.io/fs25-trailking-tk70,,2025-07-02
https://farfaline.itch.io/power-of-two,,2025-07-02
https://oxycodonee.itch.io/painting-autumn-park-after-rain-3d-model,,2025-07-02
https://imposgames.itch.io/azulejos-game,,2025-07-02
https://michaelwolf88.itch.io/tournament-maker,,2025-07-02
https://oxycodonee.itch.io/painting-blooming-meadow-in-spring-3d-model,,2025-07-02
https://xochitai.itch.io/alteas-last-princess-an-allura-fanzine,,2025-07-02
https://timirytochca93.itch.io/tilset-drich-grove,,2025-07-02
https://oxycodonee.itch.io/painting-desert-under-the-starry-sky-3d-model,,2025-07-02
https://gloomy-clock-games.itch.io/super-goal-master,,2025-07-02
https://oxycodonee.itch.io/painting-foggy-morning-in-the-village-3d-model,,2025-07-02
https://oxycodonee.itch.io/painting-morning-in-a-pine-forest-3d-model,,2025-07-02
https://oxycodonee.itch.io/painting-mountain-lake-at-dawn-3d-model,,2025-07-02
https://oxycodonee.itch.io/painting-northern-lights-over-snowy-forest-3d-model,,2025-07-02
https://lchgames.itch.io/delivered-with-care,,2025-07-02
https://cosmocorner.itch.io/ziplash,,2025-07-02
https://oxycodonee.itch.io/painting-savannah-at-sunset-3d-model,,2025-07-02
https://oxycodonee.itch.io/painting-tropical-waterfall-in-the-jungle-3d-model,,2025-07-02
https://jeff160.itch.io/lets-do-some-legos,,2025-07-02
https://blairskii.itch.io/fetching-the-truth,,2025-07-02
https://tadhgdaking086.itch.io/pixelator,,2025-07-02
https://gabrielnogarotto.itch.io/ax-terion,,2025-07-02
https://rottencone83.itch.io/unity-dev-quickstart-mini-pack-by-rottencone83-studios,,2025-07-02
https://lazesummerstone.itch.io/tiny-jelly,,2025-07-02
https://i-nar.itch.io/transmutation,,2025-07-02
https://the-mafia-of-the-violence.itch.io/hellraiser,,2025-07-02
https://ririen.itch.io/1918-black-tide,,2025-07-02
https://spectralscholar.itch.io/a-farming-sim,,2025-07-02
https://borisnaftaliev.itch.io/145-pixelart-portraits-female,,2025-07-02
https://mansoul.itch.io/home,,2025-07-02
https://alecubicssoft.itch.io/blackwood,,2025-07-02
https://ripper53.itch.io/astrobrush,,2025-07-02
https://hexedpress.itch.io/the-resident-alien,,2025-07-02
https://dogiordano.itch.io/pump-and-pop,,2025-07-02
https://lchgames.itch.io/purr-session,,2025-07-02
https://ednaarel.itch.io/in-eyes-of-men-in-face-of-god,,2025-07-02
https://king-owen.itch.io/icon-frames-ui,,2025-07-02
https://thiagardo06.itch.io/robonance,,2025-07-02
https://aquadummy.itch.io/deathbox,,2025-07-02
https://dame-geveloper.itch.io/human-tag-redux,,2025-07-02
https://armonialiam.itch.io/haresis,,2025-07-02
https://sl33py-dev.itch.io/cloudy-taggers,,2025-07-02
https://steelraining.itch.io/steel-raining-vora,,2025-07-02
https://david-tabacco.itch.io/jump-2,,2025-07-02
https://ksuushenka.itch.io/labirintpuh,,2025-07-02
https://mohdj.itch.io/vacher-game,,2025-07-02
https://blamcam.itch.io/signal-void,,2025-07-02
https://vurrex123.itch.io/kinetic-tag,,2025-07-02
https://nekofatal.itch.io/all-night-nippon-super-boyfriend-funk-aventura,,2025-07-02
https://quantumsoteriology.itch.io/game,,2025-07-02
https://elder3-studio.itch.io/survival-in-the-dead-world,,2025-07-02
https://gshowitt.itch.io/im-going-to-tell-my-kids-this-was-dd,,2025-07-02
https://10ebris.itch.io/animal-cruelty,,2025-07-02
https://thepipidastr.itch.io/jopajack3d,,2025-07-02
https://jcolussyestes.itch.io/oasis-arcane,,2025-07-02
https://ppmaq.itch.io/npcpack01,,2025-07-02
https://eddy-indie.itch.io/seraphscopy,,2025-07-02
https://carmesoler.itch.io/caso-01-sol,,2025-07-02
https://elflas.itch.io/fear-your-wishes-episode-2,,2025-07-02
https://kunguska.itch.io/metal-raccoon,,2025-07-02
https://redbluecarrots.itch.io/getwellbot3000,,2025-07-02
https://poderrimo.itch.io/double-patty-extravaganza,,2025-07-02
https://formamac.itch.io/game-ify-the-planet,,2025-07-02
https://graveyardpat.itch.io/thethingsbehindthoseeyes,,2025-07-02
https://stelladeveloper.itch.io/primal-fear-2,,2025-07-02
https://deimosphoibus.itch.io/hard-training,,2025-07-02
https://twinmountains.itch.io/platfrog-june-jame-2024,,2025-07-02
https://amaniie.itch.io/white-red-brick-wall-4k-pbr-material-pack-6-materials-png-sbsar,,2025-07-02
https://projetos-jogos-feevale.itch.io/high-harvest,,2025-07-02
https://kunguska.itch.io/war-pigs,,2025-07-02
https://dragonaero.itch.io/heaven-studio-hostage-simulator,,2025-07-02
https://opossumvalley.itch.io/educational-dread,,2025-07-02
https://jonasz-o.itch.io/game-code-auto-typer-for-cracking-keys-in-games,,2025-07-02
https://shlomiatia.itch.io/emphour,,2025-07-02
https://cuteassek.itch.io/ziutek-in-space,,2025-07-02
https://dobybaxter127.itch.io/micro-tcu-tactical-companion-unit-9,,2025-07-02
https://dedreek.itch.io/the-last-loot,,2025-07-02
https://naclapor.itch.io/chrono-jumper-game-quiz,,2025-07-02
https://lemonaiddy.itch.io/rotten,,2025-07-02
https://asmr-6622.itch.io/hardest-simplest,,2025-07-02
https://insertnamehere35.itch.io/violet-gauntlet,,2025-07-02
https://christhekoolpeep.itch.io/free-hand-vectors-for-absoluetly-no-reason,,2025-07-02
https://daniel12234.itch.io/correio-cosmico,,2025-07-02
https://soyerdev.itch.io/sprite-sheet-generator,,2025-07-02
https://iza-j.itch.io/lemmy-and-kat,,2025-07-02
https://grmdev.itch.io/block-terrain-generator,,2025-07-02
https://betweenthescanlines.itch.io/issue-thirty-three,,2025-07-02
https://doko-games.itch.io/number-evolution-clicker,,2025-07-02
https://applebottomzines.itch.io/coping-with-spending-addiction,,2025-07-02
https://martinlost12.itch.io/alone-in-the-bus-stop,,2025-07-02
https://lidiyaaa.itch.io/kebun-lestari,,2025-07-02
https://sp00k3t0ast.itch.io/the-dream-world-album,,2025-07-02
https://eliot-l.itch.io/rainbow-paint,,2025-07-02
https://akino02.itch.io/war-of-civilizations,,2025-07-02
https://jeandoux.itch.io/farm-animals,,2025-07-02
https://netal.itch.io/ilo-kuko,,2025-07-02
https://exedexes1.itch.io/its-time-to-get-catty,,2025-07-02
https://kunguska.itch.io/tearhouse,,2025-07-02
https://applebottomzines.itch.io/dopamine-menu,,2025-07-02
https://ca5sie.itch.io/ca5sies-diary01,,2025-07-02
https://axcxiiii.itch.io/spoingus-fight,,2025-07-02
https://xquas.itch.io/mailflight,,2025-07-02
https://zombiehead-studios.itch.io/happy-potatos,,2025-07-02
https://zartan917.itch.io/rap-manager,,2025-07-02
https://applebottomzines.itch.io/toxic-taro,,2025-07-02
https://worthypie.itch.io/3000-pixel-art-rpg-enemies-front-facing-rpg-assets,,2025-07-02
https://carolnitra.itch.io/gatodoko,,2025-07-02
https://kunguska.itch.io/war-pigs-2,,2025-07-02
https://ashabea.itch.io/terminal-885,,2025-07-02
https://temeleh.itch.io/shapegame,,2025-07-02
https://wahl.itch.io/essays-to-draw,,2025-07-02
https://goumdree.itch.io/prax,,2025-07-02
https://galthubuswoerk.itch.io/initiations,,2025-07-02
https://kaixian17.itch.io/dire-hector,,2025-07-02
https://asephy.itch.io/amor-fati,,2025-07-02
https://rozworld.itch.io/rozgame,,2025-07-02
https://crystalgun.itch.io/royalty-free-gb-studio-asset-pack-7-for-any-use,,2025-07-02
https://drist-00.itch.io/oldpc-project,,2025-07-02
https://joshmoronval.itch.io/apt2,,2025-07-02
https://thekingharem.itch.io/alisa-amiella-god-eater-p1,,2025-07-02
https://a0017.itch.io/drive-in,,2025-07-02
https://nazarae.itch.io/tails-gorilla-horror-2,,2025-07-02
https://patatsta.itch.io/epic-tower-defense,,2025-07-02
https://knitwitstudios.itch.io/loop-turismo,,2025-07-02
https://raatko.itch.io/ash-ember,,2025-07-02
https://gatowui.itch.io/la-rana-gatowuiw,,2025-07-02
https://kaliuresis.itch.io/primordialis,,2025-07-02
https://sulipheoth.itch.io/earthbroken,,2025-07-02
https://ruok2000.itch.io/spacetris,,2025-07-02
https://kallis-creation-station.itch.io/a-dozen-reasons,,2025-07-02
https://kunguska.itch.io/draconic-dungeons,,2025-07-02
https://kitsunzoro.itch.io/best-friends-forever-part-15,,2025-07-02
https://hemandhawthorn.itch.io/nature-asset-pack,,2025-07-02
https://thekingharem.itch.io/siluca-meletes-grancrest-senki-p1,,2025-07-02
https://ardaaytulu.itch.io/muusstaaarrrdd,,2025-07-02
https://disgracefulthings.itch.io/danny-goes-to-the-zoo,,2025-07-02
https://canelahc.itch.io/vila-sustentvel,,2025-07-02
https://pakt.itch.io/loopscape,,2025-07-02
https://gentoo-digital.itch.io/annas-remorse,,2025-07-02
https://razgriez.itch.io/booty-explorer,,2025-07-02
https://woag1234.itch.io/generic-platformer-game,,2025-07-02
https://thestolenreturn.itch.io/blobclimbing,,2025-07-02
https://raffile.itch.io/rat-chase,,2025-07-02
https://mona-sd.itch.io/perfect-pocketbook,,2025-07-02
https://polynon.itch.io/tawapitasoopen,,2025-07-02
https://foxyeverton5689.itch.io/full-time-engine-engine-in-prototype,,2025-07-02
https://swiat.itch.io/vish-configurator-3,,2025-07-02
https://easonx.itch.io/easonx-patreon-reward-term75,,2025-07-02
https://robindfranco.itch.io/el-zorro-maravilla-2,,2025-07-02
https://sunshinebean.itch.io/bonemerang,,2025-07-02
https://lewdbits.itch.io/furry-town,,2025-07-02
https://frogmen.itch.io/transitory-thoughts,,2025-07-02
https://sliphtrexinc.itch.io/chess-your-luck-demo,,2025-07-02
https://crockiestar.itch.io/creatures-of-infinity-sprite-pack-5-50-versatile-creature-mon-art-assets,,2025-07-02
https://yusufmiha.itch.io/escape-it,,2025-07-02
https://ctrlplay-gabriel.itch.io/money-tile,,2025-07-02
https://thrownmoth.itch.io/eyes-of-the-storm,,2025-07-02
https://telewiz0r.itch.io/gra-o-goblinie,,2025-07-02
https://rozworld.itch.io/rozinspace,,2025-07-02
https://skabb3.itch.io/homero-chino-the-killer,,2025-07-02
https://yogsoy.itch.io/linja-nase,,2025-07-02
https://mxaviergames.itch.io/stuck-in-the-loop,,2025-07-02
https://tapesclub.itch.io/platform-88,,2025-07-02
https://jackie-matthews.itch.io/chaos-of-draconic-fury-techdemo,,2025-07-02
https://oberon419.itch.io/hop-on-loop,,2025-07-02
https://bully-revenge-studios.itch.io/dominated-by-yandere-goth-lifeguard,,2025-07-02
https://yyneko.itch.io/neko-tactics,,2025-07-02
https://s2b2.itch.io/bang-bang-no-115,,2025-07-02
https://rinoko-studio.itch.io/softwave-lite,,2025-07-02
https://ineptnetrunner.itch.io/a-just-world-american-meltdown,,2025-07-02
https://aloobondam.itch.io/five-nights-at-freddys-reloaded,,2025-07-02
https://jpgaltmiller.itch.io/lesbian-zombies-issue-5,,2025-07-02
https://ghostfruits.itch.io/worm001,,2025-07-02
https://arusoft.itch.io/take-the-lead,,2025-07-02
https://speckyboi.itch.io/mutant-mayhem,,2025-07-02
https://fknsenol.itch.io/metrun,,2025-07-02
https://geigerz.itch.io/carte-supporto-per-master-e-giocatori,,2025-07-02
https://old-man-0.itch.io/havinglitch,,2025-07-02
https://cgeyeguy.itch.io/strickened-arcane-and-alchemy,,2025-07-02
https://oleh2ogi.itch.io/a-dozen-time-and-a-dozen-parts-taken,,2025-07-02
https://the-pancitos.itch.io/catenus,,2025-07-02
https://trianglh.itch.io/station-eight,,2025-07-02
https://gerontophyll.itch.io/one-last-cruise,,2025-07-02
https://ivalace.itch.io/fungal-scavengers,,2025-07-02
https://tisthemorrow.itch.io/human-defined-zine,,2025-07-02
https://reeveho.itch.io/jumplets,,2025-07-02
https://greybeetle.itch.io/o-waso,,2025-07-02
https://kunguska.itch.io/rogue-fleet,,2025-07-02
https://threadloop.itch.io/moon-bullet,,2025-07-02
https://chears-on-itchy-witchy.itch.io/whispers-from-a-misty-lake,,2025-07-02
https://bernardylan.itch.io/never-stop-moving,,2025-07-02
https://k1rbo.itch.io/fish-runners,,2025-07-02
https://benmiester.itch.io/animated-tv-themes-2,,2025-07-02
https://magmainc.itch.io/warpunk,,2025-07-02
https://electrogodzz.itch.io/in-your-dreams,,2025-07-02
https://vill-s.itch.io/o,,2025-07-02
https://blackbroomstudio.itch.io/la-gruta,,2025-07-02
https://pizzadoggy.itch.io/the-humble-bundle,,2025-07-02
https://nehuen-monzon.itch.io/digital-descent,,2025-07-02
https://dioxfestivo.itch.io/alone,,2025-07-02
https://angelware.itch.io/midnight-sun,,2025-07-02
https://sliphtrexinc.itch.io/reds-righteous-auto-demoproof-of-concept,,2025-07-02
https://noz-marciana.itch.io/low-poly-plants,,2025-07-02
https://lua-computa.itch.io/the-great-blemie-art-dump,,2025-07-02
https://umbrelloid.itch.io/the-obsession,,2025-07-02
https://hamman11.itch.io/the-ice-cream-machine,,2025-07-02
https://entonosgames.itch.io/marble-mechanics-demo-rift,,2025-07-02
https://osayuware.itch.io/dont-wake-up,,2025-07-02
https://frosty-devv.itch.io/frosty-taggers,,2025-07-02
https://chenhsuyuan.itch.io/plaintextescape,,2025-07-02
https://htquartz.itch.io/astro-raider,,2025-07-02
https://thekingharem.itch.io/erica-amber-kohakuiro-no-hunter-p1,,2025-07-02
https://maxwelllink.itch.io/kinetixvoid,,2025-07-02
https://lancer-boy-3000.itch.io/pico-draw,,2025-07-02
https://jpgaltmiller.itch.io/lesbian-zombies-from-outer-space-issue-6,,2025-07-02
https://writerandillustrator.itch.io/making-monster-soup,,2025-07-02
https://xenoplex.itch.io/kingdom-of-utopia,,2025-07-02
https://werewolfhitchhiker.itch.io/the-wind-remembers,,2025-07-02
https://troy-cat.itch.io/why-game,,2025-07-02
https://thekingharem.itch.io/ruby-kohakuiro-no-hunter-p1,,2025-07-02
https://zeroazucar.itch.io/life-in-fernwick,,2025-07-02
https://kurokamori.itch.io/godot-tactical-battle-framework,,2025-07-02
https://milagro-studios.itch.io/vento-aureo,,2025-07-02
https://strangeworlder.itch.io/night-of-the-thirteenth,,2025-07-02
https://abrpatel8.itch.io/chronika-a-timeless-year,,2025-07-02
https://jjlgames08.itch.io/mytinyadventure,,2025-07-02
https://placeholder-assets.itch.io/magic-spell-sound-effects-pack-vol-1,,2025-07-02
https://gdship.itch.io/fluxgear-tower-tech-demo,,2025-07-02
https://nami955.itch.io/18-eroaudio-mommys-prize-and-punishment,,2025-07-02
https://sonic-chaos-gamer.itch.io/tails-adventures-sega-master-system-sms-deluxe-v1-5,,2025-07-02
https://viktor-ek.itch.io/flappy-bird,,2025-07-02
https://gaston-bernardini.itch.io/proyect-sonic-2d,,2025-07-02
https://tuliojunho.itch.io/a-jornada-de-luno,,2025-07-02
https://c930n.itch.io/japanlearn,,2025-07-02
https://thekingharem.itch.io/rebecca-cyberpunk-edgerunners-p1,,2025-07-02
https://joshsylvan.itch.io/big-zs-pizza-delivery,,2025-07-02
https://jazzrabbit.itch.io/aerobatic,,2025-07-02
https://quantumkickflip.itch.io/tome-of-tricks,,2025-07-02
https://nami955.itch.io/18-eroaudio-eating-outback,,2025-07-02
https://claquecreative.itch.io/valentine-voice-care-game,,2025-07-02
https://coner18.itch.io/boobs-baddies-and-timberlands,,2025-07-02
https://xarlomonster.itch.io/few-minutes-till-night,,2025-07-02
https://janitzy.itch.io/leoria,,2025-07-02
https://aurusenth.itch.io/simple-8x8-swamp-tileset,,2025-07-02
https://thekingharem.itch.io/hotaru-shidare-dagashi-kashi-p1,,2025-07-02
https://tinico.itch.io/ilo-open-li-lon-seme,,2025-07-02
https://tt-polorgt.itch.io/von-tag,,2025-07-02
https://joleviteam.itch.io/the-jumping-duck,,2025-07-02
https://nami955.itch.io/18-eroaudio-hot-and-heavy-rain,,2025-07-02
https://arcanesword.itch.io/cogs-crabmen-medieval-maritime-adventures,,2025-07-02
https://nikki-0451.itch.io/wtf,,2025-07-02
https://smallhex.itch.io/blackpillbay,,2025-07-02
https://clippzvr.itch.io/clipzxx-tag,,2025-07-02
https://paichoo.itch.io/closeted,,2025-07-02
https://galak-c.itch.io/flood,,2025-07-02
https://nami955.itch.io/18-eroaudio-learning-to-love,,2025-07-02
https://hawleyman.itch.io/funny-business,,2025-07-02
https://kunguska.itch.io/zomb,,2025-07-02
https://finerey.itch.io/mcford,,2025-07-02
https://extremehills.itch.io/mouse-duel,,2025-07-02
https://ixycenoky.itch.io/gddjam1,,2025-07-02
https://badge-er.itch.io/ware-the-fae,,2025-07-02
https://des-contes-et-des-des.itch.io/dragonbane-largonaut-profession,,2025-07-02
https://ashad11.itch.io/baldis-basics-in-education-and-learning-scratch-edition,,2025-07-02
https://radicalhoodie.itch.io/il-pallone-da-calcio,,2025-07-02
https://sillyman-studios.itch.io/fnahh-rethinked,,2025-07-02
https://alecubicssoft.itch.io/futa-mistery,,2025-07-02
https://kei-works.itch.io/white-haired-girl-sprite-set,,2025-07-02
https://crumblingkeep.itch.io/that-old-familiar-song,,2025-07-02
https://burningdicegames.itch.io/dnd-spell-cards,,2025-07-02
https://dicreate.itch.io/walkthrough-video-included-first-person-experience,,2025-07-02
https://localvhs.itch.io/you-have-death-written-all-over-you,,2025-07-02
https://tonyinfl.itch.io/gem-heist,,2025-07-02
https://nami955.itch.io/18-eroaudio-deep-in-the-night-elf,,2025-07-02
https://starborngames.itch.io/whos-outside,,2025-07-02
https://popopoop.itch.io/shark-game-npcs,,2025-07-02
https://omnik.itch.io/sorcerers-of-the-spice-tombs,,2025-07-02
https://eathan-r.itch.io/garrys-mod-scratch-editioncompiled-into-exe,,2025-07-02
https://yerocha.itch.io/angel-winters,,2025-07-02
https://gerontophyll.itch.io/one-last-cruise-pt-2-nsfw,,2025-07-02
https://ummieeeee.itch.io/nature-power,,2025-07-02
https://adriftpress.itch.io/weather-this-fall,,2025-07-02
https://jasonmao.itch.io/sokoskip,,2025-07-02
https://thoughtfulbread.itch.io/starbright-agency,,2025-07-02
https://bellaz-97.itch.io/half-china,,2025-07-02
https://daemontor.itch.io/stripperaura2024,,2025-07-02
https://poppang.itch.io/eeper,,2025-07-02
https://teosito.itch.io/space-evasion,,2025-07-02
https://pbacookies.itch.io/ya-lleg-tu-pap,,2025-07-02
https://projectsummer.itch.io/summertag-v1,,2025-07-02
https://appleseedsstudio.itch.io/alpha-canis-majoris,,2025-07-02
https://lunawrites.itch.io/false-form,,2025-07-02
https://ashad11.itch.io/mario-kart-ds-shy-guy-mod-scratch,,2025-07-02
https://codygaisser.itch.io/amber,,2025-07-02
https://pleromastudios.itch.io/a-true-authors-end,,2025-07-02
https://daemontor.itch.io/gijinkamott2024,,2025-07-02
https://lunawrites.itch.io/double-edged-dragonblade,,2025-07-02
https://daemontor.itch.io/lykos2024,,2025-07-02
https://maecool09.itch.io/patient-zero,,2025-07-02
https://1onix.itch.io/planckless,,2025-07-02
https://daemontor.itch.io/brutus2024,,2025-07-02
https://endlingalien.itch.io/stellar-films,,2025-07-02
https://moaxx-x.itch.io/past-12,,2025-07-02
https://daemontor.itch.io/christmascaspar2024,,2025-07-02
https://daemontor.itch.io/venom2025,,2025-07-02
https://torro-g.itch.io/star-life-2,,2025-07-02
https://daemontor.itch.io/valentinecaspar2025,,2025-07-02
https://balthuk.itch.io/myquestions,,2025-07-02
https://yukicodex.itch.io/testing-dial,,2025-07-02
https://daemontor.itch.io/fullhouse2025,,2025-07-02
https://rozworld.itch.io/rozfight,,2025-07-02
https://meadowmods.itch.io/proforge-1t-weight,,2025-07-02
https://codygaisser.itch.io/heaven,,2025-07-02
https://thefallingdream.itch.io/watch-this-fuckers,,2025-07-02
https://avengerdino.itch.io/stack-up,,2025-07-02
https://brandoff.itch.io/wtf-wallaby-task-force,,2025-07-02
https://peanut09651.itch.io/thingy-game-test-d,,2025-07-02
https://valley15-2.itch.io/nasin,,2025-07-02
https://c0d3l1ght.itch.io/nnppn,,2025-07-02
https://heyitscdr.itch.io/old-retro-junk,,2025-07-02
https://arco03.itch.io/parque-de-la-conservacion-en-una-medellin-del-futuro,,2025-07-02
https://danielreipt.itch.io/aplicativo-captura-traduzir,,2025-07-02
https://chaslinux.itch.io/crypt-survivors,,2025-07-02
https://borisnaftaliev.itch.io/male-pixelart-portraits,,2025-07-02
https://howlikeagod.itch.io/who-they-forgot,,2025-07-02
https://printable-sunrise-91.itch.io/mtrz-tu-mi-hope,,2025-07-02
https://codingbear.itch.io/coyote-deliveries,,2025-07-02
https://shaneomac101.itch.io/electrical-room,,2025-07-02
https://puppetfoxllc.itch.io/f-l-o-w-f-l-y,,2025-07-02
https://tedbob.itch.io/rad-run,,2025-07-02
https://santino6543.itch.io/bosque-sin-fin,,2025-07-02
https://rozworld.itch.io/rozpinball,,2025-07-02
https://tedbob.itch.io/rangers-run,,2025-07-02
https://crimsonparse.itch.io/124imagepixelart,,2025-07-02
https://fergusmcmuffinugd.itch.io/verano-eterno,,2025-07-02
https://nickrowler.itch.io/four-square,,2025-07-02
https://dreamfarer.itch.io/wolf-toothed-faeries,,2025-07-02
https://thiagaramo.itch.io/mini-hook,,2025-07-02
https://samhilly451.itch.io/j,,2025-07-02
https://ashheardwrites.itch.io/accidental-feelings,,2025-07-02
https://hojat72elect.itch.io/sokoban,,2025-07-02
https://rozenymph.itch.io/rainboys-ily,,2025-07-02
https://fr4nker.itch.io/wake-up,,2025-07-02
https://katt-kirsch.itch.io/deathless-cave,,2025-07-02
https://fajerbol.itch.io/obwiesie-arbiter-i-skarby,,2025-07-02
https://tigers-eye-games.itch.io/billus-rebellion,,2025-07-02
https://daeres.itch.io/lunenberg-a-maple-jam-submission,,2025-07-02
https://redplanetcat.itch.io/box-for-a-human,,2025-07-02
https://reginaggc.itch.io/paradacted-re-engagement-v05,,2025-07-02
https://fruitofthedoom.itch.io/sapphire-depths,,2025-07-02
https://ufuueueuru.itch.io/ma-pi-kon-lon,,2025-07-02
https://theonunes0411.itch.io/i-hate-cuted-knee-and-butt,,2025-07-02
https://joshtheg.itch.io/oldgtagpa,,2025-07-02
https://anthony-philippeau.itch.io/dadd-2012-demo-flash,,2025-07-02
https://charles-rho.itch.io/igh-mechanical-roulette,,2025-07-02
https://mango727327273.itch.io/rectanglerunners,,2025-07-02
https://cum-alive.itch.io/june-free-drop,,2025-07-02
https://rexlerlepp.itch.io/bleeding-kansas-professions-skills,,2025-07-02
https://dead-pixelsz.itch.io/topdown-kingdom,,2025-07-02
https://fran57hr.itch.io/parazite,,2025-07-02
https://amaniie.itch.io/red-brick-wall-variations-4k-pbr-material-pack-4-materials-png-sbsar,,2025-07-02
https://gamegear22.itch.io/gear-vn,,2025-07-02
https://gametaller.itch.io/tower-defens-military-edition-alpha,,2025-07-02
https://mylittlegeekery.itch.io/wilst-thou-fornicate,,2025-07-02
https://dictakito.itch.io/pawnicure,,2025-07-02
https://zombieroomie.itch.io/maho-noir-dead-shall-rise-chapter-1,,2025-07-02
https://paugwater.itch.io/wtf,,2025-07-02
https://joshuagoulden520.itch.io/gyrussremade,,2025-07-02
https://zs-01.itch.io/shattered,,2025-07-02
https://zzzcomics.itch.io/gigante-lake,,2025-07-02
https://diecizeis.itch.io/pac-man-rata-topos,,2025-07-02
https://zzzcomics.itch.io/gigante-lake-2,,2025-07-02
https://zipperos.itch.io/sprunki-android-gingerbread-treatment,,2025-07-02
https://zzzcomics.itch.io/gigante-lake-3,,2025-07-02
https://balthuk.itch.io/secrets,,2025-07-02
https://zzzcomics.itch.io/gigante-lake-4,,2025-07-02
https://moca-pixel.itch.io/felinia-pietros-quest,,2025-07-02
https://nimblefizz.itch.io/around-me-there-is-violence,,2025-07-02
https://mjadventure.itch.io/hikimori-lifes-simulator,,2025-07-02
https://dillyboy.itch.io/lone-eagle,,2025-07-02
https://safeneighbor.itch.io/mrslime,,2025-07-02
https://wispyvixen.itch.io/flit-and-fisher,,2025-07-02
https://luissexto.itch.io/actua-soccer-arcade-tournament,,2025-07-02
https://popperofsprunkis3434.itch.io/sprunki-ruined,,2025-07-02
https://crimsonparse.itch.io/crimsonvaultdrop,,2025-07-02
https://elushis.itch.io/mercymachine,,2025-07-02
https://bananaking53.itch.io/bounce-quest,,2025-07-02
https://jeeyonshim.itch.io/pawthfinder,,2025-07-02
https://jmaniusis.itch.io/abc-do-escorpio,,2025-07-02
https://zetodigitalart.itch.io/renpy-peaceful-theme,,2025-07-02
https://claudiearseneault.itch.io/itchio-for-authors-a-collection-of-guides-for-prose-writers,,2025-07-02
https://x-pxrple.itch.io/tenpo-pi-soweli-suli,,2025-07-02
https://thekingharem.itch.io/mai-fuyuki-hokkaido-gals-are-super-adorable-p1,,2025-07-02
https://dynomoot.itch.io/first-survivor,,2025-07-02
https://beepbird.itch.io/pocket-crisis-guide,,2025-07-02
https://dawgboygaming.itch.io/ghostblood,,2025-07-02
https://nehuen-monzon.itch.io/sky-blitz,,2025-07-02
https://roachbones.itch.io/o-moku-e-mun,,2025-07-02
https://casper-gaming.itch.io/cgmz-skip-title,,2025-07-02
https://jpgaltmiller.itch.io/lesbian-zombies-from-outer-space-issue-7,,2025-07-02
https://mousefriend.itch.io/carnage-clown,,2025-07-02
https://thekingharem.itch.io/rena-natsukawa-hokkaido-gals-are-super-adorable-p1,,2025-07-02
https://yankitali.itch.io/wherever-together-free,,2025-07-02
https://sirmilkman.itch.io/two-table-solitaire,,2025-07-02
https://cosmeeto.itch.io/geneva-tech-demo,,2025-07-02
https://henka42.itch.io/limbo-exe,,2025-07-02
https://thekingharem.itch.io/sayuri-akino-hokkaido-gals-are-super-adorable-p1,,2025-07-02
https://thekingharem.itch.io/minami-fuyuki-hokkaido-gals-are-super-adorable-p1,,2025-07-02
https://jammyjams.itch.io/boydoll,,2025-07-02
https://zzzcomics.itch.io/gigante-lake-5,,2025-07-02
https://zzzcomics.itch.io/gigante-lake-bundle,,2025-07-02
https://luckeptr.itch.io/sky-hook-for-vrchat,,2025-07-02
https://tvstar1999.itch.io/demo-work-zone,,2025-07-02
https://markymoolike-a-cow.itch.io/the-case-of-the-man-in-the-moon,,2025-07-02
https://solindiegames.itch.io/ultra-mega-planet-battles,,2025-07-02
https://perfecthue.itch.io/arena,,2025-07-02
https://zenfacedev.itch.io/steal-cats,,2025-07-02
https://tas1624.itch.io/the-siege-of-leningrad,,2025-07-02
https://hauntibox-altacc.itch.io/incredibaldi-1,,2025-07-02
https://emseydev.itch.io/chicken-race,,2025-07-02
https://rembotgames.itch.io/power-station,,2025-07-02
https://worstdevaround.itch.io/towering-terrors,,2025-07-02
https://wanderlustintheend.itch.io/realm-movement-demo,,2025-07-02
https://kokostudios.itch.io/renciv,,2025-07-02
https://niclas-rogulski.itch.io/liminality,,2025-07-02
https://okz072.itch.io/fam-gingitsune-bp-1-6-200img,,2025-07-02
https://bjac100.itch.io/penguin-taggers-v3,,2025-07-02
https://die-anto.itch.io/outdoor-tileset,,2025-07-02
https://kabber.itch.io/imp-game,,2025-07-02
https://ringobingo.itch.io/ducks-dont-fly,,2025-07-02
https://chetthecat.itch.io/pong-reimagined,,2025-07-02
https://real-pixel.itch.io/maze-mayhem,,2025-07-02
https://tictactoes.itch.io/tic-tac-toes,,2025-07-02
https://gfiascos.itch.io/survival-caged,,2025-07-02
https://opaleon.itch.io/pipemare,,2025-07-02
https://lionstooth.itch.io/turquoise-hexagon-sun,,2025-07-02
https://zzzcomics.itch.io/gigante-lake-collectors-bundle,,2025-07-02
https://tisthemorrow.itch.io/human-defined-zine-html-version,,2025-07-02
https://instantoats.itch.io/at-odds,,2025-07-02
https://luquigames.itch.io/tits-and-zombies,,2025-07-02
https://funkiestbunny.itch.io/satans-near,,2025-07-02
https://coolskull212again.itch.io/wokei,,2025-07-02
https://gasho-mon.itch.io/brackeys-knight,,2025-07-02
https://dogboxmolly.itch.io/dbm-2048,,2025-07-02
https://cardboardswords.itch.io/waking-the-firebird,,2025-07-02
https://jmandraws.itch.io/arts-and-chaos-june-build,,2025-07-02
https://lionstooth.itch.io/aquarius,,2025-07-02
https://lionstooth.itch.io/the-color-of-the-fire,,2025-07-02
https://roshitr.itch.io/rock-space-star,,2025-07-02
https://val-cosmos.itch.io/by-the-cavemans-fire,,2025-07-02
https://retsamys.itch.io/noka-li-tawa-sewi,,2025-07-02
https://pgangster.itch.io/noir-requeim,,2025-07-02
https://thelxinoe5.itch.io/nasin-pi-ona-tu,,2025-07-02
https://djonut.itch.io/botornot,,2025-07-02
https://val-cosmos.itch.io/sitcom-infinity,,2025-07-02
https://vibing-eagle.itch.io/renata-the-warrior,,2025-07-02
https://cdrch.itch.io/weka-sona,,2025-07-02
https://hecko-yes.itch.io/pali-ali,,2025-07-02
https://val-cosmos.itch.io/the-march-of-the-wyrm,,2025-07-02
https://grand-fox-940.itch.io/fnas-enchanted-nights,,2025-07-02
https://akir4a.itch.io/suisei-hoshimachi,,2025-07-02
https://sigmastar.itch.io/musi-pi-nasin-nasa,,2025-07-02
https://gearwrenchmodding.itch.io/fs25-2018-ram-2500,,2025-07-02
https://visss.itch.io/alleykat,,2025-07-02
https://kattertain.itch.io/marks-milky-mlime,,2025-07-02
https://mothnox.itch.io/whisper-things-forbidden,,2025-07-02
https://caitemis.itch.io/wataridori-to-fuyu,,2025-07-02
https://outgrabe.itch.io/mister-tinker-meets-the-man-in-the-moone,,2025-07-02
https://pechebeche.itch.io/song-of-hearts,,2025-07-02
https://mycieszines.itch.io/rus-not-my-dad,,2025-07-02
https://diyote.itch.io/life-is-an-unwritten-book,,2025-07-02
https://brooklynannarkie.itch.io/wrenching-fate,,2025-07-02
https://max-damaged.itch.io/wizard-tennis-finals,,2025-07-02
https://melodyhsong.itch.io/10tinybuids-sudoku,,2025-07-02
https://graceliv.itch.io/wormhole-transit-failure,,2025-07-02
https://akir4a.itch.io/mio-ookami,,2025-07-02
https://axell-sc.itch.io/gakogame,,2025-07-02
https://adrasko.itch.io/alexvsisabella,,2025-07-02
https://akir4a.itch.io/shishiro-botan,,2025-07-02
https://gvreplaysyt.itch.io/cosmic-tag-test-let-me-test-it-b4-u-download,,2025-07-02
https://undefinedworksstudio.itch.io/rat-rascals,,2025-07-02
https://plutoerebus.itch.io/the-nectrotics-troy,,2025-07-02
https://oraecle.itch.io/dreamer,,2025-07-02
https://nancy-f.itch.io/cheese-clicker,,2025-07-02
https://blixzzzyf.itch.io/the-sml-pizzeria-2,,2025-07-02
https://seediem.itch.io/castle-blaster-83,,2025-07-02
https://hollowclam.itch.io/wells-of-the-forgotten,,2025-07-02
https://itsagift.itch.io/vessels,,2025-07-02
https://shatterdome.itch.io/withstanding-the-feast,,2025-07-02
https://pandincus.itch.io/escape-trajectory,,2025-07-02
https://ophelieceleste.itch.io/while-they-fall,,2025-07-02
https://fasold-publishing.itch.io/beetlequest-memory-game,,2025-07-02
https://frankrupp.itch.io/4er,,2025-07-02
https://likelike20.itch.io/signal-debug-16h,,2025-07-02
https://voicelikecandy.itch.io/450,,2025-07-02
https://mumusi-c21.itch.io/dj-pengu,,2025-07-02
https://a-ca-affa.itch.io/reawaken,,2025-07-02
https://ddd-3d.itch.io/024,,2025-07-02
https://mrwhoman3d.itch.io/eyeboy,,2025-07-02
https://me-is-milk.itch.io/gang-wars,,2025-07-02
https://lumpyoats.itch.io/scoobert-doobert-the-virtual-pet-for-terrible-people,,2025-07-02
https://lucasnwd.itch.io/as-cronicas-de-nanquim,,2025-07-02
https://chaiandcongee.itch.io/sunshine-in-the-cards-zine,,2025-07-02
https://doorspostez.itch.io/animation-1,,2025-07-02
https://notsospecialgames.itch.io/testimonium,,2025-07-02
https://schinamaniac.itch.io/maidens-of-phantom-thieves-1-ann,,2025-07-02
https://inquline.itch.io/flight-commander,,2025-07-02
https://geekpush.itch.io/illustration-cg-going-commando,,2025-07-02
https://ksharp8.itch.io/i-wanna-live,,2025-07-02
https://vibegtag.itch.io/sprunki-phase-fifteen,,2025-07-02
https://silver-siren-studios.itch.io/creation-of-my-heart-otome-jam-2025,,2025-07-02
https://huldrahouse.itch.io/paying-her-penance,,2025-07-02
https://kova-k.itch.io/planeflappybird,,2025-07-02
https://raimis001.itch.io/zx-spectrum-another-golf,,2025-07-02
https://mambojiang.itch.io/livelykitchen,,2025-07-02
https://kylo-katt-18.itch.io/pixels-of-the-past-jetpack-joyride-edition,,2025-07-02
https://krappuy.itch.io/demo-botania-mystery-of-the-magical-forest,,2025-07-02
https://ttlovesmario.itch.io/tolikdos,,2025-07-02
https://cd-academy-stac.itch.io/bob-and-his-magic-remote,,2025-07-02
https://saorsie.itch.io/camp-fire-voices,,2025-07-02
https://roguelatro.itch.io/embassy-engine,,2025-07-02
https://superivan30.itch.io/izakaya-love-project,,2025-07-02
https://oxygen8.itch.io/nasin-nasa-kule,,2025-07-02
https://clownfishcreations.itch.io/super-froggo-game-jam,,2025-07-02
https://kawaiiavatarshop.itch.io/kawaii-pastel-anime-avatar-pack-hand-drawn-japanese-cute-girl-portraits,,2025-07-02
https://coolpepper.itch.io/noise-tv-the-hir,,2025-07-02
https://blaarsaad.itch.io/anderkant-5-soundtrack-download,,2025-07-02
https://roketbalistik.itch.io/sejarah-tingkatan-1,,2025-07-02
https://breggo13.itch.io/once-upon-a-fox,,2025-07-02
https://darkfantasystudio.itch.io/monk-sound-effect,,2025-07-02
https://professor-spheal.itch.io/chickens-and-eggs,,2025-07-02
https://onedreamstudio.itch.io/premium-image-pack,,2025-07-02
https://professor-spheal.itch.io/brick-breaker,,2025-07-02
https://xinaelle.itch.io/june-pack-2025,,2025-07-02
https://heighoffcl.itch.io/the-unfinished-symphony-of-thought,,2025-07-02
https://boboliu.itch.io/pooping-cat,,2025-07-02
https://bahamutchaos666.itch.io/plugin-minigame-memory-rmmv,,2025-07-02
https://isabelle1909.itch.io/pixels-for-pride-jam,,2025-07-02
https://necomaru.itch.io/callet,,2025-07-02
https://eragone.itch.io/happy-pet,,2025-07-02
https://nightstriker860.itch.io/trek,,2025-07-02
https://jonathan-nimmo.itch.io/selcouth,,2025-07-02
https://n4kn4k.itch.io/wiredmind,,2025-07-02
https://kawaiiavatarshop.itch.io/kawaii-pastel-anime-avatar-mega-pack8-hand-drawn-japanese-cute-girl-portraits-fo,,2025-07-02
https://frutigererror.itch.io/where-libertines-languish,,2025-07-02
https://oxycodonee.itch.io/notebook,,2025-07-02
https://cofgod.itch.io/the-man-who-whispered-to-ghosts,,2025-07-02
https://bakubakubakuhatsukoi.itch.io/doodle-bois,,2025-07-02
https://cubytegames.itch.io/quantum-resonance,,2025-07-02
https://3jvuu.itch.io/into-the-abyss,,2025-07-02
https://smashpotatostudios.itch.io/love-and-renaissannce,,2025-07-02
https://zapuffi.itch.io/der-dunkle-wald,,2025-07-02
https://truemmertrupp.itch.io/miniversemania,,2025-07-02
https://notyca.itch.io/wondersome-peafowl,,2025-07-02
https://lsrvr.itch.io/plushy-taggers,,2025-07-02
https://cofgod.itch.io/the-catcher-and-the-quiet-flame,,2025-07-02
https://val-demar.itch.io/dark-forest,,2025-07-02
https://artjom-studios.itch.io/earth-friend,,2025-07-02
https://lagartija-cuchilla.itch.io/lagartija-cuchilla-n17,,2025-07-02
https://wendigoworkshop.itch.io/voyageur,,2025-07-02
https://havalamanj.itch.io/skaterboy,,2025-07-02
https://pizzzarollkid08.itch.io/testing12,,2025-07-02
https://cofgod.itch.io/the-boy-and-the-binding-book-part-1,,2025-07-02
https://leonegamer.itch.io/hardest-decision,,2025-07-02
https://royibendor.itch.io/the-lambolijic,,2025-07-02
https://r-a-games.itch.io/friday-night-funkin-vs-farooha,,2025-07-02
https://suphitcha.itch.io/songkran001,,2025-07-02
https://zigzadig.itch.io/sleeping-hermaphrodite,,2025-07-02
https://nessralgames.itch.io/devon-city-cyberpunk-and-sci-fi-buildings,,2025-07-02
https://gbrogames.itch.io/legend-of-legaia-battle-plugin-rpg-maker-mz,,2025-07-02
https://okaydokio.itch.io/pizza-delivery-training-game,,2025-07-02
https://lharoon.itch.io/insertdatehere,,2025-07-02
https://cofgod.itch.io/the-hollow-and-the-boy,,2025-07-02
https://leo-made.itch.io/last-until-the-end,,2025-07-02
https://lordlaxy.itch.io/preserve,,2025-07-02
https://losfrapi.itch.io/laaranhamycenabossfight,,2025-07-02
https://kixslevr.itch.io/reworks,,2025-07-02
https://adorogamez.itch.io/seraruim,,2025-07-02
https://crazy24699.itch.io/pin-point,,2025-07-02
https://blackvolt.itch.io/space-fever,,2025-07-02
https://jo-183.itch.io/oh-no-zine-3,,2025-07-02
https://atahualpa88.itch.io/run-peluca-run,,2025-07-02
https://losfrapi.itch.io/elembrollodelabruja,,2025-07-02
https://mustarandom-ofi.itch.io/raise-a-gubby,,2025-07-02
https://sfmaniacc.itch.io/street-fighters,,2025-07-02
https://spore-grooby.itch.io/modd-io-guy-story-game,,2025-07-02
https://royibendor.itch.io/spider-hunter,,2025-07-02
https://losfrapi.itch.io/genericplatformer,,2025-07-02
https://arisxd.itch.io/umbrellas,,2025-07-02
https://arisxd.itch.io/hunter-gatherer,,2025-07-02
https://wobblym.itch.io/corpse-potato,,2025-07-02
https://arisxd.itch.io/first-date-build,,2025-07-02
https://plundergrounds.itch.io/space-trucker,,2025-07-02
https://newsocietygaming.itch.io/hillbilly-heights,,2025-07-02
https://teambrunomir.itch.io/el-descenso,,2025-07-02
https://teambrunomir.itch.io/stardust,,2025-07-02
https://arisxd.itch.io/and-to-all-a-goodnight,,2025-07-02
https://arisxd.itch.io/sound-garden,,2025-07-02
https://arisxd.itch.io/picking-up-the-pieces,,2025-07-02
https://arisxd.itch.io/dialed-up,,2025-07-02
https://arisxd.itch.io/family-channel,,2025-07-02
https://arisxd.itch.io/the-violinist,,2025-07-02
https://teambrunomir.itch.io/risu-tennis,,2025-07-02
https://teambrunomir.itch.io/junkman-the-kessler-syndrome,,2025-07-02
https://machine-of-reality.itch.io/dungeon-crawl,,2025-07-02
https://machine-of-reality.itch.io/dream-quest,,2025-07-02
https://somnolentsoup.itch.io/cyber-soldier-soakyspud,,2025-07-02
https://newsocietygaming.itch.io/the-tradition,,2025-07-02
https://jomnitech.itch.io/dr-guhl,,2025-07-02
https://teambrunomir.itch.io/space-law,,2025-07-02
https://empathyon.itch.io/clicky-crates,,2025-07-02
https://teambrunomir.itch.io/cuento,,2025-07-02
https://backupdrizzyfizzle.itch.io/friday-night-funkin-green-screen,,2025-07-02
https://itch.io/jam/desafio-pixel-art-jam/rate/545443,,2025-07-02
https://itch.io/jam/deep-lake-summer-2024/rate/2941382,,2025-07-02
https://itch.io/jam/fr-nouvim-3000-an-2025/rate/3683646,,2025-07-02
https://itch.io/jam/cairn-backgrounds-jam-science-fantasy/rate/3685000,,2025-07-02
https://itch.io/jam/wowcube-game-jam/rate/3684495,,2025-07-02
https://itch.io/jam/otome-jam-2025/rate/3643049,,2025-07-02
https://itch.io/jam/josei-jam-2025/rate/3643049,,2025-07-02
https://itch.io/jam/speedjam10/rate/3684116,,2025-07-02
https://itch.io/jam/otome-jam-2025/rate/3684351,,2025-07-02
https://itch.io/jam/josei-jam-2025/rate/3684351,,2025-07-02
https://itch.io/jam/beginners-jam-sum2025/rate/3684066,,2025-07-02
https://itch.io/jam/themed-horror-game-jam-21/rate/3684940,,2025-07-02
https://itch.io/jam/micro-jam-042/rate/3683918,,2025-07-02
https://itch.io/jam/sci-fi-one-shot-jam-2025/rate/3684966,,2025-07-02
https://itch.io/jam/decadejam/rate/3684962,,2025-07-02
https://itch.io/jam/cairn-backgrounds-jam-science-fantasy/rate/3685060,,2025-07-02
https://itch.io/jam/summer-cool-off-bundle-/rate/3342132,,2025-07-02
https://itch.io/jam/speedjam10/rate/3685078,,2025-07-02
https://itch.io/jam/5-year-long-jam/rate/3684962,,2025-07-02
https://itch.io/jam/speedjam10/rate/3684962,,2025-07-02
https://itch.io/jam/furry-games-and-dev-jam-3/rate/3664397,,2025-07-02
https://itch.io/jam/2025-jam/rate/3684962,,2025-07-02
https://itch.io/jam/speedjam10/rate/3684515,,2025-07-02
https://itch.io/jam/2025-game-jam/rate/3684962,,2025-07-02
https://itch.io/jam/really-bad-if-2/rate/3680905,,2025-07-02
https://itch.io/jam/micro-jam-042/rate/3683894,,2025-07-02
https://itch.io/jam/furry-games-and-dev-jam-3/rate/3684908,,2025-07-02
https://itch.io/jam/toxic-yuri-vn-jam/rate/3683175,,2025-07-02
https://itch.io/jam/cheese-jam-1/rate/3685158,,2025-07-02
https://itch.io/jam/speedjam10/rate/3685155,,2025-07-02
https://itch.io/jam/farm-jam-2025-the-forest-frontier/rate/3668865,,2025-07-02
https://itch.io/jam/untitled-game-jam-112/rate/3682778,,2025-07-02
https://itch.io/jam/citizens-assemble/rate/3682778,,2025-07-02
https://itch.io/jam/beginners-jam-summer-2025/rate/3685206,,2025-07-02
https://itch.io/jam/bad-art-jam/rate/3683033,,2025-07-02
https://itch.io/jam/unconventional-jam/rate/3682778,,2025-07-02
https://itch.io/jam/speedjam10/rate/3682778,,2025-07-02
https://itch.io/jam/monochromatic-game-jam-3/rate/3682778,,2025-07-02
https://itch.io/jam/beginners-jam-sum2025/rate/3685241,,2025-07-02
https://itch.io/jam/farm-jam-2025-the-forest-frontier/rate/3685092,,2025-07-02
https://itch.io/jam/farm-jam-2025-the-forest-frontier/rate/3685264,,2025-07-02
https://itch.io/jam/farm-jam-2025-the-forest-frontier/rate/3685267,,2025-07-02
https://itch.io/jam/otome-jam-2025/rate/3675038,,2025-07-02
https://itch.io/jam/otome-jam-2025/rate/3515163,,2025-07-02
https://itch.io/jam/otome-jam-2025/rate/3676079,,2025-07-02
https://itch.io/jam/josei-jam-2025/rate/3676079,,2025-07-02
https://itch.io/jam/speedjam10/rate/3685282,,2025-07-02
https://itch.io/jam/otome-jam-2025/rate/1562230,,2025-07-02
https://itch.io/jam/yaoi-game-jam-2025/rate/3656154,,2025-07-02
https://itch.io/jam/retro-revival-bundle/rate/2005321,,2025-07-02
https://itch.io/jam/indiepocalypse-issue-68-paying-anthology/rate/2005321,,2025-07-02
https://itch.io/jam/rpg-maker-themed-game-jam-10/rate/3685253,,2025-07-02
https://itch.io/jam/baf-jam-2025/rate/3676110,,2025-07-02
https://itch.io/jam/weekly-note-composing-jam-23/rate/3685348,,2025-07-02
https://itch.io/jam/farm-jam-2025-the-forest-frontier/rate/3685256,,2025-07-02
https://itch.io/jam/cairn-backgrounds-jam-science-fantasy/rate/3685373,,2025-07-02
https://itch.io/jam/one-game-a-month-48/rate/3685375,,2025-07-02
https://itch.io/jam/josei-jam-2025/rate/3675038,,2025-07-02
https://itch.io/jam/speedjam10/rate/3684935,,2025-07-02
https://itch.io/jam/summer-cool-off-bundle-/rate/3674877,,2025-07-02
https://itch.io/jam/give-trans-people-money-please/rate/3674877,,2025-07-02
https://itch.io/jam/one-game-a-month-48/rate/3283053,,2025-07-02
https://itch.io/jam/nogd-blueberry-jam-2025/rate/3683557,,2025-07-02
https://itch.io/jam/indiepocalypse-issue-68-paying-anthology/rate/3674877,,2025-07-02
https://itch.io/jam/speedjam10/rate/3682559,,2025-07-02
https://itch.io/jam/otome-jam-2025/rate/3682034,,2025-07-02
https://itch.io/jam/josei-jam-2025/rate/3682034,,2025-07-02
https://itch.io/jam/summer-cool-off-bundle-/rate/3460440,,2025-07-02
https://itch.io/jam/speedjam10/rate/3681525,,2025-07-02
https://itch.io/jam/speedjam10/rate/3683107,,2025-07-02
https://itch.io/jam/otome-jam-2025/rate/3685232,,2025-07-02
https://itch.io/jam/josei-jam-2025/rate/3685232,,2025-07-02
https://itch.io/jam/desert-dwellings-ttrpg-jam/rate/3685467,,2025-07-02
https://itch.io/jam/the-bad-game-jam-part-deux/rate/3651969,,2025-07-02
https://itch.io/jam/speedjam10/rate/3681889,,2025-07-02
https://itch.io/jam/the-bad-game-jam-part-deux/rate/3684745,,2025-07-02
https://itch.io/jam/baf-jam-2025/rate/3664610,,2025-07-02
https://itch.io/jam/speedjam10/rate/3685316,,2025-07-02
https://itch.io/jam/yaoi-game-jam-2025/rate/3649345,,2025-07-02
https://itch.io/jam/speedjam10/rate/3683579,,2025-07-02
https://itch.io/jam/bad-art-jam/rate/3680618,,2025-07-02
https://itch.io/jam/baf-jam-2025/rate/3649345,,2025-07-02
https://itch.io/jam/really-bad-if-2/rate/3682952,,2025-07-02
https://itch.io/jam/neo-twiny-jam-25/rate/3438492,,2025-07-02
https://itch.io/jam/beginners-jam-summer-2025/rate/3685594,,2025-07-02
https://itch.io/jam/otome-jam-2025/rate/3552830,,2025-07-02
https://itch.io/jam/josei-jam-2025/rate/3552830,,2025-07-02
https://itch.io/jam/speedjam10/rate/3685579,,2025-07-02
https://itch.io/jam/otome-jam-2025/rate/3220972,,2025-07-02
https://itch.io/jam/speedjam10/rate/3684109,,2025-07-02
https://itch.io/jam/the-bad-game-jam-part-deux/rate/3292552,,2025-07-02
https://itch.io/jam/neo-twiny-jam-25/rate/3685381,,2025-07-02
https://itch.io/jam/rpg-maker-horror-game-jam-10/rate/3655326,,2025-07-02
https://itch.io/jam/the-bad-game-jam-part-deux/rate/3685648,,2025-07-02
https://itch.io/jam/neo-twiny-jam-25/rate/3643033,,2025-07-02
https://itch.io/jam/baf-jam-2025/rate/3685303,,2025-07-02
https://itch.io/jam/vtuber-tiny-jam-2025/rate/3685345,,2025-07-02
https://itch.io/jam/retro-mini-jam/rate/3685688,,2025-07-02
https://itch.io/jam/mobile-game-jam-pgh/rate/3685711,,2025-07-02
https://itch.io/jam/otome-jam-2025/rate/3215399,,2025-07-02
https://itch.io/jam/josei-jam-2025/rate/3215399,,2025-07-02
https://itch.io/jam/touhou-pride-7/rate/3675694,,2025-07-02
https://itch.io/jam/fr-nouvim-3000-an-2025/rate/3685727,,2025-07-02
https://itch.io/jam/speedjam10/rate/3684570,,2025-07-02
https://itch.io/jam/monochromatic-game-jam-3/rate/3683199,,2025-07-02
https://itch.io/jam/themed-horror-game-jam-21/rate/3685755,,2025-07-02
https://itch.io/jam/sunday-zine-club-12/rate/3685795,,2025-07-02
https://itch.io/jam/alchemy-jam-5/rate/3685665,,2025-07-02
https://itch.io/jam/mobile-game-jam-pgh/rate/3685800,,2025-07-02
https://itch.io/jam/speedjam10/rate/3685607,,2025-07-02
https://itch.io/jam/speedjam10/rate/3685791,,2025-07-02
https://itch.io/jam/josei-jam-2025/rate/2384541,,2025-07-02
https://itch.io/jam/neo-twiny-jam-25/rate/3681233,,2025-07-02
https://itch.io/jam/furry-games-and-dev-jam-3/rate/3685772,,2025-07-02
https://itch.io/jam/furry-games-and-dev-jam-3/rate/3684523,,2025-07-02
https://itch.io/jam/speedjam10/rate/3685816,,2025-07-02
https://itch.io/jam/neo-twiny-jam-25/rate/3684283,,2025-07-02
https://itch.io/jam/neo-twiny-jam-25/rate/3671253,,2025-07-02
https://itch.io/jam/cheese-jam-1/rate/3685865,,2025-07-02
https://itch.io/jam/speedjam10/rate/3684424,,2025-07-02
https://itch.io/jam/speedjam10/rate/3685771,,2025-07-02
https://itch.io/jam/speedjam10/rate/3685864,,2025-07-02
https://itch.io/jam/speedjam10/rate/3684274,,2025-07-02
https://itch.io/jam/beginners-jam-summer-2025/rate/3682310,,2025-07-02
https://itch.io/jam/josei-jam-2025/rate/3663057,,2025-07-02
https://itch.io/jam/speedjam10/rate/3682822,,2025-07-02
https://itch.io/jam/otome-jam-2025/rate/3509044,,2025-07-02
https://itch.io/jam/josei-jam-2025/rate/3509044,,2025-07-02
https://itch.io/jam/summer-cool-off-bundle-/rate/1880990,,2025-07-02
https://itch.io/jam/speedjam10/rate/3685841,,2025-07-02
https://itch.io/jam/speedjam10/rate/3684185,,2025-07-02
https://itch.io/jam/speedjam10/rate/3677317,,2025-07-02
https://itch.io/jam/speedjam10/rate/3685371,,2025-07-02
https://itch.io/jam/speedjam10/rate/3685919,,2025-07-02
https://itch.io/jam/speedjam10/rate/3685935,,2025-07-02
https://itch.io/jam/furry-games-and-dev-jam-3/rate/3682995,,2025-07-02
https://itch.io/jam/weeksauce-42/rate/3685872,,2025-07-02
https://itch.io/jam/speedjam10/rate/3685942,,2025-07-02
https://itch.io/jam/speedjam10/rate/3685966,,2025-07-02
https://itch.io/jam/speedjam10/rate/3681214,,2025-07-02
https://itch.io/jam/furry-games-and-dev-jam-3/rate/3685945,,2025-07-02
https://itch.io/jam/sunday-zine-club-12/rate/3685985,,2025-07-02
https://itch.io/jam/furry-games-and-dev-jam-3/rate/3668331,,2025-07-02
https://itch.io/jam/speedjam10/rate/3685968,,2025-07-02
https://itch.io/jam/speedjam10/rate/3685897,,2025-07-02
https://itch.io/jam/speedjam10/rate/3685685,,2025-07-02
https://itch.io/jam/speedjam10/rate/3685936,,2025-07-02
https://itch.io/jam/speedjam10/rate/3685979,,2025-07-02
https://itch.io/jam/furry-games-and-dev-jam-3/rate/3685983,,2025-07-02
https://itch.io/jam/speedjam10/rate/3682341,,2025-07-02
https://itch.io/jam/speedjam10/rate/3685978,,2025-07-02
https://itch.io/jam/speedjam10/rate/3684218,,2025-07-02
https://itch.io/jam/furry-games-and-dev-jam-3/rate/3685394,,2025-07-02
https://itch.io/jam/speedjam10/rate/3685988,,2025-07-02
https://itch.io/jam/neo-twiny-jam-25/rate/3685900,,2025-07-02
https://itch.io/jam/speedjam10/rate/3685905,,2025-07-02
https://itch.io/jam/furry-games-and-dev-jam-3/rate/3685962,,2025-07-02
https://itch.io/jam/speedjam10/rate/3685822,,2025-07-02
https://itch.io/jam/xogot-jam/rate/3683185,,2025-07-02
https://itch.io/jam/mini-jame-gam-44/rate/3685980,,2025-07-02
https://itch.io/jam/mobile-game-jam-pgh/rate/3686008,,2025-07-02
https://itch.io/jam/otome-jam-2025/rate/3677929,,2025-07-02
https://itch.io/jam/josei-jam-2025/rate/3677929,,2025-07-02
https://itch.io/jam/neo-twiny-jam-25/rate/3680924,,2025-07-02
https://itch.io/jam/otome-jam-2025/rate/3682973,,2025-07-02
https://itch.io/jam/neo-twiny-jam-25/rate/3686024,,2025-07-02
https://itch.io/jam/interactive-fiction-monthly-jam-1/rate/3686024,,2025-07-02
https://itch.io/jam/furry-games-and-dev-jam-3/rate/3685986,,2025-07-02
https://itch.io/jam/fr-nouvim-3000-an-2025/rate/3686024,,2025-07-02
https://itch.io/jam/unconventional-jam/rate/3686046,,2025-07-02
https://itch.io/jam/josei-jam-2025/rate/3682973,,2025-07-02
https://itch.io/jam/retro-mini-jam/rate/3686046,,2025-07-02
https://itch.io/jam/mobile-game-jam-pgh/rate/3686035,,2025-07-02
https://itch.io/jam/the-bad-game-jam-part-deux/rate/2045507,,2025-07-02
https://itch.io/jam/summer-cool-off-bundle-/rate/3221514,,2025-07-02
https://itch.io/jam/unconventional-jam/rate/3686085,,2025-07-02
https://itch.io/jam/bitsy-93-man-in-the-moon/rate/3686084,,2025-07-02
https://itch.io/jam/speedjam10/rate/3685994,,2025-07-02
https://itch.io/jam/speedjam10/rate/3685958,,2025-07-02
https://itch.io/jam/baf-jam-2025/rate/3683112,,2025-07-02
https://itch.io/jam/mobile-game-jam-pgh/rate/3686096,,2025-07-02
https://itch.io/jam/loose-playbooks-jam-2/rate/3686163,,2025-07-02
https://itch.io/jam/retro-mini-jam/rate/3685908,,2025-07-02
https://itch.io/jam/baf-jam-2025/rate/3561352,,2025-07-02
https://itch.io/jam/otome-jam-2025/rate/3234529,,2025-07-02
https://itch.io/jam/josei-jam-2025/rate/3234529,,2025-07-02
https://itch.io/jam/sci-fi-one-shot-jam-2025/rate/3686102,,2025-07-02
https://itch.io/jam/otome-jam-2025/rate/3627745,,2025-07-02
https://itch.io/jam/mobile-game-jam-pgh/rate/3686260,,2025-07-02
https://itch.io/jam/retrogamejam2025/rate/3660301,,2025-07-02
https://itch.io/jam/healthy-game-jam-2025/rate/3171766,,2025-07-02
https://itch.io/jam/unconventional-jam/rate/3686288,,2025-07-02
https://itch.io/jam/healthy-game-jam-2025/rate/2434230,,2025-07-02
https://itch.io/jam/healthy-game-jam-2025/rate/3015054,,2025-07-02
https://itch.io/jam/cc-gdd-jam/rate/3686295,,2025-07-02
https://itch.io/jam/furry-games-and-dev-jam-3/rate/3686258,,2025-07-02
https://itch.io/jam/gwizz-big-boom/rate/3686304,,2025-07-02
https://itch.io/jam/alchemy-jam-5/rate/3686294,,2025-07-02
https://itch.io/jam/baf-jam-2025/rate/3686352,,2025-07-02
https://itch.io/jam/otome-jam-2025/rate/3662034,,2025-07-02
https://itch.io/jam/neo-twiny-jam-25/rate/3654745,,2025-07-02
https://itch.io/jam/farm-jam-2025-the-forest-frontier/rate/3685353,,2025-07-02
https://itch.io/jam/game-ify-the-world/rate/3681545,,2025-07-02
https://itch.io/jam/josei-jam-2025/rate/3662034,,2025-07-02
https://itch.io/jam/boss-bash-jam-3/rate/3686332,,2025-07-02
https://itch.io/jam/themed-horror-game-jam-21/rate/3685352,,2025-07-02
https://itch.io/jam/the-bad-game-jam-part-deux/rate/3686253,,2025-07-02
https://itch.io/jam/cozy-cat/rate/3686412,,2025-07-02
https://itch.io/jam/themed-horror-game-jam-21/rate/3581803,,2025-07-02
https://itch.io/jam/retro-mini-jam/rate/3683941,,2025-07-02
https://itch.io/jam/neo-twiny-jam-25/rate/3627575,,2025-07-02
https://itch.io/jam/1100-words-ttrpg-kitchen-2025/rate/3686343,,2025-07-02
https://itch.io/jam/neo-twiny-jam-25/rate/3669840,,2025-07-02
https://itch.io/jam/the-maple-jam/rate/3686462,,2025-07-02
https://itch.io/jam/unconventional-jam/rate/3686508,,2025-07-02
https://itch.io/jam/neo-twiny-jam-25/rate/3681638,,2025-07-02
https://itch.io/jam/weeksauce-42/rate/3677047,,2025-07-02
https://itch.io/jam/pink-decker-jam/rate/3681638,,2025-07-02
https://itch.io/jam/unconventional-jam/rate/3684088,,2025-07-02
https://itch.io/jam/furry-games-and-dev-jam-3/rate/3686446,,2025-07-02
https://itch.io/jam/otome-jam-2025/rate/3672005,,2025-07-02
https://itch.io/jam/josei-jam-2025/rate/3672005,,2025-07-02
https://itch.io/jam/weeksauce-42/rate/3686535,,2025-07-02
https://itch.io/jam/otome-jam-2025/rate/3676176,,2025-07-02
https://itch.io/jam/josei-jam-2025/rate/3676176,,2025-07-02
https://itch.io/jam/themed-horror-game-jam-21/rate/3617551,,2025-07-02
https://itch.io/jam/5-year-long-jam/rate/3685776,,2025-07-02
https://itch.io/jam/skillup-/rate/2719953,,2025-07-02
https://itch.io/jam/genre-punk-diy/rate/3686594,,2025-07-02
https://itch.io/jam/unconventional-jam/rate/3686548,,2025-07-02
https://itch.io/jam/oc-zine-jam-vol1-inkscythe/rate/3685831,,2025-07-02
https://itch.io/jam/otome-jam-2025/rate/3649891,,2025-07-02
https://itch.io/jam/the-maple-jam/rate/3686608,,2025-07-02
https://itch.io/jam/themed-horror-game-jam-21/rate/3686438,,2025-07-02
https://itch.io/jam/the-bad-game-jam-part-deux/rate/3686578,,2025-07-02
https://itch.io/jam/loose-playbooks-jam-2/rate/3686629,,2025-07-02
https://itch.io/jam/themed-horror-game-jam-21/rate/3665086,,2025-07-02
https://itch.io/jam/touhou-pride-7/rate/3686037,,2025-07-02
https://itch.io/jam/josei-jam-2025/rate/3679747,,2025-07-02
https://itch.io/jam/pixels-for-pride/rate/3686663,,2025-07-02
https://itch.io/jam/touhou-pride-7/rate/3638115,,2025-07-02
https://itch.io/jam/summer-cool-off-bundle-/rate/1757091,,2025-07-02
https://itch.io/jam/genre-punk-diy/rate/3686693,,2025-07-02
https://itch.io/jam/moca-pixel-game-jam/rate/3686700,,2025-07-02
https://itch.io/jam/2025-holmesglen-game-jam/rate/3684330,,2025-07-02
https://itch.io/jam/unconventional-jam/rate/3686709,,2025-07-02
https://itch.io/jam/otome-jam-2025/rate/3532008,,2025-07-02
https://itch.io/jam/josei-jam-2025/rate/3532008,,2025-07-02
https://itch.io/jam/bad-art-jam/rate/3686737,,2025-07-02
https://itch.io/jam/bad-art-jam/rate/3625989,,2025-07-02
https://itch.io/jam/josei-jam-2025/rate/2192224,,2025-07-02
https://itch.io/jam/moca-pixel-game-jam/rate/3686659,,2025-07-02
https://itch.io/jam/lazy-tea-studios-game-jam-1/rate/3683989,,2025-07-02
https://itch.io/jam/weekly-note-composing-jam-23/rate/3686757,,2025-07-02
https://itch.io/jam/bitsy-93-man-in-the-moon/rate/3686703,,2025-07-02
https://itch.io/jam/alchemy-jam-5/rate/3681084,,2025-07-02
https://itch.io/jam/otome-jam-2025/rate/2801976,,2025-07-02
https://itch.io/jam/give-trans-people-money-please/rate/3138518,,2025-07-02
https://itch.io/jam/give-trans-people-money-please/rate/3335703,,2025-07-02
https://itch.io/jam/give-trans-people-money-please/rate/2744507,,2025-07-02
https://itch.io/jam/moca-pixel-game-jam/rate/3686814,,2025-07-02
https://itch.io/jam/bitsy-93-man-in-the-moon/rate/3686809,,2025-07-02
https://itch.io/jam/neo-twiny-jam-25/rate/3686798,,2025-07-02
https://itch.io/jam/neo-twiny-jam-25/rate/3686787,,2025-07-02
https://itch.io/jam/-yourpgm-jam-20-monster-capture/rate/3686829,,2025-07-02
https://itch.io/jam/gwizz-big-boom/rate/3686832,,2025-07-02
https://itch.io/jam/neo-twiny-jam-25/rate/3653114,,2025-07-02
https://itch.io/jam/themed-horror-game-jam-21/rate/3686609,,2025-07-02
https://itch.io/jam/summer-cool-off-bundle-/rate/3686827,,2025-07-02
https://itch.io/jam/give-trans-people-money-please/rate/3686827,,2025-07-02
https://itch.io/jam/foothills-robotics-jam/rate/3686749,,2025-07-02
https://itch.io/jam/neo-twiny-jam-25/rate/3686305,,2025-07-02
https://itch.io/jam/otome-jam-2025/rate/3684111,,2025-07-02
https://itch.io/jam/josei-jam-2025/rate/3684111,,2025-07-02
https://itch.io/jam/neo-twiny-jam-25/rate/3686893,,2025-07-02
https://itch.io/jam/neo-twiny-jam-25/rate/3678313,,2025-07-02
https://itch.io/jam/josei-jam-2025/rate/3627622,,2025-07-02
https://itch.io/jam/otome-jam-2025/rate/3627622,,2025-07-02
https://itch.io/jam/otome-jam-2025/rate/3615120,,2025-07-02
https://itch.io/jam/otome-jam-2025/rate/2695227,,2025-07-02
https://itch.io/jam/josei-jam-2025/rate/2695227,,2025-07-02
https://itch.io/jam/genre-punk-diy/rate/3686925,,2025-07-02
https://itch.io/jam/an-intersex-jam/rate/3686912,,2025-07-02
https://itch.io/jam/foothills-robotics-jam/rate/3686892,,2025-07-02
https://itch.io/jam/genre-punk-diy/rate/3686953,,2025-07-02
https://itch.io/jam/otome-jam-2025/rate/3680585,,2025-07-02
https://itch.io/jam/cc-gdd-jam/rate/3686969,,2025-07-02
https://itch.io/jam/baf-jam-2025/rate/3686976,,2025-07-02
https://itch.io/jam/josei-jam-2025/rate/3615120,,2025-07-02
https://itch.io/jam/otome-jam-2025/rate/3252213,,2025-07-02
https://itch.io/jam/rpg-maker-horror-game-jam-10/rate/3686911,,2025-07-02
https://itch.io/jam/moca-pixel-game-jam/rate/3687022,,2025-07-02
https://itch.io/jam/alchemy-jam-5/rate/3687088,,2025-07-02
https://itch.io/jam/megamitts-mega-jam-4/rate/3606022,,2025-07-02
https://itch.io/jam/perzine-jam/rate/3687067,,2025-07-02
https://itch.io/jam/otome-jam-2025/rate/3663792,,2025-07-02
https://itch.io/jam/josei-jam-2025/rate/3663792,,2025-07-02
https://itch.io/jam/otome-jam-2025/rate/3640679,,2025-07-02
https://itch.io/jam/moca-pixel-game-jam/rate/3687099,,2025-07-02
https://itch.io/jam/otome-jam-2025/rate/3651239,,2025-07-02
https://itch.io/jam/josei-jam-2025/rate/3651239,,2025-07-02
https://itch.io/jam/themed-horror-game-jam-21/rate/3686613,,2025-07-02
https://itch.io/jam/indiepocalypse-issue-68-paying-anthology/rate/3684313,,2025-07-02
https://itch.io/jam/neo-twiny-jam-25/rate/3686937,,2025-07-02
https://itch.io/jam/otome-jam-2025/rate/3211932,,2025-07-02
https://itch.io/jam/josei-jam-2025/rate/3211932,,2025-07-02
https://itch.io/jam/neo-twiny-jam-25/rate/3687124,,2025-07-02
https://itch.io/jam/cheese-jam-1/rate/3687129,,2025-07-02
https://itch.io/jam/interactive-fiction-showcase-2025/rate/3687124,,2025-07-02
https://itch.io/jam/2025/rate/3687124,,2025-07-02
https://itch.io/jam/2025-game-jam/rate/3687124,,2025-07-02
https://itch.io/jam/selasar-game-jam/rate/3687108,,2025-07-02
https://itch.io/jam/touhou-pride-7/rate/3687168,,2025-07-02
https://itch.io/jam/josei-jam-2025/rate/3599503,,2025-07-02
https://itch.io/jam/neo-twiny-jam-25/rate/3687163,,2025-07-02
https://itch.io/jam/neo-twiny-jam-25/rate/3687154,,2025-07-02
https://itch.io/jam/bitsy-93-man-in-the-moon/rate/3683849,,2025-07-02
https://itch.io/jam/josei-jam-2025/rate/3326860,,2025-07-02
https://itch.io/jam/otome-jam-2025/rate/3642588,,2025-07-02
https://itch.io/jam/neo-twiny-jam-25/rate/3686951,,2025-07-02
https://itch.io/jam/neo-twiny-jam-25/rate/3679489,,2025-07-02
https://itch.io/jam/bitsy-93-man-in-the-moon/rate/3687056,,2025-07-02
https://itch.io/jam/neo-twiny-jam-25/rate/3686695,,2025-07-02
https://itch.io/jam/neo-twiny-jam-25/rate/3686465,,2025-07-02
https://itch.io/jam/neo-twiny-jam-25/rate/3687120,,2025-07-02
https://itch.io/jam/pizza-horror-jam-2025/rate/3687232,,2025-07-02
https://itch.io/jam/game-a-week-sydney-2025/rate/3687211,,2025-07-02
https://itch.io/jam/otome-jam-2025/rate/3687255,,2025-07-02
https://itch.io/jam/josei-jam-2025/rate/3687255,,2025-07-02
https://itch.io/jam/farm-jam-2025-the-forest-frontier/rate/3685285,,2025-07-02
https://itch.io/jam/function-disabled-2025/rate/3389232,,2025-07-02
https://itch.io/jam/otome-jam-2025/rate/3676794,,2025-07-02
https://itch.io/jam/eb-sparky-jam/rate/3687318,,2025-07-02
https://itch.io/jam/josei-jam-2025/rate/3676794,,2025-07-02
https://itch.io/jam/otome-jam-2025/rate/3548684,,2025-07-02
https://itch.io/jam/josei-jam-2025/rate/3681828,,2025-07-02
https://itch.io/jam/touhou-pride-7/rate/3687335,,2025-07-02
https://itch.io/jam/gbcompo25/rate/3678032,,2025-07-02
https://itch.io/jam/otome-jam-2025/rate/2682113,,2025-07-02
https://itch.io/jam/josei-jam-2025/rate/2682113,,2025-07-02
https://itch.io/jam/alchemy-jam-5/rate/3687408,,2025-07-02
https://itch.io/jam/otome-jam-2025/rate/3684997,,2025-07-02
https://itch.io/jam/otome-jam-2025/rate/3668757,,2025-07-02
https://itch.io/jam/otome-jam-2025/rate/3589533,,2025-07-02
https://itch.io/jam/practice-jam-2025-2/rate/3435475,,2025-07-02
https://itch.io/jam/josei-jam-2025/rate/3668757,,2025-07-02
https://itch.io/jam/otome-jam-2025/rate/3525938,,2025-07-02
https://itch.io/jam/josei-jam-2025/rate/3525938,,2025-07-02
https://itch.io/jam/short-circuit-vn-jam/rate/3525938,,2025-07-02
https://itch.io/jam/pixels-for-pride/rate/3687452,,2025-07-02
https://itch.io/jam/otome-jam-2025/rate/3686997,,2025-07-02
https://itch.io/jam/otome-jam-2025/rate/3484659,,2025-07-02
https://itch.io/jam/josei-jam-2025/rate/3484659,,2025-07-02
https://itch.io/jam/otome-jam-2025/rate/3681533,,2025-07-02
https://itch.io/jam/perzine-jam/rate/3645314,,2025-07-02
https://itch.io/jam/otome-jam-2025/rate/3687486,,2025-07-02
https://itch.io/jam/josei-jam-2025/rate/3687486,,2025-07-02
https://itch.io/jam/otome-jam-2025/rate/3663289,,2025-07-02
https://itch.io/jam/josei-jam-2025/rate/3663289,,2025-07-02
https://itch.io/jam/otome-jam-2025/rate/3687308,,2025-07-02
https://itch.io/jam/josei-jam-2025/rate/3686825,,2025-07-02
https://itch.io/jam/otome-jam-2025/rate/3686825,,2025-07-02
https://itch.io/jam/otome-jam-2025/rate/3686279,,2025-07-02
https://itch.io/jam/otome-jam-2025/rate/3687517,,2025-07-02
https://itch.io/jam/josei-jam-2025/rate/3681270,,2025-07-02
https://itch.io/jam/josei-jam-2025/rate/3686279,,2025-07-02
https://itch.io/jam/josei-jam-2025/rate/3687509,,2025-07-02
https://itch.io/jam/themed-horror-game-jam-21/rate/3681852,,2025-07-02
https://itch.io/jam/alchemy-jam-5/rate/3670701,,2025-07-02
https://itch.io/jam/the-maple-jam/rate/3687564,,2025-07-02
https://itch.io/jam/one-little-agony-first/rate/3687505,,2025-07-02
https://itch.io/jam/themed-horror-game-jam-21/rate/3687533,,2025-07-02
https://itch.io/jam/rpg-maker-horror-game-jam-10/rate/3680677,,2025-07-02
https://itch.io/jam/give-trans-people-money-please/rate/3687620,,2025-07-02
https://itch.io/jam/trans-representation-jam-25/rate/3444144,,2025-07-02
https://itch.io/jam/trans-representation-jam-25/rate/3380840,,2025-07-02
https://itch.io/jam/alchemy-jam-5/rate/3685041,,2025-07-02
https://itch.io/jam/sunofes25/rate/2942958,,2025-07-02
https://itch.io/jam/sunofes25/rate/3248487,,2025-07-02
https://itch.io/jam/sunofes25/rate/3081520,,2025-07-02
https://itch.io/jam/one-page-rpg-jam-2025,,2025-07-02
https://itch.io/jam/appx-n-jam,,2025-07-02
https://itch.io/jam/pizza-doggys-horror-jam-2,,2025-07-02
https://itch.io/jam/acerola-dirt-jam,,2025-07-02
https://itch.io/jam/-posolstvogamedev,,2025-07-02
https://itch.io/jam/summer2025cgs-jam,,2025-07-02
https://itch.io/jam/eb-sparky-jam,,2025-07-02
https://itch.io/jam/escuela-de-godot-2025,,2025-07-02
https://itch.io/jam/sleepy-jam,,2025-07-02
https://itch.io/jam/weeksauce-44,,2025-07-02
https://itch.io/jam/zine-community-jam-watch,,2025-07-02
https://itch.io/jam/ccny25project3,,2025-07-02
https://itch.io/jam/glimmer-jam3,,2025-07-02
https://itch.io/jam/update-an-existing-game-jam,,2025-07-02
https://itch.io/jam/ral-game-jam-2025-alert-win-cash-prizes-worth-18000,,2025-07-02
https://itch.io/jam/big-game5-jam,,2025-07-02
https://itsagift.itch.io,,2025-07-02
https://hydragenisys.itch.io,,2025-07-02
https://sapphire-force-studios.itch.io,,2025-07-02
https://probablynotgames.itch.io,,2025-07-02
https://toasting-games.itch.io,,2025-07-02
https://nowherebebop.itch.io,,2025-07-02
https://kunguska.itch.io,,2025-07-02
https://blood-and-bone.itch.io,,2025-07-02
https://matikappa123.itch.io,,2025-07-02
https://samueldias.itch.io,,2025-07-02
https://emiloomistar.itch.io,,2025-07-02
https://losfrapi.itch.io,,2025-07-02
https://candi-game.itch.io,,2025-07-02
https://emvircontents.itch.io,,2025-07-02
https://applebottomzines.itch.io,,2025-07-02
https://untail-studio.itch.io,,2025-07-02
https://abrpatel8.itch.io,,2025-07-02
https://retsamys.itch.io,,2025-07-02
https://batteethproductions.itch.io,,2025-07-02
https://animachina-studios.itch.io,,2025-07-02
https://wahajplayz.itch.io,,2025-07-02
https://zabacraft.itch.io,,2025-07-02
https://witherlordscratch.itch.io,,2025-07-02
https://thereallynerdyfox.itch.io,,2025-07-02
https://carljohnson33.itch.io,,2025-07-02
https://boxofforks.itch.io,,2025-07-02
https://ivaneipana.itch.io,,2025-07-02
https://pionome.itch.io,,2025-07-02
https://ophelieceleste.itch.io,,2025-07-02
https://ailmao.itch.io,,2025-07-02
https://twicepyro.itch.io,,2025-07-02
https://cardboardswords.itch.io,,2025-07-02
https://drunk-mantis.itch.io,,2025-07-02
https://jogodocelular.itch.io,,2025-07-02
https://manteigga.itch.io,,2025-07-02
https://anthropocore.itch.io,,2025-07-02
https://nowifijustlaq.itch.io,,2025-07-02
https://mirawakestudios.itch.io,,2025-07-02
https://maxmartdev.itch.io,,2025-07-02
https://andy-christ-mbobele.itch.io,,2025-07-02
https://rizakigames.itch.io,,2025-07-02
https://cellya-normand.itch.io,,2025-07-02
https://thoughtfulbread.itch.io,,2025-07-02
https://f3rndev.itch.io,,2025-07-02
https://ravenofbadomen.itch.io,,2025-07-02
https://mrwhoman3d.itch.io,,2025-07-02
https://coliinv-1.itch.io,,2025-07-02
https://haikeus.itch.io,,2025-07-02
https://black-sunset-studios.itch.io,,2025-07-02
https://lunawrites.itch.io,,2025-07-02
https://anceag.itch.io,,2025-07-02
https://1ewww.itch.io,,2025-07-02
https://nightstriker860.itch.io,,2025-07-02
https://sketchwright.itch.io,,2025-07-02
https://chicken-feathers.itch.io,,2025-07-02
https://akino02.itch.io,,2025-07-02
https://lazesummerstone.itch.io,,2025-07-02
https://mostafa-the-dev.itch.io,,2025-07-02
https://lainfloat.itch.io,,2025-07-02
https://felipe-bispo.itch.io,,2025-07-02
https://fistort-dev.itch.io,,2025-07-02
https://dillyboy.itch.io,,2025-07-02
https://horned-angel.itch.io,,2025-07-02
https://angelware.itch.io,,2025-07-02
https://cepsoft.itch.io,,2025-07-02
https://real-pixel.itch.io,,2025-07-02
https://nighthoch.itch.io,,2025-07-02
https://jmaniusis.itch.io,,2025-07-02
https://chears-on-itchy-witchy.itch.io,,2025-07-02
https://lazy6hmodding.itch.io,,2025-07-02
https://diyote.itch.io,,2025-07-02
https://clevermel.itch.io,,2025-07-02
https://harryhuang-01.itch.io,,2025-07-02
https://bellaz-97.itch.io,,2025-07-02
https://solindiegames.itch.io,,2025-07-02
https://heading2jail.itch.io,,2025-07-02
https://jaxon-crazy.itch.io,,2025-07-02
https://checkmate56.itch.io,,2025-07-02
https://pfftz.itch.io,,2025-07-02
https://permeablepavers.itch.io,,2025-07-02
https://joshmoronval.itch.io,,2025-07-02
https://eduardolemos567.itch.io,,2025-07-02
https://polynon.itch.io,,2025-07-02
https://ttlovesmario.itch.io,,2025-07-02
https://jaminoxi.itch.io,,2025-07-02
https://zombiehead-studios.itch.io,,2025-07-02
https://mokko335.itch.io,,2025-07-02
https://jolynejr.itch.io,,2025-07-02
https://vurrex123.itch.io,,2025-07-02
https://boredddguy.itch.io,,2025-07-02
https://beshoy-b.itch.io,,2025-07-02
https://adorogamez.itch.io,,2025-07-02
https://infball.itch.io,,2025-07-02
https://raatko.itch.io,,2025-07-02
https://mahdi1479.itch.io,,2025-07-02
https://velorithe.itch.io,,2025-07-02
https://dictakito.itch.io,,2025-07-02
https://sarmyn-games.itch.io,,2025-07-02
https://xlllida.itch.io,,2025-07-02
https://stelladeveloper.itch.io,,2025-07-02
https://aboutcannonsandsparrows.itch.io,,2025-07-02
https://necomaru.itch.io,,2025-07-02
https://arthur-graupe-rietveld.itch.io,,2025-07-02
https://ultranarrative.itch.io,,2025-07-02
https://3jvuu.itch.io,,2025-07-02
https://vendora.itch.io,,2025-07-02
https://noz-marciana.itch.io,,2025-07-02
https://krappuy.itch.io,,2025-07-02
https://unimagine-studios.itch.io,,2025-07-02
https://klip-sk.itch.io,,2025-07-02
https://sealtheverb.itch.io,,2025-07-02
https://praedatum-game.itch.io,,2025-07-02
https://yodaugly67.itch.io,,2025-07-02
https://jackie-matthews.itch.io,,2025-07-02
https://kurai7.itch.io,,2025-07-02
https://oberon419.itch.io,,2025-07-02
https://gitgudknight.itch.io,,2025-07-02
https://mohammed-redwan.itch.io,,2025-07-02
https://hats-in-the-night-studio.itch.io,,2025-07-02
https://badge-er.itch.io,,2025-07-02
https://sunshinebean.itch.io,,2025-07-02
https://orchea.itch.io,,2025-07-02
https://eragone.itch.io,,2025-07-02
https://zzzneto.itch.io,,2025-07-02
https://twilight-studio-games.itch.io,,2025-07-02
https://lgnskvas.itch.io,,2025-07-02
https://mustarandom-ofi.itch.io,,2025-07-02
https://scorpcoffee.itch.io,,2025-07-02
https://dweeb-tax-studios.itch.io,,2025-07-02
https://tiny620.itch.io,,2025-07-02
https://mini-sprite.itch.io,,2025-07-02
https://fefeac.itch.io,,2025-07-02
https://pommelax.itch.io,,2025-07-02
https://fr4nker.itch.io,,2025-07-02
https://painterstape.itch.io,,2025-07-02
https://doorspostez.itch.io,,2025-07-02
https://eshan-95.itch.io,,2025-07-02
https://maryballer.itch.io,,2025-07-02
https://blairskii.itch.io,,2025-07-02
https://malodorousgames.itch.io,,2025-07-02
https://nancy-f.itch.io,,2025-07-02
https://sprunkifan90.itch.io,,2025-07-02
https://bookscraft.itch.io,,2025-07-02
https://lebeeas.itch.io,,2025-07-02
https://legbeats.itch.io,,2025-07-02
https://trenxor.itch.io,,2025-07-02
https://improbablynotarobot.itch.io,,2025-07-02
https://ataylmz.itch.io,,2025-07-02
https://xytang42.itch.io,,2025-07-02
https://wuuuu-513.itch.io,,2025-07-02
https://nehuen-monzon.itch.io,,2025-07-02
https://wondertigress.itch.io,,2025-07-02
https://swouse-mouse-studios.itch.io,,2025-07-02
https://visss.itch.io,,2025-07-02
https://dicreate.itch.io,,2025-07-02
https://wenkwonk.itch.io,,2025-07-02
https://tt-polorgt.itch.io,,2025-07-02
https://developter.itch.io,,2025-07-02
https://tim191.itch.io,,2025-07-02
https://martinlost12.itch.io,,2025-07-02
https://frutigererror.itch.io,,2025-07-02
https://felippefn.itch.io,,2025-07-02
https://questfactory.itch.io,,2025-07-02
https://taylorgod4.itch.io,,2025-07-02
https://djonut.itch.io,,2025-07-02
https://devine-studios.itch.io,,2025-07-02
https://woag1234.itch.io,,2025-07-02
https://kkuma-studio.itch.io,,2025-07-02
https://fasil-m.itch.io,,2025-07-02
https://ever-green-games.itch.io,,2025-07-02
https://azure8888.itch.io,,2025-07-02
https://unhindgedgekkostudios.itch.io,,2025-07-02
https://marusio.itch.io,,2025-07-02
https://luminous-bits.itch.io,,2025-07-02
https://bananas-n-apples.itch.io,,2025-07-02
https://drist-00.itch.io,,2025-07-02
https://royibendor.itch.io,,2025-07-02
https://sl33py-dev.itch.io,,2025-07-02
https://salma-bounaji.itch.io,,2025-07-02
https://deathdelivery.itch.io,,2025-07-02
https://mitchcoghlan06.itch.io,,2025-07-02
https://rikinplay.itch.io,,2025-07-02
https://zimzimax.itch.io,,2025-07-02
https://cptraphie.itch.io,,2025-07-02
https://parkeringspladsen.itch.io,,2025-07-02
https://nabilah-adriana.itch.io,,2025-07-02
https://woditortrans2000.itch.io,,2025-07-02
https://opaleon.itch.io,,2025-07-02
https://nekomiya-sebastian.itch.io,,2025-07-02
https://temel61.itch.io,,2025-07-02
https://giltrius.itch.io,,2025-07-02
https://yerocha.itch.io,,2025-07-02
https://yigitstudio.itch.io,,2025-07-02
https://clippzvr.itch.io,,2025-07-02
https://zs-01.itch.io,,2025-07-02
https://kollarreeves2901.itch.io,,2025-07-02
https://boboliu.itch.io,,2025-07-02
https://subsystemgames.itch.io,,2025-07-02
https://xcloudphone.itch.io,,2025-07-02
https://riderdev-studio.itch.io,,2025-07-02
https://craftcamp1.itch.io,,2025-07-02
https://i-am-kitten-calico.itch.io,,2025-07-02
https://twinmountains.itch.io,,2025-07-02
https://galak-c.itch.io,,2025-07-02
https://hauntibox-altacc.itch.io,,2025-07-02
https://lojaanarkaiy.itch.io,,2025-07-02
https://ittrujfy.itch.io,,2025-07-02
https://pizzapizza9.itch.io,,2025-07-02
https://nsr-christmas-zine.itch.io,,2025-07-02
https://roketbalistik.itch.io,,2025-07-02
https://taimoorgdx.itch.io,,2025-07-02
https://drugdiversion.itch.io,,2025-07-02
https://calgaryramos.itch.io,,2025-07-02
https://ca5sie.itch.io,,2025-07-02
https://kosmic-naut.itch.io,,2025-07-02
https://maxdevmoi.itch.io,,2025-07-02
https://ilarin.itch.io,,2025-07-02
https://drorga.itch.io,,2025-07-02
https://joshuagoulden520.itch.io,,2025-07-02
https://erikyoshi64.itch.io,,2025-07-02
https://10ebris.itch.io,,2025-07-02
https://union-of-siberian-wolves.itch.io,,2025-07-02
https://abhi9avkgames.itch.io,,2025-07-02
https://circus-break.itch.io,,2025-07-02
https://frosthex.itch.io,,2025-07-02
https://undolooper.itch.io,,2025-07-02
https://reedfield-studios.itch.io,,2025-07-02
https://cum-alive.itch.io,,2025-07-02
https://yvgs.itch.io,,2025-07-02
https://robindfranco.itch.io,,2025-07-02
https://zeroazucar.itch.io,,2025-07-02
https://chetthecat.itch.io,,2025-07-02
https://fabian-sall.itch.io,,2025-07-02
https://cd-academy-stac.itch.io,,2025-07-02
https://mgarstecki123.itch.io,,2025-07-02
https://mythforge-developement.itch.io,,2025-07-02
https://x-pxrple.itch.io,,2025-07-02
https://kaiser2020.itch.io,,2025-07-02
https://red2010yyyy.itch.io,,2025-07-02
https://sabrinadoca.itch.io,,2025-07-02
https://pepps95.itch.io,,2025-07-02
https://ranesstudio.itch.io,,2025-07-02
https://prrtt.itch.io,,2025-07-02
https://pizzzarollkid08.itch.io,,2025-07-02
https://mohamed-2025.itch.io,,2025-07-02
https://sulipheoth.itch.io,,2025-07-02
https://b1ba-kek.itch.io,,2025-07-02
https://pirottethibo1.itch.io,,2025-07-02
https://iza-j.itch.io,,2025-07-02
https://toastyyboy457.itch.io,,2025-07-02
https://perfecthue.itch.io,,2025-07-02
https://insan1tyy-g7n.itch.io,,2025-07-02
https://brimmstonewriting.itch.io,,2025-07-02
https://the-pancitos.itch.io,,2025-07-02
https://paranaturalzine.itch.io,,2025-07-02
https://jan-pi-kili-mun.itch.io,,2025-07-02
https://yukaho.itch.io,,2025-07-02
https://arham-mughal.itch.io,,2025-07-02
https://galthubuswoerk.itch.io,,2025-07-02
https://villepop6978.itch.io,,2025-07-02
https://candy-the-wrapper.itch.io,,2025-07-02
https://felix-playz.itch.io,,2025-07-02
https://steffslaromance.itch.io,,2025-07-02
https://i-nar.itch.io,,2025-07-02
https://nemza-aleksic.itch.io,,2025-07-02
https://felix-the-cat1.itch.io,,2025-07-02
https://zilpzilp.itch.io,,2025-07-02
https://hollowclam.itch.io,,2025-07-02
https://rod-valentine.itch.io,,2025-07-02
https://yc-2017.itch.io,,2025-07-02
https://ziebieemm.itch.io,,2025-07-02
https://koolstudiosofficial.itch.io,,2025-07-02
https://hawleyman.itch.io,,2025-07-02
https://average-alien.itch.io,,2025-07-02
https://23noko.itch.io,,2025-07-02
https://loucier.itch.io,,2025-07-02
https://hubaxe-sys.itch.io,,2025-07-02
https://thiagardo06.itch.io,,2025-07-02
https://white-iris-studios.itch.io,,2025-07-02
https://ineptnetrunner.itch.io,,2025-07-02
https://classicalace.itch.io,,2025-07-02
https://aquadummy.itch.io,,2025-07-02
https://raticus74.itch.io,,2025-07-02
https://roshitr.itch.io,,2025-07-02
https://napoleon-men.itch.io,,2025-07-02
https://mango727327273.itch.io,,2025-07-02
https://sayed-elfanan.itch.io,,2025-07-02
https://gamingrebels.itch.io,,2025-07-02
https://esoguteam.itch.io,,2025-07-02
https://convertify.itch.io,,2025-07-02
https://vorox-soundworks.itch.io,,2025-07-02
https://progueteyt.itch.io,,2025-07-02
https://flaaz.itch.io,,2025-07-02
https://scrumgame.itch.io,,2025-07-02
https://wmd7.itch.io,,2025-07-02
https://vikado.itch.io,,2025-07-02
https://tyrsensei.itch.io,,2025-07-02
https://carmesoler.itch.io,,2025-07-02
https://goatsofe2k2025.itch.io,,2025-07-02
https://drftgame.itch.io,,2025-07-02
https://fatso-cat.itch.io,,2025-07-02
https://skkkale.itch.io,,2025-07-02
https://fiveren1.itch.io,,2025-07-02
https://bebka16.itch.io,,2025-07-02
https://shaurya-games.itch.io,,2025-07-02
https://subhanshah.itch.io,,2025-07-02
https://lioks.itch.io,,2025-07-02
https://asmr-6622.itch.io,,2025-07-02
https://safeneighbor.itch.io,,2025-07-02
https://sirenapearl.itch.io,,2025-07-02
https://cronymania.itch.io,,2025-07-02
https://bestopenworldpcgames.itch.io,,2025-07-02
https://badkingdom.itch.io,,2025-07-02
https://farfaline.itch.io,,2025-07-02
https://kloserdh04.itch.io,,2025-07-02
https://abyan11133.itch.io,,2025-07-02
https://xylefx.itch.io,,2025-07-02
https://homeless-dude.itch.io,,2025-07-02
https://animation-xd.itch.io,,2025-07-02
https://frosty-devv.itch.io,,2025-07-02
https://yusufmiha.itch.io,,2025-07-02
https://cuteassek.itch.io,,2025-07-02
https://dummyrpgstore.itch.io,,2025-07-02
https://bernardylan.itch.io,,2025-07-02
https://semsunga.itch.io,,2025-07-02
https://daniel12234.itch.io,,2025-07-02
https://dobybaxter127.itch.io,,2025-07-02
https://doko-games.itch.io,,2025-07-02
https://bodew87.itch.io,,2025-07-02
https://gaston-bernardini.itch.io,,2025-07-02
https://ashad11.itch.io,,2025-07-02
https://lidiyaaa.itch.io,,2025-07-02
https://axcxiiii.itch.io,,2025-07-02
https://blackbroomstudio.itch.io,,2025-07-02
https://ditenstudio.itch.io,,2025-07-02
https://writerandillustrator.itch.io,,2025-07-02
https://dan-91.itch.io,,2025-07-02
https://tossynike.itch.io,,2025-07-02
https://lewdbits.itch.io,,2025-07-02
https://the-hungry-samurai.itch.io,,2025-07-02
https://nickdanoob999.itch.io,,2025-07-02
https://tisthemorrow.itch.io,,2025-07-02
https://phavpoch.itch.io,,2025-07-02
https://backyardstudios.itch.io,,2025-07-02
https://ihole.itch.io,,2025-07-02
https://1onix.itch.io,,2025-07-02
https://gdship.itch.io,,2025-07-02
https://troy-cat.itch.io,,2025-07-02
https://mistynmika.itch.io,,2025-07-02
https://claquecreative.itch.io,,2025-07-02
https://coner18.itch.io,,2025-07-02
https://quantumkickflip.itch.io,,2025-07-02
https://tuliojunho.itch.io,,2025-07-02
https://oertzencode.itch.io,,2025-07-02
https://wee-tattie-studios.itch.io,,2025-07-02
https://ouattarat.itch.io,,2025-07-02
https://sherlychristine.itch.io,,2025-07-02
https://pbacookies.itch.io,,2025-07-02
https://mousefriend.itch.io,,2025-07-02
https://torro-g.itch.io,,2025-07-02
https://peanut09651.itch.io,,2025-07-02
https://santino6543.itch.io,,2025-07-02
https://hasta-aca-llegamos.itch.io,,2025-07-02
https://gamegear22.itch.io,,2025-07-02
https://luana-quevedo.itch.io,,2025-07-02
https://popperofsprunkis3434.itch.io,,2025-07-02
https://studio-were.itch.io,,2025-07-02
https://bananaking53.itch.io,,2025-07-02
https://zek2402.itch.io,,2025-07-02
https://akir4a.itch.io,,2025-07-02
https://zoanwanders.itch.io,,2025-07-02
https://twirliwhirl.itch.io,,2025-07-02
https://tictactoes.itch.io,,2025-07-02
https://euphoric01.itch.io,,2025-07-02
https://instantoats.itch.io,,2025-07-02
https://pgangster.itch.io,,2025-07-02
https://neuro-burn.itch.io,,2025-07-02
https://grand-fox-940.itch.io,,2025-07-02
https://wyatt-peppers.itch.io,,2025-07-02
https://fs22-mods.itch.io,,2025-07-02
https://mandr4goran.itch.io,,2025-07-02
https://pandincus.itch.io,,2025-07-02
https://itsbaconfish.itch.io,,2025-07-02
https://that-one-guy-evan1.itch.io,,2025-07-02
https://rodionkoskov.itch.io,,2025-07-02
https://kawaiiavatarshop.itch.io,,2025-07-02
https://biomareviews.itch.io,,2025-07-02
https://jonathan-nimmo.itch.io,,2025-07-02
https://riki-22.itch.io,,2025-07-02
https://smashpotatostudios.itch.io,,2025-07-02
https://kiwini.itch.io,,2025-07-02
https://creatorofgoodthings.itch.io,,2025-07-02
https://rzggawi.itch.io,,2025-07-02
https://leonegamer.itch.io,,2025-07-02
https://yvgstry.itch.io,,2025-07-02
https://blackvolt.itch.io,,2025-07-02
https://abdulrahman3102.itch.io,,2025-07-02
https://sfmaniacc.itch.io,,2025-07-02
https://in-ci.itch.io,,2025-07-02
https://nul-character.itch.io,,2025-07-02
https://blamcam.itch.io,,2025-07-02
https://yogsoy.itch.io,,2025-07-02
https://sibachian.itch.io,,2025-07-02
https://wobblym.itch.io,,2025-07-02
https://arisxd.itch.io,,2025-07-02
https://sighingslider.itch.io,,2025-07-02
https://dreamfarer.itch.io,,2025-07-02
https://vouiv-re.itch.io,,2025-07-02
https://bakubakubakuhatsukoi.itch.io,,2025-07-02
https://gasho-mon.itch.io,,2025-07-02
https://caatingalabs.itch.io,,2025-07-02
https://teambrunomir.itch.io,,2025-07-02
https://eliahcapsule.itch.io,,2025-07-02
https://squared-games.itch.io,,2025-07-02
https://vill-s.itch.io,,2025-07-02
https://yankitali.itch.io,,2025-07-02
https://machine-of-reality.itch.io,,2025-07-02
https://dontarken.itch.io,,2025-07-02
https://arulandu.itch.io,,2025-07-02
https://pandasarjana.itch.io,,2025-07-02
https://seasidecowboy.itch.io,,2025-07-02
https://dicearoo.itch.io,,2025-07-02
https://joshsylvan.itch.io,,2025-07-02
https://letitoulapinou.itch.io,,2025-07-02
https://shatterdome.itch.io,,2025-07-02
https://kabber.itch.io,,2025-07-02
https://kaimanthehybrid.itch.io,,2025-07-02
https://justathel.itch.io,,2025-07-02
https://adel1z.itch.io,,2025-07-02
https://eliflua.itch.io,,2025-07-02
https://superivan30.itch.io,,2025-07-02
https://hojat72elect.itch.io,,2025-07-02
https://somnolentsoup.itch.io,,2025-07-02
https://esanvoid.itch.io,,2025-07-02
https://bread-user.itch.io,,2025-07-02
https://backupdrizzyfizzle.itch.io,,2025-07-02
https://colindosh.itch.io,,2025-07-02
https://razgriez.itch.io,,2025-07-02
https://yr4653.itch.io,,2025-07-02
https://skabb3.itch.io,,2025-07-02
https://automationcat.itch.io,,2025-07-02
https://empathyon.itch.io,,2025-07-02
https://sparrowdev.itch.io,,2025-07-02
https://haiziizzudin.itch.io,,2025-07-02
https://caitemis.itch.io,,2025-07-02
https://mansoul.itch.io,,2025-07-02
https://tall-hill-king.itch.io,,2025-07-02
https://abdulhadiowais.itch.io,,2025-07-02
https://antangsoftware.itch.io,,2025-07-02
https://ollsgard.itch.io,,2025-07-02
https://literallytwo.itch.io,,2025-07-02
https://xehaynes.itch.io,,2025-07-02
https://scarlet14351.itch.io,,2025-07-02
https://teosito.itch.io,,2025-07-02
https://adriftpress.itch.io,,2025-07-02
https://mystimysti.itch.io,,2025-07-02
https://jasonmao.itch.io,,2025-07-02
https://jmrcl-dev.itch.io,,2025-07-02
https://kod-dev.itch.io,,2025-07-02
https://shhpook.itch.io,,2025-07-02
https://quantumsoteriology.itch.io,,2025-07-02
https://zoodolosgames.itch.io,,2025-07-02
https://rojovelasco.itch.io,,2025-07-02
https://c0d3l1ght.itch.io,,2025-07-02
https://a-citrus-sky.itch.io,,2025-07-02
https://disgracefulthings.itch.io,,2025-07-02
https://kung-fu1015.itch.io,,2025-07-02
https://king-owen.itch.io,,2025-07-02
https://pandartist.itch.io,,2025-07-02
https://sadegun93.itch.io,,2025-07-02
https://rr-games.itch.io,,2025-07-02
https://landobegg.itch.io,,2025-07-02
https://kattertain.itch.io,,2025-07-02
https://cryptgirl38.itch.io,,2025-07-02
https://rgd-random.itch.io,,2025-07-02
https://naho02.itch.io,,2025-07-02
https://cofgod.itch.io,,2025-07-02
https://tester13124.itch.io,,2025-07-02
https://lerryotter.itch.io,,2025-07-02
https://lucifergamesstudio.itch.io,,2025-07-02
https://fishtrololo.itch.io,,2025-07-02
https://lancer-boy-3000.itch.io,,2025-07-02
https://graceliv.itch.io,,2025-07-02
https://brooklynannarkie.itch.io,,2025-07-02
https://stunion.itch.io,,2025-07-02
