loc,lastmodified,added_date
https://fernremains.itch.io/minigames/devlog/41885/minigames-wips-and-regrets,,2026-05-31
https://eleven01software.itch.io/edsba/devlog/493040/update-103,,2026-05-31
https://nocturnal-designs.itch.io/college-of-influence/devlog/502356/standard-formatting-pdf,,2026-05-31
https://eleven01software.itch.io/edsba/devlog/502389/update-104,,2026-05-31
https://nocturnal-designs.itch.io/circle-of-ruin/devlog/503626/update-v11,,2026-05-31
https://eleven01software.itch.io/edsba/devlog/507385/update-11,,2026-05-31
https://eleven01software.itch.io/edsba/devlog/507692/update-111,,2026-05-31
https://eleven01software.itch.io/edsba/devlog/512282/update-12-part-1,,2026-05-31
https://eleven01software.itch.io/edsba/devlog/512363/update-1211,,2026-05-31
https://eleven01software.itch.io/edsba/devlog/513273/update-1215,,2026-05-31
https://eleven01software.itch.io/edsba/devlog/515697/update-12151,,2026-05-31
https://fernremains.itch.io/fuego/devlog/520259/what-is-burn-the-uccaep,,2026-05-31
https://eleven01software.itch.io/bbmv/devlog/537252/update-v111-the-last-update-i-hope,,2026-05-31
https://jacobteach.itch.io/spatula-man/devlog/553768/macos-and-linux-support-i-think,,2026-05-31
https://made-up.itch.io/flapping-heights/devlog/554976/flapping-heights-v001,,2026-05-31
https://made-up.itch.io/flapping-heights/devlog/555011/flapping-heights-v002,,2026-05-31
https://eleven01software.itch.io/bbmv/devlog/575846/update-v12-the-true-definitive-final-update,,2026-05-31
https://babeko.itch.io/tdf/devlog/577418/the-dark-fever-prototype-1,,2026-05-31
https://made-up.itch.io/flapping-heights/devlog/578779/flapping-heights-v003,,2026-05-31
https://made-up.itch.io/flapping-heights/devlog/579134/flapping-heights-v004,,2026-05-31
https://nocturnal-designs.itch.io/expanded-dragonborn/devlog/584159/just-dropped-a-new-race-come-check-it-out,,2026-05-31
https://nocturnal-designs.itch.io/spell-compendium/devlog/615994/v20,,2026-05-31
https://nocturnal-designs.itch.io/pact-of-the-blade-and-cursesmith/devlog/677127/revised-pact-of-the-blade-and-the-cursesmith-released,,2026-05-31
https://nocturnal-designs.itch.io/spell-compendium/devlog/679104/v30-8-new-spells-and-cc-by,,2026-05-31
https://fakerealfake.itch.io/monkemonke/devlog/680562/yall-new-update-go-check-it-out,,2026-05-31
https://fakerealfake.itch.io/monkemonke/devlog/680579/yall-new-update-go-check-it-out,,2026-05-31
https://fakerealfake.itch.io/monkemonke/devlog/698518/the-biggest-monke-monke-upt,,2026-05-31
https://fernremains.itch.io/mario-spelunker/devlog/698565/after-3-years-new-mario-spelunker-update,,2026-05-31
https://nocturnal-designs.itch.io/circle-of-ruin/devlog/717324/update-v12,,2026-05-31
https://eleven01software.itch.io/bbmv/devlog/721345/update-v13-turns-out-im-still-gonna-update-this-visual-and-ai-upgrade,,2026-05-31
https://nebonox.itch.io/maddie/devlog/741313/huge-update-coming-soon,,2026-05-31
https://anonymousfloof.itch.io/simons-color-game/devlog/743886/android-release,,2026-05-31
https://anonymousfloof.itch.io/simons-color-game/devlog/744319/android-support-patch,,2026-05-31
https://eleven01software.itch.io/edsba/devlog/786971/el-dontes-bizarre-adventure-v20-phantom-fight-demo-release,,2026-05-31
https://eleven01software.itch.io/edsba/devlog/792746/phantom-fight-demo-update,,2026-05-31
https://eleven01software.itch.io/edsba/devlog/795277/another-demo-update,,2026-05-31
https://eleven01software.itch.io/edsba/devlog/808092/yet-another-demo-update,,2026-05-31
https://eleven01software.itch.io/edsba/devlog/810101/demo-patch,,2026-05-31
https://eleven01software.itch.io/edsba/devlog/819666/demo-update,,2026-05-31
https://honey-moon-company.itch.io/porabotaliporaipoobedat/devlog/832667/weve-worked-its-time-for-dinner,,2026-05-31
https://eleven01software.itch.io/edsba/devlog/835405/guess-what-another-demo-update,,2026-05-31
https://anonymousfloof.itch.io/simons-color-game/devlog/835964/version-11,,2026-05-31
https://forest-gameold.itch.io/origamia/devlog/839090/futur-correctifs,,2026-05-31
https://eleven01software.itch.io/bbmv/devlog/839718/baldis-basics-mv-v131-optimisation-and-bug-fixes,,2026-05-31
https://forest-gameold.itch.io/le-pre-nol-contre-krampus/devlog/843145/le-pre-nol-contre-krampus-maintenant-disponible,,2026-05-31
https://forest-gameold.itch.io/origamia/devlog/854519/origamia-patchnote,,2026-05-31
https://forest-gameold.itch.io/origamia/devlog/884896/origamia-patchnote-03,,2026-05-31
https://forest-gameold.itch.io/romo-et-juliette/devlog/887228/romo-et-juliette-maintenant-disponible-,,2026-05-31
https://forest-gameold.itch.io/origamia-2/devlog/892214/origamia-2-maintenant-disponible,,2026-05-31
https://nebonox.itch.io/maddie/devlog/898136/v020-is-out,,2026-05-31
https://leodct.itch.io/flappy-heldepa/devlog/898338/initial-release,,2026-05-31
https://sjjskshsjeheneb.itch.io/delete/devlog/898394/new-update,,2026-05-31
https://sjjskshsjeheneb.itch.io/two-mind/devlog/917959/new-update,,2026-05-31
https://carefreegoose.itch.io/repo-rigged-models-beta/devlog/943966/semibot-release,,2026-05-31
https://carefreegoose.itch.io/repo-rigged-models-beta/devlog/945385/12-more-models-2025-05-15,,2026-05-31
https://carefreegoose.itch.io/repo-rigged-models-beta/devlog/947422/rig-art,,2026-05-31
https://mad-sundar-llc.itch.io/the-worminal/devlog/949080/the-worminal-oral-protocol-initiated,,2026-05-31
https://mad-sundar-llc.itch.io/the-worminal/devlog/950059/update-complete-mommys-hotter-now,,2026-05-31
https://carefreegoose.itch.io/repo-rigged-models-beta/devlog/950499/im-sorry,,2026-05-31
https://fillarona.itch.io/quiz-for-survival/devlog/951135/major-update,,2026-05-31
https://mad-sundar-llc.itch.io/the-worminal/devlog/952012/mommy-has-awakened-v104-release,,2026-05-31
https://fillarona.itch.io/quiz-for-survival/devlog/953261/new-feature,,2026-05-31
https://mad-sundar-llc.itch.io/the-worminal/devlog/954188/wormpals-expansion-memory-mischief-and-mommys-attention,,2026-05-31
https://mad-sundar-llc.itch.io/le-verminal/devlog/956873/journal-de-dveloppement-le-verminal,,2026-05-31
https://mad-sundar-llc.itch.io/the-worminal/devlog/956908/the-worminal-core-minor-update,,2026-05-31
https://fillarona.itch.io/quiz-for-survival/devlog/956974/quality-of-life-changes,,2026-05-31
https://mad-sundar-llc.itch.io/this-game-sucks/devlog/957114/node-loop-terminal-reconstructed,,2026-05-31
https://carefreegoose.itch.io/repo-rigged-models-beta/devlog/958615/hey-fellas,,2026-05-31
https://mad-sundar-llc.itch.io/you-said-this-was-home/devlog/959267/you-said-this-was-home-a-personal-project-made-in-24-hours,,2026-05-31
https://forest-gameold.itch.io/produitsdrivesimprimer/devlog/960425/un-fond-dcran-pour-montre-connecte,,2026-05-31
https://forest-game07.itch.io/free-printable-derivative-products/devlog/960428/a-wallpaper-for-a-smartwatch,,2026-05-31
https://mad-sundar-llc.itch.io/critter-clicker/devlog/961144/critter-clicker-no-mistakes,,2026-05-31
https://hyperwebster.itch.io/shades-of-green-cube-stickers-3x3/devlog/963678/nexus-10-shades-of-green-released,,2026-05-31
https://saltedslug.itch.io/the-panopticon/devlog/965127/v131,,2026-05-31
https://hyperwebster.itch.io/sakura-cube-stickers-3x3/devlog/965816/nexus-13-sakura-released,,2026-05-31
https://hyperwebster.itch.io/color-pallete-type-cube-stickers-3x3/devlog/968360/nexus-14-orientation-released,,2026-05-31
https://hyperwebster.itch.io/shades-of-sudoku-cube-stickers-3x3/devlog/968957/nexus-15-shades-of-sudoku-released,,2026-05-31
https://hyperwebster.itch.io/red-blue-bicolor-cube-stickers-3x3/devlog/969737/nexus-16-bicolor-released,,2026-05-31
https://fillarona.itch.io/quiz-for-survival/devlog/970992/big-update-coming-soon,,2026-05-31
https://hyperwebster.itch.io/nexus18/devlog/971440/nexus-18-red-geometry-released,,2026-05-31
https://hyperwebster.itch.io/nexus19/devlog/972931/nexus-19-its-raining-released,,2026-05-31
https://fillarona.itch.io/quiz-for-survival/devlog/973507/automated-leaderboard,,2026-05-31
https://hyperwebster.itch.io/nexus21/devlog/974195/nexus-21-sushi-store-released,,2026-05-31
https://hyperwebster.itch.io/nexus20/devlog/974860/nexus-20-the-sunny-side-of-mushrooms-released,,2026-05-31
https://sjjskshsjeheneb.itch.io/get-that-dopamine/devlog/975287/devlog,,2026-05-31
https://fillarona.itch.io/quiz-for-survival/devlog/975558/major-update-delay,,2026-05-31
https://hyperwebster.itch.io/nexus22/devlog/978943/nexus-22-2x2-released,,2026-05-31
https://fillarona.itch.io/quiz-for-survival/devlog/979086/multiplayer-mode-update,,2026-05-31
https://hyperwebster.itch.io/nexus24/devlog/980316/nexus-3-night-of-full-of-stars-released,,2026-05-31
https://zima1205.itch.io/behind-the-sanguine-curtain/devlog/980857/first-demo,,2026-05-31
https://hyperwebster.itch.io/nexus26/devlog/984228/nexus-26-king-of-pyramids-released,,2026-05-31
https://carefreegoose.itch.io/repo-rigged-models-beta/devlog/985657/we-could-comeback,,2026-05-31
https://lunasent.itch.io/project-portals/devlog/990760/loading-screen-added,,2026-05-31
https://hyperwebster.itch.io/nexus28/devlog/992495/nexus-28-words-of-wisdom-released,,2026-05-31
https://hyperwebster.itch.io/nexus29/devlog/994945/nexus-29-its-melting-released,,2026-05-31
https://hyperwebster.itch.io/nexus30/devlog/998479/nexus-30-pyraminx-art-released,,2026-05-31
https://hyperwebster.itch.io/nexusco2/devlog/999306/nexusco-2-chest-of-arts,,2026-05-31
https://nebonox.itch.io/maddie/devlog/1002260/v021-is-out,,2026-05-31
https://zima1205.itch.io/behind-the-sanguine-curtain/devlog/1004537/small-content-update,,2026-05-31
https://sjjskshsjeheneb.itch.io/get-that-dopamine/devlog/1004717/update,,2026-05-31
https://nebonox.itch.io/maddie/devlog/1008026/v022-is-out,,2026-05-31
https://forest-gameold.itch.io/produitsdrivesimprimer/devlog/1008223/2e-anniversaire-de-forest-game,,2026-05-31
https://forest-game07.itch.io/free-printable-derivative-products/devlog/1008224/2nd-anniversary-of-forest-game,,2026-05-31
https://paintedlycaon.itch.io/an-endless-fetch-quest/devlog/1008965/update-1,,2026-05-31
https://fillarona.itch.io/quiz-for-survival/devlog/1009130/new-achievement-section,,2026-05-31
https://forest-gameold.itch.io/origamia-3/devlog/1010317/origamia-3-est-maintenant-disponible-,,2026-05-31
https://forest-game07.itch.io/origamia-3/devlog/1010320/origamia-3-is-now-available-,,2026-05-31
https://zima1205.itch.io/behind-the-sanguine-curtain/devlog/1011270/info-about-day-3-,,2026-05-31
https://hyperwebster.itch.io/nexus34/devlog/1013341/nexus-34-essence-of-a-quadrilateral-released,,2026-05-31
https://mad-sundar-llc.itch.io/georges-jump/devlog/1028056/-bagawk-georges-jump-is-live,,2026-05-31
https://dinonuggie01.itch.io/execution-chamber-v2/devlog/1028736/v2-is-out,,2026-05-31
https://hyperwebster.itch.io/dull/devlog/1039263/nexus-32-dull-released-after-a-long-time,,2026-05-31
https://fillarona.itch.io/quiz-for-survival/devlog/1039330/multiplayer-mode-is-here,,2026-05-31
https://hyperwebster.itch.io/diagonals/devlog/1060244/diagonals-by-nexus-released,,2026-05-31
https://lunasent.itch.io/project-portals/devlog/1065407/security-vulnerability-on-hold-until-fixed,,2026-05-31
https://nocturnal-designs.itch.io/circle-of-ruin/devlog/1082709/update-v20,,2026-05-31
https://agmine.itch.io/in-life/devlog/1086315/in-life-launch,,2026-05-31
https://forest-gameold.itch.io/origamia-4-french-version/devlog/1087375/origamia-4-est-maintenant-disponible-,,2026-05-31
https://forest-game07.itch.io/origamia-4/devlog/1087377/origamia-4-is-now-available-,,2026-05-31
https://nocturnal-designs.itch.io/expanded-dragonborn/devlog/1087861/update-v20,,2026-05-31
https://forest-gameold.itch.io/halloween-castle/devlog/1088846/halloween-castle-est-maintenant-sorti-,,2026-05-31
https://forest-game07.itch.io/halloween-castle/devlog/1088848/halloween-castle-is-now-available-,,2026-05-31
https://scalcreature.itch.io/life-of-a-minion/devlog/87204/quit-function,,2026-05-31
https://scalcreature.itch.io/life-of-a-minion/devlog/87347/gamemaker-has-shut-this-down,,2026-05-31
https://nebonox.itch.io/maddie/devlog/1096115/minor-patch-addressing-recent-unity-security-vulnerability,,2026-05-31
https://playnova-studio.itch.io/empty-gauge/devlog/1097382/demo-release-empty-gauge-the-night-with-no-way-out-begins,,2026-05-31
https://agmine.itch.io/in-life/devlog/1106430/in-life-002,,2026-05-31
https://nebonox.itch.io/maddie/devlog/1107973/v023-is-out,,2026-05-31
https://agmine.itch.io/in-life/devlog/1109952/in-life-0025,,2026-05-31
https://agmine.itch.io/in-life/devlog/1113864/in-life-0030,,2026-05-31
https://playnova-studio.itch.io/empty-gauge/devlog/1118069/empty-gauge-demo-v022-update-notice,,2026-05-31
https://greylightdev.itch.io/pomoplanet/devlog/1119755/update-06,,2026-05-31
https://agmine.itch.io/in-life/devlog/1120815/in-life-0040-major-update,,2026-05-31
https://agmine.itch.io/in-life/devlog/1121002/in-life-0045,,2026-05-31
https://agmine.itch.io/in-life/devlog/1121920/in-life-0050,,2026-05-31
https://zima1205.itch.io/behind-the-sanguine-curtain/devlog/1122633/sixty-downloads-,,2026-05-31
https://agmine.itch.io/in-life/devlog/1124723/in-life-0060,,2026-05-31
https://nocturnal-designs.itch.io/thanoi-species/devlog/1125526/update-v20,,2026-05-31
https://agmine.itch.io/in-life/devlog/1128059/in-life-0070,,2026-05-31
https://playnova-studio.itch.io/empty-gauge/devlog/1128309/game-demo-final-update-smoother-sharper-more-immersive,,2026-05-31
https://thekingharem.itch.io/elysia-p1/devlog/1129335/elysia-honkai-impact-3rd-p1,,2026-05-31
https://agmine.itch.io/in-life/devlog/1129836/in-life-0075,,2026-05-31
https://agmine.itch.io/in-life/devlog/1131077/in-life-0080,,2026-05-31
https://saltedslug.itch.io/excursio-eternum-manual/devlog/1131191/added-sourcelist-updated-text-only-version,,2026-05-31
https://agmine.itch.io/in-life/devlog/1133928/in-life-0090,,2026-05-31
https://greylightdev.itch.io/pomoplanet/devlog/1137263/update-07,,2026-05-31
https://greylightdev.itch.io/pomoplanet/devlog/1139385/update-075,,2026-05-31
https://agmine.itch.io/in-life/devlog/1141812/in-life-010-la-actualizacin-mas-grande-hasta-la-fecha,,2026-05-31
https://greylightdev.itch.io/pomoplanet/devlog/1149070/update-08-is-out,,2026-05-31
https://lunasent.itch.io/project-portals/devlog/1200463/merry-christmas-game-is-back,,2026-05-31
https://kenolabs.itch.io/orenvo-pro/devlog/1237512/batchpix-v10-released-free-offline-image-converter,,2026-05-31
https://agmine.itch.io/in-life/devlog/1267709/in-life-0110,,2026-05-31
https://kenolabs.itch.io/orenvo-pro/devlog/1276303/batchpix-v11-auto-rename-update,,2026-05-31
https://kenolabs.itch.io/orenvo-pro/devlog/1279397/batchpix-v12-dds-basic-update,,2026-05-31
https://onyxsoul-the-king.itch.io/gtavccvp/devlog/1281866/gta,,2026-05-31
https://lunasent.itch.io/project-portals/devlog/1284060/playable-build-soon,,2026-05-31
https://kenolabs.itch.io/orenvo-pro/devlog/1284218/batchpix-v130,,2026-05-31
https://agmine.itch.io/in-life/devlog/1284834/in-life-0130,,2026-05-31
https://kenolabs.itch.io/orenvo-pro/devlog/1308336/batchpix-free-v141-stability-update,,2026-05-31
https://zima1205.itch.io/behind-the-sanguine-curtain/devlog/1312377/one-hundred-downloads-,,2026-05-31
https://kenolabs.itch.io/orenvo-pro/devlog/1320585/batchpix-v15-released,,2026-05-31
https://thekingharem.itch.io/erica-amber-p2/devlog/1327964/erica-amber-kohakuiro-no-hunter-p2,,2026-05-31
https://thekingharem.itch.io/erica-amber-p1-re/devlog/1327995/erica-amber-kohakuiro-no-hunter-p1-re,,2026-05-31
https://hyperwebster.itch.io/emergence/devlog/1349356/well-i-am-here-to-announce,,2026-05-31
https://limsodgames.itch.io/limsod/devlog/1362106/limsod-update-v132,,2026-05-31
https://thekingharem.itch.io/ferris-olston-p1/devlog/1375312/ferris-olston-tomo-chan-is-a-girl-p1,,2026-05-31
https://thekingharem.itch.io/del-fin-p1/devlog/1378202/del-fin-duel-masters-plays-p1,,2026-05-31
https://zima1205.itch.io/behind-the-sanguine-curtain/devlog/1380313/happy-valentines-day-,,2026-05-31
https://kenolabs.itch.io/orenvo-pro/devlog/1389758/batchpix-v160-free-v200-plus,,2026-05-31
https://eleven01software.itch.io/edsba/devlog/1391948/greetings,,2026-05-31
https://incandanto.itch.io/kinky-expansion/devlog/1393708/11-changelog-and-10-download,,2026-05-31
https://jonyinteractive.itch.io/the-maze-demo/devlog/1395906/the-maze-devlog-1-building-psychological-pressure-through-systems,,2026-05-31
https://playnova-studio.itch.io/empty-gauge/devlog/1399427/empty-gauge-demo-v040-patch-notes-full-ui-overhaul-scarier-atmosphere,,2026-05-31
https://saltedslug.itch.io/girlfriends-a-decker-creation/devlog/1415913/small-qoltweaks-update,,2026-05-31
https://saltedslug.itch.io/houdini-mag-interview-with-harper-rush-pt-3/devlog/1415933/decker-164-optimization-update,,2026-05-31
https://saltedslug.itch.io/the-panopticon/devlog/1416136/qol-fixes,,2026-05-31
https://unitedbrains.itch.io/star-magnate/devlog/1422269/community-access,,2026-05-31
https://nyakobfbcx.itch.io/strundys-showorld/devlog/1429668/why-isnt-sb3-for-scratch,,2026-05-31
https://nyakobfbcx.itch.io/strundys-showorld/devlog/1429672/for-turbowarp-and-penguinmod,,2026-05-31
https://nyakobfbcx.itch.io/strundys-showorld/devlog/1429680/strundys-showworld-community,,2026-05-31
https://lz36.itch.io/carsim/devlog/1447890/12-update-is-getting-bigger-but-slower-to-work-on,,2026-05-31
https://incandanto.itch.io/kinky-expansion/devlog/1450147/12-changelog,,2026-05-31
https://saltedslug.itch.io/glukoza-the-golden-era-2002-2006-zine/devlog/1456063/ezm-browser-reader-version-added,,2026-05-31
https://nyakobfbcx.itch.io/bleeteri/devlog/1457842/bleeteri-open-source,,2026-05-31
https://nyakobfbcx.itch.io/bleeteri/devlog/1457859/bleeteri-welcome-fan,,2026-05-31
https://nyakobfbcx.itch.io/ruroorus/devlog/1464428/sb3,,2026-05-31
https://nyakobfbcx.itch.io/fun-ruroorus/devlog/1467812/what-do-i-do-with-the-zip-ruroorus,,2026-05-31
https://zhixiang-dev.itch.io/image-contours-for-unity-in-pure-csharp/devlog/1471484/precise-shape-extraction-in-unity,,2026-05-31
https://nocturnal-designs.itch.io/argyths-arcane-companion/devlog/1478018/update-v20,,2026-05-31
https://sanchei.itch.io/gameassettool/devlog/1488189/initial-release,,2026-05-31
https://limsodgames.itch.io/cubin/devlog/1489624/cubin-is-now-available-on-itchio,,2026-05-31
https://limsodgames.itch.io/cubin-ii/devlog/1489629/cubin-ii-is-now-available-on-itchio,,2026-05-31
https://limsodgames.itch.io/croissant/devlog/1489635/croissant-is-now-available-on-itchio,,2026-05-31
https://zmijanc.itch.io/tve/devlog/1491184/version-102-is-out-now,,2026-05-31
https://zmijanc.itch.io/tve/devlog/1491202/version-101-is-out-now,,2026-05-31
https://combatape.itch.io/bioweaponz/devlog/1491383/dev-log-1,,2026-05-31
https://zmijanc.itch.io/tve/devlog/1492460/version-103-is-out-now,,2026-05-31
https://incandanto.itch.io/kinky-expansion/devlog/1493140/13-changelog,,2026-05-31
https://zmijanc.itch.io/tve/devlog/1497568/version-104-is-out-now,,2026-05-31
https://zmijanc.itch.io/tve/devlog/1497832/version-110-is-out-now,,2026-05-31
https://zmijanc.itch.io/tve/devlog/1499740/version-111-is-out-now,,2026-05-31
https://zmijanc.itch.io/tve/devlog/1501920/version-120-is-out-now,,2026-05-31
https://zmijanc.itch.io/tve/devlog/1504604/version-121-is-out-now,,2026-05-31
https://monarchgamesnet.itch.io/canyoudigit/devlog/1506533/week-222-can-you-craft-it-may,,2026-05-31
https://nocturnal-designs.itch.io/argyths-arcane-companion/devlog/1509429/argyths-arcane-companion-v21,,2026-05-31
https://zmijanc.itch.io/tve/devlog/1509695/version-122-is-out-now,,2026-05-31
https://mad-sundar-llc.itch.io/cookie-cache/devlog/1514437/tubs-cookie-cache-is-live-stack-the-data-chomp-the-cache,,2026-05-31
https://hyperwebster.itch.io/autumn-tiles/devlog/1515895/new-identity,,2026-05-31
https://knightmaid.itch.io/nebo/devlog/1516437/magnolias-rebirth,,2026-05-31
https://skollrage.itch.io/affair-phone/devlog/1518229/devlog-013-affair-phone-promotion-material-update-and-more,,2026-05-31
https://davids91.itch.io/cyndrive-ships/devlog/1519975/quality-of-life-enhancements-optimizations,,2026-05-31
https://saltedslug.itch.io/violence-at-the-end-of-the-world/devlog/1520226/now-featured-in-indiepocalypse,,2026-05-31
https://zmijanc.itch.io/tve/devlog/1520908/version-123-is-out-now,,2026-05-31
https://voxelatio.itch.io/the-last-pole/devlog/1522819/devlog-01-first-environment-tests,,2026-05-31
https://zmijanc.itch.io/tve/devlog/1526202/version-130-is-out-now,,2026-05-31
https://mad-sundar-llc.itch.io/all-munkis/devlog/1526717/all-munkis-v11-now-with-flying-creeps,,2026-05-31
https://profusedata.itch.io/minimizink/devlog/1528367/minimizink-v101-post-jam-fix,,2026-05-31
https://profusedata.itch.io/minimizink/devlog/1528460/minimizink-v102-controller-support,,2026-05-31
https://ethan-pixel-asset.itch.io/simple-arrow-animation-pixel-32x32/devlog/1528523/new-arrows-v2-new-variants-ice-fire-gold-,,2026-05-31
https://voxelatio.itch.io/the-last-pole/devlog/1528807/devlog-02-environment-tests-and-movements,,2026-05-31
https://ethan-pixel-asset.itch.io/simple-turtle-pixel-animation-32x32/devlog/1529367/new-turtles-v2-new-colors,,2026-05-31
https://x-daniel466.itch.io/bloom-hollow-cafe/devlog/1529377/tutorial-goal-chain-bug-fixes,,2026-05-31
https://x-daniel466.itch.io/bloom-hollow-cafe/devlog/1529452/meet-the-regulars-new-customer-cast-chibi-pipeline,,2026-05-31
https://pig-farmer-component.itch.io/five-nights-with-bobik/devlog/1529655/-,,2026-05-31
https://naredelabs.itch.io/nrdomino/devlog/1529712/verso-android-apk-disponvel,,2026-05-31
https://simulatronator.itch.io/full-steam-ahead/devlog/1529801/release-of-steam-locomotive-simulator,,2026-05-31
https://ethan-pixel-asset.itch.io/simple-arrow-animation-pixel-32x32/devlog/1529893/new-arrows-v3-new-variants-hypno-arcane-bone-,,2026-05-31
https://ethan-pixel-asset.itch.io/simple-pig-animation-pixel-32x32/devlog/1530173/new-pigs-v2-new-animations-sleeping-and-walking,,2026-05-31
https://x-daniel466.itch.io/bloom-hollow-cafe/devlog/1530206/big-update-today-the-upgrade-shop-is-now-fully-working-in-bloom-hollow-caf,,2026-05-31
https://ethan-pixel-asset.itch.io/simple-toucan-animation-pixel-32x32/devlog/1530222/new-toucans-v2-new-animation-flying,,2026-05-31
https://interants-studios.itch.io/the-figurinez/devlog/1530344/roadmap,,2026-05-31
https://jumpscarf.itch.io/wanderers/devlog/1530402/released,,2026-05-31
https://oiwakuna.itch.io/blackmail-protocolll/devlog/1530472/camera-and-printer-user-manual,,2026-05-31
https://mr0w3m.itch.io/flymageddon-demo/devlog/1530753/flymageddon-may-update,,2026-05-31
https://ethan-pixel-asset.itch.io/simple-arrow-animation-pixel-32x32/devlog/1530848/new-arrows-v4-new-variants-copper-double-compound,,2026-05-31
https://rumigames.itch.io/sinful-valley/devlog/1530980/v0315-early-access-growth,,2026-05-31
https://oiwakuna.itch.io/blackmail-protocolll/devlog/1530990/cumcount-25-discount,,2026-05-31
https://ethan-pixel-asset.itch.io/2-simple-ninja-projectile-pack-animation-pixel-32x32/devlog/1531081/introducing-simple-ninja-projectile-pack-,,2026-05-31
https://oiwakuna.itch.io/blackmail-protocolll/devlog/1531522/what-kind-of-gameplay-experience-do-you-prefer,,2026-05-31
https://gif-superretroworld.itch.io/farming-pack/devlog/1531676/-version-20-package-is-now-free,,2026-05-31
https://ethan-pixel-asset.itch.io/simple-orb-animation-pixel-32x32/devlog/1531714/introducing-simple-orb-pack-,,2026-05-31
https://qeresi.itch.io/atoc-early-access/devlog/1531816/bug-fixes-updated-on-29may,,2026-05-31
https://ethan-pixel-asset.itch.io/simple-pig-animation-pixel-32x32/devlog/1531853/new-pigs-v3-new-variants-mud-pig,,2026-05-31
https://ethan-pixel-asset.itch.io/simple-arrow-animation-pixel-32x32/devlog/1532120/new-arrows-v5-new-animation-impact,,2026-05-31
https://tristanthewolf.itch.io/white-pearlrpg/devlog/1532341/references-to-media-in-white-pearl-wip,,2026-05-31
https://jonasz-o.itch.io/follow-path-3d-c3behavior/devlog/1532520/v-1011,,2026-05-31
https://ethan-pixel-asset.itch.io/2-simple-ninja-projectile-pack-animation-pixel-32x32/devlog/1532540/new-ninja-projectile-v2-new-weapon-kangaroo,,2026-05-31
https://ethan-pixel-asset.itch.io/2-simple-ninja-projectile-pack-animation-pixel-32x32/devlog/1532710/new-ninja-v3-new-animation-impact,,2026-05-31
https://lunasent.itch.io/cat-petting-simulator/devlog/1532780/beta-2-release,,2026-05-31
https://jasonaclark.itch.io/recursion-the-time-loop-ttrpg/devlog/1532782/recursion-released-in-pdf-and-markdown-formats,,2026-05-31
https://lunasent.itch.io/cat-petting-simulator/devlog/1532786/beta-21-release,,2026-05-31
https://itch.io/blog/1532800/upcoming-projects,,2026-05-31
https://ethan-pixel-asset.itch.io/cow-animation-pixel-32x32/devlog/1532881/introducing-cow-animation-pack-,,2026-05-31
https://ethan-pixel-asset.itch.io/cow-animation-pixel-32x32/devlog/1532990/new-cow-v2-introducing-the-calf,,2026-05-31
https://zappoide.itch.io/holtcode-programming-language/devlog/1533068/holtcode-v07-easy-menace-script,,2026-05-31
https://ethan-pixel-asset.itch.io/simple-pig-animation-pixel-32x32/devlog/1533182/new-pigs-v4-introducing-piglets,,2026-05-31
https://rubyring-games.itch.io/divine-omen/devlog/1533271/devlog-12-c3-progress-all-my-insane-side-quests,,2026-05-31
https://gif-superretroworld.itch.io/farming-pack/devlog/1533512/-version-21-add-links-to-donation-and-store,,2026-05-31
https://gamedev2132432.itch.io/deal-or-no-deal-game-series/devlog/1533517/new-game,,2026-05-31
https://ethan-pixel-asset.itch.io/cow-animation-pixel-32x32/devlog/1533656/new-cow-v3-introducing-ox,,2026-05-31
https://zmijanc.itch.io/tve/devlog/1534065/version-131-is-out-now,,2026-05-31
https://endrewa.itch.io/bandidos-em-brasilia/devlog/1534098/v062-stalkers-volume-webgl-improvement,,2026-05-31
https://oiwakuna.itch.io/blackmail-protocolll/devlog/1534174/v02-devlog,,2026-05-31
https://lunasent.itch.io/cat-petting-simulator/devlog/1534190/beta-25-release,,2026-05-31
https://aceofspider.itch.io/borrowed-time/devlog/1534505/now-available-on-linux,,2026-05-31
https://gif-superretroworld.itch.io/farming-pack/devlog/1534894/-version-22-now-available-on-the-godot-asset-store-as-well,,2026-05-31
https://x-daniel466.itch.io/bloom-hollow-cafe/devlog/1535115/major-update,,2026-05-31
https://ethan-pixel-asset.itch.io/hen-animation-pixel-32x32-rooster-chicken/devlog/1535143/introducing-hens-rooster-,,2026-05-31
https://avnsnax.itch.io/ut/devlog/1535531/bi-weekly-status-100-20260529,,2026-05-31
https://mylodetarth.itch.io/before-it-breaks/devlog/1535597/devlog-9-sincronizando-el-caos-audio-y-distorsin-analgica,,2026-05-31
https://shivam134.itch.io/medieval-assets-2d/devlog/1535646/support-us-for-a-great-future-content,,2026-05-31
https://bestlaidplansproductions.itch.io/save-the-villainess/devlog/1535690/celebrating-duke-izels-birthday-and-teen-look-at-save-the-villainess,,2026-05-31
https://abelsinbetweenspace.itch.io/drowningblue/devlog/1535806/drowning-in-a-sea-of-blue-released,,2026-05-31
https://portgatestudios.itch.io/hexlands/devlog/1535872/v044-revamped-new-player-experience-starter-relics-and-more,,2026-05-31
https://ethan-pixel-asset.itch.io/hen-animation-pixel-32x32-rooster-chicken/devlog/1535897/new-hen-v2-introducing-chicks,,2026-05-31
https://anarchy-creations.itch.io/system-breakdown/devlog/1535963/system-breakdown-demo-is-out-now,,2026-05-31
https://itch.io/blog/1536338/temporary-shutdown,,2026-05-31
https://ethan-pixel-asset.itch.io/hen-animation-pixel-32x32-rooster-chicken/devlog/1536431/new-hen-v3-new-animation-peck,,2026-05-31
https://glafebe6.itch.io/order-of-the-dragon/devlog/1536443/may-update,,2026-05-31
https://chardigan.itch.io/snap-jack/devlog/1536452/5th-place-in-the-jam,,2026-05-31
https://voxelatio.itch.io/the-last-pole/devlog/1536562/devlog-03-sfx-and-mechanics,,2026-05-31
https://pizzadoggy.itch.io/rust-and-blood-sfx-library/devlog/1536707/devlog-11b-new-sound-effects-bonus-content,,2026-05-31
https://atcsimandmagic.itch.io/atccleared-for-takeoff-budapest-airport-06/devlog/1536777/atc-cleared-for-takeoff-release-v17,,2026-05-31
https://furandre.itch.io/journey-of-transformation-prototype/devlog/1536972/notice-new-public-version-soon,,2026-05-31
https://nonstopbl.itch.io/funeral-of-paradise/devlog/1537001/thank-you-so-much-for-200-downloads,,2026-05-31
https://kittfishen.itch.io/fishing-cats/devlog/1537109/low-cat-002,,2026-05-31
https://lunasent.itch.io/cat-petting-simulator/devlog/1537156/beta-3-release,,2026-05-31
https://palidone.itch.io/xeno-hunter-x/devlog/1537229/xeno-hunter-x-v099-release,,2026-05-31
https://chispagames.itch.io/the-legend-of-the-green-ninja/devlog/1537232/green-ninja-update,,2026-05-31
https://jonasz-o.itch.io/3d-paint/devlog/1537260/update-2,,2026-05-31
https://gokolokgjo.itch.io/iron-covenant/devlog/1537269/fix,,2026-05-31
https://ethan-pixel-asset.itch.io/simple-orb-animation-pixel-32x32/devlog/1537281/new-orb-v2-new-animation-impact-throw,,2026-05-31
https://thurzinplays.itch.io/hospital-horror/devlog/1537287/base-game-in-development,,2026-05-31
https://flaredapear.itch.io/evaporatorv1/devlog/1537403/update-v06,,2026-05-31
https://whatd0g.itch.io/tenebrarium/devlog/1537435/tenebrarium-update-03-constructs-mushrooms-moss-more,,2026-05-31
https://tohab.itch.io/nether-after/devlog/1537498/your-save-file-might-be-gone-im-sorry,,2026-05-31
https://frog1230.itch.io/remind-me/devlog/1537509/built-for-speed-remindme-v11,,2026-05-31
https://usumerican.itch.io/minesweepaper/devlog/1537515/add-an-undo-feature,,2026-05-31
https://monsterhunteroo.itch.io/onemoregame/devlog/1537531/quality-of-life-changes,,2026-05-31
https://johnanonymous.itch.io/oneshot-remix/devlog/1537543/phase-2-day-2-minipatch-29-5-2026,,2026-05-31
https://mreliptik.itch.io/lexispell/devlog/1537551/lexispell-is-out-now,,2026-05-31
https://bodinhe.itch.io/takecareofthedog/devlog/1537563/visual-update,,2026-05-31
https://horny-capybara-games.itch.io/futa-fucks-femboys-fff/devlog/1537600/-harem-fantasy-kinky-ninja-scroll-dlc-is-released-with-a-10-discount,,2026-05-31
https://ada18980.itch.io/kinky-dungeon/devlog/1537626/550-changelog-not-yet-released,,2026-05-31
https://zlormack-studio.itch.io/zlormageddon-corepurge/devlog/1537657/signal-initialise-zlormageddon-corepurge-est-en-ligne,,2026-05-31
https://krishnamohan-yagneswaran.itch.io/retro-low-poly-double-barrel-shotgun-ammo-pack/devlog/1537672/devlog-1-building-a-retro-psx-double-barrel-shotgun-asset-pack,,2026-05-31
https://blezoar.itch.io/continuum/devlog/1537685/vr-capabilities,,2026-05-31
https://ethan-pixel-asset.itch.io/bugs-animation-pixel-32x32/devlog/1537700/introducing-bug-animation-pack-,,2026-05-31
https://i-am-awake.itch.io/trash-hero/devlog/1537702/013,,2026-05-31
https://dislaar.itch.io/square-the-aidventure/devlog/1537715/-devlog-20-v0200-ball-lightning-rope-boots-first-sounds-and-cleaner-feedback,,2026-05-31
https://screwtapello.itch.io/decker-font-importer/devlog/1537716/announcing-decker-font-importer,,2026-05-31
https://primal356.itch.io/the-zeta-sector/devlog/1537717/the-zeta-sector-early-access-129,,2026-05-31
https://alh1da9.itch.io/tbh-taskbarherotrainer/devlog/1537718/tbh-task-bar-hero-cheat-available-v10,,2026-05-31
https://cromobyte.itch.io/moused-mountains/devlog/1537719/lore,,2026-05-31
https://deri255.itch.io/arzawa-the-valaing/devlog/1537720/i-tried-to-make-a-metroidvania-in-less-than-30-days-demo-out,,2026-05-31
https://cutecupcakes.itch.io/waifu-pop/devlog/1537721/-update-rias-gremory-is-live-blanc-is-now-free-,,2026-05-31
https://aj-studio-com.itch.io/aj-audio-player/devlog/1537722/v214-changelog,,2026-05-31
https://jillionbits.itch.io/jarlyme/devlog/1537723/beta-testing-android-ios-join-now,,2026-05-31
https://gazingwatermelon.itch.io/50-high-contrast-rpg-skill-icons-mage-scout-modules/devlog/1537724/updates-and-addition,,2026-05-31
https://little-emperor-studios.itch.io/project-doll/devlog/1537726/steam-store-announcement,,2026-05-31
https://gozoho.itch.io/sora-prototype/devlog/1537727/12,,2026-05-31
https://oddterra.itch.io/hover/devlog/1537728/hover-not-every-player-sees-the-same-story,,2026-05-31
https://kenney.itch.io/kenney-solitaire/devlog/1537729/version-11,,2026-05-31
https://makunochi.itch.io/unlinkin/devlog/1537730/upcoming-updates,,2026-05-31
https://radiantslothgames.itch.io/shipolis-demo/devlog/1537731/treasure-hunts-and-lore,,2026-05-31
https://sourencho.itch.io/mimic/devlog/1537732/mimic-meadows-demo-out-on-steam,,2026-05-31
https://explodi.itch.io/microlandia/devlog/1537733/microlandia-111-economy-update,,2026-05-31
https://saaranir.itch.io/blooming-realm/devlog/1537734/version-062,,2026-05-31
https://vitalisinteractive.itch.io/family-office-simulator/devlog/1537735/title-v19-llc-banking-cfo-role-ag-financing-trust-overhaul-ui-polish,,2026-05-31
https://gamesgamestudio.itch.io/village-incremental/devlog/1537736/update,,2026-05-31
https://vexneth.itch.io/warped-space-shooter-plus/devlog/1537737/space-shooter-v11-out,,2026-05-31
https://windorianworld.itch.io/war-roads/devlog/1537738/war-roads,,2026-05-31
https://gulliver-de-clercq.itch.io/hunters-arc/devlog/1537739/devlog-02-adding-mechanics,,2026-05-31
https://violet-graveyard.itch.io/you-candy-and-me/devlog/1537740/tualizao-12-novos-sprites,,2026-05-31
https://orbofclaygames.itch.io/the-last-squire/devlog/1537741/0124,,2026-05-31
https://lordbooka.itch.io/vecchio-furioso/devlog/1537742/development-update-16-release-schedule-announcement-and-demo-iteration,,2026-05-31
https://wisemonkees.itch.io/planet-no-more/devlog/1537743/planet-no-more-weekly-devlog-4,,2026-05-31
https://moonsocks-dev.itch.io/beneath-the-incandescent-stars/devlog/1537744/development-update,,2026-05-31
https://itch.io/blog/1537745/unsafe-sword-sorcery-coming-in-near-future,,2026-05-31
https://shagamon.itch.io/demigod-trainer/devlog/1537746/demigod-trainer-dreams-come-true-new-paid-release,,2026-05-31
https://fuse-manfan.itch.io/witsdemoletsgooooo/devlog/1537747/new-stuff-and-bug-fixes,,2026-05-31
https://starlord501st.itch.io/who-was-kyle/devlog/1537748/fixed-camera-bugs,,2026-05-31
https://shoogar.itch.io/digiboss/devlog/1537749/stage-1-is-live-start-as-a-solo-coder-end-up-as-a-ceo,,2026-05-31
https://chugget.itch.io/into-the-planets-flesh/devlog/1537750/alpha-demo-is-live,,2026-05-31
https://steelward-studio.itch.io/duskoryx/devlog/1537751/announcement,,2026-05-31
https://suman38.itch.io/mynovel1/devlog/1537752/my-first-upload,,2026-05-31
https://lifebrew.itch.io/lifebrew/devlog/1537753/v036-v040-local-storage-for-android-micro-ui-update,,2026-05-31
https://gulliver-de-clercq.itch.io/hunters-arc/devlog/1537754/devlog-03-throw-upgrades,,2026-05-31
https://moonlightcreations.itch.io/dystopia-chapter-1/devlog/1537755/devlog-5-dystopia-under-the-eclipse,,2026-05-31
https://00kereru.itch.io/thirteenth-goddess/devlog/1537757/v006-public-release,,2026-05-31
https://yaxworks.itch.io/game-about-botting-in-an-mmorpg/devlog/1537758/game-about-botting-in-an-mmorpg-hunter-class,,2026-05-31
https://antahonist.itch.io/archer-sprite-pack/devlog/1537759/now-its-only-1,,2026-05-31
https://beopenbefree.itch.io/fighty-driver/devlog/1537760/web-demo-vs-downloadable-version,,2026-05-31
https://vanecer.itch.io/fair/devlog/1537761/fair-hito-2,,2026-05-31
https://gyugyu86.itch.io/chronicles-of-fantasy-ultimate-rpg-orchestral-pack/devlog/1537762/-launch-announcement-chronicles-of-fantasy-orchestral-pack-is-here,,2026-05-31
https://jdlpdev.itch.io/larmateur/devlog/1537763/debug-mineur,,2026-05-31
https://gyugyu86.itch.io/chronicles-of-fantasy-16-bit-retro-rpg-music-pack/devlog/1537764/-launch-announcement-16-bit-retro-rpg-music-pack-is-now-available,,2026-05-31
https://qknoxy.itch.io/tiny-cars/devlog/1537765/tiny-cars-109,,2026-05-31
https://g1ngercat.itch.io/blue-saves-orange/devlog/1537766/updated-to-v011,,2026-05-31
https://luaestelar.itch.io/hidden-word/devlog/1537767/hidden-world-tradues,,2026-05-31
https://schophigames.itch.io/swing-the-spoon/devlog/1537769/new-version-05035-major-qol-update,,2026-05-31
https://ironleafgames.itch.io/valmora/devlog/1537770/new-stable-build-is-live-valmora,,2026-05-31
https://thecodergames.itch.io/my-office-adventures-reunion/devlog/1537771/final-release-im-sorry,,2026-05-31
https://gulliver-de-clercq.itch.io/hunters-arc/devlog/1537772/devlog-04-satisfying,,2026-05-31
https://afewroads.itch.io/a-few-roads/devlog/1537773/v030-release-a-few-roads,,2026-05-31
https://easily-distracted-media.itch.io/omegas-fate/devlog/1537774/happy-11th-birthday-omegas-fate,,2026-05-31
https://kolmat.itch.io/maze-dream/devlog/1537775/109-performance-fixes-and-merges,,2026-05-31
https://velvetvortex.itch.io/my-femdom-wife/devlog/1537777/development-roadmap,,2026-05-31
https://zink-exe.itch.io/seeding-the-wasteland/devlog/1537779/demo-is-out,,2026-05-31
https://sometimesatnight.itch.io/handmade-god/devlog/1537780/handmade-god-is-now-available-for-windows-and-android,,2026-05-31
https://niichan029.itch.io/my-bully-is-my-lover/devlog/1537781/my-bully-is-my-lover-chapter-2-episode-2-public-preview,,2026-05-31
https://buas.itch.io/mind-the-gap/devlog/1537782/early-access-release,,2026-05-31
https://ruanfh.itch.io/warrior/devlog/1537783/pixel-art-fonts-for-berenwald-the-warrior,,2026-05-31
https://chadnippard.itch.io/flax-town-mesa/devlog/1537785/flax-town-mesa-launch-general-fixes,,2026-05-31
https://durbin-max.itch.io/beyond-a-ttrpg-companion-app/devlog/1537786/online-website-patch-notes-date-2026-05-29,,2026-05-31
https://itch.io/blog/1537787/-steelward-studio-recruitment-,,2026-05-31
https://kremencek123.itch.io/tales-of-avarion-chapter-1/devlog/1537788/development-of-chapter-2,,2026-05-31
https://talesofc.itch.io/magnitogorsk/devlog/1537789/versions-alternatives-fminines-pour-les-prtirs,,2026-05-31
https://sifagames.itch.io/shuffle-me/devlog/1537790/shuffle-me-v034-regular-update-fixes-improvements-and-new-clothes,,2026-05-31
https://wqonart.itch.io/minibyte/devlog/1537791/v2200,,2026-05-31
https://ninongle.itch.io/8000/devlog/1537792/first-try,,2026-05-31
https://shoulderoforion.itch.io/shoulder-of-orion/devlog/1537793/it-got-real,,2026-05-31
https://jkaitobr.itch.io/destiny-abound/devlog/1537794/29052026-captulo-2-foi-lanado,,2026-05-31
https://steveofstevesgames.itch.io/no-bs-sound-machine/devlog/1537795/cody-update,,2026-05-31
https://pixelrebirth.itch.io/baby-3d/devlog/1537796/update-0986,,2026-05-31
https://green-hatorcap.itch.io/spaceships-threat/devlog/1537797/updated-controller-support,,2026-05-31
https://cringycringe.itch.io/dailylaugh/devlog/1537798/the-daily-laugh-project-coming-soon,,2026-05-31
https://darkfrost-pixelpaws.itch.io/leapclan/devlog/1537799/page-6-7,,2026-05-31
https://lewdmilk.itch.io/lewd-detective-the-island-of-pleasure/devlog/1537800/web-version-added,,2026-05-31
https://nonstopbl.itch.io/funeral-of-paradise/devlog/1537801/small-bug-fix-update,,2026-05-31
https://slimedogstories.itch.io/hippodrome/devlog/1537802/achievement-system,,2026-05-31
https://sweet-buns.itch.io/harem-fantasy-free-version/devlog/1537803/kinky-ninja-scroll-dlc-is-released-with-a-10-discount-,,2026-05-31
https://kinzzze.itch.io/kogane/devlog/1537804/113,,2026-05-31
https://atomicrealm.itch.io/1995-van-modular-car/devlog/1537805/new-conundrum-texture,,2026-05-31
https://sweet-buns.itch.io/harem-fantasy/devlog/1537806/kinky-ninja-scroll-dlc-is-released-with-a-10-discount-,,2026-05-31
https://darythas.itch.io/astreon/devlog/1537807/057,,2026-05-31
https://walberp.itch.io/kings-journey/devlog/1537808/patch-32,,2026-05-31
https://edenbytes.itch.io/asteroid-sweeper-rocky-frontier/devlog/1537809/bug-fix-ufo-escape-detection,,2026-05-31
https://itch.io/blog/1537810/pandit-ji-for-puja-in-delhi,,2026-05-31
https://ps-studio.itch.io/bookedforlove/devlog/1537811/yaplog-what-could-have-been,,2026-05-31
https://worldzero.itch.io/zone-44/devlog/1537812/session-tracker-warden-handout,,2026-05-31
https://itch.io/blog/1537813/succubus-island-devlog-chapter-7-version-035-optimization-update,,2026-05-31
https://boss665.itch.io/world-conqueror-1914/devlog/1537814/release-of-beta-v15,,2026-05-31
https://ttg-games-official.itch.io/two-yanderes-fatal-love/devlog/1537815/two-yanderes-fatal-love-321-update,,2026-05-31
https://orhstudio.itch.io/wuxia-tokens-icons/devlog/1537816/wuxia-tokens-icons-now-available-free,,2026-05-31
https://nikkyhika.itch.io/hta2exe/devlog/1537817/i-remade-the-app,,2026-05-31
https://newdron.itch.io/jep/devlog/1537818/time-to-panic,,2026-05-31
https://standout7.itch.io/lowpo-golem/devlog/1537819/devlog-major-package-update-topology-overhaul,,2026-05-31
https://rosesrot.itch.io/gluttony-gods/devlog/1537820/happy-birthday-ther-estridge-,,2026-05-31
https://kontar-billy.itch.io/orbit-drift/devlog/1537821/orbit-drift-released,,2026-05-31
https://voasiz-games.itch.io/zombie-city-io/devlog/1537822/zombie-vr-game-released,,2026-05-31
https://09kd1.itch.io/first/devlog/1537823/version030-enemies-pain,,2026-05-31
https://programmeroncoffee.itch.io/ricochet/devlog/1537824/the-ricochet-demo-is-out-on-steam,,2026-05-31
https://itch.io/blog/1537825/survival-devlog-8-inventory,,2026-05-31
https://frostwind1.itch.io/bannerlings/devlog/1537826/v014-improvements-steam-release,,2026-05-31
https://itch.io/blog/1537827/music-for-pointless-studios,,2026-05-31
https://w4lk3r.itch.io/turborc/devlog/1537828/update-011,,2026-05-31
https://lanttoz.itch.io/threshold-seeker/devlog/1537829/from-minesweeper-to-cultivation-how-threshold-seeker-began,,2026-05-31
https://dungeon-cat.itch.io/exalted-blood/devlog/1537830/new-update-better-clarity-shields,,2026-05-31
https://darkmoon-blade.itch.io/shattered-blade-dominion/devlog/1537831/season-14-release-all-changes-and-new-things,,2026-05-31
https://wanderpulse.itch.io/eclipse-remnant/devlog/1537832/eclipse-remnant-feedback-please,,2026-05-31
https://polytricity.itch.io/the-c64-dev-machine/devlog/1537833/c64-dev-machine-v09977-is-up,,2026-05-31
https://stalkingcrowgames.itch.io/entity-9-starter-set/devlog/1537834/the-ingrid-video-briefing-is-now-available,,2026-05-31
https://noants.itch.io/succubidle/devlog/1537835/bug-fixes-v011,,2026-05-31
https://arenus.itch.io/omega-kulen/devlog/1537836/version-archive,,2026-05-31
https://xxzero0ovrxx.itch.io/gorilla-takeover/devlog/1537837/very-first-update-zero0oz-gorillatakeover,,2026-05-31
https://natluz044.itch.io/revers/devlog/1537838/update-v02-coming-soon,,2026-05-31
https://dungeon-cat.itch.io/sangre-exaltada/devlog/1537839/actualizacin-escudos-y-mejor-legibilidad,,2026-05-31
https://m4sterchi3f.itch.io/plobania-47b/devlog/1537840/demo-v102-live,,2026-05-31
https://honey-moon-company.itch.io/chips-and-cola/devlog/1537841/the-beginning-of-chips-and-cola,,2026-05-31
https://utfanidkkk.itch.io/undertale-textbox-generator/devlog/1537842/gif-warning-screen,,2026-05-31
https://donibat.itch.io/worldbounds-pre-alpha/devlog/1537843/check-out-my-new-game,,2026-05-31
https://moonfire-games.itch.io/the-dance-with-fire/devlog/1537844/weekly-dev-update-v004-sneak-peek-12-may-week-5,,2026-05-31
https://tearevo.itch.io/tears-of-arcadia/devlog/1537845/hexstorm-tear-of-arcada-free-demo,,2026-05-31
https://jarfolomew.itch.io/bunker-game/devlog/1537847/digging-it,,2026-05-31
https://itch.io/blog/1537848/looking-for-artists-to-collab,,2026-05-31
https://lugremond.itch.io/demigod-islands-a-puzzle-to-die-for/devlog/1537849/updated-demo-now-live,,2026-05-31
https://chimerosgames.itch.io/furrhouse/devlog/1537850/chapter-26-early-access-is-available-on-patreon,,2026-05-31
https://vector-byte.itch.io/vinci-fly/devlog/1537851/da-vinci-fly-chapter-1-complete,,2026-05-31
https://cybersummerstudio.itch.io/fulfillment-racing/devlog/1537852/can-you-hear-me-now,,2026-05-31
https://wypok.itch.io/szkeletal/devlog/1537853/-en-the-gamefound-campaign-is-ending-what-has-been-duct-taped-together-in-the-game-since-its-launch-pl-zbirka-na-gamefound-dobiega-koca-czyli-co-udao-si-ulepi-w-kodzie-gry-od-czasu-jej-startu,,2026-05-31
https://fiddleling.itch.io/3-bit-explorer/devlog/1537854/3-bit-explorer-development-wrap-up,,2026-05-31
https://slightzzz.itch.io/poostain-tag-horror/devlog/1537855/bug-fix-v19,,2026-05-31
https://montilf.itch.io/eroverse-spa/devlog/1537856/android-build-and-more-ver-016,,2026-05-31
https://pytem.itch.io/lusting-my-religion/devlog/1537857/lusting-my-religion-remake-version-0153-devlog,,2026-05-31
https://fnbproductions.itch.io/eden/devlog/1537858/chapter-5-release,,2026-05-31
https://daniel-4-fun.itch.io/tank-wars/devlog/1537860/update-070-improved-tank-controls,,2026-05-31
https://smallmak.itch.io/simple-palette-swap/devlog/1537861/sprite-sheet-merger,,2026-05-31
https://umbraspectra.itch.io/kingsville-the-start-of-change/devlog/1537862/kingsville-v03-a-new-beginning,,2026-05-31
https://mister-gato.itch.io/starville/devlog/1537863/actualizacin-1054,,2026-05-31
https://rfgames.itch.io/distance-travellers/devlog/1537864/demo-now-out,,2026-05-31
https://escapefromnewpluto.itch.io/escape-from-new-pluto/devlog/1537865/v000004-changelog-5292026,,2026-05-31
https://mikigooba.itch.io/simple-game/devlog/1537866/message-from-me,,2026-05-31
https://stellarrnd.itch.io/cosmic-kittens/devlog/1537867/cosmic-kittens-mutated,,2026-05-31
https://juliette-rambaud.itch.io/bloodybusiness/devlog/1537868/bloody-business-is-out,,2026-05-31
https://fancyfishgames.itch.io/witherspring-wilds/devlog/1537869/bugfix-update-029,,2026-05-31
https://sano-graggle.itch.io/golf-game/devlog/1537870/devlog-4,,2026-05-31
https://romashka-667.itch.io/escape-from-school-englisn/devlog/1537871/devlog-1-mechanisms-of-chapter-0,,2026-05-31
https://hooligapps-games.itch.io/town-of-sins/devlog/1537872/-50-off-sale-on-all-currencies-has-started-,,2026-05-31
https://fabian234.itch.io/soulsbizarreadventure/devlog/1537873/update-v05-new-interactive-h-scene-ui-yoruichi-rukia-events,,2026-05-31
https://nordth.itch.io/imsc-desktop/devlog/1537874/ims-creators-v091-new-script-player,,2026-05-31
https://bee-fly-games.itch.io/lifeinsewers/devlog/1537875/life-in-the-sewer-devlog4-nano-restaurant-open,,2026-05-31
https://jan955.itch.io/sokoban-html5clone/devlog/1537876/3-more-levels-added-3-neue-level-hinzugefgt,,2026-05-31
https://puck74.itch.io/syllatrix/devlog/1537877/version-11-is-out,,2026-05-31
https://romashka-667.itch.io/escape-from-school/devlog/1537878/-1-0-,,2026-05-31
https://disruptorart.itch.io/infinity-fleet/devlog/1537879/daily-ship-6,,2026-05-31
https://sandywritesthings.itch.io/dont-get-upset/devlog/1537880/v4-rewrite,,2026-05-31
https://yochaigal.itch.io/cairn-2e-pregens/devlog/1537881/fixed-outrider,,2026-05-31
https://louder-than-studios.itch.io/get-out-the-crash/devlog/1537882/some-info,,2026-05-31
https://suninthongs.itch.io/twerk-star-goddess/devlog/1537883/twerk-star-goddess-demo,,2026-05-31
https://zenithhorizon.itch.io/dont-skip-the-line/devlog/1537884/hello-world-and-hello-windows,,2026-05-31
https://sei-ren.itch.io/project-home-demo/devlog/1537885/project-home-demo-by-niktarin,,2026-05-31
https://pixdoom.itch.io/pixdoom-hero-gear-combat-weapons-equipment/devlog/1537886/-the-forge-is-ready-combat-gear-arsenal-released,,2026-05-31
https://burntsalsa.itch.io/jellydrop/devlog/1537887/dupe-orb-bug-fix,,2026-05-31
https://narm1d.itch.io/watts-next/devlog/1537888/v4-cinematic-premium-edition,,2026-05-31
https://ssagi2000gmailcom.itch.io/mount-doom-the-quest/devlog/1537889/v11-fixed-unreachable-platforms-and-an-orc-bug-thanks-rpygame,,2026-05-31
https://ionlyghost.itch.io/life-n-dinos/devlog/1537890/life-n-dinos-devlog-v11-release,,2026-05-31
https://obscuryn.itch.io/her-other-side/devlog/1537891/hos-episode-1-devlog-2,,2026-05-31
https://palass.itch.io/zelox/devlog/1537892/version-031-beta-traductions,,2026-05-31
https://theerogueone.itch.io/that-new-teacher/devlog/1537894/09-progress-update-10,,2026-05-31
https://makunochi.itch.io/unlinkin/devlog/1537895/unlinkin-lunatics-v10,,2026-05-31
https://plantsandpixels.itch.io/isles-of-bloom/devlog/1537896/isles-of-bloom-10-out-now-relax-in-your-floral-sanctuary,,2026-05-31
https://centaurion.itch.io/optical-dolmenwood/devlog/1537897/big-explore-dolmenwood-update,,2026-05-31
https://molisoft.itch.io/beltalowda-eng/devlog/1537898/major-error-fixed-v14,,2026-05-31
https://antispiral-0.itch.io/chrono-stasis/devlog/1537899/new-bug-hotfix,,2026-05-31
https://crown-cl0wn.itch.io/gods-and-champions/devlog/1537900/hello,,2026-05-31
https://winlu.itch.io/winku/devlog/1537901/update-09,,2026-05-31
https://bird81309.itch.io/bwp/devlog/1537902/0529,,2026-05-31
https://theoh24.itch.io/learn-to-play-fps/devlog/1537903/little-changes,,2026-05-31
https://godfrigames.itch.io/the-dimenna/devlog/1537905/0014,,2026-05-31
https://buas.itch.io/this-sheriff-sucks/devlog/1537906/patch-notes-version-016,,2026-05-31
https://wild-pear-games.itch.io/magic-academy/devlog/1537907/deep-vault-69-by-bohohon,,2026-05-31
https://gif-superretroworld.itch.io/farming-pack/devlog/1537908/-version-23-preparing-for-2026-updates,,2026-05-31
https://itch.io/blog/1537909/an-update-on-the-future,,2026-05-31
https://playxtgames.itch.io/be-cube-colony-stars/devlog/1537910/oh-yeah-im-back,,2026-05-31
https://frostydicegames.itch.io/rpg-quickie/devlog/1537911/quick-start-guide,,2026-05-31
https://sometimes9.itch.io/sueno/devlog/1537912/an-update-on-the-future,,2026-05-31
https://m4rcjo-g4ming.itch.io/twiceblue-chapter-one/devlog/1537913/alpha-build-020260529a,,2026-05-31
https://winlu.itch.io/winlu-fantasy-tileset-winter/devlog/1537914/giant-tree-in-snow-version-now-available,,2026-05-31
https://sadnarwhal.itch.io/circular-reference/devlog/1537915/prototype-015,,2026-05-31
https://neonstarz.itch.io/classic-clean-ui-renpy-gui-kit/devlog/1537916/classic-clean-ui-v11-update,,2026-05-31
https://powerstrugglegames.itch.io/silicon-souls/devlog/1537917/silicon-souls-reveal,,2026-05-31
https://naredelabs.itch.io/nrdomino/devlog/1537918/atualizao-da-interface,,2026-05-31
https://midnight-artwork.itch.io/becoming-a-legend/devlog/1537919/becoming-a-legend-is-released,,2026-05-31
https://spanishvanguard.itch.io/dream-enkoure/devlog/1537921/may-29th-2026-the-path-to-a-new-demo-and-news-regarding-monthly-updates,,2026-05-31
https://itch.io/blog/1537923/the-dual-fronts-of-sovereignty-from-the-global-stage-to-the-dinner-table-,,2026-05-31
https://ellieschokkele.itch.io/retromomento/devlog/1537924/first-concept-prototype,,2026-05-31
https://maestuff.itch.io/my-week-with-mae/devlog/1537925/happy-end-of-maey-day-seven-is-finally-completed,,2026-05-31
https://otakuracer.itch.io/frutiger-gloss-launcher/devlog/1537926/frutiger-gloss-launcher-is-now-available,,2026-05-31
https://combatape.itch.io/bioweaponz/devlog/1537927/player-movement-and-animation-2452026,,2026-05-31
https://mamarrachine.itch.io/durf/devlog/1537928/nos-encanta-el-rol-y-nos-enamora-el-osr,,2026-05-31
https://arcanesoft.itch.io/arcan-echoes-of-liberty/devlog/1537929/chapter-2-progress-update,,2026-05-31
https://thecrimsondm-vanillia.itch.io/heart-of-frostfire-prologue/devlog/1537930/new-game-5-29,,2026-05-31
https://nytheradev.itch.io/nythera-thaerom-archive/devlog/1537931/devlog-15-first-playable-prototype-release,,2026-05-31
https://adrianocastro.itch.io/dont-step-wrong/devlog/1537932/two-new-skills-a-new-look-and-the-demo-is-almost-ready,,2026-05-31
https://unlokable.itch.io/ultimate-trainer/devlog/1537933/friday-update-5,,2026-05-31
https://lutoanthedev.itch.io/orbital-horizons-official/devlog/1537934/bug-fixes-polishes,,2026-05-31
https://roadkillcandy.itch.io/campfire-stories/devlog/1537935/3-rooms,,2026-05-31
https://vhschmidt.itch.io/justanotheridle/devlog/1537937/caelumora-v2206-big-catch-up-since-v284,,2026-05-31
https://rooted-elevation.itch.io/saraab/devlog/1537938/saraab-ost-playlist-is-live-thank-you-for-playing-the-demo,,2026-05-31
https://ellieschokkele.itch.io/retromomento/devlog/1537939/new-twist,,2026-05-31
https://yukiiris.itch.io/mag/devlog/1537940/even-further-and-more-bug-fixes-improvements,,2026-05-31
https://roadkillcandy.itch.io/campfire-stories/devlog/1537941/20-update,,2026-05-31
https://kittyd172.itch.io/find-bob/devlog/1537942/first-playable-prototype,,2026-05-31
https://neptune017.itch.io/peppermint-academy/devlog/1537943/release-date-plan-pa-tier-changes,,2026-05-31
https://itch.io/blog/1537944/new-game-goblinz,,2026-05-31
https://a-growing-pain.itch.io/code-jade-demo/devlog/1537945/demo-5,,2026-05-31
https://big-bee.itch.io/bees-lab-mortamanual/devlog/1537946/version-v12,,2026-05-31
https://liftshopper.itch.io/aeon-battle-tower/devlog/1537947/introducing-relics-new-aeon-art-combat-improvements,,2026-05-31
https://vepsas.itch.io/tales-of-wocdes-the-silver-protector/devlog/1537949/ebb-of-silence-part-4-sheo-side-story-public-release,,2026-05-31
https://lowcarb.itch.io/tutankham-returns/devlog/1537950/fixed-some-incorrect-colors-on-raspberry-pi-arm,,2026-05-31
https://sizionofficial.itch.io/low-poly-home-mega-pack/devlog/1537951/final-call-100-off-ends-sooner-than-expected,,2026-05-31
https://boaring-dev.itch.io/beastsplice/devlog/1537952/bugfixes-4,,2026-05-31
https://itch.io/blog/1537953/stand-your-ground,,2026-05-31
https://gxvenproductions.itch.io/larping-simulator/devlog/1537954/launch,,2026-05-31
https://overworked-peon.itch.io/raider-trainer/devlog/1537955/a-little-teaser-for-you,,2026-05-31
https://theravenofmaeldor.itch.io/apprentice-of-darkness/devlog/1537956/public-playtest-is-now-live,,2026-05-31
https://kopasoft.itch.io/3d-survival-game/devlog/1537957/update-betatest-40,,2026-05-31
https://itch.io/blog/1537958/secrets-2,,2026-05-31
https://winstonlabs.itch.io/anoxic/devlog/1537959/new-version-fixes-etc,,2026-05-31
https://romanleco.itch.io/wizard-game/devlog/1537960/beta-240-progression-customization-update,,2026-05-31
https://foxgear-gamedev.itch.io/last-rescue-demo/devlog/1537961/english-devlog-1-last-rescue-is-growing,,2026-05-31
https://baldispiele-productions.itch.io/gavins-amazing-movie-theater/devlog/1537962/version-11-voiceline-stuff,,2026-05-31
https://yuanxing-federation-clt.itch.io/yuanxing/devlog/1537963/post,,2026-05-31
https://itch.io/blog/1537964/ctrlaltdefeat-zero-humanity-release-on-steam,,2026-05-31
https://undermax.itch.io/stamps/devlog/1537965/v101-small-bug-fix,,2026-05-31
https://starinfidel.itch.io/parasite/devlog/1537966/v022-modding-support,,2026-05-31
https://hamsterscave.itch.io/capsule-forest/devlog/1537967/terrain-generation,,2026-05-31
https://roadkillcandy.itch.io/campfire-stories/devlog/1537968/ghost,,2026-05-31
https://foxgear-gamedev.itch.io/last-rescue-demo/devlog/1537969/portugus-devlog-1-last-rescue-est-crescendo,,2026-05-31
https://lowcarb.itch.io/lady-pac-pc-version/devlog/1537971/fixed-some-incorrect-colors-on-raspberry-pi-arm,,2026-05-31
https://aslanpel.itch.io/pisto-y-el-catlogo-catalua-remake/devlog/1537972/actualizacion-inutil,,2026-05-31
https://akhlaaq-games.itch.io/almoravids-rise-of-the-desert-empires/devlog/1537973/the-game-is-live,,2026-05-31
https://trading-game-maker.itch.io/medieval-merchants-2/devlog/1537974/major-updates,,2026-05-31
https://zero-a-games.itch.io/the-manaworks-demo/devlog/1537975/the-manaworks-demo-v03-update,,2026-05-31
https://obscuryn.itch.io/her-other-side/devlog/1537976/hos-episode-1-devlog-3,,2026-05-31
https://itch.io/blog/1537977/guys-evan-checked-my-game-yes-im-voidlord-salmon,,2026-05-31
https://lambdagmd.itch.io/das-imperium-des-proletariats/devlog/1537978/das-imperium-des-proletariats-ist-jetzt-live,,2026-05-31
https://mark-dowen.itch.io/adventure-a-dwarfs-story/devlog/1537979/build-17800808105469,,2026-05-31
https://carnekvt.itch.io/blood-board/devlog/1537980/super-pawnnest-update,,2026-05-31
https://ercx97.itch.io/nexushacker/devlog/1537981/update-134-free-license-secrets-20-off,,2026-05-31
https://dragon29788.itch.io/pixeladventure2d/devlog/1537982/2-player-update,,2026-05-31
https://derfern.itch.io/rbg-yay/devlog/1537983/rubberballgame-yay-undate-3-v13,,2026-05-31
https://itch.io/blog/1537984/i-contributed-to-a-mega-drive-puzzle-game-soundtrack,,2026-05-31
https://wisegothgames.itch.io/shards-of-mirrors/devlog/1537985/som-v009-released,,2026-05-31
https://clockworkraven.itch.io/raven-fantasy-icons/devlog/1537986/new-update-second-this-month,,2026-05-31
https://panzadabira.itch.io/wildroots-grove-of-the-last-guardian/devlog/1537987/behind-the-scenes-working-on-wave-balancing-bugs-and-a-quick-update,,2026-05-31
https://scrubsoft.itch.io/vagabrew/devlog/1537988/demo-preview-massive-update,,2026-05-31
https://soursama.itch.io/vfinity/devlog/1537989/update-version-121,,2026-05-31
https://ennix.itch.io/hexlands/devlog/1537990/meta-progression,,2026-05-31
https://itch.io/blog/1537991/second-test-post,,2026-05-31
https://srrn-games.itch.io/village-of-the-north/devlog/1537992/village-of-the-north-v15,,2026-05-31
https://astoraxar.itch.io/astrovek/devlog/1537993/almost-done,,2026-05-31
https://yostopgame.itch.io/yostop-canva/devlog/1537994/yostop-canvas,,2026-05-31
https://bad-guitar.itch.io/bad-scales/devlog/1537995/version-016-two-new-chapters-pentatonics-1235s-additive-scale-tool-and-more,,2026-05-31
https://dlou-saiyan.itch.io/modular-gameplay-props-interactive-elements/devlog/1537997/new-release-gameplay-props-32px-32px,,2026-05-31
https://godfrigames.itch.io/the-dimenna/devlog/1537998/0015,,2026-05-31
https://met-wally-games.itch.io/yostops-sewer/devlog/1537999/yostops-dream-buffet-update-is-officially-here,,2026-05-31
https://warriormans.itch.io/thunders-of-fury/devlog/1538000/thunders-of-fury-plane-shooter,,2026-05-31
https://melonkiss.itch.io/venus-mons/devlog/1538002/013-optimization-update,,2026-05-31
https://foxh3ad.itch.io/lpcandc/devlog/1538003/first-release,,2026-05-31
https://timethefunni.itch.io/time-monkeys/devlog/1538004/tm-time-traveling,,2026-05-31
https://arsowzz.itch.io/zero-facet/devlog/1538005/-ui-,,2026-05-31
https://ahmed-mo2nis.itch.io/death-nights/devlog/1538006/update-1-changing-the-game-but-keeping-the-demo,,2026-05-31
https://northfall-games.itch.io/the-last-safehouse/devlog/1538007/the-first-full-playthrough-the-last-safehouse-devlog,,2026-05-31
https://belezoro.itch.io/matema/devlog/1538008/matema-v001-,,2026-05-31
https://rumigames.itch.io/sinful-valley/devlog/1538009/v0315-public-growth,,2026-05-31
https://randothig.itch.io/oblivio/devlog/1538010/oblivio-huge-update-oblivio-,,2026-05-31
https://mohamedgamedev18.itch.io/littlewarrior/devlog/1538011/little-warrior,,2026-05-31
https://gamezeternal.itch.io/project-chromata/devlog/1538012/patch-notes-193,,2026-05-31
https://balagurf.itch.io/the-biding-of-isaac-the-caves/devlog/1538013/alphaverison-v12-,,2026-05-31
https://poprise.itch.io/poprise/devlog/1538014/v-028-patch-1,,2026-05-31
https://r1leyd4rk.itch.io/cmgiaw-monarchjourney/devlog/1538015/public-release-day-8,,2026-05-31
https://kyhfriyell.itch.io/mug-adise/devlog/1538016/version-131,,2026-05-31
https://mangusek.itch.io/ferrite/devlog/1538018/update-160b,,2026-05-31
https://sofaspartan.itch.io/bitjump/devlog/1538019/small-but-mighty-build-091,,2026-05-31
https://roastedlizard.itch.io/sprunki-2014/devlog/1538020/audio-update,,2026-05-31
https://ansimuz.itch.io/ultimate-gothicvania-collection/devlog/1538021/magic-castle-updated,,2026-05-31
https://brockolantern.itch.io/5th-grade-simulator/devlog/1538022/-5th-grade-simulator-summer-roadmap-devlog-juneseptember-2026-,,2026-05-31
https://nocturnalillusions.itch.io/exilium-breeding-imperium/devlog/1538023/exilium-breeding-imperium-first-release-is-finally-here,,2026-05-31
https://simply-wrong.itch.io/under-the-iris/devlog/1538024/under-the-iris-may-2026-update,,2026-05-31
https://ansimuz.itch.io/the-16-bit-collection/devlog/1538025/magic-castle-updated,,2026-05-31
https://mzquest.itch.io/bnb/devlog/1538026/there-are-example-maps-in-rpg-maker-400-hours-logged,,2026-05-31
https://masquerade-arts.itch.io/see-you-soon/devlog/1538027/see-you-soon-launch,,2026-05-31
https://kausaustralis.itch.io/crave-flesh/devlog/1538028/chapter-3-is-now-available,,2026-05-31
https://dlou-saiyan.itch.io/urban-city-tileset-32-32-2d-pixel-art-street-environment/devlog/1538029/new-companion-pack-gameplay-props-for-your-city-levels,,2026-05-31
https://technovisual.itch.io/fitgame/devlog/1538030/new-fitness-game-alpha,,2026-05-31
https://tranquilbeast.itch.io/death-afterparty/devlog/1538031/well-this-was-a-tough-week-but-i-promised-to-show-new-location-parts-so,,2026-05-31
https://giuseppe64bit.itch.io/undertale-three-left/devlog/1538032/1000-downloads-special-version-release,,2026-05-31
https://tlt.itch.io/fanorona-legacy/devlog/1538033/fanorona-legacy-new-prototype-milestone,,2026-05-31
https://niniku18.itch.io/fell-court-ttrpg/devlog/1538034/guild-hall-poisonspoisons-status-effects-more,,2026-05-31
https://musicandcats4life.itch.io/ai-chatbot-not-real-ai/devlog/1538035/omg-uploaded,,2026-05-31
https://xsyaani.itch.io/atomale-demo/devlog/1538036/yeah-i-wont-be-making-that-many-more-updates-but-when-i-make-one-i-plan-to-make-it-very-big-and-also-today-is-the-first-day-of-summer-break,,2026-05-31
https://fragmentventures.itch.io/pegfinity-demo/devlog/1538037/the-pegfinity-demo-is-now-live-on-steam-,,2026-05-31
https://trackless-blue-studios.itch.io/so-i-mine/devlog/1538038/so-i-mine-devlog-2,,2026-05-31
https://hauntsoft.itch.io/the-lightning-girl/devlog/1538039/the-lightning-girl-demo-is-out-now,,2026-05-31
https://zephyrean-inquire.itch.io/the-ships-of-men/devlog/1538040/tsom-vers-125,,2026-05-31
https://garttempl.itch.io/coin-rush/devlog/1538041/coin-rush,,2026-05-31
https://brockolantern.itch.io/5th-grade-simulator/devlog/1538042/-5th-grade-simulator-official-website-release-day-,,2026-05-31
https://n2fat.itch.io/rog/devlog/1538043/v04-available-on-patreon,,2026-05-31
https://tripleaaa54.itch.io/dark-desvent/devlog/1538045/dark-descentold-is-out-well,,2026-05-31
https://cubizart.itch.io/crushstories/devlog/1538046/crush-stories-v151,,2026-05-31
https://mikeyeldey.itch.io/mikeyeldey-the-album/devlog/1538047/mikeyeldey-the-album-version-11-out-now,,2026-05-31
https://combatape.itch.io/bioweaponz/devlog/1538048/day-1-patch-30052026,,2026-05-31
https://abcdfgdev.itch.io/project-novem/devlog/1538049/0110-demo,,2026-05-31
https://n2fat.itch.io/rog/devlog/1538050/v03-free-for-everyone,,2026-05-31
https://itch.io/blog/1538051/vengeance-of-the-minotaur-rpg-version-071,,2026-05-31
https://itch.io/blog/1538052/vingana-do-minotauro-rpg-verso-071,,2026-05-31
https://itch.io/blog/1538053/venganza-del-minotauro-rpg-versin-071,,2026-05-31
https://itch.io/blog/1538054/-rpg-071,,2026-05-31
https://itch.io/blog/1538055/-rpg-071,,2026-05-31
https://itch.io/blog/1538056/-rpg-071,,2026-05-31
https://itch.io/blog/1538057/-rpg-071,,2026-05-31
https://itch.io/blog/1538058/-rpg-071,,2026-05-31
https://aphilippopoulos248.itch.io/unbroken-dynasty/devlog/1538059/week-3-ai-behaviour-and-animation,,2026-05-31
https://twiceftw.itch.io/paperdash/devlog/1538060/major-update-v082,,2026-05-31
https://lvoofeinci.itch.io/feed-the-flame/devlog/1538061/engviet-feedtheflame-version-20,,2026-05-31
https://the-naughty-captain.itch.io/summerscent/devlog/1538062/dev-update-352,,2026-05-31
https://darkraven616.itch.io/danganronpa-survivors-guilt/devlog/1538063/updated-asset-packs,,2026-05-31
https://studioforplay.itch.io/orcasm/devlog/1538064/update-v015,,2026-05-31
https://vrtgo-games.itch.io/union/devlog/1538065/union-v04-released,,2026-05-31
https://lunarblank.itch.io/sepulchron-demo/devlog/1538066/survival-horror-meets-point-and-click-sepulchron-gameplay-trailer,,2026-05-31
https://alsakin.itch.io/red-weight/devlog/1538067/introducing-time-and-space,,2026-05-31
https://wizorge.itch.io/out-of-light/devlog/1538068/v06-mini-update,,2026-05-31
https://itch.io/blog/1538069/how-im-building-localization-for-gun-nose,,2026-05-31
https://peppersanders.itch.io/mesa-verde-suites/devlog/1538070/devlog-update-music-change-and-content-id-lesson-learned,,2026-05-31
https://chilling-dino.itch.io/the-journalist/devlog/1538071/chapter-3-is-released,,2026-05-31
https://garys-piano.itch.io/hell-park-la-novela-interactiva/devlog/1538072/hell-park-el-libro-ilustrado,,2026-05-31
https://itch.io/blog/1538073/-dungeons-furry-demo-is-now-available-on-steam,,2026-05-31
https://rigg.itch.io/bot-and-drone/devlog/1538074/bugfix-02,,2026-05-31
https://krabworksstudios.itch.io/hermit-demo/devlog/1538075/development-newsletter-may-development-updates,,2026-05-31
https://titanartgames.itch.io/sevenfall/devlog/1538076/new-version-available-demo-v0103,,2026-05-31
https://waffelg.itch.io/tower-game/devlog/1538078/minor-patch-20260529,,2026-05-31
https://enchanted-burden.itch.io/teb/devlog/1538079/bug-fixes-chapter-1-3,,2026-05-31
https://xeratios.itch.io/fractured-veil-act-3/devlog/1538080/fractured-veil-v43-public-is-now-live,,2026-05-31
https://trisutridi.itch.io/virumaweb/devlog/1538081/viruma-lampung-build-7,,2026-05-31
https://rickcarvalho.itch.io/bun-bun-strike/devlog/1538082/v012,,2026-05-31
https://colyolyoctopus.itch.io/afk-maker-suite-pro/devlog/1538083/afk-maker-suite-pro-started-as-a-simple-idea,,2026-05-31
https://jumpdashevade.itch.io/mega-man-w/devlog/1538085/7-more-days,,2026-05-31
https://balkanramgames.itch.io/spriteloop/devlog/1538086/spriteloop-060-skew-transform-inheritance,,2026-05-31
https://jp-gamer-animations.itch.io/following-the-sunset/devlog/1538088/devlog-140-pre-release,,2026-05-31
https://asunaisu.itch.io/grin/devlog/1538089/grin-just-hit-50-plays-milestone,,2026-05-31
https://drleria.itch.io/badlucktano/devlog/1538090/the-story-behind-badluck-tano,,2026-05-31
https://samasgari.itch.io/gjerdingsaeterkvadet/devlog/1538091/roguelike-modus-implementert,,2026-05-31
https://knightmarish-games.itch.io/breath-of-fire-awakening-fan-game/devlog/1538092/animation-inquiry,,2026-05-31
https://glaciergames.itch.io/thhi/devlog/1538094/official-launch,,2026-05-31
https://renaysaki.itch.io/life-with-demon-girls/devlog/1538095/life-with-demon-girls-update-018-misaki-and-village-erotic-update,,2026-05-31
https://silentwhispersshop.itch.io/silenteevidence/devlog/1538096/skinwalker-sound-update,,2026-05-31
https://revline-games.itch.io/ascend/devlog/1538097/ascend-demo-is-out,,2026-05-31
https://bitglow.itch.io/pixel-world-complete-pack-pixel-art-assets/devlog/1538098/update-8-shop-interior,,2026-05-31
https://xselerx.itch.io/cosmic-cargo/devlog/1538099/bug-fixing,,2026-05-31
https://watabou.itch.io/taverns/devlog/1538100/110,,2026-05-31
https://zacharyvr.itch.io/justclimb/devlog/1538101/it-is-launched,,2026-05-31
https://lazyanttu.itch.io/wordless-war/devlog/1538102/fourth-difficulty-and-polish,,2026-05-31
https://atlinov.itch.io/darkfantasy/devlog/1538103/release-10,,2026-05-31
https://crypto-tost.itch.io/lost-connection/devlog/1538105/updated-the-most-annoying-stuff,,2026-05-31
https://mizhnya.itch.io/suicide-hollow/devlog/1538106/main-menu,,2026-05-31
https://princessazraiel.itch.io/hypnooverlay/devlog/1538108/hypnooverlay-v020-update,,2026-05-31
https://celal-ay.itch.io/siege-3-fronts/devlog/1538110/solved-react-build-problem,,2026-05-31
https://trueog.itch.io/humanity-true-monster/devlog/1538111/devlog-9,,2026-05-31
https://sizionofficial.itch.io/low-poly-home-mega-pack/devlog/1538112/mini-update-last-chance-,,2026-05-31
https://onekit.itch.io/match3/devlog/1538113/secrets-of-the-shumatch3-game-algorithms,,2026-05-31
https://balagurf.itch.io/the-biding-of-isaac-the-caves/devlog/1538114/majorupdv013a,,2026-05-31
https://jgesq.itch.io/unhoused/devlog/1538115/one-night-in-napanee-why-i-made-unhoused,,2026-05-31
https://cg-games0.itch.io/aerodreamea/devlog/1538116/aerodream-early-access,,2026-05-31
https://glaciergames.itch.io/when-the-day-fades/devlog/1538117/play-the-full-game-for-free,,2026-05-31
https://afterdark3444.itch.io/afterdark-24h/devlog/1538118/-5-niveaus-van-initiatie-van-plagen-tot-extase,,2026-05-31
https://lazyanttu.itch.io/wordless-war/devlog/1538119/removed-tutorial,,2026-05-31
https://ice-husky.itch.io/apophis-limited/devlog/1538120/post-jam-release,,2026-05-31
https://katdevs.itch.io/rdw/devlog/1538121/rdw-waifu-battle-simulator-alpha-is-out,,2026-05-31
https://sqdgames.itch.io/rolleres-src-s-a-nyl-esete/devlog/1538122/vltozsok,,2026-05-31
https://oiwakuna.itch.io/blackmail-protocolll/devlog/1538123/version-02-is-coming-we-want-your-feedback,,2026-05-31
https://movingthemovingpictures.itch.io/bare-handed-warriors/devlog/1538124/update-revamped-opponent-behavior-minor-and-major-bug-fixes,,2026-05-31
https://perimido.itch.io/proto-boxing/devlog/1538125/ai-update-more-natural-opponents-and-fighter-personalities,,2026-05-31
https://monsters-and-myths.itch.io/wholly-flaming-samurai-man-free-demo/devlog/1538126/look-ma-free-demo,,2026-05-31
https://itch.io/blog/1538127/community-calendar-is-out-now,,2026-05-31
https://dglarry.itch.io/peapod-scout/devlog/1538129/finished-version-available,,2026-05-31
https://dawzome.itch.io/deadly-harvest/devlog/1538130/ui-update,,2026-05-31
https://itch.io/blog/1538131/pulled-over-is-still-coming-to-steam,,2026-05-31
https://rens-studio.itch.io/tabletop-survivors/devlog/1538132/demo-update-v020,,2026-05-31
https://aream723.itch.io/dungeons-and-delinquents/devlog/1538133/welcome-to-dungeons-delinquents,,2026-05-31
https://runebitdice.itch.io/bloodrose-plasma-d20/devlog/1538135/out-today-free-bloodrose-plasma-d20-sprite-pack,,2026-05-31
https://bellaromeo.itch.io/super-purio-bros/devlog/1538136/new-update-in-being-developed,,2026-05-31
https://maru-98.itch.io/forest-fall-pack-1616-pixel-art-autumn-tileset/devlog/1538137/forest-fall-pack-1616-autumn-tileset-release-update,,2026-05-31
https://itch.io/blog/1538138/sneak-peaks,,2026-05-31
https://monsters-and-myths.itch.io/wholly-flaming-samurai-man/devlog/1538139/hindsight-is-2020,,2026-05-31
https://delautrer.itch.io/voxelengine/devlog/1538140/update-035-alpha,,2026-05-31
https://frequentgamer.itch.io/sonic-space-boss/devlog/1538141/sonic-space-boss-is-now-live,,2026-05-31
https://yaminox.itch.io/fallen-authority/devlog/1538142/v01-initial-release,,2026-05-31
https://voirey.itch.io/kulmovaatka/devlog/1538143/big-stuff-i-rewrote-the-most-controversial-scene-of-kulmovaatka,,2026-05-31
https://paystudios.itch.io/space-n-blast/devlog/1538144/319,,2026-05-31
https://cainetotallysane.itch.io/xxxfiles/devlog/1538145/022-release,,2026-05-31
https://loom-lore.itch.io/dungeon-raiders-full-game/devlog/1538146/price-change-and-update,,2026-05-31
https://neonhuntersamael.itch.io/neon-hunter-samaels-soldier/devlog/1538147/update-3-of-neon-hunter-is-coming,,2026-05-31
https://atlinov.itch.io/darkfantasy/devlog/1538148/release-101,,2026-05-31
https://miimoka.itch.io/robot-jet-world/devlog/1538149/adding-full-android-and-html5-version,,2026-05-31
https://zenonl.itch.io/block-bridge/devlog/1538150/the-game-is-live,,2026-05-31
https://combatape.itch.io/bioweaponz/devlog/1538151/zombies-bosses-and-secret-levels-2652026,,2026-05-31
https://itch.io/blog/1538153/altered-destiny-v0162-progress-report-1,,2026-05-31
https://timethefunni.itch.io/time-monkeys/devlog/1538154/bug-fixes-yet-again,,2026-05-31
https://wirelessjava.itch.io/tavernbound/devlog/1538155/from-chatbot-to-character-sheet-tavernbounds-dd-style-upgrade,,2026-05-31
https://mghurston.itch.io/avemolech/devlog/1538156/update-01010,,2026-05-31
https://atlinov.itch.io/darkfantasy/devlog/1538157/release-102,,2026-05-31
https://devod322.itch.io/tanky-tank/devlog/1538158/the-new-11-update-is-coming-soon,,2026-05-31
https://reignition.itch.io/reignition/devlog/1538159/demo-is-out-now,,2026-05-31
https://casper-gaming.itch.io/cgmz-dungeon-tools/devlog/1538160/version-alpha-r12-release-notes,,2026-05-31
https://raildogameart.itch.io/meninodiabo/devlog/1538161/devlog-01-parkour-tests,,2026-05-31
https://goldenforgeentertainment.itch.io/mythic-battle/devlog/1538162/v034,,2026-05-31
https://ggbot.itch.io/xoffline/devlog/1538163/version-010,,2026-05-31
https://stylezmj.itch.io/pixel-and-hd-speech-bubbles/devlog/1538164/new-assets-pixel-and-hd-speech-bubbles,,2026-05-31
https://slaystudio.itch.io/slay-or-lay/devlog/1538165/act-2-release-and-act-1-update-2-public,,2026-05-31
https://bochinator.itch.io/dark-star-pre-alpha/devlog/1538166/update-015-tutorial-and-polish,,2026-05-31
https://northline-studio.itch.io/dungeondex/devlog/1538167/dungeondex-v14-foundations-of-ash,,2026-05-31
https://mylodetarth.itch.io/before-it-breaks/devlog/1538168/devlog-10-fixing-enemy,,2026-05-31
https://lazyanttu.itch.io/wordless-war/devlog/1538169/standardized-views-for-players,,2026-05-31
https://timixiiiiiiii.itch.io/mineblocks/devlog/1538171/chapter-3-season-4,,2026-05-31
https://combatape.itch.io/bioweaponz/devlog/1538172/level-design-and-user-interface-2752026,,2026-05-31
https://unusual-intersection.itch.io/undead-farmstead-2/devlog/1538173/fresh-demo-ready,,2026-05-31
https://dirtlordthezombieking.itch.io/because-why-not/devlog/1538174/finished-for-now,,2026-05-31
https://godotengine.itch.io/godot/devlog/1538175/maintenance-release-godot-463,,2026-05-31
https://dtsfp.itch.io/larp/devlog/1538176/version-123-out-now,,2026-05-31
https://dawzome.itch.io/deadly-harvest/devlog/1538177/level-testing,,2026-05-31
https://voirey.itch.io/kulmovaatka/devlog/1538178/why-such-themes,,2026-05-31
https://unyme.itch.io/kidnappeds/devlog/1538179/devlog-1-radaquency-system,,2026-05-31
https://afcn.itch.io/proximity/devlog/1538181/v-104-refined-end-of-story-reflection-and-minor-fixes,,2026-05-31
https://timixiiiiiiii.itch.io/mineblocks/devlog/1538182/xp-und-battle-pass,,2026-05-31
https://kprakash.itch.io/expedition-manager-testing-build/devlog/1538183/updating-the-combat-uxui,,2026-05-31
https://lucythepirate.itch.io/ouroboros-depths/devlog/1538184/v151-minor-tweaksset-piece-stuff,,2026-05-31
https://menutowngames.itch.io/menutown/devlog/1538185/i-have-listed-the-original-old-build-of-menutown-as-menutown-classic,,2026-05-31
https://heroesscriptoriumdev.itch.io/heroes-scriptorium/devlog/1538186/v013-alpha-release,,2026-05-31
https://wet-floor-games.itch.io/deathmoth-encounter/devlog/1538187/deathmoth-encounter-backrooms-porn-game,,2026-05-31
https://fmakingz.itch.io/archived-nightmares/devlog/1538188/v01-the-start-of-something-great,,2026-05-31
https://sofamire.itch.io/diecast/devlog/1538189/may-29th-update,,2026-05-31
https://land-of-auks.itch.io/thesis/devlog/1538190/stand-up-and-build-anew,,2026-05-31
https://ruffbuff.itch.io/spellbound/devlog/1538192/devlog-5-v0038-is-live,,2026-05-31
https://werkstattl.itch.io/quick-dungeon-crawler-on-demand/devlog/1538193/391,,2026-05-31
https://tortiljac.itch.io/veins-of-coal/devlog/1538194/v014-patchesqol-improvements,,2026-05-31
https://alisindra.itch.io/dont-breathe-paid/devlog/1538195/version-051,,2026-05-31
https://capsarami.itch.io/geneloot/devlog/1538196/beta-ver091-update,,2026-05-31
https://tannenboom.itch.io/clam-story/devlog/1538197/its-out,,2026-05-31
https://koola.itch.io/deathplane/devlog/1538198/deathplane-update-101-release,,2026-05-31
https://jcupdev.itch.io/goo-gate-guardian/devlog/1538199/bosses-card-based-movement-and-other-qol,,2026-05-31
https://fmcba.itch.io/free-corpo/devlog/1538200/-free-corpo-devlog-v060-post-lanzamiento-modelos-de-negocio-y-mejoras-crticas,,2026-05-31
https://reqxel.itch.io/food-16/devlog/1538201/added-9-sweets,,2026-05-31
https://aidang95.itch.io/open-guard/devlog/1538202/open-guard-full-early-access-release,,2026-05-31
https://itch.io/blog/1538203/new-enemie-added,,2026-05-31
https://itch.io/blog/1538204/new-enemie-added,,2026-05-31
https://kentertainment.itch.io/primordian-evolution/devlog/1538205/launch-announcement,,2026-05-31
https://instance44.itch.io/instance101/devlog/1538206/day-1,,2026-05-31
https://wennready87.itch.io/pokemon-alpha-playtest/devlog/1538207/v003-to-004,,2026-05-31
https://pigeon2play.itch.io/chrono-ecstasy/devlog/1538208/-why-does-it-suck-11,,2026-05-31
https://incandanto.itch.io/kinky-expansion/devlog/1538209/the-slaver-update-20-changelog,,2026-05-31
https://hangovercatpurrroduction.itch.io/he-maid-her-fall/devlog/1538210/he-maid-her-fall-v086-has-now-been-released,,2026-05-31
https://karlcasinobot4.itch.io/target-practice/devlog/1538211/new-update-for-target-practice,,2026-05-31
https://tauront7.itch.io/isometric-sci-fi-tile-set/devlog/1538212/added-wall-32x64-with-pillar-16x56,,2026-05-31
https://orbitalpanda.itch.io/galaxy-of-rebels/devlog/1538213/welcome-to-galaxy-of-rebels,,2026-05-31
https://samuc16.itch.io/pac-man-labirincejos-fuga-de-pac-city/devlog/1538214/lanamento-labirincejos-,,2026-05-31
https://unknownorigingames.itch.io/oddrealm/devlog/1538215/110-beta-11-is-live-small-tuningfixes-patch,,2026-05-31
https://kentertainment.itch.io/primordian-evolution/devlog/1538216/screenshots,,2026-05-31
https://funonegames.itch.io/equipment-or-character/devlog/1538217/equipment-or-character-released,,2026-05-31
https://retrosource.itch.io/twinbullets/devlog/1538218/twin-bullets-alpha-release,,2026-05-31
https://scotwix.itch.io/rocket/devlog/1538219/new-full-game,,2026-05-31
https://tk421planetepochcom.itch.io/epoch-2/devlog/1538220/ready-for-alpha,,2026-05-31
https://boxman12.itch.io/the-aristocrats/devlog/1538221/next-milestone-down-all-environmental-models-are-finished,,2026-05-31
https://kenolabs.itch.io/orenvo-pro/devlog/1538222/orenvo-pro-v500-batchpix-is-now-orenvo-pro,,2026-05-31
https://ligdasclickerdev.itch.io/ligdas-clicker/devlog/1538223/update,,2026-05-31
https://kdebczynski.itch.io/pirates-and-the-undead-treasure/devlog/1538224/meet-the-characters,,2026-05-31
https://irdurdev.itch.io/deep-dark-cave-demo-browser/devlog/1538225/demo-25-may-2026-v11b-patch-notes,,2026-05-31
https://romanguy-games.itch.io/big-goofy-project-plus/devlog/1538226/v04c,,2026-05-31
https://ruffbuff.itch.io/spellbound/devlog/1538227/game-is-back,,2026-05-31
https://vramosx.itch.io/infinity-space/devlog/1538228/planet-terrains,,2026-05-31
https://acceleratingwind.itch.io/black-rain/devlog/1538230/we-reached-version-0028,,2026-05-31
https://alexbelanger.itch.io/the-fellas/devlog/1538231/post-jam-release,,2026-05-31
https://dopplerghost.itch.io/dont-sleep-with-the-fishes/devlog/1538232/thank-you-future-update,,2026-05-31
https://darkseraphavn.itch.io/sotd/devlog/1538233/dev-log-20,,2026-05-31
https://stiggstogg.itch.io/pasteur/devlog/1538234/v100-first-official-release-is-out,,2026-05-31
https://classy-lemon.itch.io/projekt-passion/devlog/1538235/weeklyish-teaser-may-29,,2026-05-31
https://obsete.itch.io/campaign-forge/devlog/1538236/bug-fixminor-improvements-8,,2026-05-31
https://bullyaustin.itch.io/descend-rougelike-shooter/devlog/1538237/progress-sort-of-,,2026-05-31
https://bloodyjamboree.itch.io/gooddog/devlog/1538238/-olive-v2-release-,,2026-05-31
https://noamoa.itch.io/a-cube-in-your-corn-flakes/devlog/1538239/update-after-the-jam,,2026-05-31
https://jegjegjeg.itch.io/flowerboys-funhouse/devlog/1538240/flowerboys-funhouse-update-notes-v12,,2026-05-31
https://mitral-pulse-studio.itch.io/mother-zero-demo/devlog/1538241/destructible-props-showcase,,2026-05-31
https://uncensored-souls.itch.io/uncensored-souls/devlog/1538243/uncensored-souls-121-stability-fixes,,2026-05-31
https://jgesq.itch.io/unhoused/devlog/1538244/table-v-bug-repeated-twice,,2026-05-31
https://bytegamesvr.itch.io/e-company-public-beta-testing/devlog/1538245/beta-test-4,,2026-05-31
https://unlokable.itch.io/ultimate-trainer/devlog/1538246/-ultimate-trainer-v02-is-now-live-,,2026-05-31
https://wilkingames.itch.io/deadswitch-combat/devlog/1538247/exotic-weapons-and-game-mutations,,2026-05-31
https://grimsourgames.itch.io/1920s-eldritch-mystery-adventure-tables/devlog/1538248/added-lesser-horror-to-case-files,,2026-05-31
https://dragon29788.itch.io/pixeladventure2d/devlog/1538249/ui-update,,2026-05-31
https://thesylris.itch.io/world-of-sylris-zs/devlog/1538250/back-to-working-on-this-project,,2026-05-31
https://patchwork-int.itch.io/farm-idle/devlog/1538251/patch-notes-1130,,2026-05-31
https://itch.io/blog/1538252/flower-fairys,,2026-05-31
https://jiks-studios.itch.io/c-sol/devlog/1538253/correo-de-bug,,2026-05-31
https://harakat.itch.io/john-broke-his-bones/devlog/1538254/v5,,2026-05-31
https://datandragons.itch.io/klorbiest-catch/devlog/1538255/version-008,,2026-05-31
https://johnjkerr.itch.io/sudden-death-soccer/devlog/1538256/sudden-death-soccer-devlog-match-tactics,,2026-05-31
https://dwrgames.itch.io/naughty-lyanna-season-2/devlog/1538257/-progress-update-halfway-through-the-render-phase-new-spoiler-inside-,,2026-05-31
https://itch.io/blog/1538258/artists-wanted-cutscenes-for-visual-novel,,2026-05-31
https://lovexlust.itch.io/neonstrip/devlog/1538259/news-end-of-the-month-release-version-0340,,2026-05-31
https://ronin-studio.itch.io/dev-life-tap-and-code/devlog/1538260/update-085-difficulty-modes-6-new-languages,,2026-05-31
https://18966dd0-c8bb.itch.io/minecraft-drug-mod/devlog/1538261/about-the-mods,,2026-05-31
https://underdeveloped-studios.itch.io/stylish-strikez/devlog/1538262/day-5-more-like-day-45,,2026-05-31
https://itch.io/blog/1538263/car-parts,,2026-05-31
https://kadajah.itch.io/kadajahs-battleonmap/devlog/1538264/update-v13-enhanced-turn-mechanics-active-atb-and-collision-fixes,,2026-05-31
https://thomgrd.itch.io/atelier-solea/devlog/1538265/atelier-solea-v012-tutorial-polish-update,,2026-05-31
https://waldorf.itch.io/gibber-babel/devlog/1538266/the-game-trailer,,2026-05-31
https://amonielove.itch.io/betweentwopoints/devlog/1538267/episode-2-is-now-available-for-patreon-supporters-,,2026-05-31
https://tristan101.itch.io/table-strike-champions/devlog/1538268/upgraded-25d-style-visuals,,2026-05-31
https://pixeals.itch.io/azure-remnant/devlog/1538269/project-azure-remnant-alpha-started,,2026-05-31
https://serithebutterfly.itch.io/ab-game-simulator/devlog/1538270/21-update-custom-characters,,2026-05-31
https://decenttreatment.itch.io/thermocline/devlog/1538271/thermocline-announcement-trailer,,2026-05-31
https://lazyanttu.itch.io/wordless-war/devlog/1538272/random-campaign-maps,,2026-05-31
https://samasgari.itch.io/gjerdingsaeterkvadet/devlog/1538273/n-er-roguelike-modusen-pen-ogs,,2026-05-31
https://theoh24.itch.io/learn-to-play-fps/devlog/1538274/linux,,2026-05-31
https://thedarkl1ght.itch.io/city-of-secrets/devlog/1538275/city-of-secrets-v01400,,2026-05-31
https://sexyshelly.itch.io/beckys-reckoning-v1-0-prologue/devlog/1538276/v11-now-live,,2026-05-31
https://0xffgames.itch.io/still-watching-the-hight-caregiver/devlog/1538277/-playtest-now,,2026-05-31
https://minonosoft.itch.io/expose-the-darkness/devlog/1538278/post,,2026-05-31
https://seedmercenary.itch.io/balamb-codex-triad-archive/devlog/1538279/dev-log-1-balamb-codex-triad-trial-v10-alpha-release,,2026-05-31
https://dimcairion.itch.io/hex-strategy-map/devlog/1538280/hex-strategy-map-20-is-out,,2026-05-31
https://fh-studios.itch.io/femboy-hotel/devlog/1538281/femboy-hotel-07-big-update,,2026-05-31
https://itch.io/blog/1538282/i-gave-up-on-pt-noise-peppino-move-sets-mod,,2026-05-31
https://anstheram.itch.io/pocket-god-fan-remake/devlog/1538283/101-customisation-packs-and-stats,,2026-05-31
https://newhopegames.itch.io/old-skool-wargame/devlog/1538284/added-6-new-units-including-cvl-fleets,,2026-05-31
https://wargnema.itch.io/valley-awakening/devlog/1538285/valley-awakening-v08200-is-out-now,,2026-05-31
https://pollikk-studios.itch.io/marketfield/devlog/1538286/patch-3-hotfix-1-farm-water-cost-fix,,2026-05-31
https://illtemperedtuna.itch.io/the-seacrit-fish-game/devlog/1538287/isnt-life-strange,,2026-05-31
https://altabestudio.itch.io/cante-customize-your-romance-visual-novel/devlog/1538288/continue-to-work-on-dressup-feature,,2026-05-31
https://yosha-0.itch.io/alchemy-hearts/devlog/1538289/004,,2026-05-31
https://grillin-and-chillin.itch.io/snake-game/devlog/1538290/game-now-playable-on-itchio,,2026-05-31
https://ravidex.itch.io/duck-eats-rock/devlog/1538291/duck-eats-rock-settings-update-and-small-fixes,,2026-05-31
https://drug-lords-game.itch.io/council-estate-legends-simulator/devlog/1538292/-council-estate-tycoon-tell-me-what-you-think,,2026-05-31
https://tedins.itch.io/signal-cartel/devlog/1538293/0111-more-news-and-districts,,2026-05-31
https://santiagogonzalez12.itch.io/echo-strike/devlog/1538294/devlog-3-the-anatomy-of-a-game-over,,2026-05-31
https://bad-banana-dev.itch.io/starve-again/devlog/1538295/updated-main-game-files,,2026-05-31
https://castamar-rpg.itch.io/dungeons-and-dustbunnies/devlog/1538296/coming-soon-tiny-beasts,,2026-05-31
https://tigerstudios800.itch.io/mirror-room/devlog/1538297/mirror-room-small-patch-and-itch-page-upgrade-v11,,2026-05-31
https://nstuffent.itch.io/the-orbital-wars/devlog/1538298/closed-beta-test-of-act-i,,2026-05-31
https://anstheram.itch.io/pocket-god-fan-remake/devlog/1538299/user-made-customisation-packs-tutorial,,2026-05-31
https://aidensun511gmailcom.itch.io/ww2-sim-very-bad/devlog/1538300/first-update,,2026-05-31
https://jonassoderstrom.itch.io/cthulhu-forever/devlog/1538302/08-apocthulhu-added,,2026-05-31
https://greenstack.itch.io/fourway-prototype/devlog/1538303/release-alpha-50,,2026-05-31
https://samasgari.itch.io/gjerdingsaeterkvadet/devlog/1538304/liten-patch,,2026-05-31
https://profusedata.itch.io/minimizink/devlog/1538305/minimizink-v103-leaderboards,,2026-05-31
https://crumpusvrc.itch.io/ms-amphy-vrc/devlog/1538306/update-12-the-genital-removal-arc,,2026-05-31
https://dignitas-games.itch.io/vi/devlog/1538307/player-animation-system-issues-alexander-swanson-posted-52926,,2026-05-31
https://madcapper.itch.io/forgetting/devlog/1538309/devlog-may-29-2026,,2026-05-31
https://the-lost-flame.itch.io/none/devlog/1538310/welcome-to-the-new-age,,2026-05-31
https://onyxsoul-the-king.itch.io/gtavccvp/devlog/1538311/gta-cvp,,2026-05-31
https://fear-mongrel.itch.io/ham-hole/devlog/1538312/secrets-list,,2026-05-31
https://alfasol.itch.io/crazy-race/devlog/1538313/krazy-race,,2026-05-31
https://gothmogged.itch.io/dream-blunt-rotation/devlog/1538314/dream-blunt-rotation-weekly-update-4,,2026-05-31
https://balrogbob.itch.io/voxelumality/devlog/1538317/tools-blocks-swords-battle-spooooon,,2026-05-31
https://antonitodev.itch.io/laboratorio-del-caos/devlog/1538318/alpha-v067-patch,,2026-05-31
https://dawn-to-dusk-games.itch.io/3d-creatures/devlog/1538319/3d-creatures-initial-release,,2026-05-31
https://makham.itch.io/pixel-composer/devlog/1538320/upcoming-price-increase-15,,2026-05-31
https://yukiiris.itch.io/mag/devlog/1538321/more-bug-fixes,,2026-05-31
https://funwater.itch.io/modchessnowwar/devlog/1538322/001,,2026-05-31
https://untiedgames.itch.io/super-pixel-effects-gigapack/devlog/1538323/effects-gigapack-v230-the-splatter-update,,2026-05-31
https://samuc16.itch.io/pac-man-labirincejos-fuga-de-pac-city/devlog/1538324/aviso-labirincejos,,2026-05-31
https://kyorohiro.itch.io/tetorica-mdrop/devlog/1538326/v063-portable-package-generator-web-viewer,,2026-05-31
https://ftrdev.itch.io/bioluminal-alpha/devlog/1538327/alpha-1-demo-out,,2026-05-31
https://princessazraiel.itch.io/hypnooverlay/devlog/1538328/hypnooverlay-v021-update,,2026-05-31
https://yellowmarkers.itch.io/positive-emblems-in-negative-space/devlog/1538329/update-1,,2026-05-31
https://morso-irl.itch.io/astral-kingdom-demo/devlog/1538330/small-update,,2026-05-31
https://potatographicgames.itch.io/erebusos/devlog/1538331/biggest-patch-yet-v13-for-erebusos,,2026-05-31
https://reclaimingmandalore.itch.io/faces-of-mandalore/devlog/1538332/getting-started,,2026-05-31
https://cozybunny.itch.io/mana-quest/devlog/1538333/sneak-peek-38,,2026-05-31
https://buas.itch.io/icarus/devlog/1538334/status-update-02,,2026-05-31
https://semengames-1877.itch.io/goblins-of-lust/devlog/1538335/goblins-of-lust-002,,2026-05-31
https://mistergjones.itch.io/metroidvaniaclone/devlog/1538336/more-updates,,2026-05-31
https://byronbulb.itch.io/bandestar/devlog/1538337/063,,2026-05-31
https://tsatria03.itch.io/simplefighter/devlog/1538338/simplefighter-v135-release-notes,,2026-05-31
https://dakugure0207.itch.io/aun-sin-nombre/devlog/1538339/v-106,,2026-05-31
https://wolfgirlvr.itch.io/wolfs-gorilla-horror-revived/devlog/1538341/the-release,,2026-05-31
https://mental-manifestations.itch.io/the-theater-of-anguish/devlog/1538342/listen-to-it-on-suno,,2026-05-31
https://lainartificial.itch.io/kusari-doi-in-october-the-rain-never-stopped-vol-1/devlog/1538343/typo-fix-patch,,2026-05-31
https://samuc16.itch.io/pac-man-labirincejos-fuga-de-pac-city/devlog/1538344/verso-20-labirincejos-,,2026-05-31
https://pixel-fist-games.itch.io/paper-kings/devlog/1538345/paper-kings-v130,,2026-05-31
https://stgiga.itch.io/tyroland/devlog/1538346/velocity-layers-on-va-76-drums,,2026-05-31
https://the-lost-flame.itch.io/none/devlog/1538347/pre-release-early-access,,2026-05-31
https://mental-manifestations.itch.io/mentality-by-charles-conley/devlog/1538348/anti-social,,2026-05-31
https://keywordgames.itch.io/a-ultima-gravacao/devlog/1538349/v004-dia-4-o-rdio-fala,,2026-05-31
https://skollrage.itch.io/affair-phone/devlog/1538350/devlog-014-updates-on-nathans-render-and-profile-pictures,,2026-05-31
https://punadian.itch.io/team-sapphire-titans-unleashed/devlog/1538351/new-update-the-post-game-additions,,2026-05-31
https://terraformingtitans.itch.io/terraforming-titans/devlog/1538352/smbh-the-state-of-the-game,,2026-05-31
https://owch.itch.io/10sf/devlog/1538353/11-released,,2026-05-31
https://emberlockgames.itch.io/solar-scavenge-squad-alpha-test/devlog/1538354/fullscreen-fixes-and-a-look-ahead,,2026-05-31
https://lucashaley.itch.io/turf/devlog/1538355/update-2026,,2026-05-31
https://itch.io/blog/1538356/wendigo-blood-on-the-alter,,2026-05-31
https://chicken43726.itch.io/newmiptowerunuty/devlog/1538357/3203,,2026-05-31
https://bullyaustin.itch.io/descend-rougelike-shooter/devlog/1538358/pause-button-added,,2026-05-31
https://mistergjones.itch.io/metroidvaniaclone/devlog/1538359/more-updates,,2026-05-31
https://klaim.itch.io/replis-dev/devlog/1538360/replis-v0101,,2026-05-31
https://matiasleiva1986.itch.io/image-to-pixel-art/devlog/1538361/pixelartv101-a,,2026-05-31
https://tannenboom.itch.io/clam-story/devlog/1538363/android-ver-release,,2026-05-31
https://williamdev-gdevelop.itch.io/zombie-city-shooter-pro/devlog/1538364/important-news,,2026-05-31
https://allkill.itch.io/incel-server/devlog/1538365/0530,,2026-05-31
https://gamesandwutnot.itch.io/corruptedwood/devlog/1538366/destroy-face,,2026-05-31
https://astghik1.itch.io/aurora-protocol/devlog/1538367/aurora-protocol-05-full-public-release-out-now,,2026-05-31
https://oneweakness.itch.io/bug-fighter-flipside/devlog/1538368/bug-fighter-050-changelog,,2026-05-31
https://pain-game-studios.itch.io/press-jump-to-fall-remastered/devlog/1538369/its-out,,2026-05-31
https://hirogucci.itch.io/dog-step-math/devlog/1538370/online-ranking-added,,2026-05-31
https://skeleton-m.itch.io/maze-of-monsters/devlog/1538371/added-new-item-and-fixed-patheon-of-the-game,,2026-05-31
https://crimsonghost78.itch.io/warden-and-world/devlog/1538373/my-new-solo-domain-framework-warden-world,,2026-05-31
https://skull-kracker-studios.itch.io/wollys-3d-firearm-models/devlog/1538374/launch-of-wollys-3d-firearm-models,,2026-05-31
https://ghostclown.itch.io/most-suspicious-man/devlog/1538375/demo-update,,2026-05-31
https://metalwar.itch.io/lands-of-folklore/devlog/1538376/-devlog-20-el-bug-que-nos-hizo-libres-iluminacin-hbrida,,2026-05-31
https://frostydicegames.itch.io/rpg-quickie/devlog/1538377/rpg-quickies-upcoming-add-on-necromancy,,2026-05-31
https://malcolme.itch.io/trials-of-xymoz/devlog/1538378/bug-fix-30052026,,2026-05-31
https://chugget.itch.io/into-the-planets-flesh/devlog/1538379/windows-performance-upgrade,,2026-05-31
https://dokirakii.itch.io/to-kill-eros-full-version/devlog/1538380/tke-full-version-is-available-on-steam-link-in-desc,,2026-05-31
https://polaris-space.itch.io/colony-farming/devlog/1538381/progress-update-1,,2026-05-31
https://timethefunni.itch.io/time-monkeys/devlog/1538382/mounatins-revamp,,2026-05-31
https://jo-codespace.itch.io/wick-games-from-scratcher1/devlog/1538383/new-game,,2026-05-31
https://itch.io/blog/1538384/geos-adventures-new-series-under-development,,2026-05-31
https://wetworkstudio.itch.io/diabloville/devlog/1538385/diabloville-092-release,,2026-05-31
https://polaris-space.itch.io/colony-farming/devlog/1538386/progress-update-2,,2026-05-31
https://thesmallkevonyt.itch.io/five-nights-at-freddys-refurbished/devlog/1538388/management-concept,,2026-05-31
https://palidone.itch.io/xeno-hunter-x/devlog/1538389/pesky-debris-v0991,,2026-05-31
https://abstractlaser.itch.io/project-rally/devlog/1538390/project-rally-v0030-following-crowd-grow-longer-and-longer-as-you-gather-more,,2026-05-31
https://blackfruitgames.itch.io/firestarter/devlog/1538391/firestarter-038-is-here,,2026-05-31
https://omegatchi.itch.io/omegatchis-nifty-incredimod-template/devlog/1538392/few-quickies,,2026-05-31
https://zillahreynard.itch.io/mysterioussymbols/devlog/1538393/update,,2026-05-31
https://dakugure0207.itch.io/aun-sin-nombre/devlog/1538394/correccin-de-bugs-menores-v1161,,2026-05-31
https://mjjm4.itch.io/fifteen-a-relaxing-card-puzzle-game/devlog/1538395/removed-screen-redrawing-redundancy,,2026-05-31
https://the-orani-group.itch.io/the-orani-prism-demo/devlog/1538397/updates-to-bound-to-gentry-quantifications-and-more,,2026-05-31
https://jaxon21888.itch.io/in-step-beta/devlog/1538398/an-update,,2026-05-31
https://dumplydev.itch.io/liminex/devlog/1538399/a-new-level,,2026-05-31
https://itnoetic.itch.io/mathdoku-getaway/devlog/1538400/v3-patch-notes,,2026-05-31
https://mr-frog.itch.io/kobold-crawler-demo/devlog/1538401/voting-for-new-kobolds,,2026-05-31
https://tekatesha.itch.io/teshas-lorebuilder/devlog/1538402/its-finally-over,,2026-05-31
https://amario92.itch.io/kalm/devlog/1538403/-kalm-act-ii-update-getting-close,,2026-05-31
https://shaktillar.itch.io/city-taxi-simulator/devlog/1538404/adding-shifts-and-profit-goals,,2026-05-31
https://jakejgordon2.itch.io/fungus-toast/devlog/1538406/fungus-toast-had-9-more-releases-up-to-126-now,,2026-05-31
https://badevs.itch.io/bubblegum-apartments/devlog/1538407/release-v03,,2026-05-31
https://5mitty.itch.io/biscuit-drift-updated/devlog/1538408/ui-updates-and-breakable-trees,,2026-05-31
https://fanimato.itch.io/mowlie/devlog/1538409/thank-you-for-all-the-feedback-3,,2026-05-31
https://jean-heon.itch.io/joystie/devlog/1538410/joystiediagnostick-will-drop-support-for-android-11-and-earlier-versions-in-its-78-release,,2026-05-31
https://ladymeowsith.itch.io/a-cottage-story/devlog/1538411/devlog-7-hum-hum-hum,,2026-05-31
https://mrxtlh.itch.io/animal-kingdom/devlog/1538412/game-is-almost-ready-to-be-public,,2026-05-31
https://xtreme200.itch.io/sound-of-the-evil-disney-villainous/devlog/1538413/villain-guide-daddy-dearest,,2026-05-31
https://ansimuz.itch.io/gothicvania-spider-nest/devlog/1538414/player-animations,,2026-05-31
https://o2-studioz.itch.io/what-lives-below-demo/devlog/1538415/official-website-announcement,,2026-05-31
https://ansimuz.itch.io/ultimate-gothicvania-collection/devlog/1538416/spider-nest-new-animations,,2026-05-31
https://comshadow.itch.io/universal-autotile-wall-pack48style-pixel-walls-in-rpgmaker-mvmz/devlog/1538417/24-new-walls,,2026-05-31
https://comshadow.itch.io/nuclear-war-ruins-tileset/devlog/1538418/auto-tile-walls-updated,,2026-05-31
https://chicken43726.itch.io/sbamdi/devlog/1538419/beta10,,2026-05-31
https://mad-sundar-llc.itch.io/all-munkis/devlog/1538420/why-all-munkis-exists-and-settling-the-slop-noise,,2026-05-31
https://lz36.itch.io/carsim/devlog/1538421/back-on-the-grind-game-fixed,,2026-05-31
https://itch.io/blog/1538422/roar-runner-official-merchandise,,2026-05-31
https://abbys-cat.itch.io/after-the-fog/devlog/1538424/ep1-has-finally-been-released,,2026-05-31
https://itch.io/blog/1538425/free-today-langton-manor-ep-2,,2026-05-31
https://fruitscandy.itch.io/bentodays/devlog/1538426/bento-days-steam-page,,2026-05-31
https://jellyman0613.itch.io/jeremy-is-broke/devlog/1538427/laptop-repair-usb-cracking-020-update,,2026-05-31
https://manixbatosai.itch.io/cubicshift/devlog/1538428/adjusted-piece-movements,,2026-05-31
https://squished-fly.itch.io/detonight-public-demo/devlog/1538429/detonight-devlog-2,,2026-05-31
https://devilcola.itch.io/malwarebuster/devlog/1538430/-update-log-version-0010,,2026-05-31
https://devhenry.itch.io/moss-stone/devlog/1538431/a-use-for-animals,,2026-05-31
https://morrakgames.itch.io/celinas-calling/devlog/1538432/-celinas-calling-version-41-released,,2026-05-31
https://gdresearcherrbx.itch.io/modsweeper-plus/devlog/1538434/release-of-modsweeper-plus,,2026-05-31
https://falsfiction.itch.io/spirit-of-the-latch/devlog/1538435/pre-pride-month-weekened-sotl-version-529,,2026-05-31
https://sebastianscaini.itch.io/sebastian-scainis-artboxer-presets/devlog/1538436/new-preset,,2026-05-31
https://lacer1.itch.io/rolabsmaydestroyed/devlog/1538437/the-dev-is-going-good,,2026-05-31
https://itch.io/blog/1538438/gm-universal-tools,,2026-05-31
https://crestoriashiro.itch.io/eldritch-vtuber/devlog/1538439/big-update-soon,,2026-05-31
https://richa-arya.itch.io/fruity-wallpapers/devlog/1538440/demo-wallpaper-update,,2026-05-31
https://veilwalkerstudios.itch.io/rwav/devlog/1538441/update-052926-part-one,,2026-05-31
https://hizumi-tail.itch.io/dreamlight-field-interactive-cozy-fantasy-music-pack-fmodunityue5godot/devlog/1538442/tech-updateinstant-fmod-parameter-application-framework-architecture,,2026-05-31
https://zss-game-lab.itch.io/dark-fantasy-rpg-popup-ui-pack-png/devlog/1538443/new-update-for-the-dark-fantasy-rpg-ui-kit-series-the-dark-fantasy-rpg-popup-ui-pack-is-now-available-on-itch-this-pack-includes-popup-ui-assets-for-rpg-arpg,,2026-05-31
https://sylonationary-studios.itch.io/mawl/devlog/1538444/bugs-and-improvements,,2026-05-31
https://inxylor.itch.io/hornychat/devlog/1538445/5000-views-thank-you-,,2026-05-31
https://triplejumpgames.itch.io/atomcraft/devlog/1538446/slime-ranching-and-animal-updates,,2026-05-31
https://thindil.itch.io/steam-sky/devlog/1538447/weekly-development-report-20260530,,2026-05-31
https://surya816.itch.io/elemental-beasts/devlog/1538448/elemental-beasts-v10-is-officially-live,,2026-05-31
https://yellaskip.itch.io/better-itchio/devlog/1538450/better-itchio-v111-new-features,,2026-05-31
https://tonny-games-dev.itch.io/toy-bunny-bonnie-bon-bon/devlog/1538451/ai-brakedown-dont-worry-nothing-that-some-keyboard-punchs-cannot-fix,,2026-05-31
https://madxen77.itch.io/the-dorm-house/devlog/1538453/version-023-work-update-relationship-system-zoe-start-36-new-events,,2026-05-31
https://npc5554.itch.io/plume-erotic-ttrpg/devlog/1538457/v174-hotfix,,2026-05-31
https://intensed.itch.io/horizon-engine/devlog/1538458/starting-development-with-horizon-engine-1,,2026-05-31
https://tridevainteractive.itch.io/tvm-bus-simulator/devlog/1538459/tvm-bus-simulator-is-now-live-keralas-first-pc-bus-simulator,,2026-05-31
https://devhenry.itch.io/moss-stone/devlog/1538460/cave-insminecarts,,2026-05-31
https://cuckyboy001.itch.io/mydressupntr/devlog/1538461/my-dress-up-ntr-07-part-3-public-cuckyboy,,2026-05-31
https://silendev7131.itch.io/ts/devlog/1538462/devlog-2-warehouse,,2026-05-31
https://not-epik.itch.io/randombox-v4-a-familiar-place/devlog/1538464/who-is-this,,2026-05-31
https://itch.io/blog/1538465/im-sensing-a-theme,,2026-05-31
https://trainerx7979.itch.io/life-worth-living/devlog/1538466/0188-alpha-update,,2026-05-31
https://itch.io/blog/1538467/update-on-my-new-game,,2026-05-31
https://monarchgamesnet.itch.io/rskgt/devlog/1538468/galactic-cleanup-may-update,,2026-05-31
https://shipkitstudio.itch.io/godot-4-next-fest-demo-shell/devlog/1538469/package-trust-update-cleaner-zip-manifest-and-demo-readiness-tooling,,2026-05-31
https://inthelight.itch.io/pokemon-crystal-echos-of-johto-v050/devlog/1538470/v112,,2026-05-31
https://florence1500.itch.io/florence/devlog/1538471/florence-1500-v062-tutorial-update-visual-polish-and-fixes,,2026-05-31
https://munchmo.itch.io/xenodochium/devlog/1538472/breaking-everything,,2026-05-31
https://puttycad.itch.io/poopy/devlog/1538473/retrofest,,2026-05-31
https://ghostkitchen.itch.io/voidburn/devlog/1538474/absolutely-absurd-update-web-alpha-testing-time,,2026-05-31
https://ryutherunnerbr.itch.io/foot-ball-ed/devlog/1538475/update-made-in-the-early-morning,,2026-05-31
https://vladsgamingcartel.itch.io/cme-survival/devlog/1538476/-v011-alpha-buildings-that-feel-lived-in,,2026-05-31
https://barodapride.itch.io/the-amazing-bird-miner/devlog/1538478/new-build,,2026-05-31
https://brockolantern.itch.io/5th-grade-simulator/devlog/1538479/-5th-grade-simulator-upcoming-major-update-devlog-,,2026-05-31
https://itch.io/blog/1538480/news,,2026-05-31
https://frandie-games.itch.io/another-path/devlog/1538481/a-new-version-in-development,,2026-05-31
https://itch.io/blog/1538482/v03-now-out,,2026-05-31
https://itch.io/blog/1538483/personal-meme,,2026-05-31
https://itch.io/blog/1538484/lost-found-pt-2-13,,2026-05-31
https://humblepixel.itch.io/season-tileset-pack/devlog/1538485/-change-log-a-bug-fix-,,2026-05-31
https://bombasticdonkey.itch.io/pixelartenemy-giantrat/devlog/1538486/new-animations-are-on-the-way,,2026-05-31
https://roadkillcandy.itch.io/illuminati/devlog/1538487/sketch-new-art,,2026-05-31
https://foxof-f.itch.io/mind-block/devlog/1538488/-devlog-the-design-philosophy-behind-mind-block-the-journey-within,,2026-05-31
https://karl-cake23.itch.io/katz-gosch/devlog/1538489/200,,2026-05-31
https://zimtkind.itch.io/sasaeng-neuhausen-hotels/devlog/1538490/hint-system-bug-fixes,,2026-05-31
https://bonagames.itch.io/new-update/devlog/1538491/feed-the-queen-trainer-2026-unlimited-food-max-synergies-instant-colony-queen-overfeed,,2026-05-31
https://sys67654tdcm.itch.io/ytonscratch/devlog/1538492/big-update,,2026-05-31
https://bonagames.itch.io/new-update/devlog/1538493/black-myth-wukong-trainer-2026-godmode-unlimited-stamina-instant-skills-boss-skip,,2026-05-31
https://bonagames.itch.io/new-update/devlog/1538494/pragmata-cheat-menu-2026-time-manipulation-godmode-unlimited-resources-instant-progression-full-control,,2026-05-31
https://zappoide.itch.io/holt-assembly-hasm/devlog/1538495/holt-assembly-hasm,,2026-05-31
https://bonagames.itch.io/new-update/devlog/1538496/elite-dangerous-mod-menu-2026-in-game-ship-editor-unlimited-credits-time-dilation-galaxy-control,,2026-05-31
https://carefreegoose.itch.io/repo-rigged-models-beta/devlog/1538497/news-log-v10,,2026-05-31
https://bonagames.itch.io/new-update/devlog/1538498/mina-the-hollower-mod-menu-2026-in-game-ink-editor-godmode-instant-upgrades-run-control,,2026-05-31
https://bullyaustin.itch.io/descend-rougelike-shooter/devlog/1538499/changes-good-ones,,2026-05-31
https://the-ravensridge-press.itch.io/caught-in-the-rain/devlog/1538501/expansion-caught-in-the-rain-missing-evidence,,2026-05-31
https://helxgame.itch.io/games/devlog/1538502/garrys-mod-cheat-menu-2026-unlimited-props-godmode-physics-editor-full-server-control,,2026-05-31
https://great-potion-games.itch.io/wildsilver/devlog/1538503/patch-101,,2026-05-31
https://helxgame.itch.io/games/devlog/1538504/rocket-league-cheat-menu-2026-unlimited-boost-godmode-cars-ball-control-rank-editor,,2026-05-31
https://helxgame.itch.io/games/devlog/1538505/dark-souls-iii-cheat-menu-2026-godmode-unlimited-souls-instant-level-boss-skip,,2026-05-31
https://helxgame.itch.io/games/devlog/1538506/sekiro-shadows-die-twice-cheat-menu-2026-godmode-unlimited-posture-instant-skills-boss-domination,,2026-05-31
https://devod322.itch.io/tanky-tank/devlog/1538507/11-has-been-launched,,2026-05-31
https://helxgame.itch.io/games/devlog/1538508/realm-of-ink-cheat-menu-2026-in-game-ink-editor-godmode-instant-progression-ability-godmode,,2026-05-31
https://ghp-games.itch.io/ghp/devlog/1538509/007-first-light-cheat-menu-2026-advanced-in-game-editor-godmode-bond-gadget-godmode-full-mission-override,,2026-05-31
https://3d-package.itch.io/doll-labo/devlog/1538510/doll-labo-v023-basic-access-patron-release,,2026-05-31
https://arkytoothis.itch.io/aeldrath1/devlog/1538511/pre-alpha-v-014-released,,2026-05-31
https://morlo.itch.io/homeless/devlog/1538512/progress-in-build-50,,2026-05-31
https://xmaddiexx.itch.io/throat-goat-trainer/devlog/1538513/12-update,,2026-05-31
https://ghp-games.itch.io/ghp/devlog/1538514/9-kings-cheat-menu-2026-in-game-kingdom-editor-godmode-heroes-instant-summon-full-progression-control,,2026-05-31
https://ghp-games.itch.io/ghp/devlog/1538515/tbh-task-bar-hero-cheat-menu-2026-real-time-hero-editor-unlimited-gems-auto-prestige-combat-dominance,,2026-05-31
https://ghp-games.itch.io/ghp/devlog/1538516/teamfight-manager-2-mod-menu-2026-in-game-editor-unlimited-resources-match-control-stat-hacks,,2026-05-31
https://ghp-games.itch.io/ghp/devlog/1538517/romestead-cheat-menu-2026-advanced-in-game-editor-unlimited-resources-entity-control-horde-domination,,2026-05-31
https://itch.io/blog/1538518/can-ai-improve-prediction-accuracy-in-forecasting-markets,,2026-05-31
https://slothcube-studios.itch.io/backrooms-out-of-oxygen/devlog/1538519/backrooms-out-of-oxygen-launch,,2026-05-31
https://itumo-ever-fantasy.itch.io/sevenfold/devlog/1538521/sevenfold-is-now-available-on-itchio,,2026-05-31
https://itch.io/blog/1538522/learn-to-make-skeletal-animation-with-skelform,,2026-05-31
https://cozy-fae.itch.io/tiny-forest-farm/devlog/1538523/-tileset-3x3-water-animation,,2026-05-31
https://dynamice.itch.io/echvntc/devlog/1538524/01,,2026-05-31
https://pranavmudaliar-28.itch.io/fruit-ninja-ar/devlog/1538525/fruit-ninja-ar-hand-gesture-edition,,2026-05-31
https://mistergjones.itch.io/metroidvaniaclone/devlog/1538526/updates-codes-to-jump-straight-to-different-levels,,2026-05-31
https://bloodthegamer.itch.io/my-singing-youtubers/devlog/1538527/i-am-unscrapping-the-gamexclusive-characters,,2026-05-31
https://itch.io/blog/1538528/play-to-earn-crypto,,2026-05-31
https://yiffparty.itch.io/yiff-ai-com/devlog/1538529/yiff-ai-20,,2026-05-31
https://sombreve.itch.io/dawn-of-corruption/devlog/1538530/dawn-of-corruption-100-is-out-now,,2026-05-31
https://fancyfactory.itch.io/kaboomania/devlog/1538531/new-huelsbeck-music-track-ice-world-aga-only,,2026-05-31
https://chunq.itch.io/hangrid/devlog/1538532/hangrid-041-update-free-shop-components,,2026-05-31
https://xnm-games.itch.io/games/devlog/1538533/the-outlast-trials-cheat-menu-2026-godmode-unlimited-items-enemy-control-trial-override,,2026-05-31
https://xnm-games.itch.io/games/devlog/1538534/payday-2-mod-menu-2026-in-game-heist-editor-godmode-unlimited-cash-skill-stealth-suite,,2026-05-31
https://xnm-games.itch.io/games/devlog/1538535/my-hero-ultra-rumble-cheat-menu-2026-godmode-unlimited-quirk-energy-instant-wins-full-match-control,,2026-05-31
https://xnm-games.itch.io/games/devlog/1538536/forza-horizon-6-trainer-2026-unlimited-credits-godmode-cars-instant-wins-all-unlocks-performance-hacks,,2026-05-31
https://xnm-games.itch.io/games/devlog/1538537/cheap-car-repair-mod-menu-2026-in-game-repair-editor-unlimited-funds-instant-upgrades-vehicle-suite,,2026-05-31
https://yutaunitygame.itch.io/eraser-chop/devlog/1538538/regarding-a-critical-bug,,2026-05-31
https://secretariamods.itch.io/r18-extended-bustups-p3r/devlog/1538539/metis-added,,2026-05-31
https://extinctgamer.itch.io/xianxia-lifepath/devlog/1538540/devlog-update-2,,2026-05-31
https://issac2012.itch.io/stickmanvscurser2/devlog/1538541/patch-2,,2026-05-31
https://game-over-inc.itch.io/dodger/devlog/1538542/beta-30-changes,,2026-05-31
https://k3nzngtn.itch.io/pipes/devlog/1538543/bugfix-3-2,,2026-05-31
https://soursama.itch.io/vfinity/devlog/1538544/throwing-item-bug-with-walls-enabled-bug,,2026-05-31
https://wh-gaming.itch.io/gaming/devlog/1538545/black-myth-wukong-cheat-menu-2026-godmode-unlimited-will-instant-skills-boss-domination,,2026-05-31
https://wh-gaming.itch.io/gaming/devlog/1538547/tbh-task-bar-hero-trainer-2026-unlimited-gems-max-hero-stats-auto-loot-idle-godmode,,2026-05-31
https://roses-of-meat.itch.io/gluttony-abyss-01-alpha/devlog/1538548/released-version-01-and-fix-close-window,,2026-05-31
https://wh-gaming.itch.io/gaming/devlog/1538549/umamusume-pretty-derby-cheat-menu-2026-uma-stat-editor-unlimited-jewels-instant-training-race-godmode,,2026-05-31
https://wh-gaming.itch.io/gaming/devlog/1538550/world-of-tanks-heat-cheat-menu-2026-aimbot-godmode-tanks-unlimited-ammo-esp-agent-hacks,,2026-05-31
https://wh-gaming.itch.io/gaming/devlog/1538551/smite-2-trainer-2026-godmode-unlimited-mana-no-cooldowns-damage-hack-esp,,2026-05-31
https://mavpabuf.itch.io/d20-magic-dice/devlog/1538552/d20-magic-dice-v-016-out-for-patreon,,2026-05-31
https://wizorge.itch.io/out-of-light/devlog/1538553/v06-another-hotfix-unbroke-spooky-stuff,,2026-05-31
https://clord.itch.io/spring-neko-crystal-heists/devlog/1538554/spring-neko-crystal-heists-v015,,2026-05-31
https://eggsov.itch.io/lust-in-suburbs/devlog/1538555/patch-022-is-out-now-devlog,,2026-05-31
https://huza1994.itch.io/exponential-hero/devlog/1538556/v119-ui-credits-update,,2026-05-31
https://healthpotgames.itch.io/brothel-slop/devlog/1538558/brothel-slop-update-9,,2026-05-31
https://dr-piggle.itch.io/elanor/devlog/1538559/game-being-in-the-works,,2026-05-31
https://ct25gaming.itch.io/codybox-crossovers/devlog/1538560/update-019,,2026-05-31
https://itch.io/blog/1538562/inflatales-vol1-now-available,,2026-05-31
https://justaweirdmango.itch.io/idle-animal-game-prototype/devlog/1538563/dev-log-3,,2026-05-31
https://itch.io/blog/1538564/thank-you-for-200-plays-in-the-first-12-hours,,2026-05-31
https://teambonkgames.itch.io/aegis/devlog/1538565/version-03-weekly-update,,2026-05-31
https://chugget.itch.io/into-the-planets-flesh/devlog/1538566/thank-you-for-200-plays-in-the-first-12-hours,,2026-05-31
https://itch.io/blog/1538567/futur,,2026-05-31
https://spicy-well-studio.itch.io/gogopizzaboy/devlog/1538568/win-poll-ronda-win-the-poll-for-021,,2026-05-31
https://offwhite-studios.itch.io/serenia/devlog/1538570/weekly-update-looking-ahead-to-v13,,2026-05-31
https://tanushkamble22.itch.io/western-showdown/devlog/1538571/western-shootout,,2026-05-31
https://cake-logic.itch.io/logics-deathmatch/devlog/1538572/logics-deathmatch-update-13,,2026-05-31
https://chicken43726.itch.io/newmiptowerunuty/devlog/1538573/32-pre1,,2026-05-31
https://cda-gaming.itch.io/gaming/devlog/1538574/sekiro-shadows-die-twice-mod-menu-2026-in-game-stat-editor-godmode-instant-skills-posture-control,,2026-05-31
https://cda-gaming.itch.io/gaming/devlog/1538575/brotato-cheat-menu-2026-in-game-stat-editor-unlimited-coins-godmode-potato-wave-control,,2026-05-31
https://cda-gaming.itch.io/gaming/devlog/1538576/crimson-desert-mod-menu-2026-in-game-combat-editor-godmode-skill-mastery-exploration-suite,,2026-05-31
https://cda-gaming.itch.io/gaming/devlog/1538577/divinity-original-sin-2-cheat-menu-2026-godmode-party-unlimited-ap-source-item-godmode-quest-control,,2026-05-31
https://newretrogames.itch.io/osir/devlog/1538578/a055-the-middle-ground,,2026-05-31
https://cda-gaming.itch.io/gaming/devlog/1538579/007-first-light-trainer-2026-godmode-bond-unlimited-ammo-gadget-mastery-stealth-control,,2026-05-31
https://yfsyfs2001.itch.io/2/devlog/1538581/-,,2026-05-31
https://wystl.itch.io/vessel-of-zodh/devlog/1538582/v4-is-out,,2026-05-31
https://knairda.itch.io/robosynthesis/devlog/1538583/v111-released,,2026-05-31
https://morgis.itch.io/climate-rage/devlog/1538584/a-new-update-and-some-thoughts-about-this-jam,,2026-05-31
https://bedevilinc.itch.io/bedevil-hidden-object-maker/devlog/1538585/bedevil-hidden-object-maker-v11-update,,2026-05-31
https://gungames.itch.io/gg/devlog/1538586/birdwatching-notebook-trainer-2026-unlimited-feathers-instant-unlocks-all-birds-decoration-godmode,,2026-05-31
https://gungames.itch.io/gg/devlog/1538587/feed-the-queen-cheat-menu-2026-in-game-resource-editor-godmode-colony-synergy-mastery-queen-control,,2026-05-31
https://gungames.itch.io/gg/devlog/1538588/manor-lords-mod-menu-2026-in-game-settlement-editor-unlimited-resources-instant-build-army-control,,2026-05-31
https://gungames.itch.io/gg/devlog/1538589/my-hero-ultra-rumble-mod-menu-2026-real-time-quirk-editor-godmode-instant-wins-team-domination,,2026-05-31
https://project-elera.itch.io/hotel-elera/devlog/1538590/game-elera-vr-and-2d-hotel-202604161400,,2026-05-31
https://gungames.itch.io/gg/devlog/1538591/starminer-cheat-menu-2026-in-game-resource-editor-godmode-fleet-modular-build-suite-alien-control,,2026-05-31
https://ct25gaming.itch.io/the-giftverse/devlog/1538592/update-016,,2026-05-31
https://skeletronmk.itch.io/sunset-vector/devlog/1538593/dev-log-5302026,,2026-05-31
https://polytricity.itch.io/the-c64-dev-machine/devlog/1538595/micro-update-fix-the-print-ext-bcd-for-highscore-displaying,,2026-05-31
https://moosngaming.itch.io/gaming/devlog/1538596/brick-rigs-cheat-menu-2026-in-game-build-editor-unlimited-bricks-godmode-vehicles-physics-mastery,,2026-05-31
https://moosngaming.itch.io/gaming/devlog/1538597/elite-dangerous-trainer-2026-unlimited-credits-godmode-ship-instant-jump-engineering-unlock,,2026-05-31
https://dark-ball.itch.io/1-day-poison-in-world/devlog/1538598/you-can-dowloand-for-free-now,,2026-05-31
https://moosngaming.itch.io/gaming/devlog/1538599/dark-souls-iii-mod-menu-2026-in-game-stat-editor-godmode-instant-skills-boss-control,,2026-05-31
https://billy-bobjohnson.itch.io/brads-peanut-butter/devlog/1538600/full-version-released-v10,,2026-05-31
https://kyandamopface.itch.io/kyancore-suncore-reamasterd/devlog/1538601/mooncore-demo,,2026-05-31
https://ct25gaming.itch.io/codybox-v1/devlog/1538602/the-giftverse-is-out-now,,2026-05-31
https://moosngaming.itch.io/gaming/devlog/1538603/rocket-league-trainer-2026-unlimited-boost-godmode-cars-instant-goals-physics-control,,2026-05-31
https://ct25gaming.itch.io/codybox-v2/devlog/1538604/the-giftverse-is-out-now,,2026-05-31
https://lyeeedar.itch.io/ascend-from-nine-mountains/devlog/1538605/version-0659,,2026-05-31
https://woohoomania.itch.io/the-tomb-of-the-dragon-rider/devlog/1538606/new-gamebook-in-the-works,,2026-05-31
https://ct25gaming.itch.io/codybox-crossovers/devlog/1538607/the-giftverse-is-out-now,,2026-05-31
https://itch.io/blog/1538608/sneak-peak,,2026-05-31
https://moosngaming.itch.io/gaming/devlog/1538609/snowrunner-mod-menu-2026-in-game-vehicle-editor-unlimited-fuel-mission-control-cargo-suite,,2026-05-31
https://wubingliang77.itch.io/final/devlog/1538610/final-game-project-design-and-ideas,,2026-05-31
https://iggi97.itch.io/pocket-incoming-rpg/devlog/1538611/update-3601,,2026-05-31
https://yemlom.itch.io/berto/devlog/1538612/v04-kill-the-fish,,2026-05-31
https://jonasz-o.itch.io/3d-paint/devlog/1538613/update-3,,2026-05-31
https://wimpycat01.itch.io/the-hibernator-education-edition/devlog/1538614/the-hibernator-education-edition-alpha-07,,2026-05-31
https://belezoro.itch.io/matema/devlog/1538615/matema-v002-,,2026-05-31
https://tsunamijuria.itch.io/haunted-divinity/devlog/1538616/android-build,,2026-05-31
https://haptales.itch.io/romcom-divergence/devlog/1538617/chapter-5-devlog-6,,2026-05-31
https://jane-gorelove.itch.io/nature-most-gentle/devlog/1538618/new-chapter-consolidated-punctuation-thoughts-on-development,,2026-05-31
https://taboorabbit.itch.io/midnight-visitor/devlog/1538619/launch-day,,2026-05-31
https://mugenlinkworks.itch.io/the-legacy-of-hedonia-forbidden-paradise-alpha-demo/devlog/1538620/alpha-0192,,2026-05-31
https://kbpixelart.itch.io/main-character-knight/devlog/1538621/patch-10,,2026-05-31
https://mbncsa.itch.io/gloss/devlog/1538624/glossy-logo-and-podcast,,2026-05-31
https://hubahuba.itch.io/herozombotag/devlog/1538625/-hero-zombotag-update-released-,,2026-05-31
https://iggi97.itch.io/pocket-incoming-rpg/devlog/1538626/update-3602,,2026-05-31
https://bart-games.itch.io/the-eclipse-mage/devlog/1538627/dev-log-10-chapter-4-and-plans,,2026-05-31
https://burrowstudio.itch.io/lastknownvector/devlog/1538628/last-known-vector-is-now-live,,2026-05-31
https://gelfer1979.itch.io/book-to-game/devlog/1538629/update-now-resolved-problem-with-long-books,,2026-05-31
https://nomad-renard.itch.io/bunny-character-editor/devlog/1538630/new-suits-,,2026-05-31
https://thekingharem.itch.io/bismarck-x-hood-p1/devlog/1538631/bismarck-x-hood-p1,,2026-05-31
https://watashiwadesu.itch.io/immortals-and-heroes/devlog/1538633/updated-menu-game-lobby,,2026-05-31
https://thekingharem.itch.io/cassandra-aoi-commissioned-p1/devlog/1538634/cassandra-aoi-commissioned-p1,,2026-05-31
https://darythas.itch.io/astreon/devlog/1538635/058-chronicle-intro-cinematic,,2026-05-31
https://battlegame.itch.io/games/devlog/1538636/garrys-mod-trainer-2026-unlimited-props-godmode-physics-control-server-tools,,2026-05-31
https://kopasoft.itch.io/3d-survival-game/devlog/1538637/betatest-41,,2026-05-31
https://battlegame.itch.io/games/devlog/1538638/company-of-heroes-3-trainer-2026-unlimited-resources-godmode-units-instant-build-victory-control,,2026-05-31
https://battlegame.itch.io/games/devlog/1538639/mina-the-hollower-cheat-menu-2026-full-ink-editor-godmode-instant-progression-run-domination,,2026-05-31
https://creatorx21.itch.io/ax-naughty-mission/devlog/1538640/v-05-available-now,,2026-05-31
https://battlegame.itch.io/games/devlog/1538641/brotato-cheat-2026-real-time-run-editor-unlimited-coins-potato-godmode-wave-domination,,2026-05-31
https://battlegame.itch.io/games/devlog/1538642/lumentale-memories-of-trey-trainer-2026-unlimited-money-max-animon-stats-instant-catch-battle-domination,,2026-05-31
https://buryczsk.itch.io/run-from-epstein-island/devlog/1538643/version-001,,2026-05-31
https://adamtheamazing.itch.io/maniacsadamsversion/devlog/1538644/cut-content-for-maniacs-adams-version,,2026-05-31
https://pixakhil.itch.io/free-pixel-art-sidescroller-asset-pack/devlog/1538645/foreground-decor-update,,2026-05-31
https://aspire2hope.itch.io/blackfen-eel-house/devlog/1538646/using-a-hex-flower-to-build-an-adventure-not-a-hex-crawl,,2026-05-31
https://bas-van-zweden.itch.io/tiny-puzzle-worlds/devlog/1538647/tiny-puzzle-worlds-is-now-available-on-google-play,,2026-05-31
https://robotfann218.itch.io/ted-clicker-9000/devlog/1538648/tedtalk-3,,2026-05-31
https://thrif.itch.io/paintread/devlog/1538649/minor-update-v062,,2026-05-31
https://afafafa032.itch.io/rain/devlog/1538650/devlog-chapter-2-is-out-english-version-update,,2026-05-31
https://trexxak.itch.io/n0va/devlog/1538651/n0va-first-readers-window-is-open,,2026-05-31
https://msp-games.itch.io/silentnoise/devlog/1538652/the-story-of-david-willow-park-launch-in-2-days,,2026-05-31
https://guitouxx.itch.io/just-get-the-flag/devlog/1538653/hotfix-collision-and-restart,,2026-05-31
https://huyajared-creator.itch.io/neon-runner/devlog/1538654/launching-neon-runner-welcome-to-the-grid-dev-log-1,,2026-05-31
https://oiwakuna.itch.io/blackmail-protocolll/devlog/1538656/blackmail-protocol-beta-v02-has-been-released,,2026-05-31
https://asaltaelrol.itch.io/2-durf-2-durfurios/devlog/1538658/un-hack-de-durf-para-jugar-a-fast-furious,,2026-05-31
https://hunn1.itch.io/last-outpost/devlog/1538659/make-a-indie-game-last-outpost,,2026-05-31
https://tremablue.itch.io/the-bloom-initiative/devlog/1538660/new-rogue-lite-mode-in-development-for-bloom-initiative,,2026-05-31
https://robotfann218.itch.io/ted-clicker-9000/devlog/1538661/tedlog-7-goodie-day-04-release,,2026-05-31
https://drvisionpatreon.itch.io/ruleuniverse/devlog/1538662/ruleuniverse-v062,,2026-05-31
https://cyandefox.itch.io/escape-shrodingers-box/devlog/1538663/new-sprite,,2026-05-31
https://xevimet4l.itch.io/sdo-star-defense-operation/devlog/1538664/major-update-the-accidental-multi-platform-project,,2026-05-31
https://thebreckters.itch.io/students-vs-guard/devlog/1538666/well,,2026-05-31
https://overwoodstudios.itch.io/mile-high-maneuvers/devlog/1538667/fully-reworked-demo-final-art-new-romanceable-npcs-and-more,,2026-05-31
https://aic-software-games.itch.io/balloon-boy/devlog/1538668/minor-bugfix-for-the-old-balloon-boy-version,,2026-05-31
https://slumbloom.itch.io/beyond-retrieval/devlog/1538669/demo-0150-is-out,,2026-05-31
https://slothcube-studios.itch.io/backrooms-out-of-oxygen/devlog/1538670/bug-fixes-1,,2026-05-31
https://nick-hall.itch.io/nick-hall-end-of-trimester-project/devlog/1538672/devlog-3-introduction-written,,2026-05-31
https://itch.io/blog/1538673/pandit-ji-for-puja-in-greater-noida,,2026-05-31
https://iggi97.itch.io/pocket-incoming-rpg/devlog/1538674/update-3603,,2026-05-31
https://phaedradg.itch.io/ethos-log-explorer/devlog/1538675/release-of-log-explorer-v22,,2026-05-31
https://immanuelplayzz.itch.io/sprunki-aaron-mods-remastered/devlog/1538676/nah-omg-its-happening-yayayayay,,2026-05-31
https://yukiii56.itch.io/inner-melody/devlog/1538678/inspiration,,2026-05-31
https://yukiii56.itch.io/inner-melody/devlog/1538679/mechanics,,2026-05-31
https://bluattire.itch.io/byteblaster/devlog/1538680/byteblaster-beta-teaser,,2026-05-31
https://krishnamohan-yagneswaran.itch.io/last-viewer/devlog/1538682/devlog-1-version-10-released,,2026-05-31
https://minonosoft.itch.io/expose-the-darkness/devlog/1538683/expose-the-darkness,,2026-05-31
https://itch.io/blog/1538684/room-burnout-loop,,2026-05-31
https://sxop7.itch.io/play-music/devlog/1538686/new-version,,2026-05-31
https://yukiii56.itch.io/inner-melody/devlog/1538687/game-scene,,2026-05-31
https://bossun-lucii.itch.io/a-voz-da-espada-branca/devlog/1538688/-dirio-de-desenvolvimento-01-sistemas-atributos-e-o-despertar-da-lmina,,2026-05-31
https://voltenmakesthings.itch.io/thegoblinraid/devlog/1538689/version-141-a-small-update,,2026-05-31
https://swordandquill.itch.io/soulblaze/devlog/1538690/soulblaze-now-out-in-early-access,,2026-05-31
https://itch.io/blog/1538691/2dta,,2026-05-31
https://polytricity.itch.io/the-c64-dev-machine/devlog/1538692/documentation-update,,2026-05-31
https://outsiderartisan.itch.io/hex-free/devlog/1538693/hex-bitter-bloom-now-available,,2026-05-31
https://thenomadlad.itch.io/bevy-grease-fire/devlog/1538694/prototype-release,,2026-05-31
https://tjm-blackswan-modding.itch.io/fs25-john-deere-50-60-series-sts/devlog/1538695/1131,,2026-05-31
https://tauvalehamogmailcom.itch.io/block-puzzle/devlog/1538696/block-tetris,,2026-05-31
https://samasgari.itch.io/gjerdingsaeterkvadet/devlog/1538698/allfaders-utvalgte-om-roguelikes-og-forventninger,,2026-05-31
https://munumunu.itch.io/a-little-bit-of-existential-dread-on-a-train/devlog/1538699/part-1-idea-plan-execution,,2026-05-31
https://digital-arson.itch.io/vigil-in-the-mist/devlog/1538700/released-vigil-in-the-mist,,2026-05-31
https://acceleratingwind.itch.io/black-rain/devlog/1538702/bugfix-from-raptarr8,,2026-05-31
https://jay-650.itch.io/this-means-war/devlog/1538703/demo-release-how-i-got-here,,2026-05-31
https://ptatocollen.itch.io/a-glimpse-of-memory/devlog/1538704/update-progress-and-life-update,,2026-05-31
https://malxapp.itch.io/mythic2d/devlog/1538705/forging-the-pvp-duel-system-locking-down-security,,2026-05-31
https://thebreckters.itch.io/students-vs-guard/devlog/1538706/devlog,,2026-05-31
https://itero-proto.itch.io/rootborn/devlog/1538707/added-some-russian-popup-hints,,2026-05-31
https://polish-pigeon-studios.itch.io/the-rust-of-halenberg/devlog/1538708/im-back,,2026-05-31
https://orobos-gamedev.itch.io/ducksassin/devlog/1538710/update-1,,2026-05-31
https://fire-frog-ff-studio.itch.io/superbajtek/devlog/1538711/superbajtek-na-sms-wersja-alpha-2-,,2026-05-31
https://deafrocket.itch.io/hello-world/devlog/1538712/hello-world-v043-bugfix-phase-1,,2026-05-31
https://slimez2763.itch.io/stupidunfunnyshow/devlog/1538713/update-5,,2026-05-31
https://itch.io/blog/1538714/the-evil-within-2-free-download,,2026-05-31
https://rin-5752bit.itch.io/sprunkiranrimuru-vjon0/devlog/1538715/sprunkiranrimuru,,2026-05-31
https://loypure.itch.io/silence-of-shadows/devlog/1538716/demo-2-announcement-the-deer,,2026-05-31
https://snabisch.itch.io/all-sound-tracker/devlog/1538717/ast-demo-album-added,,2026-05-31
https://matiasleiva1986.itch.io/particle-creator/devlog/1538718/v101,,2026-05-31
https://slightlymadman.itch.io/snekromancy/devlog/1538719/v062,,2026-05-31
https://sanchei.itch.io/gameassettool/devlog/1538720/itchio-patch-notes-v135,,2026-05-31
https://sanchei.itch.io/gameassettool/devlog/1538721/itchio-patch-notes-v140,,2026-05-31
https://masterkiddo4523gmailcom.itch.io/national-truck-simto/devlog/1538722/national-truck-simulator,,2026-05-31
https://sanchei.itch.io/gameassettool/devlog/1538723/itchio-patch-notes-v150,,2026-05-31
https://onemoretimearound.itch.io/somewhere-in-the-dreams/devlog/1538724/lessons-from-playtest-3,,2026-05-31
https://unity-red5.itch.io/linewars2/devlog/1538725/ver-2173-released,,2026-05-31
https://greyfront.itch.io/the-somme-1916/devlog/1538726/bugfixes-and-new-features,,2026-05-31
https://adikt2.itch.io/pawn-pleasure/devlog/1538727/v0522-moan-2-new-animated-scene,,2026-05-31
https://simondalvai.itch.io/99managers-futsal-edition/devlog/1538728/v078,,2026-05-31
https://sanchei.itch.io/gameassettool/devlog/1538729/itchio-patch-notes-v151,,2026-05-31
https://allurediffusion.itch.io/echoes-of-allure/devlog/1538730/echoes-of-allure-chapter-6-is-out-now,,2026-05-31
https://coda-game.itch.io/dear-stranger/devlog/1538731/likely-the-last-update-for-the-gamejam-version,,2026-05-31
https://dave-microwaves-games.itch.io/crystalized-contamination/devlog/1538732/v111-now-available,,2026-05-31
https://suman38.itch.io/mynovel1/devlog/1538733/mynovel1-update-v11-a-complete-game-mechanic-overhaul,,2026-05-31
https://adikt2.itch.io/pawn-pleasure-free/devlog/1538734/0518-free-release,,2026-05-31
https://skrmtr.itch.io/45969/devlog/1538736/530,,2026-05-31
https://lmntn.itch.io/blue-depth/devlog/1538737/update-1,,2026-05-31
https://ozea-studio.itch.io/low-poly-sci-fi-modular-weapons-pack-d-007/devlog/1538738/d-007-sci-fi-weapons-pack-release-devlog,,2026-05-31
https://sanchei.itch.io/gameassettool/devlog/1538739/itchio-patch-notes-v152,,2026-05-31
https://relentless-bear.itch.io/relentless/devlog/1538740/title-tjs-side-story-gallery-is-out-now,,2026-05-31
https://kempje.itch.io/firefall/devlog/1538741/just-made-my-first-game-called-firefall,,2026-05-31
https://made-up.itch.io/flapping-heights/devlog/1538742/flapping-heights-v011,,2026-05-31
https://naredelabs.itch.io/nrdomino/devlog/1538743/pequeno-fix-e-melhorias-de-performance,,2026-05-31
https://itch.io/blog/1538744/creators-fall,,2026-05-31
https://terrazon.itch.io/twilight-tower/devlog/1538745/12,,2026-05-31
https://kyma-dev.itch.io/bunny-boom/devlog/1538747/ultima-verso-de-bunny-boom-demo,,2026-05-31
https://pugstudiosgames.itch.io/banana-peel-clicker/devlog/1538748/update-300526,,2026-05-31
https://devsangwook.itch.io/labyrinth/devlog/1538750/v0530-,,2026-05-31
https://ez-soup.itch.io/horror-screech-soundfx/devlog/215982/v-100-a,,2026-05-31
https://fernremains.itch.io/mario-spelunker/devlog/265761/new-june20-version-out,,2026-05-31
https://nebonox.itch.io/maddie/devlog/278964/v002-is-out,,2026-05-31
https://nebonox.itch.io/maddie/devlog/280847/v003-is-out,,2026-05-31
https://nebonox.itch.io/maddie/devlog/283373/v004-is-out,,2026-05-31
https://nebonox.itch.io/maddie/devlog/289728/v005-is-out,,2026-05-31
https://nebonox.itch.io/maddie/devlog/294840/v006-is-out,,2026-05-31
https://nebonox.itch.io/maddie/devlog/295191/v007-is-out,,2026-05-31
https://nebonox.itch.io/maddie/devlog/296232/v008-is-out,,2026-05-31
https://nebonox.itch.io/maddie/devlog/301851/v009-is-out,,2026-05-31
https://nebonox.itch.io/maddie/devlog/303420/v0010-is-out,,2026-05-31
https://nebonox.itch.io/maddie/devlog/303711/v0011-is-out,,2026-05-31
https://nebonox.itch.io/maddie/devlog/305664/v0012-is-out,,2026-05-31
https://nebonox.itch.io/maddie/devlog/306596/v0013-is-out,,2026-05-31
https://nebonox.itch.io/maddie/devlog/309013/v0014-is-out,,2026-05-31
https://jacobteach.itch.io/mario-horror/devlog/309139/i-did-a-thing,,2026-05-31
https://jacobteach.itch.io/mario-horror/devlog/309459/made-an-ending,,2026-05-31
https://jacobteach.itch.io/mario-horror/devlog/309922/couple-bug-fixes,,2026-05-31
https://ez-soup.itch.io/enigmatic-disassociation/devlog/312281/just-edited-the-theme-of-the-page,,2026-05-31
https://nebonox.itch.io/maddie/devlog/332358/v0015-is-out,,2026-05-31
https://nebonox.itch.io/maddie/devlog/337268/v0016-is-out,,2026-05-31
https://nebonox.itch.io/maddie/devlog/348807/v0017-is-out,,2026-05-31
https://nebonox.itch.io/maddie/devlog/351444/v0018-is-out,,2026-05-31
https://nebonox.itch.io/maddie/devlog/353113/v0019-is-out,,2026-05-31
https://nebonox.itch.io/maddie/devlog/358926/v0020-is-out,,2026-05-31
https://nebonox.itch.io/maddie/devlog/365680/v010-is-out,,2026-05-31
https://nebonox.itch.io/btd-3/devlog/379195/v101-is-out,,2026-05-31
https://nebonox.itch.io/btd-3/devlog/379415/v102-is-out,,2026-05-31
https://nebonox.itch.io/btd-3/devlog/380694/v103-is-out,,2026-05-31
https://nebonox.itch.io/btd-3/devlog/382353/v104-is-out,,2026-05-31
https://nebonox.itch.io/btd-3/devlog/382665/v105-is-out,,2026-05-31
https://nebonox.itch.io/btd-3/devlog/383653/v106-is-out,,2026-05-31
https://nebonox.itch.io/btd-3/devlog/386032/v107-is-out,,2026-05-31
https://babeko.itch.io/tdf/devlog/397849/alpha-12,,2026-05-31
https://babeko.itch.io/tdf/devlog/397859/alpha-13,,2026-05-31
https://babeko.itch.io/tdf/devlog/398243/alpha-14,,2026-05-31
https://nebonox.itch.io/btd-3/devlog/399982/v110-is-out,,2026-05-31
https://babeko.itch.io/tdf/devlog/403053/alpha-15,,2026-05-31
https://babeko.itch.io/tdf/devlog/405707/alpha-16,,2026-05-31
https://nebonox.itch.io/btd-3/devlog/412988/v111-is-out,,2026-05-31
https://babeko.itch.io/tdf/devlog/413552/alpha-17,,2026-05-31
https://fernremains.itch.io/dnfdthefirst/devlog/484929/postmortem-if-a-tree-falls,,2026-05-31
https://itch.io/c/4232/blazs-collection,,2026-05-31
https://itch.io/c/161044/bubbless-collection,,2026-05-31
https://itch.io/c/221251/buros-collection,,2026-05-31
https://itch.io/c/359213/terr-es-collection,,2026-05-31
https://itch.io/c/373919/phylazians-collection,,2026-05-31
https://itch.io/c/3373908/megiibytes-collection,,2026-05-31
https://itch.io/c/3409928/pop-quests-collection,,2026-05-31
https://itch.io/c/3461416/silly-d,,2026-05-31
https://itch.io/c/3512526/visual-novelz,,2026-05-31
https://itch.io/c/3524302/visual-novels,,2026-05-31
https://itch.io/c/3560014/pc,,2026-05-31
https://itch.io/c/3581623/material-traducido-al-espaol,,2026-05-31
https://itch.io/c/3592801/ssplashs-collection,,2026-05-31
https://itch.io/c/3680736/miscellaneous-stuff,,2026-05-31
https://itch.io/c/3724679/francisco-lvdss-collection,,2026-05-31
https://itch.io/c/3761556/manwich2030s-collection,,2026-05-31
https://itch.io/c/3772618/the-deals-collection,,2026-05-31
https://itch.io/c/3894304/jack2942s-collection,,2026-05-31
https://itch.io/c/3908743/solo-ttrpg,,2026-05-31
https://itch.io/c/3954130/really-good-games,,2026-05-31
https://itch.io/c/3956860/2slgbtqia-visual-novel-games,,2026-05-31
https://itch.io/c/3995659/dante61547s-collection,,2026-05-31
https://itch.io/c/4027680/mini-ttrpg-games-for-library-events,,2026-05-31
https://itch.io/c/4090942/games-i-want-to-play,,2026-05-31
https://itch.io/c/4119194/issa,,2026-05-31
https://itch.io/c/4178169/have-played-playing,,2026-05-31
https://itch.io/c/4260694/ytmiotywboi,,2026-05-31
https://itch.io/c/4308675/misle92s-collection,,2026-05-31
https://itch.io/c/4315337/jorgeescools-collection,,2026-05-31
https://itch.io/c/4355867/dishbans-collection,,2026-05-31
https://itch.io/c/4438062/awesome-games,,2026-05-31
https://itch.io/c/4442518/gildedgamers-collection,,2026-05-31
https://itch.io/c/4444980/nounis-collection,,2026-05-31
https://itch.io/c/4445531/jsposatos-collection,,2026-05-31
https://itch.io/c/4468330/puzzle-games,,2026-05-31
https://itch.io/c/4558468/corn-collectors-collection,,2026-05-31
https://itch.io/c/4576327/corn-collectors-collection,,2026-05-31
https://itch.io/c/4590076/yan,,2026-05-31
https://itch.io/c/4669584/just-cute,,2026-05-31
https://itch.io/c/4707811/kylereader099s-collection,,2026-05-31
https://itch.io/c/4716472/coryluckyfoxs-collection,,2026-05-31
https://itch.io/c/4727971/dracomiss-collection,,2026-05-31
https://itch.io/c/4733248/my-fav-game,,2026-05-31
https://itch.io/c/4790688/sort3,,2026-05-31
https://itch.io/c/4815521/mylesups-collection,,2026-05-31
https://itch.io/c/4816826/jayresends-collection,,2026-05-31
https://itch.io/c/4817352/date-sim,,2026-05-31
https://itch.io/c/4840219/fire-jams,,2026-05-31
https://itch.io/c/4947438/check,,2026-05-31
https://itch.io/c/4968679/xd,,2026-05-31
https://itch.io/c/4995286/indie-games,,2026-05-31
https://itch.io/c/5079004/iankeefers-collection,,2026-05-31
https://itch.io/c/5107243/my-favourites,,2026-05-31
https://itch.io/c/5163017/juegos-que-quiero-jugar-0,,2026-05-31
https://itch.io/c/5199616/krishna-palacio-sprites-paid-free,,2026-05-31
https://itch.io/c/5254942/fmxxs-collection,,2026-05-31
https://itch.io/c/5270694/yeah,,2026-05-31
https://itch.io/c/5283257/favorites,,2026-05-31
https://itch.io/c/5315105/gzsmks-collection,,2026-05-31
https://itch.io/c/5337536/horeavlads-collection,,2026-05-31
https://itch.io/c/5342582/beanstalks-collection,,2026-05-31
https://itch.io/c/5347099/oscillations0s-collection,,2026-05-31
https://itch.io/c/5388775/web-games,,2026-05-31
https://itch.io/c/5389736/arcanuspersonas-collection,,2026-05-31
https://itch.io/c/5443136/ttrpg,,2026-05-31
https://itch.io/c/5451645/shon-kostovs-collection,,2026-05-31
https://itch.io/c/5457505/no-idea,,2026-05-31
https://itch.io/c/5460396/all-strs,,2026-05-31
https://itch.io/c/5501240/desir-of-fate,,2026-05-31
https://itch.io/c/5502755/ourbloodyromances-collection,,2026-05-31
https://itch.io/c/5584411/atomlejandros-collection,,2026-05-31
https://itch.io/c/5586355/guaishou233s-collection,,2026-05-31
https://itch.io/c/5590112/not-shown,,2026-05-31
https://itch.io/c/5595460/christina3s-collection,,2026-05-31
https://itch.io/c/5663645/fetish-games,,2026-05-31
https://itch.io/c/5664317/marine1999s-collection,,2026-05-31
https://itch.io/c/5665031/zarounds-collection,,2026-05-31
https://itch.io/c/5717623/bruhchiks-collection,,2026-05-31
https://itch.io/c/5744321/ss,,2026-05-31
https://itch.io/c/5753229/18,,2026-05-31
https://itch.io/c/5753578/18,,2026-05-31
https://itch.io/c/5784362/casual,,2026-05-31
https://itch.io/c/5792986/goblinatrons-collection,,2026-05-31
https://itch.io/c/5801962/play-later,,2026-05-31
https://itch.io/c/5841863/jonhaas-collection,,2026-05-31
https://itch.io/c/5846756/collection-2,,2026-05-31
https://itch.io/c/5907810/artlegns-collection,,2026-05-31
https://itch.io/c/5933301/fireatwills-collection,,2026-05-31
https://itch.io/c/5978232/44425s-collection,,2026-05-31
https://itch.io/c/6015914/koi-fishy-s-collection,,2026-05-31
https://itch.io/c/6016640/harem-games,,2026-05-31
https://itch.io/c/6021191/daveyjack260s-collection,,2026-05-31
https://itch.io/c/6036123/random-games,,2026-05-31
https://itch.io/c/6042744/nmd1110s-collection,,2026-05-31
https://itch.io/c/6119699/tbp,,2026-05-31
https://itch.io/c/6127874/enf,,2026-05-31
https://itch.io/c/6139078/brothersgamedev,,2026-05-31
https://itch.io/c/6142993/mian-tans-collection,,2026-05-31
https://itch.io/c/6196537/played,,2026-05-31
https://itch.io/c/6205868/robster76s-collection,,2026-05-31
https://itch.io/c/6216843/house-mouse-studioss-collection,,2026-05-31
https://itch.io/c/6222167/games-to-review,,2026-05-31
https://itch.io/c/6228917/fucu99s-collection,,2026-05-31
https://itch.io/c/6229284/weqrryh,,2026-05-31
https://itch.io/c/6244651/ilovevampirezzzs-collection,,2026-05-31
https://itch.io/c/6264520/games,,2026-05-31
https://itch.io/c/6270042,,2026-05-31
https://itch.io/c/6278783/plein,,2026-05-31
https://itch.io/c/6301898/erocmans-collection,,2026-05-31
https://itch.io/c/6313145/belch-1s-collection,,2026-05-31
https://itch.io/c/6320865/missingcavern-102s-collection,,2026-05-31
https://itch.io/c/6325678/t0kuns-collection,,2026-05-31
https://itch.io/c/6331738/tails0999s-collection,,2026-05-31
https://itch.io/c/6333360/plein,,2026-05-31
https://itch.io/c/6336368/fgonergs-collection,,2026-05-31
https://itch.io/c/6372944/zema4kos-collection,,2026-05-31
https://itch.io/c/6375192/the-buzzkills-collection,,2026-05-31
https://itch.io/c/6378444/rebeccaferguson889s-collection,,2026-05-31
https://itch.io/c/6393610/erdempasas-collection,,2026-05-31
https://itch.io/c/6414512/meemoos-collection,,2026-05-31
https://itch.io/c/6430895/el-manso22s-collection,,2026-05-31
https://itch.io/c/6434508/insano-273s-collection,,2026-05-31
https://itch.io/c/6438671/rpg18,,2026-05-31
https://itch.io/c/6438687/18,,2026-05-31
https://itch.io/c/6442488/mawdys-collection,,2026-05-31
https://itch.io/c/6451736/games,,2026-05-31
https://itch.io/c/6452313/ongoing-projects,,2026-05-31
https://itch.io/c/6464086/aireal1066s-collection,,2026-05-31
https://itch.io/c/6464553/alice4456s-collection,,2026-05-31
https://itch.io/c/6470203/want-to-play-112,,2026-05-31
https://itch.io/c/6480448/im-in-love-heh,,2026-05-31
https://itch.io/c/6487695/umutalhas-collection,,2026-05-31
https://itch.io/c/6500647/carx4r1asss-collection,,2026-05-31
https://itch.io/c/6501372/miac003s-collection,,2026-05-31
https://itch.io/c/6501478/leoneliuses-collection,,2026-05-31
https://itch.io/c/6502982/xmonster69s-collection,,2026-05-31
https://itch.io/c/6516702/fav,,2026-05-31
https://itch.io/c/6529965/willianlqs-collection,,2026-05-31
https://itch.io/c/6536677/diablodarkss-collection,,2026-05-31
https://itch.io/c/6544131/nawd,,2026-05-31
https://itch.io/c/6555609/boomder01s-collection,,2026-05-31
https://itch.io/c/6558945/ongoing-play,,2026-05-31
https://itch.io/c/6560561/sugoma21s-collection,,2026-05-31
https://itch.io/c/6562926/zero-weonas-collection,,2026-05-31
https://itch.io/c/6576534/collection222,,2026-05-31
https://itch.io/c/6577520/game-jam-submissions,,2026-05-31
https://itch.io/c/6578824/meta2145s-collection,,2026-05-31
https://itch.io/c/6582476/man-manns-collection,,2026-05-31
https://itch.io/c/6592548/xuryus-collection,,2026-05-31
https://itch.io/c/6597571/ggviewers-collection,,2026-05-31
https://itch.io/c/6606764/matchalattess-collection,,2026-05-31
https://itch.io/c/6608498/notoriouss-collection,,2026-05-31
https://itch.io/c/6616858/uwu,,2026-05-31
https://itch.io/c/6619737/littleguy145s-collection,,2026-05-31
https://itch.io/c/6625983/natalieeeees-collection,,2026-05-31
https://itch.io/c/6629373/vaniye3s-collection,,2026-05-31
https://itch.io/c/6634372/threebadys-collection,,2026-05-31
https://itch.io/c/6652658/2d-rpg,,2026-05-31
https://itch.io/c/6666647/axiss-collection,,2026-05-31
https://itch.io/c/6673700/following,,2026-05-31
https://itch.io/c/6681174/lilymittnights-collection,,2026-05-31
https://itch.io/c/6692385/adventure-pireats-more,,2026-05-31
https://itch.io/c/6696517/normal-life-to-mysterious,,2026-05-31
https://itch.io/c/6700690/play-now,,2026-05-31
https://itch.io/c/6701330/assets-per-psx-gratuiti,,2026-05-31
https://itch.io/c/6733155/wishlist,,2026-05-31
https://itch.io/c/6742121/lavakitts-collection,,2026-05-31
https://itch.io/c/6745367/dark-sillies,,2026-05-31
https://itch.io/c/6757702/dobabys-collection,,2026-05-31
https://itch.io/c/6758847/coolryes-collection,,2026-05-31
https://itch.io/c/6768282/no51s-collection,,2026-05-31
https://itch.io/c/6777728/plumachris1s-collection,,2026-05-31
https://itch.io/c/6783483/tajdels-collection,,2026-05-31
https://itch.io/c/6797242/game-gems,,2026-05-31
https://itch.io/c/6814706/lowpoly,,2026-05-31
https://itch.io/c/6817417/amazing-yuri-games,,2026-05-31
https://itch.io/c/6823004/good-stuff,,2026-05-31
https://itch.io/c/6827026/flurmborts-collection,,2026-05-31
https://itch.io/c/6832326/godgongs-collection,,2026-05-31
https://itch.io/c/6836745/ejeje,,2026-05-31
https://itch.io/c/6838131/eatadoriyujis-collection,,2026-05-31
https://itch.io/c/6845586/tacomanrandysavages-collection,,2026-05-31
https://itch.io/c/6846732/play-later,,2026-05-31
https://itch.io/c/6853634/i-like-it,,2026-05-31
https://itch.io/c/6879293/samthegayemoboy247s-collection,,2026-05-31
https://itch.io/c/6894438/wanna-play,,2026-05-31
https://itch.io/c/6908433/hulongs-collection,,2026-05-31
https://itch.io/c/6916659/tex21226s-collection,,2026-05-31
https://itch.io/c/6922482/r0mel321890s-collection,,2026-05-31
https://itch.io/c/6926993/808dredds-collection,,2026-05-31
https://itch.io/c/6927892/gut,,2026-05-31
https://itch.io/c/6932773/h-games,,2026-05-31
https://itch.io/c/6939679/poopyscoopydoopilydoos-collection,,2026-05-31
https://itch.io/c/6941331/i-played-this,,2026-05-31
https://itch.io/c/6947054/paywall,,2026-05-31
https://itch.io/c/6947120/nefrocs-collection,,2026-05-31
https://itch.io/c/6948832/bluespoofs-collection,,2026-05-31
https://itch.io/c/6955375/petey0011s-collection,,2026-05-31
https://itch.io/c/6959238/2026,,2026-05-31
https://itch.io/c/6960260/already-played-end-72,,2026-05-31
https://itch.io/c/6962382/niibashijuuyamyloves-collection,,2026-05-31
https://itch.io/c/6977839/smart75s-collection,,2026-05-31
https://itch.io/c/6980677/zukibbis-collection,,2026-05-31
https://itch.io/c/6984820/gustavosssoos-collection,,2026-05-31
https://itch.io/c/6991353/biscuitgeoffs-collection,,2026-05-31
https://itch.io/c/6999197/wickedbls-collection,,2026-05-31
https://itch.io/c/7004513/umbranoxias-collection,,2026-05-31
https://itch.io/c/7007866/favorites-to-play,,2026-05-31
https://itch.io/c/7012934/jiji16s-collection,,2026-05-31
https://itch.io/c/7028091/bshaosbs-collection,,2026-05-31
https://itch.io/c/7029898/drevalleys-collection,,2026-05-31
https://itch.io/c/7033184/vn,,2026-05-31
https://itch.io/c/7034842/oyun,,2026-05-31
https://itch.io/c/7036092/orpheus007s-collection,,2026-05-31
https://itch.io/c/7043700/funcompleted,,2026-05-31
https://itch.io/c/7056048/stls,,2026-05-31
https://itch.io/c/7057609/check-back-end-26,,2026-05-31
https://itch.io/c/7062608/plein,,2026-05-31
https://itch.io/c/7064496/z1n141s-collection,,2026-05-31
https://itch.io/c/7076604/horror,,2026-05-31
https://itch.io/c/7090630/comics,,2026-05-31
https://itch.io/c/7094045/marrkco0s-collection,,2026-05-31
https://itch.io/c/7106551/cobatiums-collection,,2026-05-31
https://itch.io/c/7107743/molten-crafty-bears-collection,,2026-05-31
https://itch.io/c/7116663/grand-ghosts-collection,,2026-05-31
https://itch.io/c/7119747/2026-plays,,2026-05-31
https://itch.io/c/7120540/cloudie120s-collection,,2026-05-31
https://itch.io/c/7122088/chiripiorkazs-collection,,2026-05-31
https://itch.io/c/7122866/meegunas-collection,,2026-05-31
https://itch.io/c/7148712/giupinapolisgs-collection,,2026-05-31
https://itch.io/c/7163033/onurkabs-collection,,2026-05-31
https://itch.io/c/7169647/yuruiyang30gmailcoms-collection,,2026-05-31
https://itch.io/c/7170302/nemzss-collection,,2026-05-31
https://itch.io/c/7185818/memesikiscis-collection,,2026-05-31
https://itch.io/c/7191065/kabennys-collection,,2026-05-31
https://itch.io/c/7201392/error3650s-collection,,2026-05-31
https://itch.io/c/7201396/kopalings-collection,,2026-05-31
https://itch.io/c/7203320/h3y-k1dd0s-collection,,2026-05-31
https://itch.io/c/7204384/luciferlovesyous-collection,,2026-05-31
https://itch.io/c/7208474/hex-grrrls-collection,,2026-05-31
https://itch.io/c/7224049/chaos19s-collection,,2026-05-31
https://itch.io/c/7225309/xp-0228s-collection,,2026-05-31
https://itch.io/c/7229289/keziaha11s-collection,,2026-05-31
https://itch.io/c/7229980/helloitzme4uus-collection,,2026-05-31
https://itch.io/c/7232283/try,,2026-05-31
https://itch.io/c/7233962/marsukies-collection,,2026-05-31
https://itch.io/c/7235744/wolfwarrior2280s-collection,,2026-05-31
https://itch.io/c/7238547/donsirss-collection,,2026-05-31
https://itch.io/c/390979/yuriglwlw-romance-games-to-play,,2026-05-31
https://itch.io/c/435634/kjtoos-collection,,2026-05-31
https://itch.io/c/594043/wginflation-stuff,,2026-05-31
https://itch.io/c/680690/tiles,,2026-05-31
https://itch.io/c/684085/cimi87s-collection,,2026-05-31
https://itch.io/c/710205/sgt122154s-collection,,2026-05-31
https://itch.io/c/728358/i-dig-hashs-collection,,2026-05-31
https://itch.io/c/7244819/byeols-collection,,2026-05-31
https://itch.io/c/7247779/felltermis-collection,,2026-05-31
https://itch.io/c/7248537/blacker0461s-collection,,2026-05-31
https://itch.io/c/7250676/wu-ming-64s-collection,,2026-05-31
https://itch.io/c/7251604/bigmast0dons-collection,,2026-05-31
https://itch.io/c/7256482/silver-symphonys-collection,,2026-05-31
https://itch.io/c/7261436/fut,,2026-05-31
https://itch.io/c/7263332/horror-games-2026,,2026-05-31
https://itch.io/c/7264618/fucking-hot,,2026-05-31
https://itch.io/c/7264642/papijanniss-collection,,2026-05-31
https://itch.io/c/7265109/carlaa-3s-collection,,2026-05-31
https://itch.io/c/7269713/mods-i-like,,2026-05-31
https://itch.io/c/7271383/sercedricks-collection,,2026-05-31
https://itch.io/c/7271905/dottores-collection,,2026-05-31
https://itch.io/c/7272110/eather1256s-collection,,2026-05-31
https://itch.io/c/7274391/liangdingxigmailcoms-collection,,2026-05-31
https://itch.io/c/7276639/game,,2026-05-31
https://itch.io/c/7276734/sexo,,2026-05-31
https://itch.io/c/7288891/keithgrumbles-collection,,2026-05-31
https://itch.io/c/7298304/melwinmenomes-collection,,2026-05-31
https://itch.io/c/7300847/artheros-gamings-collection,,2026-05-31
https://itch.io/c/7304927/ruebyswifts-collection,,2026-05-31
https://itch.io/c/7306037/sakurasodapuddings-collection,,2026-05-31
https://itch.io/c/7306815/cardinalcompasss-collection,,2026-05-31
https://itch.io/c/7307405/jelloufischs-collection,,2026-05-31
https://itch.io/c/7308333/ivan11111s-collection,,2026-05-31
https://itch.io/c/7314664/ridss-collection,,2026-05-31
https://itch.io/c/7316607/braxiebois-collection,,2026-05-31
https://itch.io/c/7317529/vexira,,2026-05-31
https://itch.io/c/7319222/dyh23s-collection,,2026-05-31
https://itch.io/c/7320321/unplayed,,2026-05-31
https://itch.io/c/7320469/zenishyus-collection,,2026-05-31
https://itch.io/c/7322768/bigdeaths-collection,,2026-05-31
https://itch.io/c/7323328/games,,2026-05-31
https://itch.io/c/7326910/novalieexes-collection,,2026-05-31
https://itch.io/c/7328210/kumanecoyaros-collection,,2026-05-31
https://itch.io/c/7330284/olivia032s-collection,,2026-05-31
https://itch.io/c/7330603,,2026-05-31
https://itch.io/c/7335902/mihhhgis-collection,,2026-05-31
https://itch.io/c/7336768/wrkwdks-collection,,2026-05-31
https://itch.io/c/7343224/games-i-like,,2026-05-31
https://itch.io/c/7348824/adult-games,,2026-05-31
https://itch.io/c/7350787/hir013s-collection,,2026-05-31
https://itch.io/c/7351358/tajinb1s-collection,,2026-05-31
https://itch.io/c/7352929/sainguinpixelss-collection,,2026-05-31
https://itch.io/c/7355481/he-devils-collection,,2026-05-31
https://itch.io/c/7355885/rpg,,2026-05-31
https://itch.io/c/7356125/lynxdragonfurys-collection,,2026-05-31
https://itch.io/c/7358962/lilmrkirbys-collection,,2026-05-31
https://itch.io/c/7362584/to-be-played,,2026-05-31
https://itch.io/c/7366308/chuumberrys-collection,,2026-05-31
https://itch.io/c/7372700/yooray9s-collection,,2026-05-31
https://itch.io/c/7373113/stuff-i-am-interested-in,,2026-05-31
https://itch.io/c/7373378/dinz35s-collection,,2026-05-31
https://itch.io/c/7374693/pornography,,2026-05-31
https://itch.io/c/7378353/thatdude123123123s-collection,,2026-05-31
https://itch.io/c/7378618/swaleskys-collection,,2026-05-31
https://itch.io/c/7385676/drewmane47s-collection,,2026-05-31
https://itch.io/c/7389088/camilo-87s-collection,,2026-05-31
https://itch.io/c/7389179/hs1mps0ns-collection,,2026-05-31
https://itch.io/c/7392385/disco-dilemmas-collection,,2026-05-31
https://itch.io/c/7393631/wrixivys-collection,,2026-05-31
https://itch.io/c/7395987/a-year-with-you,,2026-05-31
https://itch.io/c/7398172/roguelite,,2026-05-31
https://itch.io/c/7398367/maltrans-collection,,2026-05-31
https://itch.io/c/7398368/maltrans-collection,,2026-05-31
https://itch.io/c/7399806/stitchbeans-collection,,2026-05-31
https://itch.io/c/7405923/ghfzzftrgs-collection,,2026-05-31
https://itch.io/c/7407306/sunshine1224s-collection,,2026-05-31
https://itch.io/c/7408626/jm1256s-collection,,2026-05-31
https://itch.io/c/7412174/vvvcas-collection,,2026-05-31
https://itch.io/c/7412309/check-out-later-w,,2026-05-31
https://itch.io/c/7421235/tilesets,,2026-05-31
https://itch.io/c/7422874/kb270s-collection,,2026-05-31
https://itch.io/c/7424987/super-relaxed-,,2026-05-31
https://itch.io/c/7425924/yueakiyamas-collection,,2026-05-31
https://itch.io/c/7426083/natsuump4s-collection,,2026-05-31
https://itch.io/c/7428078/high-seas-high-profits-mods,,2026-05-31
https://itch.io/c/7430655/melapps-collection,,2026-05-31
https://itch.io/c/7433075/meowster666s-collection,,2026-05-31
https://itch.io/c/7434258/things-i-made,,2026-05-31
https://itch.io/c/7434385/assets,,2026-05-31
https://itch.io/c/7437138/to-play,,2026-05-31
https://itch.io/c/7440809/ie5stsusrsuts-collection,,2026-05-31
https://itch.io/c/7441032/lolypop78s-collection,,2026-05-31
https://itch.io/c/7443102/synthi-souls-collection,,2026-05-31
https://itch.io/c/7446236/mods-i-like,,2026-05-31
https://itch.io/c/7447815/bambadibambams-collection,,2026-05-31
https://itch.io/c/7449113/1,,2026-05-31
https://itch.io/c/7450636/maergas-collection,,2026-05-31
https://itch.io/c/7452442/thesmallgiraffes-collection,,2026-05-31
https://itch.io/c/7454404/kojagass-collection,,2026-05-31
https://itch.io/c/7455251/arno-1009s-collection,,2026-05-31
https://itch.io/c/7458494/aze-lopepeters-collection,,2026-05-31
https://itch.io/c/7462425/baum8000s-collection,,2026-05-31
https://itch.io/c/7463035/2d-game-ressources,,2026-05-31
https://itch.io/c/7465892/dating-sim,,2026-05-31
https://itch.io/c/7466866/liradarks-collection,,2026-05-31
https://itch.io/c/7466880/tramaombres-collection,,2026-05-31
https://itch.io/c/7468548/fafnir-lazurass-collection,,2026-05-31
https://itch.io/c/7471471/kezhaars-collection,,2026-05-31
https://itch.io/c/7471677/creepypasta,,2026-05-31
https://itch.io/c/7474919/shit-ive-played,,2026-05-31
https://itch.io/c/7475495/docroshis-collection,,2026-05-31
https://itch.io/c/7477731/visual-novels-5,,2026-05-31
https://itch.io/c/7479219/summysuhs-collection,,2026-05-31
https://itch.io/c/7480756/yt-games-to-try-2026,,2026-05-31
https://itch.io/c/7481813/roga555s-collection,,2026-05-31
https://itch.io/c/7488414/welsh0nes-collection,,2026-05-31
https://itch.io/c/7488777/rencarnado,,2026-05-31
https://itch.io/c/7495076/koolmelon57s-collection,,2026-05-31
https://itch.io/c/7497320/giddysanss-collection,,2026-05-31
https://itch.io/c/7497957/littleasamis-collection,,2026-05-31
https://itch.io/c/7498238/dfghjjkds-collection,,2026-05-31
https://itch.io/c/7498242/1109xuans-collection,,2026-05-31
https://itch.io/c/7498397/ajkfies-collection,,2026-05-31
https://itch.io/c/7499129/addpds-collection,,2026-05-31
https://itch.io/c/7499234/seamusps-collection,,2026-05-31
https://itch.io/c/7499820/dino,,2026-05-31
https://itch.io/c/7500794/loganxx16s-collection,,2026-05-31
https://itch.io/c/7501567/pretzelzeros-collection,,2026-05-31
https://itch.io/c/7503311,,2026-05-31
https://itch.io/c/7503516/games-to-play,,2026-05-31
https://itch.io/c/7506792/skeletobees-collection,,2026-05-31
https://itch.io/c/7508255/18-other,,2026-05-31
https://itch.io/c/7509326/viperfethers-collection,,2026-05-31
https://itch.io/c/7509953/xd,,2026-05-31
https://itch.io/c/7510144/therian-jewels-collection,,2026-05-31
https://itch.io/c/7512279/makriavels-collection,,2026-05-31
https://itch.io/c/7512488/sxirens-88s-collection,,2026-05-31
https://itch.io/c/7513190/femboys,,2026-05-31
https://itch.io/c/7514329/shixshes-collection,,2026-05-31
https://itch.io/c/7514447/yandere,,2026-05-31
https://itch.io/c/7514896/might-be-best-to-spend-your-spare-time,,2026-05-31
https://itch.io/c/7516436/kinky,,2026-05-31
https://itch.io/c/7518011/posible-descarga,,2026-05-31
https://itch.io/c/7519090/visual-novels,,2026-05-31
https://itch.io/c/7520604/ffgjhnvbns-collection,,2026-05-31
https://itch.io/c/7520918/seeddcrs-collection,,2026-05-31
https://itch.io/c/7521261/wadsdoms-collection,,2026-05-31
https://itch.io/c/7522920/kale-s-collection,,2026-05-31
https://itch.io/c/7523043/faves,,2026-05-31
https://itch.io/c/7523092/beevuzs-collection,,2026-05-31
https://itch.io/c/7524460/play-later,,2026-05-31
https://itch.io/c/7524863/seemlins-collection,,2026-05-31
https://itch.io/c/7525587/ghinghins-collection,,2026-05-31
https://itch.io/c/7527188/art,,2026-05-31
https://itch.io/c/7527536/iselias7s-collection,,2026-05-31
https://itch.io/c/7528458/sunrise-selkies-collection,,2026-05-31
https://itch.io/c/7528496/b0brrrs-collection,,2026-05-31
https://itch.io/c/7528664/deuzacardona7-sudos-collection,,2026-05-31
https://itch.io/c/7530138/noaharcs-collection,,2026-05-31
https://itch.io/c/7531169/cckp124s-collection,,2026-05-31
https://itch.io/c/7532310/mikan-tsumiki07s-collection,,2026-05-31
https://itch.io/c/7532950/nguyenphuongvis-collection,,2026-05-31
https://itch.io/c/7533528/asinuss-2004s-collection,,2026-05-31
https://itch.io/c/7533778/officialschez711s-collection,,2026-05-31
https://itch.io/c/7535360/bl4ckt3a600s-collection,,2026-05-31
https://itch.io/c/7535830/game-studio-s26,,2026-05-31
https://itch.io/c/7536542/mellywasheres-collection,,2026-05-31
https://itch.io/c/7536968/kiboobs-collection,,2026-05-31
https://itch.io/c/7537534/psychological-horror,,2026-05-31
https://itch.io/c/7537965/waiting-for-update,,2026-05-31
https://itch.io/c/7539716/i-love-yuris-collection,,2026-05-31
https://itch.io/c/7540778/updating,,2026-05-31
https://itch.io/c/7541327/duskythesomethings-collection,,2026-05-31
https://itch.io/c/7541496/unknown-library,,2026-05-31
https://itch.io/c/7541745/-my-favorite-games-,,2026-05-31
https://itch.io/c/7541791/joygames0xs-collection,,2026-05-31
https://itch.io/c/7542089/scarlet-kts-collection,,2026-05-31
https://itch.io/c/7542684/718158827s-collection,,2026-05-31
https://itch.io/c/7543187/solezans-collection,,2026-05-31
https://itch.io/c/7543236/gay-shyt,,2026-05-31
https://itch.io/c/7543810/chiaki2223s-collection,,2026-05-31
https://itch.io/c/7543998/sea,,2026-05-31
https://itch.io/c/7544061/best-games,,2026-05-31
https://itch.io/c/7544476/gyokutos-collection,,2026-05-31
https://itch.io/c/7544536/primebusinesssystemss-collection,,2026-05-31
https://itch.io/c/7544816/ixumiiis-collection,,2026-05-31
https://itch.io/c/7545860/mrjo0x01s-collection,,2026-05-31
https://itch.io/c/7547559/luna-moonbs-collection,,2026-05-31
https://itch.io/c/7547618/iankeefers-collection,,2026-05-31
https://itch.io/c/7548025/good-demo,,2026-05-31
https://itch.io/c/7548221/bonuschaaas-collection,,2026-05-31
https://itch.io/c/7548896/daneeeeennns-collection,,2026-05-31
https://itch.io/c/7548900/mokry-liseks-collection,,2026-05-31
https://itch.io/c/7549217/niloy0181s-collection,,2026-05-31
https://itch.io/c/7549795/louiscamerons-collection,,2026-05-31
https://itch.io/c/7549964/already-tried,,2026-05-31
https://itch.io/c/7549984/sillybilly28356s-collection,,2026-05-31
https://itch.io/c/7550113/nobles711s-collection,,2026-05-31
https://itch.io/c/7550636,,2026-05-31
https://itch.io/c/7551202/nonpuzzle,,2026-05-31
https://itch.io/c/7551974/gringot71-svgs-collection,,2026-05-31
https://itch.io/c/7552229/queer-games-to-play,,2026-05-31
https://itch.io/c/7552869/privado,,2026-05-31
https://itch.io/c/7552976/rttyywgsyh8277s-collection,,2026-05-31
https://itch.io/c/7553214/desda65s-collection,,2026-05-31
https://itch.io/c/7553361/wtp,,2026-05-31
https://itch.io/c/7553498/annabelle4s-collection,,2026-05-31
https://itch.io/c/7553566/ashleybobas-collection,,2026-05-31
https://itch.io/c/7553665/corrvidds-collection,,2026-05-31
https://itch.io/c/7553869/baomanzis-collection,,2026-05-31
https://itch.io/c/7554206/play-list,,2026-05-31
https://itch.io/c/7554305/yangyutongwy163coms-collection,,2026-05-31
https://itch.io/c/7554525/sishijiucifangs-collection,,2026-05-31
https://itch.io/c/7555290/silly-alien123s-collection,,2026-05-31
https://itch.io/c/7555318/wsdefgtrhyjus-collection,,2026-05-31
https://itch.io/c/7555411/songkors-collection,,2026-05-31
https://itch.io/c/7555474/reysxottics-collection,,2026-05-31
https://itch.io/c/7555635/iamfromstandarts-collection,,2026-05-31
https://itch.io/c/7556366/seisen108s-collection,,2026-05-31
https://itch.io/c/7556752/hyundaicoupev6s-collection,,2026-05-31
https://itch.io/c/7557270/visual-novels,,2026-05-31
https://itch.io/c/7557467/xd,,2026-05-31
https://itch.io/c/7557468/skibidiohio273s-collection,,2026-05-31
https://itch.io/c/7557740/rewdzs-collection,,2026-05-31
https://itch.io/c/7557809/why-not-romance,,2026-05-31
https://itch.io/c/7557952/ollielikesrats69s-collection,,2026-05-31
https://itch.io/c/7558052/andiluups-collection,,2026-05-31
https://itch.io/c/7558077/jack-the-stripers-collection,,2026-05-31
https://itch.io/c/7558168,,2026-05-31
https://itch.io/c/7558369/games-im-currently-playing,,2026-05-31
https://itch.io/c/7558476/raeinwrs-collection,,2026-05-31
https://itch.io/c/7558586/bleachmrs-collection,,2026-05-31
https://itch.io/c/7558593/kurokosshadows-collection,,2026-05-31
https://itch.io/c/7558678/games-to-play,,2026-05-31
https://itch.io/c/7558699/teehee,,2026-05-31
https://itch.io/c/7558878/non-smut,,2026-05-31
https://itch.io/c/7558917,,2026-05-31
https://itch.io/c/7559257/floresials-collection,,2026-05-31
https://itch.io/c/7559313/someone1950s-collection,,2026-05-31
https://itch.io/c/7559413/dalstonthelosers-collection,,2026-05-31
https://itch.io/c/7559420/fayo912s-collection,,2026-05-31
https://itch.io/c/7559447/redlocksents-collection,,2026-05-31
https://itch.io/c/7559461/crushedcherryseedss-collection,,2026-05-31
https://itch.io/c/7559524/jerajs234s-collection,,2026-05-31
https://itch.io/c/7559794/shinobu2426s-collection,,2026-05-31
https://itch.io/c/7559884/dhaezeds-collection,,2026-05-31
https://itch.io/c/7559896/sbrewer10840gmailcoms-collection,,2026-05-31
https://itch.io/c/7560003/visual-novels,,2026-05-31
https://itch.io/c/7560432/maksad23s-collection,,2026-05-31
https://itch.io/c/7560443/pactols-collection,,2026-05-31
https://itch.io/c/7560462/devilsstepsons-collection,,2026-05-31
https://itch.io/c/7560509/drmmxs-collection,,2026-05-31
https://itch.io/c/7560513/if,,2026-05-31
https://itch.io/c/7560530/brenin999s-collection,,2026-05-31
https://itch.io/c/7560552/prkhtsks-collection,,2026-05-31
https://itch.io/c/7560578/teepetahs-collection,,2026-05-31
https://itch.io/c/7560579/gamejam9,,2026-05-31
https://itch.io/c/7560593/cbake0078s-collection,,2026-05-31
https://itch.io/c/7560603/bongcloud9s-collection-of-foxhole-mods,,2026-05-31
https://itch.io/c/7560605/qingyuan11s-collection,,2026-05-31
https://itch.io/c/7560614/doejohnbackwardss-collection,,2026-05-31
https://itch.io/c/7560619/peak,,2026-05-31
https://itch.io/c/7560625/ademadhs-collection,,2026-05-31
https://itch.io/c/7560639/blackdarkness717s-collection,,2026-05-31
https://itch.io/c/7560681/linlinmts-collection,,2026-05-31
https://itch.io/c/7560699/shark-buns-collection,,2026-05-31
https://itch.io/c/7560730/gd-man1234s-collection,,2026-05-31
https://itch.io/c/7560742/kurokonosukes-collection,,2026-05-31
https://itch.io/c/7560748/fonts,,2026-05-31
https://itch.io/c/7560783/vr-nsfw-games-2026,,2026-05-31
https://itch.io/c/7560797/eren1312s-collection,,2026-05-31
https://itch.io/c/7560803/played,,2026-05-31
https://itch.io/c/7560804/nedaaurs-collection,,2026-05-31
https://itch.io/c/7560815/i-wanna-read,,2026-05-31
https://itch.io/c/7560828/xawliet-clouds-collection,,2026-05-31
https://itch.io/c/7560875/aur815s-collection,,2026-05-31
https://itch.io/c/7560886/aur815s-collection,,2026-05-31
https://itch.io/c/7560900/swillywils-collection,,2026-05-31
https://itch.io/c/7560910/ultimate-farming-rpg-tier-3,,2026-05-31
https://itch.io/c/7560941/s-collection,,2026-05-31
https://itch.io/c/7560943/farm-sim-farm-1,,2026-05-31
https://itch.io/c/7560959/for-later-otome,,2026-05-31
https://itch.io/c/7560964/n1gatynes-collection,,2026-05-31
https://itch.io/c/7560966/cute-games,,2026-05-31
https://itch.io/c/7560974/visual-novel-addiction,,2026-05-31
https://itch.io/c/7561003/quanshuiis-collection,,2026-05-31
https://itch.io/c/7561021/things-my-friends-made,,2026-05-31
https://itch.io/c/7561031/pokemonlesgos-collection,,2026-05-31
https://itch.io/c/7561033/want,,2026-05-31
https://itch.io/c/7561086/iniin,,2026-05-31
https://itch.io/c/7561089/tthnoms-collection,,2026-05-31
https://itch.io/c/7561119/funnycake12s-collection,,2026-05-31
https://itch.io/c/7561149/hfx2s-collection,,2026-05-31
https://itch.io/c/7561153/ares-blehs-collection,,2026-05-31
https://itch.io/c/7561190/ateadragons-collection,,2026-05-31
https://itch.io/c/7561195/juegoschii,,2026-05-31
https://itch.io/c/7561210/rougekakmis-collection,,2026-05-31
https://itch.io/c/7561234/im-tired-of-tending-to-this-fire,,2026-05-31
https://itch.io/c/7561271/3d-game-ressources,,2026-05-31
https://itch.io/c/7561298/3d-collections,,2026-05-31
https://itch.io/c/7561301/could-be-fun,,2026-05-31
https://itch.io/c/7561314/fozzygamings-collection,,2026-05-31
https://itch.io/c/7561316/fun-assets,,2026-05-31
https://itch.io/c/7561343/ja-joguei-no-completo,,2026-05-31
https://itch.io/c/7561365/sims,,2026-05-31
https://itch.io/c/7561367/sims-to-play,,2026-05-31
https://itch.io/c/7561382/psx,,2026-05-31
https://itch.io/c/7561384/porn,,2026-05-31
https://itch.io/c/7561399/l,,2026-05-31
https://itch.io/c/7561405/ktmedos-collection,,2026-05-31
https://itch.io/c/7561502/roguelikes-roguelites,,2026-05-31
https://itch.io/c/7561522/mmmmmmm895s-collection,,2026-05-31
https://itch.io/c/7561530/quero-jogar,,2026-05-31
https://itch.io/c/7561542/played-waiting-on-updates,,2026-05-31
https://itch.io/c/7561544/played-finished,,2026-05-31
https://itch.io/c/7561572/chaotic-arabellas-collection,,2026-05-31
https://itch.io/c/7561576/wewewo12s-collection,,2026-05-31
https://itch.io/c/7561579/games-to-play,,2026-05-31
https://itch.io/c/7561616/-will-enzo-s-collection,,2026-05-31
https://itch.io/c/7561657/nueamis-collection,,2026-05-31
https://itch.io/c/7561674/chingchong14s-collection,,2026-05-31
https://itch.io/c/7561699/vidgameslovvers-collection,,2026-05-31
https://itch.io/c/7561701/heykaangkungss-collection,,2026-05-31
https://itch.io/c/7561708/games-i-want-to-play,,2026-05-31
https://itch.io/c/7561750/truework,,2026-05-31
https://itch.io/c/7561753/impermanence0s-collection,,2026-05-31
https://itch.io/c/7561759/question-mark,,2026-05-31
https://itch.io/c/7561779/to-be-played,,2026-05-31
https://itch.io/c/7561782/pixels,,2026-05-31
https://itch.io/c/7561784/emil-code-chefs-collection,,2026-05-31
https://itch.io/c/7561819/faves,,2026-05-31
https://itch.io/c/7561873/wordy-stories,,2026-05-31
https://itch.io/c/7561887/taralzs-collection,,2026-05-31
https://itch.io/c/7561909/shoveldirect-2026,,2026-05-31
https://itch.io/c/7561913/roronoazoro0s-collection,,2026-05-31
https://itch.io/c/7561950/fer-fresitas-collection,,2026-05-31
https://itch.io/c/7561951/my-v,,2026-05-31
https://itch.io/c/7561999/porn,,2026-05-31
https://itch.io/c/7562007/antonin-106s-collection,,2026-05-31
https://itch.io/c/7562018/us-maps,,2026-05-31
https://itch.io/c/7562023/zabadoues-collection,,2026-05-31
https://itch.io/c/7562029/yuanlanls-collection,,2026-05-31
https://itch.io/c/7562042/cool,,2026-05-31
https://itch.io/c/7562044/vampirias-collection,,2026-05-31
https://itch.io/c/7562056/dottores-collection,,2026-05-31
https://itch.io/c/7562086/uk-maps,,2026-05-31
https://itch.io/c/7562098,,2026-05-31
https://itch.io/c/7562104/owky902s-collection,,2026-05-31
https://itch.io/c/7562110/tatsukya35s-collection,,2026-05-31
https://itch.io/c/7562132/juegos,,2026-05-31
https://itch.io/c/7562140/tiredwizs-collection,,2026-05-31
https://itch.io/c/7562151/brypitabs-collection,,2026-05-31
https://itch.io/c/7562191/favs,,2026-05-31
https://itch.io/c/7562215/silos-grain-bins,,2026-05-31
https://itch.io/c/7562217/heh,,2026-05-31
https://itch.io/c/7562218/tbp,,2026-05-31
https://itch.io/c/7562223/leonardo-jijaras-collection,,2026-05-31
https://itch.io/c/7562229/fun,,2026-05-31
https://itch.io/c/7562249/uk-buildings,,2026-05-31
https://itch.io/c/7562254/antonin-106s-collection,,2026-05-31
https://itch.io/c/7562256/mimis-collection,,2026-05-31
https://itch.io/c/7562263/kaikaibunss-collection,,2026-05-31
https://itch.io/c/7562280/docatps-collection,,2026-05-31
https://itch.io/c/7562302/game-jam-proyects,,2026-05-31
https://itch.io/c/7562305/roronoazoro0s-collection,,2026-05-31
https://itch.io/c/7562324/visual-novels-i-want-to-try,,2026-05-31
https://itch.io/c/7562325/feral-zine-collection,,2026-05-31
https://itch.io/c/7562328/juegitos,,2026-05-31
https://itch.io/c/7562356/buildermario4s-collection,,2026-05-31
https://itch.io/c/7562392/update-possible,,2026-05-31
https://itch.io/c/7562404/jonathanunumbs-collection,,2026-05-31
https://itch.io/c/7562410/gd210-spring-2026,,2026-05-31
https://itch.io/c/7562439/mokry-liseks-collection,,2026-05-31
https://itch.io/c/7562443/yuriglwlw-thrillerhorror-games-to-play,,2026-05-31
https://itch.io/c/7562462/melfiniks-collection,,2026-05-31
https://itch.io/c/7562479/melfiniks-collection,,2026-05-31
https://itch.io/c/7562496/deck-and-card-games,,2026-05-31
https://itch.io/c/7562545/yay,,2026-05-31
https://itch.io/c/7562567/niloy0181s-collection,,2026-05-31
https://itch.io/c/7562599/solo-rpg-and-crawlers-zine-format,,2026-05-31
https://itch.io/c/7562621/games-3,,2026-05-31
https://itch.io/c/7562641/games-i-am-intrested-in,,2026-05-31
https://itch.io/c/7562642/yeah,,2026-05-31
https://itch.io/c/7562644/doctorcatphds-collection,,2026-05-31
https://itch.io/c/7562662/megs-collection,,2026-05-31
https://itch.io/c/7562663/drewh166s-collection,,2026-05-31
https://itch.io/c/7562668/s7evas-collection,,2026-05-31
https://itch.io/c/7562717/mtoboggan09s-collection,,2026-05-31
https://itch.io/c/7562732/drewh166s-collection,,2026-05-31
https://itch.io/c/7562809/solo-rpg,,2026-05-31
https://itch.io/c/7562821/aldian-js-collection,,2026-05-31
https://itch.io/c/7562822/inevitrons-collection,,2026-05-31
https://itch.io/c/7562823/visual-novels,,2026-05-31
https://itch.io/c/7562882/haruuexe67s-collection,,2026-05-31
https://itch.io/c/7562883/horror,,2026-05-31
https://itch.io/c/7562888/soon-to-play,,2026-05-31
https://itch.io/c/7562891/kiero-jugar,,2026-05-31
https://itch.io/c/7562910/chitspios-collection,,2026-05-31
https://itch.io/c/7562921/great,,2026-05-31
https://itch.io/c/7562929/jogos-do-pepeidinho,,2026-05-31
https://itch.io/c/7562937/fun,,2026-05-31
https://itch.io/c/7562958/liaml03s-collection,,2026-05-31
https://itch.io/c/7562971/droppedcant-play,,2026-05-31
https://itch.io/c/7562989/joke666s-collection,,2026-05-31
https://itch.io/c/7563006/joke666s-collection,,2026-05-31
https://itch.io/c/7563010/games-cute,,2026-05-31
https://itch.io/c/7563011/blawiis-collection,,2026-05-31
https://itch.io/c/7563013/visual-novels,,2026-05-31
https://itch.io/c/7563019/blawiis-collection,,2026-05-31
https://itch.io/c/7563027/fumiko11s-collection,,2026-05-31
https://itch.io/c/7563045/renpy-vn-visual-inspo,,2026-05-31
https://itch.io/c/7563077/apprentissage,,2026-05-31
https://itch.io/c/7563102/monsote22s-collection,,2026-05-31
https://itch.io/c/7563119/deep-games-5,,2026-05-31
https://itch.io/c/7563122/in-browser-games,,2026-05-31
https://itch.io/c/7563136/vn-dating-sim,,2026-05-31
https://itch.io/c/7563153/team-toads-collection,,2026-05-31
https://itch.io/c/7563162/exelltiors-collection,,2026-05-31
https://itch.io/c/7563165/redracerxs-collection,,2026-05-31
https://itch.io/c/7563170/geopals-collection,,2026-05-31
https://itch.io/c/7563172/aidenofthe-woulds-collection,,2026-05-31
https://itch.io/c/7563182/vns,,2026-05-31
https://itch.io/c/7563257/idk,,2026-05-31
https://itch.io/c/7563278/to-play,,2026-05-31
https://itch.io/c/7563288/horror-jam,,2026-05-31
https://itch.io/c/7563332/favorites,,2026-05-31
https://itch.io/c/7563349/-h0rr0r-,,2026-05-31
https://itch.io/c/7563350/senthefragrancemans-collection,,2026-05-31
https://itch.io/c/7563356/stitchfaces-collection,,2026-05-31
https://itch.io/c/7563377/puzzles,,2026-05-31
https://itch.io/c/7563395/aqwxszedcs-collection,,2026-05-31
https://itch.io/c/7563402/georgevsgamess-collection,,2026-05-31
https://itch.io/c/7563430/play-later,,2026-05-31
https://itch.io/c/7563434/entomologies-collection,,2026-05-31
https://itch.io/c/7563435/to-play,,2026-05-31
https://itch.io/c/7563450/alloro-game-asset-collection,,2026-05-31
https://itch.io/c/7563459/kujekuje,,2026-05-31
https://itch.io/c/7563463/5292026,,2026-05-31
https://itch.io/c/7563482/gaem,,2026-05-31
https://itch.io/c/7563483/wanna-play,,2026-05-31
https://itch.io/c/7563532/jamokuls-collection,,2026-05-31
https://itch.io/c/7563545/kthebakers-collection,,2026-05-31
https://itch.io/c/7563559/some-bull-shitttt1111,,2026-05-31
https://itch.io/c/7563576/mordorf-1s-collection,,2026-05-31
https://itch.io/c/7563596/entomologies-collection,,2026-05-31
https://itch.io/c/7563601/porn,,2026-05-31
https://itch.io/c/7563607/newenglishmutts-collection,,2026-05-31
https://itch.io/c/7563611/mercernovas-collection,,2026-05-31
https://itch.io/c/7563620/akari130s-collection,,2026-05-31
https://itch.io/c/7563646/candarlin,,2026-05-31
https://itch.io/c/7563665/ejeje,,2026-05-31
https://itch.io/c/7563666/coppercranberrys-collection,,2026-05-31
https://itch.io/c/7563707/interest,,2026-05-31
https://itch.io/c/7563710/3d-pixel-horror-games,,2026-05-31
https://itch.io/c/7563729/want-to-play,,2026-05-31
https://itch.io/c/7563731/wishlist,,2026-05-31
https://itch.io/c/7563736/sci-fi-pixel,,2026-05-31
https://itch.io/c/7563737/sub-men,,2026-05-31
https://itch.io/c/7563741/ilovetuviejas-collection,,2026-05-31
https://itch.io/c/7563743/angelamiraks-collection,,2026-05-31
https://itch.io/c/7563751/rpg,,2026-05-31
https://itch.io/c/7563753/apccccccs-collection,,2026-05-31
https://itch.io/c/7563794/released,,2026-05-31
https://itch.io/c/7563819/whiteonrice0s-collection,,2026-05-31
https://itch.io/c/7563841/fattysoups-collection,,2026-05-31
https://itch.io/c/7563842/pico,,2026-05-31
https://itch.io/c/7563895/fem,,2026-05-31
https://itch.io/c/7563898/viktorsamas-collection,,2026-05-31
https://itch.io/c/7563934/liveurlifeloudlys-collection,,2026-05-31
https://itch.io/c/7563987/jcgalaxiess-collection,,2026-05-31
https://itch.io/c/7563996/shooter,,2026-05-31
https://itch.io/c/7564006/xan-maxs-collection,,2026-05-31
https://itch.io/c/7564011/tripleb13s-collection,,2026-05-31
https://itch.io/c/7564017/hicmguns-collection,,2026-05-31
https://itch.io/c/7564020/jcgalaxiess-collection,,2026-05-31
https://itch.io/c/7564048/fingies-safe,,2026-05-31
https://itch.io/c/7564100/whiteinkhorangis-collection,,2026-05-31
https://itch.io/c/7564143/eragonshade416s-collection,,2026-05-31
https://itch.io/c/7564160/visual-novels,,2026-05-31
https://itch.io/c/7564189/fr3dd-fazballzzzs-collection,,2026-05-31
https://itch.io/c/7564221/mousegrenades-collection,,2026-05-31
https://itch.io/c/7564224/decker-tools,,2026-05-31
https://itch.io/c/7564225/k1ng0fspadess-collection,,2026-05-31
https://itch.io/c/7564247/immortal-shees-collection,,2026-05-31
https://itch.io/c/7564259/something,,2026-05-31
https://itch.io/c/7564260/itsnotjustmouses-collection,,2026-05-31
https://itch.io/c/7564300/might-like,,2026-05-31
https://itch.io/c/7564312/kimmyds-collection,,2026-05-31
https://itch.io/c/7564316/lancer,,2026-05-31
https://itch.io/c/7564318/babab0oeys-collection,,2026-05-31
https://itch.io/c/7564326/shixshes-collection,,2026-05-31
https://itch.io/c/7564328/ive-played-this-a-reminder-to-me,,2026-05-31
https://itch.io/c/7564334/cuteness-aggression-worthy,,2026-05-31
https://itch.io/c/7564350/other-games,,2026-05-31
https://itch.io/c/7564358/visual-novels,,2026-05-31
https://itch.io/c/7564389/wytyvys-collection,,2026-05-31
https://itch.io/c/7564426/ola,,2026-05-31
https://itch.io/c/7564428/playedddd,,2026-05-31
https://itch.io/c/7564430/insterest-games,,2026-05-31
https://itch.io/c/7564478/cartoon2d,,2026-05-31
https://itch.io/c/7564481/favourites,,2026-05-31
https://itch.io/c/7564483/visual-novels,,2026-05-31
https://itch.io/c/7564494/may-that-bubble-pop,,2026-05-31
https://itch.io/c/7564508/one-piece,,2026-05-31
https://itch.io/c/7564512/mysteryyyy,,2026-05-31
https://itch.io/c/7564531/visual-novels-teehee,,2026-05-31
https://itch.io/c/7564553/kibuhhdhds-collection,,2026-05-31
https://itch.io/c/7564555/joanofbarks-collection,,2026-05-31
https://itch.io/c/7564604/tannerts-collection,,2026-05-31
https://itch.io/c/7564611/other,,2026-05-31
https://itch.io/c/7564621/for-persona-2d-rpg,,2026-05-31
https://itch.io/c/7564624/toptreat926s-collection,,2026-05-31
https://itch.io/c/7564626/karma-devs-collection,,2026-05-31
https://itch.io/c/7564627/krowboi21s-collection,,2026-05-31
https://itch.io/c/7564645/kaprisunns-collection,,2026-05-31
https://itch.io/c/7564654/ejr22754s-collection,,2026-05-31
https://itch.io/c/7564658/kippipss-collection,,2026-05-31
https://itch.io/c/7564663/want-to-play,,2026-05-31
https://itch.io/c/7564668/1,,2026-05-31
https://itch.io/c/7564669/visual-novels,,2026-05-31
https://itch.io/c/7564690/horror-not-played,,2026-05-31
https://itch.io/c/7564696/fluffyp3s-collection,,2026-05-31
https://itch.io/c/7564701/daejis-collection,,2026-05-31
https://itch.io/c/7564707/sharkieovos-collection,,2026-05-31
https://itch.io/c/7564712/want,,2026-05-31
https://itch.io/c/7564721/guerulfuss-collection,,2026-05-31
https://itch.io/c/7564735/kibuhhdhds-collection,,2026-05-31
https://itch.io/c/7564741/lavakitts-collection,,2026-05-31
https://itch.io/c/7564750/pinkcreakerss-collection,,2026-05-31
https://itch.io/c/7564753/hicmguns-collection,,2026-05-31
https://itch.io/c/7564820/dat-w3irdos-collection,,2026-05-31
https://itch.io/c/7564840/on-repeat,,2026-05-31
https://itch.io/c/7564894/assert,,2026-05-31
https://itch.io/c/7564925/yuegongs-collection,,2026-05-31
https://itch.io/c/7564929/orenlikesgamess-collection,,2026-05-31
https://itch.io/c/7564931/isometric,,2026-05-31
https://itch.io/c/7564941/elden-ring,,2026-05-31
https://itch.io/c/7564943/jerajs234s-collection,,2026-05-31
https://itch.io/c/7564962/clcdhpdgs-collection,,2026-05-31
https://itch.io/c/7564981/tool,,2026-05-31
https://itch.io/c/7564991/unfinished,,2026-05-31
https://itch.io/c/7565055/neat-looking-pc-game,,2026-05-31
https://itch.io/c/7565058/iktomixs-collection,,2026-05-31
https://itch.io/c/7565076/random,,2026-05-31
https://itch.io/c/7565078/viqienzs-collection,,2026-05-31
https://itch.io/c/7565080/mz-mv-plugins,,2026-05-31
https://itch.io/c/7565088/3970655137s-collection,,2026-05-31
https://itch.io/c/7565186/hammyswissy445s-collection,,2026-05-31
https://itch.io/c/7565206/smart75s-collection,,2026-05-31
https://itch.io/c/7565216/goongaming8005s-collection,,2026-05-31
https://itch.io/c/7565220/rttyywgsyh8277s-collection,,2026-05-31
https://itch.io/c/7565227/cn36s-collection,,2026-05-31
https://itch.io/c/7565260/enternalss-collection,,2026-05-31
https://itch.io/c/7565263/orenlikesgamess-collection,,2026-05-31
https://itch.io/c/7565278/cozy,,2026-05-31
https://itch.io/c/7565282/gritkens-collection,,2026-05-31
https://itch.io/c/7565292/godot,,2026-05-31
https://itch.io/c/7565331/games-i-want-to-play,,2026-05-31
https://itch.io/c/7565348/cozy-games,,2026-05-31
https://itch.io/c/7565349/iktomixs-collection,,2026-05-31
https://itch.io/c/7565355/billsays-collection,,2026-05-31
https://itch.io/c/7565373/collectioon,,2026-05-31
https://itch.io/c/7565378/favs,,2026-05-31
https://itch.io/c/7565380/weizhai6s-collection,,2026-05-31
https://itch.io/c/7565385/hyffsilents-collection,,2026-05-31
https://itch.io/c/7565403/lucifermae27s-collection,,2026-05-31
https://itch.io/c/7565404/edeogis-collection,,2026-05-31
https://itch.io/c/7565423/freakyy,,2026-05-31
https://itch.io/c/7565427/web-game,,2026-05-31
https://itch.io/c/7565451/guang043s-collection,,2026-05-31
https://itch.io/c/7565459/3970655137s-collection,,2026-05-31
https://itch.io/c/7565476/3d,,2026-05-31
https://itch.io/c/7565477/characthers,,2026-05-31
https://itch.io/c/7565587/stuffs,,2026-05-31
https://itch.io/c/7565595/should-play,,2026-05-31
https://itch.io/c/7565691/yoink-d,,2026-05-31
https://itch.io/c/7565709/renzoshotboxstudiomundials-collection,,2026-05-31
https://itch.io/c/7565718/13969289985s-collection,,2026-05-31
https://itch.io/c/7565723/khkhkhks-collection,,2026-05-31
https://itch.io/c/7565728/dungeon-assets,,2026-05-31
https://itch.io/c/7565751/capibara43s-collection,,2026-05-31
https://itch.io/c/7565799/cf,,2026-05-31
https://itch.io/c/7565800/xoavys-collection,,2026-05-31
https://itch.io/c/7565809/bleh,,2026-05-31
https://itch.io/c/7565818/nsfw,,2026-05-31
https://itch.io/c/7565849/not-baldi,,2026-05-31
https://itch.io/c/7565880/cha,,2026-05-31
https://itch.io/c/7565901/artyoms-collection,,2026-05-31
https://itch.io/c/7565920/coppergolys-collection,,2026-05-31
https://itch.io/c/7565923/1,,2026-05-31
https://itch.io/c/7565945/092howejs-collection,,2026-05-31
https://itch.io/c/7565975/kb270s-collection,,2026-05-31
https://itch.io/c/7565986/mirmixims-collection,,2026-05-31
https://itch.io/c/7566006/otomes,,2026-05-31
https://itch.io/c/7566067/b0brrrs-collection,,2026-05-31
https://itch.io/c/7566068/s4ne67s-collection,,2026-05-31
https://itch.io/c/7566080/yixinyiyis-collection,,2026-05-31
https://itch.io/c/7566092/kyeoes-collection,,2026-05-31
https://itch.io/c/7566105/games-that-i-play,,2026-05-31
https://itch.io/c/7566114/kirara2281s-collection,,2026-05-31
https://itch.io/c/7566124/buddies-3,,2026-05-31
https://itch.io/c/1065084/to-play,,2026-05-31
https://itch.io/c/1261625/chris-wolfs-collection,,2026-05-31
https://itch.io/c/1335492/awesome-games,,2026-05-31
https://itch.io/c/1415732/unodeoros-collection,,2026-05-31
https://itch.io/c/1475020/lei-ming9s-collection,,2026-05-31
https://itch.io/c/1558998/look-at-all-those-chickens-ref,,2026-05-31
https://itch.io/c/1610028/undeadroshis-collection,,2026-05-31
https://itch.io/c/1627277/outridercs-collection,,2026-05-31
https://itch.io/c/1788844/johns-collection,,2026-05-31
https://itch.io/c/1809410/dating-sims,,2026-05-31
https://itch.io/c/1853525/xiam-7s-collection,,2026-05-31
https://itch.io/c/1910261/gncompadres-collection,,2026-05-31
https://itch.io/c/1935635/liam-wangs-collection,,2026-05-31
https://itch.io/c/2393943/elemental-dragos-collection,,2026-05-31
https://itch.io/c/2630433/accode7099s-collection,,2026-05-31
https://itch.io/c/2676841/1303559061s-collection,,2026-05-31
https://itch.io/c/2707711/death-in-space,,2026-05-31
https://itch.io/c/2737196/jsuarez14s-collection,,2026-05-31
https://itch.io/c/2756073/ttrpgs,,2026-05-31
https://itch.io/c/2765558/sirdukies-collection,,2026-05-31
https://itch.io/c/2854503/m4633ks-collection,,2026-05-31
https://itch.io/c/2861048/nsfw-games,,2026-05-31
https://itch.io/c/2862700/sugoma21s-collection,,2026-05-31
https://itch.io/c/2940136/horror-collection,,2026-05-31
https://itch.io/c/3082311/abdl,,2026-05-31
https://itch.io/c/3144834/good-games,,2026-05-31
https://itch.io/c/3286014/interactice-i-cant-sepll,,2026-05-31
https://itch.io/t/6287024/revshare-creature-survival-3-yrs-work-need-ui-vfx-level-design-qa,,2026-05-31
https://itch.io/t/6387416/project-karda-narrative-driven-rmmz-project-first-project,,2026-05-31
https://itch.io/t/6409559/snap-jack-a-realtime-card-game-about-finding-matches-very-quickly,,2026-05-31
https://itch.io/t/6414813/homecomp-alternate-history-8-bit-computer,,2026-05-31
https://itch.io/t/6414814/sky-pop-advantures,,2026-05-31
https://itch.io/t/6414817/unpaid-composer-wanted-for-vr-horror-game-you-keep-full-rights,,2026-05-31
https://itch.io/t/6414818/orb-of-ascension-pixel-art-idle-magic-game,,2026-05-31
https://itch.io/t/6414819/colour-block,,2026-05-31
https://itch.io/t/6414820/reino-de-vidro-a-web-strategy-simulation-game-play-in-browser,,2026-05-31
https://itch.io/t/6414821/wordland-a-pixel-art-platformer-adventure,,2026-05-31
https://itch.io/t/6414822/iso-devs-that-need-sound-design,,2026-05-31
https://itch.io/t/6415157/restrictions-imposed-on-both-account-and-game-published,,2026-05-31
https://itch.io/t/6415185/black-messiah-a-game-abt-5-plague-doctors-unfortunate-demises,,2026-05-31
https://itch.io/t/6415191/demo-version-01-is-out-now,,2026-05-31
https://itch.io/t/6415226/lfpaudio-sound-designer-composer-looking-for-a-serious-indie-project,,2026-05-31
https://itch.io/t/6415346/recruitment-artist-looking-for-a-artist-to-develop-a-game-and-split-the-revenue,,2026-05-31
https://itch.io/t/6415413/digiboss-idleclicker-business-sim-tap-code-hire-coders-ipo,,2026-05-31
https://itch.io/t/6415676/the-flecto-demo-is-out-now,,2026-05-31
https://itch.io/t/6415698/war-roads-is-here,,2026-05-31
https://itch.io/t/6415703/blender-workflow-for-environments-for-godot,,2026-05-31
https://itch.io/t/6415793/how-does-more-edit-comments-reports-work,,2026-05-31
https://itch.io/t/6415821/our-first-game-before-the-final-throne-check-it-out-and-let-us-know-your-thoughts,,2026-05-31
https://itch.io/t/6415865/turkish-language-support-and-dubbing,,2026-05-31
https://itch.io/t/6415948/bombs-borgs-and-bots-a-side-scrolling-game-about-well-bombs-robots-and-cyborgs,,2026-05-31
https://itch.io/t/6416014/playing-letter-boxed,,2026-05-31
https://itch.io/t/6416103/first-game-space-dodgers,,2026-05-31
https://itch.io/t/6416210/new-incremental-game-about-growing-a-parasite-colony,,2026-05-31
https://itch.io/t/6416281/gloss-frutiger-aero-launcher,,2026-05-31
https://itch.io/t/6416285/artistrevshare-looking-for-a-2d-character-artist,,2026-05-31
https://itch.io/t/6416292/the-happy-hour-incident-official-release,,2026-05-31
https://itch.io/t/6416318/looking-for-feedbackreviews,,2026-05-31
https://itch.io/t/6416395/thug-wars-2-development-has-begun,,2026-05-31
https://itch.io/t/6416419/sound-design-in-technical-plan,,2026-05-31
https://itch.io/t/6416571/game-still-under-review-after-months-no-response-from-support,,2026-05-31
https://itch.io/t/6416623/zx-spectrum-vostra-checkpoint-v01,,2026-05-31
https://itch.io/t/6416722/lfs-paid-looking-for-a-2d-artist-for-a-gritty-isometric-medieval-horror-game,,2026-05-31
https://itch.io/t/6416809/introducing-circuitousness,,2026-05-31
https://itch.io/t/6416863/kablooey-ship-endless-arcade-action,,2026-05-31
https://itch.io/t/6416984/the-weirdest-game-jam-ever-glombtacular-glomble-game-jam,,2026-05-31
https://itch.io/t/6417064/the-forest-ride,,2026-05-31
https://itch.io/t/6417099/the-magical-girl-trash-goblins-are-heading-to-the-spring-festival,,2026-05-31
https://itch.io/t/6417126/search-indexing-issue-views-dropped-from-hundreds-to-zero-ticket-363985,,2026-05-31
https://itch.io/t/6417239/ability-to-follow-game-jams,,2026-05-31
https://itch.io/t/6417381/-looking-for-feedback-on-my-game,,2026-05-31
https://itch.io/t/6417436/free-sci-fi-golden-vanguard-2d-turnaround-sheet-for-3d-modelers,,2026-05-31
https://itch.io/t/6417494/remembering-home-2d-survival-horror-game,,2026-05-31
https://itch.io/t/6417496/chaves-gta2-mp-map-and-textures-with-krita-project-files,,2026-05-31
https://itch.io/t/6417578/feedback-wanted-is-this-godot-4-demo-shell-page-cleartrustworthy-enough-to-download,,2026-05-31
https://itch.io/t/6417723/big-planets,,2026-05-31
https://itch.io/t/6417774/bring-classic-phantasy-star-style-battles-to-rpg-maker-mz,,2026-05-31
https://itch.io/t/6417801/can-you-tell-flop-vs-foul-better-than-refs-my-game-will-tell-you,,2026-05-31
https://itch.io/t/6417960/horatio-goes-snowboarding-new-game-for-neo-geo-pocket-color,,2026-05-31
https://itch.io/t/6418014/looking-for-feedback-idle-relics-public-beta,,2026-05-31
https://itch.io/t/6418101/grim-ascentalpha-10,,2026-05-31
https://itch.io/t/6418106/box,,2026-05-31
https://itch.io/t/6418124/dear-stranger-is-out-a-tiny-cozy-game-about-sandcastles-postcards-and-people-youll-never-meet,,2026-05-31
https://itch.io/t/6418266/music-producerpaid-looking-for-a-music-producer-for-a-nsfw-game,,2026-05-31
https://itch.io/t/6418395/godot-engine-gdscript-developer-2d-gameplay-ui-specialist,,2026-05-31
https://itch.io/t/6418499/composer-music-producer-looking-for-projects-to-make-music-for,,2026-05-31
https://itch.io/t/6418533/public-playtest-just-dying-a-streamer-survivor-roguelite-,,2026-05-31
https://itch.io/t/6418542/echoes-of-the-quiet-world,,2026-05-31
https://itch.io/t/6418591/watch-tower-survival-horror-game,,2026-05-31
https://itch.io/t/6418628/arugsi,,2026-05-31
https://itch.io/t/6418666/another-nsfw-game-not-indexed,,2026-05-31
https://derppancake.itch.io/npptf,,2026-05-31
https://casualnothing.itch.io/spooky-ocean-game,,2026-05-31
https://fernremains.itch.io/fuego,,2026-05-31
https://whitevell.itch.io/plataformer,,2026-05-31
https://fernremains.itch.io/ddh,,2026-05-31
https://nebonox.itch.io/maddie,,2026-05-31
https://fernremains.itch.io/irondome,,2026-05-31
https://fernremains.itch.io/eye,,2026-05-31
https://fernremains.itch.io/tuercas-y-sabotaje,,2026-05-31
https://casualnothing.itch.io/traffic-jam,,2026-05-31
https://jacobteach.itch.io/mario-horror,,2026-05-31
https://ludwig0451.itch.io/ketsueki-bridge,,2026-05-31
https://fernremains.itch.io/vft,,2026-05-31
https://ludwig0451.itch.io/the-prisoner,,2026-05-31
https://ludwig0451.itch.io/chaos-trail,,2026-05-31
https://ludwig0451.itch.io/ludwig-character-model,,2026-05-31
https://holister1810.itch.io/armados-cards,,2026-05-31
https://kumiko-wan.itch.io/fulton-jam-52,,2026-05-31
https://kumiko-wan.itch.io/the-middle-of-nowhere,,2026-05-31
https://kumiko-wan.itch.io/tachibana-labs-logo-picocad,,2026-05-31
https://kumiko-wan.itch.io/polybius-jam54,,2026-05-31
https://kumiko-wan.itch.io/port-navi-jam-55,,2026-05-31
https://ludwig0451.itch.io/castle,,2026-05-31
https://babeko.itch.io/tdf,,2026-05-31
https://fernremains.itch.io/twitter-plaza,,2026-05-31
https://defaultcapsule.itch.io/healers-descent,,2026-05-31
https://fernremains.itch.io/casas,,2026-05-31
https://babeko.itch.io/moon-knight,,2026-05-31
https://nocturnal-designs.itch.io/college-of-influence,,2026-05-31
https://nocturnal-designs.itch.io/thanoi-species,,2026-05-31
https://fernremains.itch.io/gms,,2026-05-31
https://fernremains.itch.io/easing-and-tweening-scripts-in-gamemaker,,2026-05-31
https://fernremains.itch.io/dnfdthefirst,,2026-05-31
https://fernremains.itch.io/kds,,2026-05-31
https://nocturnal-designs.itch.io/the-wageslaver,,2026-05-31
https://eleven01software.itch.io/edsba,,2026-05-31
https://nocturnal-designs.itch.io/circle-of-ruin,,2026-05-31
https://babeko.itch.io/kattie-and-the-chateau,,2026-05-31
https://jockstargames.itch.io/five-nights-at-frost,,2026-05-31
https://nocturnal-designs.itch.io/chardalyn-dragon-redux,,2026-05-31
https://panbarrier.itch.io/alocha-3d,,2026-05-31
https://eleven01software.itch.io/bbmv,,2026-05-31
https://fernremains.itch.io/kill-candy-crush,,2026-05-31
https://fakerealfake.itch.io/space-shooters-beta-64-bit,,2026-05-31
https://fakerealfake.itch.io/space-shooters-game-beta-32-bit,,2026-05-31
https://riversidecampfire.itch.io/purrsuers,,2026-05-31
https://nuntiusnivis.itch.io/boom-maara,,2026-05-31
https://chrmoaa.itch.io/remora,,2026-05-31
https://nuntiusnivis.itch.io/flappy-maara,,2026-05-31
https://fernremains.itch.io/overfowl,,2026-05-31
https://fernremains.itch.io/cocopina,,2026-05-31
https://fernremains.itch.io/party-time,,2026-05-31
https://nocturnal-designs.itch.io/expanded-dragonborn,,2026-05-31
https://tripleaaa54.itch.io/dark-desvent,,2026-05-31
https://nocturnal-designs.itch.io/variant-healing,,2026-05-31
https://casualnothing.itch.io/cry-me-a-rhythm,,2026-05-31
https://jerjer-studio.itch.io/parkour-time,,2026-05-31
https://nocturnal-designs.itch.io/pact-of-the-blade-and-cursesmith,,2026-05-31
https://paytonmurdockdukoa.itch.io/lump-a-cream,,2026-05-31
https://babeko.itch.io/magic-carton,,2026-05-31
https://duckgame25.itch.io/highrise-viaduct,,2026-05-31
https://anonymousfloof.itch.io/simons-color-game,,2026-05-31
https://nuntiusnivis.itch.io/electric-drift-escape,,2026-05-31
https://fernremains.itch.io/shrimp-fried-gun,,2026-05-31
https://edward3423.itch.io/crabnco,,2026-05-31
https://sjjskshsjeheneb.itch.io/writerplus,,2026-05-31
https://snowycliffs.itch.io/yoshi-eggs-journey,,2026-05-31
https://visid.itch.io/project-speed,,2026-05-31
https://visid.itch.io/primal-playground,,2026-05-31
https://babeko.itch.io/clean-stack,,2026-05-31
https://visid.itch.io/monkeytime,,2026-05-31
https://abelsinbetweenspace.itch.io/drowningblue,,2026-05-31
https://fakerealfake.itch.io/concretetag,,2026-05-31
https://fakerealfake.itch.io/monke-monke-v1,,2026-05-31
https://lespetitsdebrouillards.itch.io/la-friche-de-la-belle-de-mai-louise-rumming,,2026-05-31
https://goab-studio.itch.io/gwj77,,2026-05-31
https://stickboi123.itch.io/goofy-run,,2026-05-31
https://the-doctor-dree.itch.io/adfa,,2026-05-31
https://lespetitsdebrouillards.itch.io/night-fall,,2026-05-31
https://forest-game07.itch.io/origamia,,2026-05-31
https://forest-game07.itch.io/mario-vs-the-evil-carbonara,,2026-05-31
https://forest-game07.itch.io/santa-claus-vs-krampus,,2026-05-31
https://forest-game07.itch.io/romeo-and-juliette,,2026-05-31
https://forest-game07.itch.io/origamia-2,,2026-05-31
https://add-e-media.itch.io/mixreative,,2026-05-31
https://forest-game07.itch.io/easter-egg,,2026-05-31
https://kombuchaman.itch.io/birds-peak,,2026-05-31
https://just2moos.itch.io/at-any-cost,,2026-05-31
https://forest-game07.itch.io/free-printable-derivative-products,,2026-05-31
https://saltedslug.itch.io/glukoza-the-golden-era-2002-2006-zine,,2026-05-31
https://chenc881.itch.io/my-art-tutor,,2026-05-31
https://fillarona.itch.io/quiz-for-survival,,2026-05-31
https://carefreegoose.itch.io/repo-rigged-models-beta,,2026-05-31
https://zaytri.itch.io/slime2,,2026-05-31
https://snowycliffs.itch.io/dead-pixels,,2026-05-31
https://fernremains.itch.io/minigames,,2026-05-31
https://fernremains.itch.io/gato-encerrado,,2026-05-31
https://derppancake.itch.io/gone-rouge,,2026-05-31
https://glorius-silver.itch.io/box-it,,2026-05-31
https://fernremains.itch.io/lsd,,2026-05-31
https://fernremains.itch.io/indito,,2026-05-31
https://cosmosfox.itch.io/geraldis-humble-abode,,2026-05-31
https://guitouxx.itch.io/just-get-the-flag,,2026-05-31
https://kasuga.itch.io/minigamehub,,2026-05-31
https://carefreegoose.itch.io/rec-room-rigged-models-beta,,2026-05-31
https://saltedslug.itch.io/the-panopticon,,2026-05-31
https://dinonuggie01.itch.io/mini-playground,,2026-05-31
https://dinonuggie01.itch.io/subwaya,,2026-05-31
https://saltedslug.itch.io/girlfriends-a-decker-creation,,2026-05-31
https://zima1205.itch.io/behind-the-sanguine-curtain,,2026-05-31
https://heroesscriptoriumdev.itch.io/heroes-scriptorium,,2026-05-31
https://forest-game07.itch.io/origamia-3,,2026-05-31
https://muff-a.itch.io/which-side-they-transport-the-egg-on,,2026-05-31
https://forest-game07.itch.io/takopi-shoot-game,,2026-05-31
https://kelvincv.itch.io/senhor-das-escalas,,2026-05-31
https://huntryce.itch.io/onrepeat,,2026-05-31
https://paintedlycaon.itch.io/an-endless-fetch-quest,,2026-05-31
https://dglarry.itch.io/peapod-scout,,2026-05-31
https://moniker-ersatz.itch.io/award,,2026-05-31
https://gatzey-games.itch.io/kamali,,2026-05-31
https://crunchysoftware.itch.io/magic-table,,2026-05-31
https://tsuururun.itch.io/snail-spawn,,2026-05-31
https://dinonuggie01.itch.io/monster-garden-v11,,2026-05-31
https://dinonuggie01.itch.io/execution-chamber-v2,,2026-05-31
https://tsuururun.itch.io/pushwush,,2026-05-31
https://tsuururun.itch.io/rain,,2026-05-31
https://menutowngames.itch.io/menutown-classic,,2026-05-31
https://mrlavaicongames.itch.io/scp-cb-godot-edition,,2026-05-31
https://cringycringe.itch.io/dailylaugh,,2026-05-31
https://annahrth.itch.io/the-life-of-an-athlete,,2026-05-31
https://outretaupe.itch.io/dungeon-football,,2026-05-31
https://dodocreates.itch.io/what-about-jonathan,,2026-05-31
https://nocturnal-designs.itch.io/pactblood-and-saintblooded,,2026-05-31
https://forest-game07.itch.io/origamia-4,,2026-05-31
https://playnova-studio.itch.io/empty-gauge,,2026-05-31
https://forest-game07.itch.io/halloween-castle,,2026-05-31
https://nocturnal-designs.itch.io/warrior-of-devotion,,2026-05-31
https://orobos-gamedev.itch.io/ducksassin,,2026-05-31
https://nocturnal-designs.itch.io/priest-class,,2026-05-31
https://exrealite.itch.io/nojokeswithmages,,2026-05-31
https://leodct.itch.io/rocky-the-pet-rock,,2026-05-31
https://lespetitsdebrouillards.itch.io/visual-novel-hokusai,,2026-05-31
https://greylightdev.itch.io/pomoplanet,,2026-05-31
https://inxylor.itch.io/hornychat,,2026-05-31
https://kasuga.itch.io/psx-l-industrial-building,,2026-05-31
https://zapinhor.itch.io/nefrakstein,,2026-05-31
https://saltedslug.itch.io/excursio-eternum-manual,,2026-05-31
https://nyakobfbcx.itch.io/incredibox-sprunki-9s-chart,,2026-05-31
https://kasuga.itch.io/3-colorful-buildings,,2026-05-31
https://bsafdeveloper12.itch.io/the-misadventures-of-pipstick,,2026-05-31
https://durple-coolguy.itch.io/sprunki-gore-galore-sb3,,2026-05-31
https://durple-coolguy.itch.io/sprunki-anti-shifted-sb3,,2026-05-31
https://zoronotherev1.itch.io/3d-ice-slide,,2026-05-31
https://jerjer-studio.itch.io/collecting-simulator,,2026-05-31
https://durple-coolguy.itch.io/sprunki-hyper-shifted-sb3,,2026-05-31
https://bit-shades.itch.io/necrophys,,2026-05-31
https://basekeet.itch.io/kill-la-cake,,2026-05-31
https://zoronotherev1.itch.io/vector-zero,,2026-05-31
https://land-of-auks.itch.io/thesis,,2026-05-31
https://waifuferos.itch.io/sinjerie,,2026-05-31
https://celineh.itch.io/clockwork-repair,,2026-05-31
https://limsodgames.itch.io/cubin,,2026-05-31
https://limsodgames.itch.io/cubin-ii,,2026-05-31
https://limsodgames.itch.io/croissant,,2026-05-31
https://balkanramgames.itch.io/darkfold,,2026-05-31
https://lespetitsdebrouillards.itch.io/dataviz,,2026-05-31
https://khaledpng.itch.io/rpg-pixel-environment-pack-nature-buildings,,2026-05-31
https://awbmegames0.itch.io/low-poly-stylized-weapons-hand-painted,,2026-05-31
https://thomoto.itch.io/caretakerofdisasters,,2026-05-31
https://gazinghoggames.itch.io/treacherous-waters,,2026-05-31
https://mrgedmistakes.itch.io/8-ball-revenge,,2026-05-31
https://desesperenzo.itch.io/the-alt-angel-agency,,2026-05-31
https://khaledpng.itch.io/modular-top-down-house-pack-32x32-3-roof-colors-rpg-tileset,,2026-05-31
https://zaxurixo.itch.io/rising-lava,,2026-05-31
https://noirewww.itch.io/birthday-kitten,,2026-05-31
https://erik-tvori.itch.io/eerijk-kopie-goril-tag-ne26,,2026-05-31
https://de-thoom.itch.io/brake-less,,2026-05-31
https://balkanramgames.itch.io/break-it-wooden-wagon-physics-demo,,2026-05-31
https://eli-xain.itch.io/karinder-nya,,2026-05-31
https://yaminox.itch.io/fallen-authority,,2026-05-31
https://fearsomecritter.itch.io/30-parsecs-or-less-jam,,2026-05-31
https://nyakobfbcx.itch.io/strundys-showorld,,2026-05-31
https://durple-coolguy.itch.io/sprunki-pinkeye-treatment-mods,,2026-05-31
https://nyakobfbcx.itch.io/sprunki-sbunko-spruntatat,,2026-05-31
https://raingoat.itch.io/shit-shit-shit,,2026-05-31
https://nicocchi.itch.io/sudobuns,,2026-05-31
https://mrpikachu339.itch.io/totalhavoc,,2026-05-31
https://basicasian.itch.io/wayfinding-prototype,,2026-05-31
https://karpucino.itch.io/html-make,,2026-05-31
https://nyakobfbcx.itch.io/bleeteri,,2026-05-31
https://mrlodos.itch.io/touch-the-wolf,,2026-05-31
https://spilledspaghet.itch.io/kelper,,2026-05-31
https://olbailey.itch.io/ai-star-arena,,2026-05-31
https://doomed-moon-studio.itch.io/noble-weapon-pack-01,,2026-05-31
https://harrylbonitch.itch.io/first-officer-reporting,,2026-05-31
https://durple-coolguy.itch.io/definitive-phase-6-fanmade-phase-7-definitive-gabs-take,,2026-05-31
https://ziglo.itch.io/she-might-be-a-cuckqueen,,2026-05-31
https://twin-engine-productions.itch.io/agent-prococateur-teasers-bundle,,2026-05-31
https://riftstitcher.itch.io/folly-knight,,2026-05-31
https://nyakobfbcx.itch.io/ruroorus,,2026-05-31
https://kikeroga.itch.io/yugekitai2a,,2026-05-31
https://vexel978.itch.io/flower-rush,,2026-05-31
https://pig-farmer-component.itch.io/kubkras-zip,,2026-05-31
https://pig-farmer-component.itch.io/tanks-1985,,2026-05-31
https://nyakobfbcx.itch.io/fun-ruroorus,,2026-05-31
https://salamiazul.itch.io/down-in-the-circus,,2026-05-31
https://quakeandquiver.itch.io/outdoor-wildlife-learning,,2026-05-31
https://quakeandquiver.itch.io/in-the-cold-and-the-dark,,2026-05-31
https://zhixiang-dev.itch.io/image-contours-for-unity-in-pure-csharp,,2026-05-31
https://digital-arson.itch.io/vigil-in-the-mist,,2026-05-31
https://animatedjosey8.itch.io/spidys-funhouse-2,,2026-05-31
https://vexel978.itch.io/chisai,,2026-05-31
https://juusho.itch.io/viral-load,,2026-05-31
https://vidvadgames.itch.io/neo-bananas,,2026-05-31
https://utilizator2011.itch.io/free-medications-pack-ps1-style,,2026-05-31
https://sci-comp.itch.io/biscuit-clicker,,2026-05-31
https://aklingon.itch.io/15-rpg-character-asset-pack-small-enemy-creatures,,2026-05-31
https://yapar.itch.io/neon-slime,,2026-05-31
https://chugget.itch.io/into-the-planets-flesh,,2026-05-31
https://puttycad.itch.io/poopy,,2026-05-31
https://curionaut.itch.io/rust-n-rope,,2026-05-31
https://gil-guzman.itch.io/indiehorrornmusicessentialsvol1,,2026-05-31
https://jamjargames.itch.io/phgamebeta,,2026-05-31
https://juanmarker64.itch.io/your-average-platformer,,2026-05-31
https://yapar.itch.io/infinity,,2026-05-31
https://bobbywowww.itch.io/flappy-block,,2026-05-31
https://taisui53.itch.io/aetherleap-demo,,2026-05-31
https://anglergames.itch.io/sleepy-dog,,2026-05-31
https://elvgames.itch.io/tropical-island-tunes-vol1,,2026-05-31
https://tinywar11.itch.io/chain-chess,,2026-05-31
https://combatape.itch.io/bioweaponz,,2026-05-31
https://lucaburocchi.itch.io/wma,,2026-05-31
https://gathan.itch.io/supply-scalper,,2026-05-31
https://haven-of-souls.itch.io/sinful-testament-demo,,2026-05-31
https://stanx19.itch.io/chatbattle,,2026-05-31
https://blackmanticores.itch.io/bloody-rave,,2026-05-31
https://gu1l3rm3.itch.io/lighthouse-of-alexandria,,2026-05-31
https://doublemonk.itch.io/space-bend,,2026-05-31
https://itumo-ever-fantasy.itch.io/sevenfold,,2026-05-31
https://astra45801.itch.io/echoheart,,2026-05-31
https://pixdoom.itch.io/pixdoom-hero-gear-combat-weapons-equipment,,2026-05-31
https://jhon-crow.itch.io/focus-desktop-simulator,,2026-05-31
https://blueberryverse.itch.io/inflatales-vol-1,,2026-05-31
https://mflabs.itch.io/residentslut,,2026-05-31
https://fotch.itch.io/arklet,,2026-05-31
https://nimzward.itch.io/lovers-dollhouse-0,,2026-05-31
https://m-tf.itch.io/the-concrete-cage,,2026-05-31
https://tonifury555.itch.io/microscopic-pathology,,2026-05-31
https://nasoleil.itch.io/fafo,,2026-05-31
https://imwithredshirt.itch.io/are-these-thoughts-really-who-i-am,,2026-05-31
https://balkanramgames.itch.io/clockheart,,2026-05-31
https://grottkral.itch.io/the-city-of-gold-part-1,,2026-05-31
https://sinkidream.itch.io/applied-shamanism,,2026-05-31
https://boyolabs.itch.io/orlog,,2026-05-31
https://westinlee.itch.io/lifelike-child,,2026-05-31
https://melonkiss.itch.io/venus-mons,,2026-05-31
https://ocii-education.itch.io/catch-the-phish,,2026-05-31
https://alter-softworks.itch.io/sefromdemo,,2026-05-31
https://boyolabs.itch.io/ticker-tycoon,,2026-05-31
https://bluattire.itch.io/byteblaster,,2026-05-31
https://chardigan.itch.io/snap-jack,,2026-05-31
https://glukhov-mikhail.itch.io/tank-battle,,2026-05-31
https://dan202v.itch.io/linetoend,,2026-05-31
https://causticcinders.itch.io/musky-mccloud,,2026-05-31
https://bluebabbler.itch.io/buy-now-buy-now-buy-now,,2026-05-31
https://yo252yo.itch.io/buttons,,2026-05-31
https://ettoreleandrotognoli.itch.io/muninns-flight,,2026-05-31
https://xlebncat.itch.io/theloopa,,2026-05-31
https://maxdesimusgames.itch.io/mills-constant,,2026-05-31
https://lost-connection.itch.io/blipherd,,2026-05-31
https://reignition.itch.io/reignition,,2026-05-31
https://jhon-crow.itch.io/tactic-line-ost,,2026-05-31
https://glukhov-mikhail.itch.io/metacosmos,,2026-05-31
https://ahchay.itch.io/horatio-goes-snowboading-for-neo-geo-pocket-color,,2026-05-31
https://zink-exe.itch.io/seeding-the-wasteland,,2026-05-31
https://dan202v.itch.io/blurange,,2026-05-31
https://dan202v.itch.io/movespell,,2026-05-31
https://nytheradev.itch.io/nythera-thaerom-archive,,2026-05-31
https://yuyuyu26.itch.io/pm,,2026-05-31
https://pinknectargames.itch.io/aura-of-sin,,2026-05-31
https://omok2.itch.io/omok,,2026-05-31
https://laterdefender.itch.io/pianowave,,2026-05-31
https://boyolabs.itch.io/vane-of-the-abyss,,2026-05-31
https://jhon-crow.itch.io/tactic-line,,2026-05-31
https://rasste.itch.io/the-bicycle-brigade-the-water-tower-caper,,2026-05-31
https://dustintriplett.itch.io/kittens-against-kapitalism,,2026-05-31
https://eartttpy.itch.io/thaihandrhythm,,2026-05-31
https://mon-ami-interactive.itch.io/something-meaningful-playtest,,2026-05-31
https://erik-tvori.itch.io/python-play-physics-v2,,2026-05-31
https://casanuestra.itch.io/spellcasters-showdown,,2026-05-31
https://billy-bobjohnson.itch.io/brads-peanut-butter,,2026-05-31
https://archiusdev.itch.io/mancalero,,2026-05-31
https://h4ki.itch.io/tennisss,,2026-05-31
https://balkanramgames.itch.io/spriteloop,,2026-05-31
https://cybersouls-foundation.itch.io/alienation,,2026-05-31
https://cmlodev.itch.io/cold-transit,,2026-05-31
https://chadnippard.itch.io/flax-town-mesa,,2026-05-31
https://greylightdev.itch.io/broken-scale,,2026-05-31
https://yapar.itch.io/aetherloom,,2026-05-31
https://x29x-studios.itch.io/veri,,2026-05-31
https://slather1234.itch.io/fortnite-space-dodge,,2026-05-31
https://beckgrah.itch.io/domino-physics-game,,2026-05-31
https://benobe-games.itch.io/but-why,,2026-05-31
https://alexbelanger.itch.io/the-fellas-jam,,2026-05-31
https://lainartificial.itch.io/kusari-doi-in-october-the-rain-never-stopped-vol-1,,2026-05-31
https://opvgame-studio.itch.io/notacustomer,,2026-05-31
https://studiomopot.itch.io/say-cheese,,2026-05-31
https://rasste.itch.io/the-great-donut-war,,2026-05-31
https://mooticat.itch.io/reachmine,,2026-05-31
https://serf-insert0.itch.io/16the-tower,,2026-05-31
https://superstarri.itch.io/incredibox-kats-sunshine-isle-pc-port-edition,,2026-05-31
https://yourcountrycousin.itch.io/foundry,,2026-05-31
https://rasste.itch.io/the-bicycle-brigade-mud-runners,,2026-05-31
https://indifferentpenguin.itch.io/follow-the-king,,2026-05-31
https://ehybelstudios.itch.io/sec-nultor,,2026-05-31
https://outrimexpress.itch.io/outrim-express-demo,,2026-05-31
https://wepi.itch.io/chronicle-of-the-nameless,,2026-05-31
https://theinfamousx.itch.io/world-of-walls-demo,,2026-05-31
https://megacatstudios.itch.io/creepy-brawlers,,2026-05-31
https://zenonl.itch.io/block-bridge,,2026-05-31
https://kidnamedvideogame.itch.io/flying-somethinorother,,2026-05-31
https://spolchen.itch.io/action-janken,,2026-05-31
https://w1nterl0ng.itch.io/h-game,,2026-05-31
https://mad-sundar-llc.itch.io/pootery,,2026-05-31
https://jfranci-px.itch.io/blood-ability-icons,,2026-05-31
https://minicraft-dev-team.itch.io/mini-craft-beta,,2026-05-31
https://classicbigfoot.itch.io/my-communist-kidnappers-cant-possibly-be-this-stupid,,2026-05-31
https://artware-studio.itch.io/gun-snake,,2026-05-31
https://princest-beck.itch.io/dibs-pills,,2026-05-31
https://mad-sundar-llc.itch.io/all-munkis,,2026-05-31
https://ludicpen.itch.io/quest-fronts-steel-apocalypse,,2026-05-31
https://maerga.itch.io/dragon-quest-mistreal-song,,2026-05-31
https://stevepixelface.itch.io/incremental-carnis,,2026-05-31
https://happychocolatecake.itch.io/mythical-pet-farmers,,2026-05-31
https://fated-the-musical-games.itch.io/fated-rotok-demo,,2026-05-31
https://camel101.itch.io/dead-stop-no-vacancy,,2026-05-31
https://4mrmodding.itch.io/tigercat-632h-skidder,,2026-05-31
https://sloppydevil.itch.io/astro-edge,,2026-05-31
https://jfranci-px.itch.io/nature-ability-icons,,2026-05-31
https://yangyang20070918.itch.io/sage-of-elements-magic-synthesis,,2026-05-31
https://bumpus.itch.io/escapism,,2026-05-31
https://call-me-calamitous.itch.io/a-green-speck-in-a-purple-universe-demo,,2026-05-31
https://thatgamerft.itch.io/bubble-sort-battle,,2026-05-31
https://egretislandcrow.itch.io/extraction,,2026-05-31
https://plantsandpixels.itch.io/isles-of-bloom,,2026-05-31
https://jfranci-px.itch.io/fire-ability-icons,,2026-05-31
https://lesageducoin.itch.io/tarotdestin,,2026-05-31
https://basekeet.itch.io/incremental-breakout,,2026-05-31
https://kasuga.itch.io/psx-grainbuilding,,2026-05-31
https://raildogameart.itch.io/meninodiabo,,2026-05-31
https://deidrydry.itch.io/tyryry,,2026-05-31
https://jfranci-px.itch.io/water-ability-icons,,2026-05-31
https://zolvek.itch.io/night-pump-remake,,2026-05-31
https://juliette-rambaud.itch.io/bloodybusiness,,2026-05-31
https://ethan-pixel-asset.itch.io/simple-arrow-animation-pixel-32x32,,2026-05-31
https://danielhkwan.itch.io/strikepose,,2026-05-31
https://razuth.itch.io/day-xxiii-chicken-pun,,2026-05-31
https://louise-j.itch.io/stagems,,2026-05-31
https://jfranci-px.itch.io/arcane-ability-icons,,2026-05-31
https://isi-cano.itch.io/miracles-the-dog,,2026-05-31
https://northfall-games.itch.io/the-last-safehouse,,2026-05-31
https://doomed-moon-studio.itch.io/bone-weapon-pack-01,,2026-05-31
https://nyakobfbcx.itch.io/geobrot,,2026-05-31
https://kasuga.itch.io/psx-blackspire-tower,,2026-05-31
https://balkanramgames.itch.io/spriteloop-defold-stress-test,,2026-05-31
https://kasuga.itch.io/psx-deadlink-tower,,2026-05-31
https://kasuga.itch.io/psx-blackspire-complex,,2026-05-31
https://kasuga.itch.io/psx-power-house-tower,,2026-05-31
https://kasuga.itch.io/psx-titan-residences,,2026-05-31
https://ethan-pixel-asset.itch.io/simple-pig-animation-pixel-32x32,,2026-05-31
https://nocturnalillusions.itch.io/exilium-breeding-imperium,,2026-05-31
https://jonas-backlund.itch.io/pocket-duel-ex,,2026-05-31
https://itsamedann.itch.io/kalamesta,,2026-05-31
https://eireh.itch.io/garden-of-lights,,2026-05-31
https://eireh.itch.io/held-breath,,2026-05-31
https://teana-fm.itch.io/ersatz-wonderland,,2026-05-31
https://machudev.itch.io/eskinita,,2026-05-31
https://jbooth77.itch.io/ats-w900-kenworth-the-mystery-machine,,2026-05-31
https://trxspass.itch.io/highway-heat,,2026-05-31
https://minonosoft.itch.io/expose-the-darkness,,2026-05-31
https://johnflannelly.itch.io/day-dreamer,,2026-05-31
https://ethan-pixel-asset.itch.io/simple-music-fx-animation-pixel-16x16,,2026-05-31
https://u-31dbz.itch.io/soso,,2026-05-31
https://fsy.itch.io/beautiful-clouds-hand-painted-styles-for-your-project,,2026-05-31
https://jfranci-px.itch.io/steel-ability-icons,,2026-05-31
https://duarte-martinsgamedev.itch.io/dartacao-um-por-todos,,2026-05-31
https://kritzlof.itch.io/how-to-blow-up-a-pipeline-the-game,,2026-05-31
https://symphonie-studio.itch.io/symphonie-retro-sfx-pack,,2026-05-31
https://prop-hunt.itch.io/prop-hunt,,2026-05-31
https://antonior.itch.io/saving-the-mold,,2026-05-31
https://humblebeginnings.itch.io/pebbles,,2026-05-31
https://selene3.itch.io/ch6-device-friend-normal,,2026-05-31
https://ethan-pixel-asset.itch.io/2-simple-ninja-projectile-pack-animation-pixel-32x32,,2026-05-31
https://jambuckett.itch.io/chess-combat-platformer-demo,,2026-05-31
https://strangelordy.itch.io/mech-tag,,2026-05-31
https://kevidevi.itch.io/guns-n-dragons,,2026-05-31
https://ethan-pixel-asset.itch.io/simple-orb-animation-pixel-32x32,,2026-05-31
https://fyrems-forge.itch.io/the-inquisitor-broken-light-imperial-weapon-dd-5e-homebrew-class-bilingual-en,,2026-05-31
https://pedrospk.itch.io/idle-relics,,2026-05-31
https://bluelumin.itch.io/guppy-mermaid-daycare,,2026-05-31
https://bobddadoo.itch.io/tiny-questers-warrior,,2026-05-31
https://griffinkat.itch.io/boingsurprise,,2026-05-31
https://chainstom-games.itch.io/level-up-360,,2026-05-31
https://lunasent.itch.io/cat-petting-simulator,,2026-05-31
https://synofplay.itch.io/retro-interior-expansion-pack-1616,,2026-05-31
https://tyhulse.itch.io/witchy-otters,,2026-05-31
https://amkotau.itch.io/swipe-duel,,2026-05-31
https://pandaqi.itch.io/super-sub-keeper-cup,,2026-05-31
https://maxenandjamiestudios.itch.io/jamax-taggers,,2026-05-31
https://gelate-chem.itch.io/amoeba-game,,2026-05-31
https://gpenha.itch.io/applecalipse,,2026-05-31
https://yangyang20070918.itch.io/working-class-evolution,,2026-05-31
https://stuartgipp.itch.io/the-oath-1,,2026-05-31
https://wolfgirlvr.itch.io/wolfs-gorilla-horror-revived,,2026-05-31
https://leprojetbleu.itch.io/stillbold,,2026-05-31
https://ethan-pixel-asset.itch.io/cow-animation-pixel-32x32,,2026-05-31
https://slipthetrap.itch.io/smuffin-private-eye,,2026-05-31
https://isabellaanton.itch.io/entre-peles,,2026-05-31
https://miraeru.itch.io/free-fantasy-enemy-monster-asset-pack-boss-expansion-vol01,,2026-05-31
https://kelvincv.itch.io/triedus-triple-war-board-game,,2026-05-31
https://hollow-soul-stories.itch.io/a-transforming-night-to-remember,,2026-05-31
https://klarkdeve.itch.io/atrascuartos,,2026-05-31
https://grondylion.itch.io/into-the-clouds,,2026-05-31
https://pixelharmony.itch.io/cozy-lofi-game-music-pack,,2026-05-31
https://wejaru.itch.io/let-us-dread-not,,2026-05-31
https://robodor.itch.io/drill-drill,,2026-05-31
https://griffinkat.itch.io/rouge-like,,2026-05-31
https://ky1218.itch.io/digital-mirror-feed-in-the-screen,,2026-05-31
https://clockworkraven.itch.io/raven-fantasy-pixel-art-rpg-icons-acolyte-skills,,2026-05-31
https://raggedraffy.itch.io/rpg-maker-mv-female-face-assets,,2026-05-31
https://burnerknight-studios.itch.io/project-ember,,2026-05-31
https://disla.itch.io/nature-theme-pack-parthub,,2026-05-31
https://palidone.itch.io/xeno-hunter-x,,2026-05-31
https://hutchofficialyt.itch.io/bullhead-beta-ii,,2026-05-31
https://thebitbet.itch.io/shift-dead-weight,,2026-05-31
https://newdron.itch.io/jep,,2026-05-31
https://damoo.itch.io/jumpykinge,,2026-05-31
https://penusbmic.itch.io/stranded-axe-warrior,,2026-05-31
https://ethan-pixel-asset.itch.io/hen-animation-pixel-32x32-rooster-chicken,,2026-05-31
https://pirawan.itch.io/summer-still,,2026-05-31
https://trading-game-maker.itch.io/medieval-merchants-2,,2026-05-31
https://jidohanbaikigames.itch.io/my-summer-in-the-old-village,,2026-05-31
https://mbenedict6294.itch.io/pirates-survivors,,2026-05-31
https://zsoro.itch.io/anthologee,,2026-05-31
https://sakpix.itch.io/crimson-shadow-monk,,2026-05-31
https://jinxadnix.itch.io/memento-mori-de-harth,,2026-05-31
https://ispinoza.itch.io/awe,,2026-05-31
https://tintavivaestudi.itch.io/arxiver-de-loblit,,2026-05-31
https://jerryf276.itch.io/revenge-of-the-goombas,,2026-05-31
https://3xaaa.itch.io/maze-racer-3d-92vertigo,,2026-05-31
https://build-and-dominate.itch.io/colony-of-the-forsaken,,2026-05-31
https://rodrigues-estudios.itch.io/exclusive-1-time-sale-metroid-primeval-premium-sci-fi-level-kit,,2026-05-31
https://flamerider347.itch.io/kitchen-chaos2,,2026-05-31
https://ostsergey.itch.io/one-more-goblin-generation,,2026-05-31
https://glaciergames.itch.io/thhi,,2026-05-31
https://wet-floor-games.itch.io/deathmoth-encounter,,2026-05-31
https://azurextwilight.itch.io/low-effort-romance-complete-alpha,,2026-05-31
https://bonnielu.itch.io/commander,,2026-05-31
https://jejulo.itch.io/bellove,,2026-05-31
https://hanzhe.itch.io/sonic-journeys,,2026-05-31
https://abigailoswald.itch.io/follow-the-clues,,2026-05-31
https://gyugyu86.itch.io/chronicles-of-fantasy-ultimate-rpg-orchestral-pack,,2026-05-31
https://erik-tvori.itch.io/forza-vertical,,2026-05-31
https://helena-stacy.itch.io/a-beginners-guide-to-gold-digging,,2026-05-31
https://maverickm12.itch.io/jdm-aesthetic-square-poster-pack-10-high-res-ai-art,,2026-05-31
https://dlou-saiyan.itch.io/modular-gameplay-props-interactive-elements,,2026-05-31
https://adamuser.itch.io/patchwork-pilgram,,2026-05-31
https://gelfer1979.itch.io/book-to-game,,2026-05-31
https://frequentgamer.itch.io/sonic-space-boss,,2026-05-31
https://lawyerbodoh.itch.io/lammb,,2026-05-31
https://xunder.itch.io/arcadium,,2026-05-31
https://beowulf.itch.io/mini-monster-drops-16x16-part-02,,2026-05-31
https://plomadillainc.itch.io/fishing-weekend,,2026-05-31
https://dork89.itch.io/cube-care,,2026-05-31
https://cmong.itch.io/onslaught,,2026-05-31
https://mths-owings.itch.io/frozen-moments-game-1,,2026-05-31
https://gabriela-sosa.itch.io/bee-game,,2026-05-31
https://bully-revenge-studios.itch.io/help-my-giant-goth-girlfriend-is-insane,,2026-05-31
https://bolb2019.itch.io/rhythm-shooter,,2026-05-31
https://alenia-studios.itch.io/amapola,,2026-05-31
https://daniimoi.itch.io/yum-yum-beef-game,,2026-05-31
https://for1a1m.itch.io/are-you-still-hungry,,2026-05-31
https://eli-villi.itch.io/fightoscope-beta,,2026-05-31
https://sloppydevil.itch.io/strike-bee,,2026-05-31
https://polyglot-games.itch.io/not-my-tempo,,2026-05-31
https://jad-shine.itch.io/apprenti-palontologue,,2026-05-31
https://zenithhorizon.itch.io/dont-skip-the-line,,2026-05-31
https://mindape.itch.io/noise-angels,,2026-05-31
https://natluz044.itch.io/revers,,2026-05-31
https://mute-audio.itch.io/volume-7,,2026-05-31
https://ohgash.itch.io/forswear-brand-system,,2026-05-31
https://analuizanasc.itch.io/deadzone,,2026-05-31
https://ajbstudio.itch.io/al-khanas-demo,,2026-05-31
https://hermione-07.itch.io/lastdrop-gaswar,,2026-05-31
https://senarsigma.itch.io/thesigmagame,,2026-05-31
https://monkeystudiosdeveloper.itch.io/space-monkey,,2026-05-31
https://loquacious-rake.itch.io/chronicles-of-corrupted-knights,,2026-05-31
https://play0x20.itch.io/max-hackr-4,,2026-05-31
https://tomassilvaripa.itch.io/phantom-camera-tutorial,,2026-05-31
https://woohoomania.itch.io/the-tomb-of-the-dragon-rider,,2026-05-31
https://ara-kane.itch.io/observational-record-of-extreme-cognitive-alienation-ak-ppm-bpp-xxx,,2026-05-31
https://mtw1man2.itch.io/ui-event-queue-middleware-notification-toast-feedback-orchestration,,2026-05-31
https://orhstudio.itch.io/wuxia-tokens-icons,,2026-05-31
https://alligamer.itch.io/nitrouspulse,,2026-05-31
https://shoogar.itch.io/digiboss,,2026-05-31
https://leplacard.itch.io/lapprentie-heraut,,2026-05-31
https://thisguyisgreat3.itch.io/lighthouseoperator,,2026-05-31
https://jorgesaw.itch.io/honey-heist,,2026-05-31
https://fabricagamessbc.itch.io/gun-jump,,2026-05-31
https://ellieschokkele.itch.io/retromomento,,2026-05-31
https://khaprani.itch.io/copernican-solar-system-viewer,,2026-05-31
https://hiddenwizard.itch.io/obsidian-catalyst,,2026-05-31
https://kerry12138.itch.io/agsexercise,,2026-05-31
https://objectified.itch.io/ep103,,2026-05-31
https://itnoetic.itch.io/mathdoku-getaway,,2026-05-31
https://taarahvita.itch.io/march-of-iron,,2026-05-31
https://vissa.itch.io/handwired,,2026-05-31
https://officialchaser8.itch.io/gobble-up,,2026-05-31
https://not-jam.itch.io/not-jam-novel-13,,2026-05-31
https://thesociallyawkward.itch.io/ortographobia-pd,,2026-05-31
https://highgrind.itch.io/lookingforgrouptest1,,2026-05-31
https://whoatheresara.itch.io/promotion-volume-1,,2026-05-31
https://megumi-ryu.itch.io/2d-pixel-8bit-loops-music-asset-set-requiem-8bit-bgm,,2026-05-31
https://megumi-ryu.itch.io/free-2d-pixel-8bit-loops-music-asset-requiem-8bit-bgm,,2026-05-31
https://c-mooon.itch.io/remember-the-forefathers,,2026-05-31
https://yoyotiger.itch.io/apple-picker,,2026-05-31
https://tcd140130.itch.io/to-kill-a-giant,,2026-05-31
https://roses-of-meat.itch.io/gluttony-abyss-01-alpha,,2026-05-31
https://nachomulligan.itch.io/booth,,2026-05-31
https://blulow.itch.io/happy-little-explosions,,2026-05-31
https://stickboi123.itch.io/the-mayor-of-new-cat-city,,2026-05-31
https://handeyesociety.itch.io/super-festival-2025,,2026-05-31
https://boilerseal.itch.io/warehouse-crates-and-tiles,,2026-05-31
https://dawn-to-dusk-games.itch.io/3d-creatures,,2026-05-31
https://pompack.itch.io/friendly-fast-food-worker-male,,2026-05-31
https://lalchimistabeone.itch.io/thedrunkenalchemist,,2026-05-31
https://fourseasons.itch.io/c64rex-sprites-version,,2026-05-31
https://sei-ren.itch.io/project-home-demo,,2026-05-31
https://raivk.itch.io/shaders-museum-b3-2025-2026,,2026-05-31
https://dawndv.itch.io/nightshift,,2026-05-31
https://sbobbolo.itch.io/the-unchosen,,2026-05-31
https://purplezunicorn.itch.io/blackout,,2026-05-31
https://toragames.itch.io/tiktok-interactive-game-software,,2026-05-31
https://rfgames.itch.io/distance-travellers,,2026-05-31
https://deepgrounds.itch.io/squaremine3dluxe,,2026-05-31
https://gulliver-de-clercq.itch.io/hunters-arc,,2026-05-31
https://etjt.itch.io/witch-way,,2026-05-31
https://smartpinkcollar.itch.io/2d-server-room-118-images-transparent-background,,2026-05-31
https://icedlemonguy.itch.io/baconwings-alpha,,2026-05-31
https://bakuwan.itch.io/astro-knot,,2026-05-31
https://techno-ghandi.itch.io/navis-plana,,2026-05-31
https://insane-idea-studio.itch.io/poker-autochess,,2026-05-31
https://gibajafre.itch.io/tower-rebuild,,2026-05-31
https://midnight-xiaolongbao.itch.io/seasons-mahjong,,2026-05-31
https://richa-arya.itch.io/fruity-wallpapers,,2026-05-31
https://germiebyprn.itch.io/germie-interaktif,,2026-05-31
https://ethan-pixel-asset.itch.io/bugs-animation-pixel-32x32,,2026-05-31
https://maru-98.itch.io/forest-fall-pack-1616-pixel-art-autumn-tileset,,2026-05-31
https://screwtapello.itch.io/decker-font-importer,,2026-05-31
https://nethmi-n-wickramarathna.itch.io/the-wesak-lantern,,2026-05-31
https://cafe0312.itch.io/carrot-corner,,2026-05-31
https://bolaniii.itch.io/fishing-game,,2026-05-31
https://ll1llk.itch.io/hdbaldi,,2026-05-31
https://link-link-link-link.itch.io/security-gnome,,2026-05-31
https://arbchopper.itch.io/star-dodge,,2026-05-31
https://ivanjoson.itch.io/eternal-bloom,,2026-05-31
https://chellins.itch.io/escape-the-wolf,,2026-05-31
https://pixelsheart.itch.io/endless-maze,,2026-05-31
https://bzr1000.itch.io/airplane-scoller,,2026-05-31
https://rawformula.itch.io/fighter-01,,2026-05-31
https://wynandmeyering.itch.io/viking-rune-expansion-sea-voyages-longships-and-exploration-500-game-ready-run,,2026-05-31
https://dan-nichols.itch.io/some-ducks-and-an-adventure,,2026-05-31
https://davielle85.itch.io/kingdom-of-miria,,2026-05-31
https://aircatdonut.itch.io/traicorrupted,,2026-05-31
https://mintyyworks.itch.io/game-dev-scheduler-pro,,2026-05-31
https://xyn-games.itch.io/uber-alles,,2026-05-31
https://gyugyu86.itch.io/chronicles-of-fantasy-16-bit-retro-rpg-music-pack,,2026-05-31
https://troupote.itch.io/crazy-planet-survivor,,2026-05-31
https://tonkeng-twine-game-th.itch.io/the-queens-4th-cycle-ceremony-part-ii,,2026-05-31
https://badllama1210.itch.io/retro-creature-tamer-pack-grass-version,,2026-05-31
https://kylariria.itch.io/suns-arrival-2,,2026-05-31
https://clay-mcgoof.itch.io/sleepy-sloth,,2026-05-31
https://thegibbedygabblestia.itch.io/zombie-sprint,,2026-05-31
https://renatopessego.itch.io/corrupted,,2026-05-31
https://mecha-sheepz.itch.io/terrible-zombie-game,,2026-05-31
https://itzrys.itch.io/curfew-crawl,,2026-05-31
https://finrovers.itch.io/chain-dash,,2026-05-31
https://picklelonso11.itch.io/shoots-and-shots,,2026-05-31
https://badllama1210.itch.io/retro-creature-tamer-pack-water-version,,2026-05-31
https://archmagesolutions.itch.io/fighting-the-current,,2026-05-31
https://vladadougka.itch.io/lonesome-star,,2026-05-31
https://dimephal.itch.io/cyber-snake,,2026-05-31
https://badllama1210.itch.io/retro-creature-tamer-pack-bug-type-version,,2026-05-31
https://nrgs.itch.io/authors-assistant-brainstorming-tool,,2026-05-31
https://lespetitsdebrouillards.itch.io/escape-graine,,2026-05-31
https://sarada01.itch.io/kagami-original-sound-tracks,,2026-05-31
https://hyvos.itch.io/shattered-soul,,2026-05-31
https://linkfy.itch.io/toon-park-elements-ai-generated,,2026-05-31
https://yatagarasu163.itch.io/apothecary-allergies,,2026-05-31
https://reds-alive.itch.io/aftermath,,2026-05-31
https://dalchi.itch.io/love-love-ghost-boylove-love-ghost,,2026-05-31
https://lioks.itch.io/last-nights-hot-dogs,,2026-05-31
https://wdsega.itch.io/pysectoolkit-python-security-toolkit,,2026-05-31
https://aurepixel.itch.io/i-am-the-machine,,2026-05-31
https://tristan101.itch.io/table-strike-champions,,2026-05-31
https://prote1n.itch.io/horrorcam,,2026-05-31
https://mistercoconut.itch.io/flappy-coconut,,2026-05-31
https://adajsaan9-eng.itch.io/sml-basics-memes-and-distraction-but-its-jeffy-law-of-math-and-cheerios-boxes,,2026-05-31
https://litlekiddy.itch.io/kiddy-kong-baller-android,,2026-05-31
https://leandroxp01.itch.io/dungeon-survivors,,2026-05-31
https://rain92.itch.io/zombie-shooter,,2026-05-31
https://theetechcoffeebean.itch.io/cultural-crimes-division,,2026-05-31
https://cysg.itch.io/fs25-jcb-hm049t,,2026-05-31
https://wooodyeltieb.itch.io/httpswwwastrocadecomgamesdolphin-rider01ksj2nrmcv9t5bnt9322ynnv4sharedbycreatorw,,2026-05-31
https://edward3423.itch.io/struggle-attorney,,2026-05-31
https://davidmunozt.itch.io/pixel-art-animals-pack,,2026-05-31
https://rebell-echo.itch.io/embrace-the-cold,,2026-05-31
https://badllama1210.itch.io/retro-creature-tamer-pack-psychic-version,,2026-05-31
https://tobi-protovali.itch.io/odd-violence-rough-and-rushed,,2026-05-31
https://suspastar.itch.io/spell-wreck,,2026-05-31
https://ertamajo400.itch.io/dead-zone,,2026-05-31
https://yjws570.itch.io/unlucky-bird,,2026-05-31
https://jiahuaaa.itch.io/deliciour,,2026-05-31
https://iespacomolla.itch.io/lumenterra,,2026-05-31
https://lovely-nightling.itch.io/love-at-last-sight,,2026-05-31
https://soundole.itch.io/double-dodge,,2026-05-31
https://rickcarvalho.itch.io/bun-bun-strike,,2026-05-31
https://caution-interactive.itch.io/neon-brickle,,2026-05-31
https://magikkdev.itch.io/loansters-hamster-loan-empire,,2026-05-31
https://hexslime.itch.io/waverush,,2026-05-31
https://cokeenthusiast.itch.io/low-poly-robot-guy,,2026-05-31
https://shrimpcooties.itch.io/hunterv-take-her-out,,2026-05-31
https://hirogucci.itch.io/kick-counter,,2026-05-31
https://badllama1210.itch.io/retro-creature-tamer-pack-poison-version,,2026-05-31
https://eviltwincomics.itch.io/action-activists,,2026-05-31
https://paul-24.itch.io/swarmfall,,2026-05-31
https://diceaveragerpg.itch.io/slime-sunday,,2026-05-31
https://roxfreeze.itch.io/soup-vault,,2026-05-31
https://gbraad.itch.io/whiteboard-android,,2026-05-31
https://daimos123.itch.io/beast-buffet,,2026-05-31
https://badllama1210.itch.io/retro-creature-tamer-pack-flying-version,,2026-05-31
https://shokodibuja.itch.io/chatarra,,2026-05-31
https://writerprincess.itch.io/out-of-twilight,,2026-05-31
https://rnrjack.itch.io/metanoi-altaraz-pragacha-bscs-3a,,2026-05-31
https://honeywaifu.itch.io/raphtalia-shield-hero-pack,,2026-05-31
https://chris42766.itch.io/gamies,,2026-05-31
https://feeblecatpaws.itch.io/awesome-spamton-game,,2026-05-31
https://badllama1210.itch.io/retro-creature-tamer-pack-rock-version,,2026-05-31
https://kp0320.itch.io/kikokiko,,2026-05-31
https://venatorangel.itch.io/to-be-rid-of-a-corpse,,2026-05-31
https://reklerj4y.itch.io/rawdogz,,2026-05-31
https://iotero.itch.io/creekville,,2026-05-31
https://sulliedgames.itch.io/the-summer-series,,2026-05-31
https://badllama1210.itch.io/retro-creature-tamer-pack-fighting-version,,2026-05-31
https://abyssab.itch.io/foreverland,,2026-05-31
https://bondysarcade.itch.io/tilt-deck,,2026-05-31
https://rustycircuits.itch.io/date-nite,,2026-05-31
https://beepyeah.itch.io/super-solar-system-syzygy,,2026-05-31
https://lchouinard29gmailcom.itch.io/doom-shooter,,2026-05-31
https://mrlavaicongames.itch.io/scp-containment-breach,,2026-05-31
https://mamarrachine.itch.io/durf,,2026-05-31
https://superfoxtuber.itch.io/key-of-chaos,,2026-05-31
https://badllama1210.itch.io/retro-creature-tamer-pack-ghost-version,,2026-05-31
https://eroik-styler.itch.io/push-system-plugin-rpg-maker-mv-mz,,2026-05-31
https://nyakobfbcx.itch.io/galaxy-night-god,,2026-05-31
https://him-rps-game.itch.io/college-boy-cam-session-demo,,2026-05-31
https://kaminarimon-ai.itch.io/liko,,2026-05-31
https://thecrimsondm-vanillia.itch.io/heart-of-frostfire-prologue,,2026-05-31
https://aurnhammer.itch.io/wrenchy-lights-it-up,,2026-05-31
https://eternitystudios.itch.io/brutalismus-dystopia,,2026-05-31
https://gaborkepes.itch.io/komputer-hungarian-board-game,,2026-05-31
https://joshuwoshua.itch.io/the-claw,,2026-05-31
https://anthonypanics.itch.io/sinner-rpg,,2026-05-31
https://badllama1210.itch.io/retro-creature-tamer-pack-steel-version,,2026-05-31
https://rolencasa.itch.io/dirige-tu-primera-partida-de-rol,,2026-05-31
https://eternitystudios.itch.io/lullabies-made-of-static,,2026-05-31
https://cloverpatchdev.itch.io/wheelie,,2026-05-31
https://luisotravez.itch.io/death-guardian-of-life,,2026-05-31
https://ninjago77.itch.io/creekbird,,2026-05-31
https://fowlerh.itch.io/ghost-of-tokyo,,2026-05-31
https://shadowcrafter.itch.io/trapped,,2026-05-31
https://sakpix.itch.io/frontier-legends-wild-west-pixel-art-asset-pack,,2026-05-31
https://qazed1.itch.io/the-selfish-hero,,2026-05-31
https://undercover13agent.itch.io/erlute-quest-e1-argacy-incredibox,,2026-05-31
https://jonathan-linux.itch.io/froggyos,,2026-05-31
https://him-rps-game.itch.io/mens-game,,2026-05-31
https://fluxy0w0.itch.io/vitae-3d,,2026-05-31
https://retrovalou.itch.io/systemic-rpg-retrovalou,,2026-05-31
https://neressamuel.itch.io/pixel-streets,,2026-05-31
https://sweetorange-loop.itch.io/high-pressure-faucet-blast,,2026-05-31
https://firmerpit.itch.io/stellar-throne-card-game-by-firmerpit,,2026-05-31
https://mrsblackhat.itch.io/rumos-art-gallery,,2026-05-31
https://dunpixel.itch.io/pixel-art-skill-icons-24-holy-magic-spell-icons,,2026-05-31
https://lukas-7.itch.io/craftworld,,2026-05-31
https://inessaraiva.itch.io/flying-burguer,,2026-05-31
https://tejmujin.itch.io/the-war-against-time,,2026-05-31
https://bukibarak.itch.io/arbre-eternam,,2026-05-31
https://steelsoldier.itch.io/vastvanguardagainstspacetyranny,,2026-05-31
https://thunderhub.itch.io/saki,,2026-05-31
https://alessgt3rs.itch.io/sprites-arms-pistol-pixel-art,,2026-05-31
https://vladyslav1998.itch.io/retro-90s-snake,,2026-05-31
https://dropcone.itch.io/4sim-telemetry,,2026-05-31
https://uberthemeh.itch.io/godot-vn-template,,2026-05-31
https://novyx86543.itch.io/project-meat,,2026-05-31
https://fluxy0w0.itch.io/diseo-condor-3d,,2026-05-31
https://torrida-minis.itch.io/202605-mara-jade,,2026-05-31
https://wiki-is-real.itch.io/noodle,,2026-05-31
https://mylifewithfel.itch.io/ah5,,2026-05-31
https://pelglep.itch.io/armorika-dead-tide,,2026-05-31
https://fmakingz.itch.io/archived-nightmares,,2026-05-31
https://ascendens-studio.itch.io/crazy-sewer,,2026-05-31
https://funwoodymn.itch.io/funwoodys-founder-run,,2026-05-31
https://quetzalcoutl.itch.io/sakura-dialog-system,,2026-05-31
https://fluxy0w0.itch.io/femboy-life-simulator,,2026-05-31
https://bowjay.itch.io/guardian-of-the-bobs,,2026-05-31
https://adajsaan9-eng.itch.io/caydens-basics-v1-but-its-caydens-basics-remake-2021-edition,,2026-05-31
https://boog3rface.itch.io/bellowing-spells,,2026-05-31
https://sakpix.itch.io/dark-fantasy-dungeon-heroes-pack,,2026-05-31
https://zalo116.itch.io/the-last-stand,,2026-05-31
https://joshy-boyz.itch.io/trong,,2026-05-31
https://bowjay.itch.io/the-masked-ones,,2026-05-31
https://oldsoul05.itch.io/natures-betrayal,,2026-05-31
https://mylifewithfel.itch.io/ah4,,2026-05-31
https://jxzzzzy.itch.io/galaxy-shooter,,2026-05-31
https://aqua-the-content-creator.itch.io/the-art-of-online-drama,,2026-05-31
https://jayaye.itch.io/vampire-survivors-like-pixelartgame,,2026-05-31
https://tom-64.itch.io/sinister-trails,,2026-05-31
https://mylifewithfel.itch.io/ah3,,2026-05-31
https://iceholmvick.itch.io/circuit-drum-ghost-industrial-noise-machine,,2026-05-31
https://twerl.itch.io/apportation,,2026-05-31
https://mylifewithfel.itch.io/ah2,,2026-05-31
https://wet-floor-games.itch.io/deathmoth-encounter-full,,2026-05-31
https://justvoid13.itch.io/spellfracture,,2026-05-31
https://endk649.itch.io/dino-grams,,2026-05-31
https://gigacze.itch.io/astra-ai,,2026-05-31
https://sasake97.itch.io/roomba-simulator,,2026-05-31
https://mylifewithfel.itch.io/ah1,,2026-05-31
https://halooooooo.itch.io/cargo,,2026-05-31
https://skuggspel.itch.io/skuld-a-northern-evil-demo,,2026-05-31
https://fjcalarge.itch.io/tic-tac-toe,,2026-05-31
https://badllama1210.itch.io/retro-creature-tamer-pack-ground-version,,2026-05-31
https://yanz-gamedev.itch.io/pong,,2026-05-31
https://s-nut.itch.io/fluzz,,2026-05-31
https://garrieee.itch.io/night-lantern,,2026-05-31
https://arkas099.itch.io/void-stalkers,,2026-05-31
https://17thstatesman.itch.io/bokob-link-to-the-past,,2026-05-31
https://ocii-education.itch.io/3daycamp26,,2026-05-31
https://clawzstudios.itch.io/all-hail-emperor-crab,,2026-05-31
https://sjolly75.itch.io/weather-rot-and-ruin,,2026-05-31
https://soyvieira.itch.io/topdown,,2026-05-31
https://python-ball.itch.io/python-ball,,2026-05-31
https://gbraad.itch.io/voicenotes-android,,2026-05-31
https://mylifewithfel.itch.io/wallpaper2011-15,,2026-05-31
https://tonifury555.itch.io/2d-fighting-game,,2026-05-31
https://dkzeuss.itch.io/gemstones,,2026-05-31
https://jacksonmeira.itch.io/fantasy-boat-pack,,2026-05-31
https://sjolly75.itch.io/hold-until-relieved,,2026-05-31
https://snakmin.itch.io/one-job,,2026-05-31
https://zox-hu.itch.io/slime-breakout,,2026-05-31
https://mylifewithfel.itch.io/how-to-water,,2026-05-31
https://sguit1.itch.io/no-he-podido-terminar-el-juego,,2026-05-31
https://mylifewithfel.itch.io/howtobulges,,2026-05-31
https://deijsbeer.itch.io/trf-app,,2026-05-31
https://gbraad.itch.io/wmux-android,,2026-05-31
https://zicv.itch.io/tuck-and-doot-soundtrack-jam,,2026-05-31
https://vecttrz.itch.io/flashback-comic-prequel,,2026-05-31
https://pirate0studios.itch.io/slendypirate0,,2026-05-31
https://gbraad.itch.io/wmux-web,,2026-05-31
https://vladyslav1998.itch.io/simple-platform,,2026-05-31
https://maryburak0.itch.io/prototype-flashed-game-for-game-design-3,,2026-05-31
https://mylifewithfel.itch.io/summertime,,2026-05-31
https://devilsky.itch.io/picky-beast,,2026-05-31
https://flowers-broders.itch.io/baldis-basics,,2026-05-31
https://noaheqxixz.itch.io/hearts-in-open-water,,2026-05-31
https://hvsnashrimp.itch.io/snorlaxs-adventure,,2026-05-31
https://kyuchi.itch.io/color-wizard,,2026-05-31
https://mtw1man2.itch.io/medal-rank-badge-expansion-pack,,2026-05-31
https://adajsaan9-eng.itch.io/denied-basics-pre-release-65-but-its-plandy-in-the-lost-one,,2026-05-31
https://cg-games0.itch.io/aerodreamea,,2026-05-31
https://brodymcbags.itch.io/league-of-gunslingers,,2026-05-31
https://myune.itch.io/succubiheroretrievalseductionoperation,,2026-05-31
https://keynaya.itch.io/eidy-dash,,2026-05-31
https://matterofact.itch.io/community-calendar-demo,,2026-05-31
https://maryburak0.itch.io/flashed,,2026-05-31
https://adajsaan9-eng.itch.io/quincy-basics-chapter-4-but-its-snooby-adventure-5-alien-foundation,,2026-05-31
https://dbgcg.itch.io/etherea,,2026-05-31
https://fredandferd.itch.io/jack-and-jill,,2026-05-31
https://adajsaan9-eng.itch.io/billy-basics-pre-release-100-but-its-mrbeast-joke-mod,,2026-05-31
https://can-akansu.itch.io/space-station-escape-vr,,2026-05-31
https://tonifury555.itch.io/platformer,,2026-05-31
https://liam-games-official.itch.io/burning,,2026-05-31
https://zincik.itch.io/really-big-burgers,,2026-05-31
https://antonyplaysyt.itch.io/sprunki-all-shifted-mods-mobile-ports,,2026-05-31
https://jgesq.itch.io/unhoused,,2026-05-31
https://maxidandyt.itch.io/lime-girl-test,,2026-05-31
https://gaborkepes.itch.io/oughtreds-outrun,,2026-05-31
https://coa-100.itch.io/zowort,,2026-05-31
https://ahmed-eid.itch.io/delta-space,,2026-05-31
https://pixora-games-studio.itch.io/sayo-game,,2026-05-31
https://patoenvinagre14.itch.io/duckempire,,2026-05-31
https://alekate.itch.io/retro-car-mayhem,,2026-05-31
https://helderitch.itch.io/herd-mentality,,2026-05-31
https://veronicarbles24.itch.io/galactic-naves2,,2026-05-31
https://the-osoba.itch.io/windowmaker,,2026-05-31
https://killologist.itch.io/kill-war,,2026-05-31
https://blucherry.itch.io/maze-of-doom,,2026-05-31
https://fodderpop.itch.io/louie-lucha,,2026-05-31
https://runebitdice.itch.io/bloodrose-plasma-d20,,2026-05-31
https://novaonvr.itch.io/experience-scratch-error-borring,,2026-05-31
https://jaywa.itch.io/dino-explorer,,2026-05-31
https://noahbowery.itch.io/reignblocks,,2026-05-31
https://gameidea-studio.itch.io/godot-smoke-vfx,,2026-05-31
https://nuclearsub.itch.io/midtown-fury-madness-remastered-v2-demo-city,,2026-05-31
https://haabb001.itch.io/vostra-checkpoint,,2026-05-31
https://loppor55.itch.io/rob-in-space,,2026-05-31
https://woolgathergames.itch.io/flower-dice-demo,,2026-05-31
https://sunnies-alt.itch.io/maze,,2026-05-31
https://iarit.itch.io/waiting-for-the-future,,2026-05-31
https://houseadducci.itch.io/busters-breakout,,2026-05-31
https://nachon22.itch.io/trumpeteer,,2026-05-31
https://tk421planetepochcom.itch.io/epoch-2,,2026-05-31
https://flowers-broders.itch.io/kinito-pet-free,,2026-05-31
https://robert-cambias.itch.io/ipmo,,2026-05-31
https://neonvoidstudio.itch.io/hutsul-cymbals-simulator,,2026-05-31
https://davidziesfunnythings2026.itch.io/iam-freezing-blud-sob,,2026-05-31
https://sjolly75.itch.io/day-by-day-southeast-texas-a-campaign-guide,,2026-05-31
https://ninjaraccoon88.itch.io/last-bite-standing,,2026-05-31
https://djrossterman.itch.io/ackeyma-the-search-for-the-golden-keys-x-games,,2026-05-31
https://gullpenta.itch.io/twentyfirst-starfall-origins,,2026-05-31
https://nhoo.itch.io/tag-youre-it,,2026-05-31
https://utilizator2011.itch.io/ultra-signs-pack,,2026-05-31
https://novaonvr.itch.io/scratch-error,,2026-05-31
https://tkebede.itch.io/cyclers-high,,2026-05-31
https://biancamachino.itch.io/deadzone,,2026-05-31
https://prankkotion-studios.itch.io/driers-spin-cycle-panic,,2026-05-31
https://fjorish.itch.io/2dplatformer,,2026-05-31
https://alter-game.itch.io/neon-survivor,,2026-05-31
https://aaleaf.itch.io/coffee-bot-space-station,,2026-05-31
https://mtw1man2.itch.io/post-run-upgrade-choice-ui-pack,,2026-05-31
https://mjbilboquet.itch.io/dogs-of-war,,2026-05-31
https://geararrr.itch.io/belda,,2026-05-31
https://high-impact-media.itch.io/user-interface-sound-effects-universal-ui,,2026-05-31
https://flowers-broders.itch.io/friday-night-funkin-free,,2026-05-31
https://mtw1man2.itch.io/level-complete-3-star-ui-pack,,2026-05-31
https://mc-tic-tac.itch.io/super-knight-hero,,2026-05-31
https://brainidle.itch.io/beyond-the-fracture,,2026-05-31
https://chusitox.itch.io/roblox-giant-games-archive,,2026-05-31
https://nero-soares.itch.io/terminal-route-demo,,2026-05-31
https://funonegames.itch.io/equipment-or-character,,2026-05-31
https://jessdriscoll.itch.io/big-tech-bubble,,2026-05-31
https://cercelus.itch.io/do-you-copy,,2026-05-31
https://sirius-asset.itch.io/isometric-cars,,2026-05-31
https://laurenv3.itch.io/mini-livret-de-dessin-manga,,2026-05-31
https://coda-game.itch.io/dear-stranger,,2026-05-31
https://vgsource.itch.io/retrokid,,2026-05-31
https://caydentommo.itch.io/sprunki-remasteredremixable,,2026-05-31
https://cleanassets.itch.io/free-background,,2026-05-31
https://karlzu.itch.io/9k317m-buk-m3-telar,,2026-05-31
https://mucky-taters.itch.io/ghost-castle,,2026-05-31
https://jessdriscoll.itch.io/solo-season,,2026-05-31
https://scotwix.itch.io/rocket,,2026-05-31
https://kevincha.itch.io/huevolution-parasite-prototype,,2026-05-31
https://alexpucf.itch.io/antivirus,,2026-05-31
https://jessdriscoll.itch.io/wikipedia-mix-tape,,2026-05-31
https://jpskywalker98.itch.io/shark-shooter-frenzy,,2026-05-31
https://asardial.itch.io/arcanebound,,2026-05-31
https://blurrge.itch.io/browser-based-audio-visualizer-particles,,2026-05-31
https://moonlitsailor.itch.io/dodge-the-bblins,,2026-05-31
https://bluegamign.itch.io/mayhem-wtf,,2026-05-31
https://erik-nascimento.itch.io/topdown,,2026-05-31
https://spacetraintycoon.itch.io/space-train-tycoon,,2026-05-31
https://lasermammoth.itch.io/really-rally,,2026-05-31
https://forestandskydetectives.itch.io/forest-and-sky-demo,,2026-05-31
https://bricktherick.itch.io/brick-tag,,2026-05-31
https://boilerseal.itch.io/biome-asset-pack,,2026-05-31
https://coeurnix.itch.io/painter-of-makli,,2026-05-31
https://durple-coolguy.itch.io/sprunki-multiverse-of-evil-reversed,,2026-05-31
https://igavriel.itch.io/one-more-moment,,2026-05-31
https://willunrendered.itch.io/guardian-galaxy,,2026-05-31
https://tac777.itch.io/aine-to-futari-dake-no-supottoraito,,2026-05-31
https://fernremains.itch.io/krabwarriors,,2026-05-31
https://glorius-silver.itch.io/pixel-crawler,,2026-05-31
https://fernremains.itch.io/dung,,2026-05-31
https://fernremains.itch.io/space-race,,2026-05-31
https://fernremains.itch.io/nanorepair,,2026-05-31
https://fernremains.itch.io/amor,,2026-05-31
https://fernremains.itch.io/le-partitif,,2026-05-31
https://funpocalyptic.itch.io/impro8a8legirls,,2026-05-31
https://funpocalyptic.itch.io/humanstuck,,2026-05-31
https://fernremains.itch.io/justice-skull,,2026-05-31
https://fernremains.itch.io/mario-spelunker,,2026-05-31
https://oudarya.itch.io/human-basics,,2026-05-31
https://itch.io/jam/bit-game-jam-2026/rate/4620894,,2026-05-31
https://itch.io/jam/oprwj14/rate/4623885,,2026-05-31
https://itch.io/jam/gamedevtv-jam-2026/rate/4612592,,2026-05-31
https://itch.io/jam/ost-composing-jam-overtime/rate/4623893,,2026-05-31
https://itch.io/jam/psyche-game-jam-2026/rate/4514137,,2026-05-31
https://itch.io/jam/fuck-capitalism-jam-2026/rate/4600782,,2026-05-31
https://itch.io/jam/always-learning-jam-4/rate/4623946,,2026-05-31
https://itch.io/jam/finish-your-nsfw-project-2026-q2/rate/4548516,,2026-05-31
https://itch.io/jam/snowhornet-game-jam-2026/rate/4624065,,2026-05-31
https://itch.io/jam/2026-jam/rate/4619818,,2026-05-31
https://itch.io/jam/cyg-9/rate/4619818,,2026-05-31
https://itch.io/jam/sizescale-game-jam-2026-astrocade/rate/4624100,,2026-05-31
https://itch.io/jam/bit-game-jam-2026/rate/4624101,,2026-05-31
https://itch.io/jam/oprwj14/rate/4624105,,2026-05-31
https://itch.io/jam/tweettweetjam-11/rate/4624147,,2026-05-31
https://itch.io/jam/tiny-disaster-jam/rate/4614868,,2026-05-31
https://itch.io/jam/oprwj14/rate/4624170,,2026-05-31
https://itch.io/jam/token-jam-1/rate/4624117,,2026-05-31
https://itch.io/jam/ost-composing-jam-overtime/rate/4624104,,2026-05-31
https://itch.io/jam/never-joined-a-game-jam-game-jam/rate/4603351,,2026-05-31
https://itch.io/jam/sizescale-game-jam-2026-astrocade/rate/4624162,,2026-05-31
https://itch.io/jam/bit-game-jam-2026/rate/4624233,,2026-05-31
https://itch.io/jam/sizescale-game-jam-2026-astrocade/rate/4624201,,2026-05-31
https://itch.io/jam/tweettweetjam-11/rate/4624248,,2026-05-31
https://itch.io/jam/oprwj14/rate/4617665,,2026-05-31
https://itch.io/jam/indie-park-game-jam-5/rate/4555739,,2026-05-31
https://itch.io/jam/conduit-summer-jam/rate/4613273,,2026-05-31
https://itch.io/jam/ost-composing-jam-overtime/rate/4624246,,2026-05-31
https://itch.io/jam/trijam-374/rate/4624320,,2026-05-31
https://itch.io/jam/bit-game-jam-2026/rate/4624353,,2026-05-31
https://itch.io/jam/bit-game-jam-2026/rate/4624355,,2026-05-31
https://itch.io/jam/oprwj14/rate/4624383,,2026-05-31
https://itch.io/jam/bit-game-jam-2026/rate/4624415,,2026-05-31
https://itch.io/jam/tweettweetjam-11/rate/4624411,,2026-05-31
https://itch.io/jam/shift-rpg-game-jam-2026/rate/4614859,,2026-05-31
https://itch.io/jam/one-game-a-month-59/rate/4572069,,2026-05-31
https://itch.io/jam/snowhornet-game-jam-2026/rate/2545484,,2026-05-31
https://itch.io/jam/snowhornet-game-jam-2026/rate/4623356,,2026-05-31
https://itch.io/jam/may-wolf-26-howl-4-initiative-my-wolf-fvn-jam/rate/4622975,,2026-05-31
https://itch.io/jam/bit-game-jam-2026/rate/4624500,,2026-05-31
https://itch.io/jam/zine-o-rama-ii/rate/4620790,,2026-05-31
https://itch.io/jam/oprwj14/rate/4624515,,2026-05-31
https://itch.io/jam/noise-jam-3/rate/4620790,,2026-05-31
https://itch.io/jam/feral-fun-romance-jam/rate/4624469,,2026-05-31
https://itch.io/jam/game-jam-plus-1/rate/4624608,,2026-05-31
https://itch.io/jam/oprwj14/rate/4624607,,2026-05-31
https://itch.io/jam/sprint-13/rate/4624511,,2026-05-31
https://itch.io/jam/soupjam2026/rate/4624313,,2026-05-31
https://itch.io/jam/ost-composing-jam-overtime/rate/4624595,,2026-05-31
https://itch.io/jam/ifgames-jam-3/rate/4482952,,2026-05-31
https://itch.io/jam/playtest-feedback-exchange-jam-4/rate/3096634,,2026-05-31
https://itch.io/jam/oprwj14/rate/4623057,,2026-05-31
https://itch.io/jam/days-of-horror-3/rate/4619156,,2026-05-31
https://itch.io/jam/bit-game-jam-2026/rate/4624691,,2026-05-31
https://itch.io/jam/bit-game-jam-2026/rate/4624372,,2026-05-31
https://itch.io/jam/bit-game-jam-2026/rate/4624726,,2026-05-31
https://itch.io/jam/trijam-374/rate/4624699,,2026-05-31
https://itch.io/jam/bit-game-jam-2026/rate/4624733,,2026-05-31
https://itch.io/jam/bit-game-jam-2026/rate/4624707,,2026-05-31
https://itch.io/jam/bit-game-jam-2026/rate/4624747,,2026-05-31
https://itch.io/jam/bit-game-jam-2026/rate/4624741,,2026-05-31
https://itch.io/jam/bit-game-jam-2026/rate/4624751,,2026-05-31
https://itch.io/jam/bit-game-jam-2026/rate/4623703,,2026-05-31
https://itch.io/jam/oprwj14/rate/4624710,,2026-05-31
https://itch.io/jam/trijam-374/rate/4624604,,2026-05-31
https://itch.io/jam/bit-game-jam-2026/rate/4623121,,2026-05-31
https://itch.io/jam/hej-2026-majus/rate/4624873,,2026-05-31
https://itch.io/jam/oprwj14/rate/4624702,,2026-05-31
https://itch.io/jam/oprwj14/rate/4624899,,2026-05-31
https://itch.io/jam/ost-composing-jam-overtime/rate/4624894,,2026-05-31
https://itch.io/jam/fuck-capitalism-jam-2026/rate/4624876,,2026-05-31
https://itch.io/jam/tiny-disaster-jam/rate/4624870,,2026-05-31
https://itch.io/jam/oprwj14/rate/4624917,,2026-05-31
https://itch.io/jam/apj2026/rate/4622935,,2026-05-31
https://itch.io/jam/never-joined-a-game-jam-game-jam/rate/4624964,,2026-05-31
https://itch.io/jam/2026-dg-mini-campaign-jam/rate/2712538,,2026-05-31
https://itch.io/jam/trijam-374/rate/4624931,,2026-05-31
https://itch.io/jam/trijam-374/rate/4622548,,2026-05-31
https://itch.io/jam/sizescale-game-jam-2026-astrocade/rate/4612306,,2026-05-31
https://itch.io/jam/sizescale-game-jam-2026-astrocade/rate/4619785,,2026-05-31
https://itch.io/jam/sizescale-game-jam-2026-astrocade/rate/4621792,,2026-05-31
https://itch.io/jam/mermay-2026/rate/4625055,,2026-05-31
https://itch.io/jam/apj2026/rate/4617581,,2026-05-31
https://itch.io/jam/interactive-fiction-showcase-2026/rate/4617581,,2026-05-31
https://itch.io/jam/never-ending-gamejam/rate/4617581,,2026-05-31
https://itch.io/jam/our-game-lab/rate/4617581,,2026-05-31
https://itch.io/jam/islife/rate/4617581,,2026-05-31
https://itch.io/jam/2026-jam/rate/4617581,,2026-05-31
https://itch.io/jam/rayuela-de-arena-2026/rate/4625136,,2026-05-31
https://itch.io/jam/shift-rpg-game-jam-2026/rate/4625174,,2026-05-31
https://itch.io/jam/ost-composing-jam-overtime/rate/4624546,,2026-05-31
https://itch.io/jam/fuck-capitalism-jam-2026/rate/4625260,,2026-05-31
https://itch.io/jam/tiny-disaster-jam/rate/4625204,,2026-05-31
https://itch.io/jam/sizescale-game-jam-2026-astrocade/rate/4624464,,2026-05-31
https://itch.io/jam/fuck-capitalism-jam-2026/rate/4625296,,2026-05-31
https://itch.io/jam/interactive-fiction-showcase-2026/rate/4603277,,2026-05-31
https://itch.io/jam/interactive-fiction-showcase-2026/rate/4613695,,2026-05-31
https://itch.io/jam/cyg-9/rate/4489144,,2026-05-31
https://itch.io/jam/fuck-capitalism-jam-2026/rate/4551734,,2026-05-31
https://itch.io/jam/sizescale-game-jam-2026-astrocade/rate/4625364,,2026-05-31
https://itch.io/jam/may-wolf-26-howl-4-initiative-my-wolf-fvn-jam/rate/4588190,,2026-05-31
https://itch.io/jam/token-jam-1/rate/4625421,,2026-05-31
https://itch.io/jam/ost-composing-jam-overtime/rate/4611148,,2026-05-31
https://itch.io/jam/may-wolf-26-howl-4-initiative-my-wolf-fvn-jam/rate/4622862,,2026-05-31
https://itch.io/jam/never-joined-a-game-jam-game-jam/rate/4625422,,2026-05-31
https://itch.io/jam/one-game-a-month-59/rate/4625449,,2026-05-31
https://itch.io/jam/trijam-374/rate/4625486,,2026-05-31
https://itch.io/jam/the-wildzine-jam-spring-26/rate/4625569,,2026-05-31
https://itch.io/jam/ost-composing-jam-overtime/rate/4625485,,2026-05-31
https://itch.io/jam/uplifting-game-jam-315-in-cash-prizes/rate/4625317,,2026-05-31
https://itch.io/jam/planet-game-jam-15/rate/4617419,,2026-05-31
https://itch.io/jam/rayuela-de-arena-2026/rate/4560599,,2026-05-31
https://itch.io/jam/52-queen-of-spades/rate/4625648,,2026-05-31
https://itch.io/jam/embers-of-humanity-jam/rate/4625705,,2026-05-31
https://itch.io/jam/token-jam-1/rate/4624124,,2026-05-31
https://itch.io/jam/token-jam-1/rate/4625722,,2026-05-31
https://itch.io/jam/ce-absurdist-comedy-jam-1/rate/4625777,,2026-05-31
https://itch.io/jam/transqueer-jam/rate/1807586,,2026-05-31
https://itch.io/jam/ost-composing-jam-overtime/rate/4582463,,2026-05-31
https://itch.io/jam/sizescale-game-jam-2026-astrocade/rate/4625809,,2026-05-31
https://itch.io/jam/portfolio-builders-jam-week-74/rate/4602528,,2026-05-31
https://itch.io/jam/dis-may-2026-feedback-jam/rate/4022092,,2026-05-31
https://itch.io/jam/gamelike-jam-009/rate/4536491,,2026-05-31
https://itch.io/jam/rpg-maker-asset-contest2/rate/4625923,,2026-05-31
https://itch.io/jam/may-wolf-26-howl-4-initiative-my-wolf-fvn-jam/rate/4609952,,2026-05-31
https://itch.io/jam/portfolio-builders-jam-week-74/rate/4624114,,2026-05-31
https://itch.io/jam/rpg-maker-asset-contest2/rate/4625982,,2026-05-31
https://itch.io/jam/eternal-ttrpg-jam-may-2026/rate/4625821,,2026-05-31
https://itch.io/jam/embers-of-humanity-jam/rate/4626015,,2026-05-31
https://itch.io/jam/major-jam-8-wonder/rate/4624910,,2026-05-31
https://itch.io/jam/noise-jam-3/rate/4626039,,2026-05-31
https://itch.io/jam/never-joined-a-game-jam-game-jam/rate/4408438,,2026-05-31
https://itch.io/jam/gamelike-jam-009/rate/4600072,,2026-05-31
https://itch.io/jam/52-games-in-52-weeks/rate/4625648,,2026-05-31
https://itch.io/jam/trijam-374/rate/4626072,,2026-05-31
https://itch.io/jam/play-to-learn-jam/rate/948879,,2026-05-31
https://itch.io/jam/token-jam-1/rate/4554616,,2026-05-31
https://itch.io/jam/tweettweetjam-11/rate/4626118,,2026-05-31
https://itch.io/jam/apj2026/rate/4598449,,2026-05-31
https://itch.io/jam/ost-composing-jam-overtime/rate/4625985,,2026-05-31
https://itch.io/jam/tweettweetjam-11/rate/4626170,,2026-05-31
https://itch.io/jam/fuck-capitalism-jam-2026/rate/4531374,,2026-05-31
https://itch.io/jam/sizescale-game-jam-2026-astrocade/rate/4626208,,2026-05-31
https://itch.io/jam/secret-jam-of-games-29/rate/4626374,,2026-05-31
https://itch.io/jam/sizescale-game-jam-2026-astrocade/rate/4604589,,2026-05-31
https://itch.io/jam/mini-jame-gam-55/rate/4626302,,2026-05-31
https://itch.io/jam/sizescale-game-jam-2026-astrocade/rate/4626432,,2026-05-31
https://itch.io/jam/tiny-disaster-jam/rate/4626362,,2026-05-31
https://itch.io/jam/fuck-capitalism-jam-2026/rate/4626469,,2026-05-31
https://itch.io/jam/rol-indie-en-castellano-2026/rate/4626471,,2026-05-31
https://itch.io/jam/sizescale-game-jam-2026-astrocade/rate/4626584,,2026-05-31
https://itch.io/jam/ost-composing-jam-overtime/rate/4626557,,2026-05-31
https://itch.io/jam/fist-jam-ops-vi/rate/4626560,,2026-05-31
https://itch.io/jam/tiny-disaster-jam/rate/4626554,,2026-05-31
https://itch.io/jam/fuck-capitalism-jam-2026/rate/4593983,,2026-05-31
https://itch.io/jam/sizescale-game-jam-2026-astrocade/rate/4618226,,2026-05-31
https://itch.io/jam/indiepocalypse-issue-79-paying-anthology/rate/4626600,,2026-05-31
https://itch.io/jam/trijam-374/rate/4626610,,2026-05-31
https://itch.io/jam/tiny-disaster-jam/rate/4626599,,2026-05-31
https://itch.io/jam/major-jam-8-wonder/rate/4600815,,2026-05-31
https://itch.io/jam/portfolio-builders-jam-week-74/rate/4555173,,2026-05-31
https://itch.io/jam/one-game-a-month-59/rate/4555173,,2026-05-31
https://itch.io/jam/playtest-feedback-exchange-jam-4/rate/4555173,,2026-05-31
https://itch.io/jam/otome-jam-2026/rate/4600815,,2026-05-31
https://itch.io/jam/fuck-capitalism-jam-2026/rate/4600815,,2026-05-31
https://itch.io/jam/fuck-capitalism-jam-2026/rate/4620191,,2026-05-31
https://itch.io/jam/psyche-game-jam-2026/rate/4596837,,2026-05-31
https://itch.io/jam/gamelike-jam-009/rate/4625337,,2026-05-31
https://itch.io/jam/one-game-a-month-59/rate/4620894,,2026-05-31
https://itch.io/jam/sizescale-game-jam-2026-astrocade/rate/4625864,,2026-05-31
https://itch.io/jam/game-dev-cafe-game-jam/rate/4624964,,2026-05-31
https://itch.io/jam/never-ending-gamejam/rate/4531083,,2026-05-31
https://itch.io/jam/islife/rate/4531083,,2026-05-31
https://itch.io/jam/metroidvania-month-32/rate/4626547,,2026-05-31
https://itch.io/jam/sae-jam-mai-geneva-2026,,2026-05-31
https://itch.io/jam/usagi-jam-2026,,2026-05-31
https://itch.io/jam/soulslike-game-jam,,2026-05-31
https://itch.io/jam/vetelinos-summer-jam-2026,,2026-05-31
https://itch.io/jam/btt-jam-1,,2026-05-31
https://itch.io/jam/one-room-many-worlds,,2026-05-31
https://itch.io/jam/dis-may-2026-mutual-feedback-jam,,2026-05-31
https://itch.io/jam/utm-dj-25x-ii,,2026-05-31
https://itch.io/jam/one-game-a-week-jam-5,,2026-05-31
https://itch.io/jam/igda-njit-summer-2026-game-jam,,2026-05-31
https://itch.io/jam/the-beginners-game-jam,,2026-05-31
https://itch.io/jam/the-team-jam,,2026-05-31
https://itch.io/jam/the-final-jam-gdc-summer,,2026-05-31
https://itch.io/jam/crunch-jam,,2026-05-31
https://itch.io/jam/a-goofy-low-stakes-jam,,2026-05-31
https://itch.io/jam/the-horribly-terrible-game-jam-3,,2026-05-31
https://itch.io/jam/gorill-tag-fan-game,,2026-05-31
https://itch.io/jam/secciadev-jun26,,2026-05-31
https://itch.io/jam/unexpected-asset-jam,,2026-05-31
https://itch.io/jam/fruit-match,,2026-05-31
https://itch.io/jam/sdsd,,2026-05-31
https://itnoetic.itch.io,,2026-05-31
https://cosmoswizards.itch.io,,2026-05-31
https://derppancake.itch.io,,2026-05-31
https://fernremains.itch.io,,2026-05-31
https://ekerove.itch.io,,2026-05-31
https://jockstargames.itch.io,,2026-05-31
https://fakerealfake.itch.io,,2026-05-31
https://idrawcubes.itch.io,,2026-05-31
https://sjjskshsjeheneb.itch.io,,2026-05-31
https://ertamajo400.itch.io,,2026-05-31
https://sarsal.itch.io,,2026-05-31
https://hexslime.itch.io,,2026-05-31
https://bobby-rafael.itch.io,,2026-05-31
https://visid.itch.io,,2026-05-31
https://kaesargames.itch.io,,2026-05-31
https://rolencasa.itch.io,,2026-05-31
https://frost-path-studios.itch.io,,2026-05-31
https://noirewww.itch.io,,2026-05-31
https://rawheart.itch.io,,2026-05-31
https://morbusnecrum.itch.io,,2026-05-31
https://dbgcg.itch.io,,2026-05-31
https://endfield-industries.itch.io,,2026-05-31
https://caydentommo.itch.io,,2026-05-31
https://khangdeveloperd.itch.io,,2026-05-31
https://forest-gameold.itch.io,,2026-05-31
https://ninongle.itch.io,,2026-05-31
https://snakmin.itch.io,,2026-05-31
https://carefreegoose.itch.io,,2026-05-31
https://kisetsudev.itch.io,,2026-05-31
https://suspastar.itch.io,,2026-05-31
https://ehybelstudios.itch.io,,2026-05-31
https://viidost.itch.io,,2026-05-31
https://jerjer-studio.itch.io,,2026-05-31
https://kempje.itch.io,,2026-05-31
https://ertw1e.itch.io,,2026-05-31
https://bxb-games.itch.io,,2026-05-31
https://armaghedongus.itch.io,,2026-05-31
https://leodct.itch.io,,2026-05-31
https://the-socket-snatcher.itch.io,,2026-05-31
https://zox-hu.itch.io,,2026-05-31
https://won97.itch.io,,2026-05-31
https://troupote.itch.io,,2026-05-31
https://edward3423.itch.io,,2026-05-31
https://tofer0.itch.io,,2026-05-31
https://subgrid.itch.io,,2026-05-31
https://greylightdev.itch.io,,2026-05-31
https://saltedslug.itch.io,,2026-05-31
https://killologist.itch.io,,2026-05-31
https://skynax86.itch.io,,2026-05-31
https://cherrywonwoo.itch.io,,2026-05-31
https://zforgegames.itch.io,,2026-05-31
https://goab-studio.itch.io,,2026-05-31
https://dinvin24.itch.io,,2026-05-31
https://chillfish-studio.itch.io,,2026-05-31
https://zaxurixo.itch.io,,2026-05-31
https://highgrind.itch.io,,2026-05-31
https://dinonuggie01.itch.io,,2026-05-31
https://loquacious-rake.itch.io,,2026-05-31
https://iarit.itch.io,,2026-05-31
https://asardial.itch.io,,2026-05-31
https://opvgame-studio.itch.io,,2026-05-31
https://projeto-j.itch.io,,2026-05-31
https://willunrendered.itch.io,,2026-05-31
https://lespetitsdebrouillards.itch.io,,2026-05-31
https://the-osoba.itch.io,,2026-05-31
https://ibrahimk27.itch.io,,2026-05-31
https://fillarona.itch.io,,2026-05-31
https://marinrbts.itch.io,,2026-05-31
https://stickboi123.itch.io,,2026-05-31
https://p0t4to24.itch.io,,2026-05-31
https://alligamer.itch.io,,2026-05-31
https://shokodibuja.itch.io,,2026-05-31
https://inksoliloquy.itch.io,,2026-05-31
https://irfanf.itch.io,,2026-05-31
https://forest-game07.itch.io,,2026-05-31
https://add-e-media.itch.io,,2026-05-31
https://mimimultimaker.itch.io,,2026-05-31
https://vanvolando.itch.io,,2026-05-31
https://draware-games.itch.io,,2026-05-31
https://thegibbedygabblestia.itch.io,,2026-05-31
https://shinespark330.itch.io,,2026-05-31
https://midnight-xiaolongbao.itch.io,,2026-05-31
https://lordsmidre.itch.io,,2026-05-31
https://fmakingz.itch.io,,2026-05-31
https://circuscomics.itch.io,,2026-05-31
https://dreamdingo.itch.io,,2026-05-31
https://mad-sundar-llc.itch.io,,2026-05-31
https://chenc881.itch.io,,2026-05-31
https://lunasent.itch.io,,2026-05-31
https://dariafelis.itch.io,,2026-05-31
https://stanx19.itch.io,,2026-05-31
https://zoronotherev1.itch.io,,2026-05-31
https://cupcakespixel.itch.io,,2026-05-31
https://gatzey-games.itch.io,,2026-05-31
https://darknez3.itch.io,,2026-05-31
https://ba2t.itch.io,,2026-05-31
https://zima1205.itch.io,,2026-05-31
https://adam-alazau.itch.io,,2026-05-31
https://qazed1.itch.io,,2026-05-31
https://mc-tic-tac.itch.io,,2026-05-31
https://anglergames.itch.io,,2026-05-31
https://lawyerbodoh.itch.io,,2026-05-31
https://mappledrift.itch.io,,2026-05-31
https://muc1pkka.itch.io,,2026-05-31
https://federicoabuye.itch.io,,2026-05-31
https://adamuser.itch.io,,2026-05-31
https://chris42766.itch.io,,2026-05-31
https://jpskywalker98.itch.io,,2026-05-31
https://spiritsery.itch.io,,2026-05-31
https://agmine.itch.io,,2026-05-31
https://larrytehcat17.itch.io,,2026-05-31
https://gazinghoggames.itch.io,,2026-05-31
https://aintkirax3.itch.io,,2026-05-31
https://bobagtsigma321.itch.io,,2026-05-31
https://chainstom-games.itch.io,,2026-05-31
https://shariq-2064.itch.io,,2026-05-31
https://o-h-i.itch.io,,2026-05-31
https://champ85.itch.io,,2026-05-31
https://the-eye-of-tee.itch.io,,2026-05-31
https://nyakobfbcx.itch.io,,2026-05-31
https://bdg-l4nimal.itch.io,,2026-05-31
https://purplezunicorn.itch.io,,2026-05-31
https://unaipadl.itch.io,,2026-05-31
https://jdlpdev.itch.io,,2026-05-31
https://guest37237.itch.io,,2026-05-31
https://vexel978.itch.io,,2026-05-31
https://projectpicidae.itch.io,,2026-05-31
https://mrdrevilman.itch.io,,2026-05-31
https://durple-coolguy.itch.io,,2026-05-31
https://osakanae.itch.io,,2026-05-31
https://arkorg.itch.io,,2026-05-31
https://westinlee.itch.io,,2026-05-31
https://mikazuki-sora.itch.io,,2026-05-31
https://sherun186.itch.io,,2026-05-31
https://jjpr06.itch.io,,2026-05-31
https://verwirterats.itch.io,,2026-05-31
https://vaksagames.itch.io,,2026-05-31
https://2401.itch.io,,2026-05-31
https://daimos123.itch.io,,2026-05-31
https://himanshuagrawal.itch.io,,2026-05-31
https://lchouinard29gmailcom.itch.io,,2026-05-31
https://kam-th3-man.itch.io,,2026-05-31
https://ruanhanzzz.itch.io,,2026-05-31
https://celineh.itch.io,,2026-05-31
https://chimkin-studio.itch.io,,2026-05-31
https://justdying.itch.io,,2026-05-31
https://houseadducci.itch.io,,2026-05-31
https://ninjakal.itch.io,,2026-05-31
https://naughtyblonde.itch.io,,2026-05-31
https://anilsahin.itch.io,,2026-05-31
https://long-nose-bob.itch.io,,2026-05-31
https://alpelit.itch.io,,2026-05-31
https://zidrok.itch.io,,2026-05-31
https://mrgedmistakes.itch.io,,2026-05-31
https://sloperreal.itch.io,,2026-05-31
https://nethmi-n-wickramarathna.itch.io,,2026-05-31
https://erik-tvori.itch.io,,2026-05-31
https://rzphzz.itch.io,,2026-05-31
https://digitalsaccharine.itch.io,,2026-05-31
https://combatape.itch.io,,2026-05-31
https://jesus9109.itch.io,,2026-05-31
https://dvproductiob-games.itch.io,,2026-05-31
https://oyako.itch.io,,2026-05-31
https://raingoat.itch.io,,2026-05-31
https://jay-droid133.itch.io,,2026-05-31
https://mrpikachu339.itch.io,,2026-05-31
https://h4ki.itch.io,,2026-05-31
https://pig-farmer-component.itch.io,,2026-05-31
https://kevincha.itch.io,,2026-05-31
https://epicsdev.itch.io,,2026-05-31
https://olbailey.itch.io,,2026-05-31
https://jaron-sweder.itch.io,,2026-05-31
https://pixeals.itch.io,,2026-05-31
https://skyboard-games.itch.io,,2026-05-31
https://reklerj4y.itch.io,,2026-05-31
https://johnnyjohnjohnsonzip.itch.io,,2026-05-31
https://hassi06.itch.io,,2026-05-31
https://deelectrictroll.itch.io,,2026-05-31
https://gpenha.itch.io,,2026-05-31
https://salamiazul.itch.io,,2026-05-31
https://lovely-nightling.itch.io,,2026-05-31
https://iamsponk8778.itch.io,,2026-05-31
https://gustavoms11.itch.io,,2026-05-31
https://blucherry.itch.io,,2026-05-31
https://kidnamedvideogame.itch.io,,2026-05-31
https://hermione-07.itch.io,,2026-05-31
https://chewycryptid.itch.io,,2026-05-31
https://melonkiss.itch.io,,2026-05-31
https://vyneoline.itch.io,,2026-05-31
https://tinywar11.itch.io,,2026-05-31
https://justvoid13.itch.io,,2026-05-31
https://braziergames.itch.io,,2026-05-31
https://gathan.itch.io,,2026-05-31
https://reds-alive.itch.io,,2026-05-31
https://tetya-rasyaomon.itch.io,,2026-05-31
https://alexpucf.itch.io,,2026-05-31
https://2oldteam.itch.io,,2026-05-31
https://astra45801.itch.io,,2026-05-31
https://jhon-crow.itch.io,,2026-05-31
https://dan-nichols.itch.io,,2026-05-31
https://simiofdoom.itch.io,,2026-05-31
https://erik-nascimento.itch.io,,2026-05-31
https://ethan-pixel-asset.itch.io,,2026-05-31
https://dan202v.itch.io,,2026-05-31
https://zurryloves1stprize.itch.io,,2026-05-31
https://glukhov-mikhail.itch.io,,2026-05-31
https://sosiska19cm.itch.io,,2026-05-31
https://omok2.itch.io,,2026-05-31
https://bingothehornet-54321.itch.io,,2026-05-31
https://jojodadud.itch.io,,2026-05-31
https://sk-adarashu-gameslab.itch.io,,2026-05-31
https://hush-cult.itch.io,,2026-05-31
https://kinggpg.itch.io,,2026-05-31
https://bkstudiosvn.itch.io,,2026-05-31
https://mbenedict6294.itch.io,,2026-05-31
https://tomassilvaripa.itch.io,,2026-05-31
https://benobe-games.itch.io,,2026-05-31
https://nullmap.itch.io,,2026-05-31
https://slather1234.itch.io,,2026-05-31
https://beckgrah.itch.io,,2026-05-31
https://kiwi-milk.itch.io,,2026-05-31
https://minicraft-dev-team.itch.io,,2026-05-31
https://cercelus.itch.io,,2026-05-31
https://heymace.itch.io,,2026-05-31
https://wepi.itch.io,,2026-05-31
https://yourcountrycousin.itch.io,,2026-05-31
https://dioiswaifu.itch.io,,2026-05-31
https://outrimexpress.itch.io,,2026-05-31
https://vanecer.itch.io,,2026-05-31
https://theinfamousx.itch.io,,2026-05-31
https://amazonuniversity.itch.io,,2026-05-31
https://zenonl.itch.io,,2026-05-31
https://maybeiam-dev.itch.io,,2026-05-31
https://prop-hunt.itch.io,,2026-05-31
https://nelimia.itch.io,,2026-05-31
https://looxupadmin.itch.io,,2026-05-31
https://mizero-jeanpaul.itch.io,,2026-05-31
https://plantsandpixels.itch.io,,2026-05-31
https://nikodem8301-afk.itch.io,,2026-05-31
https://keynaya.itch.io,,2026-05-31
https://euyskuyyy.itch.io,,2026-05-31
https://brodymcbags.itch.io,,2026-05-31
https://deidrydry.itch.io,,2026-05-31
https://lesageducoin.itch.io,,2026-05-31
https://naeldigital.itch.io,,2026-05-31
https://texss.itch.io,,2026-05-31
https://mamarrachine.itch.io,,2026-05-31
https://louise-j.itch.io,,2026-05-31
https://koi-hub-agent.itch.io,,2026-05-31
https://classic11.itch.io,,2026-05-31
https://superslop.itch.io,,2026-05-31
https://alpercito.itch.io,,2026-05-31
https://trxspass.itch.io,,2026-05-31
https://hoowy33.itch.io,,2026-05-31
https://itzrys.itch.io,,2026-05-31
https://hoppy-hopscotch.itch.io,,2026-05-31
https://softreveriestudio.itch.io,,2026-05-31
https://ikokojin.itch.io,,2026-05-31
https://gxvenproductions.itch.io,,2026-05-31
https://isabellaanton.itch.io,,2026-05-31
https://yourlocaldandyandbaldifan.itch.io,,2026-05-31
https://student1-ai-academy.itch.io,,2026-05-31
https://oniray.itch.io,,2026-05-31
https://kevidevi.itch.io,,2026-05-31
https://simple-mafioso.itch.io,,2026-05-31
https://duvic-studio.itch.io,,2026-05-31
https://taskdommedev.itch.io,,2026-05-31
https://mahdiidev.itch.io,,2026-05-31
https://notdodobrief.itch.io,,2026-05-31
https://venatorangel.itch.io,,2026-05-31
https://gelate-chem.itch.io,,2026-05-31
https://moyalabs.itch.io,,2026-05-31
https://spedooker.itch.io,,2026-05-31
https://brightfuturezine.itch.io,,2026-05-31
https://dontsayhippo.itch.io,,2026-05-31
https://clock-gaming.itch.io,,2026-05-31
https://flowers-broders.itch.io,,2026-05-31
https://robodor.itch.io,,2026-05-31
https://ky1218.itch.io,,2026-05-31
https://jidohanbaikigames.itch.io,,2026-05-31
https://emarsuperstars.itch.io,,2026-05-31
https://damoo.itch.io,,2026-05-31
https://richa-arya.itch.io,,2026-05-31
https://andromedainteractive.itch.io,,2026-05-31
https://independentfish.itch.io,,2026-05-31
https://quantumfaultstack.itch.io,,2026-05-31
https://diamonddragon1985.itch.io,,2026-05-31
https://bitu-real.itch.io,,2026-05-31
https://viktorinyo.itch.io,,2026-05-31
https://davielle85.itch.io,,2026-05-31
https://akhlaaq-games.itch.io,,2026-05-31
https://toestick.itch.io,,2026-05-31
https://ghostodev.itch.io,,2026-05-31
https://elideveloper.itch.io,,2026-05-31
https://gyugyu86.itch.io,,2026-05-31
https://jxzzzzy.itch.io,,2026-05-31
https://kair1s.itch.io,,2026-05-31
https://pror2d2.itch.io,,2026-05-31
https://itchstonactoc.itch.io,,2026-05-31
https://southcarolinay6.itch.io,,2026-05-31
https://cmong.itch.io,,2026-05-31
https://mths-owings.itch.io,,2026-05-31
https://rnrjack.itch.io,,2026-05-31
https://gabriela-sosa.itch.io,,2026-05-31
https://celeste-b.itch.io,,2026-05-31
https://ivanjoson.itch.io,,2026-05-31
https://cafe0312.itch.io,,2026-05-31
https://tifawasright-ling.itch.io,,2026-05-31
https://ogglesnob.itch.io,,2026-05-31
https://sairene.itch.io,,2026-05-31
https://for1a1m.itch.io,,2026-05-31
https://duo-rr.itch.io,,2026-05-31
https://monkeystudiosdeveloper.itch.io,,2026-05-31
https://desmond99.itch.io,,2026-05-31
https://adolfo-new.itch.io,,2026-05-31
https://loppor55.itch.io,,2026-05-31
https://natluz044.itch.io,,2026-05-31
https://ohgash.itch.io,,2026-05-31
https://forestandskydetectives.itch.io,,2026-05-31
https://senarsigma.itch.io,,2026-05-31
https://python-ball.itch.io,,2026-05-31
https://melvinoffical2026.itch.io,,2026-05-31
https://sospechoso-n6n.itch.io,,2026-05-31
https://spoiled-m-i-l-k.itch.io,,2026-05-31
https://lalchimistabeone.itch.io,,2026-05-31
https://boilerseal.itch.io,,2026-05-31
https://neersoni.itch.io,,2026-05-31
https://reactivvibeaigmailcom.itch.io,,2026-05-31
https://vikasgame.itch.io,,2026-05-31
https://zacharyvr.itch.io,,2026-05-31
https://oliverf-art.itch.io,,2026-05-31
https://witchonbreak.itch.io,,2026-05-31
https://tk421planetepochcom.itch.io,,2026-05-31
https://bytepulse.itch.io,,2026-05-31
https://toragames.itch.io,,2026-05-31
https://bloomali.itch.io,,2026-05-31
https://etjt.itch.io,,2026-05-31
https://gibajafre.itch.io,,2026-05-31
https://abyssab.itch.io,,2026-05-31
https://arkas099.itch.io,,2026-05-31
https://arbchopper.itch.io,,2026-05-31
https://bigmacj1.itch.io,,2026-05-31
https://mecha-sheepz.itch.io,,2026-05-31
https://renatopessego.itch.io,,2026-05-31
https://soccermaster.itch.io,,2026-05-31
https://kontar-billy.itch.io,,2026-05-31
https://silvertagstudio.itch.io,,2026-05-31
https://nandayogi.itch.io,,2026-05-31
https://paul-24.itch.io,,2026-05-31
https://marinar19.itch.io,,2026-05-31
https://wooodyeltieb.itch.io,,2026-05-31
https://yjws570.itch.io,,2026-05-31
https://old-gorilla-tag.itch.io,,2026-05-31
https://magikkdev.itch.io,,2026-05-31
https://julietintheuniverse.itch.io,,2026-05-31
https://kp0320.itch.io,,2026-05-31
https://matias55525.itch.io,,2026-05-31
https://aurnhammer.itch.io,,2026-05-31
https://aseme1312.itch.io,,2026-05-31
https://tejmujin.itch.io,,2026-05-31
https://vladyslav1998.itch.io,,2026-05-31
https://novyx86543.itch.io,,2026-05-31
https://jayaye.itch.io,,2026-05-31
https://s-nut.itch.io,,2026-05-31
https://funwoodymn.itch.io,,2026-05-31
https://zalo116.itch.io,,2026-05-31
https://oldsoul05.itch.io,,2026-05-31
https://joshy-boyz.itch.io,,2026-05-31
https://garrieee.itch.io,,2026-05-31
https://mbeam.itch.io,,2026-05-31
https://skuggspel.itch.io,,2026-05-31
https://koboldkingdpublishing.itch.io,,2026-05-31
https://clawzstudios.itch.io,,2026-05-31
https://ahmed-eid.itch.io,,2026-05-31
https://bushido-legend.itch.io,,2026-05-31
https://orochx.itch.io,,2026-05-31
https://fredandferd.itch.io,,2026-05-31
https://asmstudio.itch.io,,2026-05-31
https://hvsnashrimp.itch.io,,2026-05-31
https://fodderpop.itch.io,,2026-05-31
https://null-entertainment.itch.io,,2026-05-31
https://tissuesii.itch.io,,2026-05-31
https://choppygames.itch.io,,2026-05-31
https://laurenv3.itch.io,,2026-05-31
https://bellaromeo.itch.io,,2026-05-31
https://mlencse.itch.io,,2026-05-31
https://sunnies-alt.itch.io,,2026-05-31
https://vladickusiks.itch.io,,2026-05-31
https://hollowloaf.itch.io,,2026-05-31
https://ninjaraccoon88.itch.io,,2026-05-31
https://chusitox.itch.io,,2026-05-31
https://bocky4.itch.io,,2026-05-31
https://alter-game.itch.io,,2026-05-31
https://sebastianvs.itch.io,,2026-05-31
https://brainidle.itch.io,,2026-05-31
https://7dsgames.itch.io,,2026-05-31
https://spacetraintycoon.itch.io,,2026-05-31
https://silly-sagewasheresbackup.itch.io,,2026-05-31
https://cupcake830.itch.io,,2026-05-31
https://bricktherick.itch.io,,2026-05-31
https://xamee.itch.io,,2026-05-31
https://mikeyank.itch.io,,2026-05-31
https://arizonagamedev.itch.io,,2026-05-31
https://txkizxwx.itch.io,,2026-05-31
https://margaridalopes.itch.io,,2026-05-31
https://megaglope.itch.io,,2026-05-31
https://lilmoja1.itch.io,,2026-05-31
https://wizardialol.itch.io,,2026-05-31
https://gessicabarth.itch.io,,2026-05-31
https://seb0uu.itch.io,,2026-05-31
https://jo-codespace.itch.io,,2026-05-31
https://delfalco.itch.io,,2026-05-31
https://chevtones.itch.io,,2026-05-31
https://qochai.itch.io,,2026-05-31
https://project-long-nose-monkey.itch.io,,2026-05-31
https://zherian.itch.io,,2026-05-31
https://ab-software.itch.io,,2026-05-31
https://crushforce.itch.io,,2026-05-31
https://dracodec4.itch.io,,2026-05-31
https://playmorecollective.itch.io,,2026-05-31
https://funilly.itch.io,,2026-05-31
https://guynamedjaylen.itch.io,,2026-05-31
https://stormzoneio.itch.io,,2026-05-31
https://dicemind.itch.io,,2026-05-31
https://hernancorteshc.itch.io,,2026-05-31
https://pranavmudaliar-28.itch.io,,2026-05-31
https://eqpay.itch.io,,2026-05-31
https://edvardcamish.itch.io,,2026-05-31
https://kerrito.itch.io,,2026-05-31
https://tzyuuuuu.itch.io,,2026-05-31
https://robocode-pb.itch.io,,2026-05-31
https://reniiwis.itch.io,,2026-05-31
https://natsume0207.itch.io,,2026-05-31
https://jay-uerzz.itch.io,,2026-05-31
https://jomtien.itch.io,,2026-05-31
https://sunburstsoundlab.itch.io,,2026-05-31
https://sinforge-studio.itch.io,,2026-05-31
https://ynsko.itch.io,,2026-05-31
https://tornadochicken.itch.io,,2026-05-31
https://bas-van-zweden.itch.io,,2026-05-31
https://davecook.itch.io,,2026-05-31
https://huyajared-creator.itch.io,,2026-05-31
https://scriptedinterface.itch.io,,2026-05-31
https://iamvile26.itch.io,,2026-05-31
https://grandetoile-dev.itch.io,,2026-05-31
https://lackinator.itch.io,,2026-05-31
https://onagaba.itch.io,,2026-05-31
https://shadowcraft-ui.itch.io,,2026-05-31
https://kokosowiec006.itch.io,,2026-05-31
https://mario-odyssey.itch.io,,2026-05-31
https://galaxydevspace.itch.io,,2026-05-31
https://jetjux.itch.io,,2026-05-31
https://chinbat030405.itch.io,,2026-05-31
https://cybersouls-foundation.itch.io,,2026-05-31
https://glorius-silver.itch.io,,2026-05-31
https://smliberator.itch.io,,2026-05-31
https://artware-studio.itch.io,,2026-05-31
https://joelrhunt.itch.io,,2026-05-31
https://lmntn.itch.io,,2026-05-31
https://casualnothing.itch.io,,2026-05-31
https://huntryce.itch.io,,2026-05-31
https://stolenfires.itch.io,,2026-05-31
https://hiddenwizard.itch.io,,2026-05-31
https://funpocalyptic.itch.io,,2026-05-31
https://nero-soares.itch.io,,2026-05-31
https://viktor-vs-ua.itch.io,,2026-05-31
https://twerl.itch.io,,2026-05-31
https://ahchay.itch.io,,2026-05-31
https://moonlitsailor.itch.io,,2026-05-31
https://dork89.itch.io,,2026-05-31
https://shinryoo.itch.io,,2026-05-31
https://nocturnal-designs.itch.io,,2026-05-31
https://luisotravez.itch.io,,2026-05-31
https://leccalinn.itch.io,,2026-05-31
https://bukibarak.itch.io,,2026-05-31
https://anonymousfloof.itch.io,,2026-05-31
https://jorgesaw.itch.io,,2026-05-31
https://nebonox.itch.io,,2026-05-31
https://magma777.itch.io,,2026-05-31
https://riversidecampfire.itch.io,,2026-05-31
https://rarecandyperson.itch.io,,2026-05-31
https://kjrac.itch.io,,2026-05-31
https://hunter-art.itch.io,,2026-05-31
https://jinxadnix.itch.io,,2026-05-31
https://jacobteach.itch.io,,2026-05-31
https://snowycliffs.itch.io,,2026-05-31
https://ludwig0451.itch.io,,2026-05-31
https://derangedswordlet.itch.io,,2026-05-31
https://paintedlycaon.itch.io,,2026-05-31
https://eleven01software.itch.io,,2026-05-31
https://davdevgame.itch.io,,2026-05-31
https://sjolly75.itch.io,,2026-05-31
https://aqua-the-content-creator.itch.io,,2026-05-31
https://kumiko-wan.itch.io,,2026-05-31
https://duckgame25.itch.io,,2026-05-31
https://sober13666.itch.io,,2026-05-31
https://nuntiusnivis.itch.io,,2026-05-31
https://ieswiftly.itch.io,,2026-05-31
https://paytonmurdockdukoa.itch.io,,2026-05-31
https://tsuururun.itch.io,,2026-05-31
https://defaultcapsule.itch.io,,2026-05-31
https://babeko.itch.io,,2026-05-31
https://drakovs.itch.io,,2026-05-31
https://5999pulemps.itch.io,,2026-05-31
https://gu1l3rm3.itch.io,,2026-05-31
https://iscru.itch.io,,2026-05-31
https://heroesscriptoriumdev.itch.io,,2026-05-31
https://ravioli-studios.itch.io,,2026-05-31
